fips,name,state,county
0,UNITED STATES,,united states
1000,ALABAMA,,alabama
1001,Autauga County,AL,autauga county
1003,Baldwin County,AL,baldwin county
1005,Barbour County,AL,barbour county
1007,Bibb County,AL,bibb county
1009,Blount County,AL,blount county
1011,Bullock County,AL,bullock county
1013,Butler County,AL,butler county
1015,Calhoun County,AL,calhoun county
1017,Chambers County,AL,chambers county
1019,Cherokee County,AL,cherokee county
1021,Chilton County,AL,chilton county
1023,Choctaw County,AL,choctaw county
1025,Clarke County,AL,clarke county
1027,Clay County,AL,clay county
1029,Cleburne County,AL,cleburne county
1031,Coffee County,AL,coffee county
1033,Colbert County,AL,colbert county
1035,Conecuh County,AL,conecuh county
1037,Coosa County,AL,coosa county
1039,Covington County,AL,covington county
1041,Crenshaw County,AL,crenshaw county
1043,Cullman County,AL,cullman county
1045,Dale County,AL,dale county
1047,Dallas County,AL,dallas county
1049,DeKalb County,AL,dekalb county
1051,Elmore County,AL,elmore county
1053,Escambia County,AL,escambia county
1055,Etowah County,AL,etowah county
1057,Fayette County,AL,fayette county
1059,Franklin County,AL,franklin county
1061,Geneva County,AL,geneva county
1063,Greene County,AL,greene county
1065,Hale County,AL,hale county
1067,Henry County,AL,henry county
1069,Houston County,AL,houston county
1071,Jackson County,AL,jackson county
1073,Jefferson County,AL,jefferson county
1075,Lamar County,AL,lamar county
1077,Lauderdale County,AL,lauderdale county
1079,Lawrence County,AL,lawrence county
1081,Lee County,AL,lee county
1083,Limestone County,AL,limestone county
1085,Lowndes County,AL,lowndes county
1087,Macon County,AL,macon county
1089,Madison County,AL,madison county
1091,Marengo County,AL,marengo county
1093,Marion County,AL,marion county
1095,Marshall County,AL,marshall county
1097,Mobile County,AL,mobile county
1099,Monroe County,AL,monroe county
1101,Montgomery County,AL,montgomery county
1103,Morgan County,AL,morgan county
1105,Perry County,AL,perry county
1107,Pickens County,AL,pickens county
1109,Pike County,AL,pike county
1111,Randolph County,AL,randolph county
1113,Russell County,AL,russell county
1115,St. Clair County,AL,st. clair county
1117,Shelby County,AL,shelby county
1119,Sumter County,AL,sumter county
1121,Talladega County,AL,talladega county
1123,Tallapoosa County,AL,tallapoosa county
1125,Tuscaloosa County,AL,tuscaloosa county
1127,Walker County,AL,walker county
1129,Washington County,AL,washington county
1131,Wilcox County,AL,wilcox county
1133,Winston County,AL,winston county
2000,ALASKA,,alaska
2013,Aleutians East Borough,AK,aleutians east borough
2016,Aleutians West Census Area,AK,aleutians west census area
2020,Anchorage Municipality,AK,anchorage municipality
2050,Bethel Census Area,AK,bethel census area
2060,Bristol Bay Borough,AK,bristol bay borough
2068,Denali Borough,AK,denali borough
2070,Dillingham Census Area,AK,dillingham census area
2090,Fairbanks North Star Borough,AK,fairbanks north star borough
2100,Haines Borough,AK,haines borough
2105,Hoonah-Angoon Census Area,AK,hoonah-angoon census area
2110,Juneau City and Borough,AK,juneau city and borough
2122,Kenai Peninsula Borough,AK,kenai peninsula borough
2130,Ketchikan Gateway Borough,AK,ketchikan gateway borough
2150,Kodiak Island Borough,AK,kodiak island borough
2164,Lake and Peninsula Borough,AK,lake and peninsula borough
2170,Matanuska-Susitna Borough,AK,matanuska-susitna borough
2180,Nome Census Area,AK,nome census area
2185,North Slope Borough,AK,north slope borough
2188,Northwest Arctic Borough,AK,northwest arctic borough
2195,Petersburg Borough,AK,petersburg borough
2198,Prince of Wales-Hyder Census Area,AK,prince of wales-hyder census area
2220,Sitka City and Borough,AK,sitka city and borough
2230,Skagway Municipality,AK,skagway municipality
2240,Southeast Fairbanks Census Area,AK,southeast fairbanks census area
2261,Valdez-Cordova Census Area,AK,valdez-cordova census area
2270,Wade Hampton Census Area,AK,wade hampton census area
2275,Wrangell City and Borough,AK,wrangell city and borough
2282,Yakutat City and Borough,AK,yakutat city and borough
2290,Yukon-Koyukuk Census Area,AK,yukon-koyukuk census area
4000,ARIZONA,,arizona
4001,Apache County,AZ,apache county
4003,Cochise County,AZ,cochise county
4005,Coconino County,AZ,coconino county
4007,Gila County,AZ,gila county
4009,Graham County,AZ,graham county
4011,Greenlee County,AZ,greenlee county
4012,La Paz County,AZ,la paz county
4013,Maricopa County,AZ,maricopa county
4015,Mohave County,AZ,mohave county
4017,Navajo County,AZ,navajo county
4019,Pima County,AZ,pima county
4021,Pinal County,AZ,pinal county
4023,Santa Cruz County,AZ,santa cruz county
4025,Yavapai County,AZ,yavapai county
4027,Yuma County,AZ,yuma county
5000,ARKANSAS,,arkansas
5001,Arkansas County,AR,arkansas county
5003,Ashley County,AR,ashley county
5005,Baxter County,AR,baxter county
5007,Benton County,AR,benton county
5009,Boone County,AR,boone county
5011,Bradley County,AR,bradley county
5013,Calhoun County,AR,calhoun county
5015,Carroll County,AR,carroll county
5017,Chicot County,AR,chicot county
5019,Clark County,AR,clark county
5021,Clay County,AR,clay county
5023,Cleburne County,AR,cleburne county
5025,Cleveland County,AR,cleveland county
5027,Columbia County,AR,columbia county
5029,Conway County,AR,conway county
5031,Craighead County,AR,craighead county
5033,Crawford County,AR,crawford county
5035,Crittenden County,AR,crittenden county
5037,Cross County,AR,cross county
5039,Dallas County,AR,dallas county
5041,Desha County,AR,desha county
5043,Drew County,AR,drew county
5045,Faulkner County,AR,faulkner county
5047,Franklin County,AR,franklin county
5049,Fulton County,AR,fulton county
5051,Garland County,AR,garland county
5053,Grant County,AR,grant county
5055,Greene County,AR,greene county
5057,Hempstead County,AR,hempstead county
5059,Hot Spring County,AR,hot spring county
5061,Howard County,AR,howard county
5063,Independence County,AR,independence county
5065,Izard County,AR,izard county
5067,Jackson County,AR,jackson county
5069,Jefferson County,AR,jefferson county
5071,Johnson County,AR,johnson county
5073,Lafayette County,AR,lafayette county
5075,Lawrence County,AR,lawrence county
5077,Lee County,AR,lee county
5079,Lincoln County,AR,lincoln county
5081,Little River County,AR,little river county
5083,Logan County,AR,logan county
5085,Lonoke County,AR,lonoke county
5087,Madison County,AR,madison county
5089,Marion County,AR,marion county
5091,Miller County,AR,miller county
5093,Mississippi County,AR,mississippi county
5095,Monroe County,AR,monroe county
5097,Montgomery County,AR,montgomery county
5099,Nevada County,AR,nevada county
5101,Newton County,AR,newton county
5103,Ouachita County,AR,ouachita county
5105,Perry County,AR,perry county
5107,Phillips County,AR,phillips county
5109,Pike County,AR,pike county
5111,Poinsett County,AR,poinsett county
5113,Polk County,AR,polk county
5115,Pope County,AR,pope county
5117,Prairie County,AR,prairie county
5119,Pulaski County,AR,pulaski county
5121,Randolph County,AR,randolph county
5123,St. Francis County,AR,st. francis county
5125,Saline County,AR,saline county
5127,Scott County,AR,scott county
5129,Searcy County,AR,searcy county
5131,Sebastian County,AR,sebastian county
5133,Sevier County,AR,sevier county
5135,Sharp County,AR,sharp county
5137,Stone County,AR,stone county
5139,Union County,AR,union county
5141,Van Buren County,AR,van buren county
5143,Washington County,AR,washington county
5145,White County,AR,white county
5147,Woodruff County,AR,woodruff county
5149,Yell County,AR,yell county
6000,CALIFORNIA,,california
6001,Alameda County,CA,alameda county
6003,Alpine County,CA,alpine county
6005,Amador County,CA,amador county
6007,Butte County,CA,butte county
6009,Calaveras County,CA,calaveras county
6011,Colusa County,CA,colusa county
6013,Contra Costa County,CA,contra costa county
6015,Del Norte County,CA,del norte county
6017,El Dorado County,CA,el dorado county
6019,Fresno County,CA,fresno county
6021,Glenn County,CA,glenn county
6023,Humboldt County,CA,humboldt county
6025,Imperial County,CA,imperial county
6027,Inyo County,CA,inyo county
6029,Kern County,CA,kern county
6031,Kings County,CA,kings county
6033,Lake County,CA,lake county
6035,Lassen County,CA,lassen county
6037,Los Angeles County,CA,los angeles county
6039,Madera County,CA,madera county
6041,Marin County,CA,marin county
6043,Mariposa County,CA,mariposa county
6045,Mendocino County,CA,mendocino county
6047,Merced County,CA,merced county
6049,Modoc County,CA,modoc county
6051,Mono County,CA,mono county
6053,Monterey County,CA,monterey county
6055,Napa County,CA,napa county
6057,Nevada County,CA,nevada county
6059,Orange County,CA,orange county
6061,Placer County,CA,placer county
6063,Plumas County,CA,plumas county
6065,Riverside County,CA,riverside county
6067,Sacramento County,CA,sacramento county
6069,San Benito County,CA,san benito county
6071,San Bernardino County,CA,san bernardino county
6073,San Diego County,CA,san diego county
6075,San Francisco County,CA,san francisco county
6077,San Joaquin County,CA,san joaquin county
6079,San Luis Obispo County,CA,san luis obispo county
6081,San Mateo County,CA,san mateo county
6083,Santa Barbara County,CA,santa barbara county
6085,Santa Clara County,CA,santa clara county
6087,Santa Cruz County,CA,santa cruz county
6089,Shasta County,CA,shasta county
6091,Sierra County,CA,sierra county
6093,Siskiyou County,CA,siskiyou county
6095,Solano County,CA,solano county
6097,Sonoma County,CA,sonoma county
6099,Stanislaus County,CA,stanislaus county
6101,Sutter County,CA,sutter county
6103,Tehama County,CA,tehama county
6105,Trinity County,CA,trinity county
6107,Tulare County,CA,tulare county
6109,Tuolumne County,CA,tuolumne county
6111,Ventura County,CA,ventura county
6113,Yolo County,CA,yolo county
6115,Yuba County,CA,yuba county
8000,COLORADO,,colorado
8001,Adams County,CO,adams county
8003,Alamosa County,CO,alamosa county
8005,Arapahoe County,CO,arapahoe county
8007,Archuleta County,CO,archuleta county
8009,Baca County,CO,baca county
8011,Bent County,CO,bent county
8013,Boulder County,CO,boulder county
8014,Broomfield County,CO,broomfield county
8015,Chaffee County,CO,chaffee county
8017,Cheyenne County,CO,cheyenne county
8019,Clear Creek County,CO,clear creek county
8021,Conejos County,CO,conejos county
8023,Costilla County,CO,costilla county
8025,Crowley County,CO,crowley county
8027,Custer County,CO,custer county
8029,Delta County,CO,delta county
8031,Denver County,CO,denver county
8033,Dolores County,CO,dolores county
8035,Douglas County,CO,douglas county
8037,Eagle County,CO,eagle county
8039,Elbert County,CO,elbert county
8041,El Paso County,CO,el paso county
8043,Fremont County,CO,fremont county
8045,Garfield County,CO,garfield county
8047,Gilpin County,CO,gilpin county
8049,Grand County,CO,grand county
8051,Gunnison County,CO,gunnison county
8053,Hinsdale County,CO,hinsdale county
8055,Huerfano County,CO,huerfano county
8057,Jackson County,CO,jackson county
8059,Jefferson County,CO,jefferson county
8061,Kiowa County,CO,kiowa county
8063,Kit Carson County,CO,kit carson county
8065,Lake County,CO,lake county
8067,La Plata County,CO,la plata county
8069,Larimer County,CO,larimer county
8071,Las Animas County,CO,las animas county
8073,Lincoln County,CO,lincoln county
8075,Logan County,CO,logan county
8077,Mesa County,CO,mesa county
8079,Mineral County,CO,mineral county
8081,Moffat County,CO,moffat county
8083,Montezuma County,CO,montezuma county
8085,Montrose County,CO,montrose county
8087,Morgan County,CO,morgan county
8089,Otero County,CO,otero county
8091,Ouray County,CO,ouray county
8093,Park County,CO,park county
8095,Phillips County,CO,phillips county
8097,Pitkin County,CO,pitkin county
8099,Prowers County,CO,prowers county
8101,Pueblo County,CO,pueblo county
8103,Rio Blanco County,CO,rio blanco county
8105,Rio Grande County,CO,rio grande county
8107,Routt County,CO,routt county
8109,Saguache County,CO,saguache county
8111,San Juan County,CO,san juan county
8113,San Miguel County,CO,san miguel county
8115,Sedgwick County,CO,sedgwick county
8117,Summit County,CO,summit county
8119,Teller County,CO,teller county
8121,Washington County,CO,washington county
8123,Weld County,CO,weld county
8125,Yuma County,CO,yuma county
9000,CONNECTICUT,,connecticut
9001,Fairfield County,CT,fairfield county
9003,Hartford County,CT,hartford county
9005,Litchfield County,CT,litchfield county
9007,Middlesex County,CT,middlesex county
9009,New Haven County,CT,new haven county
9011,New London County,CT,new london county
9013,Tolland County,CT,tolland county
9015,Windham County,CT,windham county
10000,DELAWARE,,delaware
10001,Kent County,DE,kent county
10003,New Castle County,DE,new castle county
10005,Sussex County,DE,sussex county
11000,DISTRICT OF COLUMBIA,,district of columbia
11001,District of Columbia,DC,district of columbia
12000,FLORIDA,,florida
12001,Alachua County,FL,alachua county
12003,Baker County,FL,baker county
12005,Bay County,FL,bay county
12007,Bradford County,FL,bradford county
12009,Brevard County,FL,brevard county
12011,Broward County,FL,broward county
12013,Calhoun County,FL,calhoun county
12015,Charlotte County,FL,charlotte county
12017,Citrus County,FL,citrus county
12019,Clay County,FL,clay county
12021,Collier County,FL,collier county
12023,Columbia County,FL,columbia county
12027,DeSoto County,FL,desoto county
12029,Dixie County,FL,dixie county
12031,Duval County,FL,duval county
12033,Escambia County,FL,escambia county
12035,Flagler County,FL,flagler county
12037,Franklin County,FL,franklin county
12039,Gadsden County,FL,gadsden county
12041,Gilchrist County,FL,gilchrist county
12043,Glades County,FL,glades county
12045,Gulf County,FL,gulf county
12047,Hamilton County,FL,hamilton county
12049,Hardee County,FL,hardee county
12051,Hendry County,FL,hendry county
12053,Hernando County,FL,hernando county
12055,Highlands County,FL,highlands county
12057,Hillsborough County,FL,hillsborough county
12059,Holmes County,FL,holmes county
12061,Indian River County,FL,indian river county
12063,Jackson County,FL,jackson county
12065,Jefferson County,FL,jefferson county
12067,Lafayette County,FL,lafayette county
12069,Lake County,FL,lake county
12071,Lee County,FL,lee county
12073,Leon County,FL,leon county
12075,Levy County,FL,levy county
12077,Liberty County,FL,liberty county
12079,Madison County,FL,madison county
12081,Manatee County,FL,manatee county
12083,Marion County,FL,marion county
12085,Martin County,FL,martin county
12086,Miami-Dade County,FL,miami-dade county
12087,Monroe County,FL,monroe county
12089,Nassau County,FL,nassau county
12091,Okaloosa County,FL,okaloosa county
12093,Okeechobee County,FL,okeechobee county
12095,Orange County,FL,orange county
12097,Osceola County,FL,osceola county
12099,Palm Beach County,FL,palm beach county
12101,Pasco County,FL,pasco county
12103,Pinellas County,FL,pinellas county
12105,Polk County,FL,polk county
12107,Putnam County,FL,putnam county
12109,St. Johns County,FL,st. johns county
12111,St. Lucie County,FL,st. lucie county
12113,Santa Rosa County,FL,santa rosa county
12115,Sarasota County,FL,sarasota county
12117,Seminole County,FL,seminole county
12119,Sumter County,FL,sumter county
12121,Suwannee County,FL,suwannee county
12123,Taylor County,FL,taylor county
12125,Union County,FL,union county
12127,Volusia County,FL,volusia county
12129,Wakulla County,FL,wakulla county
12131,Walton County,FL,walton county
12133,Washington County,FL,washington county
13000,GEORGIA,,georgia
13001,Appling County,GA,appling county
13003,Atkinson County,GA,atkinson county
13005,Bacon County,GA,bacon county
13007,Baker County,GA,baker county
13009,Baldwin County,GA,baldwin county
13011,Banks County,GA,banks county
13013,Barrow County,GA,barrow county
13015,Bartow County,GA,bartow county
13017,Ben Hill County,GA,ben hill county
13019,Berrien County,GA,berrien county
13021,Bibb County,GA,bibb county
13023,Bleckley County,GA,bleckley county
13025,Brantley County,GA,brantley county
13027,Brooks County,GA,brooks county
13029,Bryan County,GA,bryan county
13031,Bulloch County,GA,bulloch county
13033,Burke County,GA,burke county
13035,Butts County,GA,butts county
13037,Calhoun County,GA,calhoun county
13039,Camden County,GA,camden county
13043,Candler County,GA,candler county
13045,Carroll County,GA,carroll county
13047,Catoosa County,GA,catoosa county
13049,Charlton County,GA,charlton county
13051,Chatham County,GA,chatham county
13053,Chattahoochee County,GA,chattahoochee county
13055,Chattooga County,GA,chattooga county
13057,Cherokee County,GA,cherokee county
13059,Clarke County,GA,clarke county
13061,Clay County,GA,clay county
13063,Clayton County,GA,clayton county
13065,Clinch County,GA,clinch county
13067,Cobb County,GA,cobb county
13069,Coffee County,GA,coffee county
13071,Colquitt County,GA,colquitt county
13073,Columbia County,GA,columbia county
13075,Cook County,GA,cook county
13077,Coweta County,GA,coweta county
13079,Crawford County,GA,crawford county
13081,Crisp County,GA,crisp county
13083,Dade County,GA,dade county
13085,Dawson County,GA,dawson county
13087,Decatur County,GA,decatur county
13089,DeKalb County,GA,dekalb county
13091,Dodge County,GA,dodge county
13093,Dooly County,GA,dooly county
13095,Dougherty County,GA,dougherty county
13097,Douglas County,GA,douglas county
13099,Early County,GA,early county
13101,Echols County,GA,echols county
13103,Effingham County,GA,effingham county
13105,Elbert County,GA,elbert county
13107,Emanuel County,GA,emanuel county
13109,Evans County,GA,evans county
13111,Fannin County,GA,fannin county
13113,Fayette County,GA,fayette county
13115,Floyd County,GA,floyd county
13117,Forsyth County,GA,forsyth county
13119,Franklin County,GA,franklin county
13121,Fulton County,GA,fulton county
13123,Gilmer County,GA,gilmer county
13125,Glascock County,GA,glascock county
13127,Glynn County,GA,glynn county
13129,Gordon County,GA,gordon county
13131,Grady County,GA,grady county
13133,Greene County,GA,greene county
13135,Gwinnett County,GA,gwinnett county
13137,Habersham County,GA,habersham county
13139,Hall County,GA,hall county
13141,Hancock County,GA,hancock county
13143,Haralson County,GA,haralson county
13145,Harris County,GA,harris county
13147,Hart County,GA,hart county
13149,Heard County,GA,heard county
13151,Henry County,GA,henry county
13153,Houston County,GA,houston county
13155,Irwin County,GA,irwin county
13157,Jackson County,GA,jackson county
13159,Jasper County,GA,jasper county
13161,Jeff Davis County,GA,jeff davis county
13163,Jefferson County,GA,jefferson county
13165,Jenkins County,GA,jenkins county
13167,Johnson County,GA,johnson county
13169,Jones County,GA,jones county
13171,Lamar County,GA,lamar county
13173,Lanier County,GA,lanier county
13175,Laurens County,GA,laurens county
13177,Lee County,GA,lee county
13179,Liberty County,GA,liberty county
13181,Lincoln County,GA,lincoln county
13183,Long County,GA,long county
13185,Lowndes County,GA,lowndes county
13187,Lumpkin County,GA,lumpkin county
13189,McDuffie County,GA,mcduffie county
13191,McIntosh County,GA,mcintosh county
13193,Macon County,GA,macon county
13195,Madison County,GA,madison county
13197,Marion County,GA,marion county
13199,Meriwether County,GA,meriwether county
13201,Miller County,GA,miller county
13205,Mitchell County,GA,mitchell county
13207,Monroe County,GA,monroe county
13209,Montgomery County,GA,montgomery county
13211,Morgan County,GA,morgan county
13213,Murray County,GA,murray county
13215,Muscogee County,GA,muscogee county
13217,Newton County,GA,newton county
13219,Oconee County,GA,oconee county
13221,Oglethorpe County,GA,oglethorpe county
13223,Paulding County,GA,paulding county
13225,Peach County,GA,peach county
13227,Pickens County,GA,pickens county
13229,Pierce County,GA,pierce county
13231,Pike County,GA,pike county
13233,Polk County,GA,polk county
13235,Pulaski County,GA,pulaski county
13237,Putnam County,GA,putnam county
13239,Quitman County,GA,quitman county
13241,Rabun County,GA,rabun county
13243,Randolph County,GA,randolph county
13245,Richmond County,GA,richmond county
13247,Rockdale County,GA,rockdale county
13249,Schley County,GA,schley county
13251,Screven County,GA,screven county
13253,Seminole County,GA,seminole county
13255,Spalding County,GA,spalding county
13257,Stephens County,GA,stephens county
13259,Stewart County,GA,stewart county
13261,Sumter County,GA,sumter county
13263,Talbot County,GA,talbot county
13265,Taliaferro County,GA,taliaferro county
13267,Tattnall County,GA,tattnall county
13269,Taylor County,GA,taylor county
13271,Telfair County,GA,telfair county
13273,Terrell County,GA,terrell county
13275,Thomas County,GA,thomas county
13277,Tift County,GA,tift county
13279,Toombs County,GA,toombs county
13281,Towns County,GA,towns county
13283,Treutlen County,GA,treutlen county
13285,Troup County,GA,troup county
13287,Turner County,GA,turner county
13289,Twiggs County,GA,twiggs county
13291,Union County,GA,union county
13293,Upson County,GA,upson county
13295,Walker County,GA,walker county
13297,Walton County,GA,walton county
13299,Ware County,GA,ware county
13301,Warren County,GA,warren county
13303,Washington County,GA,washington county
13305,Wayne County,GA,wayne county
13307,Webster County,GA,webster county
13309,Wheeler County,GA,wheeler county
13311,White County,GA,white county
13313,Whitfield County,GA,whitfield county
13315,Wilcox County,GA,wilcox county
13317,Wilkes County,GA,wilkes county
13319,Wilkinson County,GA,wilkinson county
13321,Worth County,GA,worth county
15000,HAWAII,,hawaii
15001,Hawaii County,HI,hawaii county
15003,Honolulu County,HI,honolulu county
15005,Kalawao County,HI,kalawao county
15007,Kauai County,HI,kauai county
15009,Maui County,HI,maui county
16000,IDAHO,,idaho
16001,Ada County,ID,ada county
16003,Adams County,ID,adams county
16005,Bannock County,ID,bannock county
16007,Bear Lake County,ID,bear lake county
16009,Benewah County,ID,benewah county
16011,Bingham County,ID,bingham county
16013,Blaine County,ID,blaine county
16015,Boise County,ID,boise county
16017,Bonner County,ID,bonner county
16019,Bonneville County,ID,bonneville county
16021,Boundary County,ID,boundary county
16023,Butte County,ID,butte county
16025,Camas County,ID,camas county
16027,Canyon County,ID,canyon county
16029,Caribou County,ID,caribou county
16031,Cassia County,ID,cassia county
16033,Clark County,ID,clark county
16035,Clearwater County,ID,clearwater county
16037,Custer County,ID,custer county
16039,Elmore County,ID,elmore county
16041,Franklin County,ID,franklin county
16043,Fremont County,ID,fremont county
16045,Gem County,ID,gem county
16047,Gooding County,ID,gooding county
16049,Idaho County,ID,idaho county
16051,Jefferson County,ID,jefferson county
16053,Jerome County,ID,jerome county
16055,Kootenai County,ID,kootenai county
16057,Latah County,ID,latah county
16059,Lemhi County,ID,lemhi county
16061,Lewis County,ID,lewis county
16063,Lincoln County,ID,lincoln county
16065,Madison County,ID,madison county
16067,Minidoka County,ID,minidoka county
16069,Nez Perce County,ID,nez perce county
16071,Oneida County,ID,oneida county
16073,Owyhee County,ID,owyhee county
16075,Payette County,ID,payette county
16077,Power County,ID,power county
16079,Shoshone County,ID,shoshone county
16081,Teton County,ID,teton county
16083,Twin Falls County,ID,twin falls county
16085,Valley County,ID,valley county
16087,Washington County,ID,washington county
17000,ILLINOIS,,illinois
17001,Adams County,IL,adams county
17003,Alexander County,IL,alexander county
17005,Bond County,IL,bond county
17007,Boone County,IL,boone county
17009,Brown County,IL,brown county
17011,Bureau County,IL,bureau county
17013,Calhoun County,IL,calhoun county
17015,Carroll County,IL,carroll county
17017,Cass County,IL,cass county
17019,Champaign County,IL,champaign county
17021,Christian County,IL,christian county
17023,Clark County,IL,clark county
17025,Clay County,IL,clay county
17027,Clinton County,IL,clinton county
17029,Coles County,IL,coles county
17031,Cook County,IL,cook county
17033,Crawford County,IL,crawford county
17035,Cumberland County,IL,cumberland county
17037,DeKalb County,IL,dekalb county
17039,De Witt County,IL,de witt county
17041,Douglas County,IL,douglas county
17043,DuPage County,IL,dupage county
17045,Edgar County,IL,edgar county
17047,Edwards County,IL,edwards county
17049,Effingham County,IL,effingham county
17051,Fayette County,IL,fayette county
17053,Ford County,IL,ford county
17055,Franklin County,IL,franklin county
17057,Fulton County,IL,fulton county
17059,Gallatin County,IL,gallatin county
17061,Greene County,IL,greene county
17063,Grundy County,IL,grundy county
17065,Hamilton County,IL,hamilton county
17067,Hancock County,IL,hancock county
17069,Hardin County,IL,hardin county
17071,Henderson County,IL,henderson county
17073,Henry County,IL,henry county
17075,Iroquois County,IL,iroquois county
17077,Jackson County,IL,jackson county
17079,Jasper County,IL,jasper county
17081,Jefferson County,IL,jefferson county
17083,Jersey County,IL,jersey county
17085,Jo Daviess County,IL,jo daviess county
17087,Johnson County,IL,johnson county
17089,Kane County,IL,kane county
17091,Kankakee County,IL,kankakee county
17093,Kendall County,IL,kendall county
17095,Knox County,IL,knox county
17097,Lake County,IL,lake county
17099,LaSalle County,IL,lasalle county
17101,Lawrence County,IL,lawrence county
17103,Lee County,IL,lee county
17105,Livingston County,IL,livingston county
17107,Logan County,IL,logan county
17109,McDonough County,IL,mcdonough county
17111,McHenry County,IL,mchenry county
17113,McLean County,IL,mclean county
17115,Macon County,IL,macon county
17117,Macoupin County,IL,macoupin county
17119,Madison County,IL,madison county
17121,Marion County,IL,marion county
17123,Marshall County,IL,marshall county
17125,Mason County,IL,mason county
17127,Massac County,IL,massac county
17129,Menard County,IL,menard county
17131,Mercer County,IL,mercer county
17133,Monroe County,IL,monroe county
17135,Montgomery County,IL,montgomery county
17137,Morgan County,IL,morgan county
17139,Moultrie County,IL,moultrie county
17141,Ogle County,IL,ogle county
17143,Peoria County,IL,peoria county
17145,Perry County,IL,perry county
17147,Piatt County,IL,piatt county
17149,Pike County,IL,pike county
17151,Pope County,IL,pope county
17153,Pulaski County,IL,pulaski county
17155,Putnam County,IL,putnam county
17157,Randolph County,IL,randolph county
17159,Richland County,IL,richland county
17161,Rock Island County,IL,rock island county
17163,St. Clair County,IL,st. clair county
17165,Saline County,IL,saline county
17167,Sangamon County,IL,sangamon county
17169,Schuyler County,IL,schuyler county
17171,Scott County,IL,scott county
17173,Shelby County,IL,shelby county
17175,Stark County,IL,stark county
17177,Stephenson County,IL,stephenson county
17179,Tazewell County,IL,tazewell county
17181,Union County,IL,union county
17183,Vermilion County,IL,vermilion county
17185,Wabash County,IL,wabash county
17187,Warren County,IL,warren county
17189,Washington County,IL,washington county
17191,Wayne County,IL,wayne county
17193,White County,IL,white county
17195,Whiteside County,IL,whiteside county
17197,Will County,IL,will county
17199,Williamson County,IL,williamson county
17201,Winnebago County,IL,winnebago county
17203,Woodford County,IL,woodford county
18000,INDIANA,,indiana
18001,Adams County,IN,adams county
18003,Allen County,IN,allen county
18005,Bartholomew County,IN,bartholomew county
18007,Benton County,IN,benton county
18009,Blackford County,IN,blackford county
18011,Boone County,IN,boone county
18013,Brown County,IN,brown county
18015,Carroll County,IN,carroll county
18017,Cass County,IN,cass county
18019,Clark County,IN,clark county
18021,Clay County,IN,clay county
18023,Clinton County,IN,clinton county
18025,Crawford County,IN,crawford county
18027,Daviess County,IN,daviess county
18029,Dearborn County,IN,dearborn county
18031,Decatur County,IN,decatur county
18033,DeKalb County,IN,dekalb county
18035,Delaware County,IN,delaware county
18037,Dubois County,IN,dubois county
18039,Elkhart County,IN,elkhart county
18041,Fayette County,IN,fayette county
18043,Floyd County,IN,floyd county
18045,Fountain County,IN,fountain county
18047,Franklin County,IN,franklin county
18049,Fulton County,IN,fulton county
18051,Gibson County,IN,gibson county
18053,Grant County,IN,grant county
18055,Greene County,IN,greene county
18057,Hamilton County,IN,hamilton county
18059,Hancock County,IN,hancock county
18061,Harrison County,IN,harrison county
18063,Hendricks County,IN,hendricks county
18065,Henry County,IN,henry county
18067,Howard County,IN,howard county
18069,Huntington County,IN,huntington county
18071,Jackson County,IN,jackson county
18073,Jasper County,IN,jasper county
18075,Jay County,IN,jay county
18077,Jefferson County,IN,jefferson county
18079,Jennings County,IN,jennings county
18081,Johnson County,IN,johnson county
18083,Knox County,IN,knox county
18085,Kosciusko County,IN,kosciusko county
18087,LaGrange County,IN,lagrange county
18089,Lake County,IN,lake county
18091,LaPorte County,IN,laporte county
18093,Lawrence County,IN,lawrence county
18095,Madison County,IN,madison county
18097,Marion County,IN,marion county
18099,Marshall County,IN,marshall county
18101,Martin County,IN,martin county
18103,Miami County,IN,miami county
18105,Monroe County,IN,monroe county
18107,Montgomery County,IN,montgomery county
18109,Morgan County,IN,morgan county
18111,Newton County,IN,newton county
18113,Noble County,IN,noble county
18115,Ohio County,IN,ohio county
18117,Orange County,IN,orange county
18119,Owen County,IN,owen county
18121,Parke County,IN,parke county
18123,Perry County,IN,perry county
18125,Pike County,IN,pike county
18127,Porter County,IN,porter county
18129,Posey County,IN,posey county
18131,Pulaski County,IN,pulaski county
18133,Putnam County,IN,putnam county
18135,Randolph County,IN,randolph county
18137,Ripley County,IN,ripley county
18139,Rush County,IN,rush county
18141,St. Joseph County,IN,st. joseph county
18143,Scott County,IN,scott county
18145,Shelby County,IN,shelby county
18147,Spencer County,IN,spencer county
18149,Starke County,IN,starke county
18151,Steuben County,IN,steuben county
18153,Sullivan County,IN,sullivan county
18155,Switzerland County,IN,switzerland county
18157,Tippecanoe County,IN,tippecanoe county
18159,Tipton County,IN,tipton county
18161,Union County,IN,union county
18163,Vanderburgh County,IN,vanderburgh county
18165,Vermillion County,IN,vermillion county
18167,Vigo County,IN,vigo county
18169,Wabash County,IN,wabash county
18171,Warren County,IN,warren county
18173,Warrick County,IN,warrick county
18175,Washington County,IN,washington county
18177,Wayne County,IN,wayne county
18179,Wells County,IN,wells county
18181,White County,IN,white county
18183,Whitley County,IN,whitley county
19000,IOWA,,iowa
19001,Adair County,IA,adair county
19003,Adams County,IA,adams county
19005,Allamakee County,IA,allamakee county
19007,Appanoose County,IA,appanoose county
19009,Audubon County,IA,audubon county
19011,Benton County,IA,benton county
19013,Black Hawk County,IA,black hawk county
19015,Boone County,IA,boone county
19017,Bremer County,IA,bremer county
19019,Buchanan County,IA,buchanan county
19021,Buena Vista County,IA,buena vista county
19023,Butler County,IA,butler county
19025,Calhoun County,IA,calhoun county
19027,Carroll County,IA,carroll county
19029,Cass County,IA,cass county
19031,Cedar County,IA,cedar county
19033,Cerro Gordo County,IA,cerro gordo county
19035,Cherokee County,IA,cherokee county
19037,Chickasaw County,IA,chickasaw county
19039,Clarke County,IA,clarke county
19041,Clay County,IA,clay county
19043,Clayton County,IA,clayton county
19045,Clinton County,IA,clinton county
19047,Crawford County,IA,crawford county
19049,Dallas County,IA,dallas county
19051,Davis County,IA,davis county
19053,Decatur County,IA,decatur county
19055,Delaware County,IA,delaware county
19057,Des Moines County,IA,des moines county
19059,Dickinson County,IA,dickinson county
19061,Dubuque County,IA,dubuque county
19063,Emmet County,IA,emmet county
19065,Fayette County,IA,fayette county
19067,Floyd County,IA,floyd county
19069,Franklin County,IA,franklin county
19071,Fremont County,IA,fremont county
19073,Greene County,IA,greene county
19075,Grundy County,IA,grundy county
19077,Guthrie County,IA,guthrie county
19079,Hamilton County,IA,hamilton county
19081,Hancock County,IA,hancock county
19083,Hardin County,IA,hardin county
19085,Harrison County,IA,harrison county
19087,Henry County,IA,henry county
19089,Howard County,IA,howard county
19091,Humboldt County,IA,humboldt county
19093,Ida County,IA,ida county
19095,Iowa County,IA,iowa county
19097,Jackson County,IA,jackson county
19099,Jasper County,IA,jasper county
19101,Jefferson County,IA,jefferson county
19103,Johnson County,IA,johnson county
19105,Jones County,IA,jones county
19107,Keokuk County,IA,keokuk county
19109,Kossuth County,IA,kossuth county
19111,Lee County,IA,lee county
19113,Linn County,IA,linn county
19115,Louisa County,IA,louisa county
19117,Lucas County,IA,lucas county
19119,Lyon County,IA,lyon county
19121,Madison County,IA,madison county
19123,Mahaska County,IA,mahaska county
19125,Marion County,IA,marion county
19127,Marshall County,IA,marshall county
19129,Mills County,IA,mills county
19131,Mitchell County,IA,mitchell county
19133,Monona County,IA,monona county
19135,Monroe County,IA,monroe county
19137,Montgomery County,IA,montgomery county
19139,Muscatine County,IA,muscatine county
19141,O'Brien County,IA,o'brien county
19143,Osceola County,IA,osceola county
19145,Page County,IA,page county
19147,Palo Alto County,IA,palo alto county
19149,Plymouth County,IA,plymouth county
19151,Pocahontas County,IA,pocahontas county
19153,Polk County,IA,polk county
19155,Pottawattamie County,IA,pottawattamie county
19157,Poweshiek County,IA,poweshiek county
19159,Ringgold County,IA,ringgold county
19161,Sac County,IA,sac county
19163,Scott County,IA,scott county
19165,Shelby County,IA,shelby county
19167,Sioux County,IA,sioux county
19169,Story County,IA,story county
19171,Tama County,IA,tama county
19173,Taylor County,IA,taylor county
19175,Union County,IA,union county
19177,Van Buren County,IA,van buren county
19179,Wapello County,IA,wapello county
19181,Warren County,IA,warren county
19183,Washington County,IA,washington county
19185,Wayne County,IA,wayne county
19187,Webster County,IA,webster county
19189,Winnebago County,IA,winnebago county
19191,Winneshiek County,IA,winneshiek county
19193,Woodbury County,IA,woodbury county
19195,Worth County,IA,worth county
19197,Wright County,IA,wright county
20000,KANSAS,,kansas
20001,Allen County,KS,allen county
20003,Anderson County,KS,anderson county
20005,Atchison County,KS,atchison county
20007,Barber County,KS,barber county
20009,Barton County,KS,barton county
20011,Bourbon County,KS,bourbon county
20013,Brown County,KS,brown county
20015,Butler County,KS,butler county
20017,Chase County,KS,chase county
20019,Chautauqua County,KS,chautauqua county
20021,Cherokee County,KS,cherokee county
20023,Cheyenne County,KS,cheyenne county
20025,Clark County,KS,clark county
20027,Clay County,KS,clay county
20029,Cloud County,KS,cloud county
20031,Coffey County,KS,coffey county
20033,Comanche County,KS,comanche county
20035,Cowley County,KS,cowley county
20037,Crawford County,KS,crawford county
20039,Decatur County,KS,decatur county
20041,Dickinson County,KS,dickinson county
20043,Doniphan County,KS,doniphan county
20045,Douglas County,KS,douglas county
20047,Edwards County,KS,edwards county
20049,Elk County,KS,elk county
20051,Ellis County,KS,ellis county
20053,Ellsworth County,KS,ellsworth county
20055,Finney County,KS,finney county
20057,Ford County,KS,ford county
20059,Franklin County,KS,franklin county
20061,Geary County,KS,geary county
20063,Gove County,KS,gove county
20065,Graham County,KS,graham county
20067,Grant County,KS,grant county
20069,Gray County,KS,gray county
20071,Greeley County,KS,greeley county
20073,Greenwood County,KS,greenwood county
20075,Hamilton County,KS,hamilton county
20077,Harper County,KS,harper county
20079,Harvey County,KS,harvey county
20081,Haskell County,KS,haskell county
20083,Hodgeman County,KS,hodgeman county
20085,Jackson County,KS,jackson county
20087,Jefferson County,KS,jefferson county
20089,Jewell County,KS,jewell county
20091,Johnson County,KS,johnson county
20093,Kearny County,KS,kearny county
20095,Kingman County,KS,kingman county
20097,Kiowa County,KS,kiowa county
20099,Labette County,KS,labette county
20101,Lane County,KS,lane county
20103,Leavenworth County,KS,leavenworth county
20105,Lincoln County,KS,lincoln county
20107,Linn County,KS,linn county
20109,Logan County,KS,logan county
20111,Lyon County,KS,lyon county
20113,McPherson County,KS,mcpherson county
20115,Marion County,KS,marion county
20117,Marshall County,KS,marshall county
20119,Meade County,KS,meade county
20121,Miami County,KS,miami county
20123,Mitchell County,KS,mitchell county
20125,Montgomery County,KS,montgomery county
20127,Morris County,KS,morris county
20129,Morton County,KS,morton county
20131,Nemaha County,KS,nemaha county
20133,Neosho County,KS,neosho county
20135,Ness County,KS,ness county
20137,Norton County,KS,norton county
20139,Osage County,KS,osage county
20141,Osborne County,KS,osborne county
20143,Ottawa County,KS,ottawa county
20145,Pawnee County,KS,pawnee county
20147,Phillips County,KS,phillips county
20149,Pottawatomie County,KS,pottawatomie county
20151,Pratt County,KS,pratt county
20153,Rawlins County,KS,rawlins county
20155,Reno County,KS,reno county
20157,Republic County,KS,republic county
20159,Rice County,KS,rice county
20161,Riley County,KS,riley county
20163,Rooks County,KS,rooks county
20165,Rush County,KS,rush county
20167,Russell County,KS,russell county
20169,Saline County,KS,saline county
20171,Scott County,KS,scott county
20173,Sedgwick County,KS,sedgwick county
20175,Seward County,KS,seward county
20177,Shawnee County,KS,shawnee county
20179,Sheridan County,KS,sheridan county
20181,Sherman County,KS,sherman county
20183,Smith County,KS,smith county
20185,Stafford County,KS,stafford county
20187,Stanton County,KS,stanton county
20189,Stevens County,KS,stevens county
20191,Sumner County,KS,sumner county
20193,Thomas County,KS,thomas county
20195,Trego County,KS,trego county
20197,Wabaunsee County,KS,wabaunsee county
20199,Wallace County,KS,wallace county
20201,Washington County,KS,washington county
20203,Wichita County,KS,wichita county
20205,Wilson County,KS,wilson county
20207,Woodson County,KS,woodson county
20209,Wyandotte County,KS,wyandotte county
21000,KENTUCKY,,kentucky
21001,Adair County,KY,adair county
21003,Allen County,KY,allen county
21005,Anderson County,KY,anderson county
21007,Ballard County,KY,ballard county
21009,Barren County,KY,barren county
21011,Bath County,KY,bath county
21013,Bell County,KY,bell county
21015,Boone County,KY,boone county
21017,Bourbon County,KY,bourbon county
21019,Boyd County,KY,boyd county
21021,Boyle County,KY,boyle county
21023,Bracken County,KY,bracken county
21025,Breathitt County,KY,breathitt county
21027,Breckinridge County,KY,breckinridge county
21029,Bullitt County,KY,bullitt county
21031,Butler County,KY,butler county
21033,Caldwell County,KY,caldwell county
21035,Calloway County,KY,calloway county
21037,Campbell County,KY,campbell county
21039,Carlisle County,KY,carlisle county
21041,Carroll County,KY,carroll county
21043,Carter County,KY,carter county
21045,Casey County,KY,casey county
21047,Christian County,KY,christian county
21049,Clark County,KY,clark county
21051,Clay County,KY,clay county
21053,Clinton County,KY,clinton county
21055,Crittenden County,KY,crittenden county
21057,Cumberland County,KY,cumberland county
21059,Daviess County,KY,daviess county
21061,Edmonson County,KY,edmonson county
21063,Elliott County,KY,elliott county
21065,Estill County,KY,estill county
21067,Fayette County,KY,fayette county
21069,Fleming County,KY,fleming county
21071,Floyd County,KY,floyd county
21073,Franklin County,KY,franklin county
21075,Fulton County,KY,fulton county
21077,Gallatin County,KY,gallatin county
21079,Garrard County,KY,garrard county
21081,Grant County,KY,grant county
21083,Graves County,KY,graves county
21085,Grayson County,KY,grayson county
21087,Green County,KY,green county
21089,Greenup County,KY,greenup county
21091,Hancock County,KY,hancock county
21093,Hardin County,KY,hardin county
21095,Harlan County,KY,harlan county
21097,Harrison County,KY,harrison county
21099,Hart County,KY,hart county
21101,Henderson County,KY,henderson county
21103,Henry County,KY,henry county
21105,Hickman County,KY,hickman county
21107,Hopkins County,KY,hopkins county
21109,Jackson County,KY,jackson county
21111,Jefferson County,KY,jefferson county
21113,Jessamine County,KY,jessamine county
21115,Johnson County,KY,johnson county
21117,Kenton County,KY,kenton county
21119,Knott County,KY,knott county
21121,Knox County,KY,knox county
21123,Larue County,KY,larue county
21125,Laurel County,KY,laurel county
21127,Lawrence County,KY,lawrence county
21129,Lee County,KY,lee county
21131,Leslie County,KY,leslie county
21133,Letcher County,KY,letcher county
21135,Lewis County,KY,lewis county
21137,Lincoln County,KY,lincoln county
21139,Livingston County,KY,livingston county
21141,Logan County,KY,logan county
21143,Lyon County,KY,lyon county
21145,McCracken County,KY,mccracken county
21147,McCreary County,KY,mccreary county
21149,McLean County,KY,mclean county
21151,Madison County,KY,madison county
21153,Magoffin County,KY,magoffin county
21155,Marion County,KY,marion county
21157,Marshall County,KY,marshall county
21159,Martin County,KY,martin county
21161,Mason County,KY,mason county
21163,Meade County,KY,meade county
21165,Menifee County,KY,menifee county
21167,Mercer County,KY,mercer county
21169,Metcalfe County,KY,metcalfe county
21171,Monroe County,KY,monroe county
21173,Montgomery County,KY,montgomery county
21175,Morgan County,KY,morgan county
21177,Muhlenberg County,KY,muhlenberg county
21179,Nelson County,KY,nelson county
21181,Nicholas County,KY,nicholas county
21183,Ohio County,KY,ohio county
21185,Oldham County,KY,oldham county
21187,Owen County,KY,owen county
21189,Owsley County,KY,owsley county
21191,Pendleton County,KY,pendleton county
21193,Perry County,KY,perry county
21195,Pike County,KY,pike county
21197,Powell County,KY,powell county
21199,Pulaski County,KY,pulaski county
21201,Robertson County,KY,robertson county
21203,Rockcastle County,KY,rockcastle county
21205,Rowan County,KY,rowan county
21207,Russell County,KY,russell county
21209,Scott County,KY,scott county
21211,Shelby County,KY,shelby county
21213,Simpson County,KY,simpson county
21215,Spencer County,KY,spencer county
21217,Taylor County,KY,taylor county
21219,Todd County,KY,todd county
21221,Trigg County,KY,trigg county
21223,Trimble County,KY,trimble county
21225,Union County,KY,union county
21227,Warren County,KY,warren county
21229,Washington County,KY,washington county
21231,Wayne County,KY,wayne county
21233,Webster County,KY,webster county
21235,Whitley County,KY,whitley county
21237,Wolfe County,KY,wolfe county
21239,Woodford County,KY,woodford county
22000,LOUISIANA,,louisiana
22001,Acadia Parish,LA,acadia parish
22003,Allen Parish,LA,allen parish
22005,Ascension Parish,LA,ascension parish
22007,Assumption Parish,LA,assumption parish
22009,Avoyelles Parish,LA,avoyelles parish
22011,Beauregard Parish,LA,beauregard parish
22013,Bienville Parish,LA,bienville parish
22015,Bossier Parish,LA,bossier parish
22017,Caddo Parish,LA,caddo parish
22019,Calcasieu Parish,LA,calcasieu parish
22021,Caldwell Parish,LA,caldwell parish
22023,Cameron Parish,LA,cameron parish
22025,Catahoula Parish,LA,catahoula parish
22027,Claiborne Parish,LA,claiborne parish
22029,Concordia Parish,LA,concordia parish
22031,De Soto Parish,LA,de soto parish
22033,East Baton Rouge Parish,LA,east baton rouge parish
22035,East Carroll Parish,LA,east carroll parish
22037,East Feliciana Parish,LA,east feliciana parish
22039,Evangeline Parish,LA,evangeline parish
22041,Franklin Parish,LA,franklin parish
22043,Grant Parish,LA,grant parish
22045,Iberia Parish,LA,iberia parish
22047,Iberville Parish,LA,iberville parish
22049,Jackson Parish,LA,jackson parish
22051,Jefferson Parish,LA,jefferson parish
22053,Jefferson Davis Parish,LA,jefferson davis parish
22055,Lafayette Parish,LA,lafayette parish
22057,Lafourche Parish,LA,lafourche parish
22059,La Salle Parish,LA,la salle parish
22061,Lincoln Parish,LA,lincoln parish
22063,Livingston Parish,LA,livingston parish
22065,Madison Parish,LA,madison parish
22067,Morehouse Parish,LA,morehouse parish
22069,Natchitoches Parish,LA,natchitoches parish
22071,Orleans Parish,LA,orleans parish
22073,Ouachita Parish,LA,ouachita parish
22075,Plaquemines Parish,LA,plaquemines parish
22077,Pointe Coupee Parish,LA,pointe coupee parish
22079,Rapides Parish,LA,rapides parish
22081,Red River Parish,LA,red river parish
22083,Richland Parish,LA,richland parish
22085,Sabine Parish,LA,sabine parish
22087,St. Bernard Parish,LA,st. bernard parish
22089,St. Charles Parish,LA,st. charles parish
22091,St. Helena Parish,LA,st. helena parish
22093,St. James Parish,LA,st. james parish
22095,St. John the Baptist Parish,LA,st. john the baptist parish
22097,St. Landry Parish,LA,st. landry parish
22099,St. Martin Parish,LA,st. martin parish
22101,St. Mary Parish,LA,st. mary parish
22103,St. Tammany Parish,LA,st. tammany parish
22105,Tangipahoa Parish,LA,tangipahoa parish
22107,Tensas Parish,LA,tensas parish
22109,Terrebonne Parish,LA,terrebonne parish
22111,Union Parish,LA,union parish
22113,Vermilion Parish,LA,vermilion parish
22115,Vernon Parish,LA,vernon parish
22117,Washington Parish,LA,washington parish
22119,Webster Parish,LA,webster parish
22121,West Baton Rouge Parish,LA,west baton rouge parish
22123,West Carroll Parish,LA,west carroll parish
22125,West Feliciana Parish,LA,west feliciana parish
22127,Winn Parish,LA,winn parish
23000,MAINE,,maine
23001,Androscoggin County,ME,androscoggin county
23003,Aroostook County,ME,aroostook county
23005,Cumberland County,ME,cumberland county
23007,Franklin County,ME,franklin county
23009,Hancock County,ME,hancock county
23011,Kennebec County,ME,kennebec county
23013,Knox County,ME,knox county
23015,Lincoln County,ME,lincoln county
23017,Oxford County,ME,oxford county
23019,Penobscot County,ME,penobscot county
23021,Piscataquis County,ME,piscataquis county
23023,Sagadahoc County,ME,sagadahoc county
23025,Somerset County,ME,somerset county
23027,Waldo County,ME,waldo county
23029,Washington County,ME,washington county
23031,York County,ME,york county
24000,MARYLAND,,maryland
24001,Allegany County,MD,allegany county
24003,Anne Arundel County,MD,anne arundel county
24005,Baltimore County,MD,baltimore county
24009,Calvert County,MD,calvert county
24011,Caroline County,MD,caroline county
24013,Carroll County,MD,carroll county
24015,Cecil County,MD,cecil county
24017,Charles County,MD,charles county
24019,Dorchester County,MD,dorchester county
24021,Frederick County,MD,frederick county
24023,Garrett County,MD,garrett county
24025,Harford County,MD,harford county
24027,Howard County,MD,howard county
24029,Kent County,MD,kent county
24031,Montgomery County,MD,montgomery county
24033,Prince George's County,MD,prince george's county
24035,Queen Anne's County,MD,queen anne's county
24037,St. Mary's County,MD,st. mary's county
24039,Somerset County,MD,somerset county
24041,Talbot County,MD,talbot county
24043,Washington County,MD,washington county
24045,Wicomico County,MD,wicomico county
24047,Worcester County,MD,worcester county
24510,Baltimore city,MD,baltimore city
25000,MASSACHUSETTS,,massachusetts
25001,Barnstable County,MA,barnstable county
25003,Berkshire County,MA,berkshire county
25005,Bristol County,MA,bristol county
25007,Dukes County,MA,dukes county
25009,Essex County,MA,essex county
25011,Franklin County,MA,franklin county
25013,Hampden County,MA,hampden county
25015,Hampshire County,MA,hampshire county
25017,Middlesex County,MA,middlesex county
25019,Nantucket County,MA,nantucket county
25021,Norfolk County,MA,norfolk county
25023,Plymouth County,MA,plymouth county
25025,Suffolk County,MA,suffolk county
25027,Worcester County,MA,worcester county
26000,MICHIGAN,,michigan
26001,Alcona County,MI,alcona county
26003,Alger County,MI,alger county
26005,Allegan County,MI,allegan county
26007,Alpena County,MI,alpena county
26009,Antrim County,MI,antrim county
26011,Arenac County,MI,arenac county
26013,Baraga County,MI,baraga county
26015,Barry County,MI,barry county
26017,Bay County,MI,bay county
26019,Benzie County,MI,benzie county
26021,Berrien County,MI,berrien county
26023,Branch County,MI,branch county
26025,Calhoun County,MI,calhoun county
26027,Cass County,MI,cass county
26029,Charlevoix County,MI,charlevoix county
26031,Cheboygan County,MI,cheboygan county
26033,Chippewa County,MI,chippewa county
26035,Clare County,MI,clare county
26037,Clinton County,MI,clinton county
26039,Crawford County,MI,crawford county
26041,Delta County,MI,delta county
26043,Dickinson County,MI,dickinson county
26045,Eaton County,MI,eaton county
26047,Emmet County,MI,emmet county
26049,Genesee County,MI,genesee county
26051,Gladwin County,MI,gladwin county
26053,Gogebic County,MI,gogebic county
26055,Grand Traverse County,MI,grand traverse county
26057,Gratiot County,MI,gratiot county
26059,Hillsdale County,MI,hillsdale county
26061,Houghton County,MI,houghton county
26063,Huron County,MI,huron county
26065,Ingham County,MI,ingham county
26067,Ionia County,MI,ionia county
26069,Iosco County,MI,iosco county
26071,Iron County,MI,iron county
26073,Isabella County,MI,isabella county
26075,Jackson County,MI,jackson county
26077,Kalamazoo County,MI,kalamazoo county
26079,Kalkaska County,MI,kalkaska county
26081,Kent County,MI,kent county
26083,Keweenaw County,MI,keweenaw county
26085,Lake County,MI,lake county
26087,Lapeer County,MI,lapeer county
26089,Leelanau County,MI,leelanau county
26091,Lenawee County,MI,lenawee county
26093,Livingston County,MI,livingston county
26095,Luce County,MI,luce county
26097,Mackinac County,MI,mackinac county
26099,Macomb County,MI,macomb county
26101,Manistee County,MI,manistee county
26103,Marquette County,MI,marquette county
26105,Mason County,MI,mason county
26107,Mecosta County,MI,mecosta county
26109,Menominee County,MI,menominee county
26111,Midland County,MI,midland county
26113,Missaukee County,MI,missaukee county
26115,Monroe County,MI,monroe county
26117,Montcalm County,MI,montcalm county
26119,Montmorency County,MI,montmorency county
26121,Muskegon County,MI,muskegon county
26123,Newaygo County,MI,newaygo county
26125,Oakland County,MI,oakland county
26127,Oceana County,MI,oceana county
26129,Ogemaw County,MI,ogemaw county
26131,Ontonagon County,MI,ontonagon county
26133,Osceola County,MI,osceola county
26135,Oscoda County,MI,oscoda county
26137,Otsego County,MI,otsego county
26139,Ottawa County,MI,ottawa county
26141,Presque Isle County,MI,presque isle county
26143,Roscommon County,MI,roscommon county
26145,Saginaw County,MI,saginaw county
26147,St. Clair County,MI,st. clair county
26149,St. Joseph County,MI,st. joseph county
26151,Sanilac County,MI,sanilac county
26153,Schoolcraft County,MI,schoolcraft county
26155,Shiawassee County,MI,shiawassee county
26157,Tuscola County,MI,tuscola county
26159,Van Buren County,MI,van buren county
26161,Washtenaw County,MI,washtenaw county
26163,Wayne County,MI,wayne county
26165,Wexford County,MI,wexford county
27000,MINNESOTA,,minnesota
27001,Aitkin County,MN,aitkin county
27003,Anoka County,MN,anoka county
27005,Becker County,MN,becker county
27007,Beltrami County,MN,beltrami county
27009,Benton County,MN,benton county
27011,Big Stone County,MN,big stone county
27013,Blue Earth County,MN,blue earth county
27015,Brown County,MN,brown county
27017,Carlton County,MN,carlton county
27019,Carver County,MN,carver county
27021,Cass County,MN,cass county
27023,Chippewa County,MN,chippewa county
27025,Chisago County,MN,chisago county
27027,Clay County,MN,clay county
27029,Clearwater County,MN,clearwater county
27031,Cook County,MN,cook county
27033,Cottonwood County,MN,cottonwood county
27035,Crow Wing County,MN,crow wing county
27037,Dakota County,MN,dakota county
27039,Dodge County,MN,dodge county
27041,Douglas County,MN,douglas county
27043,Faribault County,MN,faribault county
27045,Fillmore County,MN,fillmore county
27047,Freeborn County,MN,freeborn county
27049,Goodhue County,MN,goodhue county
27051,Grant County,MN,grant county
27053,Hennepin County,MN,hennepin county
27055,Houston County,MN,houston county
27057,Hubbard County,MN,hubbard county
27059,Isanti County,MN,isanti county
27061,Itasca County,MN,itasca county
27063,Jackson County,MN,jackson county
27065,Kanabec County,MN,kanabec county
27067,Kandiyohi County,MN,kandiyohi county
27069,Kittson County,MN,kittson county
27071,Koochiching County,MN,koochiching county
27073,Lac qui Parle County,MN,lac qui parle county
27075,Lake County,MN,lake county
27077,Lake of the Woods County,MN,lake of the woods county
27079,Le Sueur County,MN,le sueur county
27081,Lincoln County,MN,lincoln county
27083,Lyon County,MN,lyon county
27085,McLeod County,MN,mcleod county
27087,Mahnomen County,MN,mahnomen county
27089,Marshall County,MN,marshall county
27091,Martin County,MN,martin county
27093,Meeker County,MN,meeker county
27095,Mille Lacs County,MN,mille lacs county
27097,Morrison County,MN,morrison county
27099,Mower County,MN,mower county
27101,Murray County,MN,murray county
27103,Nicollet County,MN,nicollet county
27105,Nobles County,MN,nobles county
27107,Norman County,MN,norman county
27109,Olmsted County,MN,olmsted county
27111,Otter Tail County,MN,otter tail county
27113,Pennington County,MN,pennington county
27115,Pine County,MN,pine county
27117,Pipestone County,MN,pipestone county
27119,Polk County,MN,polk county
27121,Pope County,MN,pope county
27123,Ramsey County,MN,ramsey county
27125,Red Lake County,MN,red lake county
27127,Redwood County,MN,redwood county
27129,Renville County,MN,renville county
27131,Rice County,MN,rice county
27133,Rock County,MN,rock county
27135,Roseau County,MN,roseau county
27137,St. Louis County,MN,st. louis county
27139,Scott County,MN,scott county
27141,Sherburne County,MN,sherburne county
27143,Sibley County,MN,sibley county
27145,Stearns County,MN,stearns county
27147,Steele County,MN,steele county
27149,Stevens County,MN,stevens county
27151,Swift County,MN,swift county
27153,Todd County,MN,todd county
27155,Traverse County,MN,traverse county
27157,Wabasha County,MN,wabasha county
27159,Wadena County,MN,wadena county
27161,Waseca County,MN,waseca county
27163,Washington County,MN,washington county
27165,Watonwan County,MN,watonwan county
27167,Wilkin County,MN,wilkin county
27169,Winona County,MN,winona county
27171,Wright County,MN,wright county
27173,Yellow Medicine County,MN,yellow medicine county
28000,MISSISSIPPI,,mississippi
28001,Adams County,MS,adams county
28003,Alcorn County,MS,alcorn county
28005,Amite County,MS,amite county
28007,Attala County,MS,attala county
28009,Benton County,MS,benton county
28011,Bolivar County,MS,bolivar county
28013,Calhoun County,MS,calhoun county
28015,Carroll County,MS,carroll county
28017,Chickasaw County,MS,chickasaw county
28019,Choctaw County,MS,choctaw county
28021,Claiborne County,MS,claiborne county
28023,Clarke County,MS,clarke county
28025,Clay County,MS,clay county
28027,Coahoma County,MS,coahoma county
28029,Copiah County,MS,copiah county
28031,Covington County,MS,covington county
28033,DeSoto County,MS,desoto county
28035,Forrest County,MS,forrest county
28037,Franklin County,MS,franklin county
28039,George County,MS,george county
28041,Greene County,MS,greene county
28043,Grenada County,MS,grenada county
28045,Hancock County,MS,hancock county
28047,Harrison County,MS,harrison county
28049,Hinds County,MS,hinds county
28051,Holmes County,MS,holmes county
28053,Humphreys County,MS,humphreys county
28055,Issaquena County,MS,issaquena county
28057,Itawamba County,MS,itawamba county
28059,Jackson County,MS,jackson county
28061,Jasper County,MS,jasper county
28063,Jefferson County,MS,jefferson county
28065,Jefferson Davis County,MS,jefferson davis county
28067,Jones County,MS,jones county
28069,Kemper County,MS,kemper county
28071,Lafayette County,MS,lafayette county
28073,Lamar County,MS,lamar county
28075,Lauderdale County,MS,lauderdale county
28077,Lawrence County,MS,lawrence county
28079,Leake County,MS,leake county
28081,Lee County,MS,lee county
28083,Leflore County,MS,leflore county
28085,Lincoln County,MS,lincoln county
28087,Lowndes County,MS,lowndes county
28089,Madison County,MS,madison county
28091,Marion County,MS,marion county
28093,Marshall County,MS,marshall county
28095,Monroe County,MS,monroe county
28097,Montgomery County,MS,montgomery county
28099,Neshoba County,MS,neshoba county
28101,Newton County,MS,newton county
28103,Noxubee County,MS,noxubee county
28105,Oktibbeha County,MS,oktibbeha county
28107,Panola County,MS,panola county
28109,Pearl River County,MS,pearl river county
28111,Perry County,MS,perry county
28113,Pike County,MS,pike county
28115,Pontotoc County,MS,pontotoc county
28117,Prentiss County,MS,prentiss county
28119,Quitman County,MS,quitman county
28121,Rankin County,MS,rankin county
28123,Scott County,MS,scott county
28125,Sharkey County,MS,sharkey county
28127,Simpson County,MS,simpson county
28129,Smith County,MS,smith county
28131,Stone County,MS,stone county
28133,Sunflower County,MS,sunflower county
28135,Tallahatchie County,MS,tallahatchie county
28137,Tate County,MS,tate county
28139,Tippah County,MS,tippah county
28141,Tishomingo County,MS,tishomingo county
28143,Tunica County,MS,tunica county
28145,Union County,MS,union county
28147,Walthall County,MS,walthall county
28149,Warren County,MS,warren county
28151,Washington County,MS,washington county
28153,Wayne County,MS,wayne county
28155,Webster County,MS,webster county
28157,Wilkinson County,MS,wilkinson county
28159,Winston County,MS,winston county
28161,Yalobusha County,MS,yalobusha county
28163,Yazoo County,MS,yazoo county
29000,MISSOURI,,missouri
29001,Adair County,MO,adair county
29003,Andrew County,MO,andrew county
29005,Atchison County,MO,atchison county
29007,Audrain County,MO,audrain county
29009,Barry County,MO,barry county
29011,Barton County,MO,barton county
29013,Bates County,MO,bates county
29015,Benton County,MO,benton county
29017,Bollinger County,MO,bollinger county
29019,Boone County,MO,boone county
29021,Buchanan County,MO,buchanan county
29023,Butler County,MO,butler county
29025,Caldwell County,MO,caldwell county
29027,Callaway County,MO,callaway county
29029,Camden County,MO,camden county
29031,Cape Girardeau County,MO,cape girardeau county
29033,Carroll County,MO,carroll county
29035,Carter County,MO,carter county
29037,Cass County,MO,cass county
29039,Cedar County,MO,cedar county
29041,Chariton County,MO,chariton county
29043,Christian County,MO,christian county
29045,Clark County,MO,clark county
29047,Clay County,MO,clay county
29049,Clinton County,MO,clinton county
29051,Cole County,MO,cole county
29053,Cooper County,MO,cooper county
29055,Crawford County,MO,crawford county
29057,Dade County,MO,dade county
29059,Dallas County,MO,dallas county
29061,Daviess County,MO,daviess county
29063,DeKalb County,MO,dekalb county
29065,Dent County,MO,dent county
29067,Douglas County,MO,douglas county
29069,Dunklin County,MO,dunklin county
29071,Franklin County,MO,franklin county
29073,Gasconade County,MO,gasconade county
29075,Gentry County,MO,gentry county
29077,Greene County,MO,greene county
29079,Grundy County,MO,grundy county
29081,Harrison County,MO,harrison county
29083,Henry County,MO,henry county
29085,Hickory County,MO,hickory county
29087,Holt County,MO,holt county
29089,Howard County,MO,howard county
29091,Howell County,MO,howell county
29093,Iron County,MO,iron county
29095,Jackson County,MO,jackson county
29097,Jasper County,MO,jasper county
29099,Jefferson County,MO,jefferson county
29101,Johnson County,MO,johnson county
29103,Knox County,MO,knox county
29105,Laclede County,MO,laclede county
29107,Lafayette County,MO,lafayette county
29109,Lawrence County,MO,lawrence county
29111,Lewis County,MO,lewis county
29113,Lincoln County,MO,lincoln county
29115,Linn County,MO,linn county
29117,Livingston County,MO,livingston county
29119,McDonald County,MO,mcdonald county
29121,Macon County,MO,macon county
29123,Madison County,MO,madison county
29125,Maries County,MO,maries county
29127,Marion County,MO,marion county
29129,Mercer County,MO,mercer county
29131,Miller County,MO,miller county
29133,Mississippi County,MO,mississippi county
29135,Moniteau County,MO,moniteau county
29137,Monroe County,MO,monroe county
29139,Montgomery County,MO,montgomery county
29141,Morgan County,MO,morgan county
29143,New Madrid County,MO,new madrid county
29145,Newton County,MO,newton county
29147,Nodaway County,MO,nodaway county
29149,Oregon County,MO,oregon county
29151,Osage County,MO,osage county
29153,Ozark County,MO,ozark county
29155,Pemiscot County,MO,pemiscot county
29157,Perry County,MO,perry county
29159,Pettis County,MO,pettis county
29161,Phelps County,MO,phelps county
29163,Pike County,MO,pike county
29165,Platte County,MO,platte county
29167,Polk County,MO,polk county
29169,Pulaski County,MO,pulaski county
29171,Putnam County,MO,putnam county
29173,Ralls County,MO,ralls county
29175,Randolph County,MO,randolph county
29177,Ray County,MO,ray county
29179,Reynolds County,MO,reynolds county
29181,Ripley County,MO,ripley county
29183,St. Charles County,MO,st. charles county
29185,St. Clair County,MO,st. clair county
29186,Ste. Genevieve County,MO,ste. genevieve county
29187,St. Francois County,MO,st. francois county
29189,St. Louis County,MO,st. louis county
29195,Saline County,MO,saline county
29197,Schuyler County,MO,schuyler county
29199,Scotland County,MO,scotland county
29201,Scott County,MO,scott county
29203,Shannon County,MO,shannon county
29205,Shelby County,MO,shelby county
29207,Stoddard County,MO,stoddard county
29209,Stone County,MO,stone county
29211,Sullivan County,MO,sullivan county
29213,Taney County,MO,taney county
29215,Texas County,MO,texas county
29217,Vernon County,MO,vernon county
29219,Warren County,MO,warren county
29221,Washington County,MO,washington county
29223,Wayne County,MO,wayne county
29225,Webster County,MO,webster county
29227,Worth County,MO,worth county
29229,Wright County,MO,wright county
29510,St. Louis city,MO,st. louis city
30000,MONTANA,,montana
30001,Beaverhead County,MT,beaverhead county
30003,Big Horn County,MT,big horn county
30005,Blaine County,MT,blaine county
30007,Broadwater County,MT,broadwater county
30009,Carbon County,MT,carbon county
30011,Carter County,MT,carter county
30013,Cascade County,MT,cascade county
30015,Chouteau County,MT,chouteau county
30017,Custer County,MT,custer county
30019,Daniels County,MT,daniels county
30021,Dawson County,MT,dawson county
30023,Deer Lodge County,MT,deer lodge county
30025,Fallon County,MT,fallon county
30027,Fergus County,MT,fergus county
30029,Flathead County,MT,flathead county
30031,Gallatin County,MT,gallatin county
30033,Garfield County,MT,garfield county
30035,Glacier County,MT,glacier county
30037,Golden Valley County,MT,golden valley county
30039,Granite County,MT,granite county
30041,Hill County,MT,hill county
30043,Jefferson County,MT,jefferson county
30045,Judith Basin County,MT,judith basin county
30047,Lake County,MT,lake county
30049,Lewis and Clark County,MT,lewis and clark county
30051,Liberty County,MT,liberty county
30053,Lincoln County,MT,lincoln county
30055,McCone County,MT,mccone county
30057,Madison County,MT,madison county
30059,Meagher County,MT,meagher county
30061,Mineral County,MT,mineral county
30063,Missoula County,MT,missoula county
30065,Musselshell County,MT,musselshell county
30067,Park County,MT,park county
30069,Petroleum County,MT,petroleum county
30071,Phillips County,MT,phillips county
30073,Pondera County,MT,pondera county
30075,Powder River County,MT,powder river county
30077,Powell County,MT,powell county
30079,Prairie County,MT,prairie county
30081,Ravalli County,MT,ravalli county
30083,Richland County,MT,richland county
30085,Roosevelt County,MT,roosevelt county
30087,Rosebud County,MT,rosebud county
30089,Sanders County,MT,sanders county
30091,Sheridan County,MT,sheridan county
30093,Silver Bow County,MT,silver bow county
30095,Stillwater County,MT,stillwater county
30097,Sweet Grass County,MT,sweet grass county
30099,Teton County,MT,teton county
30101,Toole County,MT,toole county
30103,Treasure County,MT,treasure county
30105,Valley County,MT,valley county
30107,Wheatland County,MT,wheatland county
30109,Wibaux County,MT,wibaux county
30111,Yellowstone County,MT,yellowstone county
31000,NEBRASKA,,nebraska
31001,Adams County,NE,adams county
31003,Antelope County,NE,antelope county
31005,Arthur County,NE,arthur county
31007,Banner County,NE,banner county
31009,Blaine County,NE,blaine county
31011,Boone County,NE,boone county
31013,Box Butte County,NE,box butte county
31015,Boyd County,NE,boyd county
31017,Brown County,NE,brown county
31019,Buffalo County,NE,buffalo county
31021,Burt County,NE,burt county
31023,Butler County,NE,butler county
31025,Cass County,NE,cass county
31027,Cedar County,NE,cedar county
31029,Chase County,NE,chase county
31031,Cherry County,NE,cherry county
31033,Cheyenne County,NE,cheyenne county
31035,Clay County,NE,clay county
31037,Colfax County,NE,colfax county
31039,Cuming County,NE,cuming county
31041,Custer County,NE,custer county
31043,Dakota County,NE,dakota county
31045,Dawes County,NE,dawes county
31047,Dawson County,NE,dawson county
31049,Deuel County,NE,deuel county
31051,Dixon County,NE,dixon county
31053,Dodge County,NE,dodge county
31055,Douglas County,NE,douglas county
31057,Dundy County,NE,dundy county
31059,Fillmore County,NE,fillmore county
31061,Franklin County,NE,franklin county
31063,Frontier County,NE,frontier county
31065,Furnas County,NE,furnas county
31067,Gage County,NE,gage county
31069,Garden County,NE,garden county
31071,Garfield County,NE,garfield county
31073,Gosper County,NE,gosper county
31075,Grant County,NE,grant county
31077,Greeley County,NE,greeley county
31079,Hall County,NE,hall county
31081,Hamilton County,NE,hamilton county
31083,Harlan County,NE,harlan county
31085,Hayes County,NE,hayes county
31087,Hitchcock County,NE,hitchcock county
31089,Holt County,NE,holt county
31091,Hooker County,NE,hooker county
31093,Howard County,NE,howard county
31095,Jefferson County,NE,jefferson county
31097,Johnson County,NE,johnson county
31099,Kearney County,NE,kearney county
31101,Keith County,NE,keith county
31103,Keya Paha County,NE,keya paha county
31105,Kimball County,NE,kimball county
31107,Knox County,NE,knox county
31109,Lancaster County,NE,lancaster county
31111,Lincoln County,NE,lincoln county
31113,Logan County,NE,logan county
31115,Loup County,NE,loup county
31117,McPherson County,NE,mcpherson county
31119,Madison County,NE,madison county
31121,Merrick County,NE,merrick county
31123,Morrill County,NE,morrill county
31125,Nance County,NE,nance county
31127,Nemaha County,NE,nemaha county
31129,Nuckolls County,NE,nuckolls county
31131,Otoe County,NE,otoe county
31133,Pawnee County,NE,pawnee county
31135,Perkins County,NE,perkins county
31137,Phelps County,NE,phelps county
31139,Pierce County,NE,pierce county
31141,Platte County,NE,platte county
31143,Polk County,NE,polk county
31145,Red Willow County,NE,red willow county
31147,Richardson County,NE,richardson county
31149,Rock County,NE,rock county
31151,Saline County,NE,saline county
31153,Sarpy County,NE,sarpy county
31155,Saunders County,NE,saunders county
31157,Scotts Bluff County,NE,scotts bluff county
31159,Seward County,NE,seward county
31161,Sheridan County,NE,sheridan county
31163,Sherman County,NE,sherman county
31165,Sioux County,NE,sioux county
31167,Stanton County,NE,stanton county
31169,Thayer County,NE,thayer county
31171,Thomas County,NE,thomas county
31173,Thurston County,NE,thurston county
31175,Valley County,NE,valley county
31177,Washington County,NE,washington county
31179,Wayne County,NE,wayne county
31181,Webster County,NE,webster county
31183,Wheeler County,NE,wheeler county
31185,York County,NE,york county
32000,NEVADA,,nevada
32001,Churchill County,NV,churchill county
32003,Clark County,NV,clark county
32005,Douglas County,NV,douglas county
32007,Elko County,NV,elko county
32009,Esmeralda County,NV,esmeralda county
32011,Eureka County,NV,eureka county
32013,Humboldt County,NV,humboldt county
32015,Lander County,NV,lander county
32017,Lincoln County,NV,lincoln county
32019,Lyon County,NV,lyon county
32021,Mineral County,NV,mineral county
32023,Nye County,NV,nye county
32027,Pershing County,NV,pershing county
32029,Storey County,NV,storey county
32031,Washoe County,NV,washoe county
32033,White Pine County,NV,white pine county
32510,Carson City,NV,carson city
33000,NEW HAMPSHIRE,,new hampshire
33001,Belknap County,NH,belknap county
33003,Carroll County,NH,carroll county
33005,Cheshire County,NH,cheshire county
33007,Coos County,NH,coos county
33009,Grafton County,NH,grafton county
33011,Hillsborough County,NH,hillsborough county
33013,Merrimack County,NH,merrimack county
33015,Rockingham County,NH,rockingham county
33017,Strafford County,NH,strafford county
33019,Sullivan County,NH,sullivan county
34000,NEW JERSEY,,new jersey
34001,Atlantic County,NJ,atlantic county
34003,Bergen County,NJ,bergen county
34005,Burlington County,NJ,burlington county
34007,Camden County,NJ,camden county
34009,Cape May County,NJ,cape may county
34011,Cumberland County,NJ,cumberland county
34013,Essex County,NJ,essex county
34015,Gloucester County,NJ,gloucester county
34017,Hudson County,NJ,hudson county
34019,Hunterdon County,NJ,hunterdon county
34021,Mercer County,NJ,mercer county
34023,Middlesex County,NJ,middlesex county
34025,Monmouth County,NJ,monmouth county
34027,Morris County,NJ,morris county
34029,Ocean County,NJ,ocean county
34031,Passaic County,NJ,passaic county
34033,Salem County,NJ,salem county
34035,Somerset County,NJ,somerset county
34037,Sussex County,NJ,sussex county
34039,Union County,NJ,union county
34041,Warren County,NJ,warren county
35000,NEW MEXICO,,new mexico
35001,Bernalillo County,NM,bernalillo county
35003,Catron County,NM,catron county
35005,Chaves County,NM,chaves county
35006,Cibola County,NM,cibola county
35007,Colfax County,NM,colfax county
35009,Curry County,NM,curry county
35011,De Baca County,NM,de baca county
35013,Dona Ana County,NM,dona ana county
35015,Eddy County,NM,eddy county
35017,Grant County,NM,grant county
35019,Guadalupe County,NM,guadalupe county
35021,Harding County,NM,harding county
35023,Hidalgo County,NM,hidalgo county
35025,Lea County,NM,lea county
35027,Lincoln County,NM,lincoln county
35028,Los Alamos County,NM,los alamos county
35029,Luna County,NM,luna county
35031,McKinley County,NM,mckinley county
35033,Mora County,NM,mora county
35035,Otero County,NM,otero county
35037,Quay County,NM,quay county
35039,Rio Arriba County,NM,rio arriba county
35041,Roosevelt County,NM,roosevelt county
35043,Sandoval County,NM,sandoval county
35045,San Juan County,NM,san juan county
35047,San Miguel County,NM,san miguel county
35049,Santa Fe County,NM,santa fe county
35051,Sierra County,NM,sierra county
35053,Socorro County,NM,socorro county
35055,Taos County,NM,taos county
35057,Torrance County,NM,torrance county
35059,Union County,NM,union county
35061,Valencia County,NM,valencia county
36000,NEW YORK,,new york
36001,Albany County,NY,albany county
36003,Allegany County,NY,allegany county
36005,Bronx County,NY,bronx county
36007,Broome County,NY,broome county
36009,Cattaraugus County,NY,cattaraugus county
36011,Cayuga County,NY,cayuga county
36013,Chautauqua County,NY,chautauqua county
36015,Chemung County,NY,chemung county
36017,Chenango County,NY,chenango county
36019,Clinton County,NY,clinton county
36021,Columbia County,NY,columbia county
36023,Cortland County,NY,cortland county
36025,Delaware County,NY,delaware county
36027,Dutchess County,NY,dutchess county
36029,Erie County,NY,erie county
36031,Essex County,NY,essex county
36033,Franklin County,NY,franklin county
36035,Fulton County,NY,fulton county
36037,Genesee County,NY,genesee county
36039,Greene County,NY,greene county
36041,Hamilton County,NY,hamilton county
36043,Herkimer County,NY,herkimer county
36045,Jefferson County,NY,jefferson county
36047,Kings County,NY,kings county
36049,Lewis County,NY,lewis county
36051,Livingston County,NY,livingston county
36053,Madison County,NY,madison county
36055,Monroe County,NY,monroe county
36057,Montgomery County,NY,montgomery county
36059,Nassau County,NY,nassau county
36061,New York County,NY,new york county
36063,Niagara County,NY,niagara county
36065,Oneida County,NY,oneida county
36067,Onondaga County,NY,onondaga county
36069,Ontario County,NY,ontario county
36071,Orange County,NY,orange county
36073,Orleans County,NY,orleans county
36075,Oswego County,NY,oswego county
36077,Otsego County,NY,otsego county
36079,Putnam County,NY,putnam county
36081,Queens County,NY,queens county
36083,Rensselaer County,NY,rensselaer county
36085,Richmond County,NY,richmond county
36087,Rockland County,NY,rockland county
36089,St. Lawrence County,NY,st. lawrence county
36091,Saratoga County,NY,saratoga county
36093,Schenectady County,NY,schenectady county
36095,Schoharie County,NY,schoharie county
36097,Schuyler County,NY,schuyler county
36099,Seneca County,NY,seneca county
36101,Steuben County,NY,steuben county
36103,Suffolk County,NY,suffolk county
36105,Sullivan County,NY,sullivan county
36107,Tioga County,NY,tioga county
36109,Tompkins County,NY,tompkins county
36111,Ulster County,NY,ulster county
36113,Warren County,NY,warren county
36115,Washington County,NY,washington county
36117,Wayne County,NY,wayne county
36119,Westchester County,NY,westchester county
36121,Wyoming County,NY,wyoming county
36123,Yates County,NY,yates county
37000,NORTH CAROLINA,,north carolina
37001,Alamance County,NC,alamance county
37003,Alexander County,NC,alexander county
37005,Alleghany County,NC,alleghany county
37007,Anson County,NC,anson county
37009,Ashe County,NC,ashe county
37011,Avery County,NC,avery county
37013,Beaufort County,NC,beaufort county
37015,Bertie County,NC,bertie county
37017,Bladen County,NC,bladen county
37019,Brunswick County,NC,brunswick county
37021,Buncombe County,NC,buncombe county
37023,Burke County,NC,burke county
37025,Cabarrus County,NC,cabarrus county
37027,Caldwell County,NC,caldwell county
37029,Camden County,NC,camden county
37031,Carteret County,NC,carteret county
37033,Caswell County,NC,caswell county
37035,Catawba County,NC,catawba county
37037,Chatham County,NC,chatham county
37039,Cherokee County,NC,cherokee county
37041,Chowan County,NC,chowan county
37043,Clay County,NC,clay county
37045,Cleveland County,NC,cleveland county
37047,Columbus County,NC,columbus county
37049,Craven County,NC,craven county
37051,Cumberland County,NC,cumberland county
37053,Currituck County,NC,currituck county
37055,Dare County,NC,dare county
37057,Davidson County,NC,davidson county
37059,Davie County,NC,davie county
37061,Duplin County,NC,duplin county
37063,Durham County,NC,durham county
37065,Edgecombe County,NC,edgecombe county
37067,Forsyth County,NC,forsyth county
37069,Franklin County,NC,franklin county
37071,Gaston County,NC,gaston county
37073,Gates County,NC,gates county
37075,Graham County,NC,graham county
37077,Granville County,NC,granville county
37079,Greene County,NC,greene county
37081,Guilford County,NC,guilford county
37083,Halifax County,NC,halifax county
37085,Harnett County,NC,harnett county
37087,Haywood County,NC,haywood county
37089,Henderson County,NC,henderson county
37091,Hertford County,NC,hertford county
37093,Hoke County,NC,hoke county
37095,Hyde County,NC,hyde county
37097,Iredell County,NC,iredell county
37099,Jackson County,NC,jackson county
37101,Johnston County,NC,johnston county
37103,Jones County,NC,jones county
37105,Lee County,NC,lee county
37107,Lenoir County,NC,lenoir county
37109,Lincoln County,NC,lincoln county
37111,McDowell County,NC,mcdowell county
37113,Macon County,NC,macon county
37115,Madison County,NC,madison county
37117,Martin County,NC,martin county
37119,Mecklenburg County,NC,mecklenburg county
37121,Mitchell County,NC,mitchell county
37123,Montgomery County,NC,montgomery county
37125,Moore County,NC,moore county
37127,Nash County,NC,nash county
37129,New Hanover County,NC,new hanover county
37131,Northampton County,NC,northampton county
37133,Onslow County,NC,onslow county
37135,Orange County,NC,orange county
37137,Pamlico County,NC,pamlico county
37139,Pasquotank County,NC,pasquotank county
37141,Pender County,NC,pender county
37143,Perquimans County,NC,perquimans county
37145,Person County,NC,person county
37147,Pitt County,NC,pitt county
37149,Polk County,NC,polk county
37151,Randolph County,NC,randolph county
37153,Richmond County,NC,richmond county
37155,Robeson County,NC,robeson county
37157,Rockingham County,NC,rockingham county
37159,Rowan County,NC,rowan county
37161,Rutherford County,NC,rutherford county
37163,Sampson County,NC,sampson county
37165,Scotland County,NC,scotland county
37167,Stanly County,NC,stanly county
37169,Stokes County,NC,stokes county
37171,Surry County,NC,surry county
37173,Swain County,NC,swain county
37175,Transylvania County,NC,transylvania county
37177,Tyrrell County,NC,tyrrell county
37179,Union County,NC,union county
37181,Vance County,NC,vance county
37183,Wake County,NC,wake county
37185,Warren County,NC,warren county
37187,Washington County,NC,washington county
37189,Watauga County,NC,watauga county
37191,Wayne County,NC,wayne county
37193,Wilkes County,NC,wilkes county
37195,Wilson County,NC,wilson county
37197,Yadkin County,NC,yadkin county
37199,Yancey County,NC,yancey county
38000,NORTH DAKOTA,,north dakota
38001,Adams County,ND,adams county
38003,Barnes County,ND,barnes county
38005,Benson County,ND,benson county
38007,Billings County,ND,billings county
38009,Bottineau County,ND,bottineau county
38011,Bowman County,ND,bowman county
38013,Burke County,ND,burke county
38015,Burleigh County,ND,burleigh county
38017,Cass County,ND,cass county
38019,Cavalier County,ND,cavalier county
38021,Dickey County,ND,dickey county
38023,Divide County,ND,divide county
38025,Dunn County,ND,dunn county
38027,Eddy County,ND,eddy county
38029,Emmons County,ND,emmons county
38031,Foster County,ND,foster county
38033,Golden Valley County,ND,golden valley county
38035,Grand Forks County,ND,grand forks county
38037,Grant County,ND,grant county
38039,Griggs County,ND,griggs county
38041,Hettinger County,ND,hettinger county
38043,Kidder County,ND,kidder county
38045,LaMoure County,ND,lamoure county
38047,Logan County,ND,logan county
38049,McHenry County,ND,mchenry county
38051,McIntosh County,ND,mcintosh county
38053,McKenzie County,ND,mckenzie county
38055,McLean County,ND,mclean county
38057,Mercer County,ND,mercer county
38059,Morton County,ND,morton county
38061,Mountrail County,ND,mountrail county
38063,Nelson County,ND,nelson county
38065,Oliver County,ND,oliver county
38067,Pembina County,ND,pembina county
38069,Pierce County,ND,pierce county
38071,Ramsey County,ND,ramsey county
38073,Ransom County,ND,ransom county
38075,Renville County,ND,renville county
38077,Richland County,ND,richland county
38079,Rolette County,ND,rolette county
38081,Sargent County,ND,sargent county
38083,Sheridan County,ND,sheridan county
38085,Sioux County,ND,sioux county
38087,Slope County,ND,slope county
38089,Stark County,ND,stark county
38091,Steele County,ND,steele county
38093,Stutsman County,ND,stutsman county
38095,Towner County,ND,towner county
38097,Traill County,ND,traill county
38099,Walsh County,ND,walsh county
38101,Ward County,ND,ward county
38103,Wells County,ND,wells county
38105,Williams County,ND,williams county
39000,OHIO,,ohio
39001,Adams County,OH,adams county
39003,Allen County,OH,allen county
39005,Ashland County,OH,ashland county
39007,Ashtabula County,OH,ashtabula county
39009,Athens County,OH,athens county
39011,Auglaize County,OH,auglaize county
39013,Belmont County,OH,belmont county
39015,Brown County,OH,brown county
39017,Butler County,OH,butler county
39019,Carroll County,OH,carroll county
39021,Champaign County,OH,champaign county
39023,Clark County,OH,clark county
39025,Clermont County,OH,clermont county
39027,Clinton County,OH,clinton county
39029,Columbiana County,OH,columbiana county
39031,Coshocton County,OH,coshocton county
39033,Crawford County,OH,crawford county
39035,Cuyahoga County,OH,cuyahoga county
39037,Darke County,OH,darke county
39039,Defiance County,OH,defiance county
39041,Delaware County,OH,delaware county
39043,Erie County,OH,erie county
39045,Fairfield County,OH,fairfield county
39047,Fayette County,OH,fayette county
39049,Franklin County,OH,franklin county
39051,Fulton County,OH,fulton county
39053,Gallia County,OH,gallia county
39055,Geauga County,OH,geauga county
39057,Greene County,OH,greene county
39059,Guernsey County,OH,guernsey county
39061,Hamilton County,OH,hamilton county
39063,Hancock County,OH,hancock county
39065,Hardin County,OH,hardin county
39067,Harrison County,OH,harrison county
39069,Henry County,OH,henry county
39071,Highland County,OH,highland county
39073,Hocking County,OH,hocking county
39075,Holmes County,OH,holmes county
39077,Huron County,OH,huron county
39079,Jackson County,OH,jackson county
39081,Jefferson County,OH,jefferson county
39083,Knox County,OH,knox county
39085,Lake County,OH,lake county
39087,Lawrence County,OH,lawrence county
39089,Licking County,OH,licking county
39091,Logan County,OH,logan county
39093,Lorain County,OH,lorain county
39095,Lucas County,OH,lucas county
39097,Madison County,OH,madison county
39099,Mahoning County,OH,mahoning county
39101,Marion County,OH,marion county
39103,Medina County,OH,medina county
39105,Meigs County,OH,meigs county
39107,Mercer County,OH,mercer county
39109,Miami County,OH,miami county
39111,Monroe County,OH,monroe county
39113,Montgomery County,OH,montgomery county
39115,Morgan County,OH,morgan county
39117,Morrow County,OH,morrow county
39119,Muskingum County,OH,muskingum county
39121,Noble County,OH,noble county
39123,Ottawa County,OH,ottawa county
39125,Paulding County,OH,paulding county
39127,Perry County,OH,perry county
39129,Pickaway County,OH,pickaway county
39131,Pike County,OH,pike county
39133,Portage County,OH,portage county
39135,Preble County,OH,preble county
39137,Putnam County,OH,putnam county
39139,Richland County,OH,richland county
39141,Ross County,OH,ross county
39143,Sandusky County,OH,sandusky county
39145,Scioto County,OH,scioto county
39147,Seneca County,OH,seneca county
39149,Shelby County,OH,shelby county
39151,Stark County,OH,stark county
39153,Summit County,OH,summit county
39155,Trumbull County,OH,trumbull county
39157,Tuscarawas County,OH,tuscarawas county
39159,Union County,OH,union county
39161,Van Wert County,OH,van wert county
39163,Vinton County,OH,vinton county
39165,Warren County,OH,warren county
39167,Washington County,OH,washington county
39169,Wayne County,OH,wayne county
39171,Williams County,OH,williams county
39173,Wood County,OH,wood county
39175,Wyandot County,OH,wyandot county
40000,OKLAHOMA,,oklahoma
40001,Adair County,OK,adair county
40003,Alfalfa County,OK,alfalfa county
40005,Atoka County,OK,atoka county
40007,Beaver County,OK,beaver county
40009,Beckham County,OK,beckham county
40011,Blaine County,OK,blaine county
40013,Bryan County,OK,bryan county
40015,Caddo County,OK,caddo county
40017,Canadian County,OK,canadian county
40019,Carter County,OK,carter county
40021,Cherokee County,OK,cherokee county
40023,Choctaw County,OK,choctaw county
40025,Cimarron County,OK,cimarron county
40027,Cleveland County,OK,cleveland county
40029,Coal County,OK,coal county
40031,Comanche County,OK,comanche county
40033,Cotton County,OK,cotton county
40035,Craig County,OK,craig county
40037,Creek County,OK,creek county
40039,Custer County,OK,custer county
40041,Delaware County,OK,delaware county
40043,Dewey County,OK,dewey county
40045,Ellis County,OK,ellis county
40047,Garfield County,OK,garfield county
40049,Garvin County,OK,garvin county
40051,Grady County,OK,grady county
40053,Grant County,OK,grant county
40055,Greer County,OK,greer county
40057,Harmon County,OK,harmon county
40059,Harper County,OK,harper county
40061,Haskell County,OK,haskell county
40063,Hughes County,OK,hughes county
40065,Jackson County,OK,jackson county
40067,Jefferson County,OK,jefferson county
40069,Johnston County,OK,johnston county
40071,Kay County,OK,kay county
40073,Kingfisher County,OK,kingfisher county
40075,Kiowa County,OK,kiowa county
40077,Latimer County,OK,latimer county
40079,Le Flore County,OK,le flore county
40081,Lincoln County,OK,lincoln county
40083,Logan County,OK,logan county
40085,Love County,OK,love county
40087,McClain County,OK,mcclain county
40089,McCurtain County,OK,mccurtain county
40091,McIntosh County,OK,mcintosh county
40093,Major County,OK,major county
40095,Marshall County,OK,marshall county
40097,Mayes County,OK,mayes county
40099,Murray County,OK,murray county
40101,Muskogee County,OK,muskogee county
40103,Noble County,OK,noble county
40105,Nowata County,OK,nowata county
40107,Okfuskee County,OK,okfuskee county
40109,Oklahoma County,OK,oklahoma county
40111,Okmulgee County,OK,okmulgee county
40113,Osage County,OK,osage county
40115,Ottawa County,OK,ottawa county
40117,Pawnee County,OK,pawnee county
40119,Payne County,OK,payne county
40121,Pittsburg County,OK,pittsburg county
40123,Pontotoc County,OK,pontotoc county
40125,Pottawatomie County,OK,pottawatomie county
40127,Pushmataha County,OK,pushmataha county
40129,Roger Mills County,OK,roger mills county
40131,Rogers County,OK,rogers county
40133,Seminole County,OK,seminole county
40135,Sequoyah County,OK,sequoyah county
40137,Stephens County,OK,stephens county
40139,Texas County,OK,texas county
40141,Tillman County,OK,tillman county
40143,Tulsa County,OK,tulsa county
40145,Wagoner County,OK,wagoner county
40147,Washington County,OK,washington county
40149,Washita County,OK,washita county
40151,Woods County,OK,woods county
40153,Woodward County,OK,woodward county
41000,OREGON,,oregon
41001,Baker County,OR,baker county
41003,Benton County,OR,benton county
41005,Clackamas County,OR,clackamas county
41007,Clatsop County,OR,clatsop county
41009,Columbia County,OR,columbia county
41011,Coos County,OR,coos county
41013,Crook County,OR,crook county
41015,Curry County,OR,curry county
41017,Deschutes County,OR,deschutes county
41019,Douglas County,OR,douglas county
41021,Gilliam County,OR,gilliam county
41023,Grant County,OR,grant county
41025,Harney County,OR,harney county
41027,Hood River County,OR,hood river county
41029,Jackson County,OR,jackson county
41031,Jefferson County,OR,jefferson county
41033,Josephine County,OR,josephine county
41035,Klamath County,OR,klamath county
41037,Lake County,OR,lake county
41039,Lane County,OR,lane county
41041,Lincoln County,OR,lincoln county
41043,Linn County,OR,linn county
41045,Malheur County,OR,malheur county
41047,Marion County,OR,marion county
41049,Morrow County,OR,morrow county
41051,Multnomah County,OR,multnomah county
41053,Polk County,OR,polk county
41055,Sherman County,OR,sherman county
41057,Tillamook County,OR,tillamook county
41059,Umatilla County,OR,umatilla county
41061,Union County,OR,union county
41063,Wallowa County,OR,wallowa county
41065,Wasco County,OR,wasco county
41067,Washington County,OR,washington county
41069,Wheeler County,OR,wheeler county
41071,Yamhill County,OR,yamhill county
42000,PENNSYLVANIA,,pennsylvania
42001,Adams County,PA,adams county
42003,Allegheny County,PA,allegheny county
42005,Armstrong County,PA,armstrong county
42007,Beaver County,PA,beaver county
42009,Bedford County,PA,bedford county
42011,Berks County,PA,berks county
42013,Blair County,PA,blair county
42015,Bradford County,PA,bradford county
42017,Bucks County,PA,bucks county
42019,Butler County,PA,butler county
42021,Cambria County,PA,cambria county
42023,Cameron County,PA,cameron county
42025,Carbon County,PA,carbon county
42027,Centre County,PA,centre county
42029,Chester County,PA,chester county
42031,Clarion County,PA,clarion county
42033,Clearfield County,PA,clearfield county
42035,Clinton County,PA,clinton county
42037,Columbia County,PA,columbia county
42039,Crawford County,PA,crawford county
42041,Cumberland County,PA,cumberland county
42043,Dauphin County,PA,dauphin county
42045,Delaware County,PA,delaware county
42047,Elk County,PA,elk county
42049,Erie County,PA,erie county
42051,Fayette County,PA,fayette county
42053,Forest County,PA,forest county
42055,Franklin County,PA,franklin county
42057,Fulton County,PA,fulton county
42059,Greene County,PA,greene county
42061,Huntingdon County,PA,huntingdon county
42063,Indiana County,PA,indiana county
42065,Jefferson County,PA,jefferson county
42067,Juniata County,PA,juniata county
42069,Lackawanna County,PA,lackawanna county
42071,Lancaster County,PA,lancaster county
42073,Lawrence County,PA,lawrence county
42075,Lebanon County,PA,lebanon county
42077,Lehigh County,PA,lehigh county
42079,Luzerne County,PA,luzerne county
42081,Lycoming County,PA,lycoming county
42083,McKean County,PA,mckean county
42085,Mercer County,PA,mercer county
42087,Mifflin County,PA,mifflin county
42089,Monroe County,PA,monroe county
42091,Montgomery County,PA,montgomery county
42093,Montour County,PA,montour county
42095,Northampton County,PA,northampton county
42097,Northumberland County,PA,northumberland county
42099,Perry County,PA,perry county
42101,Philadelphia County,PA,philadelphia county
42103,Pike County,PA,pike county
42105,Potter County,PA,potter county
42107,Schuylkill County,PA,schuylkill county
42109,Snyder County,PA,snyder county
42111,Somerset County,PA,somerset county
42113,Sullivan County,PA,sullivan county
42115,Susquehanna County,PA,susquehanna county
42117,Tioga County,PA,tioga county
42119,Union County,PA,union county
42121,Venango County,PA,venango county
42123,Warren County,PA,warren county
42125,Washington County,PA,washington county
42127,Wayne County,PA,wayne county
42129,Westmoreland County,PA,westmoreland county
42131,Wyoming County,PA,wyoming county
42133,York County,PA,york county
44000,RHODE ISLAND,,rhode island
44001,Bristol County,RI,bristol county
44003,Kent County,RI,kent county
44005,Newport County,RI,newport county
44007,Providence County,RI,providence county
44009,Washington County,RI,washington county
45000,SOUTH CAROLINA,,south carolina
45001,Abbeville County,SC,abbeville county
45003,Aiken County,SC,aiken county
45005,Allendale County,SC,allendale county
45007,Anderson County,SC,anderson county
45009,Bamberg County,SC,bamberg county
45011,Barnwell County,SC,barnwell county
45013,Beaufort County,SC,beaufort county
45015,Berkeley County,SC,berkeley county
45017,Calhoun County,SC,calhoun county
45019,Charleston County,SC,charleston county
45021,Cherokee County,SC,cherokee county
45023,Chester County,SC,chester county
45025,Chesterfield County,SC,chesterfield county
45027,Clarendon County,SC,clarendon county
45029,Colleton County,SC,colleton county
45031,Darlington County,SC,darlington county
45033,Dillon County,SC,dillon county
45035,Dorchester County,SC,dorchester county
45037,Edgefield County,SC,edgefield county
45039,Fairfield County,SC,fairfield county
45041,Florence County,SC,florence county
45043,Georgetown County,SC,georgetown county
45045,Greenville County,SC,greenville county
45047,Greenwood County,SC,greenwood county
45049,Hampton County,SC,hampton county
45051,Horry County,SC,horry county
45053,Jasper County,SC,jasper county
45055,Kershaw County,SC,kershaw county
45057,Lancaster County,SC,lancaster county
45059,Laurens County,SC,laurens county
45061,Lee County,SC,lee county
45063,Lexington County,SC,lexington county
45065,McCormick County,SC,mccormick county
45067,Marion County,SC,marion county
45069,Marlboro County,SC,marlboro county
45071,Newberry County,SC,newberry county
45073,Oconee County,SC,oconee county
45075,Orangeburg County,SC,orangeburg county
45077,Pickens County,SC,pickens county
45079,Richland County,SC,richland county
45081,Saluda County,SC,saluda county
45083,Spartanburg County,SC,spartanburg county
45085,Sumter County,SC,sumter county
45087,Union County,SC,union county
45089,Williamsburg County,SC,williamsburg county
45091,York County,SC,york county
46000,SOUTH DAKOTA,,south dakota
46003,Aurora County,SD,aurora county
46005,Beadle County,SD,beadle county
46007,Bennett County,SD,bennett county
46009,Bon Homme County,SD,bon homme county
46011,Brookings County,SD,brookings county
46013,Brown County,SD,brown county
46015,Brule County,SD,brule county
46017,Buffalo County,SD,buffalo county
46019,Butte County,SD,butte county
46021,Campbell County,SD,campbell county
46023,Charles Mix County,SD,charles mix county
46025,Clark County,SD,clark county
46027,Clay County,SD,clay county
46029,Codington County,SD,codington county
46031,Corson County,SD,corson county
46033,Custer County,SD,custer county
46035,Davison County,SD,davison county
46037,Day County,SD,day county
46039,Deuel County,SD,deuel county
46041,Dewey County,SD,dewey county
46043,Douglas County,SD,douglas county
46045,Edmunds County,SD,edmunds county
46047,Fall River County,SD,fall river county
46049,Faulk County,SD,faulk county
46051,Grant County,SD,grant county
46053,Gregory County,SD,gregory county
46055,Haakon County,SD,haakon county
46057,Hamlin County,SD,hamlin county
46059,Hand County,SD,hand county
46061,Hanson County,SD,hanson county
46063,Harding County,SD,harding county
46065,Hughes County,SD,hughes county
46067,Hutchinson County,SD,hutchinson county
46069,Hyde County,SD,hyde county
46071,Jackson County,SD,jackson county
46073,Jerauld County,SD,jerauld county
46075,Jones County,SD,jones county
46077,Kingsbury County,SD,kingsbury county
46079,Lake County,SD,lake county
46081,Lawrence County,SD,lawrence county
46083,Lincoln County,SD,lincoln county
46085,Lyman County,SD,lyman county
46087,McCook County,SD,mccook county
46089,McPherson County,SD,mcpherson county
46091,Marshall County,SD,marshall county
46093,Meade County,SD,meade county
46095,Mellette County,SD,mellette county
46097,Miner County,SD,miner county
46099,Minnehaha County,SD,minnehaha county
46101,Moody County,SD,moody county
46103,Pennington County,SD,pennington county
46105,Perkins County,SD,perkins county
46107,Potter County,SD,potter county
46109,Roberts County,SD,roberts county
46111,Sanborn County,SD,sanborn county
46113,Shannon County,SD,shannon county
46115,Spink County,SD,spink county
46117,Stanley County,SD,stanley county
46119,Sully County,SD,sully county
46121,Todd County,SD,todd county
46123,Tripp County,SD,tripp county
46125,Turner County,SD,turner county
46127,Union County,SD,union county
46129,Walworth County,SD,walworth county
46135,Yankton County,SD,yankton county
46137,Ziebach County,SD,ziebach county
47000,TENNESSEE,,tennessee
47001,Anderson County,TN,anderson county
47003,Bedford County,TN,bedford county
47005,Benton County,TN,benton county
47007,Bledsoe County,TN,bledsoe county
47009,Blount County,TN,blount county
47011,Bradley County,TN,bradley county
47013,Campbell County,TN,campbell county
47015,Cannon County,TN,cannon county
47017,Carroll County,TN,carroll county
47019,Carter County,TN,carter county
47021,Cheatham County,TN,cheatham county
47023,Chester County,TN,chester county
47025,Claiborne County,TN,claiborne county
47027,Clay County,TN,clay county
47029,Cocke County,TN,cocke county
47031,Coffee County,TN,coffee county
47033,Crockett County,TN,crockett county
47035,Cumberland County,TN,cumberland county
47037,Davidson County,TN,davidson county
47039,Decatur County,TN,decatur county
47041,DeKalb County,TN,dekalb county
47043,Dickson County,TN,dickson county
47045,Dyer County,TN,dyer county
47047,Fayette County,TN,fayette county
47049,Fentress County,TN,fentress county
47051,Franklin County,TN,franklin county
47053,Gibson County,TN,gibson county
47055,Giles County,TN,giles county
47057,Grainger County,TN,grainger county
47059,Greene County,TN,greene county
47061,Grundy County,TN,grundy county
47063,Hamblen County,TN,hamblen county
47065,Hamilton County,TN,hamilton county
47067,Hancock County,TN,hancock county
47069,Hardeman County,TN,hardeman county
47071,Hardin County,TN,hardin county
47073,Hawkins County,TN,hawkins county
47075,Haywood County,TN,haywood county
47077,Henderson County,TN,henderson county
47079,Henry County,TN,henry county
47081,Hickman County,TN,hickman county
47083,Houston County,TN,houston county
47085,Humphreys County,TN,humphreys county
47087,Jackson County,TN,jackson county
47089,Jefferson County,TN,jefferson county
47091,Johnson County,TN,johnson county
47093,Knox County,TN,knox county
47095,Lake County,TN,lake county
47097,Lauderdale County,TN,lauderdale county
47099,Lawrence County,TN,lawrence county
47101,Lewis County,TN,lewis county
47103,Lincoln County,TN,lincoln county
47105,Loudon County,TN,loudon county
47107,McMinn County,TN,mcminn county
47109,McNairy County,TN,mcnairy county
47111,Macon County,TN,macon county
47113,Madison County,TN,madison county
47115,Marion County,TN,marion county
47117,Marshall County,TN,marshall county
47119,Maury County,TN,maury county
47121,Meigs County,TN,meigs county
47123,Monroe County,TN,monroe county
47125,Montgomery County,TN,montgomery county
47127,Moore County,TN,moore county
47129,Morgan County,TN,morgan county
47131,Obion County,TN,obion county
47133,Overton County,TN,overton county
47135,Perry County,TN,perry county
47137,Pickett County,TN,pickett county
47139,Polk County,TN,polk county
47141,Putnam County,TN,putnam county
47143,Rhea County,TN,rhea county
47145,Roane County,TN,roane county
47147,Robertson County,TN,robertson county
47149,Rutherford County,TN,rutherford county
47151,Scott County,TN,scott county
47153,Sequatchie County,TN,sequatchie county
47155,Sevier County,TN,sevier county
47157,Shelby County,TN,shelby county
47159,Smith County,TN,smith county
47161,Stewart County,TN,stewart county
47163,Sullivan County,TN,sullivan county
47165,Sumner County,TN,sumner county
47167,Tipton County,TN,tipton county
47169,Trousdale County,TN,trousdale county
47171,Unicoi County,TN,unicoi county
47173,Union County,TN,union county
47175,Van Buren County,TN,van buren county
47177,Warren County,TN,warren county
47179,Washington County,TN,washington county
47181,Wayne County,TN,wayne county
47183,Weakley County,TN,weakley county
47185,White County,TN,white county
47187,Williamson County,TN,williamson county
47189,Wilson County,TN,wilson county
48000,TEXAS,,texas
48001,Anderson County,TX,anderson county
48003,Andrews County,TX,andrews county
48005,Angelina County,TX,angelina county
48007,Aransas County,TX,aransas county
48009,Archer County,TX,archer county
48011,Armstrong County,TX,armstrong county
48013,Atascosa County,TX,atascosa county
48015,Austin County,TX,austin county
48017,Bailey County,TX,bailey county
48019,Bandera County,TX,bandera county
48021,Bastrop County,TX,bastrop county
48023,Baylor County,TX,baylor county
48025,Bee County,TX,bee county
48027,Bell County,TX,bell county
48029,Bexar County,TX,bexar county
48031,Blanco County,TX,blanco county
48033,Borden County,TX,borden county
48035,Bosque County,TX,bosque county
48037,Bowie County,TX,bowie county
48039,Brazoria County,TX,brazoria county
48041,Brazos County,TX,brazos county
48043,Brewster County,TX,brewster county
48045,Briscoe County,TX,briscoe county
48047,Brooks County,TX,brooks county
48049,Brown County,TX,brown county
48051,Burleson County,TX,burleson county
48053,Burnet County,TX,burnet county
48055,Caldwell County,TX,caldwell county
48057,Calhoun County,TX,calhoun county
48059,Callahan County,TX,callahan county
48061,Cameron County,TX,cameron county
48063,Camp County,TX,camp county
48065,Carson County,TX,carson county
48067,Cass County,TX,cass county
48069,Castro County,TX,castro county
48071,Chambers County,TX,chambers county
48073,Cherokee County,TX,cherokee county
48075,Childress County,TX,childress county
48077,Clay County,TX,clay county
48079,Cochran County,TX,cochran county
48081,Coke County,TX,coke county
48083,Coleman County,TX,coleman county
48085,Collin County,TX,collin county
48087,Collingsworth County,TX,collingsworth county
48089,Colorado County,TX,colorado county
48091,Comal County,TX,comal county
48093,Comanche County,TX,comanche county
48095,Concho County,TX,concho county
48097,Cooke County,TX,cooke county
48099,Coryell County,TX,coryell county
48101,Cottle County,TX,cottle county
48103,Crane County,TX,crane county
48105,Crockett County,TX,crockett county
48107,Crosby County,TX,crosby county
48109,Culberson County,TX,culberson county
48111,Dallam County,TX,dallam county
48113,Dallas County,TX,dallas county
48115,Dawson County,TX,dawson county
48117,Deaf Smith County,TX,deaf smith county
48119,Delta County,TX,delta county
48121,Denton County,TX,denton county
48123,DeWitt County,TX,dewitt county
48125,Dickens County,TX,dickens county
48127,Dimmit County,TX,dimmit county
48129,Donley County,TX,donley county
48131,Duval County,TX,duval county
48133,Eastland County,TX,eastland county
48135,Ector County,TX,ector county
48137,Edwards County,TX,edwards county
48139,Ellis County,TX,ellis county
48141,El Paso County,TX,el paso county
48143,Erath County,TX,erath county
48145,Falls County,TX,falls county
48147,Fannin County,TX,fannin county
48149,Fayette County,TX,fayette county
48151,Fisher County,TX,fisher county
48153,Floyd County,TX,floyd county
48155,Foard County,TX,foard county
48157,Fort Bend County,TX,fort bend county
48159,Franklin County,TX,franklin county
48161,Freestone County,TX,freestone county
48163,Frio County,TX,frio county
48165,Gaines County,TX,gaines county
48167,Galveston County,TX,galveston county
48169,Garza County,TX,garza county
48171,Gillespie County,TX,gillespie county
48173,Glasscock County,TX,glasscock county
48175,Goliad County,TX,goliad county
48177,Gonzales County,TX,gonzales county
48179,Gray County,TX,gray county
48181,Grayson County,TX,grayson county
48183,Gregg County,TX,gregg county
48185,Grimes County,TX,grimes county
48187,Guadalupe County,TX,guadalupe county
48189,Hale County,TX,hale county
48191,Hall County,TX,hall county
48193,Hamilton County,TX,hamilton county
48195,Hansford County,TX,hansford county
48197,Hardeman County,TX,hardeman county
48199,Hardin County,TX,hardin county
48201,Harris County,TX,harris county
48203,Harrison County,TX,harrison county
48205,Hartley County,TX,hartley county
48207,Haskell County,TX,haskell county
48209,Hays County,TX,hays county
48211,Hemphill County,TX,hemphill county
48213,Henderson County,TX,henderson county
48215,Hidalgo County,TX,hidalgo county
48217,Hill County,TX,hill county
48219,Hockley County,TX,hockley county
48221,Hood County,TX,hood county
48223,Hopkins County,TX,hopkins county
48225,Houston County,TX,houston county
48227,Howard County,TX,howard county
48229,Hudspeth County,TX,hudspeth county
48231,Hunt County,TX,hunt county
48233,Hutchinson County,TX,hutchinson county
48235,Irion County,TX,irion county
48237,Jack County,TX,jack county
48239,Jackson County,TX,jackson county
48241,Jasper County,TX,jasper county
48243,Jeff Davis County,TX,jeff davis county
48245,Jefferson County,TX,jefferson county
48247,Jim Hogg County,TX,jim hogg county
48249,Jim Wells County,TX,jim wells county
48251,Johnson County,TX,johnson county
48253,Jones County,TX,jones county
48255,Karnes County,TX,karnes county
48257,Kaufman County,TX,kaufman county
48259,Kendall County,TX,kendall county
48261,Kenedy County,TX,kenedy county
48263,Kent County,TX,kent county
48265,Kerr County,TX,kerr county
48267,Kimble County,TX,kimble county
48269,King County,TX,king county
48271,Kinney County,TX,kinney county
48273,Kleberg County,TX,kleberg county
48275,Knox County,TX,knox county
48277,Lamar County,TX,lamar county
48279,Lamb County,TX,lamb county
48281,Lampasas County,TX,lampasas county
48283,La Salle County,TX,la salle county
48285,Lavaca County,TX,lavaca county
48287,Lee County,TX,lee county
48289,Leon County,TX,leon county
48291,Liberty County,TX,liberty county
48293,Limestone County,TX,limestone county
48295,Lipscomb County,TX,lipscomb county
48297,Live Oak County,TX,live oak county
48299,Llano County,TX,llano county
48301,Loving County,TX,loving county
48303,Lubbock County,TX,lubbock county
48305,Lynn County,TX,lynn county
48307,McCulloch County,TX,mcculloch county
48309,McLennan County,TX,mclennan county
48311,McMullen County,TX,mcmullen county
48313,Madison County,TX,madison county
48315,Marion County,TX,marion county
48317,Martin County,TX,martin county
48319,Mason County,TX,mason county
48321,Matagorda County,TX,matagorda county
48323,Maverick County,TX,maverick county
48325,Medina County,TX,medina county
48327,Menard County,TX,menard county
48329,Midland County,TX,midland county
48331,Milam County,TX,milam county
48333,Mills County,TX,mills county
48335,Mitchell County,TX,mitchell county
48337,Montague County,TX,montague county
48339,Montgomery County,TX,montgomery county
48341,Moore County,TX,moore county
48343,Morris County,TX,morris county
48345,Motley County,TX,motley county
48347,Nacogdoches County,TX,nacogdoches county
48349,Navarro County,TX,navarro county
48351,Newton County,TX,newton county
48353,Nolan County,TX,nolan county
48355,Nueces County,TX,nueces county
48357,Ochiltree County,TX,ochiltree county
48359,Oldham County,TX,oldham county
48361,Orange County,TX,orange county
48363,Palo Pinto County,TX,palo pinto county
48365,Panola County,TX,panola county
48367,Parker County,TX,parker county
48369,Parmer County,TX,parmer county
48371,Pecos County,TX,pecos county
48373,Polk County,TX,polk county
48375,Potter County,TX,potter county
48377,Presidio County,TX,presidio county
48379,Rains County,TX,rains county
48381,Randall County,TX,randall county
48383,Reagan County,TX,reagan county
48385,Real County,TX,real county
48387,Red River County,TX,red river county
48389,Reeves County,TX,reeves county
48391,Refugio County,TX,refugio county
48393,Roberts County,TX,roberts county
48395,Robertson County,TX,robertson county
48397,Rockwall County,TX,rockwall county
48399,Runnels County,TX,runnels county
48401,Rusk County,TX,rusk county
48403,Sabine County,TX,sabine county
48405,San Augustine County,TX,san augustine county
48407,San Jacinto County,TX,san jacinto county
48409,San Patricio County,TX,san patricio county
48411,San Saba County,TX,san saba county
48413,Schleicher County,TX,schleicher county
48415,Scurry County,TX,scurry county
48417,Shackelford County,TX,shackelford county
48419,Shelby County,TX,shelby county
48421,Sherman County,TX,sherman county
48423,Smith County,TX,smith county
48425,Somervell County,TX,somervell county
48427,Starr County,TX,starr county
48429,Stephens County,TX,stephens county
48431,Sterling County,TX,sterling county
48433,Stonewall County,TX,stonewall county
48435,Sutton County,TX,sutton county
48437,Swisher County,TX,swisher county
48439,Tarrant County,TX,tarrant county
48441,Taylor County,TX,taylor county
48443,Terrell County,TX,terrell county
48445,Terry County,TX,terry county
48447,Throckmorton County,TX,throckmorton county
48449,Titus County,TX,titus county
48451,Tom Green County,TX,tom green county
48453,Travis County,TX,travis county
48455,Trinity County,TX,trinity county
48457,Tyler County,TX,tyler county
48459,Upshur County,TX,upshur county
48461,Upton County,TX,upton county
48463,Uvalde County,TX,uvalde county
48465,Val Verde County,TX,val verde county
48467,Van Zandt County,TX,van zandt county
48469,Victoria County,TX,victoria county
48471,Walker County,TX,walker county
48473,Waller County,TX,waller county
48475,Ward County,TX,ward county
48477,Washington County,TX,washington county
48479,Webb County,TX,webb county
48481,Wharton County,TX,wharton county
48483,Wheeler County,TX,wheeler county
48485,Wichita County,TX,wichita county
48487,Wilbarger County,TX,wilbarger county
48489,Willacy County,TX,willacy county
48491,Williamson County,TX,williamson county
48493,Wilson County,TX,wilson county
48495,Winkler County,TX,winkler county
48497,Wise County,TX,wise county
48499,Wood County,TX,wood county
48501,Yoakum County,TX,yoakum county
48503,Young County,TX,young county
48505,Zapata County,TX,zapata county
48507,Zavala County,TX,zavala county
49000,UTAH,,utah
49001,Beaver County,UT,beaver county
49003,Box Elder County,UT,box elder county
49005,Cache County,UT,cache county
49007,Carbon County,UT,carbon county
49009,Daggett County,UT,daggett county
49011,Davis County,UT,davis county
49013,Duchesne County,UT,duchesne county
49015,Emery County,UT,emery county
49017,Garfield County,UT,garfield county
49019,Grand County,UT,grand county
49021,Iron County,UT,iron county
49023,Juab County,UT,juab county
49025,Kane County,UT,kane county
49027,Millard County,UT,millard county
49029,Morgan County,UT,morgan county
49031,Piute County,UT,piute county
49033,Rich County,UT,rich county
49035,Salt Lake County,UT,salt lake county
49037,San Juan County,UT,san juan county
49039,Sanpete County,UT,sanpete county
49041,Sevier County,UT,sevier county
49043,Summit County,UT,summit county
49045,Tooele County,UT,tooele county
49047,Uintah County,UT,uintah county
49049,Utah County,UT,utah county
49051,Wasatch County,UT,wasatch county
49053,Washington County,UT,washington county
49055,Wayne County,UT,wayne county
49057,Weber County,UT,weber county
50000,VERMONT,,vermont
50001,Addison County,VT,addison county
50003,Bennington County,VT,bennington county
50005,Caledonia County,VT,caledonia county
50007,Chittenden County,VT,chittenden county
50009,Essex County,VT,essex county
50011,Franklin County,VT,franklin county
50013,Grand Isle County,VT,grand isle county
50015,Lamoille County,VT,lamoille county
50017,Orange County,VT,orange county
50019,Orleans County,VT,orleans county
50021,Rutland County,VT,rutland county
50023,Washington County,VT,washington county
50025,Windham County,VT,windham county
50027,Windsor County,VT,windsor county
51000,VIRGINIA,,virginia
51001,Accomack County,VA,accomack county
51003,Albemarle County,VA,albemarle county
51005,Alleghany County,VA,alleghany county
51007,Amelia County,VA,amelia county
51009,Amherst County,VA,amherst county
51011,Appomattox County,VA,appomattox county
51013,Arlington County,VA,arlington county
51015,Augusta County,VA,augusta county
51017,Bath County,VA,bath county
51019,Bedford County,VA,bedford county
51021,Bland County,VA,bland county
51023,Botetourt County,VA,botetourt county
51025,Brunswick County,VA,brunswick county
51027,Buchanan County,VA,buchanan county
51029,Buckingham County,VA,buckingham county
51031,Campbell County,VA,campbell county
51033,Caroline County,VA,caroline county
51035,Carroll County,VA,carroll county
51036,Charles City County,VA,charles city county
51037,Charlotte County,VA,charlotte county
51041,Chesterfield County,VA,chesterfield county
51043,Clarke County,VA,clarke county
51045,Craig County,VA,craig county
51047,Culpeper County,VA,culpeper county
51049,Cumberland County,VA,cumberland county
51051,Dickenson County,VA,dickenson county
51053,Dinwiddie County,VA,dinwiddie county
51057,Essex County,VA,essex county
51059,Fairfax County,VA,fairfax county
51061,Fauquier County,VA,fauquier county
51063,Floyd County,VA,floyd county
51065,Fluvanna County,VA,fluvanna county
51067,Franklin County,VA,franklin county
51069,Frederick County,VA,frederick county
51071,Giles County,VA,giles county
51073,Gloucester County,VA,gloucester county
51075,Goochland County,VA,goochland county
51077,Grayson County,VA,grayson county
51079,Greene County,VA,greene county
51081,Greensville County,VA,greensville county
51083,Halifax County,VA,halifax county
51085,Hanover County,VA,hanover county
51087,Henrico County,VA,henrico county
51089,Henry County,VA,henry county
51091,Highland County,VA,highland county
51093,Isle of Wight County,VA,isle of wight county
51095,James City County,VA,james city county
51097,King and Queen County,VA,king and queen county
51099,King George County,VA,king george county
51101,King William County,VA,king william county
51103,Lancaster County,VA,lancaster county
51105,Lee County,VA,lee county
51107,Loudoun County,VA,loudoun county
51109,Louisa County,VA,louisa county
51111,Lunenburg County,VA,lunenburg county
51113,Madison County,VA,madison county
51115,Mathews County,VA,mathews county
51117,Mecklenburg County,VA,mecklenburg county
51119,Middlesex County,VA,middlesex county
51121,Montgomery County,VA,montgomery county
51125,Nelson County,VA,nelson county
51127,New Kent County,VA,new kent county
51131,Northampton County,VA,northampton county
51133,Northumberland County,VA,northumberland county
51135,Nottoway County,VA,nottoway county
51137,Orange County,VA,orange county
51139,Page County,VA,page county
51141,Patrick County,VA,patrick county
51143,Pittsylvania County,VA,pittsylvania county
51145,Powhatan County,VA,powhatan county
51147,Prince Edward County,VA,prince edward county
51149,Prince George County,VA,prince george county
51153,Prince William County,VA,prince william county
51155,Pulaski County,VA,pulaski county
51157,Rappahannock County,VA,rappahannock county
51159,Richmond County,VA,richmond county
51161,Roanoke County,VA,roanoke county
51163,Rockbridge County,VA,rockbridge county
51165,Rockingham County,VA,rockingham county
51167,Russell County,VA,russell county
51169,Scott County,VA,scott county
51171,Shenandoah County,VA,shenandoah county
51173,Smyth County,VA,smyth county
51175,Southampton County,VA,southampton county
51177,Spotsylvania County,VA,spotsylvania county
51179,Stafford County,VA,stafford county
51181,Surry County,VA,surry county
51183,Sussex County,VA,sussex county
51185,Tazewell County,VA,tazewell county
51187,Warren County,VA,warren county
51191,Washington County,VA,washington county
51193,Westmoreland County,VA,westmoreland county
51195,Wise County,VA,wise county
51197,Wythe County,VA,wythe county
51199,York County,VA,york county
51510,Alexandria city,VA,alexandria city
51515,Bedford city,VA,bedford city
51520,Bristol city,VA,bristol city
51530,Buena Vista city,VA,buena vista city
51540,Charlottesville city,VA,charlottesville city
51550,Chesapeake city,VA,chesapeake city
51570,Colonial Heights city,VA,colonial heights city
51580,Covington city,VA,covington city
51590,Danville city,VA,danville city
51595,Emporia city,VA,emporia city
51600,Fairfax city,VA,fairfax city
51610,Falls Church city,VA,falls church city
51620,Franklin city,VA,franklin city
51630,Fredericksburg city,VA,fredericksburg city
51640,Galax city,VA,galax city
51650,Hampton city,VA,hampton city
51660,Harrisonburg city,VA,harrisonburg city
51670,Hopewell city,VA,hopewell city
51678,Lexington city,VA,lexington city
51680,Lynchburg city,VA,lynchburg city
51683,Manassas city,VA,manassas city
51685,Manassas Park city,VA,manassas park city
51690,Martinsville city,VA,martinsville city
51700,Newport News city,VA,newport news city
51710,Norfolk city,VA,norfolk city
51720,Norton city,VA,norton city
51730,Petersburg city,VA,petersburg city
51735,Poquoson city,VA,poquoson city
51740,Portsmouth city,VA,portsmouth city
51750,Radford city,VA,radford city
51760,Richmond city,VA,richmond city
51770,Roanoke city,VA,roanoke city
51775,Salem city,VA,salem city
51790,Staunton city,VA,staunton city
51800,Suffolk city,VA,suffolk city
51810,Virginia Beach city,VA,virginia beach city
51820,Waynesboro city,VA,waynesboro city
51830,Williamsburg city,VA,williamsburg city
51840,Winchester city,VA,winchester city
53000,WASHINGTON,,washington
53001,Adams County,WA,adams county
53003,Asotin County,WA,asotin county
53005,Benton County,WA,benton county
53007,Chelan County,WA,chelan county
53009,Clallam County,WA,clallam county
53011,Clark County,WA,clark county
53013,Columbia County,WA,columbia county
53015,Cowlitz County,WA,cowlitz county
53017,Douglas County,WA,douglas county
53019,Ferry County,WA,ferry county
53021,Franklin County,WA,franklin county
53023,Garfield County,WA,garfield county
53025,Grant County,WA,grant county
53027,Grays Harbor County,WA,grays harbor county
53029,Island County,WA,island county
53031,Jefferson County,WA,jefferson county
53033,King County,WA,king county
53035,Kitsap County,WA,kitsap county
53037,Kittitas County,WA,kittitas county
53039,Klickitat County,WA,klickitat county
53041,Lewis County,WA,lewis county
53043,Lincoln County,WA,lincoln county
53045,Mason County,WA,mason county
53047,Okanogan County,WA,okanogan county
53049,Pacific County,WA,pacific county
53051,Pend Oreille County,WA,pend oreille county
53053,Pierce County,WA,pierce county
53055,San Juan County,WA,san juan county
53057,Skagit County,WA,skagit county
53059,Skamania County,WA,skamania county
53061,Snohomish County,WA,snohomish county
53063,Spokane County,WA,spokane county
53065,Stevens County,WA,stevens county
53067,Thurston County,WA,thurston county
53069,Wahkiakum County,WA,wahkiakum county
53071,Walla Walla County,WA,walla walla county
53073,Whatcom County,WA,whatcom county
53075,Whitman County,WA,whitman county
53077,Yakima County,WA,yakima county
54000,WEST VIRGINIA,,west virginia
54001,Barbour County,WV,barbour county
54003,Berkeley County,WV,berkeley county
54005,Boone County,WV,boone county
54007,Braxton County,WV,braxton county
54009,Brooke County,WV,brooke county
54011,Cabell County,WV,cabell county
54013,Calhoun County,WV,calhoun county
54015,Clay County,WV,clay county
54017,Doddridge County,WV,doddridge county
54019,Fayette County,WV,fayette county
54021,Gilmer County,WV,gilmer county
54023,Grant County,WV,grant county
54025,Greenbrier County,WV,greenbrier county
54027,Hampshire County,WV,hampshire county
54029,Hancock County,WV,hancock county
54031,Hardy County,WV,hardy county
54033,Harrison County,WV,harrison county
54035,Jackson County,WV,jackson county
54037,Jefferson County,WV,jefferson county
54039,Kanawha County,WV,kanawha county
54041,Lewis County,WV,lewis county
54043,Lincoln County,WV,lincoln county
54045,Logan County,WV,logan county
54047,McDowell County,WV,mcdowell county
54049,Marion County,WV,marion county
54051,Marshall County,WV,marshall county
54053,Mason County,WV,mason county
54055,Mercer County,WV,mercer county
54057,Mineral County,WV,mineral county
54059,Mingo County,WV,mingo county
54061,Monongalia County,WV,monongalia county
54063,Monroe County,WV,monroe county
54065,Morgan County,WV,morgan county
54067,Nicholas County,WV,nicholas county
54069,Ohio County,WV,ohio county
54071,Pendleton County,WV,pendleton county
54073,Pleasants County,WV,pleasants county
54075,Pocahontas County,WV,pocahontas county
54077,Preston County,WV,preston county
54079,Putnam County,WV,putnam county
54081,Raleigh County,WV,raleigh county
54083,Randolph County,WV,randolph county
54085,Ritchie County,WV,ritchie county
54087,Roane County,WV,roane county
54089,Summers County,WV,summers county
54091,Taylor County,WV,taylor county
54093,Tucker County,WV,tucker county
54095,Tyler County,WV,tyler county
54097,Upshur County,WV,upshur county
54099,Wayne County,WV,wayne county
54101,Webster County,WV,webster county
54103,Wetzel County,WV,wetzel county
54105,Wirt County,WV,wirt county
54107,Wood County,WV,wood county
54109,Wyoming County,WV,wyoming county
55000,WISCONSIN,,wisconsin
55001,Adams County,WI,adams county
55003,Ashland County,WI,ashland county
55005,Barron County,WI,barron county
55007,Bayfield County,WI,bayfield county
55009,Brown County,WI,brown county
55011,Buffalo County,WI,buffalo county
55013,Burnett County,WI,burnett county
55015,Calumet County,WI,calumet county
55017,Chippewa County,WI,chippewa county
55019,Clark County,WI,clark county
55021,Columbia County,WI,columbia county
55023,Crawford County,WI,crawford county
55025,Dane County,WI,dane county
55027,Dodge County,WI,dodge county
55029,Door County,WI,door county
55031,Douglas County,WI,douglas county
55033,Dunn County,WI,dunn county
55035,Eau Claire County,WI,eau claire county
55037,Florence County,WI,florence county
55039,Fond du Lac County,WI,fond du lac county
55041,Forest County,WI,forest county
55043,Grant County,WI,grant county
55045,Green County,WI,green county
55047,Green Lake County,WI,green lake county
55049,Iowa County,WI,iowa county
55051,Iron County,WI,iron county
55053,Jackson County,WI,jackson county
55055,Jefferson County,WI,jefferson county
55057,Juneau County,WI,juneau county
55059,Kenosha County,WI,kenosha county
55061,Kewaunee County,WI,kewaunee county
55063,La Crosse County,WI,la crosse county
55065,Lafayette County,WI,lafayette county
55067,Langlade County,WI,langlade county
55069,Lincoln County,WI,lincoln county
55071,Manitowoc County,WI,manitowoc county
55073,Marathon County,WI,marathon county
55075,Marinette County,WI,marinette county
55077,Marquette County,WI,marquette county
55078,Menominee County,WI,menominee county
55079,Milwaukee County,WI,milwaukee county
55081,Monroe County,WI,monroe county
55083,Oconto County,WI,oconto county
55085,Oneida County,WI,oneida county
55087,Outagamie County,WI,outagamie county
55089,Ozaukee County,WI,ozaukee county
55091,Pepin County,WI,pepin county
55093,Pierce County,WI,pierce county
55095,Polk County,WI,polk county
55097,Portage County,WI,portage county
55099,Price County,WI,price county
55101,Racine County,WI,racine county
55103,Richland County,WI,richland county
55105,Rock County,WI,rock county
55107,Rusk County,WI,rusk county
55109,St. Croix County,WI,st. croix county
55111,Sauk County,WI,sauk county
55113,Sawyer County,WI,sawyer county
55115,Shawano County,WI,shawano county
55117,Sheboygan County,WI,sheboygan county
55119,Taylor County,WI,taylor county
55121,Trempealeau County,WI,trempealeau county
55123,Vernon County,WI,vernon county
55125,Vilas County,WI,vilas county
55127,Walworth County,WI,walworth county
55129,Washburn County,WI,washburn county
55131,Washington County,WI,washington county
55133,Waukesha County,WI,waukesha county
55135,Waupaca County,WI,waupaca county
55137,Waushara County,WI,waushara county
55139,Winnebago County,WI,winnebago county
55141,Wood County,WI,wood county
56000,WYOMING,,wyoming
56001,Albany County,WY,albany county
56003,Big Horn County,WY,big horn county
56005,Campbell County,WY,campbell county
56007,Carbon County,WY,carbon county
56009,Converse County,WY,converse county
56011,Crook County,WY,crook county
56013,Fremont County,WY,fremont county
56015,Goshen County,WY,goshen county
56017,Hot Springs County,WY,hot springs county
56019,Johnson County,WY,johnson county
56021,Laramie County,WY,laramie county
56023,Lincoln County,WY,lincoln county
56025,Natrona County,WY,natrona county
56027,Niobrara County,WY,niobrara county
56029,Park County,WY,park county
56031,Platte County,WY,platte county
56033,Sheridan County,WY,sheridan county
56035,Sublette County,WY,sublette county
56037,Sweetwater County,WY,sweetwater county
56039,Teton County,WY,teton county
56041,Uinta County,WY,uinta county
56043,Washakie County,WY,washakie county
56045,Weston County,WY,weston county
