technology,dbm,rssnr,rsrp,rsrq,rssi,cqi,asu,earfcn,pci,ta,ci,tac,level,bandwidth,bands,modes,bands_description,mcc,mnc,is_connected,phone_abs_time,rel_time,time_readable,longitude,latitude,altitude,campaign_name,interp_latitude,interp_longitude,interp_altitude
4G_LTE,-98,2147483647,-98,-20,-69,2147483647,42,950,436,8,2147483647,2147483647,2,2147483647,[2],[FDD],"Band Number = 2, Uplink = 1850.0 - 1910.0 MHz, Downlink = 1850.0 - 1910.0 MHz ",Unavailable,Unavailable,0,1724707403614,32467.271623709,2024-08-26 17:23:23.614000,-78.7048739,35.7796369,100.29999542236328,campaign_9,35.7796369,-78.7048739,100.29999542236328
4G_LTE,-98,2147483647,-98,-17,-69,2147483647,42,5110,375,8,2147483647,2147483647,2,2147483647,[12],[FDD],"Band Number = 12, Uplink = 698.0 - 716.0 MHz, Downlink = 699.0 - 716.0 MHz ",Unavailable,Unavailable,1,1724707403614,32467.271623709,2024-08-26 17:23:23.614000,-78.7048739,35.7796369,100.29999542236328,campaign_9,35.7796369,-78.7048739,100.29999542236328
4G_LTE,-97,2147483647,-97,-16,-67,2147483647,43,5110,256,8,2147483647,2147483647,2,2147483647,[12],[FDD],"Band Number = 12, Uplink = 698.0 - 716.0 MHz, Downlink = 699.0 - 716.0 MHz ",Unavailable,Unavailable,0,1724707403614,32467.271623709,2024-08-26 17:23:23.614000,-78.7048739,35.7796369,100.29999542236328,campaign_9,35.7796369,-78.7048739,100.29999542236328
4G_LTE,-93,2147483647,-93,-13,-69,2147483647,47,5110,496,8,2147483647,2147483647,3,2147483647,[12],[FDD],"Band Number = 12, Uplink = 698.0 - 716.0 MHz, Downlink = 699.0 - 716.0 MHz ",Unavailable,Unavailable,0,1724707403614,32467.271623709,2024-08-26 17:23:23.614000,-78.7048739,35.7796369,100.29999542236328,campaign_9,35.7796369,-78.7048739,100.29999542236328
4G_LTE,-89,2147483647,-89,-11,-69,2147483647,51,5110,395,8,2147483647,2147483647,3,2147483647,[12],[FDD],"Band Number = 12, Uplink = 698.0 - 716.0 MHz, Downlink = 699.0 - 716.0 MHz ",Unavailable,Unavailable,0,1724707403614,32467.271623709,2024-08-26 17:23:23.614000,-78.7048739,35.7796369,100.29999542236328,campaign_9,35.7796369,-78.7048739,100.29999542236328
4G_LTE,-97,2147483647,-97,-20,-67,2147483647,43,5110,137,8,2147483647,2147483647,2,2147483647,[12],[FDD],"Band Number = 12, Uplink = 698.0 - 716.0 MHz, Downlink = 699.0 - 716.0 MHz ",Unavailable,Unavailable,0,1724707403614,32467.271623709,2024-08-26 17:23:23.614000,-78.7048739,35.7796369,100.29999542236328,campaign_9,35.7796369,-78.7048739,100.29999542236328
4G_LTE,-95,15,-95,-8,-65,2147483647,45,9820,375,8,195255445,9995,3,2147483647,[30],[FDD],"Band Number = 30, Uplink = 2305.0 - 2315.0 MHz, Downlink = 2305.0 - 2315.0 MHz ",310,410,1,1724707404616,32468.273103969,2024-08-26 17:23:24.616000,-78.7046056242195,35.77980337528873,99.56207304323488,campaign_9,35.77980337528873,-78.7046056242195,99.56207304323488
4G_LTE,-108,2147483647,-108,-19,-75,2147483647,32,9820,101,8,2147483647,2147483647,1,2147483647,[30],[FDD],"Band Number = 30, Uplink = 2305.0 - 2315.0 MHz, Downlink = 2305.0 - 2315.0 MHz ",Unavailable,Unavailable,0,1724707404616,32468.273103969,2024-08-26 17:23:24.616000,-78.7046056242195,35.77980337528873,99.56207304323488,campaign_9,35.77980337528873,-78.7046056242195,99.56207304323488
4G_LTE,-112,2147483647,-112,-20,-79,2147483647,28,9820,256,8,2147483647,2147483647,1,2147483647,[30],[FDD],"Band Number = 30, Uplink = 2305.0 - 2315.0 MHz, Downlink = 2305.0 - 2315.0 MHz ",Unavailable,Unavailable,0,1724707404616,32468.273103969,2024-08-26 17:23:24.616000,-78.7046056242195,35.77980337528873,99.56207304323488,campaign_9,35.77980337528873,-78.7046056242195,99.56207304323488
4G_LTE,-94,2147483647,-94,-12,-71,2147483647,46,950,375,8,2147483647,2147483647,3,2147483647,[2],[FDD],"Band Number = 2, Uplink = 1850.0 - 1910.0 MHz, Downlink = 1850.0 - 1910.0 MHz ",Unavailable,Unavailable,1,1724707404616,32468.273103969,2024-08-26 17:23:24.616000,-78.7046056242195,35.77980337528873,99.56207304323488,campaign_9,35.77980337528873,-78.7046056242195,99.56207304323488
4G_LTE,-95,2147483647,-95,-13,-71,2147483647,45,950,230,8,2147483647,2147483647,3,2147483647,[2],[FDD],"Band Number = 2, Uplink = 1850.0 - 1910.0 MHz, Downlink = 1850.0 - 1910.0 MHz ",Unavailable,Unavailable,0,1724707404616,32468.273103969,2024-08-26 17:23:24.616000,-78.7046056242195,35.77980337528873,99.56207304323488,campaign_9,35.77980337528873,-78.7046056242195,99.56207304323488
4G_LTE,-102,2147483647,-102,-19,-73,2147483647,38,950,256,8,2147483647,2147483647,2,2147483647,[2],[FDD],"Band Number = 2, Uplink = 1850.0 - 1910.0 MHz, Downlink = 1850.0 - 1910.0 MHz ",Unavailable,Unavailable,0,1724707404616,32468.273103969,2024-08-26 17:23:24.616000,-78.7046056242195,35.77980337528873,99.56207304323488,campaign_9,35.77980337528873,-78.7046056242195,99.56207304323488
4G_LTE,-98,2147483647,-98,-20,-69,2147483647,42,950,436,8,2147483647,2147483647,2,2147483647,[2],[FDD],"Band Number = 2, Uplink = 1850.0 - 1910.0 MHz, Downlink = 1850.0 - 1910.0 MHz ",Unavailable,Unavailable,0,1724707404616,32468.273103969,2024-08-26 17:23:24.616000,-78.7046056242195,35.77980337528873,99.56207304323488,campaign_9,35.77980337528873,-78.7046056242195,99.56207304323488
4G_LTE,-98,2147483647,-98,-17,-69,2147483647,42,5110,375,8,2147483647,2147483647,2,2147483647,[12],[FDD],"Band Number = 12, Uplink = 698.0 - 716.0 MHz, Downlink = 699.0 - 716.0 MHz ",Unavailable,Unavailable,1,1724707404616,32468.273103969,2024-08-26 17:23:24.616000,-78.7046056242195,35.77980337528873,99.56207304323488,campaign_9,35.77980337528873,-78.7046056242195,99.56207304323488
4G_LTE,-97,2147483647,-97,-16,-67,2147483647,43,5110,256,8,2147483647,2147483647,2,2147483647,[12],[FDD],"Band Number = 12, Uplink = 698.0 - 716.0 MHz, Downlink = 699.0 - 716.0 MHz ",Unavailable,Unavailable,0,1724707404616,32468.273103969,2024-08-26 17:23:24.616000,-78.7046056242195,35.77980337528873,99.56207304323488,campaign_9,35.77980337528873,-78.7046056242195,99.56207304323488
4G_LTE,-93,2147483647,-93,-13,-69,2147483647,47,5110,496,8,2147483647,2147483647,3,2147483647,[12],[FDD],"Band Number = 12, Uplink = 698.0 - 716.0 MHz, Downlink = 699.0 - 716.0 MHz ",Unavailable,Unavailable,0,1724707404616,32468.273103969,2024-08-26 17:23:24.616000,-78.7046056242195,35.77980337528873,99.56207304323488,campaign_9,35.77980337528873,-78.7046056242195,99.56207304323488
4G_LTE,-89,2147483647,-89,-11,-69,2147483647,51,5110,395,8,2147483647,2147483647,3,2147483647,[12],[FDD],"Band Number = 12, Uplink = 698.0 - 716.0 MHz, Downlink = 699.0 - 716.0 MHz ",Unavailable,Unavailable,0,1724707404616,32468.273103969,2024-08-26 17:23:24.616000,-78.7046056242195,35.77980337528873,99.56207304323488,campaign_9,35.77980337528873,-78.7046056242195,99.56207304323488
4G_LTE,-97,2147483647,-97,-20,-67,2147483647,43,5110,137,8,2147483647,2147483647,2,2147483647,[12],[FDD],"Band Number = 12, Uplink = 698.0 - 716.0 MHz, Downlink = 699.0 - 716.0 MHz ",Unavailable,Unavailable,0,1724707404616,32468.273103969,2024-08-26 17:23:24.616000,-78.7046056242195,35.77980337528873,99.56207304323488,campaign_9,35.77980337528873,-78.7046056242195,99.56207304323488
4G_LTE,-89,15,-89,-7,-61,2147483647,51,9820,375,8,195255445,9995,3,2147483647,[30],[FDD],"Band Number = 30, Uplink = 2305.0 - 2315.0 MHz, Downlink = 2305.0 - 2315.0 MHz ",310,410,1,1724707405615,32469.272559333,2024-08-26 17:23:25.615000,-78.7043381516599,35.779969352148456,98.82636001254697,campaign_9,35.779969352148456,-78.7043381516599,98.82636001254697
4G_LTE,-107,2147483647,-107,-20,-73,2147483647,33,9820,101,8,2147483647,2147483647,1,2147483647,[30],[FDD],"Band Number = 30, Uplink = 2305.0 - 2315.0 MHz, Downlink = 2305.0 - 2315.0 MHz ",Unavailable,Unavailable,0,1724707405615,32469.272559333,2024-08-26 17:23:25.615000,-78.7043381516599,35.779969352148456,98.82636001254697,campaign_9,35.779969352148456,-78.7043381516599,98.82636001254697
4G_LTE,-106,2147483647,-106,-20,-75,2147483647,34,9820,256,8,2147483647,2147483647,1,2147483647,[30],[FDD],"Band Number = 30, Uplink = 2305.0 - 2315.0 MHz, Downlink = 2305.0 - 2315.0 MHz ",Unavailable,Unavailable,0,1724707405615,32469.272559333,2024-08-26 17:23:25.615000,-78.7043381516599,35.779969352148456,98.82636001254697,campaign_9,35.779969352148456,-78.7043381516599,98.82636001254697
4G_LTE,-93,2147483647,-93,-12,-71,2147483647,47,950,375,8,2147483647,2147483647,3,2147483647,[2],[FDD],"Band Number = 2, Uplink = 1850.0 - 1910.0 MHz, Downlink = 1850.0 - 1910.0 MHz ",Unavailable,Unavailable,1,1724707405615,32469.272559333,2024-08-26 17:23:25.615000,-78.7043381516599,35.779969352148456,98.82636001254697,campaign_9,35.779969352148456,-78.7043381516599,98.82636001254697
4G_LTE,-91,2147483647,-91,-12,-71,2147483647,49,950,230,8,2147483647,2147483647,3,2147483647,[2],[FDD],"Band Number = 2, Uplink = 1850.0 - 1910.0 MHz, Downlink = 1850.0 - 1910.0 MHz ",Unavailable,Unavailable,0,1724707405615,32469.272559333,2024-08-26 17:23:25.615000,-78.7043381516599,35.779969352148456,98.82636001254697,campaign_9,35.779969352148456,-78.7043381516599,98.82636001254697
4G_LTE,-100,2147483647,-100,-20,-71,2147483647,40,950,256,8,2147483647,2147483647,2,2147483647,[2],[FDD],"Band Number = 2, Uplink = 1850.0 - 1910.0 MHz, Downlink = 1850.0 - 1910.0 MHz ",Unavailable,Unavailable,0,1724707405615,32469.272559333,2024-08-26 17:23:25.615000,-78.7043381516599,35.779969352148456,98.82636001254697,campaign_9,35.779969352148456,-78.7043381516599,98.82636001254697
4G_LTE,-102,2147483647,-102,-18,-71,2147483647,38,950,436,8,2147483647,2147483647,2,2147483647,[2],[FDD],"Band Number = 2, Uplink = 1850.0 - 1910.0 MHz, Downlink = 1850.0 - 1910.0 MHz ",Unavailable,Unavailable,0,1724707405615,32469.272559333,2024-08-26 17:23:25.615000,-78.7043381516599,35.779969352148456,98.82636001254697,campaign_9,35.779969352148456,-78.7043381516599,98.82636001254697
4G_LTE,-89,15,-89,-7,-61,2147483647,51,9820,375,8,195255445,9995,3,2147483647,[30],[FDD],"Band Number = 30, Uplink = 2305.0 - 2315.0 MHz, Downlink = 2305.0 - 2315.0 MHz ",310,410,1,1724707406617,32470.274359749,2024-08-26 17:23:26.617000,-78.7040698758794,35.780135827437185,98.08843763341855,campaign_9,35.780135827437185,-78.7040698758794,98.08843763341855
4G_LTE,-107,2147483647,-107,-20,-73,2147483647,33,9820,101,8,2147483647,2147483647,1,2147483647,[30],[FDD],"Band Number = 30, Uplink = 2305.0 - 2315.0 MHz, Downlink = 2305.0 - 2315.0 MHz ",Unavailable,Unavailable,0,1724707406617,32470.274359749,2024-08-26 17:23:26.617000,-78.7040698758794,35.780135827437185,98.08843763341855,campaign_9,35.780135827437185,-78.7040698758794,98.08843763341855
4G_LTE,-106,2147483647,-106,-20,-75,2147483647,34,9820,256,8,2147483647,2147483647,1,2147483647,[30],[FDD],"Band Number = 30, Uplink = 2305.0 - 2315.0 MHz, Downlink = 2305.0 - 2315.0 MHz ",Unavailable,Unavailable,0,1724707406617,32470.274359749,2024-08-26 17:23:26.617000,-78.7040698758794,35.780135827437185,98.08843763341855,campaign_9,35.780135827437185,-78.7040698758794,98.08843763341855
4G_LTE,-93,2147483647,-93,-12,-71,2147483647,47,950,375,8,2147483647,2147483647,3,2147483647,[2],[FDD],"Band Number = 2, Uplink = 1850.0 - 1910.0 MHz, Downlink = 1850.0 - 1910.0 MHz ",Unavailable,Unavailable,1,1724707406617,32470.274359749,2024-08-26 17:23:26.617000,-78.7040698758794,35.780135827437185,98.08843763341855,campaign_9,35.780135827437185,-78.7040698758794,98.08843763341855
4G_LTE,-91,2147483647,-91,-12,-71,2147483647,49,950,230,8,2147483647,2147483647,3,2147483647,[2],[FDD],"Band Number = 2, Uplink = 1850.0 - 1910.0 MHz, Downlink = 1850.0 - 1910.0 MHz ",Unavailable,Unavailable,0,1724707406617,32470.274359749,2024-08-26 17:23:26.617000,-78.7040698758794,35.780135827437185,98.08843763341855,campaign_9,35.780135827437185,-78.7040698758794,98.08843763341855
4G_LTE,-100,2147483647,-100,-20,-71,2147483647,40,950,256,8,2147483647,2147483647,2,2147483647,[2],[FDD],"Band Number = 2, Uplink = 1850.0 - 1910.0 MHz, Downlink = 1850.0 - 1910.0 MHz ",Unavailable,Unavailable,0,1724707406617,32470.274359749,2024-08-26 17:23:26.617000,-78.7040698758794,35.780135827437185,98.08843763341855,campaign_9,35.780135827437185,-78.7040698758794,98.08843763341855
4G_LTE,-102,2147483647,-102,-18,-71,2147483647,38,950,436,8,2147483647,2147483647,2,2147483647,[2],[FDD],"Band Number = 2, Uplink = 1850.0 - 1910.0 MHz, Downlink = 1850.0 - 1910.0 MHz ",Unavailable,Unavailable,0,1724707406617,32470.274359749,2024-08-26 17:23:26.617000,-78.7040698758794,35.780135827437185,98.08843763341855,campaign_9,35.780135827437185,-78.7040698758794,98.08843763341855
4G_LTE,-96,15,-96,-8,-73,2147483647,44,9820,375,8,195255445,9995,2,2147483647,[30],[FDD],"Band Number = 30, Uplink = 2305.0 - 2315.0 MHz, Downlink = 2305.0 - 2315.0 MHz ",310,410,1,1724707407620,32471.277014124,2024-08-26 17:23:27.620000,-78.7038013323586,35.78030246886892,97.34977880480999,campaign_9,35.78030246886892,-78.7038013323586,97.34977880480999
4G_LTE,-109,2147483647,-109,-20,-79,2147483647,31,9820,101,8,2147483647,2147483647,1,2147483647,[30],[FDD],"Band Number = 30, Uplink = 2305.0 - 2315.0 MHz, Downlink = 2305.0 - 2315.0 MHz ",Unavailable,Unavailable,0,1724707407620,32471.277014124,2024-08-26 17:23:27.620000,-78.7038013323586,35.78030246886892,97.34977880480999,campaign_9,35.78030246886892,-78.7038013323586,97.34977880480999
4G_LTE,-96,2147483647,-96,-17,-67,2147483647,44,950,375,8,2147483647,2147483647,2,2147483647,[2],[FDD],"Band Number = 2, Uplink = 1850.0 - 1910.0 MHz, Downlink = 1850.0 - 1910.0 MHz ",Unavailable,Unavailable,1,1724707407620,32471.277014124,2024-08-26 17:23:27.620000,-78.7038013323586,35.78030246886892,97.34977880480999,campaign_9,35.78030246886892,-78.7038013323586,97.34977880480999
4G_LTE,-90,2147483647,-90,-11,-67,2147483647,50,950,230,8,2147483647,2147483647,3,2147483647,[2],[FDD],"Band Number = 2, Uplink = 1850.0 - 1910.0 MHz, Downlink = 1850.0 - 1910.0 MHz ",Unavailable,Unavailable,0,1724707407620,32471.277014124,2024-08-26 17:23:27.620000,-78.7038013323586,35.78030246886892,97.34977880480999,campaign_9,35.78030246886892,-78.7038013323586,97.34977880480999
4G_LTE,-100,2147483647,-100,-19,-67,2147483647,40,950,436,8,2147483647,2147483647,2,2147483647,[2],[FDD],"Band Number = 2, Uplink = 1850.0 - 1910.0 MHz, Downlink = 1850.0 - 1910.0 MHz ",Unavailable,Unavailable,0,1724707407620,32471.277014124,2024-08-26 17:23:27.620000,-78.7038013323586,35.78030246886892,97.34977880480999,campaign_9,35.78030246886892,-78.7038013323586,97.34977880480999
4G_LTE,-96,15,-96,-8,-73,2147483647,44,9820,375,8,195255445,9995,2,2147483647,[30],[FDD],"Band Number = 30, Uplink = 2305.0 - 2315.0 MHz, Downlink = 2305.0 - 2315.0 MHz ",310,410,1,1724707408619,32472.276876259,2024-08-26 17:23:28.619000,-78.703533859799,35.780468445728644,96.61406577412208,campaign_9,35.780468445728644,-78.703533859799,96.61406577412208
4G_LTE,-109,2147483647,-109,-20,-79,2147483647,31,9820,101,8,2147483647,2147483647,1,2147483647,[30],[FDD],"Band Number = 30, Uplink = 2305.0 - 2315.0 MHz, Downlink = 2305.0 - 2315.0 MHz ",Unavailable,Unavailable,0,1724707408619,32472.276876259,2024-08-26 17:23:28.619000,-78.703533859799,35.780468445728644,96.61406577412208,campaign_9,35.780468445728644,-78.703533859799,96.61406577412208
4G_LTE,-96,2147483647,-96,-17,-67,2147483647,44,950,375,8,2147483647,2147483647,2,2147483647,[2],[FDD],"Band Number = 2, Uplink = 1850.0 - 1910.0 MHz, Downlink = 1850.0 - 1910.0 MHz ",Unavailable,Unavailable,1,1724707408619,32472.276876259,2024-08-26 17:23:28.619000,-78.703533859799,35.780468445728644,96.61406577412208,campaign_9,35.780468445728644,-78.703533859799,96.61406577412208
4G_LTE,-90,2147483647,-90,-11,-67,2147483647,50,950,230,8,2147483647,2147483647,3,2147483647,[2],[FDD],"Band Number = 2, Uplink = 1850.0 - 1910.0 MHz, Downlink = 1850.0 - 1910.0 MHz ",Unavailable,Unavailable,0,1724707408619,32472.276876259,2024-08-26 17:23:28.619000,-78.703533859799,35.780468445728644,96.61406577412208,campaign_9,35.780468445728644,-78.703533859799,96.61406577412208
4G_LTE,-100,2147483647,-100,-19,-67,2147483647,40,950,436,8,2147483647,2147483647,2,2147483647,[2],[FDD],"Band Number = 2, Uplink = 1850.0 - 1910.0 MHz, Downlink = 1850.0 - 1910.0 MHz ",Unavailable,Unavailable,0,1724707408619,32472.276876259,2024-08-26 17:23:28.619000,-78.703533859799,35.780468445728644,96.61406577412208,campaign_9,35.780468445728644,-78.703533859799,96.61406577412208
4G_LTE,-99,15,-99,-7,-73,2147483647,41,9820,375,8,195255445,9995,2,2147483647,[30],[FDD],"Band Number = 30, Uplink = 2305.0 - 2315.0 MHz, Downlink = 2305.0 - 2315.0 MHz ",310,410,1,1724707409620,32473.277610634,2024-08-26 17:23:29.620000,-78.7032658517588,35.78063475487437,95.87687984447383,campaign_9,35.78063475487437,-78.7032658517588,95.87687984447383
4G_LTE,-112,2147483647,-112,-19,-81,2147483647,28,9820,101,8,2147483647,2147483647,1,2147483647,[30],[FDD],"Band Number = 30, Uplink = 2305.0 - 2315.0 MHz, Downlink = 2305.0 - 2315.0 MHz ",Unavailable,Unavailable,0,1724707409620,32473.277610634,2024-08-26 17:23:29.620000,-78.7032658517588,35.78063475487437,95.87687984447383,campaign_9,35.78063475487437,-78.7032658517588,95.87687984447383
4G_LTE,-93,2147483647,-93,-15,-63,2147483647,47,950,375,8,2147483647,2147483647,3,2147483647,[2],[FDD],"Band Number = 2, Uplink = 1850.0 - 1910.0 MHz, Downlink = 1850.0 - 1910.0 MHz ",Unavailable,Unavailable,1,1724707409620,32473.277610634,2024-08-26 17:23:29.620000,-78.7032658517588,35.78063475487437,95.87687984447383,campaign_9,35.78063475487437,-78.7032658517588,95.87687984447383
4G_LTE,-87,2147483647,-87,-11,-63,2147483647,53,950,230,8,2147483647,2147483647,3,2147483647,[2],[FDD],"Band Number = 2, Uplink = 1850.0 - 1910.0 MHz, Downlink = 1850.0 - 1910.0 MHz ",Unavailable,Unavailable,0,1724707409620,32473.277610634,2024-08-26 17:23:29.620000,-78.7032658517588,35.78063475487437,95.87687984447383,campaign_9,35.78063475487437,-78.7032658517588,95.87687984447383
4G_LTE,-99,2147483647,-99,-18,-69,2147483647,41,950,436,8,2147483647,2147483647,2,2147483647,[2],[FDD],"Band Number = 2, Uplink = 1850.0 - 1910.0 MHz, Downlink = 1850.0 - 1910.0 MHz ",Unavailable,Unavailable,0,1724707409620,32473.277610634,2024-08-26 17:23:29.620000,-78.7032658517588,35.78063475487437,95.87687984447383,campaign_9,35.78063475487437,-78.7032658517588,95.87687984447383
4G_LTE,-99,15,-99,-7,-73,2147483647,41,9820,375,8,195255445,9995,2,2147483647,[30],[FDD],"Band Number = 30, Uplink = 2305.0 - 2315.0 MHz, Downlink = 2305.0 - 2315.0 MHz ",310,410,1,1724707410625,32474.28059381,2024-08-26 17:23:30.625000,-78.7032379,35.7806521,95.79999542236328,campaign_9,35.7806521,-78.7032379,95.79999542236328
4G_LTE,-112,2147483647,-112,-19,-81,2147483647,28,9820,101,8,2147483647,2147483647,1,2147483647,[30],[FDD],"Band Number = 30, Uplink = 2305.0 - 2315.0 MHz, Downlink = 2305.0 - 2315.0 MHz ",Unavailable,Unavailable,0,1724707410625,32474.28059381,2024-08-26 17:23:30.625000,-78.7032379,35.7806521,95.79999542236328,campaign_9,35.7806521,-78.7032379,95.79999542236328
4G_LTE,-93,2147483647,-93,-15,-63,2147483647,47,950,375,8,2147483647,2147483647,3,2147483647,[2],[FDD],"Band Number = 2, Uplink = 1850.0 - 1910.0 MHz, Downlink = 1850.0 - 1910.0 MHz ",Unavailable,Unavailable,1,1724707410625,32474.28059381,2024-08-26 17:23:30.625000,-78.7032379,35.7806521,95.79999542236328,campaign_9,35.7806521,-78.7032379,95.79999542236328
4G_LTE,-87,2147483647,-87,-11,-63,2147483647,53,950,230,8,2147483647,2147483647,3,2147483647,[2],[FDD],"Band Number = 2, Uplink = 1850.0 - 1910.0 MHz, Downlink = 1850.0 - 1910.0 MHz ",Unavailable,Unavailable,0,1724707410625,32474.28059381,2024-08-26 17:23:30.625000,-78.7032379,35.7806521,95.79999542236328,campaign_9,35.7806521,-78.7032379,95.79999542236328
4G_LTE,-99,2147483647,-99,-18,-69,2147483647,41,950,436,8,2147483647,2147483647,2,2147483647,[2],[FDD],"Band Number = 2, Uplink = 1850.0 - 1910.0 MHz, Downlink = 1850.0 - 1910.0 MHz ",Unavailable,Unavailable,0,1724707410625,32474.28059381,2024-08-26 17:23:30.625000,-78.7032379,35.7806521,95.79999542236328,campaign_9,35.7806521,-78.7032379,95.79999542236328
4G_LTE,-100,15,-100,-8,-75,2147483647,40,9820,375,8,195255445,9995,2,2147483647,[30],[FDD],"Band Number = 30, Uplink = 2305.0 - 2315.0 MHz, Downlink = 2305.0 - 2315.0 MHz ",310,410,1,1724707411623,32475.280430164,2024-08-26 17:23:31.623000,-78.70313887900377,35.780733055784644,95.7053487802777,campaign_9,35.780733055784644,-78.70313887900377,95.7053487802777
4G_LTE,-114,2147483647,-114,-20,-81,2147483647,26,9820,101,8,2147483647,2147483647,1,2147483647,[30],[FDD],"Band Number = 30, Uplink = 2305.0 - 2315.0 MHz, Downlink = 2305.0 - 2315.0 MHz ",Unavailable,Unavailable,0,1724707411623,32475.280430164,2024-08-26 17:23:31.623000,-78.70313887900377,35.780733055784644,95.7053487802777,campaign_9,35.780733055784644,-78.70313887900377,95.7053487802777
4G_LTE,-112,2147483647,-112,-19,-81,2147483647,28,9820,256,8,2147483647,2147483647,1,2147483647,[30],[FDD],"Band Number = 30, Uplink = 2305.0 - 2315.0 MHz, Downlink = 2305.0 - 2315.0 MHz ",Unavailable,Unavailable,0,1724707411623,32475.280430164,2024-08-26 17:23:31.623000,-78.70313887900377,35.780733055784644,95.7053487802777,campaign_9,35.780733055784644,-78.70313887900377,95.7053487802777
4G_LTE,-114,2147483647,-114,-20,-81,2147483647,26,9820,247,8,2147483647,2147483647,1,2147483647,[30],[FDD],"Band Number = 30, Uplink = 2305.0 - 2315.0 MHz, Downlink = 2305.0 - 2315.0 MHz ",Unavailable,Unavailable,0,1724707411623,32475.280430164,2024-08-26 17:23:31.623000,-78.70313887900377,35.780733055784644,95.7053487802777,campaign_9,35.780733055784644,-78.70313887900377,95.7053487802777
4G_LTE,-93,2147483647,-93,-18,-63,2147483647,47,950,375,8,2147483647,2147483647,3,2147483647,[2],[FDD],"Band Number = 2, Uplink = 1850.0 - 1910.0 MHz, Downlink = 1850.0 - 1910.0 MHz ",Unavailable,Unavailable,1,1724707411623,32475.280430164,2024-08-26 17:23:31.623000,-78.70313887900377,35.780733055784644,95.7053487802777,campaign_9,35.780733055784644,-78.70313887900377,95.7053487802777
4G_LTE,-84,2147483647,-84,-11,-63,2147483647,56,950,230,8,2147483647,2147483647,4,2147483647,[2],[FDD],"Band Number = 2, Uplink = 1850.0 - 1910.0 MHz, Downlink = 1850.0 - 1910.0 MHz ",Unavailable,Unavailable,0,1724707411623,32475.280430164,2024-08-26 17:23:31.623000,-78.70313887900377,35.780733055784644,95.7053487802777,campaign_9,35.780733055784644,-78.70313887900377,95.7053487802777
4G_LTE,-92,2147483647,-92,-17,-63,2147483647,48,950,436,8,2147483647,2147483647,3,2147483647,[2],[FDD],"Band Number = 2, Uplink = 1850.0 - 1910.0 MHz, Downlink = 1850.0 - 1910.0 MHz ",Unavailable,Unavailable,0,1724707411623,32475.280430164,2024-08-26 17:23:31.623000,-78.70313887900377,35.780733055784644,95.7053487802777,campaign_9,35.780733055784644,-78.70313887900377,95.7053487802777
4G_LTE,-100,15,-100,-8,-75,2147483647,40,9820,375,8,195255445,9995,2,2147483647,[30],[FDD],"Band Number = 30, Uplink = 2305.0 - 2315.0 MHz, Downlink = 2305.0 - 2315.0 MHz ",310,410,1,1724707412625,32476.28295407,2024-08-26 17:23:32.625000,-78.7030394611298,35.78081433604137,95.61032279293326,campaign_9,35.78081433604137,-78.7030394611298,95.61032279293326
4G_LTE,-114,2147483647,-114,-20,-81,2147483647,26,9820,101,8,2147483647,2147483647,1,2147483647,[30],[FDD],"Band Number = 30, Uplink = 2305.0 - 2315.0 MHz, Downlink = 2305.0 - 2315.0 MHz ",Unavailable,Unavailable,0,1724707412625,32476.28295407,2024-08-26 17:23:32.625000,-78.7030394611298,35.78081433604137,95.61032279293326,campaign_9,35.78081433604137,-78.7030394611298,95.61032279293326
4G_LTE,-112,2147483647,-112,-19,-81,2147483647,28,9820,256,8,2147483647,2147483647,1,2147483647,[30],[FDD],"Band Number = 30, Uplink = 2305.0 - 2315.0 MHz, Downlink = 2305.0 - 2315.0 MHz ",Unavailable,Unavailable,0,1724707412625,32476.28295407,2024-08-26 17:23:32.625000,-78.7030394611298,35.78081433604137,95.61032279293326,campaign_9,35.78081433604137,-78.7030394611298,95.61032279293326
4G_LTE,-114,2147483647,-114,-20,-81,2147483647,26,9820,247,8,2147483647,2147483647,1,2147483647,[30],[FDD],"Band Number = 30, Uplink = 2305.0 - 2315.0 MHz, Downlink = 2305.0 - 2315.0 MHz ",Unavailable,Unavailable,0,1724707412625,32476.28295407,2024-08-26 17:23:32.625000,-78.7030394611298,35.78081433604137,95.61032279293326,campaign_9,35.78081433604137,-78.7030394611298,95.61032279293326
4G_LTE,-93,2147483647,-93,-18,-63,2147483647,47,950,375,8,2147483647,2147483647,3,2147483647,[2],[FDD],"Band Number = 2, Uplink = 1850.0 - 1910.0 MHz, Downlink = 1850.0 - 1910.0 MHz ",Unavailable,Unavailable,1,1724707412625,32476.28295407,2024-08-26 17:23:32.625000,-78.7030394611298,35.78081433604137,95.61032279293326,campaign_9,35.78081433604137,-78.7030394611298,95.61032279293326
4G_LTE,-84,2147483647,-84,-11,-63,2147483647,56,950,230,8,2147483647,2147483647,4,2147483647,[2],[FDD],"Band Number = 2, Uplink = 1850.0 - 1910.0 MHz, Downlink = 1850.0 - 1910.0 MHz ",Unavailable,Unavailable,0,1724707412625,32476.28295407,2024-08-26 17:23:32.625000,-78.7030394611298,35.78081433604137,95.61032279293326,campaign_9,35.78081433604137,-78.7030394611298,95.61032279293326
4G_LTE,-92,2147483647,-92,-17,-63,2147483647,48,950,436,8,2147483647,2147483647,3,2147483647,[2],[FDD],"Band Number = 2, Uplink = 1850.0 - 1910.0 MHz, Downlink = 1850.0 - 1910.0 MHz ",Unavailable,Unavailable,0,1724707412625,32476.28295407,2024-08-26 17:23:32.625000,-78.7030394611298,35.78081433604137,95.61032279293326,campaign_9,35.78081433604137,-78.7030394611298,95.61032279293326
4G_LTE,-100,15,-100,-9,-73,2147483647,40,9820,375,9,195255445,9995,2,2147483647,[30],[FDD],"Band Number = 30, Uplink = 2305.0 - 2315.0 MHz, Downlink = 2305.0 - 2315.0 MHz ",310,410,1,1724707413627,32477.284256361,2024-08-26 17:23:33.627000,-78.70294004325582,35.780895616298096,95.51529680558882,campaign_9,35.780895616298096,-78.70294004325582,95.51529680558882
4G_LTE,-114,2147483647,-114,-20,-83,2147483647,26,9820,101,9,2147483647,2147483647,1,2147483647,[30],[FDD],"Band Number = 30, Uplink = 2305.0 - 2315.0 MHz, Downlink = 2305.0 - 2315.0 MHz ",Unavailable,Unavailable,0,1724707413627,32477.284256361,2024-08-26 17:23:33.627000,-78.70294004325582,35.780895616298096,95.51529680558882,campaign_9,35.780895616298096,-78.70294004325582,95.51529680558882
4G_LTE,-112,2147483647,-112,-20,-83,2147483647,28,9820,256,9,2147483647,2147483647,1,2147483647,[30],[FDD],"Band Number = 30, Uplink = 2305.0 - 2315.0 MHz, Downlink = 2305.0 - 2315.0 MHz ",Unavailable,Unavailable,0,1724707413627,32477.284256361,2024-08-26 17:23:33.627000,-78.70294004325582,35.780895616298096,95.51529680558882,campaign_9,35.780895616298096,-78.70294004325582,95.51529680558882
4G_LTE,-98,2147483647,-98,-17,-67,2147483647,42,950,375,9,2147483647,2147483647,2,2147483647,[2],[FDD],"Band Number = 2, Uplink = 1850.0 - 1910.0 MHz, Downlink = 1850.0 - 1910.0 MHz ",Unavailable,Unavailable,1,1724707413627,32477.284256361,2024-08-26 17:23:33.627000,-78.70294004325582,35.780895616298096,95.51529680558882,campaign_9,35.780895616298096,-78.70294004325582,95.51529680558882
4G_LTE,-87,2147483647,-87,-10,-67,2147483647,53,950,230,9,2147483647,2147483647,3,2147483647,[2],[FDD],"Band Number = 2, Uplink = 1850.0 - 1910.0 MHz, Downlink = 1850.0 - 1910.0 MHz ",Unavailable,Unavailable,0,1724707413627,32477.284256361,2024-08-26 17:23:33.627000,-78.70294004325582,35.780895616298096,95.51529680558882,campaign_9,35.780895616298096,-78.70294004325582,95.51529680558882
4G_LTE,-95,2147483647,-95,-17,-67,2147483647,45,950,436,9,2147483647,2147483647,3,2147483647,[2],[FDD],"Band Number = 2, Uplink = 1850.0 - 1910.0 MHz, Downlink = 1850.0 - 1910.0 MHz ",Unavailable,Unavailable,0,1724707413627,32477.284256361,2024-08-26 17:23:33.627000,-78.70294004325582,35.780895616298096,95.51529680558882,campaign_9,35.780895616298096,-78.70294004325582,95.51529680558882
4G_LTE,-100,15,-100,-9,-73,2147483647,40,9820,375,9,195255445,9995,2,2147483647,[30],[FDD],"Band Number = 30, Uplink = 2305.0 - 2315.0 MHz, Downlink = 2305.0 - 2315.0 MHz ",310,410,1,1724707414641,32478.298217923,2024-08-26 17:23:34.641000,-78.70283943474863,35.78097786997107,95.4191327824678,campaign_9,35.78097786997107,-78.70283943474863,95.4191327824678
4G_LTE,-114,2147483647,-114,-20,-83,2147483647,26,9820,101,9,2147483647,2147483647,1,2147483647,[30],[FDD],"Band Number = 30, Uplink = 2305.0 - 2315.0 MHz, Downlink = 2305.0 - 2315.0 MHz ",Unavailable,Unavailable,0,1724707414641,32478.298217923,2024-08-26 17:23:34.641000,-78.70283943474863,35.78097786997107,95.4191327824678,campaign_9,35.78097786997107,-78.70283943474863,95.4191327824678
4G_LTE,-112,2147483647,-112,-20,-83,2147483647,28,9820,256,9,2147483647,2147483647,1,2147483647,[30],[FDD],"Band Number = 30, Uplink = 2305.0 - 2315.0 MHz, Downlink = 2305.0 - 2315.0 MHz ",Unavailable,Unavailable,0,1724707414641,32478.298217923,2024-08-26 17:23:34.641000,-78.70283943474863,35.78097786997107,95.4191327824678,campaign_9,35.78097786997107,-78.70283943474863,95.4191327824678
4G_LTE,-98,2147483647,-98,-17,-67,2147483647,42,950,375,9,2147483647,2147483647,2,2147483647,[2],[FDD],"Band Number = 2, Uplink = 1850.0 - 1910.0 MHz, Downlink = 1850.0 - 1910.0 MHz ",Unavailable,Unavailable,1,1724707414641,32478.298217923,2024-08-26 17:23:34.641000,-78.70283943474863,35.78097786997107,95.4191327824678,campaign_9,35.78097786997107,-78.70283943474863,95.4191327824678
4G_LTE,-87,2147483647,-87,-10,-67,2147483647,53,950,230,9,2147483647,2147483647,3,2147483647,[2],[FDD],"Band Number = 2, Uplink = 1850.0 - 1910.0 MHz, Downlink = 1850.0 - 1910.0 MHz ",Unavailable,Unavailable,0,1724707414641,32478.298217923,2024-08-26 17:23:34.641000,-78.70283943474863,35.78097786997107,95.4191327824678,campaign_9,35.78097786997107,-78.70283943474863,95.4191327824678
4G_LTE,-95,2147483647,-95,-17,-67,2147483647,45,950,436,9,2147483647,2147483647,3,2147483647,[2],[FDD],"Band Number = 2, Uplink = 1850.0 - 1910.0 MHz, Downlink = 1850.0 - 1910.0 MHz ",Unavailable,Unavailable,0,1724707414641,32478.298217923,2024-08-26 17:23:34.641000,-78.70283943474863,35.78097786997107,95.4191327824678,campaign_9,35.78097786997107,-78.70283943474863,95.4191327824678
4G_LTE,-103,15,-103,-9,-77,2147483647,37,9820,375,9,195255445,9995,2,2147483647,[30],[FDD],"Band Number = 30, Uplink = 2305.0 - 2315.0 MHz, Downlink = 2305.0 - 2315.0 MHz ",310,410,1,1724707415633,32479.290866517,2024-08-26 17:23:35.633000,-78.702741009069,35.78105833904759,95.32505515827052,campaign_9,35.78105833904759,-78.702741009069,95.32505515827052
4G_LTE,-113,2147483647,-113,-17,-87,2147483647,27,9820,101,9,2147483647,2147483647,1,2147483647,[30],[FDD],"Band Number = 30, Uplink = 2305.0 - 2315.0 MHz, Downlink = 2305.0 - 2315.0 MHz ",Unavailable,Unavailable,0,1724707415633,32479.290866517,2024-08-26 17:23:35.633000,-78.702741009069,35.78105833904759,95.32505515827052,campaign_9,35.78105833904759,-78.702741009069,95.32505515827052
4G_LTE,-96,2147483647,-96,-19,-65,2147483647,44,950,375,9,2147483647,2147483647,2,2147483647,[2],[FDD],"Band Number = 2, Uplink = 1850.0 - 1910.0 MHz, Downlink = 1850.0 - 1910.0 MHz ",Unavailable,Unavailable,1,1724707415633,32479.290866517,2024-08-26 17:23:35.633000,-78.702741009069,35.78105833904759,95.32505515827052,campaign_9,35.78105833904759,-78.702741009069,95.32505515827052
4G_LTE,-86,2147483647,-86,-10,-65,2147483647,54,950,230,9,2147483647,2147483647,3,2147483647,[2],[FDD],"Band Number = 2, Uplink = 1850.0 - 1910.0 MHz, Downlink = 1850.0 - 1910.0 MHz ",Unavailable,Unavailable,0,1724707415633,32479.290866517,2024-08-26 17:23:35.633000,-78.702741009069,35.78105833904759,95.32505515827052,campaign_9,35.78105833904759,-78.702741009069,95.32505515827052
4G_LTE,-93,2147483647,-93,-17,-65,2147483647,47,950,436,9,2147483647,2147483647,3,2147483647,[2],[FDD],"Band Number = 2, Uplink = 1850.0 - 1910.0 MHz, Downlink = 1850.0 - 1910.0 MHz ",Unavailable,Unavailable,0,1724707415633,32479.290866517,2024-08-26 17:23:35.633000,-78.702741009069,35.78105833904759,95.32505515827052,campaign_9,35.78105833904759,-78.702741009069,95.32505515827052
4G_LTE,-103,15,-103,-9,-77,2147483647,37,9820,375,9,195255445,9995,2,2147483647,[30],[FDD],"Band Number = 30, Uplink = 2305.0 - 2315.0 MHz, Downlink = 2305.0 - 2315.0 MHz ",310,410,1,1724707416636,32480.293331985,2024-08-26 17:23:36.636000,-78.7026414919756,35.78113970042234,95.22993433461136,campaign_9,35.78113970042234,-78.7026414919756,95.22993433461136
4G_LTE,-113,2147483647,-113,-17,-87,2147483647,27,9820,101,9,2147483647,2147483647,1,2147483647,[30],[FDD],"Band Number = 30, Uplink = 2305.0 - 2315.0 MHz, Downlink = 2305.0 - 2315.0 MHz ",Unavailable,Unavailable,0,1724707416636,32480.293331985,2024-08-26 17:23:36.636000,-78.7026414919756,35.78113970042234,95.22993433461136,campaign_9,35.78113970042234,-78.7026414919756,95.22993433461136
4G_LTE,-96,2147483647,-96,-19,-65,2147483647,44,950,375,9,2147483647,2147483647,2,2147483647,[2],[FDD],"Band Number = 2, Uplink = 1850.0 - 1910.0 MHz, Downlink = 1850.0 - 1910.0 MHz ",Unavailable,Unavailable,1,1724707416636,32480.293331985,2024-08-26 17:23:36.636000,-78.7026414919756,35.78113970042234,95.22993433461136,campaign_9,35.78113970042234,-78.7026414919756,95.22993433461136
4G_LTE,-86,2147483647,-86,-10,-65,2147483647,54,950,230,9,2147483647,2147483647,3,2147483647,[2],[FDD],"Band Number = 2, Uplink = 1850.0 - 1910.0 MHz, Downlink = 1850.0 - 1910.0 MHz ",Unavailable,Unavailable,0,1724707416636,32480.293331985,2024-08-26 17:23:36.636000,-78.7026414919756,35.78113970042234,95.22993433461136,campaign_9,35.78113970042234,-78.7026414919756,95.22993433461136
4G_LTE,-93,2147483647,-93,-17,-65,2147483647,47,950,436,9,2147483647,2147483647,3,2147483647,[2],[FDD],"Band Number = 2, Uplink = 1850.0 - 1910.0 MHz, Downlink = 1850.0 - 1910.0 MHz ",Unavailable,Unavailable,0,1724707416636,32480.293331985,2024-08-26 17:23:36.636000,-78.7026414919756,35.78113970042234,95.22993433461136,campaign_9,35.78113970042234,-78.7026414919756,95.22993433461136
4G_LTE,-103,15,-103,-9,-79,2147483647,37,9820,375,10,195255445,9995,2,2147483647,[30],[FDD],"Band Number = 30, Uplink = 2305.0 - 2315.0 MHz, Downlink = 2305.0 - 2315.0 MHz ",310,410,1,1724707417637,32481.294766151,2024-08-26 17:23:37.637000,-78.70203539610512,35.78163522125762,94.65061337132236,campaign_9,35.78163522125762,-78.70203539610512,94.65061337132236
4G_LTE,-117,2147483647,-117,-20,-83,2147483647,23,9820,101,10,2147483647,2147483647,0,2147483647,[30],[FDD],"Band Number = 30, Uplink = 2305.0 - 2315.0 MHz, Downlink = 2305.0 - 2315.0 MHz ",Unavailable,Unavailable,0,1724707417637,32481.294766151,2024-08-26 17:23:37.637000,-78.70203539610512,35.78163522125762,94.65061337132236,campaign_9,35.78163522125762,-78.70203539610512,94.65061337132236
4G_LTE,-95,2147483647,-95,-19,-67,2147483647,45,950,375,10,2147483647,2147483647,3,2147483647,[2],[FDD],"Band Number = 2, Uplink = 1850.0 - 1910.0 MHz, Downlink = 1850.0 - 1910.0 MHz ",Unavailable,Unavailable,1,1724707417637,32481.294766151,2024-08-26 17:23:37.637000,-78.70203539610512,35.78163522125762,94.65061337132236,campaign_9,35.78163522125762,-78.70203539610512,94.65061337132236
4G_LTE,-88,2147483647,-88,-11,-67,2147483647,52,950,230,10,2147483647,2147483647,3,2147483647,[2],[FDD],"Band Number = 2, Uplink = 1850.0 - 1910.0 MHz, Downlink = 1850.0 - 1910.0 MHz ",Unavailable,Unavailable,0,1724707417637,32481.294766151,2024-08-26 17:23:37.637000,-78.70203539610512,35.78163522125762,94.65061337132236,campaign_9,35.78163522125762,-78.70203539610512,94.65061337132236
4G_LTE,-93,2147483647,-93,-17,-67,2147483647,47,950,436,10,2147483647,2147483647,3,2147483647,[2],[FDD],"Band Number = 2, Uplink = 1850.0 - 1910.0 MHz, Downlink = 1850.0 - 1910.0 MHz ",Unavailable,Unavailable,0,1724707417637,32481.294766151,2024-08-26 17:23:37.637000,-78.70203539610512,35.78163522125762,94.65061337132236,campaign_9,35.78163522125762,-78.70203539610512,94.65061337132236
4G_LTE,-103,15,-103,-9,-79,2147483647,37,9820,375,10,195255445,9995,2,2147483647,[30],[FDD],"Band Number = 30, Uplink = 2305.0 - 2315.0 MHz, Downlink = 2305.0 - 2315.0 MHz ",310,410,1,1724707418639,32482.296532193,2024-08-26 17:23:38.639000,-78.7019476,35.781707,94.5666957492675,campaign_9,35.781707,-78.7019476,94.5666957492675
4G_LTE,-117,2147483647,-117,-20,-83,2147483647,23,9820,101,10,2147483647,2147483647,0,2147483647,[30],[FDD],"Band Number = 30, Uplink = 2305.0 - 2315.0 MHz, Downlink = 2305.0 - 2315.0 MHz ",Unavailable,Unavailable,0,1724707418639,32482.296532193,2024-08-26 17:23:38.639000,-78.7019476,35.781707,94.5666957492675,campaign_9,35.781707,-78.7019476,94.5666957492675
4G_LTE,-95,2147483647,-95,-19,-67,2147483647,45,950,375,10,2147483647,2147483647,3,2147483647,[2],[FDD],"Band Number = 2, Uplink = 1850.0 - 1910.0 MHz, Downlink = 1850.0 - 1910.0 MHz ",Unavailable,Unavailable,1,1724707418639,32482.296532193,2024-08-26 17:23:38.639000,-78.7019476,35.781707,94.5666957492675,campaign_9,35.781707,-78.7019476,94.5666957492675
4G_LTE,-88,2147483647,-88,-11,-67,2147483647,52,950,230,10,2147483647,2147483647,3,2147483647,[2],[FDD],"Band Number = 2, Uplink = 1850.0 - 1910.0 MHz, Downlink = 1850.0 - 1910.0 MHz ",Unavailable,Unavailable,0,1724707418639,32482.296532193,2024-08-26 17:23:38.639000,-78.7019476,35.781707,94.5666957492675,campaign_9,35.781707,-78.7019476,94.5666957492675
4G_LTE,-93,2147483647,-93,-17,-67,2147483647,47,950,436,10,2147483647,2147483647,3,2147483647,[2],[FDD],"Band Number = 2, Uplink = 1850.0 - 1910.0 MHz, Downlink = 1850.0 - 1910.0 MHz ",Unavailable,Unavailable,0,1724707418639,32482.296532193,2024-08-26 17:23:38.639000,-78.7019476,35.781707,94.5666957492675,campaign_9,35.781707,-78.7019476,94.5666957492675
4G_LTE,-107,13,-107,-8,-83,2147483647,33,9820,375,11,195255445,9995,1,2147483647,[30],[FDD],"Band Number = 30, Uplink = 2305.0 - 2315.0 MHz, Downlink = 2305.0 - 2315.0 MHz ",310,410,1,1724707419645,32483.302012557,2024-08-26 17:23:39.645000,-78.70186630053242,35.781747211274265,94.36510432960638,campaign_9,35.781747211274265,-78.70186630053242,94.36510432960638
4G_LTE,-119,2147483647,-119,-18,-87,2147483647,21,9820,101,11,2147483647,2147483647,0,2147483647,[30],[FDD],"Band Number = 30, Uplink = 2305.0 - 2315.0 MHz, Downlink = 2305.0 - 2315.0 MHz ",Unavailable,Unavailable,0,1724707419645,32483.302012557,2024-08-26 17:23:39.645000,-78.70186630053242,35.781747211274265,94.36510432960638,campaign_9,35.781747211274265,-78.70186630053242,94.36510432960638
4G_LTE,-121,2147483647,-121,-20,-89,2147483647,19,9820,352,11,2147483647,2147483647,0,2147483647,[30],[FDD],"Band Number = 30, Uplink = 2305.0 - 2315.0 MHz, Downlink = 2305.0 - 2315.0 MHz ",Unavailable,Unavailable,0,1724707419645,32483.302012557,2024-08-26 17:23:39.645000,-78.70186630053242,35.781747211274265,94.36510432960638,campaign_9,35.781747211274265,-78.70186630053242,94.36510432960638
4G_LTE,-107,13,-107,-8,-83,2147483647,33,9820,375,11,195255445,9995,1,2147483647,[30],[FDD],"Band Number = 30, Uplink = 2305.0 - 2315.0 MHz, Downlink = 2305.0 - 2315.0 MHz ",310,410,1,1724707420649,32484.305649588,2024-08-26 17:23:40.649000,-78.701785162694,35.78178734260564,94.16391368811556,campaign_9,35.78178734260564,-78.701785162694,94.16391368811556
4G_LTE,-119,2147483647,-119,-18,-87,2147483647,21,9820,101,11,2147483647,2147483647,0,2147483647,[30],[FDD],"Band Number = 30, Uplink = 2305.0 - 2315.0 MHz, Downlink = 2305.0 - 2315.0 MHz ",Unavailable,Unavailable,0,1724707420649,32484.305649588,2024-08-26 17:23:40.649000,-78.701785162694,35.78178734260564,94.16391368811556,campaign_9,35.78178734260564,-78.701785162694,94.16391368811556
4G_LTE,-121,2147483647,-121,-20,-89,2147483647,19,9820,352,11,2147483647,2147483647,0,2147483647,[30],[FDD],"Band Number = 30, Uplink = 2305.0 - 2315.0 MHz, Downlink = 2305.0 - 2315.0 MHz ",Unavailable,Unavailable,0,1724707420649,32484.305649588,2024-08-26 17:23:40.649000,-78.701785162694,35.78178734260564,94.16391368811556,campaign_9,35.78178734260564,-78.701785162694,94.16391368811556
4G_LTE,-114,12,-114,-10,-83,2147483647,26,9820,375,11,195255445,9995,1,2147483647,[30],[FDD],"Band Number = 30, Uplink = 2305.0 - 2315.0 MHz, Downlink = 2305.0 - 2315.0 MHz ",310,410,1,1724707421652,32485.309897816,2024-08-26 17:23:41.652000,-78.70170410567015,35.78182743396557,93.9629234357099,campaign_9,35.78182743396557,-78.70170410567015,93.9629234357099
4G_LTE,-124,2147483647,-124,-19,-95,2147483647,16,9820,101,11,2147483647,2147483647,0,2147483647,[30],[FDD],"Band Number = 30, Uplink = 2305.0 - 2315.0 MHz, Downlink = 2305.0 - 2315.0 MHz ",Unavailable,Unavailable,0,1724707421652,32485.309897816,2024-08-26 17:23:41.652000,-78.70170410567015,35.78182743396557,93.9629234357099,campaign_9,35.78182743396557,-78.70170410567015,93.9629234357099
4G_LTE,-125,2147483647,-125,-20,-93,2147483647,15,9820,352,11,2147483647,2147483647,0,2147483647,[30],[FDD],"Band Number = 30, Uplink = 2305.0 - 2315.0 MHz, Downlink = 2305.0 - 2315.0 MHz ",Unavailable,Unavailable,0,1724707421652,32485.309897816,2024-08-26 17:23:41.652000,-78.70170410567015,35.78182743396557,93.9629234357099,campaign_9,35.78182743396557,-78.70170410567015,93.9629234357099
4G_LTE,-114,12,-114,-10,-83,2147483647,26,9820,375,11,195255445,9995,1,2147483647,[30],[FDD],"Band Number = 30, Uplink = 2305.0 - 2315.0 MHz, Downlink = 2305.0 - 2315.0 MHz ",310,410,1,1724707422652,32486.309308754,2024-08-26 17:23:42.652000,-78.70162329109004,35.78186740541116,93.76253435055968,campaign_9,35.78186740541116,-78.70162329109004,93.76253435055968
4G_LTE,-124,2147483647,-124,-19,-95,2147483647,16,9820,101,11,2147483647,2147483647,0,2147483647,[30],[FDD],"Band Number = 30, Uplink = 2305.0 - 2315.0 MHz, Downlink = 2305.0 - 2315.0 MHz ",Unavailable,Unavailable,0,1724707422652,32486.309308754,2024-08-26 17:23:42.652000,-78.70162329109004,35.78186740541116,93.76253435055968,campaign_9,35.78186740541116,-78.70162329109004,93.76253435055968
4G_LTE,-125,2147483647,-125,-20,-93,2147483647,15,9820,352,11,2147483647,2147483647,0,2147483647,[30],[FDD],"Band Number = 30, Uplink = 2305.0 - 2315.0 MHz, Downlink = 2305.0 - 2315.0 MHz ",Unavailable,Unavailable,0,1724707422652,32486.309308754,2024-08-26 17:23:42.652000,-78.70162329109004,35.78186740541116,93.76253435055968,campaign_9,35.78186740541116,-78.70162329109004,93.76253435055968
4G_LTE,-123,11,-123,-18,-87,2147483647,17,9820,375,9,195255445,9995,0,2147483647,[30],[FDD],"Band Number = 30, Uplink = 2305.0 - 2315.0 MHz, Downlink = 2305.0 - 2315.0 MHz ",310,410,1,1724707423652,32487.309842712,2024-08-26 17:23:43.652000,-78.70154247650994,35.78190737685675,93.56214526540946,campaign_9,35.78190737685675,-78.70154247650994,93.56214526540946
4G_LTE,-122,2147483647,-122,-16,-95,2147483647,18,9820,101,9,2147483647,2147483647,0,2147483647,[30],[FDD],"Band Number = 30, Uplink = 2305.0 - 2315.0 MHz, Downlink = 2305.0 - 2315.0 MHz ",Unavailable,Unavailable,0,1724707423652,32487.309842712,2024-08-26 17:23:43.652000,-78.70154247650994,35.78190737685675,93.56214526540946,campaign_9,35.78190737685675,-78.70154247650994,93.56214526540946
4G_LTE,-120,2147483647,-120,-15,-95,2147483647,20,9820,253,9,2147483647,2147483647,0,2147483647,[30],[FDD],"Band Number = 30, Uplink = 2305.0 - 2315.0 MHz, Downlink = 2305.0 - 2315.0 MHz ",Unavailable,Unavailable,0,1724707423652,32487.309842712,2024-08-26 17:23:43.652000,-78.70154247650994,35.78190737685675,93.56214526540946,campaign_9,35.78190737685675,-78.70154247650994,93.56214526540946
4G_LTE,-123,11,-123,-18,-87,2147483647,17,9820,375,9,195255445,9995,0,2147483647,[30],[FDD],"Band Number = 30, Uplink = 2305.0 - 2315.0 MHz, Downlink = 2305.0 - 2315.0 MHz ",310,410,1,1724707424653,32488.310735784,2024-08-26 17:23:44.653000,-78.70146158111525,35.78194738827379,93.3615557911741,campaign_9,35.78194738827379,-78.70146158111525,93.3615557911741
4G_LTE,-122,2147483647,-122,-16,-95,2147483647,18,9820,101,9,2147483647,2147483647,0,2147483647,[30],[FDD],"Band Number = 30, Uplink = 2305.0 - 2315.0 MHz, Downlink = 2305.0 - 2315.0 MHz ",Unavailable,Unavailable,0,1724707424653,32488.310735784,2024-08-26 17:23:44.653000,-78.70146158111525,35.78194738827379,93.3615557911741,campaign_9,35.78194738827379,-78.70146158111525,93.3615557911741
4G_LTE,-120,2147483647,-120,-15,-95,2147483647,20,9820,253,9,2147483647,2147483647,0,2147483647,[30],[FDD],"Band Number = 30, Uplink = 2305.0 - 2315.0 MHz, Downlink = 2305.0 - 2315.0 MHz ",Unavailable,Unavailable,0,1724707424653,32488.310735784,2024-08-26 17:23:44.653000,-78.70146158111525,35.78194738827379,93.3615557911741,campaign_9,35.78194738827379,-78.70146158111525,93.3615557911741
4G_LTE,-123,8,-123,-17,-89,2147483647,17,9820,375,11,195255445,9995,0,2147483647,[30],[FDD],"Band Number = 30, Uplink = 2305.0 - 2315.0 MHz, Downlink = 2305.0 - 2315.0 MHz ",310,410,1,1724707425655,32489.312350367,2024-08-26 17:23:45.655000,-78.70138060490599,35.781987439662274,93.16076592785357,campaign_9,35.781987439662274,-78.70138060490599,93.16076592785357
4G_LTE,-123,2147483647,-123,-16,-95,2147483647,17,9820,101,11,2147483647,2147483647,0,2147483647,[30],[FDD],"Band Number = 30, Uplink = 2305.0 - 2315.0 MHz, Downlink = 2305.0 - 2315.0 MHz ",Unavailable,Unavailable,0,1724707425655,32489.312350367,2024-08-26 17:23:45.655000,-78.70138060490599,35.781987439662274,93.16076592785357,campaign_9,35.781987439662274,-78.70138060490599,93.16076592785357
4G_LTE,-127,2147483647,-127,-20,-95,2147483647,13,9820,352,11,2147483647,2147483647,0,2147483647,[30],[FDD],"Band Number = 30, Uplink = 2305.0 - 2315.0 MHz, Downlink = 2305.0 - 2315.0 MHz ",Unavailable,Unavailable,0,1724707425655,32489.312350367,2024-08-26 17:23:45.655000,-78.70138060490599,35.781987439662274,93.16076592785357,campaign_9,35.781987439662274,-78.70138060490599,93.16076592785357
4G_LTE,-124,2147483647,-124,-18,-95,2147483647,16,9820,196,11,2147483647,2147483647,0,2147483647,[30],[FDD],"Band Number = 30, Uplink = 2305.0 - 2315.0 MHz, Downlink = 2305.0 - 2315.0 MHz ",Unavailable,Unavailable,0,1724707425655,32489.312350367,2024-08-26 17:23:45.655000,-78.70138060490599,35.781987439662274,93.16076592785357,campaign_9,35.781987439662274,-78.70138060490599,93.16076592785357
4G_LTE,-123,8,-123,-17,-89,2147483647,17,9820,375,11,195255445,9995,0,2147483647,[30],[FDD],"Band Number = 30, Uplink = 2305.0 - 2315.0 MHz, Downlink = 2305.0 - 2315.0 MHz ",310,410,1,1724707426654,32490.311748856,2024-08-26 17:23:46.654000,-78.70129987114048,35.78202737113642,92.96057723178852,campaign_9,35.78202737113642,-78.70129987114048,92.96057723178852
4G_LTE,-123,2147483647,-123,-16,-95,2147483647,17,9820,101,11,2147483647,2147483647,0,2147483647,[30],[FDD],"Band Number = 30, Uplink = 2305.0 - 2315.0 MHz, Downlink = 2305.0 - 2315.0 MHz ",Unavailable,Unavailable,0,1724707426654,32490.311748856,2024-08-26 17:23:46.654000,-78.70129987114048,35.78202737113642,92.96057723178852,campaign_9,35.78202737113642,-78.70129987114048,92.96057723178852
4G_LTE,-127,2147483647,-127,-20,-95,2147483647,13,9820,352,11,2147483647,2147483647,0,2147483647,[30],[FDD],"Band Number = 30, Uplink = 2305.0 - 2315.0 MHz, Downlink = 2305.0 - 2315.0 MHz ",Unavailable,Unavailable,0,1724707426654,32490.311748856,2024-08-26 17:23:46.654000,-78.70129987114048,35.78202737113642,92.96057723178852,campaign_9,35.78202737113642,-78.70129987114048,92.96057723178852
4G_LTE,-124,2147483647,-124,-18,-95,2147483647,16,9820,196,11,2147483647,2147483647,0,2147483647,[30],[FDD],"Band Number = 30, Uplink = 2305.0 - 2315.0 MHz, Downlink = 2305.0 - 2315.0 MHz ",Unavailable,Unavailable,0,1724707426654,32490.311748856,2024-08-26 17:23:46.654000,-78.70129987114048,35.78202737113642,92.96057723178852,campaign_9,35.78202737113642,-78.70129987114048,92.96057723178852
4G_LTE,-127,4,-127,-20,-87,2147483647,13,9820,375,12,195255445,9995,0,2147483647,[30],[FDD],"Band Number = 30, Uplink = 2305.0 - 2315.0 MHz, Downlink = 2305.0 - 2315.0 MHz ",310,410,1,1724707427656,32491.313113908,2024-08-26 17:23:47.656000,-78.70121889493122,35.782067422524904,92.759787368468,campaign_9,35.782067422524904,-78.70121889493122,92.759787368468
4G_LTE,-121,2147483647,-121,-17,-95,2147483647,19,9820,101,12,2147483647,2147483647,0,2147483647,[30],[FDD],"Band Number = 30, Uplink = 2305.0 - 2315.0 MHz, Downlink = 2305.0 - 2315.0 MHz ",Unavailable,Unavailable,0,1724707427656,32491.313113908,2024-08-26 17:23:47.656000,-78.70121889493122,35.782067422524904,92.759787368468,campaign_9,35.782067422524904,-78.70121889493122,92.759787368468
4G_LTE,-118,2147483647,-118,-15,-95,2147483647,22,9820,253,12,2147483647,2147483647,0,2147483647,[30],[FDD],"Band Number = 30, Uplink = 2305.0 - 2315.0 MHz, Downlink = 2305.0 - 2315.0 MHz ",Unavailable,Unavailable,0,1724707427656,32491.313113908,2024-08-26 17:23:47.656000,-78.70121889493122,35.782067422524904,92.759787368468,campaign_9,35.782067422524904,-78.70121889493122,92.759787368468
4G_LTE,-127,4,-127,-20,-87,2147483647,13,9820,375,12,195255445,9995,0,2147483647,[30],[FDD],"Band Number = 30, Uplink = 2305.0 - 2315.0 MHz, Downlink = 2305.0 - 2315.0 MHz ",310,410,1,1724707428655,32492.313011616,2024-08-26 17:23:48.655000,-78.70113816116569,35.78210735399905,92.55959867240293,campaign_9,35.78210735399905,-78.70113816116569,92.55959867240293
4G_LTE,-121,2147483647,-121,-17,-95,2147483647,19,9820,101,12,2147483647,2147483647,0,2147483647,[30],[FDD],"Band Number = 30, Uplink = 2305.0 - 2315.0 MHz, Downlink = 2305.0 - 2315.0 MHz ",Unavailable,Unavailable,0,1724707428655,32492.313011616,2024-08-26 17:23:48.655000,-78.70113816116569,35.78210735399905,92.55959867240293,campaign_9,35.78210735399905,-78.70113816116569,92.55959867240293
4G_LTE,-118,2147483647,-118,-15,-95,2147483647,22,9820,253,12,2147483647,2147483647,0,2147483647,[30],[FDD],"Band Number = 30, Uplink = 2305.0 - 2315.0 MHz, Downlink = 2305.0 - 2315.0 MHz ",Unavailable,Unavailable,0,1724707428655,32492.313011616,2024-08-26 17:23:48.655000,-78.70113816116569,35.78210735399905,92.55959867240293,campaign_9,35.78210735399905,-78.70113816116569,92.55959867240293
4G_LTE,-128,-1,-128,-20,-89,2147483647,12,9820,375,13,195255445,9995,0,2147483647,[30],[FDD],"Band Number = 30, Uplink = 2305.0 - 2315.0 MHz, Downlink = 2305.0 - 2315.0 MHz ",310,410,1,1724707429655,32493.312536876,2024-08-26 17:23:49.655000,-78.70105734658559,35.78214732544465,92.35920958725272,campaign_9,35.78214732544465,-78.70105734658559,92.35920958725272
4G_LTE,-123,2147483647,-123,-16,-95,2147483647,17,9820,101,13,2147483647,2147483647,0,2147483647,[30],[FDD],"Band Number = 30, Uplink = 2305.0 - 2315.0 MHz, Downlink = 2305.0 - 2315.0 MHz ",Unavailable,Unavailable,0,1724707429655,32493.312536876,2024-08-26 17:23:49.655000,-78.70105734658559,35.78214732544465,92.35920958725272,campaign_9,35.78214732544465,-78.70105734658559,92.35920958725272
4G_LTE,-118,2147483647,-118,-13,-95,2147483647,22,9820,253,13,2147483647,2147483647,0,2147483647,[30],[FDD],"Band Number = 30, Uplink = 2305.0 - 2315.0 MHz, Downlink = 2305.0 - 2315.0 MHz ",Unavailable,Unavailable,0,1724707429655,32493.312536876,2024-08-26 17:23:49.655000,-78.70105734658559,35.78214732544465,92.35920958725272,campaign_9,35.78214732544465,-78.70105734658559,92.35920958725272
4G_LTE,-128,-1,-128,-20,-89,2147483647,12,9820,375,13,195255445,9995,0,2147483647,[30],[FDD],"Band Number = 30, Uplink = 2305.0 - 2315.0 MHz, Downlink = 2305.0 - 2315.0 MHz ",310,410,1,1724707430658,32494.315450001,2024-08-26 17:23:50.658000,-78.70097628956174,35.782187416804575,92.15821933484705,campaign_9,35.782187416804575,-78.70097628956174,92.15821933484705
4G_LTE,-123,2147483647,-123,-16,-95,2147483647,17,9820,101,13,2147483647,2147483647,0,2147483647,[30],[FDD],"Band Number = 30, Uplink = 2305.0 - 2315.0 MHz, Downlink = 2305.0 - 2315.0 MHz ",Unavailable,Unavailable,0,1724707430658,32494.315450001,2024-08-26 17:23:50.658000,-78.70097628956174,35.782187416804575,92.15821933484705,campaign_9,35.782187416804575,-78.70097628956174,92.15821933484705
4G_LTE,-118,2147483647,-118,-13,-95,2147483647,22,9820,253,13,2147483647,2147483647,0,2147483647,[30],[FDD],"Band Number = 30, Uplink = 2305.0 - 2315.0 MHz, Downlink = 2305.0 - 2315.0 MHz ",Unavailable,Unavailable,0,1724707430658,32494.315450001,2024-08-26 17:23:50.658000,-78.70097628956174,35.782187416804575,92.15821933484705,campaign_9,35.782187416804575,-78.70097628956174,92.15821933484705
4G_LTE,-129,-4,-129,-20,-83,2147483647,11,9820,375,13,195255445,9995,0,2147483647,[30],[FDD],"Band Number = 30, Uplink = 2305.0 - 2315.0 MHz, Downlink = 2305.0 - 2315.0 MHz ",310,410,1,1724707431658,32495.315701198,2024-08-26 17:23:51.658000,-78.70089547498164,35.78222738825017,91.95783024969683,campaign_9,35.78222738825017,-78.70089547498164,91.95783024969683
4G_LTE,-121,2147483647,-121,-17,-93,2147483647,19,9820,101,13,2147483647,2147483647,0,2147483647,[30],[FDD],"Band Number = 30, Uplink = 2305.0 - 2315.0 MHz, Downlink = 2305.0 - 2315.0 MHz ",Unavailable,Unavailable,0,1724707431658,32495.315701198,2024-08-26 17:23:51.658000,-78.70089547498164,35.78222738825017,91.95783024969683,campaign_9,35.78222738825017,-78.70089547498164,91.95783024969683
4G_LTE,-117,2147483647,-117,-13,-93,2147483647,23,9820,253,13,2147483647,2147483647,0,2147483647,[30],[FDD],"Band Number = 30, Uplink = 2305.0 - 2315.0 MHz, Downlink = 2305.0 - 2315.0 MHz ",Unavailable,Unavailable,0,1724707431658,32495.315701198,2024-08-26 17:23:51.658000,-78.70089547498164,35.78222738825017,91.95783024969683,campaign_9,35.78222738825017,-78.70089547498164,91.95783024969683
4G_LTE,-119,2147483647,-119,-15,-95,2147483647,21,9820,253,14,2147483647,2147483647,0,2147483647,[30],[FDD],"Band Number = 30, Uplink = 2305.0 - 2315.0 MHz, Downlink = 2305.0 - 2315.0 MHz ",Unavailable,Unavailable,0,1724707432667,32496.324397291,2024-08-26 17:23:52.667000,-78.70081393307032,35.78226771943877,91.75563766278026,campaign_9,35.78226771943877,-78.70081393307032,91.75563766278026
4G_LTE,-122,-7,-122,-19,-85,2147483647,18,9820,101,14,196875927,9995,0,2147483647,[30],[FDD],"Band Number = 30, Uplink = 2305.0 - 2315.0 MHz, Downlink = 2305.0 - 2315.0 MHz ",310,410,1,1724707432667,32496.324397291,2024-08-26 17:23:52.667000,-78.70081393307032,35.78226771943877,91.75563766278026,campaign_9,35.78226771943877,-78.70081393307032,91.75563766278026
4G_LTE,-96,2147483647,-96,-20,-67,2147483647,44,950,311,14,2147483647,2147483647,2,2147483647,[2],[FDD],"Band Number = 2, Uplink = 1850.0 - 1910.0 MHz, Downlink = 1850.0 - 1910.0 MHz ",Unavailable,Unavailable,0,1724707432667,32496.324397291,2024-08-26 17:23:52.667000,-78.70081393307032,35.78226771943877,91.75563766278026,campaign_9,35.78226771943877,-78.70081393307032,91.75563766278026
4G_LTE,-119,2147483647,-119,-13,-95,2147483647,21,9820,253,13,2147483647,2147483647,0,2147483647,[30],[FDD],"Band Number = 30, Uplink = 2305.0 - 2315.0 MHz, Downlink = 2305.0 - 2315.0 MHz ",Unavailable,Unavailable,0,1724707433672,32497.329536301,2024-08-26 17:23:53.672000,-78.70073271441731,35.78230789074159,91.5542466322043,campaign_9,35.78230789074159,-78.70073271441731,91.5542466322043
4G_LTE,-121,-7,-121,-17,-85,2147483647,19,9820,101,13,196875927,9995,0,2147483647,[30],[FDD],"Band Number = 30, Uplink = 2305.0 - 2315.0 MHz, Downlink = 2305.0 - 2315.0 MHz ",310,410,1,1724707433672,32497.329536301,2024-08-26 17:23:53.672000,-78.70073271441731,35.78230789074159,91.5542466322043,campaign_9,35.78230789074159,-78.70073271441731,91.5542466322043
4G_LTE,-125,2147483647,-125,-18,-97,2147483647,15,9820,375,13,2147483647,2147483647,0,2147483647,[30],[FDD],"Band Number = 30, Uplink = 2305.0 - 2315.0 MHz, Downlink = 2305.0 - 2315.0 MHz ",Unavailable,Unavailable,0,1724707433672,32497.329536301,2024-08-26 17:23:53.672000,-78.70073271441731,35.78230789074159,91.5542466322043,campaign_9,35.78230789074159,-78.70073271441731,91.5542466322043
4G_LTE,-95,2147483647,-95,-20,-59,2147483647,45,950,311,13,2147483647,2147483647,3,2147483647,[2],[FDD],"Band Number = 2, Uplink = 1850.0 - 1910.0 MHz, Downlink = 1850.0 - 1910.0 MHz ",Unavailable,Unavailable,0,1724707433672,32497.329536301,2024-08-26 17:23:53.672000,-78.70073271441731,35.78230789074159,91.5542466322043,campaign_9,35.78230789074159,-78.70073271441731,91.5542466322043
4G_LTE,-83,2147483647,-83,-13,-59,2147483647,57,950,230,13,2147483647,2147483647,4,2147483647,[2],[FDD],"Band Number = 2, Uplink = 1850.0 - 1910.0 MHz, Downlink = 1850.0 - 1910.0 MHz ",Unavailable,Unavailable,0,1724707433672,32497.329536301,2024-08-26 17:23:53.672000,-78.70073271441731,35.78230789074159,91.5542466322043,campaign_9,35.78230789074159,-78.70073271441731,91.5542466322043
4G_LTE,-86,2147483647,-86,-11,-59,2147483647,54,950,436,13,2147483647,2147483647,3,2147483647,[2],[FDD],"Band Number = 2, Uplink = 1850.0 - 1910.0 MHz, Downlink = 1850.0 - 1910.0 MHz ",Unavailable,Unavailable,0,1724707433672,32497.329536301,2024-08-26 17:23:53.672000,-78.70073271441731,35.78230789074159,91.5542466322043,campaign_9,35.78230789074159,-78.70073271441731,91.5542466322043
4G_LTE,-91,2147483647,-91,-20,-57,2147483647,49,5330,101,13,2147483647,2147483647,3,2147483647,[14],[FDD],"Band Number = 14, Uplink = 788.0 - 798.0 MHz, Downlink = 788.0 - 798.0 MHz ",Unavailable,Unavailable,1,1724707433672,32497.329536301,2024-08-26 17:23:53.672000,-78.70073271441731,35.78230789074159,91.5542466322043,campaign_9,35.78230789074159,-78.70073271441731,91.5542466322043
4G_LTE,-74,2147483647,-74,-9,-57,2147483647,66,5330,395,13,2147483647,2147483647,4,2147483647,[14],[FDD],"Band Number = 14, Uplink = 788.0 - 798.0 MHz, Downlink = 788.0 - 798.0 MHz ",Unavailable,Unavailable,0,1724707433672,32497.329536301,2024-08-26 17:23:53.672000,-78.70073271441731,35.78230789074159,91.5542466322043,campaign_9,35.78230789074159,-78.70073271441731,91.5542466322043
4G_LTE,-78,2147483647,-78,-13,-57,2147483647,62,5330,496,13,2147483647,2147483647,4,2147483647,[14],[FDD],"Band Number = 14, Uplink = 788.0 - 798.0 MHz, Downlink = 788.0 - 798.0 MHz ",Unavailable,Unavailable,0,1724707433672,32497.329536301,2024-08-26 17:23:53.672000,-78.70073271441731,35.78230789074159,91.5542466322043,campaign_9,35.78230789074159,-78.70073271441731,91.5542466322043
4G_LTE,-93,2147483647,-93,-20,-57,2147483647,47,66486,311,13,2147483647,2147483647,3,2147483647,[66],[FDD],"Band Number = 66, Uplink = 1710.0 - 1780.0 MHz, Downlink = 1710.0 - 1780.0 MHz ",Unavailable,Unavailable,0,1724707433672,32497.329536301,2024-08-26 17:23:53.672000,-78.70073271441731,35.78230789074159,91.5542466322043,campaign_9,35.78230789074159,-78.70073271441731,91.5542466322043
4G_LTE,-83,2147483647,-83,-15,-57,2147483647,57,66486,478,13,2147483647,2147483647,4,2147483647,[66],[FDD],"Band Number = 66, Uplink = 1710.0 - 1780.0 MHz, Downlink = 1710.0 - 1780.0 MHz ",Unavailable,Unavailable,0,1724707433672,32497.329536301,2024-08-26 17:23:53.672000,-78.70073271441731,35.78230789074159,91.5542466322043,campaign_9,35.78230789074159,-78.70073271441731,91.5542466322043
4G_LTE,-86,2147483647,-86,-19,-57,2147483647,54,66486,377,13,2147483647,2147483647,3,2147483647,[66],[FDD],"Band Number = 66, Uplink = 1710.0 - 1780.0 MHz, Downlink = 1710.0 - 1780.0 MHz ",Unavailable,Unavailable,0,1724707433672,32497.329536301,2024-08-26 17:23:53.672000,-78.70073271441731,35.78230789074159,91.5542466322043,campaign_9,35.78230789074159,-78.70073271441731,91.5542466322043
4G_LTE,-119,2147483647,-119,-13,-95,2147483647,21,9820,253,13,2147483647,2147483647,0,2147483647,[30],[FDD],"Band Number = 30, Uplink = 2305.0 - 2315.0 MHz, Downlink = 2305.0 - 2315.0 MHz ",Unavailable,Unavailable,0,1724707434671,32498.328547239,2024-08-26 17:23:54.671000,-78.69949553735606,35.78291980700138,88.48652321941516,campaign_9,35.78291980700138,-78.69949553735606,88.48652321941516
4G_LTE,-121,-7,-121,-17,-85,2147483647,19,9820,101,13,196875927,9995,0,2147483647,[30],[FDD],"Band Number = 30, Uplink = 2305.0 - 2315.0 MHz, Downlink = 2305.0 - 2315.0 MHz ",310,410,1,1724707434671,32498.328547239,2024-08-26 17:23:54.671000,-78.69949553735606,35.78291980700138,88.48652321941516,campaign_9,35.78291980700138,-78.69949553735606,88.48652321941516
4G_LTE,-125,2147483647,-125,-18,-97,2147483647,15,9820,375,13,2147483647,2147483647,0,2147483647,[30],[FDD],"Band Number = 30, Uplink = 2305.0 - 2315.0 MHz, Downlink = 2305.0 - 2315.0 MHz ",Unavailable,Unavailable,0,1724707434671,32498.328547239,2024-08-26 17:23:54.671000,-78.69949553735606,35.78291980700138,88.48652321941516,campaign_9,35.78291980700138,-78.69949553735606,88.48652321941516
4G_LTE,-95,2147483647,-95,-20,-59,2147483647,45,950,311,13,2147483647,2147483647,3,2147483647,[2],[FDD],"Band Number = 2, Uplink = 1850.0 - 1910.0 MHz, Downlink = 1850.0 - 1910.0 MHz ",Unavailable,Unavailable,0,1724707434671,32498.328547239,2024-08-26 17:23:54.671000,-78.69949553735606,35.78291980700138,88.48652321941516,campaign_9,35.78291980700138,-78.69949553735606,88.48652321941516
4G_LTE,-83,2147483647,-83,-13,-59,2147483647,57,950,230,13,2147483647,2147483647,4,2147483647,[2],[FDD],"Band Number = 2, Uplink = 1850.0 - 1910.0 MHz, Downlink = 1850.0 - 1910.0 MHz ",Unavailable,Unavailable,0,1724707434671,32498.328547239,2024-08-26 17:23:54.671000,-78.69949553735606,35.78291980700138,88.48652321941516,campaign_9,35.78291980700138,-78.69949553735606,88.48652321941516
4G_LTE,-86,2147483647,-86,-11,-59,2147483647,54,950,436,13,2147483647,2147483647,3,2147483647,[2],[FDD],"Band Number = 2, Uplink = 1850.0 - 1910.0 MHz, Downlink = 1850.0 - 1910.0 MHz ",Unavailable,Unavailable,0,1724707434671,32498.328547239,2024-08-26 17:23:54.671000,-78.69949553735606,35.78291980700138,88.48652321941516,campaign_9,35.78291980700138,-78.69949553735606,88.48652321941516
4G_LTE,-91,2147483647,-91,-20,-57,2147483647,49,5330,101,13,2147483647,2147483647,3,2147483647,[14],[FDD],"Band Number = 14, Uplink = 788.0 - 798.0 MHz, Downlink = 788.0 - 798.0 MHz ",Unavailable,Unavailable,1,1724707434671,32498.328547239,2024-08-26 17:23:54.671000,-78.69949553735606,35.78291980700138,88.48652321941516,campaign_9,35.78291980700138,-78.69949553735606,88.48652321941516
4G_LTE,-74,2147483647,-74,-9,-57,2147483647,66,5330,395,13,2147483647,2147483647,4,2147483647,[14],[FDD],"Band Number = 14, Uplink = 788.0 - 798.0 MHz, Downlink = 788.0 - 798.0 MHz ",Unavailable,Unavailable,0,1724707434671,32498.328547239,2024-08-26 17:23:54.671000,-78.69949553735606,35.78291980700138,88.48652321941516,campaign_9,35.78291980700138,-78.69949553735606,88.48652321941516
4G_LTE,-78,2147483647,-78,-13,-57,2147483647,62,5330,496,13,2147483647,2147483647,4,2147483647,[14],[FDD],"Band Number = 14, Uplink = 788.0 - 798.0 MHz, Downlink = 788.0 - 798.0 MHz ",Unavailable,Unavailable,0,1724707434671,32498.328547239,2024-08-26 17:23:54.671000,-78.69949553735606,35.78291980700138,88.48652321941516,campaign_9,35.78291980700138,-78.69949553735606,88.48652321941516
4G_LTE,-93,2147483647,-93,-20,-57,2147483647,47,66486,311,13,2147483647,2147483647,3,2147483647,[66],[FDD],"Band Number = 66, Uplink = 1710.0 - 1780.0 MHz, Downlink = 1710.0 - 1780.0 MHz ",Unavailable,Unavailable,0,1724707434671,32498.328547239,2024-08-26 17:23:54.671000,-78.69949553735606,35.78291980700138,88.48652321941516,campaign_9,35.78291980700138,-78.69949553735606,88.48652321941516
4G_LTE,-83,2147483647,-83,-15,-57,2147483647,57,66486,478,13,2147483647,2147483647,4,2147483647,[66],[FDD],"Band Number = 66, Uplink = 1710.0 - 1780.0 MHz, Downlink = 1710.0 - 1780.0 MHz ",Unavailable,Unavailable,0,1724707434671,32498.328547239,2024-08-26 17:23:54.671000,-78.69949553735606,35.78291980700138,88.48652321941516,campaign_9,35.78291980700138,-78.69949553735606,88.48652321941516
4G_LTE,-86,2147483647,-86,-19,-57,2147483647,54,66486,377,13,2147483647,2147483647,3,2147483647,[66],[FDD],"Band Number = 66, Uplink = 1710.0 - 1780.0 MHz, Downlink = 1710.0 - 1780.0 MHz ",Unavailable,Unavailable,0,1724707434671,32498.328547239,2024-08-26 17:23:54.671000,-78.69949553735606,35.78291980700138,88.48652321941516,campaign_9,35.78291980700138,-78.69949553735606,88.48652321941516
4G_LTE,-121,2147483647,-121,-14,-97,2147483647,19,9820,253,13,2147483647,2147483647,0,2147483647,[30],[FDD],"Band Number = 30, Uplink = 2305.0 - 2315.0 MHz, Downlink = 2305.0 - 2315.0 MHz ",Unavailable,Unavailable,0,1724707435671,32499.328338124,2024-08-26 17:23:55.671000,-78.699259,35.7830368,87.9000015258789,campaign_9,35.7830368,-78.699259,87.9000015258789
4G_LTE,-119,-7,-119,-15,-87,2147483647,21,9820,101,13,196875927,9995,0,2147483647,[30],[FDD],"Band Number = 30, Uplink = 2305.0 - 2315.0 MHz, Downlink = 2305.0 - 2315.0 MHz ",310,410,1,1724707435671,32499.328338124,2024-08-26 17:23:55.671000,-78.699259,35.7830368,87.9000015258789,campaign_9,35.7830368,-78.699259,87.9000015258789
4G_LTE,-124,2147483647,-124,-17,-97,2147483647,16,9820,375,13,2147483647,2147483647,0,2147483647,[30],[FDD],"Band Number = 30, Uplink = 2305.0 - 2315.0 MHz, Downlink = 2305.0 - 2315.0 MHz ",Unavailable,Unavailable,0,1724707435671,32499.328338124,2024-08-26 17:23:55.671000,-78.699259,35.7830368,87.9000015258789,campaign_9,35.7830368,-78.699259,87.9000015258789
4G_LTE,-98,2147483647,-98,-20,-65,2147483647,42,66661,101,13,2147483647,2147483647,2,2147483647,[66],[FDD],"Band Number = 66, Uplink = 1710.0 - 1780.0 MHz, Downlink = 1710.0 - 1780.0 MHz ",Unavailable,Unavailable,1,1724707435671,32499.328338124,2024-08-26 17:23:55.671000,-78.699259,35.7830368,87.9000015258789,campaign_9,35.7830368,-78.699259,87.9000015258789
4G_LTE,-84,2147483647,-84,-9,-65,2147483647,56,66661,496,13,2147483647,2147483647,4,2147483647,[66],[FDD],"Band Number = 66, Uplink = 1710.0 - 1780.0 MHz, Downlink = 1710.0 - 1780.0 MHz ",Unavailable,Unavailable,0,1724707435671,32499.328338124,2024-08-26 17:23:55.671000,-78.699259,35.7830368,87.9000015258789,campaign_9,35.7830368,-78.699259,87.9000015258789
4G_LTE,-91,2147483647,-91,-13,-65,2147483647,49,66661,395,13,2147483647,2147483647,3,2147483647,[66],[FDD],"Band Number = 66, Uplink = 1710.0 - 1780.0 MHz, Downlink = 1710.0 - 1780.0 MHz ",Unavailable,Unavailable,0,1724707435671,32499.328338124,2024-08-26 17:23:55.671000,-78.699259,35.7830368,87.9000015258789,campaign_9,35.7830368,-78.699259,87.9000015258789
4G_LTE,-82,2147483647,-82,-20,-51,2147483647,58,5110,101,13,2147483647,2147483647,4,2147483647,[12],[FDD],"Band Number = 12, Uplink = 698.0 - 716.0 MHz, Downlink = 699.0 - 716.0 MHz ",Unavailable,Unavailable,1,1724707435671,32499.328338124,2024-08-26 17:23:55.671000,-78.699259,35.7830368,87.9000015258789,campaign_9,35.7830368,-78.699259,87.9000015258789
4G_LTE,-73,2147483647,-73,-12,-51,2147483647,67,5110,496,13,2147483647,2147483647,4,2147483647,[12],[FDD],"Band Number = 12, Uplink = 698.0 - 716.0 MHz, Downlink = 699.0 - 716.0 MHz ",Unavailable,Unavailable,0,1724707435671,32499.328338124,2024-08-26 17:23:55.671000,-78.699259,35.7830368,87.9000015258789,campaign_9,35.7830368,-78.699259,87.9000015258789
4G_LTE,-77,2147483647,-77,-14,-51,2147483647,63,5110,395,13,2147483647,2147483647,4,2147483647,[12],[FDD],"Band Number = 12, Uplink = 698.0 - 716.0 MHz, Downlink = 699.0 - 716.0 MHz ",Unavailable,Unavailable,0,1724707435671,32499.328338124,2024-08-26 17:23:55.671000,-78.699259,35.7830368,87.9000015258789,campaign_9,35.7830368,-78.699259,87.9000015258789
4G_LTE,-121,2147483647,-121,-14,-97,2147483647,19,9820,253,13,2147483647,2147483647,0,2147483647,[30],[FDD],"Band Number = 30, Uplink = 2305.0 - 2315.0 MHz, Downlink = 2305.0 - 2315.0 MHz ",Unavailable,Unavailable,0,1724707436672,32500.329667186,2024-08-26 17:23:56.672000,-78.69918620504652,35.78306682441347,88.13901998641127,campaign_9,35.78306682441347,-78.69918620504652,88.13901998641127
4G_LTE,-119,-7,-119,-15,-87,2147483647,21,9820,101,13,196875927,9995,0,2147483647,[30],[FDD],"Band Number = 30, Uplink = 2305.0 - 2315.0 MHz, Downlink = 2305.0 - 2315.0 MHz ",310,410,1,1724707436672,32500.329667186,2024-08-26 17:23:56.672000,-78.69918620504652,35.78306682441347,88.13901998641127,campaign_9,35.78306682441347,-78.69918620504652,88.13901998641127
4G_LTE,-124,2147483647,-124,-17,-97,2147483647,16,9820,375,13,2147483647,2147483647,0,2147483647,[30],[FDD],"Band Number = 30, Uplink = 2305.0 - 2315.0 MHz, Downlink = 2305.0 - 2315.0 MHz ",Unavailable,Unavailable,0,1724707436672,32500.329667186,2024-08-26 17:23:56.672000,-78.69918620504652,35.78306682441347,88.13901998641127,campaign_9,35.78306682441347,-78.69918620504652,88.13901998641127
4G_LTE,-98,2147483647,-98,-20,-65,2147483647,42,66661,101,13,2147483647,2147483647,2,2147483647,[66],[FDD],"Band Number = 66, Uplink = 1710.0 - 1780.0 MHz, Downlink = 1710.0 - 1780.0 MHz ",Unavailable,Unavailable,1,1724707436672,32500.329667186,2024-08-26 17:23:56.672000,-78.69918620504652,35.78306682441347,88.13901998641127,campaign_9,35.78306682441347,-78.69918620504652,88.13901998641127
4G_LTE,-84,2147483647,-84,-9,-65,2147483647,56,66661,496,13,2147483647,2147483647,4,2147483647,[66],[FDD],"Band Number = 66, Uplink = 1710.0 - 1780.0 MHz, Downlink = 1710.0 - 1780.0 MHz ",Unavailable,Unavailable,0,1724707436672,32500.329667186,2024-08-26 17:23:56.672000,-78.69918620504652,35.78306682441347,88.13901998641127,campaign_9,35.78306682441347,-78.69918620504652,88.13901998641127
4G_LTE,-91,2147483647,-91,-13,-65,2147483647,49,66661,395,13,2147483647,2147483647,3,2147483647,[66],[FDD],"Band Number = 66, Uplink = 1710.0 - 1780.0 MHz, Downlink = 1710.0 - 1780.0 MHz ",Unavailable,Unavailable,0,1724707436672,32500.329667186,2024-08-26 17:23:56.672000,-78.69918620504652,35.78306682441347,88.13901998641127,campaign_9,35.78306682441347,-78.69918620504652,88.13901998641127
4G_LTE,-82,2147483647,-82,-20,-51,2147483647,58,5110,101,13,2147483647,2147483647,4,2147483647,[12],[FDD],"Band Number = 12, Uplink = 698.0 - 716.0 MHz, Downlink = 699.0 - 716.0 MHz ",Unavailable,Unavailable,1,1724707436672,32500.329667186,2024-08-26 17:23:56.672000,-78.69918620504652,35.78306682441347,88.13901998641127,campaign_9,35.78306682441347,-78.69918620504652,88.13901998641127
4G_LTE,-73,2147483647,-73,-12,-51,2147483647,67,5110,496,13,2147483647,2147483647,4,2147483647,[12],[FDD],"Band Number = 12, Uplink = 698.0 - 716.0 MHz, Downlink = 699.0 - 716.0 MHz ",Unavailable,Unavailable,0,1724707436672,32500.329667186,2024-08-26 17:23:56.672000,-78.69918620504652,35.78306682441347,88.13901998641127,campaign_9,35.78306682441347,-78.69918620504652,88.13901998641127
4G_LTE,-77,2147483647,-77,-14,-51,2147483647,63,5110,395,13,2147483647,2147483647,4,2147483647,[12],[FDD],"Band Number = 12, Uplink = 698.0 - 716.0 MHz, Downlink = 699.0 - 716.0 MHz ",Unavailable,Unavailable,0,1724707436672,32500.329667186,2024-08-26 17:23:56.672000,-78.69918620504652,35.78306682441347,88.13901998641127,campaign_9,35.78306682441347,-78.69918620504652,88.13901998641127
4G_LTE,-121,2147483647,-121,-14,-97,2147483647,19,9820,253,13,2147483647,2147483647,0,2147483647,[30],[FDD],"Band Number = 30, Uplink = 2305.0 - 2315.0 MHz, Downlink = 2305.0 - 2315.0 MHz ",Unavailable,Unavailable,0,1724707437676,32501.333068279,2024-08-26 17:23:57.676000,-78.69911319192634,35.783096938810196,88.37875478598619,campaign_9,35.783096938810196,-78.69911319192634,88.37875478598619
4G_LTE,-119,-7,-119,-15,-87,2147483647,21,9820,101,13,196875927,9995,0,2147483647,[30],[FDD],"Band Number = 30, Uplink = 2305.0 - 2315.0 MHz, Downlink = 2305.0 - 2315.0 MHz ",310,410,1,1724707437676,32501.333068279,2024-08-26 17:23:57.676000,-78.69911319192634,35.783096938810196,88.37875478598619,campaign_9,35.783096938810196,-78.69911319192634,88.37875478598619
4G_LTE,-124,2147483647,-124,-17,-97,2147483647,16,9820,375,13,2147483647,2147483647,0,2147483647,[30],[FDD],"Band Number = 30, Uplink = 2305.0 - 2315.0 MHz, Downlink = 2305.0 - 2315.0 MHz ",Unavailable,Unavailable,0,1724707437676,32501.333068279,2024-08-26 17:23:57.676000,-78.69911319192634,35.783096938810196,88.37875478598619,campaign_9,35.783096938810196,-78.69911319192634,88.37875478598619
4G_LTE,-98,2147483647,-98,-20,-65,2147483647,42,66661,101,13,2147483647,2147483647,2,2147483647,[66],[FDD],"Band Number = 66, Uplink = 1710.0 - 1780.0 MHz, Downlink = 1710.0 - 1780.0 MHz ",Unavailable,Unavailable,1,1724707437676,32501.333068279,2024-08-26 17:23:57.676000,-78.69911319192634,35.783096938810196,88.37875478598619,campaign_9,35.783096938810196,-78.69911319192634,88.37875478598619
4G_LTE,-84,2147483647,-84,-9,-65,2147483647,56,66661,496,13,2147483647,2147483647,4,2147483647,[66],[FDD],"Band Number = 66, Uplink = 1710.0 - 1780.0 MHz, Downlink = 1710.0 - 1780.0 MHz ",Unavailable,Unavailable,0,1724707437676,32501.333068279,2024-08-26 17:23:57.676000,-78.69911319192634,35.783096938810196,88.37875478598619,campaign_9,35.783096938810196,-78.69911319192634,88.37875478598619
4G_LTE,-91,2147483647,-91,-13,-65,2147483647,49,66661,395,13,2147483647,2147483647,3,2147483647,[66],[FDD],"Band Number = 66, Uplink = 1710.0 - 1780.0 MHz, Downlink = 1710.0 - 1780.0 MHz ",Unavailable,Unavailable,0,1724707437676,32501.333068279,2024-08-26 17:23:57.676000,-78.69911319192634,35.783096938810196,88.37875478598619,campaign_9,35.783096938810196,-78.69911319192634,88.37875478598619
4G_LTE,-82,2147483647,-82,-20,-51,2147483647,58,5110,101,13,2147483647,2147483647,4,2147483647,[12],[FDD],"Band Number = 12, Uplink = 698.0 - 716.0 MHz, Downlink = 699.0 - 716.0 MHz ",Unavailable,Unavailable,1,1724707437676,32501.333068279,2024-08-26 17:23:57.676000,-78.69911319192634,35.783096938810196,88.37875478598619,campaign_9,35.783096938810196,-78.69911319192634,88.37875478598619
4G_LTE,-73,2147483647,-73,-12,-51,2147483647,67,5110,496,13,2147483647,2147483647,4,2147483647,[12],[FDD],"Band Number = 12, Uplink = 698.0 - 716.0 MHz, Downlink = 699.0 - 716.0 MHz ",Unavailable,Unavailable,0,1724707437676,32501.333068279,2024-08-26 17:23:57.676000,-78.69911319192634,35.783096938810196,88.37875478598619,campaign_9,35.783096938810196,-78.69911319192634,88.37875478598619
4G_LTE,-77,2147483647,-77,-14,-51,2147483647,63,5110,395,13,2147483647,2147483647,4,2147483647,[12],[FDD],"Band Number = 12, Uplink = 698.0 - 716.0 MHz, Downlink = 699.0 - 716.0 MHz ",Unavailable,Unavailable,0,1724707437676,32501.333068279,2024-08-26 17:23:57.676000,-78.69911319192634,35.783096938810196,88.37875478598619,campaign_9,35.783096938810196,-78.69911319192634,88.37875478598619
4G_LTE,-127,2147483647,-127,-19,-97,2147483647,13,9820,253,13,2147483647,2147483647,0,2147483647,[30],[FDD],"Band Number = 30, Uplink = 2305.0 - 2315.0 MHz, Downlink = 2305.0 - 2315.0 MHz ",Unavailable,Unavailable,0,1724707438683,32502.3399063,2024-08-26 17:23:58.683000,-78.69903996063948,35.78312714319018,88.61920592460366,campaign_9,35.78312714319018,-78.69903996063948,88.61920592460366
4G_LTE,-121,-7,-121,-15,-87,2147483647,19,9820,101,13,196875927,9995,0,2147483647,[30],[FDD],"Band Number = 30, Uplink = 2305.0 - 2315.0 MHz, Downlink = 2305.0 - 2315.0 MHz ",310,410,1,1724707438683,32502.3399063,2024-08-26 17:23:58.683000,-78.69903996063948,35.78312714319018,88.61920592460366,campaign_9,35.78312714319018,-78.69903996063948,88.61920592460366
4G_LTE,-122,2147483647,-122,-13,-93,2147483647,18,9820,375,13,2147483647,2147483647,0,2147483647,[30],[FDD],"Band Number = 30, Uplink = 2305.0 - 2315.0 MHz, Downlink = 2305.0 - 2315.0 MHz ",Unavailable,Unavailable,0,1724707438683,32502.3399063,2024-08-26 17:23:58.683000,-78.69903996063948,35.78312714319018,88.61920592460366,campaign_9,35.78312714319018,-78.69903996063948,88.61920592460366
4G_LTE,-127,2147483647,-127,-19,-97,2147483647,13,9820,253,13,2147483647,2147483647,0,2147483647,[30],[FDD],"Band Number = 30, Uplink = 2305.0 - 2315.0 MHz, Downlink = 2305.0 - 2315.0 MHz ",Unavailable,Unavailable,0,1724707439683,32503.340583383,2024-08-26 17:23:59.683000,-78.69896723840823,35.78315713760923,88.85798560545517,campaign_9,35.78315713760923,-78.69896723840823,88.85798560545517
4G_LTE,-121,-7,-121,-15,-87,2147483647,19,9820,101,13,196875927,9995,0,2147483647,[30],[FDD],"Band Number = 30, Uplink = 2305.0 - 2315.0 MHz, Downlink = 2305.0 - 2315.0 MHz ",310,410,1,1724707439683,32503.340583383,2024-08-26 17:23:59.683000,-78.69896723840823,35.78315713760923,88.85798560545517,campaign_9,35.78315713760923,-78.69896723840823,88.85798560545517
4G_LTE,-122,2147483647,-122,-13,-93,2147483647,18,9820,375,13,2147483647,2147483647,0,2147483647,[30],[FDD],"Band Number = 30, Uplink = 2305.0 - 2315.0 MHz, Downlink = 2305.0 - 2315.0 MHz ",Unavailable,Unavailable,0,1724707439683,32503.340583383,2024-08-26 17:23:59.683000,-78.69896723840823,35.78315713760923,88.85798560545517,campaign_9,35.78315713760923,-78.69896723840823,88.85798560545517
4G_LTE,-125,2147483647,-125,-18,-95,2147483647,15,9820,375,13,2147483647,2147483647,0,2147483647,[30],[FDD],"Band Number = 30, Uplink = 2305.0 - 2315.0 MHz, Downlink = 2305.0 - 2315.0 MHz ",Unavailable,Unavailable,0,1724707440682,32504.339395049,2024-08-26 17:24:00.682000,-78.69889458889921,35.783187102033864,89.09652650662584,campaign_9,35.783187102033864,-78.69889458889921,89.09652650662584
4G_LTE,-123,-7,-123,-17,-87,2147483647,17,9820,101,13,196875927,9995,0,2147483647,[30],[FDD],"Band Number = 30, Uplink = 2305.0 - 2315.0 MHz, Downlink = 2305.0 - 2315.0 MHz ",310,410,1,1724707440682,32504.339395049,2024-08-26 17:24:00.682000,-78.69889458889921,35.783187102033864,89.09652650662584,campaign_9,35.783187102033864,-78.69889458889921,89.09652650662584
4G_LTE,-126,2147483647,-126,-17,-95,2147483647,14,9820,253,13,2147483647,2147483647,0,2147483647,[30],[FDD],"Band Number = 30, Uplink = 2305.0 - 2315.0 MHz, Downlink = 2305.0 - 2315.0 MHz ",Unavailable,Unavailable,0,1724707440682,32504.339395049,2024-08-26 17:24:00.682000,-78.69889458889921,35.783187102033864,89.09652650662584,campaign_9,35.783187102033864,-78.69889458889921,89.09652650662584
4G_LTE,-125,2147483647,-125,-18,-95,2147483647,15,9820,375,13,2147483647,2147483647,0,2147483647,[30],[FDD],"Band Number = 30, Uplink = 2305.0 - 2315.0 MHz, Downlink = 2305.0 - 2315.0 MHz ",Unavailable,Unavailable,0,1724707441686,32505.343583955,2024-08-26 17:24:01.686000,-78.69882157577904,35.78321721643059,89.33626130620075,campaign_9,35.78321721643059,-78.69882157577904,89.33626130620075
4G_LTE,-123,-7,-123,-17,-87,2147483647,17,9820,101,13,196875927,9995,0,2147483647,[30],[FDD],"Band Number = 30, Uplink = 2305.0 - 2315.0 MHz, Downlink = 2305.0 - 2315.0 MHz ",310,410,1,1724707441686,32505.343583955,2024-08-26 17:24:01.686000,-78.69882157577904,35.78321721643059,89.33626130620075,campaign_9,35.78321721643059,-78.69882157577904,89.33626130620075
4G_LTE,-126,2147483647,-126,-17,-95,2147483647,14,9820,253,13,2147483647,2147483647,0,2147483647,[30],[FDD],"Band Number = 30, Uplink = 2305.0 - 2315.0 MHz, Downlink = 2305.0 - 2315.0 MHz ",Unavailable,Unavailable,0,1724707441686,32505.343583955,2024-08-26 17:24:01.686000,-78.69882157577904,35.78321721643059,89.33626130620075,campaign_9,35.78321721643059,-78.69882157577904,89.33626130620075
4G_LTE,-124,2147483647,-124,-15,-99,2147483647,16,9820,375,13,2147483647,2147483647,0,2147483647,[30],[FDD],"Band Number = 30, Uplink = 2305.0 - 2315.0 MHz, Downlink = 2305.0 - 2315.0 MHz ",Unavailable,Unavailable,0,1724707442693,32506.350832913,2024-08-26 17:24:02.693000,-78.69874834449217,35.783247420810575,89.57671244481823,campaign_9,35.783247420810575,-78.69874834449217,89.57671244481823
4G_LTE,-123,-7,-123,-18,-85,2147483647,17,9820,101,13,196875927,9995,0,2147483647,[30],[FDD],"Band Number = 30, Uplink = 2305.0 - 2315.0 MHz, Downlink = 2305.0 - 2315.0 MHz ",310,410,1,1724707442693,32506.350832913,2024-08-26 17:24:02.693000,-78.69874834449217,35.783247420810575,89.57671244481823,campaign_9,35.783247420810575,-78.69874834449217,89.57671244481823
4G_LTE,-125,2147483647,-125,-19,-95,2147483647,15,9820,253,13,2147483647,2147483647,0,2147483647,[30],[FDD],"Band Number = 30, Uplink = 2305.0 - 2315.0 MHz, Downlink = 2305.0 - 2315.0 MHz ",Unavailable,Unavailable,0,1724707442693,32506.350832913,2024-08-26 17:24:02.693000,-78.69874834449217,35.783247420810575,89.57671244481823,campaign_9,35.783247420810575,-78.69874834449217,89.57671244481823
4G_LTE,-124,2147483647,-124,-15,-99,2147483647,16,9820,375,13,2147483647,2147483647,0,2147483647,[30],[FDD],"Band Number = 30, Uplink = 2305.0 - 2315.0 MHz, Downlink = 2305.0 - 2315.0 MHz ",Unavailable,Unavailable,0,1724707443696,32507.353716766,2024-08-26 17:24:03.696000,-78.69867540409423,35.78327750521289,89.81620846471229,campaign_9,35.78327750521289,-78.69867540409423,89.81620846471229
4G_LTE,-123,-7,-123,-18,-85,2147483647,17,9820,101,13,196875927,9995,0,2147483647,[30],[FDD],"Band Number = 30, Uplink = 2305.0 - 2315.0 MHz, Downlink = 2305.0 - 2315.0 MHz ",310,410,1,1724707443696,32507.353716766,2024-08-26 17:24:03.696000,-78.69867540409423,35.78327750521289,89.81620846471229,campaign_9,35.78327750521289,-78.69867540409423,89.81620846471229
4G_LTE,-125,2147483647,-125,-19,-95,2147483647,15,9820,253,13,2147483647,2147483647,0,2147483647,[30],[FDD],"Band Number = 30, Uplink = 2305.0 - 2315.0 MHz, Downlink = 2305.0 - 2315.0 MHz ",Unavailable,Unavailable,0,1724707443696,32507.353716766,2024-08-26 17:24:03.696000,-78.69867540409423,35.78327750521289,89.81620846471229,campaign_9,35.78327750521289,-78.69867540409423,89.81620846471229
4G_LTE,-77,-1,-77,-9,-51,2147483647,63,5110,496,3,196998672,9995,4,2147483647,[12],[FDD],"Band Number = 12, Uplink = 698.0 - 716.0 MHz, Downlink = 699.0 - 716.0 MHz ",310,410,1,1724707444697,32508.351492912,2024-08-26 17:24:04.697000,-78.69860260914075,35.783307529626356,90.05522692524465,campaign_9,35.783307529626356,-78.69860260914075,90.05522692524465
4G_LTE,-87,2147483647,-87,-15,-63,2147483647,53,5110,395,3,2147483647,2147483647,3,2147483647,[12],[FDD],"Band Number = 12, Uplink = 698.0 - 716.0 MHz, Downlink = 699.0 - 716.0 MHz ",Unavailable,Unavailable,0,1724707444697,32508.351492912,2024-08-26 17:24:04.697000,-78.69860260914075,35.783307529626356,90.05522692524465,campaign_9,35.783307529626356,-78.69860260914075,90.05522692524465
4G_LTE,-77,-1,-77,-9,-51,2147483647,63,5110,496,3,196998672,9995,4,2147483647,[12],[FDD],"Band Number = 12, Uplink = 698.0 - 716.0 MHz, Downlink = 699.0 - 716.0 MHz ",310,410,1,1724707445696,32509.35388562,2024-08-26 17:24:05.696000,-78.69852995963173,35.78333749405099,90.29376782641532,campaign_9,35.78333749405099,-78.69852995963173,90.29376782641532
4G_LTE,-87,2147483647,-87,-15,-63,2147483647,53,5110,395,3,2147483647,2147483647,3,2147483647,[12],[FDD],"Band Number = 12, Uplink = 698.0 - 716.0 MHz, Downlink = 699.0 - 716.0 MHz ",Unavailable,Unavailable,0,1724707445696,32509.35388562,2024-08-26 17:24:05.696000,-78.69852995963173,35.78333749405099,90.29376782641532,campaign_9,35.78333749405099,-78.69852995963173,90.29376782641532
4G_LTE,-79,0,-79,-11,-57,2147483647,61,5110,496,3,196998672,9995,4,2147483647,[12],[FDD],"Band Number = 12, Uplink = 698.0 - 716.0 MHz, Downlink = 699.0 - 716.0 MHz ",310,410,1,1724707446697,32510.354868692,2024-08-26 17:24:06.697000,-78.69778147818697,35.78364620661001,92.75136789496604,campaign_9,35.78364620661001,-78.69778147818697,92.75136789496604
4G_LTE,-89,2147483647,-89,-16,-61,2147483647,51,5110,395,3,2147483647,2147483647,3,2147483647,[12],[FDD],"Band Number = 12, Uplink = 698.0 - 716.0 MHz, Downlink = 699.0 - 716.0 MHz ",Unavailable,Unavailable,0,1724707446697,32510.354868692,2024-08-26 17:24:06.697000,-78.69778147818697,35.78364620661001,92.75136789496604,campaign_9,35.78364620661001,-78.69778147818697,92.75136789496604
4G_LTE,-90,2147483647,-90,-14,-67,2147483647,50,950,436,3,2147483647,2147483647,3,2147483647,[2],[FDD],"Band Number = 2, Uplink = 1850.0 - 1910.0 MHz, Downlink = 1850.0 - 1910.0 MHz ",Unavailable,Unavailable,0,1724707446697,32510.354868692,2024-08-26 17:24:06.697000,-78.69778147818697,35.78364620661001,92.75136789496604,campaign_9,35.78364620661001,-78.69778147818697,92.75136789496604
4G_LTE,-79,0,-79,-11,-57,2147483647,61,5110,496,3,196998672,9995,4,2147483647,[12],[FDD],"Band Number = 12, Uplink = 698.0 - 716.0 MHz, Downlink = 699.0 - 716.0 MHz ",310,410,1,1724707447699,32511.356396192,2024-08-26 17:24:07.699000,-78.69758517912341,35.78369206608997,93.0999984741211,campaign_9,35.78369206608997,-78.69758517912341,93.0999984741211
4G_LTE,-89,2147483647,-89,-16,-61,2147483647,51,5110,395,3,2147483647,2147483647,3,2147483647,[12],[FDD],"Band Number = 12, Uplink = 698.0 - 716.0 MHz, Downlink = 699.0 - 716.0 MHz ",Unavailable,Unavailable,0,1724707447699,32511.356396192,2024-08-26 17:24:07.699000,-78.69758517912341,35.78369206608997,93.0999984741211,campaign_9,35.78369206608997,-78.69758517912341,93.0999984741211
4G_LTE,-90,2147483647,-90,-14,-67,2147483647,50,950,436,3,2147483647,2147483647,3,2147483647,[2],[FDD],"Band Number = 2, Uplink = 1850.0 - 1910.0 MHz, Downlink = 1850.0 - 1910.0 MHz ",Unavailable,Unavailable,0,1724707447699,32511.356396192,2024-08-26 17:24:07.699000,-78.69758517912341,35.78369206608997,93.0999984741211,campaign_9,35.78369206608997,-78.69758517912341,93.0999984741211
4G_LTE,-83,2,-83,-9,-51,2147483647,57,5110,496,3,196998672,9995,4,2147483647,[12],[FDD],"Band Number = 12, Uplink = 698.0 - 716.0 MHz, Downlink = 699.0 - 716.0 MHz ",310,410,1,1724707448703,32512.360556348,2024-08-26 17:24:08.703000,-78.6975837,35.7836921,93.0999984741211,campaign_9,35.7836921,-78.6975837,93.0999984741211
4G_LTE,-90,2147483647,-90,-11,-69,2147483647,50,5110,395,3,2147483647,2147483647,3,2147483647,[12],[FDD],"Band Number = 12, Uplink = 698.0 - 716.0 MHz, Downlink = 699.0 - 716.0 MHz ",Unavailable,Unavailable,0,1724707448703,32512.360556348,2024-08-26 17:24:08.703000,-78.6975837,35.7836921,93.0999984741211,campaign_9,35.7836921,-78.6975837,93.0999984741211
4G_LTE,-96,2147483647,-96,-11,-73,2147483647,44,950,436,3,2147483647,2147483647,2,2147483647,[2],[FDD],"Band Number = 2, Uplink = 1850.0 - 1910.0 MHz, Downlink = 1850.0 - 1910.0 MHz ",Unavailable,Unavailable,0,1724707448703,32512.360556348,2024-08-26 17:24:08.703000,-78.6975837,35.7836921,93.0999984741211,campaign_9,35.7836921,-78.6975837,93.0999984741211
4G_LTE,-100,2147483647,-100,-13,-75,2147483647,40,950,230,3,2147483647,2147483647,2,2147483647,[2],[FDD],"Band Number = 2, Uplink = 1850.0 - 1910.0 MHz, Downlink = 1850.0 - 1910.0 MHz ",Unavailable,Unavailable,0,1724707448703,32512.360556348,2024-08-26 17:24:08.703000,-78.6975837,35.7836921,93.0999984741211,campaign_9,35.7836921,-78.6975837,93.0999984741211
4G_LTE,-127,2147483647,-127,-19,-99,2147483647,13,9820,101,3,2147483647,2147483647,0,2147483647,[30],[FDD],"Band Number = 30, Uplink = 2305.0 - 2315.0 MHz, Downlink = 2305.0 - 2315.0 MHz ",Unavailable,Unavailable,0,1724707448703,32512.360556348,2024-08-26 17:24:08.703000,-78.6975837,35.7836921,93.0999984741211,campaign_9,35.7836921,-78.6975837,93.0999984741211
4G_LTE,-127,2147483647,-127,-17,-99,2147483647,13,9820,196,3,2147483647,2147483647,0,2147483647,[30],[FDD],"Band Number = 30, Uplink = 2305.0 - 2315.0 MHz, Downlink = 2305.0 - 2315.0 MHz ",Unavailable,Unavailable,0,1724707448703,32512.360556348,2024-08-26 17:24:08.703000,-78.6975837,35.7836921,93.0999984741211,campaign_9,35.7836921,-78.6975837,93.0999984741211
4G_LTE,-128,2147483647,-128,-20,-99,2147483647,12,9820,344,3,2147483647,2147483647,0,2147483647,[30],[FDD],"Band Number = 30, Uplink = 2305.0 - 2315.0 MHz, Downlink = 2305.0 - 2315.0 MHz ",Unavailable,Unavailable,0,1724707448703,32512.360556348,2024-08-26 17:24:08.703000,-78.6975837,35.7836921,93.0999984741211,campaign_9,35.7836921,-78.6975837,93.0999984741211
4G_LTE,-97,2147483647,-97,-9,-77,2147483647,43,67086,322,3,2147483647,2147483647,2,2147483647,[66],[FDD],"Band Number = 66, Uplink = 1710.0 - 1780.0 MHz, Downlink = 1710.0 - 1780.0 MHz ",Unavailable,Unavailable,0,1724707448703,32512.360556348,2024-08-26 17:24:08.703000,-78.6975837,35.7836921,93.0999984741211,campaign_9,35.7836921,-78.6975837,93.0999984741211
4G_LTE,-106,2147483647,-106,-18,-77,2147483647,34,67086,377,3,2147483647,2147483647,1,2147483647,[66],[FDD],"Band Number = 66, Uplink = 1710.0 - 1780.0 MHz, Downlink = 1710.0 - 1780.0 MHz ",Unavailable,Unavailable,0,1724707448703,32512.360556348,2024-08-26 17:24:08.703000,-78.6975837,35.7836921,93.0999984741211,campaign_9,35.7836921,-78.6975837,93.0999984741211
4G_LTE,-83,2,-83,-9,-51,2147483647,57,5110,496,3,196998672,9995,4,2147483647,[12],[FDD],"Band Number = 12, Uplink = 698.0 - 716.0 MHz, Downlink = 699.0 - 716.0 MHz ",310,410,1,1724707449705,32513.361993222,2024-08-26 17:24:09.705000,-78.69739644463505,35.78371581806257,93.41799393239103,campaign_9,35.78371581806257,-78.69739644463505,93.41799393239103
4G_LTE,-90,2147483647,-90,-11,-69,2147483647,50,5110,395,3,2147483647,2147483647,3,2147483647,[12],[FDD],"Band Number = 12, Uplink = 698.0 - 716.0 MHz, Downlink = 699.0 - 716.0 MHz ",Unavailable,Unavailable,0,1724707449705,32513.361993222,2024-08-26 17:24:09.705000,-78.69739644463505,35.78371581806257,93.41799393239103,campaign_9,35.78371581806257,-78.69739644463505,93.41799393239103
4G_LTE,-96,2147483647,-96,-11,-73,2147483647,44,950,436,3,2147483647,2147483647,2,2147483647,[2],[FDD],"Band Number = 2, Uplink = 1850.0 - 1910.0 MHz, Downlink = 1850.0 - 1910.0 MHz ",Unavailable,Unavailable,0,1724707449705,32513.361993222,2024-08-26 17:24:09.705000,-78.69739644463505,35.78371581806257,93.41799393239103,campaign_9,35.78371581806257,-78.69739644463505,93.41799393239103
4G_LTE,-100,2147483647,-100,-13,-75,2147483647,40,950,230,3,2147483647,2147483647,2,2147483647,[2],[FDD],"Band Number = 2, Uplink = 1850.0 - 1910.0 MHz, Downlink = 1850.0 - 1910.0 MHz ",Unavailable,Unavailable,0,1724707449705,32513.361993222,2024-08-26 17:24:09.705000,-78.69739644463505,35.78371581806257,93.41799393239103,campaign_9,35.78371581806257,-78.69739644463505,93.41799393239103
4G_LTE,-127,2147483647,-127,-19,-99,2147483647,13,9820,101,3,2147483647,2147483647,0,2147483647,[30],[FDD],"Band Number = 30, Uplink = 2305.0 - 2315.0 MHz, Downlink = 2305.0 - 2315.0 MHz ",Unavailable,Unavailable,0,1724707449705,32513.361993222,2024-08-26 17:24:09.705000,-78.69739644463505,35.78371581806257,93.41799393239103,campaign_9,35.78371581806257,-78.69739644463505,93.41799393239103
4G_LTE,-127,2147483647,-127,-17,-99,2147483647,13,9820,196,3,2147483647,2147483647,0,2147483647,[30],[FDD],"Band Number = 30, Uplink = 2305.0 - 2315.0 MHz, Downlink = 2305.0 - 2315.0 MHz ",Unavailable,Unavailable,0,1724707449705,32513.361993222,2024-08-26 17:24:09.705000,-78.69739644463505,35.78371581806257,93.41799393239103,campaign_9,35.78371581806257,-78.69739644463505,93.41799393239103
4G_LTE,-128,2147483647,-128,-20,-99,2147483647,12,9820,344,3,2147483647,2147483647,0,2147483647,[30],[FDD],"Band Number = 30, Uplink = 2305.0 - 2315.0 MHz, Downlink = 2305.0 - 2315.0 MHz ",Unavailable,Unavailable,0,1724707449705,32513.361993222,2024-08-26 17:24:09.705000,-78.69739644463505,35.78371581806257,93.41799393239103,campaign_9,35.78371581806257,-78.69739644463505,93.41799393239103
4G_LTE,-97,2147483647,-97,-9,-77,2147483647,43,67086,322,3,2147483647,2147483647,2,2147483647,[66],[FDD],"Band Number = 66, Uplink = 1710.0 - 1780.0 MHz, Downlink = 1710.0 - 1780.0 MHz ",Unavailable,Unavailable,0,1724707449705,32513.361993222,2024-08-26 17:24:09.705000,-78.69739644463505,35.78371581806257,93.41799393239103,campaign_9,35.78371581806257,-78.69739644463505,93.41799393239103
4G_LTE,-106,2147483647,-106,-18,-77,2147483647,34,67086,377,3,2147483647,2147483647,1,2147483647,[66],[FDD],"Band Number = 66, Uplink = 1710.0 - 1780.0 MHz, Downlink = 1710.0 - 1780.0 MHz ",Unavailable,Unavailable,0,1724707449705,32513.361993222,2024-08-26 17:24:09.705000,-78.69739644463505,35.78371581806257,93.41799393239103,campaign_9,35.78371581806257,-78.69739644463505,93.41799393239103
4G_LTE,-78,6,-78,-8,-55,2147483647,62,5110,496,3,196998672,9995,4,2147483647,[12],[FDD],"Band Number = 12, Uplink = 698.0 - 716.0 MHz, Downlink = 699.0 - 716.0 MHz ",310,410,1,1724707450709,32514.366950357,2024-08-26 17:24:10.709000,-78.6972088155069,35.78373958346657,93.73662411213456,campaign_9,35.78373958346657,-78.6972088155069,93.73662411213456
4G_LTE,-89,2147483647,-89,-18,-65,2147483647,51,5110,395,3,2147483647,2147483647,3,2147483647,[12],[FDD],"Band Number = 12, Uplink = 698.0 - 716.0 MHz, Downlink = 699.0 - 716.0 MHz ",Unavailable,Unavailable,0,1724707450709,32514.366950357,2024-08-26 17:24:10.709000,-78.6972088155069,35.78373958346657,93.73662411213456,campaign_9,35.78373958346657,-78.6972088155069,93.73662411213456
4G_LTE,-92,2147483647,-92,-10,-69,2147483647,48,950,436,3,2147483647,2147483647,3,2147483647,[2],[FDD],"Band Number = 2, Uplink = 1850.0 - 1910.0 MHz, Downlink = 1850.0 - 1910.0 MHz ",Unavailable,Unavailable,0,1724707450709,32514.366950357,2024-08-26 17:24:10.709000,-78.6972088155069,35.78373958346657,93.73662411213456,campaign_9,35.78373958346657,-78.6972088155069,93.73662411213456
4G_LTE,-97,2147483647,-97,-18,-69,2147483647,43,950,230,3,2147483647,2147483647,2,2147483647,[2],[FDD],"Band Number = 2, Uplink = 1850.0 - 1910.0 MHz, Downlink = 1850.0 - 1910.0 MHz ",Unavailable,Unavailable,0,1724707450709,32514.366950357,2024-08-26 17:24:10.709000,-78.6972088155069,35.78373958346657,93.73662411213456,campaign_9,35.78373958346657,-78.6972088155069,93.73662411213456
4G_LTE,-112,2147483647,-112,-11,-91,2147483647,28,9820,101,3,2147483647,2147483647,1,2147483647,[30],[FDD],"Band Number = 30, Uplink = 2305.0 - 2315.0 MHz, Downlink = 2305.0 - 2315.0 MHz ",Unavailable,Unavailable,0,1724707450709,32514.366950357,2024-08-26 17:24:10.709000,-78.6972088155069,35.78373958346657,93.73662411213456,campaign_9,35.78373958346657,-78.6972088155069,93.73662411213456
4G_LTE,-127,2147483647,-127,-17,-99,2147483647,13,9820,196,3,2147483647,2147483647,0,2147483647,[30],[FDD],"Band Number = 30, Uplink = 2305.0 - 2315.0 MHz, Downlink = 2305.0 - 2315.0 MHz ",Unavailable,Unavailable,0,1724707450709,32514.366950357,2024-08-26 17:24:10.709000,-78.6972088155069,35.78373958346657,93.73662411213456,campaign_9,35.78373958346657,-78.6972088155069,93.73662411213456
4G_LTE,-128,2147483647,-128,-20,-99,2147483647,12,9820,344,3,2147483647,2147483647,0,2147483647,[30],[FDD],"Band Number = 30, Uplink = 2305.0 - 2315.0 MHz, Downlink = 2305.0 - 2315.0 MHz ",Unavailable,Unavailable,0,1724707450709,32514.366950357,2024-08-26 17:24:10.709000,-78.6972088155069,35.78373958346657,93.73662411213456,campaign_9,35.78373958346657,-78.6972088155069,93.73662411213456
4G_LTE,-88,2147483647,-88,-9,-67,2147483647,52,67086,322,3,2147483647,2147483647,3,2147483647,[66],[FDD],"Band Number = 66, Uplink = 1710.0 - 1780.0 MHz, Downlink = 1710.0 - 1780.0 MHz ",Unavailable,Unavailable,0,1724707450709,32514.366950357,2024-08-26 17:24:10.709000,-78.6972088155069,35.78373958346657,93.73662411213456,campaign_9,35.78373958346657,-78.6972088155069,93.73662411213456
4G_LTE,-78,6,-78,-8,-55,2147483647,62,5110,496,3,196998672,9995,4,2147483647,[12],[FDD],"Band Number = 12, Uplink = 698.0 - 716.0 MHz, Downlink = 699.0 - 716.0 MHz ",310,410,1,1724707451706,32515.363856034,2024-08-26 17:24:11.706000,-78.69702249454996,35.78376318317553,94.05303276672052,campaign_9,35.78376318317553,-78.69702249454996,94.05303276672052
4G_LTE,-89,2147483647,-89,-18,-65,2147483647,51,5110,395,3,2147483647,2147483647,3,2147483647,[12],[FDD],"Band Number = 12, Uplink = 698.0 - 716.0 MHz, Downlink = 699.0 - 716.0 MHz ",Unavailable,Unavailable,0,1724707451706,32515.363856034,2024-08-26 17:24:11.706000,-78.69702249454996,35.78376318317553,94.05303276672052,campaign_9,35.78376318317553,-78.69702249454996,94.05303276672052
4G_LTE,-92,2147483647,-92,-10,-69,2147483647,48,950,436,3,2147483647,2147483647,3,2147483647,[2],[FDD],"Band Number = 2, Uplink = 1850.0 - 1910.0 MHz, Downlink = 1850.0 - 1910.0 MHz ",Unavailable,Unavailable,0,1724707451706,32515.363856034,2024-08-26 17:24:11.706000,-78.69702249454996,35.78376318317553,94.05303276672052,campaign_9,35.78376318317553,-78.69702249454996,94.05303276672052
4G_LTE,-97,2147483647,-97,-18,-69,2147483647,43,950,230,3,2147483647,2147483647,2,2147483647,[2],[FDD],"Band Number = 2, Uplink = 1850.0 - 1910.0 MHz, Downlink = 1850.0 - 1910.0 MHz ",Unavailable,Unavailable,0,1724707451706,32515.363856034,2024-08-26 17:24:11.706000,-78.69702249454996,35.78376318317553,94.05303276672052,campaign_9,35.78376318317553,-78.69702249454996,94.05303276672052
4G_LTE,-112,2147483647,-112,-11,-91,2147483647,28,9820,101,3,2147483647,2147483647,1,2147483647,[30],[FDD],"Band Number = 30, Uplink = 2305.0 - 2315.0 MHz, Downlink = 2305.0 - 2315.0 MHz ",Unavailable,Unavailable,0,1724707451706,32515.363856034,2024-08-26 17:24:11.706000,-78.69702249454996,35.78376318317553,94.05303276672052,campaign_9,35.78376318317553,-78.69702249454996,94.05303276672052
4G_LTE,-127,2147483647,-127,-17,-99,2147483647,13,9820,196,3,2147483647,2147483647,0,2147483647,[30],[FDD],"Band Number = 30, Uplink = 2305.0 - 2315.0 MHz, Downlink = 2305.0 - 2315.0 MHz ",Unavailable,Unavailable,0,1724707451706,32515.363856034,2024-08-26 17:24:11.706000,-78.69702249454996,35.78376318317553,94.05303276672052,campaign_9,35.78376318317553,-78.69702249454996,94.05303276672052
4G_LTE,-128,2147483647,-128,-20,-99,2147483647,12,9820,344,3,2147483647,2147483647,0,2147483647,[30],[FDD],"Band Number = 30, Uplink = 2305.0 - 2315.0 MHz, Downlink = 2305.0 - 2315.0 MHz ",Unavailable,Unavailable,0,1724707451706,32515.363856034,2024-08-26 17:24:11.706000,-78.69702249454996,35.78376318317553,94.05303276672052,campaign_9,35.78376318317553,-78.69702249454996,94.05303276672052
4G_LTE,-88,2147483647,-88,-9,-67,2147483647,52,67086,322,3,2147483647,2147483647,3,2147483647,[66],[FDD],"Band Number = 66, Uplink = 1710.0 - 1780.0 MHz, Downlink = 1710.0 - 1780.0 MHz ",Unavailable,Unavailable,0,1724707451706,32515.363856034,2024-08-26 17:24:11.706000,-78.69702249454996,35.78376318317553,94.05303276672052,campaign_9,35.78376318317553,-78.69702249454996,94.05303276672052
4G_LTE,-76,7,-76,-8,-53,2147483647,64,5110,496,3,196998672,9995,4,2147483647,[12],[FDD],"Band Number = 12, Uplink = 698.0 - 716.0 MHz, Downlink = 699.0 - 716.0 MHz ",310,410,1,1724707452718,32516.376009055,2024-08-26 17:24:12.718000,-78.69683337036898,35.7837871379453,94.37420183235841,campaign_9,35.7837871379453,-78.69683337036898,94.37420183235841
4G_LTE,-89,2147483647,-89,-19,-59,2147483647,51,5110,395,3,2147483647,2147483647,3,2147483647,[12],[FDD],"Band Number = 12, Uplink = 698.0 - 716.0 MHz, Downlink = 699.0 - 716.0 MHz ",Unavailable,Unavailable,0,1724707452718,32516.376009055,2024-08-26 17:24:12.718000,-78.69683337036898,35.7837871379453,94.37420183235841,campaign_9,35.7837871379453,-78.69683337036898,94.37420183235841
4G_LTE,-91,2147483647,-91,-10,-67,2147483647,49,950,436,3,2147483647,2147483647,3,2147483647,[2],[FDD],"Band Number = 2, Uplink = 1850.0 - 1910.0 MHz, Downlink = 1850.0 - 1910.0 MHz ",Unavailable,Unavailable,0,1724707452718,32516.376009055,2024-08-26 17:24:12.718000,-78.69683337036898,35.7837871379453,94.37420183235841,campaign_9,35.7837871379453,-78.69683337036898,94.37420183235841
4G_LTE,-100,2147483647,-100,-18,-67,2147483647,40,950,230,3,2147483647,2147483647,2,2147483647,[2],[FDD],"Band Number = 2, Uplink = 1850.0 - 1910.0 MHz, Downlink = 1850.0 - 1910.0 MHz ",Unavailable,Unavailable,0,1724707452718,32516.376009055,2024-08-26 17:24:12.718000,-78.69683337036898,35.7837871379453,94.37420183235841,campaign_9,35.7837871379453,-78.69683337036898,94.37420183235841
4G_LTE,-102,2147483647,-102,-18,-67,2147483647,38,950,311,3,2147483647,2147483647,2,2147483647,[2],[FDD],"Band Number = 2, Uplink = 1850.0 - 1910.0 MHz, Downlink = 1850.0 - 1910.0 MHz ",Unavailable,Unavailable,0,1724707452718,32516.376009055,2024-08-26 17:24:12.718000,-78.69683337036898,35.7837871379453,94.37420183235841,campaign_9,35.7837871379453,-78.69683337036898,94.37420183235841
4G_LTE,-100,2147483647,-100,-17,-67,2147483647,40,950,356,3,2147483647,2147483647,2,2147483647,[2],[FDD],"Band Number = 2, Uplink = 1850.0 - 1910.0 MHz, Downlink = 1850.0 - 1910.0 MHz ",Unavailable,Unavailable,0,1724707452718,32516.376009055,2024-08-26 17:24:12.718000,-78.69683337036898,35.7837871379453,94.37420183235841,campaign_9,35.7837871379453,-78.69683337036898,94.37420183235841
4G_LTE,-114,2147483647,-114,-11,-95,2147483647,26,9820,101,3,2147483647,2147483647,1,2147483647,[30],[FDD],"Band Number = 30, Uplink = 2305.0 - 2315.0 MHz, Downlink = 2305.0 - 2315.0 MHz ",Unavailable,Unavailable,0,1724707452718,32516.376009055,2024-08-26 17:24:12.718000,-78.69683337036898,35.7837871379453,94.37420183235841,campaign_9,35.7837871379453,-78.69683337036898,94.37420183235841
4G_LTE,-116,2147483647,-116,-16,-87,2147483647,24,9820,253,3,2147483647,2147483647,0,2147483647,[30],[FDD],"Band Number = 30, Uplink = 2305.0 - 2315.0 MHz, Downlink = 2305.0 - 2315.0 MHz ",Unavailable,Unavailable,0,1724707452718,32516.376009055,2024-08-26 17:24:12.718000,-78.69683337036898,35.7837871379453,94.37420183235841,campaign_9,35.7837871379453,-78.69683337036898,94.37420183235841
4G_LTE,-91,2147483647,-91,-8,-75,2147483647,49,67086,322,3,2147483647,2147483647,3,2147483647,[66],[FDD],"Band Number = 66, Uplink = 1710.0 - 1780.0 MHz, Downlink = 1710.0 - 1780.0 MHz ",Unavailable,Unavailable,0,1724707452718,32516.376009055,2024-08-26 17:24:12.718000,-78.69683337036898,35.7837871379453,94.37420183235841,campaign_9,35.7837871379453,-78.69683337036898,94.37420183235841
4G_LTE,-76,7,-76,-8,-53,2147483647,64,5110,496,3,196998672,9995,4,2147483647,[12],[FDD],"Band Number = 12, Uplink = 698.0 - 716.0 MHz, Downlink = 699.0 - 716.0 MHz ",310,410,1,1724707453721,32517.378472804,2024-08-26 17:24:13.721000,-78.69664592812242,35.78381087967859,94.69251465136514,campaign_9,35.78381087967859,-78.69664592812242,94.69251465136514
4G_LTE,-89,2147483647,-89,-19,-59,2147483647,51,5110,395,3,2147483647,2147483647,3,2147483647,[12],[FDD],"Band Number = 12, Uplink = 698.0 - 716.0 MHz, Downlink = 699.0 - 716.0 MHz ",Unavailable,Unavailable,0,1724707453721,32517.378472804,2024-08-26 17:24:13.721000,-78.69664592812242,35.78381087967859,94.69251465136514,campaign_9,35.78381087967859,-78.69664592812242,94.69251465136514
4G_LTE,-91,2147483647,-91,-10,-67,2147483647,49,950,436,3,2147483647,2147483647,3,2147483647,[2],[FDD],"Band Number = 2, Uplink = 1850.0 - 1910.0 MHz, Downlink = 1850.0 - 1910.0 MHz ",Unavailable,Unavailable,0,1724707453721,32517.378472804,2024-08-26 17:24:13.721000,-78.69664592812242,35.78381087967859,94.69251465136514,campaign_9,35.78381087967859,-78.69664592812242,94.69251465136514
4G_LTE,-100,2147483647,-100,-18,-67,2147483647,40,950,230,3,2147483647,2147483647,2,2147483647,[2],[FDD],"Band Number = 2, Uplink = 1850.0 - 1910.0 MHz, Downlink = 1850.0 - 1910.0 MHz ",Unavailable,Unavailable,0,1724707453721,32517.378472804,2024-08-26 17:24:13.721000,-78.69664592812242,35.78381087967859,94.69251465136514,campaign_9,35.78381087967859,-78.69664592812242,94.69251465136514
4G_LTE,-102,2147483647,-102,-18,-67,2147483647,38,950,311,3,2147483647,2147483647,2,2147483647,[2],[FDD],"Band Number = 2, Uplink = 1850.0 - 1910.0 MHz, Downlink = 1850.0 - 1910.0 MHz ",Unavailable,Unavailable,0,1724707453721,32517.378472804,2024-08-26 17:24:13.721000,-78.69664592812242,35.78381087967859,94.69251465136514,campaign_9,35.78381087967859,-78.69664592812242,94.69251465136514
4G_LTE,-100,2147483647,-100,-17,-67,2147483647,40,950,356,3,2147483647,2147483647,2,2147483647,[2],[FDD],"Band Number = 2, Uplink = 1850.0 - 1910.0 MHz, Downlink = 1850.0 - 1910.0 MHz ",Unavailable,Unavailable,0,1724707453721,32517.378472804,2024-08-26 17:24:13.721000,-78.69664592812242,35.78381087967859,94.69251465136514,campaign_9,35.78381087967859,-78.69664592812242,94.69251465136514
4G_LTE,-114,2147483647,-114,-11,-95,2147483647,26,9820,101,3,2147483647,2147483647,1,2147483647,[30],[FDD],"Band Number = 30, Uplink = 2305.0 - 2315.0 MHz, Downlink = 2305.0 - 2315.0 MHz ",Unavailable,Unavailable,0,1724707453721,32517.378472804,2024-08-26 17:24:13.721000,-78.69664592812242,35.78381087967859,94.69251465136514,campaign_9,35.78381087967859,-78.69664592812242,94.69251465136514
4G_LTE,-116,2147483647,-116,-16,-87,2147483647,24,9820,253,3,2147483647,2147483647,0,2147483647,[30],[FDD],"Band Number = 30, Uplink = 2305.0 - 2315.0 MHz, Downlink = 2305.0 - 2315.0 MHz ",Unavailable,Unavailable,0,1724707453721,32517.378472804,2024-08-26 17:24:13.721000,-78.69664592812242,35.78381087967859,94.69251465136514,campaign_9,35.78381087967859,-78.69664592812242,94.69251465136514
4G_LTE,-91,2147483647,-91,-8,-75,2147483647,49,67086,322,3,2147483647,2147483647,3,2147483647,[66],[FDD],"Band Number = 66, Uplink = 1710.0 - 1780.0 MHz, Downlink = 1710.0 - 1780.0 MHz ",Unavailable,Unavailable,0,1724707453721,32517.378472804,2024-08-26 17:24:13.721000,-78.69664592812242,35.78381087967859,94.69251465136514,campaign_9,35.78381087967859,-78.69664592812242,94.69251465136514
4G_LTE,-89,12,-89,-10,-63,2147483647,51,5110,496,3,196998672,9995,3,2147483647,[12],[FDD],"Band Number = 12, Uplink = 698.0 - 716.0 MHz, Downlink = 699.0 - 716.0 MHz ",310,410,1,1724707454722,32518.37971171,2024-08-26 17:24:14.722000,-78.69645885963908,35.78383457407043,95.01019274889829,campaign_9,35.78383457407043,-78.69645885963908,95.01019274889829
4G_LTE,-103,2147483647,-103,-18,-73,2147483647,37,5110,395,3,2147483647,2147483647,2,2147483647,[12],[FDD],"Band Number = 12, Uplink = 698.0 - 716.0 MHz, Downlink = 699.0 - 716.0 MHz ",Unavailable,Unavailable,0,1724707454722,32518.37971171,2024-08-26 17:24:14.722000,-78.69645885963908,35.78383457407043,95.01019274889829,campaign_9,35.78383457407043,-78.69645885963908,95.01019274889829
4G_LTE,-94,2147483647,-94,-11,-73,2147483647,46,5110,101,3,2147483647,2147483647,3,2147483647,[12],[FDD],"Band Number = 12, Uplink = 698.0 - 716.0 MHz, Downlink = 699.0 - 716.0 MHz ",Unavailable,Unavailable,0,1724707454722,32518.37971171,2024-08-26 17:24:14.722000,-78.69645885963908,35.78383457407043,95.01019274889829,campaign_9,35.78383457407043,-78.69645885963908,95.01019274889829
4G_LTE,-96,2147483647,-96,-10,-77,2147483647,44,950,436,3,2147483647,2147483647,2,2147483647,[2],[FDD],"Band Number = 2, Uplink = 1850.0 - 1910.0 MHz, Downlink = 1850.0 - 1910.0 MHz ",Unavailable,Unavailable,0,1724707454722,32518.37971171,2024-08-26 17:24:14.722000,-78.69645885963908,35.78383457407043,95.01019274889829,campaign_9,35.78383457407043,-78.69645885963908,95.01019274889829
4G_LTE,-104,2147483647,-104,-17,-77,2147483647,36,950,230,3,2147483647,2147483647,2,2147483647,[2],[FDD],"Band Number = 2, Uplink = 1850.0 - 1910.0 MHz, Downlink = 1850.0 - 1910.0 MHz ",Unavailable,Unavailable,0,1724707454722,32518.37971171,2024-08-26 17:24:14.722000,-78.69645885963908,35.78383457407043,95.01019274889829,campaign_9,35.78383457407043,-78.69645885963908,95.01019274889829
4G_LTE,-99,2147483647,-99,-12,-77,2147483647,41,950,311,3,2147483647,2147483647,2,2147483647,[2],[FDD],"Band Number = 2, Uplink = 1850.0 - 1910.0 MHz, Downlink = 1850.0 - 1910.0 MHz ",Unavailable,Unavailable,0,1724707454722,32518.37971171,2024-08-26 17:24:14.722000,-78.69645885963908,35.78383457407043,95.01019274889829,campaign_9,35.78383457407043,-78.69645885963908,95.01019274889829
4G_LTE,-106,2147483647,-106,-18,-77,2147483647,34,950,356,3,2147483647,2147483647,1,2147483647,[2],[FDD],"Band Number = 2, Uplink = 1850.0 - 1910.0 MHz, Downlink = 1850.0 - 1910.0 MHz ",Unavailable,Unavailable,0,1724707454722,32518.37971171,2024-08-26 17:24:14.722000,-78.69645885963908,35.78383457407043,95.01019274889829,campaign_9,35.78383457407043,-78.69645885963908,95.01019274889829
4G_LTE,-116,2147483647,-116,-10,-97,2147483647,24,9820,101,3,2147483647,2147483647,0,2147483647,[30],[FDD],"Band Number = 30, Uplink = 2305.0 - 2315.0 MHz, Downlink = 2305.0 - 2315.0 MHz ",Unavailable,Unavailable,0,1724707454722,32518.37971171,2024-08-26 17:24:14.722000,-78.69645885963908,35.78383457407043,95.01019274889829,campaign_9,35.78383457407043,-78.69645885963908,95.01019274889829
4G_LTE,-129,2147483647,-129,-20,-97,2147483647,11,9820,253,3,2147483647,2147483647,0,2147483647,[30],[FDD],"Band Number = 30, Uplink = 2305.0 - 2315.0 MHz, Downlink = 2305.0 - 2315.0 MHz ",Unavailable,Unavailable,0,1724707454722,32518.37971171,2024-08-26 17:24:14.722000,-78.69645885963908,35.78383457407043,95.01019274889829,campaign_9,35.78383457407043,-78.69645885963908,95.01019274889829
4G_LTE,-102,2147483647,-102,-11,-81,2147483647,38,67086,322,3,2147483647,2147483647,2,2147483647,[66],[FDD],"Band Number = 66, Uplink = 1710.0 - 1780.0 MHz, Downlink = 1710.0 - 1780.0 MHz ",Unavailable,Unavailable,0,1724707454722,32518.37971171,2024-08-26 17:24:14.722000,-78.69645885963908,35.78383457407043,95.01019274889829,campaign_9,35.78383457407043,-78.69645885963908,95.01019274889829
4G_LTE,-106,2147483647,-106,-15,-81,2147483647,34,67086,311,3,2147483647,2147483647,1,2147483647,[66],[FDD],"Band Number = 66, Uplink = 1710.0 - 1780.0 MHz, Downlink = 1710.0 - 1780.0 MHz ",Unavailable,Unavailable,0,1724707454722,32518.37971171,2024-08-26 17:24:14.722000,-78.69645885963908,35.78383457407043,95.01019274889829,campaign_9,35.78383457407043,-78.69645885963908,95.01019274889829
4G_LTE,-89,12,-89,-10,-63,2147483647,51,5110,496,3,196998672,9995,3,2147483647,[12],[FDD],"Band Number = 12, Uplink = 698.0 - 716.0 MHz, Downlink = 699.0 - 716.0 MHz ",310,410,1,1724707455722,32519.37957171,2024-08-26 17:24:15.722000,-78.69627197803733,35.78385824479155,95.32755348569464,campaign_9,35.78385824479155,-78.69627197803733,95.32755348569464
4G_LTE,-103,2147483647,-103,-18,-73,2147483647,37,5110,395,3,2147483647,2147483647,2,2147483647,[12],[FDD],"Band Number = 12, Uplink = 698.0 - 716.0 MHz, Downlink = 699.0 - 716.0 MHz ",Unavailable,Unavailable,0,1724707455722,32519.37957171,2024-08-26 17:24:15.722000,-78.69627197803733,35.78385824479155,95.32755348569464,campaign_9,35.78385824479155,-78.69627197803733,95.32755348569464
4G_LTE,-94,2147483647,-94,-11,-73,2147483647,46,5110,101,3,2147483647,2147483647,3,2147483647,[12],[FDD],"Band Number = 12, Uplink = 698.0 - 716.0 MHz, Downlink = 699.0 - 716.0 MHz ",Unavailable,Unavailable,0,1724707455722,32519.37957171,2024-08-26 17:24:15.722000,-78.69627197803733,35.78385824479155,95.32755348569464,campaign_9,35.78385824479155,-78.69627197803733,95.32755348569464
4G_LTE,-96,2147483647,-96,-10,-77,2147483647,44,950,436,3,2147483647,2147483647,2,2147483647,[2],[FDD],"Band Number = 2, Uplink = 1850.0 - 1910.0 MHz, Downlink = 1850.0 - 1910.0 MHz ",Unavailable,Unavailable,0,1724707455722,32519.37957171,2024-08-26 17:24:15.722000,-78.69627197803733,35.78385824479155,95.32755348569464,campaign_9,35.78385824479155,-78.69627197803733,95.32755348569464
4G_LTE,-104,2147483647,-104,-17,-77,2147483647,36,950,230,3,2147483647,2147483647,2,2147483647,[2],[FDD],"Band Number = 2, Uplink = 1850.0 - 1910.0 MHz, Downlink = 1850.0 - 1910.0 MHz ",Unavailable,Unavailable,0,1724707455722,32519.37957171,2024-08-26 17:24:15.722000,-78.69627197803733,35.78385824479155,95.32755348569464,campaign_9,35.78385824479155,-78.69627197803733,95.32755348569464
4G_LTE,-99,2147483647,-99,-12,-77,2147483647,41,950,311,3,2147483647,2147483647,2,2147483647,[2],[FDD],"Band Number = 2, Uplink = 1850.0 - 1910.0 MHz, Downlink = 1850.0 - 1910.0 MHz ",Unavailable,Unavailable,0,1724707455722,32519.37957171,2024-08-26 17:24:15.722000,-78.69627197803733,35.78385824479155,95.32755348569464,campaign_9,35.78385824479155,-78.69627197803733,95.32755348569464
4G_LTE,-106,2147483647,-106,-18,-77,2147483647,34,950,356,3,2147483647,2147483647,1,2147483647,[2],[FDD],"Band Number = 2, Uplink = 1850.0 - 1910.0 MHz, Downlink = 1850.0 - 1910.0 MHz ",Unavailable,Unavailable,0,1724707455722,32519.37957171,2024-08-26 17:24:15.722000,-78.69627197803733,35.78385824479155,95.32755348569464,campaign_9,35.78385824479155,-78.69627197803733,95.32755348569464
4G_LTE,-116,2147483647,-116,-10,-97,2147483647,24,9820,101,3,2147483647,2147483647,0,2147483647,[30],[FDD],"Band Number = 30, Uplink = 2305.0 - 2315.0 MHz, Downlink = 2305.0 - 2315.0 MHz ",Unavailable,Unavailable,0,1724707455722,32519.37957171,2024-08-26 17:24:15.722000,-78.69627197803733,35.78385824479155,95.32755348569464,campaign_9,35.78385824479155,-78.69627197803733,95.32755348569464
4G_LTE,-129,2147483647,-129,-20,-97,2147483647,11,9820,253,3,2147483647,2147483647,0,2147483647,[30],[FDD],"Band Number = 30, Uplink = 2305.0 - 2315.0 MHz, Downlink = 2305.0 - 2315.0 MHz ",Unavailable,Unavailable,0,1724707455722,32519.37957171,2024-08-26 17:24:15.722000,-78.69627197803733,35.78385824479155,95.32755348569464,campaign_9,35.78385824479155,-78.69627197803733,95.32755348569464
4G_LTE,-102,2147483647,-102,-11,-81,2147483647,38,67086,322,3,2147483647,2147483647,2,2147483647,[66],[FDD],"Band Number = 66, Uplink = 1710.0 - 1780.0 MHz, Downlink = 1710.0 - 1780.0 MHz ",Unavailable,Unavailable,0,1724707455722,32519.37957171,2024-08-26 17:24:15.722000,-78.69627197803733,35.78385824479155,95.32755348569464,campaign_9,35.78385824479155,-78.69627197803733,95.32755348569464
4G_LTE,-106,2147483647,-106,-15,-81,2147483647,34,67086,311,3,2147483647,2147483647,1,2147483647,[66],[FDD],"Band Number = 66, Uplink = 1710.0 - 1780.0 MHz, Downlink = 1710.0 - 1780.0 MHz ",Unavailable,Unavailable,0,1724707455722,32519.37957171,2024-08-26 17:24:15.722000,-78.69627197803733,35.78385824479155,95.32755348569464,campaign_9,35.78385824479155,-78.69627197803733,95.32755348569464
4G_LTE,-91,10,-91,-13,-61,2147483647,49,5110,496,3,196998672,9995,3,2147483647,[12],[FDD],"Band Number = 12, Uplink = 698.0 - 716.0 MHz, Downlink = 699.0 - 716.0 MHz ",310,410,1,1724707456722,32520.379853376,2024-08-26 17:24:16.722000,-78.69608509643558,35.78388191551267,95.64491422249098,campaign_9,35.78388191551267,-78.69608509643558,95.64491422249098
4G_LTE,-102,2147483647,-102,-20,-69,2147483647,38,5110,344,3,2147483647,2147483647,2,2147483647,[12],[FDD],"Band Number = 12, Uplink = 698.0 - 716.0 MHz, Downlink = 699.0 - 716.0 MHz ",Unavailable,Unavailable,0,1724707456722,32520.379853376,2024-08-26 17:24:16.722000,-78.69608509643558,35.78388191551267,95.64491422249098,campaign_9,35.78388191551267,-78.69608509643558,95.64491422249098
4G_LTE,-94,2147483647,-94,-14,-69,2147483647,46,5110,101,3,2147483647,2147483647,3,2147483647,[12],[FDD],"Band Number = 12, Uplink = 698.0 - 716.0 MHz, Downlink = 699.0 - 716.0 MHz ",Unavailable,Unavailable,0,1724707456722,32520.379853376,2024-08-26 17:24:16.722000,-78.69608509643558,35.78388191551267,95.64491422249098,campaign_9,35.78388191551267,-78.69608509643558,95.64491422249098
4G_LTE,-102,2147483647,-102,-12,-79,2147483647,38,950,436,3,2147483647,2147483647,2,2147483647,[2],[FDD],"Band Number = 2, Uplink = 1850.0 - 1910.0 MHz, Downlink = 1850.0 - 1910.0 MHz ",Unavailable,Unavailable,0,1724707456722,32520.379853376,2024-08-26 17:24:16.722000,-78.69608509643558,35.78388191551267,95.64491422249098,campaign_9,35.78388191551267,-78.69608509643558,95.64491422249098
4G_LTE,-109,2147483647,-109,-17,-81,2147483647,31,950,230,3,2147483647,2147483647,1,2147483647,[2],[FDD],"Band Number = 2, Uplink = 1850.0 - 1910.0 MHz, Downlink = 1850.0 - 1910.0 MHz ",Unavailable,Unavailable,0,1724707456722,32520.379853376,2024-08-26 17:24:16.722000,-78.69608509643558,35.78388191551267,95.64491422249098,campaign_9,35.78388191551267,-78.69608509643558,95.64491422249098
4G_LTE,-103,2147483647,-103,-13,-79,2147483647,37,950,311,3,2147483647,2147483647,2,2147483647,[2],[FDD],"Band Number = 2, Uplink = 1850.0 - 1910.0 MHz, Downlink = 1850.0 - 1910.0 MHz ",Unavailable,Unavailable,0,1724707456722,32520.379853376,2024-08-26 17:24:16.722000,-78.69608509643558,35.78388191551267,95.64491422249098,campaign_9,35.78388191551267,-78.69608509643558,95.64491422249098
4G_LTE,-113,2147483647,-113,-11,-93,2147483647,27,9820,101,3,2147483647,2147483647,1,2147483647,[30],[FDD],"Band Number = 30, Uplink = 2305.0 - 2315.0 MHz, Downlink = 2305.0 - 2315.0 MHz ",Unavailable,Unavailable,0,1724707456722,32520.379853376,2024-08-26 17:24:16.722000,-78.69608509643558,35.78388191551267,95.64491422249098,campaign_9,35.78388191551267,-78.69608509643558,95.64491422249098
4G_LTE,-105,2147483647,-105,-11,-83,2147483647,35,67086,322,3,2147483647,2147483647,2,2147483647,[66],[FDD],"Band Number = 66, Uplink = 1710.0 - 1780.0 MHz, Downlink = 1710.0 - 1780.0 MHz ",Unavailable,Unavailable,0,1724707456722,32520.379853376,2024-08-26 17:24:16.722000,-78.69608509643558,35.78388191551267,95.64491422249098,campaign_9,35.78388191551267,-78.69608509643558,95.64491422249098
4G_LTE,-112,2147483647,-112,-16,-83,2147483647,28,67086,311,3,2147483647,2147483647,1,2147483647,[66],[FDD],"Band Number = 66, Uplink = 1710.0 - 1780.0 MHz, Downlink = 1710.0 - 1780.0 MHz ",Unavailable,Unavailable,0,1724707456722,32520.379853376,2024-08-26 17:24:16.722000,-78.69608509643558,35.78388191551267,95.64491422249098,campaign_9,35.78388191551267,-78.69608509643558,95.64491422249098
4G_LTE,-91,10,-91,-13,-61,2147483647,49,5110,496,3,196998672,9995,3,2147483647,[12],[FDD],"Band Number = 12, Uplink = 698.0 - 716.0 MHz, Downlink = 699.0 - 716.0 MHz ",310,410,1,1724707457721,32521.378713688,2024-08-26 17:24:17.721000,-78.69589840171544,35.78390556256307,95.96195759855053,campaign_9,35.78390556256307,-78.69589840171544,95.96195759855053
4G_LTE,-102,2147483647,-102,-20,-69,2147483647,38,5110,344,3,2147483647,2147483647,2,2147483647,[12],[FDD],"Band Number = 12, Uplink = 698.0 - 716.0 MHz, Downlink = 699.0 - 716.0 MHz ",Unavailable,Unavailable,0,1724707457721,32521.378713688,2024-08-26 17:24:17.721000,-78.69589840171544,35.78390556256307,95.96195759855053,campaign_9,35.78390556256307,-78.69589840171544,95.96195759855053
4G_LTE,-94,2147483647,-94,-14,-69,2147483647,46,5110,101,3,2147483647,2147483647,3,2147483647,[12],[FDD],"Band Number = 12, Uplink = 698.0 - 716.0 MHz, Downlink = 699.0 - 716.0 MHz ",Unavailable,Unavailable,0,1724707457721,32521.378713688,2024-08-26 17:24:17.721000,-78.69589840171544,35.78390556256307,95.96195759855053,campaign_9,35.78390556256307,-78.69589840171544,95.96195759855053
4G_LTE,-102,2147483647,-102,-12,-79,2147483647,38,950,436,3,2147483647,2147483647,2,2147483647,[2],[FDD],"Band Number = 2, Uplink = 1850.0 - 1910.0 MHz, Downlink = 1850.0 - 1910.0 MHz ",Unavailable,Unavailable,0,1724707457721,32521.378713688,2024-08-26 17:24:17.721000,-78.69589840171544,35.78390556256307,95.96195759855053,campaign_9,35.78390556256307,-78.69589840171544,95.96195759855053
4G_LTE,-109,2147483647,-109,-17,-81,2147483647,31,950,230,3,2147483647,2147483647,1,2147483647,[2],[FDD],"Band Number = 2, Uplink = 1850.0 - 1910.0 MHz, Downlink = 1850.0 - 1910.0 MHz ",Unavailable,Unavailable,0,1724707457721,32521.378713688,2024-08-26 17:24:17.721000,-78.69589840171544,35.78390556256307,95.96195759855053,campaign_9,35.78390556256307,-78.69589840171544,95.96195759855053
4G_LTE,-103,2147483647,-103,-13,-79,2147483647,37,950,311,3,2147483647,2147483647,2,2147483647,[2],[FDD],"Band Number = 2, Uplink = 1850.0 - 1910.0 MHz, Downlink = 1850.0 - 1910.0 MHz ",Unavailable,Unavailable,0,1724707457721,32521.378713688,2024-08-26 17:24:17.721000,-78.69589840171544,35.78390556256307,95.96195759855053,campaign_9,35.78390556256307,-78.69589840171544,95.96195759855053
4G_LTE,-113,2147483647,-113,-11,-93,2147483647,27,9820,101,3,2147483647,2147483647,1,2147483647,[30],[FDD],"Band Number = 30, Uplink = 2305.0 - 2315.0 MHz, Downlink = 2305.0 - 2315.0 MHz ",Unavailable,Unavailable,0,1724707457721,32521.378713688,2024-08-26 17:24:17.721000,-78.69589840171544,35.78390556256307,95.96195759855053,campaign_9,35.78390556256307,-78.69589840171544,95.96195759855053
4G_LTE,-105,2147483647,-105,-11,-83,2147483647,35,67086,322,3,2147483647,2147483647,2,2147483647,[66],[FDD],"Band Number = 66, Uplink = 1710.0 - 1780.0 MHz, Downlink = 1710.0 - 1780.0 MHz ",Unavailable,Unavailable,0,1724707457721,32521.378713688,2024-08-26 17:24:17.721000,-78.69589840171544,35.78390556256307,95.96195759855053,campaign_9,35.78390556256307,-78.69589840171544,95.96195759855053
4G_LTE,-112,2147483647,-112,-16,-83,2147483647,28,67086,311,3,2147483647,2147483647,1,2147483647,[66],[FDD],"Band Number = 66, Uplink = 1710.0 - 1780.0 MHz, Downlink = 1710.0 - 1780.0 MHz ",Unavailable,Unavailable,0,1724707457721,32521.378713688,2024-08-26 17:24:17.721000,-78.69589840171544,35.78390556256307,95.96195759855053,campaign_9,35.78390556256307,-78.69589840171544,95.96195759855053
4G_LTE,-91,10,-91,-13,-61,2147483647,49,5110,496,3,196998672,9995,3,2147483647,[12],[FDD],"Band Number = 12, Uplink = 698.0 - 716.0 MHz, Downlink = 699.0 - 716.0 MHz ",310,410,1,1724707458724,32522.381189834,2024-08-26 17:24:18.724000,-78.695876,35.7839084,96.0,campaign_9,35.7839084,-78.695876,96.0
4G_LTE,-102,2147483647,-102,-20,-69,2147483647,38,5110,344,3,2147483647,2147483647,2,2147483647,[12],[FDD],"Band Number = 12, Uplink = 698.0 - 716.0 MHz, Downlink = 699.0 - 716.0 MHz ",Unavailable,Unavailable,0,1724707458724,32522.381189834,2024-08-26 17:24:18.724000,-78.695876,35.7839084,96.0,campaign_9,35.7839084,-78.695876,96.0
4G_LTE,-94,2147483647,-94,-14,-69,2147483647,46,5110,101,3,2147483647,2147483647,3,2147483647,[12],[FDD],"Band Number = 12, Uplink = 698.0 - 716.0 MHz, Downlink = 699.0 - 716.0 MHz ",Unavailable,Unavailable,0,1724707458724,32522.381189834,2024-08-26 17:24:18.724000,-78.695876,35.7839084,96.0,campaign_9,35.7839084,-78.695876,96.0
4G_LTE,-102,2147483647,-102,-12,-79,2147483647,38,950,436,3,2147483647,2147483647,2,2147483647,[2],[FDD],"Band Number = 2, Uplink = 1850.0 - 1910.0 MHz, Downlink = 1850.0 - 1910.0 MHz ",Unavailable,Unavailable,0,1724707458724,32522.381189834,2024-08-26 17:24:18.724000,-78.695876,35.7839084,96.0,campaign_9,35.7839084,-78.695876,96.0
4G_LTE,-109,2147483647,-109,-17,-81,2147483647,31,950,230,3,2147483647,2147483647,1,2147483647,[2],[FDD],"Band Number = 2, Uplink = 1850.0 - 1910.0 MHz, Downlink = 1850.0 - 1910.0 MHz ",Unavailable,Unavailable,0,1724707458724,32522.381189834,2024-08-26 17:24:18.724000,-78.695876,35.7839084,96.0,campaign_9,35.7839084,-78.695876,96.0
4G_LTE,-103,2147483647,-103,-13,-79,2147483647,37,950,311,3,2147483647,2147483647,2,2147483647,[2],[FDD],"Band Number = 2, Uplink = 1850.0 - 1910.0 MHz, Downlink = 1850.0 - 1910.0 MHz ",Unavailable,Unavailable,0,1724707458724,32522.381189834,2024-08-26 17:24:18.724000,-78.695876,35.7839084,96.0,campaign_9,35.7839084,-78.695876,96.0
4G_LTE,-113,2147483647,-113,-11,-93,2147483647,27,9820,101,3,2147483647,2147483647,1,2147483647,[30],[FDD],"Band Number = 30, Uplink = 2305.0 - 2315.0 MHz, Downlink = 2305.0 - 2315.0 MHz ",Unavailable,Unavailable,0,1724707458724,32522.381189834,2024-08-26 17:24:18.724000,-78.695876,35.7839084,96.0,campaign_9,35.7839084,-78.695876,96.0
4G_LTE,-105,2147483647,-105,-11,-83,2147483647,35,67086,322,3,2147483647,2147483647,2,2147483647,[66],[FDD],"Band Number = 66, Uplink = 1710.0 - 1780.0 MHz, Downlink = 1710.0 - 1780.0 MHz ",Unavailable,Unavailable,0,1724707458724,32522.381189834,2024-08-26 17:24:18.724000,-78.695876,35.7839084,96.0,campaign_9,35.7839084,-78.695876,96.0
4G_LTE,-112,2147483647,-112,-16,-83,2147483647,28,67086,311,3,2147483647,2147483647,1,2147483647,[66],[FDD],"Band Number = 66, Uplink = 1710.0 - 1780.0 MHz, Downlink = 1710.0 - 1780.0 MHz ",Unavailable,Unavailable,0,1724707458724,32522.381189834,2024-08-26 17:24:18.724000,-78.695876,35.7839084,96.0,campaign_9,35.7839084,-78.695876,96.0
4G_LTE,-96,7,-96,-17,-59,2147483647,44,5110,496,4,196998672,9995,2,2147483647,[12],[FDD],"Band Number = 12, Uplink = 698.0 - 716.0 MHz, Downlink = 699.0 - 716.0 MHz ",310,410,1,1724707459725,32523.381968114,2024-08-26 17:24:19.725000,-78.6957244516638,35.78380059335453,96.01637627228808,campaign_9,35.78380059335453,-78.6957244516638,96.01637627228808
4G_LTE,-94,2147483647,-94,-14,-67,2147483647,46,5110,101,4,2147483647,2147483647,3,2147483647,[12],[FDD],"Band Number = 12, Uplink = 698.0 - 716.0 MHz, Downlink = 699.0 - 716.0 MHz ",Unavailable,Unavailable,0,1724707459725,32523.381968114,2024-08-26 17:24:19.725000,-78.6957244516638,35.78380059335453,96.01637627228808,campaign_9,35.78380059335453,-78.6957244516638,96.01637627228808
4G_LTE,-101,2147483647,-101,-20,-67,2147483647,39,5110,344,4,2147483647,2147483647,2,2147483647,[12],[FDD],"Band Number = 12, Uplink = 698.0 - 716.0 MHz, Downlink = 699.0 - 716.0 MHz ",Unavailable,Unavailable,0,1724707459725,32523.381968114,2024-08-26 17:24:19.725000,-78.6957244516638,35.78380059335453,96.01637627228808,campaign_9,35.78380059335453,-78.6957244516638,96.01637627228808
4G_LTE,-107,2147483647,-107,-13,-83,2147483647,33,950,436,4,2147483647,2147483647,1,2147483647,[2],[FDD],"Band Number = 2, Uplink = 1850.0 - 1910.0 MHz, Downlink = 1850.0 - 1910.0 MHz ",Unavailable,Unavailable,0,1724707459725,32523.381968114,2024-08-26 17:24:19.725000,-78.6957244516638,35.78380059335453,96.01637627228808,campaign_9,35.78380059335453,-78.6957244516638,96.01637627228808
4G_LTE,-108,2147483647,-108,-13,-83,2147483647,32,950,311,4,2147483647,2147483647,1,2147483647,[2],[FDD],"Band Number = 2, Uplink = 1850.0 - 1910.0 MHz, Downlink = 1850.0 - 1910.0 MHz ",Unavailable,Unavailable,0,1724707459725,32523.381968114,2024-08-26 17:24:19.725000,-78.6957244516638,35.78380059335453,96.01637627228808,campaign_9,35.78380059335453,-78.6957244516638,96.01637627228808
4G_LTE,-110,2147483647,-110,-9,-91,2147483647,30,9820,101,4,2147483647,2147483647,1,2147483647,[30],[FDD],"Band Number = 30, Uplink = 2305.0 - 2315.0 MHz, Downlink = 2305.0 - 2315.0 MHz ",Unavailable,Unavailable,0,1724707459725,32523.381968114,2024-08-26 17:24:19.725000,-78.6957244516638,35.78380059335453,96.01637627228808,campaign_9,35.78380059335453,-78.6957244516638,96.01637627228808
4G_LTE,-108,2147483647,-108,-12,-83,2147483647,32,67086,322,4,2147483647,2147483647,1,2147483647,[66],[FDD],"Band Number = 66, Uplink = 1710.0 - 1780.0 MHz, Downlink = 1710.0 - 1780.0 MHz ",Unavailable,Unavailable,0,1724707459725,32523.381968114,2024-08-26 17:24:19.725000,-78.6957244516638,35.78380059335453,96.01637627228808,campaign_9,35.78380059335453,-78.6957244516638,96.01637627228808
4G_LTE,-108,2147483647,-108,-14,-83,2147483647,32,67086,311,4,2147483647,2147483647,1,2147483647,[66],[FDD],"Band Number = 66, Uplink = 1710.0 - 1780.0 MHz, Downlink = 1710.0 - 1780.0 MHz ",Unavailable,Unavailable,0,1724707459725,32523.381968114,2024-08-26 17:24:19.725000,-78.6957244516638,35.78380059335453,96.01637627228808,campaign_9,35.78380059335453,-78.6957244516638,96.01637627228808
4G_LTE,-114,2147483647,-114,-18,-83,2147483647,26,67086,377,4,2147483647,2147483647,1,2147483647,[66],[FDD],"Band Number = 66, Uplink = 1710.0 - 1780.0 MHz, Downlink = 1710.0 - 1780.0 MHz ",Unavailable,Unavailable,0,1724707459725,32523.381968114,2024-08-26 17:24:19.725000,-78.6957244516638,35.78380059335453,96.01637627228808,campaign_9,35.78380059335453,-78.6957244516638,96.01637627228808
4G_LTE,-96,7,-96,-17,-59,2147483647,44,5110,496,4,196998672,9995,2,2147483647,[12],[FDD],"Band Number = 12, Uplink = 698.0 - 716.0 MHz, Downlink = 699.0 - 716.0 MHz ",310,410,1,1724707460736,32524.393909625,2024-08-26 17:24:20.736000,-78.69557138935821,35.78369170971959,96.03291614369992,campaign_9,35.78369170971959,-78.69557138935821,96.03291614369992
4G_LTE,-94,2147483647,-94,-14,-67,2147483647,46,5110,101,4,2147483647,2147483647,3,2147483647,[12],[FDD],"Band Number = 12, Uplink = 698.0 - 716.0 MHz, Downlink = 699.0 - 716.0 MHz ",Unavailable,Unavailable,0,1724707460736,32524.393909625,2024-08-26 17:24:20.736000,-78.69557138935821,35.78369170971959,96.03291614369992,campaign_9,35.78369170971959,-78.69557138935821,96.03291614369992
4G_LTE,-101,2147483647,-101,-20,-67,2147483647,39,5110,344,4,2147483647,2147483647,2,2147483647,[12],[FDD],"Band Number = 12, Uplink = 698.0 - 716.0 MHz, Downlink = 699.0 - 716.0 MHz ",Unavailable,Unavailable,0,1724707460736,32524.393909625,2024-08-26 17:24:20.736000,-78.69557138935821,35.78369170971959,96.03291614369992,campaign_9,35.78369170971959,-78.69557138935821,96.03291614369992
4G_LTE,-107,2147483647,-107,-13,-83,2147483647,33,950,436,4,2147483647,2147483647,1,2147483647,[2],[FDD],"Band Number = 2, Uplink = 1850.0 - 1910.0 MHz, Downlink = 1850.0 - 1910.0 MHz ",Unavailable,Unavailable,0,1724707460736,32524.393909625,2024-08-26 17:24:20.736000,-78.69557138935821,35.78369170971959,96.03291614369992,campaign_9,35.78369170971959,-78.69557138935821,96.03291614369992
4G_LTE,-108,2147483647,-108,-13,-83,2147483647,32,950,311,4,2147483647,2147483647,1,2147483647,[2],[FDD],"Band Number = 2, Uplink = 1850.0 - 1910.0 MHz, Downlink = 1850.0 - 1910.0 MHz ",Unavailable,Unavailable,0,1724707460736,32524.393909625,2024-08-26 17:24:20.736000,-78.69557138935821,35.78369170971959,96.03291614369992,campaign_9,35.78369170971959,-78.69557138935821,96.03291614369992
4G_LTE,-110,2147483647,-110,-9,-91,2147483647,30,9820,101,4,2147483647,2147483647,1,2147483647,[30],[FDD],"Band Number = 30, Uplink = 2305.0 - 2315.0 MHz, Downlink = 2305.0 - 2315.0 MHz ",Unavailable,Unavailable,0,1724707460736,32524.393909625,2024-08-26 17:24:20.736000,-78.69557138935821,35.78369170971959,96.03291614369992,campaign_9,35.78369170971959,-78.69557138935821,96.03291614369992
4G_LTE,-108,2147483647,-108,-12,-83,2147483647,32,67086,322,4,2147483647,2147483647,1,2147483647,[66],[FDD],"Band Number = 66, Uplink = 1710.0 - 1780.0 MHz, Downlink = 1710.0 - 1780.0 MHz ",Unavailable,Unavailable,0,1724707460736,32524.393909625,2024-08-26 17:24:20.736000,-78.69557138935821,35.78369170971959,96.03291614369992,campaign_9,35.78369170971959,-78.69557138935821,96.03291614369992
4G_LTE,-108,2147483647,-108,-14,-83,2147483647,32,67086,311,4,2147483647,2147483647,1,2147483647,[66],[FDD],"Band Number = 66, Uplink = 1710.0 - 1780.0 MHz, Downlink = 1710.0 - 1780.0 MHz ",Unavailable,Unavailable,0,1724707460736,32524.393909625,2024-08-26 17:24:20.736000,-78.69557138935821,35.78369170971959,96.03291614369992,campaign_9,35.78369170971959,-78.69557138935821,96.03291614369992
4G_LTE,-114,2147483647,-114,-18,-83,2147483647,26,67086,377,4,2147483647,2147483647,1,2147483647,[66],[FDD],"Band Number = 66, Uplink = 1710.0 - 1780.0 MHz, Downlink = 1710.0 - 1780.0 MHz ",Unavailable,Unavailable,0,1724707460736,32524.393909625,2024-08-26 17:24:20.736000,-78.69557138935821,35.78369170971959,96.03291614369992,campaign_9,35.78369170971959,-78.69557138935821,96.03291614369992
4G_LTE,-100,2147483647,-100,-20,-69,2147483647,40,5110,496,10,2147483647,2147483647,2,2147483647,[12],[FDD],"Band Number = 12, Uplink = 698.0 - 716.0 MHz, Downlink = 699.0 - 716.0 MHz ",Unavailable,Unavailable,0,1724707461736,32525.393749989,2024-08-26 17:24:21.736000,-78.69541999241895,35.78358401077306,96.04927605607563,campaign_9,35.78358401077306,-78.69541999241895,96.04927605607563
4G_LTE,-93,2,-93,-14,-61,2147483647,47,5110,101,10,196875793,9995,3,2147483647,[12],[FDD],"Band Number = 12, Uplink = 698.0 - 716.0 MHz, Downlink = 699.0 - 716.0 MHz ",310,410,1,1724707461736,32525.393749989,2024-08-26 17:24:21.736000,-78.69541999241895,35.78358401077306,96.04927605607563,campaign_9,35.78358401077306,-78.69541999241895,96.04927605607563
4G_LTE,-103,2147483647,-103,-20,-69,2147483647,37,5110,344,10,2147483647,2147483647,2,2147483647,[12],[FDD],"Band Number = 12, Uplink = 698.0 - 716.0 MHz, Downlink = 699.0 - 716.0 MHz ",Unavailable,Unavailable,0,1724707461736,32525.393749989,2024-08-26 17:24:21.736000,-78.69541999241895,35.78358401077306,96.04927605607563,campaign_9,35.78358401077306,-78.69541999241895,96.04927605607563
4G_LTE,-100,2147483647,-100,-20,-69,2147483647,40,5110,496,10,2147483647,2147483647,2,2147483647,[12],[FDD],"Band Number = 12, Uplink = 698.0 - 716.0 MHz, Downlink = 699.0 - 716.0 MHz ",Unavailable,Unavailable,0,1724707462735,32526.39234202,2024-08-26 17:24:22.735000,-78.69526874687664,35.783476419525485,96.06561960853897,campaign_9,35.783476419525485,-78.69526874687664,96.06561960853897
4G_LTE,-93,2,-93,-14,-61,2147483647,47,5110,101,10,196875793,9995,3,2147483647,[12],[FDD],"Band Number = 12, Uplink = 698.0 - 716.0 MHz, Downlink = 699.0 - 716.0 MHz ",310,410,1,1724707462735,32526.39234202,2024-08-26 17:24:22.735000,-78.69526874687664,35.783476419525485,96.06561960853897,campaign_9,35.783476419525485,-78.69526874687664,96.06561960853897
4G_LTE,-103,2147483647,-103,-20,-69,2147483647,37,5110,344,10,2147483647,2147483647,2,2147483647,[12],[FDD],"Band Number = 12, Uplink = 698.0 - 716.0 MHz, Downlink = 699.0 - 716.0 MHz ",Unavailable,Unavailable,0,1724707462735,32526.39234202,2024-08-26 17:24:22.735000,-78.69526874687664,35.783476419525485,96.06561960853897,campaign_9,35.783476419525485,-78.69526874687664,96.06561960853897
4G_LTE,-103,2147483647,-103,-11,-77,2147483647,37,5110,496,11,2147483647,2147483647,2,2147483647,[12],[FDD],"Band Number = 12, Uplink = 698.0 - 716.0 MHz, Downlink = 699.0 - 716.0 MHz ",Unavailable,Unavailable,0,1724707463735,32527.392825509,2024-08-26 17:24:23.735000,-78.69511734993738,35.78336872057896,96.08197952091467,campaign_9,35.78336872057896,-78.69511734993738,96.08197952091467
4G_LTE,-94,2,-94,-12,-65,2147483647,46,5110,101,11,196875793,9995,3,2147483647,[12],[FDD],"Band Number = 12, Uplink = 698.0 - 716.0 MHz, Downlink = 699.0 - 716.0 MHz ",310,410,1,1724707463735,32527.392825509,2024-08-26 17:24:23.735000,-78.69511734993738,35.78336872057896,96.08197952091467,campaign_9,35.78336872057896,-78.69511734993738,96.08197952091467
4G_LTE,-105,2147483647,-105,-18,-77,2147483647,35,5110,344,11,2147483647,2147483647,2,2147483647,[12],[FDD],"Band Number = 12, Uplink = 698.0 - 716.0 MHz, Downlink = 699.0 - 716.0 MHz ",Unavailable,Unavailable,0,1724707463735,32527.392825509,2024-08-26 17:24:23.735000,-78.69511734993738,35.78336872057896,96.08197952091467,campaign_9,35.78336872057896,-78.69511734993738,96.08197952091467
4G_LTE,-103,2147483647,-103,-11,-83,2147483647,37,950,311,11,2147483647,2147483647,2,2147483647,[2],[FDD],"Band Number = 2, Uplink = 1850.0 - 1910.0 MHz, Downlink = 1850.0 - 1910.0 MHz ",Unavailable,Unavailable,0,1724707463735,32527.392825509,2024-08-26 17:24:23.735000,-78.69511734993738,35.78336872057896,96.08197952091467,campaign_9,35.78336872057896,-78.69511734993738,96.08197952091467
4G_LTE,-109,2147483647,-109,-14,-85,2147483647,31,950,436,11,2147483647,2147483647,1,2147483647,[2],[FDD],"Band Number = 2, Uplink = 1850.0 - 1910.0 MHz, Downlink = 1850.0 - 1910.0 MHz ",Unavailable,Unavailable,0,1724707463735,32527.392825509,2024-08-26 17:24:23.735000,-78.69511734993738,35.78336872057896,96.08197952091467,campaign_9,35.78336872057896,-78.69511734993738,96.08197952091467
4G_LTE,-110,2147483647,-110,-17,-83,2147483647,30,950,230,11,2147483647,2147483647,1,2147483647,[2],[FDD],"Band Number = 2, Uplink = 1850.0 - 1910.0 MHz, Downlink = 1850.0 - 1910.0 MHz ",Unavailable,Unavailable,0,1724707463735,32527.392825509,2024-08-26 17:24:23.735000,-78.69511734993738,35.78336872057896,96.08197952091467,campaign_9,35.78336872057896,-78.69511734993738,96.08197952091467
4G_LTE,-106,2147483647,-106,-14,-83,2147483647,34,950,368,11,2147483647,2147483647,1,2147483647,[2],[FDD],"Band Number = 2, Uplink = 1850.0 - 1910.0 MHz, Downlink = 1850.0 - 1910.0 MHz ",Unavailable,Unavailable,0,1724707463735,32527.392825509,2024-08-26 17:24:23.735000,-78.69511734993738,35.78336872057896,96.08197952091467,campaign_9,35.78336872057896,-78.69511734993738,96.08197952091467
4G_LTE,-102,2147483647,-102,-10,-83,2147483647,38,66486,311,11,2147483647,2147483647,2,2147483647,[66],[FDD],"Band Number = 66, Uplink = 1710.0 - 1780.0 MHz, Downlink = 1710.0 - 1780.0 MHz ",Unavailable,Unavailable,0,1724707463735,32527.392825509,2024-08-26 17:24:23.735000,-78.69511734993738,35.78336872057896,96.08197952091467,campaign_9,35.78336872057896,-78.69511734993738,96.08197952091467
4G_LTE,-112,2147483647,-112,-20,-83,2147483647,28,66486,478,11,2147483647,2147483647,1,2147483647,[66],[FDD],"Band Number = 66, Uplink = 1710.0 - 1780.0 MHz, Downlink = 1710.0 - 1780.0 MHz ",Unavailable,Unavailable,0,1724707463735,32527.392825509,2024-08-26 17:24:23.735000,-78.69511734993738,35.78336872057896,96.08197952091467,campaign_9,35.78336872057896,-78.69511734993738,96.08197952091467
4G_LTE,-109,2147483647,-109,-14,-77,2147483647,31,67086,311,11,2147483647,2147483647,1,2147483647,[66],[FDD],"Band Number = 66, Uplink = 1710.0 - 1780.0 MHz, Downlink = 1710.0 - 1780.0 MHz ",Unavailable,Unavailable,0,1724707463735,32527.392825509,2024-08-26 17:24:23.735000,-78.69511734993738,35.78336872057896,96.08197952091467,campaign_9,35.78336872057896,-78.69511734993738,96.08197952091467
4G_LTE,-111,2147483647,-111,-15,-83,2147483647,29,67086,322,11,2147483647,2147483647,1,2147483647,[66],[FDD],"Band Number = 66, Uplink = 1710.0 - 1780.0 MHz, Downlink = 1710.0 - 1780.0 MHz ",Unavailable,Unavailable,0,1724707463735,32527.392825509,2024-08-26 17:24:23.735000,-78.69511734993738,35.78336872057896,96.08197952091467,campaign_9,35.78336872057896,-78.69511734993738,96.08197952091467
4G_LTE,-114,2147483647,-114,-20,-85,2147483647,26,67086,368,11,2147483647,2147483647,1,2147483647,[66],[FDD],"Band Number = 66, Uplink = 1710.0 - 1780.0 MHz, Downlink = 1710.0 - 1780.0 MHz ",Unavailable,Unavailable,0,1724707463735,32527.392825509,2024-08-26 17:24:23.735000,-78.69511734993738,35.78336872057896,96.08197952091467,campaign_9,35.78336872057896,-78.69511734993738,96.08197952091467
4G_LTE,-103,2147483647,-103,-11,-77,2147483647,37,5110,496,11,2147483647,2147483647,2,2147483647,[12],[FDD],"Band Number = 12, Uplink = 698.0 - 716.0 MHz, Downlink = 699.0 - 716.0 MHz ",Unavailable,Unavailable,0,1724707464739,32528.396050404,2024-08-26 17:24:24.739000,-78.69496534741036,35.78326059083665,96.09840487293988,campaign_9,35.78326059083665,-78.69496534741036,96.09840487293988
4G_LTE,-94,2,-94,-12,-65,2147483647,46,5110,101,11,196875793,9995,3,2147483647,[12],[FDD],"Band Number = 12, Uplink = 698.0 - 716.0 MHz, Downlink = 699.0 - 716.0 MHz ",310,410,1,1724707464739,32528.396050404,2024-08-26 17:24:24.739000,-78.69496534741036,35.78326059083665,96.09840487293988,campaign_9,35.78326059083665,-78.69496534741036,96.09840487293988
4G_LTE,-105,2147483647,-105,-18,-77,2147483647,35,5110,344,11,2147483647,2147483647,2,2147483647,[12],[FDD],"Band Number = 12, Uplink = 698.0 - 716.0 MHz, Downlink = 699.0 - 716.0 MHz ",Unavailable,Unavailable,0,1724707464739,32528.396050404,2024-08-26 17:24:24.739000,-78.69496534741036,35.78326059083665,96.09840487293988,campaign_9,35.78326059083665,-78.69496534741036,96.09840487293988
4G_LTE,-103,2147483647,-103,-11,-83,2147483647,37,950,311,11,2147483647,2147483647,2,2147483647,[2],[FDD],"Band Number = 2, Uplink = 1850.0 - 1910.0 MHz, Downlink = 1850.0 - 1910.0 MHz ",Unavailable,Unavailable,0,1724707464739,32528.396050404,2024-08-26 17:24:24.739000,-78.69496534741036,35.78326059083665,96.09840487293988,campaign_9,35.78326059083665,-78.69496534741036,96.09840487293988
4G_LTE,-109,2147483647,-109,-14,-85,2147483647,31,950,436,11,2147483647,2147483647,1,2147483647,[2],[FDD],"Band Number = 2, Uplink = 1850.0 - 1910.0 MHz, Downlink = 1850.0 - 1910.0 MHz ",Unavailable,Unavailable,0,1724707464739,32528.396050404,2024-08-26 17:24:24.739000,-78.69496534741036,35.78326059083665,96.09840487293988,campaign_9,35.78326059083665,-78.69496534741036,96.09840487293988
4G_LTE,-110,2147483647,-110,-17,-83,2147483647,30,950,230,11,2147483647,2147483647,1,2147483647,[2],[FDD],"Band Number = 2, Uplink = 1850.0 - 1910.0 MHz, Downlink = 1850.0 - 1910.0 MHz ",Unavailable,Unavailable,0,1724707464739,32528.396050404,2024-08-26 17:24:24.739000,-78.69496534741036,35.78326059083665,96.09840487293988,campaign_9,35.78326059083665,-78.69496534741036,96.09840487293988
4G_LTE,-106,2147483647,-106,-14,-83,2147483647,34,950,368,11,2147483647,2147483647,1,2147483647,[2],[FDD],"Band Number = 2, Uplink = 1850.0 - 1910.0 MHz, Downlink = 1850.0 - 1910.0 MHz ",Unavailable,Unavailable,0,1724707464739,32528.396050404,2024-08-26 17:24:24.739000,-78.69496534741036,35.78326059083665,96.09840487293988,campaign_9,35.78326059083665,-78.69496534741036,96.09840487293988
4G_LTE,-102,2147483647,-102,-10,-83,2147483647,38,66486,311,11,2147483647,2147483647,2,2147483647,[66],[FDD],"Band Number = 66, Uplink = 1710.0 - 1780.0 MHz, Downlink = 1710.0 - 1780.0 MHz ",Unavailable,Unavailable,0,1724707464739,32528.396050404,2024-08-26 17:24:24.739000,-78.69496534741036,35.78326059083665,96.09840487293988,campaign_9,35.78326059083665,-78.69496534741036,96.09840487293988
4G_LTE,-112,2147483647,-112,-20,-83,2147483647,28,66486,478,11,2147483647,2147483647,1,2147483647,[66],[FDD],"Band Number = 66, Uplink = 1710.0 - 1780.0 MHz, Downlink = 1710.0 - 1780.0 MHz ",Unavailable,Unavailable,0,1724707464739,32528.396050404,2024-08-26 17:24:24.739000,-78.69496534741036,35.78326059083665,96.09840487293988,campaign_9,35.78326059083665,-78.69496534741036,96.09840487293988
4G_LTE,-109,2147483647,-109,-14,-77,2147483647,31,67086,311,11,2147483647,2147483647,1,2147483647,[66],[FDD],"Band Number = 66, Uplink = 1710.0 - 1780.0 MHz, Downlink = 1710.0 - 1780.0 MHz ",Unavailable,Unavailable,0,1724707464739,32528.396050404,2024-08-26 17:24:24.739000,-78.69496534741036,35.78326059083665,96.09840487293988,campaign_9,35.78326059083665,-78.69496534741036,96.09840487293988
4G_LTE,-111,2147483647,-111,-15,-83,2147483647,29,67086,322,11,2147483647,2147483647,1,2147483647,[66],[FDD],"Band Number = 66, Uplink = 1710.0 - 1780.0 MHz, Downlink = 1710.0 - 1780.0 MHz ",Unavailable,Unavailable,0,1724707464739,32528.396050404,2024-08-26 17:24:24.739000,-78.69496534741036,35.78326059083665,96.09840487293988,campaign_9,35.78326059083665,-78.69496534741036,96.09840487293988
4G_LTE,-114,2147483647,-114,-20,-85,2147483647,26,67086,368,11,2147483647,2147483647,1,2147483647,[66],[FDD],"Band Number = 66, Uplink = 1710.0 - 1780.0 MHz, Downlink = 1710.0 - 1780.0 MHz ",Unavailable,Unavailable,0,1724707464739,32528.396050404,2024-08-26 17:24:24.739000,-78.69496534741036,35.78326059083665,96.09840487293988,campaign_9,35.78326059083665,-78.69496534741036,96.09840487293988
4G_LTE,-103,2147483647,-103,-11,-77,2147483647,37,5110,496,11,2147483647,2147483647,2,2147483647,[12],[FDD],"Band Number = 12, Uplink = 698.0 - 716.0 MHz, Downlink = 699.0 - 716.0 MHz ",Unavailable,Unavailable,0,1724707465742,32529.399345352,2024-08-26 17:24:25.742000,-78.6949506,35.7832501,96.0999984741211,campaign_9,35.7832501,-78.6949506,96.0999984741211
4G_LTE,-94,2,-94,-12,-65,2147483647,46,5110,101,11,196875793,9995,3,2147483647,[12],[FDD],"Band Number = 12, Uplink = 698.0 - 716.0 MHz, Downlink = 699.0 - 716.0 MHz ",310,410,1,1724707465742,32529.399345352,2024-08-26 17:24:25.742000,-78.6949506,35.7832501,96.0999984741211,campaign_9,35.7832501,-78.6949506,96.0999984741211
4G_LTE,-105,2147483647,-105,-18,-77,2147483647,35,5110,344,11,2147483647,2147483647,2,2147483647,[12],[FDD],"Band Number = 12, Uplink = 698.0 - 716.0 MHz, Downlink = 699.0 - 716.0 MHz ",Unavailable,Unavailable,0,1724707465742,32529.399345352,2024-08-26 17:24:25.742000,-78.6949506,35.7832501,96.0999984741211,campaign_9,35.7832501,-78.6949506,96.0999984741211
4G_LTE,-103,2147483647,-103,-11,-83,2147483647,37,950,311,11,2147483647,2147483647,2,2147483647,[2],[FDD],"Band Number = 2, Uplink = 1850.0 - 1910.0 MHz, Downlink = 1850.0 - 1910.0 MHz ",Unavailable,Unavailable,0,1724707465742,32529.399345352,2024-08-26 17:24:25.742000,-78.6949506,35.7832501,96.0999984741211,campaign_9,35.7832501,-78.6949506,96.0999984741211
4G_LTE,-109,2147483647,-109,-14,-85,2147483647,31,950,436,11,2147483647,2147483647,1,2147483647,[2],[FDD],"Band Number = 2, Uplink = 1850.0 - 1910.0 MHz, Downlink = 1850.0 - 1910.0 MHz ",Unavailable,Unavailable,0,1724707465742,32529.399345352,2024-08-26 17:24:25.742000,-78.6949506,35.7832501,96.0999984741211,campaign_9,35.7832501,-78.6949506,96.0999984741211
4G_LTE,-110,2147483647,-110,-17,-83,2147483647,30,950,230,11,2147483647,2147483647,1,2147483647,[2],[FDD],"Band Number = 2, Uplink = 1850.0 - 1910.0 MHz, Downlink = 1850.0 - 1910.0 MHz ",Unavailable,Unavailable,0,1724707465742,32529.399345352,2024-08-26 17:24:25.742000,-78.6949506,35.7832501,96.0999984741211,campaign_9,35.7832501,-78.6949506,96.0999984741211
4G_LTE,-106,2147483647,-106,-14,-83,2147483647,34,950,368,11,2147483647,2147483647,1,2147483647,[2],[FDD],"Band Number = 2, Uplink = 1850.0 - 1910.0 MHz, Downlink = 1850.0 - 1910.0 MHz ",Unavailable,Unavailable,0,1724707465742,32529.399345352,2024-08-26 17:24:25.742000,-78.6949506,35.7832501,96.0999984741211,campaign_9,35.7832501,-78.6949506,96.0999984741211
4G_LTE,-102,2147483647,-102,-10,-83,2147483647,38,66486,311,11,2147483647,2147483647,2,2147483647,[66],[FDD],"Band Number = 66, Uplink = 1710.0 - 1780.0 MHz, Downlink = 1710.0 - 1780.0 MHz ",Unavailable,Unavailable,0,1724707465742,32529.399345352,2024-08-26 17:24:25.742000,-78.6949506,35.7832501,96.0999984741211,campaign_9,35.7832501,-78.6949506,96.0999984741211
4G_LTE,-112,2147483647,-112,-20,-83,2147483647,28,66486,478,11,2147483647,2147483647,1,2147483647,[66],[FDD],"Band Number = 66, Uplink = 1710.0 - 1780.0 MHz, Downlink = 1710.0 - 1780.0 MHz ",Unavailable,Unavailable,0,1724707465742,32529.399345352,2024-08-26 17:24:25.742000,-78.6949506,35.7832501,96.0999984741211,campaign_9,35.7832501,-78.6949506,96.0999984741211
4G_LTE,-109,2147483647,-109,-14,-77,2147483647,31,67086,311,11,2147483647,2147483647,1,2147483647,[66],[FDD],"Band Number = 66, Uplink = 1710.0 - 1780.0 MHz, Downlink = 1710.0 - 1780.0 MHz ",Unavailable,Unavailable,0,1724707465742,32529.399345352,2024-08-26 17:24:25.742000,-78.6949506,35.7832501,96.0999984741211,campaign_9,35.7832501,-78.6949506,96.0999984741211
4G_LTE,-111,2147483647,-111,-15,-83,2147483647,29,67086,322,11,2147483647,2147483647,1,2147483647,[66],[FDD],"Band Number = 66, Uplink = 1710.0 - 1780.0 MHz, Downlink = 1710.0 - 1780.0 MHz ",Unavailable,Unavailable,0,1724707465742,32529.399345352,2024-08-26 17:24:25.742000,-78.6949506,35.7832501,96.0999984741211,campaign_9,35.7832501,-78.6949506,96.0999984741211
4G_LTE,-114,2147483647,-114,-20,-85,2147483647,26,67086,368,11,2147483647,2147483647,1,2147483647,[66],[FDD],"Band Number = 66, Uplink = 1710.0 - 1780.0 MHz, Downlink = 1710.0 - 1780.0 MHz ",Unavailable,Unavailable,0,1724707465742,32529.399345352,2024-08-26 17:24:25.742000,-78.6949506,35.7832501,96.0999984741211,campaign_9,35.7832501,-78.6949506,96.0999984741211
4G_LTE,-97,2147483647,-97,-15,-73,2147483647,43,5110,496,10,2147483647,2147483647,2,2147483647,[12],[FDD],"Band Number = 12, Uplink = 698.0 - 716.0 MHz, Downlink = 699.0 - 716.0 MHz ",Unavailable,Unavailable,0,1724707466741,32530.398081706,2024-08-26 17:24:26.741000,-78.69480067491236,35.78337457968664,96.5742382024406,campaign_9,35.78337457968664,-78.69480067491236,96.5742382024406
4G_LTE,-95,1,-95,-14,-63,2147483647,45,5110,101,10,196875793,9995,3,2147483647,[12],[FDD],"Band Number = 12, Uplink = 698.0 - 716.0 MHz, Downlink = 699.0 - 716.0 MHz ",310,410,1,1724707466741,32530.398081706,2024-08-26 17:24:26.741000,-78.69480067491236,35.78337457968664,96.5742382024406,campaign_9,35.78337457968664,-78.69480067491236,96.5742382024406
4G_LTE,-100,2147483647,-100,-18,-73,2147483647,40,5110,344,10,2147483647,2147483647,2,2147483647,[12],[FDD],"Band Number = 12, Uplink = 698.0 - 716.0 MHz, Downlink = 699.0 - 716.0 MHz ",Unavailable,Unavailable,0,1724707466741,32530.398081706,2024-08-26 17:24:26.741000,-78.69480067491236,35.78337457968664,96.5742382024406,campaign_9,35.78337457968664,-78.69480067491236,96.5742382024406
4G_LTE,-106,2147483647,-106,-14,-81,2147483647,34,950,311,10,2147483647,2147483647,1,2147483647,[2],[FDD],"Band Number = 2, Uplink = 1850.0 - 1910.0 MHz, Downlink = 1850.0 - 1910.0 MHz ",Unavailable,Unavailable,0,1724707466741,32530.398081706,2024-08-26 17:24:26.741000,-78.69480067491236,35.78337457968664,96.5742382024406,campaign_9,35.78337457968664,-78.69480067491236,96.5742382024406
4G_LTE,-108,2147483647,-108,-17,-81,2147483647,32,950,436,10,2147483647,2147483647,1,2147483647,[2],[FDD],"Band Number = 2, Uplink = 1850.0 - 1910.0 MHz, Downlink = 1850.0 - 1910.0 MHz ",Unavailable,Unavailable,0,1724707466741,32530.398081706,2024-08-26 17:24:26.741000,-78.69480067491236,35.78337457968664,96.5742382024406,campaign_9,35.78337457968664,-78.69480067491236,96.5742382024406
4G_LTE,-106,2147483647,-106,-16,-77,2147483647,34,950,230,10,2147483647,2147483647,1,2147483647,[2],[FDD],"Band Number = 2, Uplink = 1850.0 - 1910.0 MHz, Downlink = 1850.0 - 1910.0 MHz ",Unavailable,Unavailable,0,1724707466741,32530.398081706,2024-08-26 17:24:26.741000,-78.69480067491236,35.78337457968664,96.5742382024406,campaign_9,35.78337457968664,-78.69480067491236,96.5742382024406
4G_LTE,-105,2147483647,-105,-14,-81,2147483647,35,950,368,10,2147483647,2147483647,2,2147483647,[2],[FDD],"Band Number = 2, Uplink = 1850.0 - 1910.0 MHz, Downlink = 1850.0 - 1910.0 MHz ",Unavailable,Unavailable,0,1724707466741,32530.398081706,2024-08-26 17:24:26.741000,-78.69480067491236,35.78337457968664,96.5742382024406,campaign_9,35.78337457968664,-78.69480067491236,96.5742382024406
4G_LTE,-104,2147483647,-104,-12,-81,2147483647,36,66486,311,10,2147483647,2147483647,2,2147483647,[66],[FDD],"Band Number = 66, Uplink = 1710.0 - 1780.0 MHz, Downlink = 1710.0 - 1780.0 MHz ",Unavailable,Unavailable,0,1724707466741,32530.398081706,2024-08-26 17:24:26.741000,-78.69480067491236,35.78337457968664,96.5742382024406,campaign_9,35.78337457968664,-78.69480067491236,96.5742382024406
4G_LTE,-109,2147483647,-109,-14,-81,2147483647,31,66486,478,10,2147483647,2147483647,1,2147483647,[66],[FDD],"Band Number = 66, Uplink = 1710.0 - 1780.0 MHz, Downlink = 1710.0 - 1780.0 MHz ",Unavailable,Unavailable,0,1724707466741,32530.398081706,2024-08-26 17:24:26.741000,-78.69480067491236,35.78337457968664,96.5742382024406,campaign_9,35.78337457968664,-78.69480067491236,96.5742382024406
4G_LTE,-111,2147483647,-111,-16,-85,2147483647,29,67086,311,10,2147483647,2147483647,1,2147483647,[66],[FDD],"Band Number = 66, Uplink = 1710.0 - 1780.0 MHz, Downlink = 1710.0 - 1780.0 MHz ",Unavailable,Unavailable,0,1724707466741,32530.398081706,2024-08-26 17:24:26.741000,-78.69480067491236,35.78337457968664,96.5742382024406,campaign_9,35.78337457968664,-78.69480067491236,96.5742382024406
4G_LTE,-110,2147483647,-110,-14,-85,2147483647,30,67086,322,10,2147483647,2147483647,1,2147483647,[66],[FDD],"Band Number = 66, Uplink = 1710.0 - 1780.0 MHz, Downlink = 1710.0 - 1780.0 MHz ",Unavailable,Unavailable,0,1724707466741,32530.398081706,2024-08-26 17:24:26.741000,-78.69480067491236,35.78337457968664,96.5742382024406,campaign_9,35.78337457968664,-78.69480067491236,96.5742382024406
4G_LTE,-113,2147483647,-113,-17,-85,2147483647,27,67086,368,10,2147483647,2147483647,1,2147483647,[66],[FDD],"Band Number = 66, Uplink = 1710.0 - 1780.0 MHz, Downlink = 1710.0 - 1780.0 MHz ",Unavailable,Unavailable,0,1724707466741,32530.398081706,2024-08-26 17:24:26.741000,-78.69480067491236,35.78337457968664,96.5742382024406,campaign_9,35.78337457968664,-78.69480067491236,96.5742382024406
4G_LTE,-97,2147483647,-97,-15,-73,2147483647,43,5110,496,10,2147483647,2147483647,2,2147483647,[12],[FDD],"Band Number = 12, Uplink = 698.0 - 716.0 MHz, Downlink = 699.0 - 716.0 MHz ",Unavailable,Unavailable,0,1724707467750,32531.405576445,2024-08-26 17:24:27.750000,-78.6946492490731,35.78350030541619,97.05322507518773,campaign_9,35.78350030541619,-78.6946492490731,97.05322507518773
4G_LTE,-95,1,-95,-14,-63,2147483647,45,5110,101,10,196875793,9995,3,2147483647,[12],[FDD],"Band Number = 12, Uplink = 698.0 - 716.0 MHz, Downlink = 699.0 - 716.0 MHz ",310,410,1,1724707467750,32531.405576445,2024-08-26 17:24:27.750000,-78.6946492490731,35.78350030541619,97.05322507518773,campaign_9,35.78350030541619,-78.6946492490731,97.05322507518773
4G_LTE,-100,2147483647,-100,-18,-73,2147483647,40,5110,344,10,2147483647,2147483647,2,2147483647,[12],[FDD],"Band Number = 12, Uplink = 698.0 - 716.0 MHz, Downlink = 699.0 - 716.0 MHz ",Unavailable,Unavailable,0,1724707467750,32531.405576445,2024-08-26 17:24:27.750000,-78.6946492490731,35.78350030541619,97.05322507518773,campaign_9,35.78350030541619,-78.6946492490731,97.05322507518773
4G_LTE,-106,2147483647,-106,-14,-81,2147483647,34,950,311,10,2147483647,2147483647,1,2147483647,[2],[FDD],"Band Number = 2, Uplink = 1850.0 - 1910.0 MHz, Downlink = 1850.0 - 1910.0 MHz ",Unavailable,Unavailable,0,1724707467750,32531.405576445,2024-08-26 17:24:27.750000,-78.6946492490731,35.78350030541619,97.05322507518773,campaign_9,35.78350030541619,-78.6946492490731,97.05322507518773
4G_LTE,-108,2147483647,-108,-17,-81,2147483647,32,950,436,10,2147483647,2147483647,1,2147483647,[2],[FDD],"Band Number = 2, Uplink = 1850.0 - 1910.0 MHz, Downlink = 1850.0 - 1910.0 MHz ",Unavailable,Unavailable,0,1724707467750,32531.405576445,2024-08-26 17:24:27.750000,-78.6946492490731,35.78350030541619,97.05322507518773,campaign_9,35.78350030541619,-78.6946492490731,97.05322507518773
4G_LTE,-106,2147483647,-106,-16,-77,2147483647,34,950,230,10,2147483647,2147483647,1,2147483647,[2],[FDD],"Band Number = 2, Uplink = 1850.0 - 1910.0 MHz, Downlink = 1850.0 - 1910.0 MHz ",Unavailable,Unavailable,0,1724707467750,32531.405576445,2024-08-26 17:24:27.750000,-78.6946492490731,35.78350030541619,97.05322507518773,campaign_9,35.78350030541619,-78.6946492490731,97.05322507518773
4G_LTE,-105,2147483647,-105,-14,-81,2147483647,35,950,368,10,2147483647,2147483647,2,2147483647,[2],[FDD],"Band Number = 2, Uplink = 1850.0 - 1910.0 MHz, Downlink = 1850.0 - 1910.0 MHz ",Unavailable,Unavailable,0,1724707467750,32531.405576445,2024-08-26 17:24:27.750000,-78.6946492490731,35.78350030541619,97.05322507518773,campaign_9,35.78350030541619,-78.6946492490731,97.05322507518773
4G_LTE,-104,2147483647,-104,-12,-81,2147483647,36,66486,311,10,2147483647,2147483647,2,2147483647,[66],[FDD],"Band Number = 66, Uplink = 1710.0 - 1780.0 MHz, Downlink = 1710.0 - 1780.0 MHz ",Unavailable,Unavailable,0,1724707467750,32531.405576445,2024-08-26 17:24:27.750000,-78.6946492490731,35.78350030541619,97.05322507518773,campaign_9,35.78350030541619,-78.6946492490731,97.05322507518773
4G_LTE,-109,2147483647,-109,-14,-81,2147483647,31,66486,478,10,2147483647,2147483647,1,2147483647,[66],[FDD],"Band Number = 66, Uplink = 1710.0 - 1780.0 MHz, Downlink = 1710.0 - 1780.0 MHz ",Unavailable,Unavailable,0,1724707467750,32531.405576445,2024-08-26 17:24:27.750000,-78.6946492490731,35.78350030541619,97.05322507518773,campaign_9,35.78350030541619,-78.6946492490731,97.05322507518773
4G_LTE,-111,2147483647,-111,-16,-85,2147483647,29,67086,311,10,2147483647,2147483647,1,2147483647,[66],[FDD],"Band Number = 66, Uplink = 1710.0 - 1780.0 MHz, Downlink = 1710.0 - 1780.0 MHz ",Unavailable,Unavailable,0,1724707467750,32531.405576445,2024-08-26 17:24:27.750000,-78.6946492490731,35.78350030541619,97.05322507518773,campaign_9,35.78350030541619,-78.6946492490731,97.05322507518773
4G_LTE,-110,2147483647,-110,-14,-85,2147483647,30,67086,322,10,2147483647,2147483647,1,2147483647,[66],[FDD],"Band Number = 66, Uplink = 1710.0 - 1780.0 MHz, Downlink = 1710.0 - 1780.0 MHz ",Unavailable,Unavailable,0,1724707467750,32531.405576445,2024-08-26 17:24:27.750000,-78.6946492490731,35.78350030541619,97.05322507518773,campaign_9,35.78350030541619,-78.6946492490731,97.05322507518773
4G_LTE,-113,2147483647,-113,-17,-85,2147483647,27,67086,368,10,2147483647,2147483647,1,2147483647,[66],[FDD],"Band Number = 66, Uplink = 1710.0 - 1780.0 MHz, Downlink = 1710.0 - 1780.0 MHz ",Unavailable,Unavailable,0,1724707467750,32531.405576445,2024-08-26 17:24:27.750000,-78.6946492490731,35.78350030541619,97.05322507518773,campaign_9,35.78350030541619,-78.6946492490731,97.05322507518773
4G_LTE,-101,2147483647,-101,-15,-75,2147483647,39,5110,496,9,2147483647,2147483647,2,2147483647,[12],[FDD],"Band Number = 12, Uplink = 698.0 - 716.0 MHz, Downlink = 699.0 - 716.0 MHz ",Unavailable,Unavailable,0,1724707468753,32532.410204986,2024-08-26 17:24:28.753000,-78.6944987236848,35.783625283519996,97.52936366127828,campaign_9,35.783625283519996,-78.6944987236848,97.52936366127828
4G_LTE,-95,1,-95,-13,-65,2147483647,45,5110,101,9,196875793,9995,3,2147483647,[12],[FDD],"Band Number = 12, Uplink = 698.0 - 716.0 MHz, Downlink = 699.0 - 716.0 MHz ",310,410,1,1724707468753,32532.410204986,2024-08-26 17:24:28.753000,-78.6944987236848,35.783625283519996,97.52936366127828,campaign_9,35.783625283519996,-78.6944987236848,97.52936366127828
4G_LTE,-102,2147483647,-102,-18,-75,2147483647,38,5110,344,9,2147483647,2147483647,2,2147483647,[12],[FDD],"Band Number = 12, Uplink = 698.0 - 716.0 MHz, Downlink = 699.0 - 716.0 MHz ",Unavailable,Unavailable,0,1724707468753,32532.410204986,2024-08-26 17:24:28.753000,-78.6944987236848,35.783625283519996,97.52936366127828,campaign_9,35.783625283519996,-78.6944987236848,97.52936366127828
4G_LTE,-106,2147483647,-106,-12,-85,2147483647,34,950,311,9,2147483647,2147483647,1,2147483647,[2],[FDD],"Band Number = 2, Uplink = 1850.0 - 1910.0 MHz, Downlink = 1850.0 - 1910.0 MHz ",Unavailable,Unavailable,0,1724707468753,32532.410204986,2024-08-26 17:24:28.753000,-78.6944987236848,35.783625283519996,97.52936366127828,campaign_9,35.783625283519996,-78.6944987236848,97.52936366127828
4G_LTE,-111,2147483647,-111,-19,-81,2147483647,29,950,436,9,2147483647,2147483647,1,2147483647,[2],[FDD],"Band Number = 2, Uplink = 1850.0 - 1910.0 MHz, Downlink = 1850.0 - 1910.0 MHz ",Unavailable,Unavailable,0,1724707468753,32532.410204986,2024-08-26 17:24:28.753000,-78.6944987236848,35.783625283519996,97.52936366127828,campaign_9,35.783625283519996,-78.6944987236848,97.52936366127828
4G_LTE,-110,2147483647,-110,-17,-81,2147483647,30,950,230,9,2147483647,2147483647,1,2147483647,[2],[FDD],"Band Number = 2, Uplink = 1850.0 - 1910.0 MHz, Downlink = 1850.0 - 1910.0 MHz ",Unavailable,Unavailable,0,1724707468753,32532.410204986,2024-08-26 17:24:28.753000,-78.6944987236848,35.783625283519996,97.52936366127828,campaign_9,35.783625283519996,-78.6944987236848,97.52936366127828
4G_LTE,-110,2147483647,-110,-17,-85,2147483647,30,950,368,9,2147483647,2147483647,1,2147483647,[2],[FDD],"Band Number = 2, Uplink = 1850.0 - 1910.0 MHz, Downlink = 1850.0 - 1910.0 MHz ",Unavailable,Unavailable,0,1724707468753,32532.410204986,2024-08-26 17:24:28.753000,-78.6944987236848,35.783625283519996,97.52936366127828,campaign_9,35.783625283519996,-78.6944987236848,97.52936366127828
4G_LTE,-105,2147483647,-105,-11,-89,2147483647,35,66486,311,9,2147483647,2147483647,2,2147483647,[66],[FDD],"Band Number = 66, Uplink = 1710.0 - 1780.0 MHz, Downlink = 1710.0 - 1780.0 MHz ",Unavailable,Unavailable,0,1724707468753,32532.410204986,2024-08-26 17:24:28.753000,-78.6944987236848,35.783625283519996,97.52936366127828,campaign_9,35.783625283519996,-78.6944987236848,97.52936366127828
4G_LTE,-111,2147483647,-111,-16,-89,2147483647,29,66486,478,9,2147483647,2147483647,1,2147483647,[66],[FDD],"Band Number = 66, Uplink = 1710.0 - 1780.0 MHz, Downlink = 1710.0 - 1780.0 MHz ",Unavailable,Unavailable,0,1724707468753,32532.410204986,2024-08-26 17:24:28.753000,-78.6944987236848,35.783625283519996,97.52936366127828,campaign_9,35.783625283519996,-78.6944987236848,97.52936366127828
4G_LTE,-119,2147483647,-119,-20,-89,2147483647,21,66486,400,9,2147483647,2147483647,0,2147483647,[66],[FDD],"Band Number = 66, Uplink = 1710.0 - 1780.0 MHz, Downlink = 1710.0 - 1780.0 MHz ",Unavailable,Unavailable,0,1724707468753,32532.410204986,2024-08-26 17:24:28.753000,-78.6944987236848,35.783625283519996,97.52936366127828,campaign_9,35.783625283519996,-78.6944987236848,97.52936366127828
4G_LTE,-118,2147483647,-118,-19,-89,2147483647,22,66486,377,9,2147483647,2147483647,0,2147483647,[66],[FDD],"Band Number = 66, Uplink = 1710.0 - 1780.0 MHz, Downlink = 1710.0 - 1780.0 MHz ",Unavailable,Unavailable,0,1724707468753,32532.410204986,2024-08-26 17:24:28.753000,-78.6944987236848,35.783625283519996,97.52936366127828,campaign_9,35.783625283519996,-78.6944987236848,97.52936366127828
4G_LTE,-108,2147483647,-108,-14,-85,2147483647,32,67086,311,9,2147483647,2147483647,1,2147483647,[66],[FDD],"Band Number = 66, Uplink = 1710.0 - 1780.0 MHz, Downlink = 1710.0 - 1780.0 MHz ",Unavailable,Unavailable,0,1724707468753,32532.410204986,2024-08-26 17:24:28.753000,-78.6944987236848,35.783625283519996,97.52936366127828,campaign_9,35.783625283519996,-78.6944987236848,97.52936366127828
4G_LTE,-113,2147483647,-113,-18,-85,2147483647,27,67086,322,9,2147483647,2147483647,1,2147483647,[66],[FDD],"Band Number = 66, Uplink = 1710.0 - 1780.0 MHz, Downlink = 1710.0 - 1780.0 MHz ",Unavailable,Unavailable,0,1724707468753,32532.410204986,2024-08-26 17:24:28.753000,-78.6944987236848,35.783625283519996,97.52936366127828,campaign_9,35.783625283519996,-78.6944987236848,97.52936366127828
4G_LTE,-113,2147483647,-113,-19,-85,2147483647,27,67086,368,9,2147483647,2147483647,1,2147483647,[66],[FDD],"Band Number = 66, Uplink = 1710.0 - 1780.0 MHz, Downlink = 1710.0 - 1780.0 MHz ",Unavailable,Unavailable,0,1724707468753,32532.410204986,2024-08-26 17:24:28.753000,-78.6944987236848,35.783625283519996,97.52936366127828,campaign_9,35.783625283519996,-78.6944987236848,97.52936366127828
4G_LTE,-101,2147483647,-101,-15,-75,2147483647,39,5110,496,9,2147483647,2147483647,2,2147483647,[12],[FDD],"Band Number = 12, Uplink = 698.0 - 716.0 MHz, Downlink = 699.0 - 716.0 MHz ",Unavailable,Unavailable,0,1724707469752,32533.409296652,2024-08-26 17:24:29.752000,-78.69434879859716,35.783749763206636,98.00360338959779,campaign_9,35.783749763206636,-78.69434879859716,98.00360338959779
4G_LTE,-95,1,-95,-13,-65,2147483647,45,5110,101,9,196875793,9995,3,2147483647,[12],[FDD],"Band Number = 12, Uplink = 698.0 - 716.0 MHz, Downlink = 699.0 - 716.0 MHz ",310,410,1,1724707469752,32533.409296652,2024-08-26 17:24:29.752000,-78.69434879859716,35.783749763206636,98.00360338959779,campaign_9,35.783749763206636,-78.69434879859716,98.00360338959779
4G_LTE,-102,2147483647,-102,-18,-75,2147483647,38,5110,344,9,2147483647,2147483647,2,2147483647,[12],[FDD],"Band Number = 12, Uplink = 698.0 - 716.0 MHz, Downlink = 699.0 - 716.0 MHz ",Unavailable,Unavailable,0,1724707469752,32533.409296652,2024-08-26 17:24:29.752000,-78.69434879859716,35.783749763206636,98.00360338959779,campaign_9,35.783749763206636,-78.69434879859716,98.00360338959779
4G_LTE,-106,2147483647,-106,-12,-85,2147483647,34,950,311,9,2147483647,2147483647,1,2147483647,[2],[FDD],"Band Number = 2, Uplink = 1850.0 - 1910.0 MHz, Downlink = 1850.0 - 1910.0 MHz ",Unavailable,Unavailable,0,1724707469752,32533.409296652,2024-08-26 17:24:29.752000,-78.69434879859716,35.783749763206636,98.00360338959779,campaign_9,35.783749763206636,-78.69434879859716,98.00360338959779
4G_LTE,-111,2147483647,-111,-19,-81,2147483647,29,950,436,9,2147483647,2147483647,1,2147483647,[2],[FDD],"Band Number = 2, Uplink = 1850.0 - 1910.0 MHz, Downlink = 1850.0 - 1910.0 MHz ",Unavailable,Unavailable,0,1724707469752,32533.409296652,2024-08-26 17:24:29.752000,-78.69434879859716,35.783749763206636,98.00360338959779,campaign_9,35.783749763206636,-78.69434879859716,98.00360338959779
4G_LTE,-110,2147483647,-110,-17,-81,2147483647,30,950,230,9,2147483647,2147483647,1,2147483647,[2],[FDD],"Band Number = 2, Uplink = 1850.0 - 1910.0 MHz, Downlink = 1850.0 - 1910.0 MHz ",Unavailable,Unavailable,0,1724707469752,32533.409296652,2024-08-26 17:24:29.752000,-78.69434879859716,35.783749763206636,98.00360338959779,campaign_9,35.783749763206636,-78.69434879859716,98.00360338959779
4G_LTE,-110,2147483647,-110,-17,-85,2147483647,30,950,368,9,2147483647,2147483647,1,2147483647,[2],[FDD],"Band Number = 2, Uplink = 1850.0 - 1910.0 MHz, Downlink = 1850.0 - 1910.0 MHz ",Unavailable,Unavailable,0,1724707469752,32533.409296652,2024-08-26 17:24:29.752000,-78.69434879859716,35.783749763206636,98.00360338959779,campaign_9,35.783749763206636,-78.69434879859716,98.00360338959779
4G_LTE,-105,2147483647,-105,-11,-89,2147483647,35,66486,311,9,2147483647,2147483647,2,2147483647,[66],[FDD],"Band Number = 66, Uplink = 1710.0 - 1780.0 MHz, Downlink = 1710.0 - 1780.0 MHz ",Unavailable,Unavailable,0,1724707469752,32533.409296652,2024-08-26 17:24:29.752000,-78.69434879859716,35.783749763206636,98.00360338959779,campaign_9,35.783749763206636,-78.69434879859716,98.00360338959779
4G_LTE,-111,2147483647,-111,-16,-89,2147483647,29,66486,478,9,2147483647,2147483647,1,2147483647,[66],[FDD],"Band Number = 66, Uplink = 1710.0 - 1780.0 MHz, Downlink = 1710.0 - 1780.0 MHz ",Unavailable,Unavailable,0,1724707469752,32533.409296652,2024-08-26 17:24:29.752000,-78.69434879859716,35.783749763206636,98.00360338959779,campaign_9,35.783749763206636,-78.69434879859716,98.00360338959779
4G_LTE,-119,2147483647,-119,-20,-89,2147483647,21,66486,400,9,2147483647,2147483647,0,2147483647,[66],[FDD],"Band Number = 66, Uplink = 1710.0 - 1780.0 MHz, Downlink = 1710.0 - 1780.0 MHz ",Unavailable,Unavailable,0,1724707469752,32533.409296652,2024-08-26 17:24:29.752000,-78.69434879859716,35.783749763206636,98.00360338959779,campaign_9,35.783749763206636,-78.69434879859716,98.00360338959779
4G_LTE,-118,2147483647,-118,-19,-89,2147483647,22,66486,377,9,2147483647,2147483647,0,2147483647,[66],[FDD],"Band Number = 66, Uplink = 1710.0 - 1780.0 MHz, Downlink = 1710.0 - 1780.0 MHz ",Unavailable,Unavailable,0,1724707469752,32533.409296652,2024-08-26 17:24:29.752000,-78.69434879859716,35.783749763206636,98.00360338959779,campaign_9,35.783749763206636,-78.69434879859716,98.00360338959779
4G_LTE,-108,2147483647,-108,-14,-85,2147483647,32,67086,311,9,2147483647,2147483647,1,2147483647,[66],[FDD],"Band Number = 66, Uplink = 1710.0 - 1780.0 MHz, Downlink = 1710.0 - 1780.0 MHz ",Unavailable,Unavailable,0,1724707469752,32533.409296652,2024-08-26 17:24:29.752000,-78.69434879859716,35.783749763206636,98.00360338959779,campaign_9,35.783749763206636,-78.69434879859716,98.00360338959779
4G_LTE,-113,2147483647,-113,-18,-85,2147483647,27,67086,322,9,2147483647,2147483647,1,2147483647,[66],[FDD],"Band Number = 66, Uplink = 1710.0 - 1780.0 MHz, Downlink = 1710.0 - 1780.0 MHz ",Unavailable,Unavailable,0,1724707469752,32533.409296652,2024-08-26 17:24:29.752000,-78.69434879859716,35.783749763206636,98.00360338959779,campaign_9,35.783749763206636,-78.69434879859716,98.00360338959779
4G_LTE,-113,2147483647,-113,-19,-85,2147483647,27,67086,368,9,2147483647,2147483647,1,2147483647,[66],[FDD],"Band Number = 66, Uplink = 1710.0 - 1780.0 MHz, Downlink = 1710.0 - 1780.0 MHz ",Unavailable,Unavailable,0,1724707469752,32533.409296652,2024-08-26 17:24:29.752000,-78.69434879859716,35.783749763206636,98.00360338959779,campaign_9,35.783749763206636,-78.69434879859716,98.00360338959779
4G_LTE,-101,2147483647,-101,-17,-71,2147483647,39,5110,496,9,2147483647,2147483647,2,2147483647,[12],[FDD],"Band Number = 12, Uplink = 698.0 - 716.0 MHz, Downlink = 699.0 - 716.0 MHz ",Unavailable,Unavailable,0,1724707470752,32534.409812121,2024-08-26 17:24:30.752000,-78.69419872343435,35.78387436749757,98.47831783236005,campaign_9,35.78387436749757,-78.69419872343435,98.47831783236005
4G_LTE,-93,1,-93,-11,-65,2147483647,47,5110,101,9,196875793,9995,3,2147483647,[12],[FDD],"Band Number = 12, Uplink = 698.0 - 716.0 MHz, Downlink = 699.0 - 716.0 MHz ",310,410,1,1724707470752,32534.409812121,2024-08-26 17:24:30.752000,-78.69419872343435,35.78387436749757,98.47831783236005,campaign_9,35.78387436749757,-78.69419872343435,98.47831783236005
4G_LTE,-102,2147483647,-102,-18,-71,2147483647,38,5110,344,9,2147483647,2147483647,2,2147483647,[12],[FDD],"Band Number = 12, Uplink = 698.0 - 716.0 MHz, Downlink = 699.0 - 716.0 MHz ",Unavailable,Unavailable,0,1724707470752,32534.409812121,2024-08-26 17:24:30.752000,-78.69419872343435,35.78387436749757,98.47831783236005,campaign_9,35.78387436749757,-78.69419872343435,98.47831783236005
4G_LTE,-109,2147483647,-109,-15,-85,2147483647,31,950,311,9,2147483647,2147483647,1,2147483647,[2],[FDD],"Band Number = 2, Uplink = 1850.0 - 1910.0 MHz, Downlink = 1850.0 - 1910.0 MHz ",Unavailable,Unavailable,0,1724707470752,32534.409812121,2024-08-26 17:24:30.752000,-78.69419872343435,35.78387436749757,98.47831783236005,campaign_9,35.78387436749757,-78.69419872343435,98.47831783236005
4G_LTE,-110,2147483647,-110,-16,-85,2147483647,30,950,436,9,2147483647,2147483647,1,2147483647,[2],[FDD],"Band Number = 2, Uplink = 1850.0 - 1910.0 MHz, Downlink = 1850.0 - 1910.0 MHz ",Unavailable,Unavailable,0,1724707470752,32534.409812121,2024-08-26 17:24:30.752000,-78.69419872343435,35.78387436749757,98.47831783236005,campaign_9,35.78387436749757,-78.69419872343435,98.47831783236005
4G_LTE,-110,2147483647,-110,-19,-81,2147483647,30,950,230,9,2147483647,2147483647,1,2147483647,[2],[FDD],"Band Number = 2, Uplink = 1850.0 - 1910.0 MHz, Downlink = 1850.0 - 1910.0 MHz ",Unavailable,Unavailable,0,1724707470752,32534.409812121,2024-08-26 17:24:30.752000,-78.69419872343435,35.78387436749757,98.47831783236005,campaign_9,35.78387436749757,-78.69419872343435,98.47831783236005
4G_LTE,-110,2147483647,-110,-17,-85,2147483647,30,950,368,9,2147483647,2147483647,1,2147483647,[2],[FDD],"Band Number = 2, Uplink = 1850.0 - 1910.0 MHz, Downlink = 1850.0 - 1910.0 MHz ",Unavailable,Unavailable,0,1724707470752,32534.409812121,2024-08-26 17:24:30.752000,-78.69419872343435,35.78387436749757,98.47831783236005,campaign_9,35.78387436749757,-78.69419872343435,98.47831783236005
4G_LTE,-107,2147483647,-107,-13,-85,2147483647,33,66486,311,9,2147483647,2147483647,1,2147483647,[66],[FDD],"Band Number = 66, Uplink = 1710.0 - 1780.0 MHz, Downlink = 1710.0 - 1780.0 MHz ",Unavailable,Unavailable,0,1724707470752,32534.409812121,2024-08-26 17:24:30.752000,-78.69419872343435,35.78387436749757,98.47831783236005,campaign_9,35.78387436749757,-78.69419872343435,98.47831783236005
4G_LTE,-108,2147483647,-108,-15,-85,2147483647,32,66486,478,9,2147483647,2147483647,1,2147483647,[66],[FDD],"Band Number = 66, Uplink = 1710.0 - 1780.0 MHz, Downlink = 1710.0 - 1780.0 MHz ",Unavailable,Unavailable,0,1724707470752,32534.409812121,2024-08-26 17:24:30.752000,-78.69419872343435,35.78387436749757,98.47831783236005,campaign_9,35.78387436749757,-78.69419872343435,98.47831783236005
4G_LTE,-119,2147483647,-119,-20,-89,2147483647,21,66486,400,9,2147483647,2147483647,0,2147483647,[66],[FDD],"Band Number = 66, Uplink = 1710.0 - 1780.0 MHz, Downlink = 1710.0 - 1780.0 MHz ",Unavailable,Unavailable,0,1724707470752,32534.409812121,2024-08-26 17:24:30.752000,-78.69419872343435,35.78387436749757,98.47831783236005,campaign_9,35.78387436749757,-78.69419872343435,98.47831783236005
4G_LTE,-115,2147483647,-115,-19,-83,2147483647,25,66486,377,9,2147483647,2147483647,1,2147483647,[66],[FDD],"Band Number = 66, Uplink = 1710.0 - 1780.0 MHz, Downlink = 1710.0 - 1780.0 MHz ",Unavailable,Unavailable,0,1724707470752,32534.409812121,2024-08-26 17:24:30.752000,-78.69419872343435,35.78387436749757,98.47831783236005,campaign_9,35.78387436749757,-78.69419872343435,98.47831783236005
4G_LTE,-116,2147483647,-116,-18,-85,2147483647,24,66486,502,9,2147483647,2147483647,0,2147483647,[66],[FDD],"Band Number = 66, Uplink = 1710.0 - 1780.0 MHz, Downlink = 1710.0 - 1780.0 MHz ",Unavailable,Unavailable,0,1724707470752,32534.409812121,2024-08-26 17:24:30.752000,-78.69419872343435,35.78387436749757,98.47831783236005,campaign_9,35.78387436749757,-78.69419872343435,98.47831783236005
4G_LTE,-112,2147483647,-112,-17,-85,2147483647,28,66486,77,9,2147483647,2147483647,1,2147483647,[66],[FDD],"Band Number = 66, Uplink = 1710.0 - 1780.0 MHz, Downlink = 1710.0 - 1780.0 MHz ",Unavailable,Unavailable,0,1724707470752,32534.409812121,2024-08-26 17:24:30.752000,-78.69419872343435,35.78387436749757,98.47831783236005,campaign_9,35.78387436749757,-78.69419872343435,98.47831783236005
4G_LTE,-106,2147483647,-106,-13,-85,2147483647,34,67086,311,9,2147483647,2147483647,1,2147483647,[66],[FDD],"Band Number = 66, Uplink = 1710.0 - 1780.0 MHz, Downlink = 1710.0 - 1780.0 MHz ",Unavailable,Unavailable,0,1724707470752,32534.409812121,2024-08-26 17:24:30.752000,-78.69419872343435,35.78387436749757,98.47831783236005,campaign_9,35.78387436749757,-78.69419872343435,98.47831783236005
4G_LTE,-106,2147483647,-106,-15,-81,2147483647,34,67086,322,9,2147483647,2147483647,1,2147483647,[66],[FDD],"Band Number = 66, Uplink = 1710.0 - 1780.0 MHz, Downlink = 1710.0 - 1780.0 MHz ",Unavailable,Unavailable,0,1724707470752,32534.409812121,2024-08-26 17:24:30.752000,-78.69419872343435,35.78387436749757,98.47831783236005,campaign_9,35.78387436749757,-78.69419872343435,98.47831783236005
4G_LTE,-117,2147483647,-117,-20,-85,2147483647,23,67086,368,9,2147483647,2147483647,0,2147483647,[66],[FDD],"Band Number = 66, Uplink = 1710.0 - 1780.0 MHz, Downlink = 1710.0 - 1780.0 MHz ",Unavailable,Unavailable,0,1724707470752,32534.409812121,2024-08-26 17:24:30.752000,-78.69419872343435,35.78387436749757,98.47831783236005,campaign_9,35.78387436749757,-78.69419872343435,98.47831783236005
4G_LTE,-101,2147483647,-101,-17,-71,2147483647,39,5110,496,9,2147483647,2147483647,2,2147483647,[12],[FDD],"Band Number = 12, Uplink = 698.0 - 716.0 MHz, Downlink = 699.0 - 716.0 MHz ",Unavailable,Unavailable,0,1724707471753,32535.410506599,2024-08-26 17:24:31.753000,-78.6940484981964,35.78399909639279,98.95350698956508,campaign_9,35.78399909639279,-78.6940484981964,98.95350698956508
4G_LTE,-93,1,-93,-11,-65,2147483647,47,5110,101,9,196875793,9995,3,2147483647,[12],[FDD],"Band Number = 12, Uplink = 698.0 - 716.0 MHz, Downlink = 699.0 - 716.0 MHz ",310,410,1,1724707471753,32535.410506599,2024-08-26 17:24:31.753000,-78.6940484981964,35.78399909639279,98.95350698956508,campaign_9,35.78399909639279,-78.6940484981964,98.95350698956508
4G_LTE,-102,2147483647,-102,-18,-71,2147483647,38,5110,344,9,2147483647,2147483647,2,2147483647,[12],[FDD],"Band Number = 12, Uplink = 698.0 - 716.0 MHz, Downlink = 699.0 - 716.0 MHz ",Unavailable,Unavailable,0,1724707471753,32535.410506599,2024-08-26 17:24:31.753000,-78.6940484981964,35.78399909639279,98.95350698956508,campaign_9,35.78399909639279,-78.6940484981964,98.95350698956508
4G_LTE,-109,2147483647,-109,-15,-85,2147483647,31,950,311,9,2147483647,2147483647,1,2147483647,[2],[FDD],"Band Number = 2, Uplink = 1850.0 - 1910.0 MHz, Downlink = 1850.0 - 1910.0 MHz ",Unavailable,Unavailable,0,1724707471753,32535.410506599,2024-08-26 17:24:31.753000,-78.6940484981964,35.78399909639279,98.95350698956508,campaign_9,35.78399909639279,-78.6940484981964,98.95350698956508
4G_LTE,-110,2147483647,-110,-16,-85,2147483647,30,950,436,9,2147483647,2147483647,1,2147483647,[2],[FDD],"Band Number = 2, Uplink = 1850.0 - 1910.0 MHz, Downlink = 1850.0 - 1910.0 MHz ",Unavailable,Unavailable,0,1724707471753,32535.410506599,2024-08-26 17:24:31.753000,-78.6940484981964,35.78399909639279,98.95350698956508,campaign_9,35.78399909639279,-78.6940484981964,98.95350698956508
4G_LTE,-110,2147483647,-110,-19,-81,2147483647,30,950,230,9,2147483647,2147483647,1,2147483647,[2],[FDD],"Band Number = 2, Uplink = 1850.0 - 1910.0 MHz, Downlink = 1850.0 - 1910.0 MHz ",Unavailable,Unavailable,0,1724707471753,32535.410506599,2024-08-26 17:24:31.753000,-78.6940484981964,35.78399909639279,98.95350698956508,campaign_9,35.78399909639279,-78.6940484981964,98.95350698956508
4G_LTE,-110,2147483647,-110,-17,-85,2147483647,30,950,368,9,2147483647,2147483647,1,2147483647,[2],[FDD],"Band Number = 2, Uplink = 1850.0 - 1910.0 MHz, Downlink = 1850.0 - 1910.0 MHz ",Unavailable,Unavailable,0,1724707471753,32535.410506599,2024-08-26 17:24:31.753000,-78.6940484981964,35.78399909639279,98.95350698956508,campaign_9,35.78399909639279,-78.6940484981964,98.95350698956508
4G_LTE,-107,2147483647,-107,-13,-85,2147483647,33,66486,311,9,2147483647,2147483647,1,2147483647,[66],[FDD],"Band Number = 66, Uplink = 1710.0 - 1780.0 MHz, Downlink = 1710.0 - 1780.0 MHz ",Unavailable,Unavailable,0,1724707471753,32535.410506599,2024-08-26 17:24:31.753000,-78.6940484981964,35.78399909639279,98.95350698956508,campaign_9,35.78399909639279,-78.6940484981964,98.95350698956508
4G_LTE,-108,2147483647,-108,-15,-85,2147483647,32,66486,478,9,2147483647,2147483647,1,2147483647,[66],[FDD],"Band Number = 66, Uplink = 1710.0 - 1780.0 MHz, Downlink = 1710.0 - 1780.0 MHz ",Unavailable,Unavailable,0,1724707471753,32535.410506599,2024-08-26 17:24:31.753000,-78.6940484981964,35.78399909639279,98.95350698956508,campaign_9,35.78399909639279,-78.6940484981964,98.95350698956508
4G_LTE,-119,2147483647,-119,-20,-89,2147483647,21,66486,400,9,2147483647,2147483647,0,2147483647,[66],[FDD],"Band Number = 66, Uplink = 1710.0 - 1780.0 MHz, Downlink = 1710.0 - 1780.0 MHz ",Unavailable,Unavailable,0,1724707471753,32535.410506599,2024-08-26 17:24:31.753000,-78.6940484981964,35.78399909639279,98.95350698956508,campaign_9,35.78399909639279,-78.6940484981964,98.95350698956508
4G_LTE,-115,2147483647,-115,-19,-83,2147483647,25,66486,377,9,2147483647,2147483647,1,2147483647,[66],[FDD],"Band Number = 66, Uplink = 1710.0 - 1780.0 MHz, Downlink = 1710.0 - 1780.0 MHz ",Unavailable,Unavailable,0,1724707471753,32535.410506599,2024-08-26 17:24:31.753000,-78.6940484981964,35.78399909639279,98.95350698956508,campaign_9,35.78399909639279,-78.6940484981964,98.95350698956508
4G_LTE,-116,2147483647,-116,-18,-85,2147483647,24,66486,502,9,2147483647,2147483647,0,2147483647,[66],[FDD],"Band Number = 66, Uplink = 1710.0 - 1780.0 MHz, Downlink = 1710.0 - 1780.0 MHz ",Unavailable,Unavailable,0,1724707471753,32535.410506599,2024-08-26 17:24:31.753000,-78.6940484981964,35.78399909639279,98.95350698956508,campaign_9,35.78399909639279,-78.6940484981964,98.95350698956508
4G_LTE,-112,2147483647,-112,-17,-85,2147483647,28,66486,77,9,2147483647,2147483647,1,2147483647,[66],[FDD],"Band Number = 66, Uplink = 1710.0 - 1780.0 MHz, Downlink = 1710.0 - 1780.0 MHz ",Unavailable,Unavailable,0,1724707471753,32535.410506599,2024-08-26 17:24:31.753000,-78.6940484981964,35.78399909639279,98.95350698956508,campaign_9,35.78399909639279,-78.6940484981964,98.95350698956508
4G_LTE,-106,2147483647,-106,-13,-85,2147483647,34,67086,311,9,2147483647,2147483647,1,2147483647,[66],[FDD],"Band Number = 66, Uplink = 1710.0 - 1780.0 MHz, Downlink = 1710.0 - 1780.0 MHz ",Unavailable,Unavailable,0,1724707471753,32535.410506599,2024-08-26 17:24:31.753000,-78.6940484981964,35.78399909639279,98.95350698956508,campaign_9,35.78399909639279,-78.6940484981964,98.95350698956508
4G_LTE,-106,2147483647,-106,-15,-81,2147483647,34,67086,322,9,2147483647,2147483647,1,2147483647,[66],[FDD],"Band Number = 66, Uplink = 1710.0 - 1780.0 MHz, Downlink = 1710.0 - 1780.0 MHz ",Unavailable,Unavailable,0,1724707471753,32535.410506599,2024-08-26 17:24:31.753000,-78.6940484981964,35.78399909639279,98.95350698956508,campaign_9,35.78399909639279,-78.6940484981964,98.95350698956508
4G_LTE,-117,2147483647,-117,-20,-85,2147483647,23,67086,368,9,2147483647,2147483647,0,2147483647,[66],[FDD],"Band Number = 66, Uplink = 1710.0 - 1780.0 MHz, Downlink = 1710.0 - 1780.0 MHz ",Unavailable,Unavailable,0,1724707471753,32535.410506599,2024-08-26 17:24:31.753000,-78.6940484981964,35.78399909639279,98.95350698956508,campaign_9,35.78399909639279,-78.6940484981964,98.95350698956508
4G_LTE,-101,2147483647,-101,-17,-71,2147483647,39,5110,496,9,2147483647,2147483647,2,2147483647,[12],[FDD],"Band Number = 12, Uplink = 698.0 - 716.0 MHz, Downlink = 699.0 - 716.0 MHz ",Unavailable,Unavailable,0,1724707472755,32536.413161912,2024-08-26 17:24:32.755000,-78.6940338,35.7840113,99.0,campaign_9,35.7840113,-78.6940338,99.0
4G_LTE,-93,1,-93,-11,-65,2147483647,47,5110,101,9,196875793,9995,3,2147483647,[12],[FDD],"Band Number = 12, Uplink = 698.0 - 716.0 MHz, Downlink = 699.0 - 716.0 MHz ",310,410,1,1724707472755,32536.413161912,2024-08-26 17:24:32.755000,-78.6940338,35.7840113,99.0,campaign_9,35.7840113,-78.6940338,99.0
4G_LTE,-102,2147483647,-102,-18,-71,2147483647,38,5110,344,9,2147483647,2147483647,2,2147483647,[12],[FDD],"Band Number = 12, Uplink = 698.0 - 716.0 MHz, Downlink = 699.0 - 716.0 MHz ",Unavailable,Unavailable,0,1724707472755,32536.413161912,2024-08-26 17:24:32.755000,-78.6940338,35.7840113,99.0,campaign_9,35.7840113,-78.6940338,99.0
4G_LTE,-109,2147483647,-109,-15,-85,2147483647,31,950,311,9,2147483647,2147483647,1,2147483647,[2],[FDD],"Band Number = 2, Uplink = 1850.0 - 1910.0 MHz, Downlink = 1850.0 - 1910.0 MHz ",Unavailable,Unavailable,0,1724707472755,32536.413161912,2024-08-26 17:24:32.755000,-78.6940338,35.7840113,99.0,campaign_9,35.7840113,-78.6940338,99.0
4G_LTE,-110,2147483647,-110,-16,-85,2147483647,30,950,436,9,2147483647,2147483647,1,2147483647,[2],[FDD],"Band Number = 2, Uplink = 1850.0 - 1910.0 MHz, Downlink = 1850.0 - 1910.0 MHz ",Unavailable,Unavailable,0,1724707472755,32536.413161912,2024-08-26 17:24:32.755000,-78.6940338,35.7840113,99.0,campaign_9,35.7840113,-78.6940338,99.0
4G_LTE,-110,2147483647,-110,-19,-81,2147483647,30,950,230,9,2147483647,2147483647,1,2147483647,[2],[FDD],"Band Number = 2, Uplink = 1850.0 - 1910.0 MHz, Downlink = 1850.0 - 1910.0 MHz ",Unavailable,Unavailable,0,1724707472755,32536.413161912,2024-08-26 17:24:32.755000,-78.6940338,35.7840113,99.0,campaign_9,35.7840113,-78.6940338,99.0
4G_LTE,-110,2147483647,-110,-17,-85,2147483647,30,950,368,9,2147483647,2147483647,1,2147483647,[2],[FDD],"Band Number = 2, Uplink = 1850.0 - 1910.0 MHz, Downlink = 1850.0 - 1910.0 MHz ",Unavailable,Unavailable,0,1724707472755,32536.413161912,2024-08-26 17:24:32.755000,-78.6940338,35.7840113,99.0,campaign_9,35.7840113,-78.6940338,99.0
4G_LTE,-107,2147483647,-107,-13,-85,2147483647,33,66486,311,9,2147483647,2147483647,1,2147483647,[66],[FDD],"Band Number = 66, Uplink = 1710.0 - 1780.0 MHz, Downlink = 1710.0 - 1780.0 MHz ",Unavailable,Unavailable,0,1724707472755,32536.413161912,2024-08-26 17:24:32.755000,-78.6940338,35.7840113,99.0,campaign_9,35.7840113,-78.6940338,99.0
4G_LTE,-108,2147483647,-108,-15,-85,2147483647,32,66486,478,9,2147483647,2147483647,1,2147483647,[66],[FDD],"Band Number = 66, Uplink = 1710.0 - 1780.0 MHz, Downlink = 1710.0 - 1780.0 MHz ",Unavailable,Unavailable,0,1724707472755,32536.413161912,2024-08-26 17:24:32.755000,-78.6940338,35.7840113,99.0,campaign_9,35.7840113,-78.6940338,99.0
4G_LTE,-119,2147483647,-119,-20,-89,2147483647,21,66486,400,9,2147483647,2147483647,0,2147483647,[66],[FDD],"Band Number = 66, Uplink = 1710.0 - 1780.0 MHz, Downlink = 1710.0 - 1780.0 MHz ",Unavailable,Unavailable,0,1724707472755,32536.413161912,2024-08-26 17:24:32.755000,-78.6940338,35.7840113,99.0,campaign_9,35.7840113,-78.6940338,99.0
4G_LTE,-115,2147483647,-115,-19,-83,2147483647,25,66486,377,9,2147483647,2147483647,1,2147483647,[66],[FDD],"Band Number = 66, Uplink = 1710.0 - 1780.0 MHz, Downlink = 1710.0 - 1780.0 MHz ",Unavailable,Unavailable,0,1724707472755,32536.413161912,2024-08-26 17:24:32.755000,-78.6940338,35.7840113,99.0,campaign_9,35.7840113,-78.6940338,99.0
4G_LTE,-116,2147483647,-116,-18,-85,2147483647,24,66486,502,9,2147483647,2147483647,0,2147483647,[66],[FDD],"Band Number = 66, Uplink = 1710.0 - 1780.0 MHz, Downlink = 1710.0 - 1780.0 MHz ",Unavailable,Unavailable,0,1724707472755,32536.413161912,2024-08-26 17:24:32.755000,-78.6940338,35.7840113,99.0,campaign_9,35.7840113,-78.6940338,99.0
4G_LTE,-112,2147483647,-112,-17,-85,2147483647,28,66486,77,9,2147483647,2147483647,1,2147483647,[66],[FDD],"Band Number = 66, Uplink = 1710.0 - 1780.0 MHz, Downlink = 1710.0 - 1780.0 MHz ",Unavailable,Unavailable,0,1724707472755,32536.413161912,2024-08-26 17:24:32.755000,-78.6940338,35.7840113,99.0,campaign_9,35.7840113,-78.6940338,99.0
4G_LTE,-106,2147483647,-106,-13,-85,2147483647,34,67086,311,9,2147483647,2147483647,1,2147483647,[66],[FDD],"Band Number = 66, Uplink = 1710.0 - 1780.0 MHz, Downlink = 1710.0 - 1780.0 MHz ",Unavailable,Unavailable,0,1724707472755,32536.413161912,2024-08-26 17:24:32.755000,-78.6940338,35.7840113,99.0,campaign_9,35.7840113,-78.6940338,99.0
4G_LTE,-106,2147483647,-106,-15,-81,2147483647,34,67086,322,9,2147483647,2147483647,1,2147483647,[66],[FDD],"Band Number = 66, Uplink = 1710.0 - 1780.0 MHz, Downlink = 1710.0 - 1780.0 MHz ",Unavailable,Unavailable,0,1724707472755,32536.413161912,2024-08-26 17:24:32.755000,-78.6940338,35.7840113,99.0,campaign_9,35.7840113,-78.6940338,99.0
4G_LTE,-117,2147483647,-117,-20,-85,2147483647,23,67086,368,9,2147483647,2147483647,0,2147483647,[66],[FDD],"Band Number = 66, Uplink = 1710.0 - 1780.0 MHz, Downlink = 1710.0 - 1780.0 MHz ",Unavailable,Unavailable,0,1724707472755,32536.413161912,2024-08-26 17:24:32.755000,-78.6940338,35.7840113,99.0,campaign_9,35.7840113,-78.6940338,99.0
4G_LTE,-101,2147483647,-101,-18,-73,2147483647,39,5110,496,9,2147483647,2147483647,2,2147483647,[12],[FDD],"Band Number = 12, Uplink = 698.0 - 716.0 MHz, Downlink = 699.0 - 716.0 MHz ",Unavailable,Unavailable,0,1724707473759,32537.416490192,2024-08-26 17:24:33.759000,-78.69369949150617,35.784069670551794,97.92927861932537,campaign_9,35.784069670551794,-78.69369949150617,97.92927861932537
4G_LTE,-94,3,-94,-12,-65,2147483647,46,5110,101,9,196875793,9995,3,2147483647,[12],[FDD],"Band Number = 12, Uplink = 698.0 - 716.0 MHz, Downlink = 699.0 - 716.0 MHz ",310,410,1,1724707473759,32537.416490192,2024-08-26 17:24:33.759000,-78.69369949150617,35.784069670551794,97.92927861932537,campaign_9,35.784069670551794,-78.69369949150617,97.92927861932537
4G_LTE,-101,2147483647,-101,-18,-73,2147483647,39,5110,344,9,2147483647,2147483647,2,2147483647,[12],[FDD],"Band Number = 12, Uplink = 698.0 - 716.0 MHz, Downlink = 699.0 - 716.0 MHz ",Unavailable,Unavailable,0,1724707473759,32537.416490192,2024-08-26 17:24:33.759000,-78.69369949150617,35.784069670551794,97.92927861932537,campaign_9,35.784069670551794,-78.69369949150617,97.92927861932537
4G_LTE,-99,2147483647,-99,-16,-73,2147483647,41,5110,338,9,2147483647,2147483647,2,2147483647,[12],[FDD],"Band Number = 12, Uplink = 698.0 - 716.0 MHz, Downlink = 699.0 - 716.0 MHz ",Unavailable,Unavailable,0,1724707473759,32537.416490192,2024-08-26 17:24:33.759000,-78.69369949150617,35.784069670551794,97.92927861932537,campaign_9,35.784069670551794,-78.69369949150617,97.92927861932537
4G_LTE,-105,2147483647,-105,-12,-83,2147483647,35,950,311,9,2147483647,2147483647,2,2147483647,[2],[FDD],"Band Number = 2, Uplink = 1850.0 - 1910.0 MHz, Downlink = 1850.0 - 1910.0 MHz ",Unavailable,Unavailable,0,1724707473759,32537.416490192,2024-08-26 17:24:33.759000,-78.69369949150617,35.784069670551794,97.92927861932537,campaign_9,35.784069670551794,-78.69369949150617,97.92927861932537
4G_LTE,-111,2147483647,-111,-17,-83,2147483647,29,950,436,9,2147483647,2147483647,1,2147483647,[2],[FDD],"Band Number = 2, Uplink = 1850.0 - 1910.0 MHz, Downlink = 1850.0 - 1910.0 MHz ",Unavailable,Unavailable,0,1724707473759,32537.416490192,2024-08-26 17:24:33.759000,-78.69369949150617,35.784069670551794,97.92927861932537,campaign_9,35.784069670551794,-78.69369949150617,97.92927861932537
4G_LTE,-110,2147483647,-110,-17,-83,2147483647,30,950,368,9,2147483647,2147483647,1,2147483647,[2],[FDD],"Band Number = 2, Uplink = 1850.0 - 1910.0 MHz, Downlink = 1850.0 - 1910.0 MHz ",Unavailable,Unavailable,0,1724707473759,32537.416490192,2024-08-26 17:24:33.759000,-78.69369949150617,35.784069670551794,97.92927861932537,campaign_9,35.784069670551794,-78.69369949150617,97.92927861932537
4G_LTE,-109,2147483647,-109,-16,-83,2147483647,31,66486,311,9,2147483647,2147483647,1,2147483647,[66],[FDD],"Band Number = 66, Uplink = 1710.0 - 1780.0 MHz, Downlink = 1710.0 - 1780.0 MHz ",Unavailable,Unavailable,0,1724707473759,32537.416490192,2024-08-26 17:24:33.759000,-78.69369949150617,35.784069670551794,97.92927861932537,campaign_9,35.784069670551794,-78.69369949150617,97.92927861932537
4G_LTE,-112,2147483647,-112,-18,-83,2147483647,28,66486,478,9,2147483647,2147483647,1,2147483647,[66],[FDD],"Band Number = 66, Uplink = 1710.0 - 1780.0 MHz, Downlink = 1710.0 - 1780.0 MHz ",Unavailable,Unavailable,0,1724707473759,32537.416490192,2024-08-26 17:24:33.759000,-78.69369949150617,35.784069670551794,97.92927861932537,campaign_9,35.784069670551794,-78.69369949150617,97.92927861932537
4G_LTE,-119,2147483647,-119,-20,-89,2147483647,21,66486,400,9,2147483647,2147483647,0,2147483647,[66],[FDD],"Band Number = 66, Uplink = 1710.0 - 1780.0 MHz, Downlink = 1710.0 - 1780.0 MHz ",Unavailable,Unavailable,0,1724707473759,32537.416490192,2024-08-26 17:24:33.759000,-78.69369949150617,35.784069670551794,97.92927861932537,campaign_9,35.784069670551794,-78.69369949150617,97.92927861932537
4G_LTE,-113,2147483647,-113,-20,-83,2147483647,27,66486,377,9,2147483647,2147483647,1,2147483647,[66],[FDD],"Band Number = 66, Uplink = 1710.0 - 1780.0 MHz, Downlink = 1710.0 - 1780.0 MHz ",Unavailable,Unavailable,0,1724707473759,32537.416490192,2024-08-26 17:24:33.759000,-78.69369949150617,35.784069670551794,97.92927861932537,campaign_9,35.784069670551794,-78.69369949150617,97.92927861932537
4G_LTE,-110,2147483647,-110,-17,-83,2147483647,30,66486,502,9,2147483647,2147483647,1,2147483647,[66],[FDD],"Band Number = 66, Uplink = 1710.0 - 1780.0 MHz, Downlink = 1710.0 - 1780.0 MHz ",Unavailable,Unavailable,0,1724707473759,32537.416490192,2024-08-26 17:24:33.759000,-78.69369949150617,35.784069670551794,97.92927861932537,campaign_9,35.784069670551794,-78.69369949150617,97.92927861932537
4G_LTE,-116,2147483647,-116,-20,-83,2147483647,24,66486,77,9,2147483647,2147483647,0,2147483647,[66],[FDD],"Band Number = 66, Uplink = 1710.0 - 1780.0 MHz, Downlink = 1710.0 - 1780.0 MHz ",Unavailable,Unavailable,0,1724707473759,32537.416490192,2024-08-26 17:24:33.759000,-78.69369949150617,35.784069670551794,97.92927861932537,campaign_9,35.784069670551794,-78.69369949150617,97.92927861932537
4G_LTE,-107,2147483647,-107,-11,-85,2147483647,33,67086,311,9,2147483647,2147483647,1,2147483647,[66],[FDD],"Band Number = 66, Uplink = 1710.0 - 1780.0 MHz, Downlink = 1710.0 - 1780.0 MHz ",Unavailable,Unavailable,0,1724707473759,32537.416490192,2024-08-26 17:24:33.759000,-78.69369949150617,35.784069670551794,97.92927861932537,campaign_9,35.784069670551794,-78.69369949150617,97.92927861932537
4G_LTE,-117,2147483647,-117,-19,-87,2147483647,23,67086,322,9,2147483647,2147483647,0,2147483647,[66],[FDD],"Band Number = 66, Uplink = 1710.0 - 1780.0 MHz, Downlink = 1710.0 - 1780.0 MHz ",Unavailable,Unavailable,0,1724707473759,32537.416490192,2024-08-26 17:24:33.759000,-78.69369949150617,35.784069670551794,97.92927861932537,campaign_9,35.784069670551794,-78.69369949150617,97.92927861932537
4G_LTE,-114,2147483647,-114,-18,-85,2147483647,26,67086,368,9,2147483647,2147483647,1,2147483647,[66],[FDD],"Band Number = 66, Uplink = 1710.0 - 1780.0 MHz, Downlink = 1710.0 - 1780.0 MHz ",Unavailable,Unavailable,0,1724707473759,32537.416490192,2024-08-26 17:24:33.759000,-78.69369949150617,35.784069670551794,97.92927861932537,campaign_9,35.784069670551794,-78.69369949150617,97.92927861932537
4G_LTE,-115,2147483647,-115,-17,-87,2147483647,25,67086,178,9,2147483647,2147483647,1,2147483647,[66],[FDD],"Band Number = 66, Uplink = 1710.0 - 1780.0 MHz, Downlink = 1710.0 - 1780.0 MHz ",Unavailable,Unavailable,0,1724707473759,32537.416490192,2024-08-26 17:24:33.759000,-78.69369949150617,35.784069670551794,97.92927861932537,campaign_9,35.784069670551794,-78.69369949150617,97.92927861932537
4G_LTE,-101,2147483647,-101,-18,-73,2147483647,39,5110,496,9,2147483647,2147483647,2,2147483647,[12],[FDD],"Band Number = 12, Uplink = 698.0 - 716.0 MHz, Downlink = 699.0 - 716.0 MHz ",Unavailable,Unavailable,0,1724707474761,32538.418524307,2024-08-26 17:24:34.761000,-78.69336584896551,35.78412792482759,96.86069014976763,campaign_9,35.78412792482759,-78.69336584896551,96.86069014976763
4G_LTE,-94,3,-94,-12,-65,2147483647,46,5110,101,9,196875793,9995,3,2147483647,[12],[FDD],"Band Number = 12, Uplink = 698.0 - 716.0 MHz, Downlink = 699.0 - 716.0 MHz ",310,410,1,1724707474761,32538.418524307,2024-08-26 17:24:34.761000,-78.69336584896551,35.78412792482759,96.86069014976763,campaign_9,35.78412792482759,-78.69336584896551,96.86069014976763
4G_LTE,-101,2147483647,-101,-18,-73,2147483647,39,5110,344,9,2147483647,2147483647,2,2147483647,[12],[FDD],"Band Number = 12, Uplink = 698.0 - 716.0 MHz, Downlink = 699.0 - 716.0 MHz ",Unavailable,Unavailable,0,1724707474761,32538.418524307,2024-08-26 17:24:34.761000,-78.69336584896551,35.78412792482759,96.86069014976763,campaign_9,35.78412792482759,-78.69336584896551,96.86069014976763
4G_LTE,-99,2147483647,-99,-16,-73,2147483647,41,5110,338,9,2147483647,2147483647,2,2147483647,[12],[FDD],"Band Number = 12, Uplink = 698.0 - 716.0 MHz, Downlink = 699.0 - 716.0 MHz ",Unavailable,Unavailable,0,1724707474761,32538.418524307,2024-08-26 17:24:34.761000,-78.69336584896551,35.78412792482759,96.86069014976763,campaign_9,35.78412792482759,-78.69336584896551,96.86069014976763
4G_LTE,-105,2147483647,-105,-12,-83,2147483647,35,950,311,9,2147483647,2147483647,2,2147483647,[2],[FDD],"Band Number = 2, Uplink = 1850.0 - 1910.0 MHz, Downlink = 1850.0 - 1910.0 MHz ",Unavailable,Unavailable,0,1724707474761,32538.418524307,2024-08-26 17:24:34.761000,-78.69336584896551,35.78412792482759,96.86069014976763,campaign_9,35.78412792482759,-78.69336584896551,96.86069014976763
4G_LTE,-111,2147483647,-111,-17,-83,2147483647,29,950,436,9,2147483647,2147483647,1,2147483647,[2],[FDD],"Band Number = 2, Uplink = 1850.0 - 1910.0 MHz, Downlink = 1850.0 - 1910.0 MHz ",Unavailable,Unavailable,0,1724707474761,32538.418524307,2024-08-26 17:24:34.761000,-78.69336584896551,35.78412792482759,96.86069014976763,campaign_9,35.78412792482759,-78.69336584896551,96.86069014976763
4G_LTE,-110,2147483647,-110,-17,-83,2147483647,30,950,368,9,2147483647,2147483647,1,2147483647,[2],[FDD],"Band Number = 2, Uplink = 1850.0 - 1910.0 MHz, Downlink = 1850.0 - 1910.0 MHz ",Unavailable,Unavailable,0,1724707474761,32538.418524307,2024-08-26 17:24:34.761000,-78.69336584896551,35.78412792482759,96.86069014976763,campaign_9,35.78412792482759,-78.69336584896551,96.86069014976763
4G_LTE,-109,2147483647,-109,-16,-83,2147483647,31,66486,311,9,2147483647,2147483647,1,2147483647,[66],[FDD],"Band Number = 66, Uplink = 1710.0 - 1780.0 MHz, Downlink = 1710.0 - 1780.0 MHz ",Unavailable,Unavailable,0,1724707474761,32538.418524307,2024-08-26 17:24:34.761000,-78.69336584896551,35.78412792482759,96.86069014976763,campaign_9,35.78412792482759,-78.69336584896551,96.86069014976763
4G_LTE,-112,2147483647,-112,-18,-83,2147483647,28,66486,478,9,2147483647,2147483647,1,2147483647,[66],[FDD],"Band Number = 66, Uplink = 1710.0 - 1780.0 MHz, Downlink = 1710.0 - 1780.0 MHz ",Unavailable,Unavailable,0,1724707474761,32538.418524307,2024-08-26 17:24:34.761000,-78.69336584896551,35.78412792482759,96.86069014976763,campaign_9,35.78412792482759,-78.69336584896551,96.86069014976763
4G_LTE,-119,2147483647,-119,-20,-89,2147483647,21,66486,400,9,2147483647,2147483647,0,2147483647,[66],[FDD],"Band Number = 66, Uplink = 1710.0 - 1780.0 MHz, Downlink = 1710.0 - 1780.0 MHz ",Unavailable,Unavailable,0,1724707474761,32538.418524307,2024-08-26 17:24:34.761000,-78.69336584896551,35.78412792482759,96.86069014976763,campaign_9,35.78412792482759,-78.69336584896551,96.86069014976763
4G_LTE,-113,2147483647,-113,-20,-83,2147483647,27,66486,377,9,2147483647,2147483647,1,2147483647,[66],[FDD],"Band Number = 66, Uplink = 1710.0 - 1780.0 MHz, Downlink = 1710.0 - 1780.0 MHz ",Unavailable,Unavailable,0,1724707474761,32538.418524307,2024-08-26 17:24:34.761000,-78.69336584896551,35.78412792482759,96.86069014976763,campaign_9,35.78412792482759,-78.69336584896551,96.86069014976763
4G_LTE,-110,2147483647,-110,-17,-83,2147483647,30,66486,502,9,2147483647,2147483647,1,2147483647,[66],[FDD],"Band Number = 66, Uplink = 1710.0 - 1780.0 MHz, Downlink = 1710.0 - 1780.0 MHz ",Unavailable,Unavailable,0,1724707474761,32538.418524307,2024-08-26 17:24:34.761000,-78.69336584896551,35.78412792482759,96.86069014976763,campaign_9,35.78412792482759,-78.69336584896551,96.86069014976763
4G_LTE,-116,2147483647,-116,-20,-83,2147483647,24,66486,77,9,2147483647,2147483647,0,2147483647,[66],[FDD],"Band Number = 66, Uplink = 1710.0 - 1780.0 MHz, Downlink = 1710.0 - 1780.0 MHz ",Unavailable,Unavailable,0,1724707474761,32538.418524307,2024-08-26 17:24:34.761000,-78.69336584896551,35.78412792482759,96.86069014976763,campaign_9,35.78412792482759,-78.69336584896551,96.86069014976763
4G_LTE,-107,2147483647,-107,-11,-85,2147483647,33,67086,311,9,2147483647,2147483647,1,2147483647,[66],[FDD],"Band Number = 66, Uplink = 1710.0 - 1780.0 MHz, Downlink = 1710.0 - 1780.0 MHz ",Unavailable,Unavailable,0,1724707474761,32538.418524307,2024-08-26 17:24:34.761000,-78.69336584896551,35.78412792482759,96.86069014976763,campaign_9,35.78412792482759,-78.69336584896551,96.86069014976763
4G_LTE,-117,2147483647,-117,-19,-87,2147483647,23,67086,322,9,2147483647,2147483647,0,2147483647,[66],[FDD],"Band Number = 66, Uplink = 1710.0 - 1780.0 MHz, Downlink = 1710.0 - 1780.0 MHz ",Unavailable,Unavailable,0,1724707474761,32538.418524307,2024-08-26 17:24:34.761000,-78.69336584896551,35.78412792482759,96.86069014976763,campaign_9,35.78412792482759,-78.69336584896551,96.86069014976763
4G_LTE,-114,2147483647,-114,-18,-85,2147483647,26,67086,368,9,2147483647,2147483647,1,2147483647,[66],[FDD],"Band Number = 66, Uplink = 1710.0 - 1780.0 MHz, Downlink = 1710.0 - 1780.0 MHz ",Unavailable,Unavailable,0,1724707474761,32538.418524307,2024-08-26 17:24:34.761000,-78.69336584896551,35.78412792482759,96.86069014976763,campaign_9,35.78412792482759,-78.69336584896551,96.86069014976763
4G_LTE,-115,2147483647,-115,-17,-87,2147483647,25,67086,178,9,2147483647,2147483647,1,2147483647,[66],[FDD],"Band Number = 66, Uplink = 1710.0 - 1780.0 MHz, Downlink = 1710.0 - 1780.0 MHz ",Unavailable,Unavailable,0,1724707474761,32538.418524307,2024-08-26 17:24:34.761000,-78.69336584896551,35.78412792482759,96.86069014976763,campaign_9,35.78412792482759,-78.69336584896551,96.86069014976763
4G_LTE,-101,2147483647,-101,-20,-67,2147483647,39,5110,496,9,2147483647,2147483647,2,2147483647,[12],[FDD],"Band Number = 12, Uplink = 698.0 - 716.0 MHz, Downlink = 699.0 - 716.0 MHz ",Unavailable,Unavailable,0,1724707475765,32539.422067692,2024-08-26 17:24:35.765000,-78.6930315404717,35.784186295379385,95.78996876909302,campaign_9,35.784186295379385,-78.6930315404717,95.78996876909302
4G_LTE,-92,4,-92,-15,-57,2147483647,48,5110,101,9,196875793,9995,3,2147483647,[12],[FDD],"Band Number = 12, Uplink = 698.0 - 716.0 MHz, Downlink = 699.0 - 716.0 MHz ",310,410,1,1724707475765,32539.422067692,2024-08-26 17:24:35.765000,-78.6930315404717,35.784186295379385,95.78996876909302,campaign_9,35.784186295379385,-78.6930315404717,95.78996876909302
4G_LTE,-101,2147483647,-101,-17,-71,2147483647,39,5110,344,9,2147483647,2147483647,2,2147483647,[12],[FDD],"Band Number = 12, Uplink = 698.0 - 716.0 MHz, Downlink = 699.0 - 716.0 MHz ",Unavailable,Unavailable,0,1724707475765,32539.422067692,2024-08-26 17:24:35.765000,-78.6930315404717,35.784186295379385,95.78996876909302,campaign_9,35.784186295379385,-78.6930315404717,95.78996876909302
4G_LTE,-97,2147483647,-97,-16,-71,2147483647,43,5110,338,9,2147483647,2147483647,2,2147483647,[12],[FDD],"Band Number = 12, Uplink = 698.0 - 716.0 MHz, Downlink = 699.0 - 716.0 MHz ",Unavailable,Unavailable,0,1724707475765,32539.422067692,2024-08-26 17:24:35.765000,-78.6930315404717,35.784186295379385,95.78996876909302,campaign_9,35.784186295379385,-78.6930315404717,95.78996876909302
4G_LTE,-105,2147483647,-105,-14,-81,2147483647,35,950,311,9,2147483647,2147483647,2,2147483647,[2],[FDD],"Band Number = 2, Uplink = 1850.0 - 1910.0 MHz, Downlink = 1850.0 - 1910.0 MHz ",Unavailable,Unavailable,0,1724707475765,32539.422067692,2024-08-26 17:24:35.765000,-78.6930315404717,35.784186295379385,95.78996876909302,campaign_9,35.784186295379385,-78.6930315404717,95.78996876909302
4G_LTE,-110,2147483647,-110,-18,-83,2147483647,30,950,436,9,2147483647,2147483647,1,2147483647,[2],[FDD],"Band Number = 2, Uplink = 1850.0 - 1910.0 MHz, Downlink = 1850.0 - 1910.0 MHz ",Unavailable,Unavailable,0,1724707475765,32539.422067692,2024-08-26 17:24:35.765000,-78.6930315404717,35.784186295379385,95.78996876909302,campaign_9,35.784186295379385,-78.6930315404717,95.78996876909302
4G_LTE,-114,2147483647,-114,-20,-81,2147483647,26,950,368,9,2147483647,2147483647,1,2147483647,[2],[FDD],"Band Number = 2, Uplink = 1850.0 - 1910.0 MHz, Downlink = 1850.0 - 1910.0 MHz ",Unavailable,Unavailable,0,1724707475765,32539.422067692,2024-08-26 17:24:35.765000,-78.6930315404717,35.784186295379385,95.78996876909302,campaign_9,35.784186295379385,-78.6930315404717,95.78996876909302
4G_LTE,-107,2147483647,-107,-12,-85,2147483647,33,66486,311,9,2147483647,2147483647,1,2147483647,[66],[FDD],"Band Number = 66, Uplink = 1710.0 - 1780.0 MHz, Downlink = 1710.0 - 1780.0 MHz ",Unavailable,Unavailable,0,1724707475765,32539.422067692,2024-08-26 17:24:35.765000,-78.6930315404717,35.784186295379385,95.78996876909302,campaign_9,35.784186295379385,-78.6930315404717,95.78996876909302
4G_LTE,-115,2147483647,-115,-18,-85,2147483647,25,66486,478,9,2147483647,2147483647,1,2147483647,[66],[FDD],"Band Number = 66, Uplink = 1710.0 - 1780.0 MHz, Downlink = 1710.0 - 1780.0 MHz ",Unavailable,Unavailable,0,1724707475765,32539.422067692,2024-08-26 17:24:35.765000,-78.6930315404717,35.784186295379385,95.78996876909302,campaign_9,35.784186295379385,-78.6930315404717,95.78996876909302
4G_LTE,-119,2147483647,-119,-20,-89,2147483647,21,66486,400,9,2147483647,2147483647,0,2147483647,[66],[FDD],"Band Number = 66, Uplink = 1710.0 - 1780.0 MHz, Downlink = 1710.0 - 1780.0 MHz ",Unavailable,Unavailable,0,1724707475765,32539.422067692,2024-08-26 17:24:35.765000,-78.6930315404717,35.784186295379385,95.78996876909302,campaign_9,35.784186295379385,-78.6930315404717,95.78996876909302
4G_LTE,-115,2147483647,-115,-20,-85,2147483647,25,66486,377,9,2147483647,2147483647,1,2147483647,[66],[FDD],"Band Number = 66, Uplink = 1710.0 - 1780.0 MHz, Downlink = 1710.0 - 1780.0 MHz ",Unavailable,Unavailable,0,1724707475765,32539.422067692,2024-08-26 17:24:35.765000,-78.6930315404717,35.784186295379385,95.78996876909302,campaign_9,35.784186295379385,-78.6930315404717,95.78996876909302
4G_LTE,-115,2147483647,-115,-20,-85,2147483647,25,66486,502,9,2147483647,2147483647,1,2147483647,[66],[FDD],"Band Number = 66, Uplink = 1710.0 - 1780.0 MHz, Downlink = 1710.0 - 1780.0 MHz ",Unavailable,Unavailable,0,1724707475765,32539.422067692,2024-08-26 17:24:35.765000,-78.6930315404717,35.784186295379385,95.78996876909302,campaign_9,35.784186295379385,-78.6930315404717,95.78996876909302
4G_LTE,-116,2147483647,-116,-20,-85,2147483647,24,66486,77,9,2147483647,2147483647,0,2147483647,[66],[FDD],"Band Number = 66, Uplink = 1710.0 - 1780.0 MHz, Downlink = 1710.0 - 1780.0 MHz ",Unavailable,Unavailable,0,1724707475765,32539.422067692,2024-08-26 17:24:35.765000,-78.6930315404717,35.784186295379385,95.78996876909302,campaign_9,35.784186295379385,-78.6930315404717,95.78996876909302
4G_LTE,-116,2147483647,-116,-20,-85,2147483647,24,66486,214,9,2147483647,2147483647,0,2147483647,[66],[FDD],"Band Number = 66, Uplink = 1710.0 - 1780.0 MHz, Downlink = 1710.0 - 1780.0 MHz ",Unavailable,Unavailable,0,1724707475765,32539.422067692,2024-08-26 17:24:35.765000,-78.6930315404717,35.784186295379385,95.78996876909302,campaign_9,35.784186295379385,-78.6930315404717,95.78996876909302
4G_LTE,-123,2147483647,-123,-20,-89,2147483647,17,66486,426,9,2147483647,2147483647,0,2147483647,[66],[FDD],"Band Number = 66, Uplink = 1710.0 - 1780.0 MHz, Downlink = 1710.0 - 1780.0 MHz ",Unavailable,Unavailable,0,1724707475765,32539.422067692,2024-08-26 17:24:35.765000,-78.6930315404717,35.784186295379385,95.78996876909302,campaign_9,35.784186295379385,-78.6930315404717,95.78996876909302
4G_LTE,-106,2147483647,-106,-11,-83,2147483647,34,67086,311,9,2147483647,2147483647,1,2147483647,[66],[FDD],"Band Number = 66, Uplink = 1710.0 - 1780.0 MHz, Downlink = 1710.0 - 1780.0 MHz ",Unavailable,Unavailable,0,1724707475765,32539.422067692,2024-08-26 17:24:35.765000,-78.6930315404717,35.784186295379385,95.78996876909302,campaign_9,35.784186295379385,-78.6930315404717,95.78996876909302
4G_LTE,-117,2147483647,-117,-13,-91,2147483647,23,67086,322,9,2147483647,2147483647,0,2147483647,[66],[FDD],"Band Number = 66, Uplink = 1710.0 - 1780.0 MHz, Downlink = 1710.0 - 1780.0 MHz ",Unavailable,Unavailable,0,1724707475765,32539.422067692,2024-08-26 17:24:35.765000,-78.6930315404717,35.784186295379385,95.78996876909302,campaign_9,35.784186295379385,-78.6930315404717,95.78996876909302
4G_LTE,-117,2147483647,-117,-16,-91,2147483647,23,67086,368,9,2147483647,2147483647,0,2147483647,[66],[FDD],"Band Number = 66, Uplink = 1710.0 - 1780.0 MHz, Downlink = 1710.0 - 1780.0 MHz ",Unavailable,Unavailable,0,1724707475765,32539.422067692,2024-08-26 17:24:35.765000,-78.6930315404717,35.784186295379385,95.78996876909302,campaign_9,35.784186295379385,-78.6930315404717,95.78996876909302
4G_LTE,-120,2147483647,-120,-16,-91,2147483647,20,67086,178,9,2147483647,2147483647,0,2147483647,[66],[FDD],"Band Number = 66, Uplink = 1710.0 - 1780.0 MHz, Downlink = 1710.0 - 1780.0 MHz ",Unavailable,Unavailable,0,1724707475765,32539.422067692,2024-08-26 17:24:35.765000,-78.6930315404717,35.784186295379385,95.78996876909302,campaign_9,35.784186295379385,-78.6930315404717,95.78996876909302
4G_LTE,-101,2147483647,-101,-20,-67,2147483647,39,5110,496,9,2147483647,2147483647,2,2147483647,[12],[FDD],"Band Number = 12, Uplink = 698.0 - 716.0 MHz, Downlink = 699.0 - 716.0 MHz ",Unavailable,Unavailable,0,1724707476762,32540.419799098,2024-08-26 17:24:36.762000,-78.69269956281397,35.784244258965174,94.72671257732748,campaign_9,35.784244258965174,-78.69269956281397,94.72671257732748
4G_LTE,-92,4,-92,-15,-57,2147483647,48,5110,101,9,196875793,9995,3,2147483647,[12],[FDD],"Band Number = 12, Uplink = 698.0 - 716.0 MHz, Downlink = 699.0 - 716.0 MHz ",310,410,1,1724707476762,32540.419799098,2024-08-26 17:24:36.762000,-78.69269956281397,35.784244258965174,94.72671257732748,campaign_9,35.784244258965174,-78.69269956281397,94.72671257732748
4G_LTE,-101,2147483647,-101,-17,-71,2147483647,39,5110,344,9,2147483647,2147483647,2,2147483647,[12],[FDD],"Band Number = 12, Uplink = 698.0 - 716.0 MHz, Downlink = 699.0 - 716.0 MHz ",Unavailable,Unavailable,0,1724707476762,32540.419799098,2024-08-26 17:24:36.762000,-78.69269956281397,35.784244258965174,94.72671257732748,campaign_9,35.784244258965174,-78.69269956281397,94.72671257732748
4G_LTE,-97,2147483647,-97,-16,-71,2147483647,43,5110,338,9,2147483647,2147483647,2,2147483647,[12],[FDD],"Band Number = 12, Uplink = 698.0 - 716.0 MHz, Downlink = 699.0 - 716.0 MHz ",Unavailable,Unavailable,0,1724707476762,32540.419799098,2024-08-26 17:24:36.762000,-78.69269956281397,35.784244258965174,94.72671257732748,campaign_9,35.784244258965174,-78.69269956281397,94.72671257732748
4G_LTE,-105,2147483647,-105,-14,-81,2147483647,35,950,311,9,2147483647,2147483647,2,2147483647,[2],[FDD],"Band Number = 2, Uplink = 1850.0 - 1910.0 MHz, Downlink = 1850.0 - 1910.0 MHz ",Unavailable,Unavailable,0,1724707476762,32540.419799098,2024-08-26 17:24:36.762000,-78.69269956281397,35.784244258965174,94.72671257732748,campaign_9,35.784244258965174,-78.69269956281397,94.72671257732748
4G_LTE,-110,2147483647,-110,-18,-83,2147483647,30,950,436,9,2147483647,2147483647,1,2147483647,[2],[FDD],"Band Number = 2, Uplink = 1850.0 - 1910.0 MHz, Downlink = 1850.0 - 1910.0 MHz ",Unavailable,Unavailable,0,1724707476762,32540.419799098,2024-08-26 17:24:36.762000,-78.69269956281397,35.784244258965174,94.72671257732748,campaign_9,35.784244258965174,-78.69269956281397,94.72671257732748
4G_LTE,-114,2147483647,-114,-20,-81,2147483647,26,950,368,9,2147483647,2147483647,1,2147483647,[2],[FDD],"Band Number = 2, Uplink = 1850.0 - 1910.0 MHz, Downlink = 1850.0 - 1910.0 MHz ",Unavailable,Unavailable,0,1724707476762,32540.419799098,2024-08-26 17:24:36.762000,-78.69269956281397,35.784244258965174,94.72671257732748,campaign_9,35.784244258965174,-78.69269956281397,94.72671257732748
4G_LTE,-107,2147483647,-107,-12,-85,2147483647,33,66486,311,9,2147483647,2147483647,1,2147483647,[66],[FDD],"Band Number = 66, Uplink = 1710.0 - 1780.0 MHz, Downlink = 1710.0 - 1780.0 MHz ",Unavailable,Unavailable,0,1724707476762,32540.419799098,2024-08-26 17:24:36.762000,-78.69269956281397,35.784244258965174,94.72671257732748,campaign_9,35.784244258965174,-78.69269956281397,94.72671257732748
4G_LTE,-115,2147483647,-115,-18,-85,2147483647,25,66486,478,9,2147483647,2147483647,1,2147483647,[66],[FDD],"Band Number = 66, Uplink = 1710.0 - 1780.0 MHz, Downlink = 1710.0 - 1780.0 MHz ",Unavailable,Unavailable,0,1724707476762,32540.419799098,2024-08-26 17:24:36.762000,-78.69269956281397,35.784244258965174,94.72671257732748,campaign_9,35.784244258965174,-78.69269956281397,94.72671257732748
4G_LTE,-119,2147483647,-119,-20,-89,2147483647,21,66486,400,9,2147483647,2147483647,0,2147483647,[66],[FDD],"Band Number = 66, Uplink = 1710.0 - 1780.0 MHz, Downlink = 1710.0 - 1780.0 MHz ",Unavailable,Unavailable,0,1724707476762,32540.419799098,2024-08-26 17:24:36.762000,-78.69269956281397,35.784244258965174,94.72671257732748,campaign_9,35.784244258965174,-78.69269956281397,94.72671257732748
4G_LTE,-115,2147483647,-115,-20,-85,2147483647,25,66486,377,9,2147483647,2147483647,1,2147483647,[66],[FDD],"Band Number = 66, Uplink = 1710.0 - 1780.0 MHz, Downlink = 1710.0 - 1780.0 MHz ",Unavailable,Unavailable,0,1724707476762,32540.419799098,2024-08-26 17:24:36.762000,-78.69269956281397,35.784244258965174,94.72671257732748,campaign_9,35.784244258965174,-78.69269956281397,94.72671257732748
4G_LTE,-115,2147483647,-115,-20,-85,2147483647,25,66486,502,9,2147483647,2147483647,1,2147483647,[66],[FDD],"Band Number = 66, Uplink = 1710.0 - 1780.0 MHz, Downlink = 1710.0 - 1780.0 MHz ",Unavailable,Unavailable,0,1724707476762,32540.419799098,2024-08-26 17:24:36.762000,-78.69269956281397,35.784244258965174,94.72671257732748,campaign_9,35.784244258965174,-78.69269956281397,94.72671257732748
4G_LTE,-116,2147483647,-116,-20,-85,2147483647,24,66486,77,9,2147483647,2147483647,0,2147483647,[66],[FDD],"Band Number = 66, Uplink = 1710.0 - 1780.0 MHz, Downlink = 1710.0 - 1780.0 MHz ",Unavailable,Unavailable,0,1724707476762,32540.419799098,2024-08-26 17:24:36.762000,-78.69269956281397,35.784244258965174,94.72671257732748,campaign_9,35.784244258965174,-78.69269956281397,94.72671257732748
4G_LTE,-116,2147483647,-116,-20,-85,2147483647,24,66486,214,9,2147483647,2147483647,0,2147483647,[66],[FDD],"Band Number = 66, Uplink = 1710.0 - 1780.0 MHz, Downlink = 1710.0 - 1780.0 MHz ",Unavailable,Unavailable,0,1724707476762,32540.419799098,2024-08-26 17:24:36.762000,-78.69269956281397,35.784244258965174,94.72671257732748,campaign_9,35.784244258965174,-78.69269956281397,94.72671257732748
4G_LTE,-123,2147483647,-123,-20,-89,2147483647,17,66486,426,9,2147483647,2147483647,0,2147483647,[66],[FDD],"Band Number = 66, Uplink = 1710.0 - 1780.0 MHz, Downlink = 1710.0 - 1780.0 MHz ",Unavailable,Unavailable,0,1724707476762,32540.419799098,2024-08-26 17:24:36.762000,-78.69269956281397,35.784244258965174,94.72671257732748,campaign_9,35.784244258965174,-78.69269956281397,94.72671257732748
4G_LTE,-106,2147483647,-106,-11,-83,2147483647,34,67086,311,9,2147483647,2147483647,1,2147483647,[66],[FDD],"Band Number = 66, Uplink = 1710.0 - 1780.0 MHz, Downlink = 1710.0 - 1780.0 MHz ",Unavailable,Unavailable,0,1724707476762,32540.419799098,2024-08-26 17:24:36.762000,-78.69269956281397,35.784244258965174,94.72671257732748,campaign_9,35.784244258965174,-78.69269956281397,94.72671257732748
4G_LTE,-117,2147483647,-117,-13,-91,2147483647,23,67086,322,9,2147483647,2147483647,0,2147483647,[66],[FDD],"Band Number = 66, Uplink = 1710.0 - 1780.0 MHz, Downlink = 1710.0 - 1780.0 MHz ",Unavailable,Unavailable,0,1724707476762,32540.419799098,2024-08-26 17:24:36.762000,-78.69269956281397,35.784244258965174,94.72671257732748,campaign_9,35.784244258965174,-78.69269956281397,94.72671257732748
4G_LTE,-117,2147483647,-117,-16,-91,2147483647,23,67086,368,9,2147483647,2147483647,0,2147483647,[66],[FDD],"Band Number = 66, Uplink = 1710.0 - 1780.0 MHz, Downlink = 1710.0 - 1780.0 MHz ",Unavailable,Unavailable,0,1724707476762,32540.419799098,2024-08-26 17:24:36.762000,-78.69269956281397,35.784244258965174,94.72671257732748,campaign_9,35.784244258965174,-78.69269956281397,94.72671257732748
4G_LTE,-120,2147483647,-120,-16,-91,2147483647,20,67086,178,9,2147483647,2147483647,0,2147483647,[66],[FDD],"Band Number = 66, Uplink = 1710.0 - 1780.0 MHz, Downlink = 1710.0 - 1780.0 MHz ",Unavailable,Unavailable,0,1724707476762,32540.419799098,2024-08-26 17:24:36.762000,-78.69269956281397,35.784244258965174,94.72671257732748,campaign_9,35.784244258965174,-78.69269956281397,94.72671257732748
4G_LTE,-98,2147483647,-98,-16,-73,2147483647,42,5110,338,8,2147483647,2147483647,2,2147483647,[12],[FDD],"Band Number = 12, Uplink = 698.0 - 716.0 MHz, Downlink = 699.0 - 716.0 MHz ",Unavailable,Unavailable,0,1724707477764,32541.421758472,2024-08-26 17:24:37.764000,-78.69236592027332,35.78430251324097,93.65812410776974,campaign_9,35.78430251324097,-78.69236592027332,93.65812410776974
4G_LTE,-93,5,-93,-12,-63,2147483647,47,5110,101,8,196875793,9995,3,2147483647,[12],[FDD],"Band Number = 12, Uplink = 698.0 - 716.0 MHz, Downlink = 699.0 - 716.0 MHz ",310,410,1,1724707477764,32541.421758472,2024-08-26 17:24:37.764000,-78.69236592027332,35.78430251324097,93.65812410776974,campaign_9,35.78430251324097,-78.69236592027332,93.65812410776974
4G_LTE,-102,2147483647,-102,-20,-77,2147483647,38,5110,344,8,2147483647,2147483647,2,2147483647,[12],[FDD],"Band Number = 12, Uplink = 698.0 - 716.0 MHz, Downlink = 699.0 - 716.0 MHz ",Unavailable,Unavailable,0,1724707477764,32541.421758472,2024-08-26 17:24:37.764000,-78.69236592027332,35.78430251324097,93.65812410776974,campaign_9,35.78430251324097,-78.69236592027332,93.65812410776974
4G_LTE,-106,2147483647,-106,-12,-85,2147483647,34,950,311,8,2147483647,2147483647,1,2147483647,[2],[FDD],"Band Number = 2, Uplink = 1850.0 - 1910.0 MHz, Downlink = 1850.0 - 1910.0 MHz ",Unavailable,Unavailable,0,1724707477764,32541.421758472,2024-08-26 17:24:37.764000,-78.69236592027332,35.78430251324097,93.65812410776974,campaign_9,35.78430251324097,-78.69236592027332,93.65812410776974
4G_LTE,-113,2147483647,-113,-17,-85,2147483647,27,950,436,8,2147483647,2147483647,1,2147483647,[2],[FDD],"Band Number = 2, Uplink = 1850.0 - 1910.0 MHz, Downlink = 1850.0 - 1910.0 MHz ",Unavailable,Unavailable,0,1724707477764,32541.421758472,2024-08-26 17:24:37.764000,-78.69236592027332,35.78430251324097,93.65812410776974,campaign_9,35.78430251324097,-78.69236592027332,93.65812410776974
4G_LTE,-112,2147483647,-112,-18,-85,2147483647,28,950,380,8,2147483647,2147483647,1,2147483647,[2],[FDD],"Band Number = 2, Uplink = 1850.0 - 1910.0 MHz, Downlink = 1850.0 - 1910.0 MHz ",Unavailable,Unavailable,0,1724707477764,32541.421758472,2024-08-26 17:24:37.764000,-78.69236592027332,35.78430251324097,93.65812410776974,campaign_9,35.78430251324097,-78.69236592027332,93.65812410776974
4G_LTE,-107,2147483647,-107,-13,-83,2147483647,33,66486,311,8,2147483647,2147483647,1,2147483647,[66],[FDD],"Band Number = 66, Uplink = 1710.0 - 1780.0 MHz, Downlink = 1710.0 - 1780.0 MHz ",Unavailable,Unavailable,0,1724707477764,32541.421758472,2024-08-26 17:24:37.764000,-78.69236592027332,35.78430251324097,93.65812410776974,campaign_9,35.78430251324097,-78.69236592027332,93.65812410776974
4G_LTE,-115,2147483647,-115,-20,-83,2147483647,25,66486,478,8,2147483647,2147483647,1,2147483647,[66],[FDD],"Band Number = 66, Uplink = 1710.0 - 1780.0 MHz, Downlink = 1710.0 - 1780.0 MHz ",Unavailable,Unavailable,0,1724707477764,32541.421758472,2024-08-26 17:24:37.764000,-78.69236592027332,35.78430251324097,93.65812410776974,campaign_9,35.78430251324097,-78.69236592027332,93.65812410776974
4G_LTE,-123,2147483647,-123,-20,-89,2147483647,17,66486,426,8,2147483647,2147483647,0,2147483647,[66],[FDD],"Band Number = 66, Uplink = 1710.0 - 1780.0 MHz, Downlink = 1710.0 - 1780.0 MHz ",Unavailable,Unavailable,0,1724707477764,32541.421758472,2024-08-26 17:24:37.764000,-78.69236592027332,35.78430251324097,93.65812410776974,campaign_9,35.78430251324097,-78.69236592027332,93.65812410776974
4G_LTE,-108,2147483647,-108,-19,-77,2147483647,32,66486,214,8,2147483647,2147483647,1,2147483647,[66],[FDD],"Band Number = 66, Uplink = 1710.0 - 1780.0 MHz, Downlink = 1710.0 - 1780.0 MHz ",Unavailable,Unavailable,0,1724707477764,32541.421758472,2024-08-26 17:24:37.764000,-78.69236592027332,35.78430251324097,93.65812410776974,campaign_9,35.78430251324097,-78.69236592027332,93.65812410776974
4G_LTE,-109,2147483647,-109,-19,-77,2147483647,31,66486,502,8,2147483647,2147483647,1,2147483647,[66],[FDD],"Band Number = 66, Uplink = 1710.0 - 1780.0 MHz, Downlink = 1710.0 - 1780.0 MHz ",Unavailable,Unavailable,0,1724707477764,32541.421758472,2024-08-26 17:24:37.764000,-78.69236592027332,35.78430251324097,93.65812410776974,campaign_9,35.78430251324097,-78.69236592027332,93.65812410776974
4G_LTE,-116,2147483647,-116,-20,-85,2147483647,24,66486,77,8,2147483647,2147483647,0,2147483647,[66],[FDD],"Band Number = 66, Uplink = 1710.0 - 1780.0 MHz, Downlink = 1710.0 - 1780.0 MHz ",Unavailable,Unavailable,0,1724707477764,32541.421758472,2024-08-26 17:24:37.764000,-78.69236592027332,35.78430251324097,93.65812410776974,campaign_9,35.78430251324097,-78.69236592027332,93.65812410776974
4G_LTE,-109,2147483647,-109,-13,-87,2147483647,31,67086,311,8,2147483647,2147483647,1,2147483647,[66],[FDD],"Band Number = 66, Uplink = 1710.0 - 1780.0 MHz, Downlink = 1710.0 - 1780.0 MHz ",Unavailable,Unavailable,0,1724707477764,32541.421758472,2024-08-26 17:24:37.764000,-78.69236592027332,35.78430251324097,93.65812410776974,campaign_9,35.78430251324097,-78.69236592027332,93.65812410776974
4G_LTE,-117,2147483647,-117,-19,-87,2147483647,23,67086,322,8,2147483647,2147483647,0,2147483647,[66],[FDD],"Band Number = 66, Uplink = 1710.0 - 1780.0 MHz, Downlink = 1710.0 - 1780.0 MHz ",Unavailable,Unavailable,0,1724707477764,32541.421758472,2024-08-26 17:24:37.764000,-78.69236592027332,35.78430251324097,93.65812410776974,campaign_9,35.78430251324097,-78.69236592027332,93.65812410776974
4G_LTE,-117,2147483647,-117,-20,-87,2147483647,23,67086,368,8,2147483647,2147483647,0,2147483647,[66],[FDD],"Band Number = 66, Uplink = 1710.0 - 1780.0 MHz, Downlink = 1710.0 - 1780.0 MHz ",Unavailable,Unavailable,0,1724707477764,32541.421758472,2024-08-26 17:24:37.764000,-78.69236592027332,35.78430251324097,93.65812410776974,campaign_9,35.78430251324097,-78.69236592027332,93.65812410776974
4G_LTE,-116,2147483647,-116,-18,-87,2147483647,24,67086,178,8,2147483647,2147483647,0,2147483647,[66],[FDD],"Band Number = 66, Uplink = 1710.0 - 1780.0 MHz, Downlink = 1710.0 - 1780.0 MHz ",Unavailable,Unavailable,0,1724707477764,32541.421758472,2024-08-26 17:24:37.764000,-78.69236592027332,35.78430251324097,93.65812410776974,campaign_9,35.78430251324097,-78.69236592027332,93.65812410776974
4G_LTE,-98,2147483647,-98,-16,-73,2147483647,42,5110,338,8,2147483647,2147483647,2,2147483647,[12],[FDD],"Band Number = 12, Uplink = 698.0 - 716.0 MHz, Downlink = 699.0 - 716.0 MHz ",Unavailable,Unavailable,0,1724707478773,32542.430530399,2024-08-26 17:24:38.773000,-78.69202994689655,35.78436117448276,92.58207044930292,campaign_9,35.78436117448276,-78.69202994689655,92.58207044930292
4G_LTE,-93,5,-93,-12,-63,2147483647,47,5110,101,8,196875793,9995,3,2147483647,[12],[FDD],"Band Number = 12, Uplink = 698.0 - 716.0 MHz, Downlink = 699.0 - 716.0 MHz ",310,410,1,1724707478773,32542.430530399,2024-08-26 17:24:38.773000,-78.69202994689655,35.78436117448276,92.58207044930292,campaign_9,35.78436117448276,-78.69202994689655,92.58207044930292
4G_LTE,-102,2147483647,-102,-20,-77,2147483647,38,5110,344,8,2147483647,2147483647,2,2147483647,[12],[FDD],"Band Number = 12, Uplink = 698.0 - 716.0 MHz, Downlink = 699.0 - 716.0 MHz ",Unavailable,Unavailable,0,1724707478773,32542.430530399,2024-08-26 17:24:38.773000,-78.69202994689655,35.78436117448276,92.58207044930292,campaign_9,35.78436117448276,-78.69202994689655,92.58207044930292
4G_LTE,-106,2147483647,-106,-12,-85,2147483647,34,950,311,8,2147483647,2147483647,1,2147483647,[2],[FDD],"Band Number = 2, Uplink = 1850.0 - 1910.0 MHz, Downlink = 1850.0 - 1910.0 MHz ",Unavailable,Unavailable,0,1724707478773,32542.430530399,2024-08-26 17:24:38.773000,-78.69202994689655,35.78436117448276,92.58207044930292,campaign_9,35.78436117448276,-78.69202994689655,92.58207044930292
4G_LTE,-113,2147483647,-113,-17,-85,2147483647,27,950,436,8,2147483647,2147483647,1,2147483647,[2],[FDD],"Band Number = 2, Uplink = 1850.0 - 1910.0 MHz, Downlink = 1850.0 - 1910.0 MHz ",Unavailable,Unavailable,0,1724707478773,32542.430530399,2024-08-26 17:24:38.773000,-78.69202994689655,35.78436117448276,92.58207044930292,campaign_9,35.78436117448276,-78.69202994689655,92.58207044930292
4G_LTE,-112,2147483647,-112,-18,-85,2147483647,28,950,380,8,2147483647,2147483647,1,2147483647,[2],[FDD],"Band Number = 2, Uplink = 1850.0 - 1910.0 MHz, Downlink = 1850.0 - 1910.0 MHz ",Unavailable,Unavailable,0,1724707478773,32542.430530399,2024-08-26 17:24:38.773000,-78.69202994689655,35.78436117448276,92.58207044930292,campaign_9,35.78436117448276,-78.69202994689655,92.58207044930292
4G_LTE,-107,2147483647,-107,-13,-83,2147483647,33,66486,311,8,2147483647,2147483647,1,2147483647,[66],[FDD],"Band Number = 66, Uplink = 1710.0 - 1780.0 MHz, Downlink = 1710.0 - 1780.0 MHz ",Unavailable,Unavailable,0,1724707478773,32542.430530399,2024-08-26 17:24:38.773000,-78.69202994689655,35.78436117448276,92.58207044930292,campaign_9,35.78436117448276,-78.69202994689655,92.58207044930292
4G_LTE,-115,2147483647,-115,-20,-83,2147483647,25,66486,478,8,2147483647,2147483647,1,2147483647,[66],[FDD],"Band Number = 66, Uplink = 1710.0 - 1780.0 MHz, Downlink = 1710.0 - 1780.0 MHz ",Unavailable,Unavailable,0,1724707478773,32542.430530399,2024-08-26 17:24:38.773000,-78.69202994689655,35.78436117448276,92.58207044930292,campaign_9,35.78436117448276,-78.69202994689655,92.58207044930292
4G_LTE,-123,2147483647,-123,-20,-89,2147483647,17,66486,426,8,2147483647,2147483647,0,2147483647,[66],[FDD],"Band Number = 66, Uplink = 1710.0 - 1780.0 MHz, Downlink = 1710.0 - 1780.0 MHz ",Unavailable,Unavailable,0,1724707478773,32542.430530399,2024-08-26 17:24:38.773000,-78.69202994689655,35.78436117448276,92.58207044930292,campaign_9,35.78436117448276,-78.69202994689655,92.58207044930292
4G_LTE,-108,2147483647,-108,-19,-77,2147483647,32,66486,214,8,2147483647,2147483647,1,2147483647,[66],[FDD],"Band Number = 66, Uplink = 1710.0 - 1780.0 MHz, Downlink = 1710.0 - 1780.0 MHz ",Unavailable,Unavailable,0,1724707478773,32542.430530399,2024-08-26 17:24:38.773000,-78.69202994689655,35.78436117448276,92.58207044930292,campaign_9,35.78436117448276,-78.69202994689655,92.58207044930292
4G_LTE,-109,2147483647,-109,-19,-77,2147483647,31,66486,502,8,2147483647,2147483647,1,2147483647,[66],[FDD],"Band Number = 66, Uplink = 1710.0 - 1780.0 MHz, Downlink = 1710.0 - 1780.0 MHz ",Unavailable,Unavailable,0,1724707478773,32542.430530399,2024-08-26 17:24:38.773000,-78.69202994689655,35.78436117448276,92.58207044930292,campaign_9,35.78436117448276,-78.69202994689655,92.58207044930292
4G_LTE,-116,2147483647,-116,-20,-85,2147483647,24,66486,77,8,2147483647,2147483647,0,2147483647,[66],[FDD],"Band Number = 66, Uplink = 1710.0 - 1780.0 MHz, Downlink = 1710.0 - 1780.0 MHz ",Unavailable,Unavailable,0,1724707478773,32542.430530399,2024-08-26 17:24:38.773000,-78.69202994689655,35.78436117448276,92.58207044930292,campaign_9,35.78436117448276,-78.69202994689655,92.58207044930292
4G_LTE,-109,2147483647,-109,-13,-87,2147483647,31,67086,311,8,2147483647,2147483647,1,2147483647,[66],[FDD],"Band Number = 66, Uplink = 1710.0 - 1780.0 MHz, Downlink = 1710.0 - 1780.0 MHz ",Unavailable,Unavailable,0,1724707478773,32542.430530399,2024-08-26 17:24:38.773000,-78.69202994689655,35.78436117448276,92.58207044930292,campaign_9,35.78436117448276,-78.69202994689655,92.58207044930292
4G_LTE,-117,2147483647,-117,-19,-87,2147483647,23,67086,322,8,2147483647,2147483647,0,2147483647,[66],[FDD],"Band Number = 66, Uplink = 1710.0 - 1780.0 MHz, Downlink = 1710.0 - 1780.0 MHz ",Unavailable,Unavailable,0,1724707478773,32542.430530399,2024-08-26 17:24:38.773000,-78.69202994689655,35.78436117448276,92.58207044930292,campaign_9,35.78436117448276,-78.69202994689655,92.58207044930292
4G_LTE,-117,2147483647,-117,-20,-87,2147483647,23,67086,368,8,2147483647,2147483647,0,2147483647,[66],[FDD],"Band Number = 66, Uplink = 1710.0 - 1780.0 MHz, Downlink = 1710.0 - 1780.0 MHz ",Unavailable,Unavailable,0,1724707478773,32542.430530399,2024-08-26 17:24:38.773000,-78.69202994689655,35.78436117448276,92.58207044930292,campaign_9,35.78436117448276,-78.69202994689655,92.58207044930292
4G_LTE,-116,2147483647,-116,-18,-87,2147483647,24,67086,178,8,2147483647,2147483647,0,2147483647,[66],[FDD],"Band Number = 66, Uplink = 1710.0 - 1780.0 MHz, Downlink = 1710.0 - 1780.0 MHz ",Unavailable,Unavailable,0,1724707478773,32542.430530399,2024-08-26 17:24:38.773000,-78.69202994689655,35.78436117448276,92.58207044930292,campaign_9,35.78436117448276,-78.69202994689655,92.58207044930292
4G_LTE,-102,2147483647,-102,-18,-75,2147483647,38,5110,338,8,2147483647,2147483647,2,2147483647,[12],[FDD],"Band Number = 12, Uplink = 698.0 - 716.0 MHz, Downlink = 699.0 - 716.0 MHz ",Unavailable,Unavailable,0,1724707479775,32543.433193628,2024-08-26 17:24:39.775000,-78.6919731,35.7843711,92.4000015258789,campaign_9,35.7843711,-78.6919731,92.4000015258789
4G_LTE,-94,6,-94,-12,-67,2147483647,46,5110,101,8,196875793,9995,3,2147483647,[12],[FDD],"Band Number = 12, Uplink = 698.0 - 716.0 MHz, Downlink = 699.0 - 716.0 MHz ",310,410,1,1724707479775,32543.433193628,2024-08-26 17:24:39.775000,-78.6919731,35.7843711,92.4000015258789,campaign_9,35.7843711,-78.6919731,92.4000015258789
4G_LTE,-103,2147483647,-103,-17,-75,2147483647,37,5110,344,8,2147483647,2147483647,2,2147483647,[12],[FDD],"Band Number = 12, Uplink = 698.0 - 716.0 MHz, Downlink = 699.0 - 716.0 MHz ",Unavailable,Unavailable,0,1724707479775,32543.433193628,2024-08-26 17:24:39.775000,-78.6919731,35.7843711,92.4000015258789,campaign_9,35.7843711,-78.6919731,92.4000015258789
4G_LTE,-106,2147483647,-106,-10,-85,2147483647,34,950,311,8,2147483647,2147483647,1,2147483647,[2],[FDD],"Band Number = 2, Uplink = 1850.0 - 1910.0 MHz, Downlink = 1850.0 - 1910.0 MHz ",Unavailable,Unavailable,0,1724707479775,32543.433193628,2024-08-26 17:24:39.775000,-78.6919731,35.7843711,92.4000015258789,campaign_9,35.7843711,-78.6919731,92.4000015258789
4G_LTE,-114,2147483647,-114,-18,-83,2147483647,26,950,436,8,2147483647,2147483647,1,2147483647,[2],[FDD],"Band Number = 2, Uplink = 1850.0 - 1910.0 MHz, Downlink = 1850.0 - 1910.0 MHz ",Unavailable,Unavailable,0,1724707479775,32543.433193628,2024-08-26 17:24:39.775000,-78.6919731,35.7843711,92.4000015258789,campaign_9,35.7843711,-78.6919731,92.4000015258789
4G_LTE,-113,2147483647,-113,-18,-85,2147483647,27,950,380,8,2147483647,2147483647,1,2147483647,[2],[FDD],"Band Number = 2, Uplink = 1850.0 - 1910.0 MHz, Downlink = 1850.0 - 1910.0 MHz ",Unavailable,Unavailable,0,1724707479775,32543.433193628,2024-08-26 17:24:39.775000,-78.6919731,35.7843711,92.4000015258789,campaign_9,35.7843711,-78.6919731,92.4000015258789
4G_LTE,-110,2147483647,-110,-11,-91,2147483647,30,66486,311,8,2147483647,2147483647,1,2147483647,[66],[FDD],"Band Number = 66, Uplink = 1710.0 - 1780.0 MHz, Downlink = 1710.0 - 1780.0 MHz ",Unavailable,Unavailable,0,1724707479775,32543.433193628,2024-08-26 17:24:39.775000,-78.6919731,35.7843711,92.4000015258789,campaign_9,35.7843711,-78.6919731,92.4000015258789
4G_LTE,-118,2147483647,-118,-19,-89,2147483647,22,66486,478,8,2147483647,2147483647,0,2147483647,[66],[FDD],"Band Number = 66, Uplink = 1710.0 - 1780.0 MHz, Downlink = 1710.0 - 1780.0 MHz ",Unavailable,Unavailable,0,1724707479775,32543.433193628,2024-08-26 17:24:39.775000,-78.6919731,35.7843711,92.4000015258789,campaign_9,35.7843711,-78.6919731,92.4000015258789
4G_LTE,-121,2147483647,-121,-20,-91,2147483647,19,66486,502,8,2147483647,2147483647,0,2147483647,[66],[FDD],"Band Number = 66, Uplink = 1710.0 - 1780.0 MHz, Downlink = 1710.0 - 1780.0 MHz ",Unavailable,Unavailable,0,1724707479775,32543.433193628,2024-08-26 17:24:39.775000,-78.6919731,35.7843711,92.4000015258789,campaign_9,35.7843711,-78.6919731,92.4000015258789
4G_LTE,-122,2147483647,-122,-20,-91,2147483647,18,66486,214,8,2147483647,2147483647,0,2147483647,[66],[FDD],"Band Number = 66, Uplink = 1710.0 - 1780.0 MHz, Downlink = 1710.0 - 1780.0 MHz ",Unavailable,Unavailable,0,1724707479775,32543.433193628,2024-08-26 17:24:39.775000,-78.6919731,35.7843711,92.4000015258789,campaign_9,35.7843711,-78.6919731,92.4000015258789
4G_LTE,-113,2147483647,-113,-12,-91,2147483647,27,67086,311,8,2147483647,2147483647,1,2147483647,[66],[FDD],"Band Number = 66, Uplink = 1710.0 - 1780.0 MHz, Downlink = 1710.0 - 1780.0 MHz ",Unavailable,Unavailable,0,1724707479775,32543.433193628,2024-08-26 17:24:39.775000,-78.6919731,35.7843711,92.4000015258789,campaign_9,35.7843711,-78.6919731,92.4000015258789
4G_LTE,-118,2147483647,-118,-16,-91,2147483647,22,67086,322,8,2147483647,2147483647,0,2147483647,[66],[FDD],"Band Number = 66, Uplink = 1710.0 - 1780.0 MHz, Downlink = 1710.0 - 1780.0 MHz ",Unavailable,Unavailable,0,1724707479775,32543.433193628,2024-08-26 17:24:39.775000,-78.6919731,35.7843711,92.4000015258789,campaign_9,35.7843711,-78.6919731,92.4000015258789
4G_LTE,-116,2147483647,-116,-17,-89,2147483647,24,67086,368,8,2147483647,2147483647,0,2147483647,[66],[FDD],"Band Number = 66, Uplink = 1710.0 - 1780.0 MHz, Downlink = 1710.0 - 1780.0 MHz ",Unavailable,Unavailable,0,1724707479775,32543.433193628,2024-08-26 17:24:39.775000,-78.6919731,35.7843711,92.4000015258789,campaign_9,35.7843711,-78.6919731,92.4000015258789
4G_LTE,-118,2147483647,-118,-17,-91,2147483647,22,67086,178,8,2147483647,2147483647,0,2147483647,[66],[FDD],"Band Number = 66, Uplink = 1710.0 - 1780.0 MHz, Downlink = 1710.0 - 1780.0 MHz ",Unavailable,Unavailable,0,1724707479775,32543.433193628,2024-08-26 17:24:39.775000,-78.6919731,35.7843711,92.4000015258789,campaign_9,35.7843711,-78.6919731,92.4000015258789
4G_LTE,-102,2147483647,-102,-18,-75,2147483647,38,5110,338,8,2147483647,2147483647,2,2147483647,[12],[FDD],"Band Number = 12, Uplink = 698.0 - 716.0 MHz, Downlink = 699.0 - 716.0 MHz ",Unavailable,Unavailable,0,1724707480779,32544.436719981,2024-08-26 17:24:40.779000,-78.69189872316117,35.78437903155277,92.26564688149885,campaign_9,35.78437903155277,-78.69189872316117,92.26564688149885
4G_LTE,-94,6,-94,-12,-67,2147483647,46,5110,101,8,196875793,9995,3,2147483647,[12],[FDD],"Band Number = 12, Uplink = 698.0 - 716.0 MHz, Downlink = 699.0 - 716.0 MHz ",310,410,1,1724707480779,32544.436719981,2024-08-26 17:24:40.779000,-78.69189872316117,35.78437903155277,92.26564688149885,campaign_9,35.78437903155277,-78.69189872316117,92.26564688149885
4G_LTE,-103,2147483647,-103,-17,-75,2147483647,37,5110,344,8,2147483647,2147483647,2,2147483647,[12],[FDD],"Band Number = 12, Uplink = 698.0 - 716.0 MHz, Downlink = 699.0 - 716.0 MHz ",Unavailable,Unavailable,0,1724707480779,32544.436719981,2024-08-26 17:24:40.779000,-78.69189872316117,35.78437903155277,92.26564688149885,campaign_9,35.78437903155277,-78.69189872316117,92.26564688149885
4G_LTE,-106,2147483647,-106,-10,-85,2147483647,34,950,311,8,2147483647,2147483647,1,2147483647,[2],[FDD],"Band Number = 2, Uplink = 1850.0 - 1910.0 MHz, Downlink = 1850.0 - 1910.0 MHz ",Unavailable,Unavailable,0,1724707480779,32544.436719981,2024-08-26 17:24:40.779000,-78.69189872316117,35.78437903155277,92.26564688149885,campaign_9,35.78437903155277,-78.69189872316117,92.26564688149885
4G_LTE,-114,2147483647,-114,-18,-83,2147483647,26,950,436,8,2147483647,2147483647,1,2147483647,[2],[FDD],"Band Number = 2, Uplink = 1850.0 - 1910.0 MHz, Downlink = 1850.0 - 1910.0 MHz ",Unavailable,Unavailable,0,1724707480779,32544.436719981,2024-08-26 17:24:40.779000,-78.69189872316117,35.78437903155277,92.26564688149885,campaign_9,35.78437903155277,-78.69189872316117,92.26564688149885
4G_LTE,-113,2147483647,-113,-18,-85,2147483647,27,950,380,8,2147483647,2147483647,1,2147483647,[2],[FDD],"Band Number = 2, Uplink = 1850.0 - 1910.0 MHz, Downlink = 1850.0 - 1910.0 MHz ",Unavailable,Unavailable,0,1724707480779,32544.436719981,2024-08-26 17:24:40.779000,-78.69189872316117,35.78437903155277,92.26564688149885,campaign_9,35.78437903155277,-78.69189872316117,92.26564688149885
4G_LTE,-110,2147483647,-110,-11,-91,2147483647,30,66486,311,8,2147483647,2147483647,1,2147483647,[66],[FDD],"Band Number = 66, Uplink = 1710.0 - 1780.0 MHz, Downlink = 1710.0 - 1780.0 MHz ",Unavailable,Unavailable,0,1724707480779,32544.436719981,2024-08-26 17:24:40.779000,-78.69189872316117,35.78437903155277,92.26564688149885,campaign_9,35.78437903155277,-78.69189872316117,92.26564688149885
4G_LTE,-118,2147483647,-118,-19,-89,2147483647,22,66486,478,8,2147483647,2147483647,0,2147483647,[66],[FDD],"Band Number = 66, Uplink = 1710.0 - 1780.0 MHz, Downlink = 1710.0 - 1780.0 MHz ",Unavailable,Unavailable,0,1724707480779,32544.436719981,2024-08-26 17:24:40.779000,-78.69189872316117,35.78437903155277,92.26564688149885,campaign_9,35.78437903155277,-78.69189872316117,92.26564688149885
4G_LTE,-121,2147483647,-121,-20,-91,2147483647,19,66486,502,8,2147483647,2147483647,0,2147483647,[66],[FDD],"Band Number = 66, Uplink = 1710.0 - 1780.0 MHz, Downlink = 1710.0 - 1780.0 MHz ",Unavailable,Unavailable,0,1724707480779,32544.436719981,2024-08-26 17:24:40.779000,-78.69189872316117,35.78437903155277,92.26564688149885,campaign_9,35.78437903155277,-78.69189872316117,92.26564688149885
4G_LTE,-122,2147483647,-122,-20,-91,2147483647,18,66486,214,8,2147483647,2147483647,0,2147483647,[66],[FDD],"Band Number = 66, Uplink = 1710.0 - 1780.0 MHz, Downlink = 1710.0 - 1780.0 MHz ",Unavailable,Unavailable,0,1724707480779,32544.436719981,2024-08-26 17:24:40.779000,-78.69189872316117,35.78437903155277,92.26564688149885,campaign_9,35.78437903155277,-78.69189872316117,92.26564688149885
4G_LTE,-113,2147483647,-113,-12,-91,2147483647,27,67086,311,8,2147483647,2147483647,1,2147483647,[66],[FDD],"Band Number = 66, Uplink = 1710.0 - 1780.0 MHz, Downlink = 1710.0 - 1780.0 MHz ",Unavailable,Unavailable,0,1724707480779,32544.436719981,2024-08-26 17:24:40.779000,-78.69189872316117,35.78437903155277,92.26564688149885,campaign_9,35.78437903155277,-78.69189872316117,92.26564688149885
4G_LTE,-118,2147483647,-118,-16,-91,2147483647,22,67086,322,8,2147483647,2147483647,0,2147483647,[66],[FDD],"Band Number = 66, Uplink = 1710.0 - 1780.0 MHz, Downlink = 1710.0 - 1780.0 MHz ",Unavailable,Unavailable,0,1724707480779,32544.436719981,2024-08-26 17:24:40.779000,-78.69189872316117,35.78437903155277,92.26564688149885,campaign_9,35.78437903155277,-78.69189872316117,92.26564688149885
4G_LTE,-116,2147483647,-116,-17,-89,2147483647,24,67086,368,8,2147483647,2147483647,0,2147483647,[66],[FDD],"Band Number = 66, Uplink = 1710.0 - 1780.0 MHz, Downlink = 1710.0 - 1780.0 MHz ",Unavailable,Unavailable,0,1724707480779,32544.436719981,2024-08-26 17:24:40.779000,-78.69189872316117,35.78437903155277,92.26564688149885,campaign_9,35.78437903155277,-78.69189872316117,92.26564688149885
4G_LTE,-118,2147483647,-118,-17,-91,2147483647,22,67086,178,8,2147483647,2147483647,0,2147483647,[66],[FDD],"Band Number = 66, Uplink = 1710.0 - 1780.0 MHz, Downlink = 1710.0 - 1780.0 MHz ",Unavailable,Unavailable,0,1724707480779,32544.436719981,2024-08-26 17:24:40.779000,-78.69189872316117,35.78437903155277,92.26564688149885,campaign_9,35.78437903155277,-78.69189872316117,92.26564688149885
4G_LTE,-102,2147483647,-102,-18,-73,2147483647,38,5110,344,8,2147483647,2147483647,2,2147483647,[12],[FDD],"Band Number = 12, Uplink = 698.0 - 716.0 MHz, Downlink = 699.0 - 716.0 MHz ",Unavailable,Unavailable,0,1724707481779,32545.43683446,2024-08-26 17:24:41.779000,-78.6918246426444,35.784386931505715,92.13182751458645,campaign_9,35.784386931505715,-78.6918246426444,92.13182751458645
4G_LTE,-92,6,-92,-10,-65,2147483647,48,5110,101,8,196875793,9995,3,2147483647,[12],[FDD],"Band Number = 12, Uplink = 698.0 - 716.0 MHz, Downlink = 699.0 - 716.0 MHz ",310,410,1,1724707481779,32545.43683446,2024-08-26 17:24:41.779000,-78.6918246426444,35.784386931505715,92.13182751458645,campaign_9,35.784386931505715,-78.6918246426444,92.13182751458645
4G_LTE,-105,2147483647,-105,-13,-81,2147483647,35,950,311,8,2147483647,2147483647,2,2147483647,[2],[FDD],"Band Number = 2, Uplink = 1850.0 - 1910.0 MHz, Downlink = 1850.0 - 1910.0 MHz ",Unavailable,Unavailable,0,1724707481779,32545.43683446,2024-08-26 17:24:41.779000,-78.6918246426444,35.784386931505715,92.13182751458645,campaign_9,35.784386931505715,-78.6918246426444,92.13182751458645
4G_LTE,-114,2147483647,-114,-18,-83,2147483647,26,950,436,8,2147483647,2147483647,1,2147483647,[2],[FDD],"Band Number = 2, Uplink = 1850.0 - 1910.0 MHz, Downlink = 1850.0 - 1910.0 MHz ",Unavailable,Unavailable,0,1724707481779,32545.43683446,2024-08-26 17:24:41.779000,-78.6918246426444,35.784386931505715,92.13182751458645,campaign_9,35.784386931505715,-78.6918246426444,92.13182751458645
4G_LTE,-115,2147483647,-115,-20,-85,2147483647,25,950,380,8,2147483647,2147483647,1,2147483647,[2],[FDD],"Band Number = 2, Uplink = 1850.0 - 1910.0 MHz, Downlink = 1850.0 - 1910.0 MHz ",Unavailable,Unavailable,0,1724707481779,32545.43683446,2024-08-26 17:24:41.779000,-78.6918246426444,35.784386931505715,92.13182751458645,campaign_9,35.784386931505715,-78.6918246426444,92.13182751458645
4G_LTE,-110,2147483647,-110,-12,-87,2147483647,30,66486,311,8,2147483647,2147483647,1,2147483647,[66],[FDD],"Band Number = 66, Uplink = 1710.0 - 1780.0 MHz, Downlink = 1710.0 - 1780.0 MHz ",Unavailable,Unavailable,0,1724707481779,32545.43683446,2024-08-26 17:24:41.779000,-78.6918246426444,35.784386931505715,92.13182751458645,campaign_9,35.784386931505715,-78.6918246426444,92.13182751458645
4G_LTE,-114,2147483647,-114,-15,-87,2147483647,26,66486,478,8,2147483647,2147483647,1,2147483647,[66],[FDD],"Band Number = 66, Uplink = 1710.0 - 1780.0 MHz, Downlink = 1710.0 - 1780.0 MHz ",Unavailable,Unavailable,0,1724707481779,32545.43683446,2024-08-26 17:24:41.779000,-78.6918246426444,35.784386931505715,92.13182751458645,campaign_9,35.784386931505715,-78.6918246426444,92.13182751458645
4G_LTE,-118,2147483647,-118,-19,-87,2147483647,22,66486,502,8,2147483647,2147483647,0,2147483647,[66],[FDD],"Band Number = 66, Uplink = 1710.0 - 1780.0 MHz, Downlink = 1710.0 - 1780.0 MHz ",Unavailable,Unavailable,0,1724707481779,32545.43683446,2024-08-26 17:24:41.779000,-78.6918246426444,35.784386931505715,92.13182751458645,campaign_9,35.784386931505715,-78.6918246426444,92.13182751458645
4G_LTE,-122,2147483647,-122,-20,-91,2147483647,18,66486,214,8,2147483647,2147483647,0,2147483647,[66],[FDD],"Band Number = 66, Uplink = 1710.0 - 1780.0 MHz, Downlink = 1710.0 - 1780.0 MHz ",Unavailable,Unavailable,0,1724707481779,32545.43683446,2024-08-26 17:24:41.779000,-78.6918246426444,35.784386931505715,92.13182751458645,campaign_9,35.784386931505715,-78.6918246426444,92.13182751458645
4G_LTE,-110,2147483647,-110,-12,-89,2147483647,30,67086,311,8,2147483647,2147483647,1,2147483647,[66],[FDD],"Band Number = 66, Uplink = 1710.0 - 1780.0 MHz, Downlink = 1710.0 - 1780.0 MHz ",Unavailable,Unavailable,0,1724707481779,32545.43683446,2024-08-26 17:24:41.779000,-78.6918246426444,35.784386931505715,92.13182751458645,campaign_9,35.784386931505715,-78.6918246426444,92.13182751458645
4G_LTE,-119,2147483647,-119,-20,-89,2147483647,21,67086,322,8,2147483647,2147483647,0,2147483647,[66],[FDD],"Band Number = 66, Uplink = 1710.0 - 1780.0 MHz, Downlink = 1710.0 - 1780.0 MHz ",Unavailable,Unavailable,0,1724707481779,32545.43683446,2024-08-26 17:24:41.779000,-78.6918246426444,35.784386931505715,92.13182751458645,campaign_9,35.784386931505715,-78.6918246426444,92.13182751458645
4G_LTE,-116,2147483647,-116,-18,-89,2147483647,24,67086,368,8,2147483647,2147483647,0,2147483647,[66],[FDD],"Band Number = 66, Uplink = 1710.0 - 1780.0 MHz, Downlink = 1710.0 - 1780.0 MHz ",Unavailable,Unavailable,0,1724707481779,32545.43683446,2024-08-26 17:24:41.779000,-78.6918246426444,35.784386931505715,92.13182751458645,campaign_9,35.784386931505715,-78.6918246426444,92.13182751458645
4G_LTE,-118,2147483647,-118,-17,-91,2147483647,22,67086,178,8,2147483647,2147483647,0,2147483647,[66],[FDD],"Band Number = 66, Uplink = 1710.0 - 1780.0 MHz, Downlink = 1710.0 - 1780.0 MHz ",Unavailable,Unavailable,0,1724707481779,32545.43683446,2024-08-26 17:24:41.779000,-78.6918246426444,35.784386931505715,92.13182751458645,campaign_9,35.784386931505715,-78.6918246426444,92.13182751458645
4G_LTE,-102,2147483647,-102,-18,-73,2147483647,38,5110,344,8,2147483647,2147483647,2,2147483647,[12],[FDD],"Band Number = 12, Uplink = 698.0 - 716.0 MHz, Downlink = 699.0 - 716.0 MHz ",Unavailable,Unavailable,0,1724707482783,32546.440502012,2024-08-26 17:24:42.783000,-78.69175026580558,35.78439486305848,91.9974728702064,campaign_9,35.78439486305848,-78.69175026580558,91.9974728702064
4G_LTE,-92,6,-92,-10,-65,2147483647,48,5110,101,8,196875793,9995,3,2147483647,[12],[FDD],"Band Number = 12, Uplink = 698.0 - 716.0 MHz, Downlink = 699.0 - 716.0 MHz ",310,410,1,1724707482783,32546.440502012,2024-08-26 17:24:42.783000,-78.69175026580558,35.78439486305848,91.9974728702064,campaign_9,35.78439486305848,-78.69175026580558,91.9974728702064
4G_LTE,-105,2147483647,-105,-13,-81,2147483647,35,950,311,8,2147483647,2147483647,2,2147483647,[2],[FDD],"Band Number = 2, Uplink = 1850.0 - 1910.0 MHz, Downlink = 1850.0 - 1910.0 MHz ",Unavailable,Unavailable,0,1724707482783,32546.440502012,2024-08-26 17:24:42.783000,-78.69175026580558,35.78439486305848,91.9974728702064,campaign_9,35.78439486305848,-78.69175026580558,91.9974728702064
4G_LTE,-114,2147483647,-114,-18,-83,2147483647,26,950,436,8,2147483647,2147483647,1,2147483647,[2],[FDD],"Band Number = 2, Uplink = 1850.0 - 1910.0 MHz, Downlink = 1850.0 - 1910.0 MHz ",Unavailable,Unavailable,0,1724707482783,32546.440502012,2024-08-26 17:24:42.783000,-78.69175026580558,35.78439486305848,91.9974728702064,campaign_9,35.78439486305848,-78.69175026580558,91.9974728702064
4G_LTE,-115,2147483647,-115,-20,-85,2147483647,25,950,380,8,2147483647,2147483647,1,2147483647,[2],[FDD],"Band Number = 2, Uplink = 1850.0 - 1910.0 MHz, Downlink = 1850.0 - 1910.0 MHz ",Unavailable,Unavailable,0,1724707482783,32546.440502012,2024-08-26 17:24:42.783000,-78.69175026580558,35.78439486305848,91.9974728702064,campaign_9,35.78439486305848,-78.69175026580558,91.9974728702064
4G_LTE,-110,2147483647,-110,-12,-87,2147483647,30,66486,311,8,2147483647,2147483647,1,2147483647,[66],[FDD],"Band Number = 66, Uplink = 1710.0 - 1780.0 MHz, Downlink = 1710.0 - 1780.0 MHz ",Unavailable,Unavailable,0,1724707482783,32546.440502012,2024-08-26 17:24:42.783000,-78.69175026580558,35.78439486305848,91.9974728702064,campaign_9,35.78439486305848,-78.69175026580558,91.9974728702064
4G_LTE,-114,2147483647,-114,-15,-87,2147483647,26,66486,478,8,2147483647,2147483647,1,2147483647,[66],[FDD],"Band Number = 66, Uplink = 1710.0 - 1780.0 MHz, Downlink = 1710.0 - 1780.0 MHz ",Unavailable,Unavailable,0,1724707482783,32546.440502012,2024-08-26 17:24:42.783000,-78.69175026580558,35.78439486305848,91.9974728702064,campaign_9,35.78439486305848,-78.69175026580558,91.9974728702064
4G_LTE,-118,2147483647,-118,-19,-87,2147483647,22,66486,502,8,2147483647,2147483647,0,2147483647,[66],[FDD],"Band Number = 66, Uplink = 1710.0 - 1780.0 MHz, Downlink = 1710.0 - 1780.0 MHz ",Unavailable,Unavailable,0,1724707482783,32546.440502012,2024-08-26 17:24:42.783000,-78.69175026580558,35.78439486305848,91.9974728702064,campaign_9,35.78439486305848,-78.69175026580558,91.9974728702064
4G_LTE,-122,2147483647,-122,-20,-91,2147483647,18,66486,214,8,2147483647,2147483647,0,2147483647,[66],[FDD],"Band Number = 66, Uplink = 1710.0 - 1780.0 MHz, Downlink = 1710.0 - 1780.0 MHz ",Unavailable,Unavailable,0,1724707482783,32546.440502012,2024-08-26 17:24:42.783000,-78.69175026580558,35.78439486305848,91.9974728702064,campaign_9,35.78439486305848,-78.69175026580558,91.9974728702064
4G_LTE,-110,2147483647,-110,-12,-89,2147483647,30,67086,311,8,2147483647,2147483647,1,2147483647,[66],[FDD],"Band Number = 66, Uplink = 1710.0 - 1780.0 MHz, Downlink = 1710.0 - 1780.0 MHz ",Unavailable,Unavailable,0,1724707482783,32546.440502012,2024-08-26 17:24:42.783000,-78.69175026580558,35.78439486305848,91.9974728702064,campaign_9,35.78439486305848,-78.69175026580558,91.9974728702064
4G_LTE,-119,2147483647,-119,-20,-89,2147483647,21,67086,322,8,2147483647,2147483647,0,2147483647,[66],[FDD],"Band Number = 66, Uplink = 1710.0 - 1780.0 MHz, Downlink = 1710.0 - 1780.0 MHz ",Unavailable,Unavailable,0,1724707482783,32546.440502012,2024-08-26 17:24:42.783000,-78.69175026580558,35.78439486305848,91.9974728702064,campaign_9,35.78439486305848,-78.69175026580558,91.9974728702064
4G_LTE,-116,2147483647,-116,-18,-89,2147483647,24,67086,368,8,2147483647,2147483647,0,2147483647,[66],[FDD],"Band Number = 66, Uplink = 1710.0 - 1780.0 MHz, Downlink = 1710.0 - 1780.0 MHz ",Unavailable,Unavailable,0,1724707482783,32546.440502012,2024-08-26 17:24:42.783000,-78.69175026580558,35.78439486305848,91.9974728702064,campaign_9,35.78439486305848,-78.69175026580558,91.9974728702064
4G_LTE,-118,2147483647,-118,-17,-91,2147483647,22,67086,178,8,2147483647,2147483647,0,2147483647,[66],[FDD],"Band Number = 66, Uplink = 1710.0 - 1780.0 MHz, Downlink = 1710.0 - 1780.0 MHz ",Unavailable,Unavailable,0,1724707482783,32546.440502012,2024-08-26 17:24:42.783000,-78.69175026580558,35.78439486305848,91.9974728702064,campaign_9,35.78439486305848,-78.69175026580558,91.9974728702064
4G_LTE,-102,2147483647,-102,-19,-73,2147483647,38,5110,344,8,2147483647,2147483647,2,2147483647,[12],[FDD],"Band Number = 12, Uplink = 698.0 - 716.0 MHz, Downlink = 699.0 - 716.0 MHz ",Unavailable,Unavailable,0,1724707483787,32547.444985137,2024-08-26 17:24:43.787000,-78.69167588896676,35.784402794611246,91.86311822582634,campaign_9,35.784402794611246,-78.69167588896676,91.86311822582634
4G_LTE,-95,6,-95,-13,-63,2147483647,45,5110,101,8,196875793,9995,3,2147483647,[12],[FDD],"Band Number = 12, Uplink = 698.0 - 716.0 MHz, Downlink = 699.0 - 716.0 MHz ",310,410,1,1724707483787,32547.444985137,2024-08-26 17:24:43.787000,-78.69167588896676,35.784402794611246,91.86311822582634,campaign_9,35.784402794611246,-78.69167588896676,91.86311822582634
4G_LTE,-106,2147483647,-106,-11,-85,2147483647,34,950,311,8,2147483647,2147483647,1,2147483647,[2],[FDD],"Band Number = 2, Uplink = 1850.0 - 1910.0 MHz, Downlink = 1850.0 - 1910.0 MHz ",Unavailable,Unavailable,0,1724707483787,32547.444985137,2024-08-26 17:24:43.787000,-78.69167588896676,35.784402794611246,91.86311822582634,campaign_9,35.784402794611246,-78.69167588896676,91.86311822582634
4G_LTE,-114,2147483647,-114,-18,-83,2147483647,26,950,436,8,2147483647,2147483647,1,2147483647,[2],[FDD],"Band Number = 2, Uplink = 1850.0 - 1910.0 MHz, Downlink = 1850.0 - 1910.0 MHz ",Unavailable,Unavailable,0,1724707483787,32547.444985137,2024-08-26 17:24:43.787000,-78.69167588896676,35.784402794611246,91.86311822582634,campaign_9,35.784402794611246,-78.69167588896676,91.86311822582634
4G_LTE,-115,2147483647,-115,-20,-85,2147483647,25,950,380,8,2147483647,2147483647,1,2147483647,[2],[FDD],"Band Number = 2, Uplink = 1850.0 - 1910.0 MHz, Downlink = 1850.0 - 1910.0 MHz ",Unavailable,Unavailable,0,1724707483787,32547.444985137,2024-08-26 17:24:43.787000,-78.69167588896676,35.784402794611246,91.86311822582634,campaign_9,35.784402794611246,-78.69167588896676,91.86311822582634
4G_LTE,-110,2147483647,-110,-11,-89,2147483647,30,66486,311,8,2147483647,2147483647,1,2147483647,[66],[FDD],"Band Number = 66, Uplink = 1710.0 - 1780.0 MHz, Downlink = 1710.0 - 1780.0 MHz ",Unavailable,Unavailable,0,1724707483787,32547.444985137,2024-08-26 17:24:43.787000,-78.69167588896676,35.784402794611246,91.86311822582634,campaign_9,35.784402794611246,-78.69167588896676,91.86311822582634
4G_LTE,-117,2147483647,-117,-19,-85,2147483647,23,66486,478,8,2147483647,2147483647,0,2147483647,[66],[FDD],"Band Number = 66, Uplink = 1710.0 - 1780.0 MHz, Downlink = 1710.0 - 1780.0 MHz ",Unavailable,Unavailable,0,1724707483787,32547.444985137,2024-08-26 17:24:43.787000,-78.69167588896676,35.784402794611246,91.86311822582634,campaign_9,35.784402794611246,-78.69167588896676,91.86311822582634
4G_LTE,-122,2147483647,-122,-17,-89,2147483647,18,66486,502,8,2147483647,2147483647,0,2147483647,[66],[FDD],"Band Number = 66, Uplink = 1710.0 - 1780.0 MHz, Downlink = 1710.0 - 1780.0 MHz ",Unavailable,Unavailable,0,1724707483787,32547.444985137,2024-08-26 17:24:43.787000,-78.69167588896676,35.784402794611246,91.86311822582634,campaign_9,35.784402794611246,-78.69167588896676,91.86311822582634
4G_LTE,-118,2147483647,-118,-16,-91,2147483647,22,66486,214,8,2147483647,2147483647,0,2147483647,[66],[FDD],"Band Number = 66, Uplink = 1710.0 - 1780.0 MHz, Downlink = 1710.0 - 1780.0 MHz ",Unavailable,Unavailable,0,1724707483787,32547.444985137,2024-08-26 17:24:43.787000,-78.69167588896676,35.784402794611246,91.86311822582634,campaign_9,35.784402794611246,-78.69167588896676,91.86311822582634
4G_LTE,-117,2147483647,-117,-15,-89,2147483647,23,66486,368,8,2147483647,2147483647,0,2147483647,[66],[FDD],"Band Number = 66, Uplink = 1710.0 - 1780.0 MHz, Downlink = 1710.0 - 1780.0 MHz ",Unavailable,Unavailable,0,1724707483787,32547.444985137,2024-08-26 17:24:43.787000,-78.69167588896676,35.784402794611246,91.86311822582634,campaign_9,35.784402794611246,-78.69167588896676,91.86311822582634
4G_LTE,-115,2147483647,-115,-13,-89,2147483647,25,67086,311,8,2147483647,2147483647,1,2147483647,[66],[FDD],"Band Number = 66, Uplink = 1710.0 - 1780.0 MHz, Downlink = 1710.0 - 1780.0 MHz ",Unavailable,Unavailable,0,1724707483787,32547.444985137,2024-08-26 17:24:43.787000,-78.69167588896676,35.784402794611246,91.86311822582634,campaign_9,35.784402794611246,-78.69167588896676,91.86311822582634
4G_LTE,-120,2147483647,-120,-17,-89,2147483647,20,67086,322,8,2147483647,2147483647,0,2147483647,[66],[FDD],"Band Number = 66, Uplink = 1710.0 - 1780.0 MHz, Downlink = 1710.0 - 1780.0 MHz ",Unavailable,Unavailable,0,1724707483787,32547.444985137,2024-08-26 17:24:43.787000,-78.69167588896676,35.784402794611246,91.86311822582634,campaign_9,35.784402794611246,-78.69167588896676,91.86311822582634
4G_LTE,-119,2147483647,-119,-19,-89,2147483647,21,67086,368,8,2147483647,2147483647,0,2147483647,[66],[FDD],"Band Number = 66, Uplink = 1710.0 - 1780.0 MHz, Downlink = 1710.0 - 1780.0 MHz ",Unavailable,Unavailable,0,1724707483787,32547.444985137,2024-08-26 17:24:43.787000,-78.69167588896676,35.784402794611246,91.86311822582634,campaign_9,35.784402794611246,-78.69167588896676,91.86311822582634
4G_LTE,-122,2147483647,-122,-19,-91,2147483647,18,67086,178,8,2147483647,2147483647,0,2147483647,[66],[FDD],"Band Number = 66, Uplink = 1710.0 - 1780.0 MHz, Downlink = 1710.0 - 1780.0 MHz ",Unavailable,Unavailable,0,1724707483787,32547.444985137,2024-08-26 17:24:43.787000,-78.69167588896676,35.784402794611246,91.86311822582634,campaign_9,35.784402794611246,-78.69167588896676,91.86311822582634
4G_LTE,-102,2147483647,-102,-19,-73,2147483647,38,5110,344,8,2147483647,2147483647,2,2147483647,[12],[FDD],"Band Number = 12, Uplink = 698.0 - 716.0 MHz, Downlink = 699.0 - 716.0 MHz ",Unavailable,Unavailable,0,1724707484787,32548.444742011,2024-08-26 17:24:44.787000,-78.69160180845,35.7844106945642,91.72929885891394,campaign_9,35.7844106945642,-78.69160180845,91.72929885891394
4G_LTE,-95,6,-95,-13,-63,2147483647,45,5110,101,8,196875793,9995,3,2147483647,[12],[FDD],"Band Number = 12, Uplink = 698.0 - 716.0 MHz, Downlink = 699.0 - 716.0 MHz ",310,410,1,1724707484787,32548.444742011,2024-08-26 17:24:44.787000,-78.69160180845,35.7844106945642,91.72929885891394,campaign_9,35.7844106945642,-78.69160180845,91.72929885891394
4G_LTE,-106,2147483647,-106,-11,-85,2147483647,34,950,311,8,2147483647,2147483647,1,2147483647,[2],[FDD],"Band Number = 2, Uplink = 1850.0 - 1910.0 MHz, Downlink = 1850.0 - 1910.0 MHz ",Unavailable,Unavailable,0,1724707484787,32548.444742011,2024-08-26 17:24:44.787000,-78.69160180845,35.7844106945642,91.72929885891394,campaign_9,35.7844106945642,-78.69160180845,91.72929885891394
4G_LTE,-114,2147483647,-114,-18,-83,2147483647,26,950,436,8,2147483647,2147483647,1,2147483647,[2],[FDD],"Band Number = 2, Uplink = 1850.0 - 1910.0 MHz, Downlink = 1850.0 - 1910.0 MHz ",Unavailable,Unavailable,0,1724707484787,32548.444742011,2024-08-26 17:24:44.787000,-78.69160180845,35.7844106945642,91.72929885891394,campaign_9,35.7844106945642,-78.69160180845,91.72929885891394
4G_LTE,-115,2147483647,-115,-20,-85,2147483647,25,950,380,8,2147483647,2147483647,1,2147483647,[2],[FDD],"Band Number = 2, Uplink = 1850.0 - 1910.0 MHz, Downlink = 1850.0 - 1910.0 MHz ",Unavailable,Unavailable,0,1724707484787,32548.444742011,2024-08-26 17:24:44.787000,-78.69160180845,35.7844106945642,91.72929885891394,campaign_9,35.7844106945642,-78.69160180845,91.72929885891394
4G_LTE,-110,2147483647,-110,-11,-89,2147483647,30,66486,311,8,2147483647,2147483647,1,2147483647,[66],[FDD],"Band Number = 66, Uplink = 1710.0 - 1780.0 MHz, Downlink = 1710.0 - 1780.0 MHz ",Unavailable,Unavailable,0,1724707484787,32548.444742011,2024-08-26 17:24:44.787000,-78.69160180845,35.7844106945642,91.72929885891394,campaign_9,35.7844106945642,-78.69160180845,91.72929885891394
4G_LTE,-117,2147483647,-117,-19,-85,2147483647,23,66486,478,8,2147483647,2147483647,0,2147483647,[66],[FDD],"Band Number = 66, Uplink = 1710.0 - 1780.0 MHz, Downlink = 1710.0 - 1780.0 MHz ",Unavailable,Unavailable,0,1724707484787,32548.444742011,2024-08-26 17:24:44.787000,-78.69160180845,35.7844106945642,91.72929885891394,campaign_9,35.7844106945642,-78.69160180845,91.72929885891394
4G_LTE,-122,2147483647,-122,-17,-89,2147483647,18,66486,502,8,2147483647,2147483647,0,2147483647,[66],[FDD],"Band Number = 66, Uplink = 1710.0 - 1780.0 MHz, Downlink = 1710.0 - 1780.0 MHz ",Unavailable,Unavailable,0,1724707484787,32548.444742011,2024-08-26 17:24:44.787000,-78.69160180845,35.7844106945642,91.72929885891394,campaign_9,35.7844106945642,-78.69160180845,91.72929885891394
4G_LTE,-118,2147483647,-118,-16,-91,2147483647,22,66486,214,8,2147483647,2147483647,0,2147483647,[66],[FDD],"Band Number = 66, Uplink = 1710.0 - 1780.0 MHz, Downlink = 1710.0 - 1780.0 MHz ",Unavailable,Unavailable,0,1724707484787,32548.444742011,2024-08-26 17:24:44.787000,-78.69160180845,35.7844106945642,91.72929885891394,campaign_9,35.7844106945642,-78.69160180845,91.72929885891394
4G_LTE,-117,2147483647,-117,-15,-89,2147483647,23,66486,368,8,2147483647,2147483647,0,2147483647,[66],[FDD],"Band Number = 66, Uplink = 1710.0 - 1780.0 MHz, Downlink = 1710.0 - 1780.0 MHz ",Unavailable,Unavailable,0,1724707484787,32548.444742011,2024-08-26 17:24:44.787000,-78.69160180845,35.7844106945642,91.72929885891394,campaign_9,35.7844106945642,-78.69160180845,91.72929885891394
4G_LTE,-115,2147483647,-115,-13,-89,2147483647,25,67086,311,8,2147483647,2147483647,1,2147483647,[66],[FDD],"Band Number = 66, Uplink = 1710.0 - 1780.0 MHz, Downlink = 1710.0 - 1780.0 MHz ",Unavailable,Unavailable,0,1724707484787,32548.444742011,2024-08-26 17:24:44.787000,-78.69160180845,35.7844106945642,91.72929885891394,campaign_9,35.7844106945642,-78.69160180845,91.72929885891394
4G_LTE,-120,2147483647,-120,-17,-89,2147483647,20,67086,322,8,2147483647,2147483647,0,2147483647,[66],[FDD],"Band Number = 66, Uplink = 1710.0 - 1780.0 MHz, Downlink = 1710.0 - 1780.0 MHz ",Unavailable,Unavailable,0,1724707484787,32548.444742011,2024-08-26 17:24:44.787000,-78.69160180845,35.7844106945642,91.72929885891394,campaign_9,35.7844106945642,-78.69160180845,91.72929885891394
4G_LTE,-119,2147483647,-119,-19,-89,2147483647,21,67086,368,8,2147483647,2147483647,0,2147483647,[66],[FDD],"Band Number = 66, Uplink = 1710.0 - 1780.0 MHz, Downlink = 1710.0 - 1780.0 MHz ",Unavailable,Unavailable,0,1724707484787,32548.444742011,2024-08-26 17:24:44.787000,-78.69160180845,35.7844106945642,91.72929885891394,campaign_9,35.7844106945642,-78.69160180845,91.72929885891394
4G_LTE,-122,2147483647,-122,-19,-91,2147483647,18,67086,178,8,2147483647,2147483647,0,2147483647,[66],[FDD],"Band Number = 66, Uplink = 1710.0 - 1780.0 MHz, Downlink = 1710.0 - 1780.0 MHz ",Unavailable,Unavailable,0,1724707484787,32548.444742011,2024-08-26 17:24:44.787000,-78.69160180845,35.7844106945642,91.72929885891394,campaign_9,35.7844106945642,-78.69160180845,91.72929885891394
4G_LTE,-103,2147483647,-103,-19,-75,2147483647,37,5110,344,7,2147483647,2147483647,2,2147483647,[12],[FDD],"Band Number = 12, Uplink = 698.0 - 716.0 MHz, Downlink = 699.0 - 716.0 MHz ",Unavailable,Unavailable,0,1724707485789,32549.446413573,2024-08-26 17:24:45.789000,-78.6915275797722,35.784418610317054,91.5952118532677,campaign_9,35.784418610317054,-78.6915275797722,91.5952118532677
4G_LTE,-94,6,-94,-11,-65,2147483647,46,5110,101,7,196875793,9995,3,2147483647,[12],[FDD],"Band Number = 12, Uplink = 698.0 - 716.0 MHz, Downlink = 699.0 - 716.0 MHz ",310,410,1,1724707485789,32549.446413573,2024-08-26 17:24:45.789000,-78.6915275797722,35.784418610317054,91.5952118532677,campaign_9,35.784418610317054,-78.6915275797722,91.5952118532677
4G_LTE,-105,2147483647,-105,-11,-87,2147483647,35,950,311,7,2147483647,2147483647,2,2147483647,[2],[FDD],"Band Number = 2, Uplink = 1850.0 - 1910.0 MHz, Downlink = 1850.0 - 1910.0 MHz ",Unavailable,Unavailable,0,1724707485789,32549.446413573,2024-08-26 17:24:45.789000,-78.6915275797722,35.784418610317054,91.5952118532677,campaign_9,35.784418610317054,-78.6915275797722,91.5952118532677
4G_LTE,-117,2147483647,-117,-20,-87,2147483647,23,950,436,7,2147483647,2147483647,0,2147483647,[2],[FDD],"Band Number = 2, Uplink = 1850.0 - 1910.0 MHz, Downlink = 1850.0 - 1910.0 MHz ",Unavailable,Unavailable,0,1724707485789,32549.446413573,2024-08-26 17:24:45.789000,-78.6915275797722,35.784418610317054,91.5952118532677,campaign_9,35.784418610317054,-78.6915275797722,91.5952118532677
4G_LTE,-115,2147483647,-115,-20,-85,2147483647,25,950,380,7,2147483647,2147483647,1,2147483647,[2],[FDD],"Band Number = 2, Uplink = 1850.0 - 1910.0 MHz, Downlink = 1850.0 - 1910.0 MHz ",Unavailable,Unavailable,0,1724707485789,32549.446413573,2024-08-26 17:24:45.789000,-78.6915275797722,35.784418610317054,91.5952118532677,campaign_9,35.784418610317054,-78.6915275797722,91.5952118532677
4G_LTE,-115,2147483647,-115,-19,-87,2147483647,25,950,368,7,2147483647,2147483647,1,2147483647,[2],[FDD],"Band Number = 2, Uplink = 1850.0 - 1910.0 MHz, Downlink = 1850.0 - 1910.0 MHz ",Unavailable,Unavailable,0,1724707485789,32549.446413573,2024-08-26 17:24:45.789000,-78.6915275797722,35.784418610317054,91.5952118532677,campaign_9,35.784418610317054,-78.6915275797722,91.5952118532677
4G_LTE,-111,2147483647,-111,-12,-91,2147483647,29,66486,311,7,2147483647,2147483647,1,2147483647,[66],[FDD],"Band Number = 66, Uplink = 1710.0 - 1780.0 MHz, Downlink = 1710.0 - 1780.0 MHz ",Unavailable,Unavailable,0,1724707485789,32549.446413573,2024-08-26 17:24:45.789000,-78.6915275797722,35.784418610317054,91.5952118532677,campaign_9,35.784418610317054,-78.6915275797722,91.5952118532677
4G_LTE,-110,2147483647,-110,-17,-81,2147483647,30,66486,478,7,2147483647,2147483647,1,2147483647,[66],[FDD],"Band Number = 66, Uplink = 1710.0 - 1780.0 MHz, Downlink = 1710.0 - 1780.0 MHz ",Unavailable,Unavailable,0,1724707485789,32549.446413573,2024-08-26 17:24:45.789000,-78.6915275797722,35.784418610317054,91.5952118532677,campaign_9,35.784418610317054,-78.6915275797722,91.5952118532677
4G_LTE,-122,2147483647,-122,-17,-89,2147483647,18,66486,502,7,2147483647,2147483647,0,2147483647,[66],[FDD],"Band Number = 66, Uplink = 1710.0 - 1780.0 MHz, Downlink = 1710.0 - 1780.0 MHz ",Unavailable,Unavailable,0,1724707485789,32549.446413573,2024-08-26 17:24:45.789000,-78.6915275797722,35.784418610317054,91.5952118532677,campaign_9,35.784418610317054,-78.6915275797722,91.5952118532677
4G_LTE,-118,2147483647,-118,-16,-91,2147483647,22,66486,214,7,2147483647,2147483647,0,2147483647,[66],[FDD],"Band Number = 66, Uplink = 1710.0 - 1780.0 MHz, Downlink = 1710.0 - 1780.0 MHz ",Unavailable,Unavailable,0,1724707485789,32549.446413573,2024-08-26 17:24:45.789000,-78.6915275797722,35.784418610317054,91.5952118532677,campaign_9,35.784418610317054,-78.6915275797722,91.5952118532677
4G_LTE,-118,2147483647,-118,-20,-81,2147483647,22,66486,77,7,2147483647,2147483647,0,2147483647,[66],[FDD],"Band Number = 66, Uplink = 1710.0 - 1780.0 MHz, Downlink = 1710.0 - 1780.0 MHz ",Unavailable,Unavailable,0,1724707485789,32549.446413573,2024-08-26 17:24:45.789000,-78.6915275797722,35.784418610317054,91.5952118532677,campaign_9,35.784418610317054,-78.6915275797722,91.5952118532677
4G_LTE,-117,2147483647,-117,-14,-91,2147483647,23,66486,368,7,2147483647,2147483647,0,2147483647,[66],[FDD],"Band Number = 66, Uplink = 1710.0 - 1780.0 MHz, Downlink = 1710.0 - 1780.0 MHz ",Unavailable,Unavailable,0,1724707485789,32549.446413573,2024-08-26 17:24:45.789000,-78.6915275797722,35.784418610317054,91.5952118532677,campaign_9,35.784418610317054,-78.6915275797722,91.5952118532677
4G_LTE,-108,2147483647,-108,-9,-91,2147483647,32,67086,311,7,2147483647,2147483647,1,2147483647,[66],[FDD],"Band Number = 66, Uplink = 1710.0 - 1780.0 MHz, Downlink = 1710.0 - 1780.0 MHz ",Unavailable,Unavailable,0,1724707485789,32549.446413573,2024-08-26 17:24:45.789000,-78.6915275797722,35.784418610317054,91.5952118532677,campaign_9,35.784418610317054,-78.6915275797722,91.5952118532677
4G_LTE,-117,2147483647,-117,-18,-87,2147483647,23,67086,322,7,2147483647,2147483647,0,2147483647,[66],[FDD],"Band Number = 66, Uplink = 1710.0 - 1780.0 MHz, Downlink = 1710.0 - 1780.0 MHz ",Unavailable,Unavailable,0,1724707485789,32549.446413573,2024-08-26 17:24:45.789000,-78.6915275797722,35.784418610317054,91.5952118532677,campaign_9,35.784418610317054,-78.6915275797722,91.5952118532677
4G_LTE,-116,2147483647,-116,-16,-91,2147483647,24,67086,368,7,2147483647,2147483647,0,2147483647,[66],[FDD],"Band Number = 66, Uplink = 1710.0 - 1780.0 MHz, Downlink = 1710.0 - 1780.0 MHz ",Unavailable,Unavailable,0,1724707485789,32549.446413573,2024-08-26 17:24:45.789000,-78.6915275797722,35.784418610317054,91.5952118532677,campaign_9,35.784418610317054,-78.6915275797722,91.5952118532677
4G_LTE,-120,2147483647,-120,-20,-91,2147483647,20,67086,178,7,2147483647,2147483647,0,2147483647,[66],[FDD],"Band Number = 66, Uplink = 1710.0 - 1780.0 MHz, Downlink = 1710.0 - 1780.0 MHz ",Unavailable,Unavailable,0,1724707485789,32549.446413573,2024-08-26 17:24:45.789000,-78.6915275797722,35.784418610317054,91.5952118532677,campaign_9,35.784418610317054,-78.6915275797722,91.5952118532677
4G_LTE,-103,2147483647,-103,-19,-75,2147483647,37,5110,344,7,2147483647,2147483647,2,2147483647,[12],[FDD],"Band Number = 12, Uplink = 698.0 - 716.0 MHz, Downlink = 699.0 - 716.0 MHz ",Unavailable,Unavailable,0,1724707486791,32550.448082323,2024-08-26 17:24:46.791000,-78.69145335109441,35.784426526069915,91.46112484762148,campaign_9,35.784426526069915,-78.69145335109441,91.46112484762148
4G_LTE,-94,6,-94,-11,-65,2147483647,46,5110,101,7,196875793,9995,3,2147483647,[12],[FDD],"Band Number = 12, Uplink = 698.0 - 716.0 MHz, Downlink = 699.0 - 716.0 MHz ",310,410,1,1724707486791,32550.448082323,2024-08-26 17:24:46.791000,-78.69145335109441,35.784426526069915,91.46112484762148,campaign_9,35.784426526069915,-78.69145335109441,91.46112484762148
4G_LTE,-105,2147483647,-105,-11,-87,2147483647,35,950,311,7,2147483647,2147483647,2,2147483647,[2],[FDD],"Band Number = 2, Uplink = 1850.0 - 1910.0 MHz, Downlink = 1850.0 - 1910.0 MHz ",Unavailable,Unavailable,0,1724707486791,32550.448082323,2024-08-26 17:24:46.791000,-78.69145335109441,35.784426526069915,91.46112484762148,campaign_9,35.784426526069915,-78.69145335109441,91.46112484762148
4G_LTE,-117,2147483647,-117,-20,-87,2147483647,23,950,436,7,2147483647,2147483647,0,2147483647,[2],[FDD],"Band Number = 2, Uplink = 1850.0 - 1910.0 MHz, Downlink = 1850.0 - 1910.0 MHz ",Unavailable,Unavailable,0,1724707486791,32550.448082323,2024-08-26 17:24:46.791000,-78.69145335109441,35.784426526069915,91.46112484762148,campaign_9,35.784426526069915,-78.69145335109441,91.46112484762148
4G_LTE,-115,2147483647,-115,-20,-85,2147483647,25,950,380,7,2147483647,2147483647,1,2147483647,[2],[FDD],"Band Number = 2, Uplink = 1850.0 - 1910.0 MHz, Downlink = 1850.0 - 1910.0 MHz ",Unavailable,Unavailable,0,1724707486791,32550.448082323,2024-08-26 17:24:46.791000,-78.69145335109441,35.784426526069915,91.46112484762148,campaign_9,35.784426526069915,-78.69145335109441,91.46112484762148
4G_LTE,-115,2147483647,-115,-19,-87,2147483647,25,950,368,7,2147483647,2147483647,1,2147483647,[2],[FDD],"Band Number = 2, Uplink = 1850.0 - 1910.0 MHz, Downlink = 1850.0 - 1910.0 MHz ",Unavailable,Unavailable,0,1724707486791,32550.448082323,2024-08-26 17:24:46.791000,-78.69145335109441,35.784426526069915,91.46112484762148,campaign_9,35.784426526069915,-78.69145335109441,91.46112484762148
4G_LTE,-111,2147483647,-111,-12,-91,2147483647,29,66486,311,7,2147483647,2147483647,1,2147483647,[66],[FDD],"Band Number = 66, Uplink = 1710.0 - 1780.0 MHz, Downlink = 1710.0 - 1780.0 MHz ",Unavailable,Unavailable,0,1724707486791,32550.448082323,2024-08-26 17:24:46.791000,-78.69145335109441,35.784426526069915,91.46112484762148,campaign_9,35.784426526069915,-78.69145335109441,91.46112484762148
4G_LTE,-110,2147483647,-110,-17,-81,2147483647,30,66486,478,7,2147483647,2147483647,1,2147483647,[66],[FDD],"Band Number = 66, Uplink = 1710.0 - 1780.0 MHz, Downlink = 1710.0 - 1780.0 MHz ",Unavailable,Unavailable,0,1724707486791,32550.448082323,2024-08-26 17:24:46.791000,-78.69145335109441,35.784426526069915,91.46112484762148,campaign_9,35.784426526069915,-78.69145335109441,91.46112484762148
4G_LTE,-122,2147483647,-122,-17,-89,2147483647,18,66486,502,7,2147483647,2147483647,0,2147483647,[66],[FDD],"Band Number = 66, Uplink = 1710.0 - 1780.0 MHz, Downlink = 1710.0 - 1780.0 MHz ",Unavailable,Unavailable,0,1724707486791,32550.448082323,2024-08-26 17:24:46.791000,-78.69145335109441,35.784426526069915,91.46112484762148,campaign_9,35.784426526069915,-78.69145335109441,91.46112484762148
4G_LTE,-118,2147483647,-118,-16,-91,2147483647,22,66486,214,7,2147483647,2147483647,0,2147483647,[66],[FDD],"Band Number = 66, Uplink = 1710.0 - 1780.0 MHz, Downlink = 1710.0 - 1780.0 MHz ",Unavailable,Unavailable,0,1724707486791,32550.448082323,2024-08-26 17:24:46.791000,-78.69145335109441,35.784426526069915,91.46112484762148,campaign_9,35.784426526069915,-78.69145335109441,91.46112484762148
4G_LTE,-118,2147483647,-118,-20,-81,2147483647,22,66486,77,7,2147483647,2147483647,0,2147483647,[66],[FDD],"Band Number = 66, Uplink = 1710.0 - 1780.0 MHz, Downlink = 1710.0 - 1780.0 MHz ",Unavailable,Unavailable,0,1724707486791,32550.448082323,2024-08-26 17:24:46.791000,-78.69145335109441,35.784426526069915,91.46112484762148,campaign_9,35.784426526069915,-78.69145335109441,91.46112484762148
4G_LTE,-117,2147483647,-117,-14,-91,2147483647,23,66486,368,7,2147483647,2147483647,0,2147483647,[66],[FDD],"Band Number = 66, Uplink = 1710.0 - 1780.0 MHz, Downlink = 1710.0 - 1780.0 MHz ",Unavailable,Unavailable,0,1724707486791,32550.448082323,2024-08-26 17:24:46.791000,-78.69145335109441,35.784426526069915,91.46112484762148,campaign_9,35.784426526069915,-78.69145335109441,91.46112484762148
4G_LTE,-108,2147483647,-108,-9,-91,2147483647,32,67086,311,7,2147483647,2147483647,1,2147483647,[66],[FDD],"Band Number = 66, Uplink = 1710.0 - 1780.0 MHz, Downlink = 1710.0 - 1780.0 MHz ",Unavailable,Unavailable,0,1724707486791,32550.448082323,2024-08-26 17:24:46.791000,-78.69145335109441,35.784426526069915,91.46112484762148,campaign_9,35.784426526069915,-78.69145335109441,91.46112484762148
4G_LTE,-117,2147483647,-117,-18,-87,2147483647,23,67086,322,7,2147483647,2147483647,0,2147483647,[66],[FDD],"Band Number = 66, Uplink = 1710.0 - 1780.0 MHz, Downlink = 1710.0 - 1780.0 MHz ",Unavailable,Unavailable,0,1724707486791,32550.448082323,2024-08-26 17:24:46.791000,-78.69145335109441,35.784426526069915,91.46112484762148,campaign_9,35.784426526069915,-78.69145335109441,91.46112484762148
4G_LTE,-116,2147483647,-116,-16,-91,2147483647,24,67086,368,7,2147483647,2147483647,0,2147483647,[66],[FDD],"Band Number = 66, Uplink = 1710.0 - 1780.0 MHz, Downlink = 1710.0 - 1780.0 MHz ",Unavailable,Unavailable,0,1724707486791,32550.448082323,2024-08-26 17:24:46.791000,-78.69145335109441,35.784426526069915,91.46112484762148,campaign_9,35.784426526069915,-78.69145335109441,91.46112484762148
4G_LTE,-120,2147483647,-120,-20,-91,2147483647,20,67086,178,7,2147483647,2147483647,0,2147483647,[66],[FDD],"Band Number = 66, Uplink = 1710.0 - 1780.0 MHz, Downlink = 1710.0 - 1780.0 MHz ",Unavailable,Unavailable,0,1724707486791,32550.448082323,2024-08-26 17:24:46.791000,-78.69145335109441,35.784426526069915,91.46112484762148,campaign_9,35.784426526069915,-78.69145335109441,91.46112484762148
4G_LTE,-103,2147483647,-103,-17,-75,2147483647,37,5110,344,7,2147483647,2147483647,2,2147483647,[12],[FDD],"Band Number = 12, Uplink = 698.0 - 716.0 MHz, Downlink = 699.0 - 716.0 MHz ",Unavailable,Unavailable,0,1724707487792,32551.449597479,2024-08-26 17:24:47.792000,-78.69092835749754,35.78448251143417,90.51277413628377,campaign_9,35.78448251143417,-78.69092835749754,90.51277413628377
4G_LTE,-95,8,-95,-12,-69,2147483647,45,5110,101,7,196875793,9995,3,2147483647,[12],[FDD],"Band Number = 12, Uplink = 698.0 - 716.0 MHz, Downlink = 699.0 - 716.0 MHz ",310,410,1,1724707487792,32551.449597479,2024-08-26 17:24:47.792000,-78.69092835749754,35.78448251143417,90.51277413628377,campaign_9,35.78448251143417,-78.69092835749754,90.51277413628377
4G_LTE,-106,2147483647,-106,-11,-83,2147483647,34,950,311,7,2147483647,2147483647,1,2147483647,[2],[FDD],"Band Number = 2, Uplink = 1850.0 - 1910.0 MHz, Downlink = 1850.0 - 1910.0 MHz ",Unavailable,Unavailable,0,1724707487792,32551.449597479,2024-08-26 17:24:47.792000,-78.69092835749754,35.78448251143417,90.51277413628377,campaign_9,35.78448251143417,-78.69092835749754,90.51277413628377
4G_LTE,-113,2147483647,-113,-17,-85,2147483647,27,950,368,7,2147483647,2147483647,1,2147483647,[2],[FDD],"Band Number = 2, Uplink = 1850.0 - 1910.0 MHz, Downlink = 1850.0 - 1910.0 MHz ",Unavailable,Unavailable,0,1724707487792,32551.449597479,2024-08-26 17:24:47.792000,-78.69092835749754,35.78448251143417,90.51277413628377,campaign_9,35.78448251143417,-78.69092835749754,90.51277413628377
4G_LTE,-113,2147483647,-113,-17,-85,2147483647,27,950,380,7,2147483647,2147483647,1,2147483647,[2],[FDD],"Band Number = 2, Uplink = 1850.0 - 1910.0 MHz, Downlink = 1850.0 - 1910.0 MHz ",Unavailable,Unavailable,0,1724707487792,32551.449597479,2024-08-26 17:24:47.792000,-78.69092835749754,35.78448251143417,90.51277413628377,campaign_9,35.78448251143417,-78.69092835749754,90.51277413628377
4G_LTE,-111,2147483647,-111,-14,-87,2147483647,29,66486,311,7,2147483647,2147483647,1,2147483647,[66],[FDD],"Band Number = 66, Uplink = 1710.0 - 1780.0 MHz, Downlink = 1710.0 - 1780.0 MHz ",Unavailable,Unavailable,0,1724707487792,32551.449597479,2024-08-26 17:24:47.792000,-78.69092835749754,35.78448251143417,90.51277413628377,campaign_9,35.78448251143417,-78.69092835749754,90.51277413628377
4G_LTE,-118,2147483647,-118,-20,-81,2147483647,22,66486,77,7,2147483647,2147483647,0,2147483647,[66],[FDD],"Band Number = 66, Uplink = 1710.0 - 1780.0 MHz, Downlink = 1710.0 - 1780.0 MHz ",Unavailable,Unavailable,0,1724707487792,32551.449597479,2024-08-26 17:24:47.792000,-78.69092835749754,35.78448251143417,90.51277413628377,campaign_9,35.78448251143417,-78.69092835749754,90.51277413628377
4G_LTE,-120,2147483647,-120,-19,-91,2147483647,20,66486,368,7,2147483647,2147483647,0,2147483647,[66],[FDD],"Band Number = 66, Uplink = 1710.0 - 1780.0 MHz, Downlink = 1710.0 - 1780.0 MHz ",Unavailable,Unavailable,0,1724707487792,32551.449597479,2024-08-26 17:24:47.792000,-78.69092835749754,35.78448251143417,90.51277413628377,campaign_9,35.78448251143417,-78.69092835749754,90.51277413628377
4G_LTE,-112,2147483647,-112,-14,-77,2147483647,28,67086,311,7,2147483647,2147483647,1,2147483647,[66],[FDD],"Band Number = 66, Uplink = 1710.0 - 1780.0 MHz, Downlink = 1710.0 - 1780.0 MHz ",Unavailable,Unavailable,0,1724707487792,32551.449597479,2024-08-26 17:24:47.792000,-78.69092835749754,35.78448251143417,90.51277413628377,campaign_9,35.78448251143417,-78.69092835749754,90.51277413628377
4G_LTE,-118,2147483647,-118,-18,-89,2147483647,22,67086,322,7,2147483647,2147483647,0,2147483647,[66],[FDD],"Band Number = 66, Uplink = 1710.0 - 1780.0 MHz, Downlink = 1710.0 - 1780.0 MHz ",Unavailable,Unavailable,0,1724707487792,32551.449597479,2024-08-26 17:24:47.792000,-78.69092835749754,35.78448251143417,90.51277413628377,campaign_9,35.78448251143417,-78.69092835749754,90.51277413628377
4G_LTE,-117,2147483647,-117,-19,-85,2147483647,23,67086,368,7,2147483647,2147483647,0,2147483647,[66],[FDD],"Band Number = 66, Uplink = 1710.0 - 1780.0 MHz, Downlink = 1710.0 - 1780.0 MHz ",Unavailable,Unavailable,0,1724707487792,32551.449597479,2024-08-26 17:24:47.792000,-78.69092835749754,35.78448251143417,90.51277413628377,campaign_9,35.78448251143417,-78.69092835749754,90.51277413628377
4G_LTE,-116,2147483647,-116,-18,-85,2147483647,24,67086,178,7,2147483647,2147483647,0,2147483647,[66],[FDD],"Band Number = 66, Uplink = 1710.0 - 1780.0 MHz, Downlink = 1710.0 - 1780.0 MHz ",Unavailable,Unavailable,0,1724707487792,32551.449597479,2024-08-26 17:24:47.792000,-78.69092835749754,35.78448251143417,90.51277413628377,campaign_9,35.78448251143417,-78.69092835749754,90.51277413628377
4G_LTE,-103,2147483647,-103,-17,-75,2147483647,37,5110,344,7,2147483647,2147483647,2,2147483647,[12],[FDD],"Band Number = 12, Uplink = 698.0 - 716.0 MHz, Downlink = 699.0 - 716.0 MHz ",Unavailable,Unavailable,0,1724707488794,32552.451176385,2024-08-26 17:24:48.794000,-78.69040283943156,35.78453855272787,89.563476021638,campaign_9,35.78453855272787,-78.69040283943156,89.563476021638
4G_LTE,-95,8,-95,-12,-69,2147483647,45,5110,101,7,196875793,9995,3,2147483647,[12],[FDD],"Band Number = 12, Uplink = 698.0 - 716.0 MHz, Downlink = 699.0 - 716.0 MHz ",310,410,1,1724707488794,32552.451176385,2024-08-26 17:24:48.794000,-78.69040283943156,35.78453855272787,89.563476021638,campaign_9,35.78453855272787,-78.69040283943156,89.563476021638
4G_LTE,-106,2147483647,-106,-11,-83,2147483647,34,950,311,7,2147483647,2147483647,1,2147483647,[2],[FDD],"Band Number = 2, Uplink = 1850.0 - 1910.0 MHz, Downlink = 1850.0 - 1910.0 MHz ",Unavailable,Unavailable,0,1724707488794,32552.451176385,2024-08-26 17:24:48.794000,-78.69040283943156,35.78453855272787,89.563476021638,campaign_9,35.78453855272787,-78.69040283943156,89.563476021638
4G_LTE,-113,2147483647,-113,-17,-85,2147483647,27,950,368,7,2147483647,2147483647,1,2147483647,[2],[FDD],"Band Number = 2, Uplink = 1850.0 - 1910.0 MHz, Downlink = 1850.0 - 1910.0 MHz ",Unavailable,Unavailable,0,1724707488794,32552.451176385,2024-08-26 17:24:48.794000,-78.69040283943156,35.78453855272787,89.563476021638,campaign_9,35.78453855272787,-78.69040283943156,89.563476021638
4G_LTE,-113,2147483647,-113,-17,-85,2147483647,27,950,380,7,2147483647,2147483647,1,2147483647,[2],[FDD],"Band Number = 2, Uplink = 1850.0 - 1910.0 MHz, Downlink = 1850.0 - 1910.0 MHz ",Unavailable,Unavailable,0,1724707488794,32552.451176385,2024-08-26 17:24:48.794000,-78.69040283943156,35.78453855272787,89.563476021638,campaign_9,35.78453855272787,-78.69040283943156,89.563476021638
4G_LTE,-111,2147483647,-111,-14,-87,2147483647,29,66486,311,7,2147483647,2147483647,1,2147483647,[66],[FDD],"Band Number = 66, Uplink = 1710.0 - 1780.0 MHz, Downlink = 1710.0 - 1780.0 MHz ",Unavailable,Unavailable,0,1724707488794,32552.451176385,2024-08-26 17:24:48.794000,-78.69040283943156,35.78453855272787,89.563476021638,campaign_9,35.78453855272787,-78.69040283943156,89.563476021638
4G_LTE,-118,2147483647,-118,-20,-81,2147483647,22,66486,77,7,2147483647,2147483647,0,2147483647,[66],[FDD],"Band Number = 66, Uplink = 1710.0 - 1780.0 MHz, Downlink = 1710.0 - 1780.0 MHz ",Unavailable,Unavailable,0,1724707488794,32552.451176385,2024-08-26 17:24:48.794000,-78.69040283943156,35.78453855272787,89.563476021638,campaign_9,35.78453855272787,-78.69040283943156,89.563476021638
4G_LTE,-120,2147483647,-120,-19,-91,2147483647,20,66486,368,7,2147483647,2147483647,0,2147483647,[66],[FDD],"Band Number = 66, Uplink = 1710.0 - 1780.0 MHz, Downlink = 1710.0 - 1780.0 MHz ",Unavailable,Unavailable,0,1724707488794,32552.451176385,2024-08-26 17:24:48.794000,-78.69040283943156,35.78453855272787,89.563476021638,campaign_9,35.78453855272787,-78.69040283943156,89.563476021638
4G_LTE,-112,2147483647,-112,-14,-77,2147483647,28,67086,311,7,2147483647,2147483647,1,2147483647,[66],[FDD],"Band Number = 66, Uplink = 1710.0 - 1780.0 MHz, Downlink = 1710.0 - 1780.0 MHz ",Unavailable,Unavailable,0,1724707488794,32552.451176385,2024-08-26 17:24:48.794000,-78.69040283943156,35.78453855272787,89.563476021638,campaign_9,35.78453855272787,-78.69040283943156,89.563476021638
4G_LTE,-118,2147483647,-118,-18,-89,2147483647,22,67086,322,7,2147483647,2147483647,0,2147483647,[66],[FDD],"Band Number = 66, Uplink = 1710.0 - 1780.0 MHz, Downlink = 1710.0 - 1780.0 MHz ",Unavailable,Unavailable,0,1724707488794,32552.451176385,2024-08-26 17:24:48.794000,-78.69040283943156,35.78453855272787,89.563476021638,campaign_9,35.78453855272787,-78.69040283943156,89.563476021638
4G_LTE,-117,2147483647,-117,-19,-85,2147483647,23,67086,368,7,2147483647,2147483647,0,2147483647,[66],[FDD],"Band Number = 66, Uplink = 1710.0 - 1780.0 MHz, Downlink = 1710.0 - 1780.0 MHz ",Unavailable,Unavailable,0,1724707488794,32552.451176385,2024-08-26 17:24:48.794000,-78.69040283943156,35.78453855272787,89.563476021638,campaign_9,35.78453855272787,-78.69040283943156,89.563476021638
4G_LTE,-116,2147483647,-116,-18,-85,2147483647,24,67086,178,7,2147483647,2147483647,0,2147483647,[66],[FDD],"Band Number = 66, Uplink = 1710.0 - 1780.0 MHz, Downlink = 1710.0 - 1780.0 MHz ",Unavailable,Unavailable,0,1724707488794,32552.451176385,2024-08-26 17:24:48.794000,-78.69040283943156,35.78453855272787,89.563476021638,campaign_9,35.78453855272787,-78.69040283943156,89.563476021638
4G_LTE,-103,2147483647,-103,-19,-73,2147483647,37,5110,344,7,2147483647,2147483647,2,2147483647,[12],[FDD],"Band Number = 12, Uplink = 698.0 - 716.0 MHz, Downlink = 699.0 - 716.0 MHz ",Unavailable,Unavailable,0,1724707489800,32553.455338207,2024-08-26 17:24:49.800000,-78.6903677,35.7845423,89.5,campaign_9,35.7845423,-78.6903677,89.5
4G_LTE,-95,7,-95,-11,-67,2147483647,45,5110,101,7,196875793,9995,3,2147483647,[12],[FDD],"Band Number = 12, Uplink = 698.0 - 716.0 MHz, Downlink = 699.0 - 716.0 MHz ",310,410,1,1724707489800,32553.455338207,2024-08-26 17:24:49.800000,-78.6903677,35.7845423,89.5,campaign_9,35.7845423,-78.6903677,89.5
4G_LTE,-102,2147483647,-102,-19,-73,2147483647,38,5110,496,7,2147483647,2147483647,2,2147483647,[12],[FDD],"Band Number = 12, Uplink = 698.0 - 716.0 MHz, Downlink = 699.0 - 716.0 MHz ",Unavailable,Unavailable,0,1724707489800,32553.455338207,2024-08-26 17:24:49.800000,-78.6903677,35.7845423,89.5,campaign_9,35.7845423,-78.6903677,89.5
4G_LTE,-107,2147483647,-107,-10,-87,2147483647,33,950,311,7,2147483647,2147483647,1,2147483647,[2],[FDD],"Band Number = 2, Uplink = 1850.0 - 1910.0 MHz, Downlink = 1850.0 - 1910.0 MHz ",Unavailable,Unavailable,0,1724707489800,32553.455338207,2024-08-26 17:24:49.800000,-78.6903677,35.7845423,89.5,campaign_9,35.7845423,-78.6903677,89.5
4G_LTE,-112,2147483647,-112,-16,-87,2147483647,28,950,368,7,2147483647,2147483647,1,2147483647,[2],[FDD],"Band Number = 2, Uplink = 1850.0 - 1910.0 MHz, Downlink = 1850.0 - 1910.0 MHz ",Unavailable,Unavailable,0,1724707489800,32553.455338207,2024-08-26 17:24:49.800000,-78.6903677,35.7845423,89.5,campaign_9,35.7845423,-78.6903677,89.5
4G_LTE,-116,2147483647,-116,-19,-87,2147483647,24,950,380,7,2147483647,2147483647,0,2147483647,[2],[FDD],"Band Number = 2, Uplink = 1850.0 - 1910.0 MHz, Downlink = 1850.0 - 1910.0 MHz ",Unavailable,Unavailable,0,1724707489800,32553.455338207,2024-08-26 17:24:49.800000,-78.6903677,35.7845423,89.5,campaign_9,35.7845423,-78.6903677,89.5
4G_LTE,-114,2147483647,-114,-15,-85,2147483647,26,66486,311,7,2147483647,2147483647,1,2147483647,[66],[FDD],"Band Number = 66, Uplink = 1710.0 - 1780.0 MHz, Downlink = 1710.0 - 1780.0 MHz ",Unavailable,Unavailable,0,1724707489800,32553.455338207,2024-08-26 17:24:49.800000,-78.6903677,35.7845423,89.5,campaign_9,35.7845423,-78.6903677,89.5
4G_LTE,-118,2147483647,-118,-20,-81,2147483647,22,66486,77,7,2147483647,2147483647,0,2147483647,[66],[FDD],"Band Number = 66, Uplink = 1710.0 - 1780.0 MHz, Downlink = 1710.0 - 1780.0 MHz ",Unavailable,Unavailable,0,1724707489800,32553.455338207,2024-08-26 17:24:49.800000,-78.6903677,35.7845423,89.5,campaign_9,35.7845423,-78.6903677,89.5
4G_LTE,-118,2147483647,-118,-17,-89,2147483647,22,66486,368,7,2147483647,2147483647,0,2147483647,[66],[FDD],"Band Number = 66, Uplink = 1710.0 - 1780.0 MHz, Downlink = 1710.0 - 1780.0 MHz ",Unavailable,Unavailable,0,1724707489800,32553.455338207,2024-08-26 17:24:49.800000,-78.6903677,35.7845423,89.5,campaign_9,35.7845423,-78.6903677,89.5
4G_LTE,-113,2147483647,-113,-12,-91,2147483647,27,67086,311,7,2147483647,2147483647,1,2147483647,[66],[FDD],"Band Number = 66, Uplink = 1710.0 - 1780.0 MHz, Downlink = 1710.0 - 1780.0 MHz ",Unavailable,Unavailable,0,1724707489800,32553.455338207,2024-08-26 17:24:49.800000,-78.6903677,35.7845423,89.5,campaign_9,35.7845423,-78.6903677,89.5
4G_LTE,-103,2147483647,-103,-19,-73,2147483647,37,5110,344,7,2147483647,2147483647,2,2147483647,[12],[FDD],"Band Number = 12, Uplink = 698.0 - 716.0 MHz, Downlink = 699.0 - 716.0 MHz ",Unavailable,Unavailable,0,1724707490797,32554.455236384,2024-08-26 17:24:50.797000,-78.69030386477255,35.78455305808747,89.28503322730245,campaign_9,35.78455305808747,-78.69030386477255,89.28503322730245
4G_LTE,-95,7,-95,-11,-67,2147483647,45,5110,101,7,196875793,9995,3,2147483647,[12],[FDD],"Band Number = 12, Uplink = 698.0 - 716.0 MHz, Downlink = 699.0 - 716.0 MHz ",310,410,1,1724707490797,32554.455236384,2024-08-26 17:24:50.797000,-78.69030386477255,35.78455305808747,89.28503322730245,campaign_9,35.78455305808747,-78.69030386477255,89.28503322730245
4G_LTE,-102,2147483647,-102,-19,-73,2147483647,38,5110,496,7,2147483647,2147483647,2,2147483647,[12],[FDD],"Band Number = 12, Uplink = 698.0 - 716.0 MHz, Downlink = 699.0 - 716.0 MHz ",Unavailable,Unavailable,0,1724707490797,32554.455236384,2024-08-26 17:24:50.797000,-78.69030386477255,35.78455305808747,89.28503322730245,campaign_9,35.78455305808747,-78.69030386477255,89.28503322730245
4G_LTE,-107,2147483647,-107,-10,-87,2147483647,33,950,311,7,2147483647,2147483647,1,2147483647,[2],[FDD],"Band Number = 2, Uplink = 1850.0 - 1910.0 MHz, Downlink = 1850.0 - 1910.0 MHz ",Unavailable,Unavailable,0,1724707490797,32554.455236384,2024-08-26 17:24:50.797000,-78.69030386477255,35.78455305808747,89.28503322730245,campaign_9,35.78455305808747,-78.69030386477255,89.28503322730245
4G_LTE,-112,2147483647,-112,-16,-87,2147483647,28,950,368,7,2147483647,2147483647,1,2147483647,[2],[FDD],"Band Number = 2, Uplink = 1850.0 - 1910.0 MHz, Downlink = 1850.0 - 1910.0 MHz ",Unavailable,Unavailable,0,1724707490797,32554.455236384,2024-08-26 17:24:50.797000,-78.69030386477255,35.78455305808747,89.28503322730245,campaign_9,35.78455305808747,-78.69030386477255,89.28503322730245
4G_LTE,-116,2147483647,-116,-19,-87,2147483647,24,950,380,7,2147483647,2147483647,0,2147483647,[2],[FDD],"Band Number = 2, Uplink = 1850.0 - 1910.0 MHz, Downlink = 1850.0 - 1910.0 MHz ",Unavailable,Unavailable,0,1724707490797,32554.455236384,2024-08-26 17:24:50.797000,-78.69030386477255,35.78455305808747,89.28503322730245,campaign_9,35.78455305808747,-78.69030386477255,89.28503322730245
4G_LTE,-114,2147483647,-114,-15,-85,2147483647,26,66486,311,7,2147483647,2147483647,1,2147483647,[66],[FDD],"Band Number = 66, Uplink = 1710.0 - 1780.0 MHz, Downlink = 1710.0 - 1780.0 MHz ",Unavailable,Unavailable,0,1724707490797,32554.455236384,2024-08-26 17:24:50.797000,-78.69030386477255,35.78455305808747,89.28503322730245,campaign_9,35.78455305808747,-78.69030386477255,89.28503322730245
4G_LTE,-118,2147483647,-118,-20,-81,2147483647,22,66486,77,7,2147483647,2147483647,0,2147483647,[66],[FDD],"Band Number = 66, Uplink = 1710.0 - 1780.0 MHz, Downlink = 1710.0 - 1780.0 MHz ",Unavailable,Unavailable,0,1724707490797,32554.455236384,2024-08-26 17:24:50.797000,-78.69030386477255,35.78455305808747,89.28503322730245,campaign_9,35.78455305808747,-78.69030386477255,89.28503322730245
4G_LTE,-118,2147483647,-118,-17,-89,2147483647,22,66486,368,7,2147483647,2147483647,0,2147483647,[66],[FDD],"Band Number = 66, Uplink = 1710.0 - 1780.0 MHz, Downlink = 1710.0 - 1780.0 MHz ",Unavailable,Unavailable,0,1724707490797,32554.455236384,2024-08-26 17:24:50.797000,-78.69030386477255,35.78455305808747,89.28503322730245,campaign_9,35.78455305808747,-78.69030386477255,89.28503322730245
4G_LTE,-113,2147483647,-113,-12,-91,2147483647,27,67086,311,7,2147483647,2147483647,1,2147483647,[66],[FDD],"Band Number = 66, Uplink = 1710.0 - 1780.0 MHz, Downlink = 1710.0 - 1780.0 MHz ",Unavailable,Unavailable,0,1724707490797,32554.455236384,2024-08-26 17:24:50.797000,-78.69030386477255,35.78455305808747,89.28503322730245,campaign_9,35.78455305808747,-78.69030386477255,89.28503322730245
4G_LTE,-102,2147483647,-102,-19,-71,2147483647,38,5110,344,7,2147483647,2147483647,2,2147483647,[12],[FDD],"Band Number = 12, Uplink = 698.0 - 716.0 MHz, Downlink = 699.0 - 716.0 MHz ",Unavailable,Unavailable,0,1724707491799,32555.456634352,2024-08-26 17:24:51.799000,-78.69023970940854,35.78456387012723,89.06898838653721,campaign_9,35.78456387012723,-78.69023970940854,89.06898838653721
4G_LTE,-97,7,-97,-13,-67,2147483647,43,5110,101,7,196875793,9995,2,2147483647,[12],[FDD],"Band Number = 12, Uplink = 698.0 - 716.0 MHz, Downlink = 699.0 - 716.0 MHz ",310,410,1,1724707491799,32555.456634352,2024-08-26 17:24:51.799000,-78.69023970940854,35.78456387012723,89.06898838653721,campaign_9,35.78456387012723,-78.69023970940854,89.06898838653721
4G_LTE,-105,2147483647,-105,-19,-77,2147483647,35,5110,496,7,2147483647,2147483647,2,2147483647,[12],[FDD],"Band Number = 12, Uplink = 698.0 - 716.0 MHz, Downlink = 699.0 - 716.0 MHz ",Unavailable,Unavailable,0,1724707491799,32555.456634352,2024-08-26 17:24:51.799000,-78.69023970940854,35.78456387012723,89.06898838653721,campaign_9,35.78456387012723,-78.69023970940854,89.06898838653721
4G_LTE,-111,2147483647,-111,-9,-93,2147483647,29,950,311,7,2147483647,2147483647,1,2147483647,[2],[FDD],"Band Number = 2, Uplink = 1850.0 - 1910.0 MHz, Downlink = 1850.0 - 1910.0 MHz ",Unavailable,Unavailable,0,1724707491799,32555.456634352,2024-08-26 17:24:51.799000,-78.69023970940854,35.78456387012723,89.06898838653721,campaign_9,35.78456387012723,-78.69023970940854,89.06898838653721
4G_LTE,-117,2147483647,-117,-15,-93,2147483647,23,950,368,7,2147483647,2147483647,0,2147483647,[2],[FDD],"Band Number = 2, Uplink = 1850.0 - 1910.0 MHz, Downlink = 1850.0 - 1910.0 MHz ",Unavailable,Unavailable,0,1724707491799,32555.456634352,2024-08-26 17:24:51.799000,-78.69023970940854,35.78456387012723,89.06898838653721,campaign_9,35.78456387012723,-78.69023970940854,89.06898838653721
4G_LTE,-119,2147483647,-119,-17,-93,2147483647,21,950,380,7,2147483647,2147483647,0,2147483647,[2],[FDD],"Band Number = 2, Uplink = 1850.0 - 1910.0 MHz, Downlink = 1850.0 - 1910.0 MHz ",Unavailable,Unavailable,0,1724707491799,32555.456634352,2024-08-26 17:24:51.799000,-78.69023970940854,35.78456387012723,89.06898838653721,campaign_9,35.78456387012723,-78.69023970940854,89.06898838653721
4G_LTE,-112,2147483647,-112,-13,-89,2147483647,28,66486,311,7,2147483647,2147483647,1,2147483647,[66],[FDD],"Band Number = 66, Uplink = 1710.0 - 1780.0 MHz, Downlink = 1710.0 - 1780.0 MHz ",Unavailable,Unavailable,0,1724707491799,32555.456634352,2024-08-26 17:24:51.799000,-78.69023970940854,35.78456387012723,89.06898838653721,campaign_9,35.78456387012723,-78.69023970940854,89.06898838653721
4G_LTE,-118,2147483647,-118,-20,-81,2147483647,22,66486,77,7,2147483647,2147483647,0,2147483647,[66],[FDD],"Band Number = 66, Uplink = 1710.0 - 1780.0 MHz, Downlink = 1710.0 - 1780.0 MHz ",Unavailable,Unavailable,0,1724707491799,32555.456634352,2024-08-26 17:24:51.799000,-78.69023970940854,35.78456387012723,89.06898838653721,campaign_9,35.78456387012723,-78.69023970940854,89.06898838653721
4G_LTE,-118,2147483647,-118,-17,-89,2147483647,22,66486,368,7,2147483647,2147483647,0,2147483647,[66],[FDD],"Band Number = 66, Uplink = 1710.0 - 1780.0 MHz, Downlink = 1710.0 - 1780.0 MHz ",Unavailable,Unavailable,0,1724707491799,32555.456634352,2024-08-26 17:24:51.799000,-78.69023970940854,35.78456387012723,89.06898838653721,campaign_9,35.78456387012723,-78.69023970940854,89.06898838653721
4G_LTE,-116,2147483647,-116,-13,-95,2147483647,24,67086,311,7,2147483647,2147483647,0,2147483647,[66],[FDD],"Band Number = 66, Uplink = 1710.0 - 1780.0 MHz, Downlink = 1710.0 - 1780.0 MHz ",Unavailable,Unavailable,0,1724707491799,32555.456634352,2024-08-26 17:24:51.799000,-78.69023970940854,35.78456387012723,89.06898838653721,campaign_9,35.78456387012723,-78.69023970940854,89.06898838653721
4G_LTE,-121,2147483647,-121,-19,-93,2147483647,19,67086,322,7,2147483647,2147483647,0,2147483647,[66],[FDD],"Band Number = 66, Uplink = 1710.0 - 1780.0 MHz, Downlink = 1710.0 - 1780.0 MHz ",Unavailable,Unavailable,0,1724707491799,32555.456634352,2024-08-26 17:24:51.799000,-78.69023970940854,35.78456387012723,89.06898838653721,campaign_9,35.78456387012723,-78.69023970940854,89.06898838653721
4G_LTE,-125,2147483647,-125,-20,-95,2147483647,15,67086,178,7,2147483647,2147483647,0,2147483647,[66],[FDD],"Band Number = 66, Uplink = 1710.0 - 1780.0 MHz, Downlink = 1710.0 - 1780.0 MHz ",Unavailable,Unavailable,0,1724707491799,32555.456634352,2024-08-26 17:24:51.799000,-78.69023970940854,35.78456387012723,89.06898838653721,campaign_9,35.78456387012723,-78.69023970940854,89.06898838653721
4G_LTE,-102,2147483647,-102,-19,-71,2147483647,38,5110,344,7,2147483647,2147483647,2,2147483647,[12],[FDD],"Band Number = 12, Uplink = 698.0 - 716.0 MHz, Downlink = 699.0 - 716.0 MHz ",Unavailable,Unavailable,0,1724707492800,32556.458035758,2024-08-26 17:24:52.800000,-78.69017561807186,35.78457467137653,88.85315915938551,campaign_9,35.78457467137653,-78.69017561807186,88.85315915938551
4G_LTE,-97,7,-97,-13,-67,2147483647,43,5110,101,7,196875793,9995,2,2147483647,[12],[FDD],"Band Number = 12, Uplink = 698.0 - 716.0 MHz, Downlink = 699.0 - 716.0 MHz ",310,410,1,1724707492800,32556.458035758,2024-08-26 17:24:52.800000,-78.69017561807186,35.78457467137653,88.85315915938551,campaign_9,35.78457467137653,-78.69017561807186,88.85315915938551
4G_LTE,-105,2147483647,-105,-19,-77,2147483647,35,5110,496,7,2147483647,2147483647,2,2147483647,[12],[FDD],"Band Number = 12, Uplink = 698.0 - 716.0 MHz, Downlink = 699.0 - 716.0 MHz ",Unavailable,Unavailable,0,1724707492800,32556.458035758,2024-08-26 17:24:52.800000,-78.69017561807186,35.78457467137653,88.85315915938551,campaign_9,35.78457467137653,-78.69017561807186,88.85315915938551
4G_LTE,-111,2147483647,-111,-9,-93,2147483647,29,950,311,7,2147483647,2147483647,1,2147483647,[2],[FDD],"Band Number = 2, Uplink = 1850.0 - 1910.0 MHz, Downlink = 1850.0 - 1910.0 MHz ",Unavailable,Unavailable,0,1724707492800,32556.458035758,2024-08-26 17:24:52.800000,-78.69017561807186,35.78457467137653,88.85315915938551,campaign_9,35.78457467137653,-78.69017561807186,88.85315915938551
4G_LTE,-117,2147483647,-117,-15,-93,2147483647,23,950,368,7,2147483647,2147483647,0,2147483647,[2],[FDD],"Band Number = 2, Uplink = 1850.0 - 1910.0 MHz, Downlink = 1850.0 - 1910.0 MHz ",Unavailable,Unavailable,0,1724707492800,32556.458035758,2024-08-26 17:24:52.800000,-78.69017561807186,35.78457467137653,88.85315915938551,campaign_9,35.78457467137653,-78.69017561807186,88.85315915938551
4G_LTE,-119,2147483647,-119,-17,-93,2147483647,21,950,380,7,2147483647,2147483647,0,2147483647,[2],[FDD],"Band Number = 2, Uplink = 1850.0 - 1910.0 MHz, Downlink = 1850.0 - 1910.0 MHz ",Unavailable,Unavailable,0,1724707492800,32556.458035758,2024-08-26 17:24:52.800000,-78.69017561807186,35.78457467137653,88.85315915938551,campaign_9,35.78457467137653,-78.69017561807186,88.85315915938551
4G_LTE,-112,2147483647,-112,-13,-89,2147483647,28,66486,311,7,2147483647,2147483647,1,2147483647,[66],[FDD],"Band Number = 66, Uplink = 1710.0 - 1780.0 MHz, Downlink = 1710.0 - 1780.0 MHz ",Unavailable,Unavailable,0,1724707492800,32556.458035758,2024-08-26 17:24:52.800000,-78.69017561807186,35.78457467137653,88.85315915938551,campaign_9,35.78457467137653,-78.69017561807186,88.85315915938551
4G_LTE,-118,2147483647,-118,-20,-81,2147483647,22,66486,77,7,2147483647,2147483647,0,2147483647,[66],[FDD],"Band Number = 66, Uplink = 1710.0 - 1780.0 MHz, Downlink = 1710.0 - 1780.0 MHz ",Unavailable,Unavailable,0,1724707492800,32556.458035758,2024-08-26 17:24:52.800000,-78.69017561807186,35.78457467137653,88.85315915938551,campaign_9,35.78457467137653,-78.69017561807186,88.85315915938551
4G_LTE,-118,2147483647,-118,-17,-89,2147483647,22,66486,368,7,2147483647,2147483647,0,2147483647,[66],[FDD],"Band Number = 66, Uplink = 1710.0 - 1780.0 MHz, Downlink = 1710.0 - 1780.0 MHz ",Unavailable,Unavailable,0,1724707492800,32556.458035758,2024-08-26 17:24:52.800000,-78.69017561807186,35.78457467137653,88.85315915938551,campaign_9,35.78457467137653,-78.69017561807186,88.85315915938551
4G_LTE,-116,2147483647,-116,-13,-95,2147483647,24,67086,311,7,2147483647,2147483647,0,2147483647,[66],[FDD],"Band Number = 66, Uplink = 1710.0 - 1780.0 MHz, Downlink = 1710.0 - 1780.0 MHz ",Unavailable,Unavailable,0,1724707492800,32556.458035758,2024-08-26 17:24:52.800000,-78.69017561807186,35.78457467137653,88.85315915938551,campaign_9,35.78457467137653,-78.69017561807186,88.85315915938551
4G_LTE,-121,2147483647,-121,-19,-93,2147483647,19,67086,322,7,2147483647,2147483647,0,2147483647,[66],[FDD],"Band Number = 66, Uplink = 1710.0 - 1780.0 MHz, Downlink = 1710.0 - 1780.0 MHz ",Unavailable,Unavailable,0,1724707492800,32556.458035758,2024-08-26 17:24:52.800000,-78.69017561807186,35.78457467137653,88.85315915938551,campaign_9,35.78457467137653,-78.69017561807186,88.85315915938551
4G_LTE,-125,2147483647,-125,-20,-95,2147483647,15,67086,178,7,2147483647,2147483647,0,2147483647,[66],[FDD],"Band Number = 66, Uplink = 1710.0 - 1780.0 MHz, Downlink = 1710.0 - 1780.0 MHz ",Unavailable,Unavailable,0,1724707492800,32556.458035758,2024-08-26 17:24:52.800000,-78.69017561807186,35.78457467137653,88.85315915938551,campaign_9,35.78457467137653,-78.69017561807186,88.85315915938551
4G_LTE,-105,2147483647,-105,-19,-75,2147483647,35,5110,496,8,2147483647,2147483647,2,2147483647,[12],[FDD],"Band Number = 12, Uplink = 698.0 - 716.0 MHz, Downlink = 699.0 - 716.0 MHz ",Unavailable,Unavailable,0,1724707493810,32557.467424247,2024-08-26 17:24:53.810000,-78.6901109504894,35.78458556973996,88.63538940971196,campaign_9,35.78458556973996,-78.6901109504894,88.63538940971196
4G_LTE,-97,7,-97,-12,-65,2147483647,43,5110,101,8,196875793,9995,2,2147483647,[12],[FDD],"Band Number = 12, Uplink = 698.0 - 716.0 MHz, Downlink = 699.0 - 716.0 MHz ",310,410,1,1724707493810,32557.467424247,2024-08-26 17:24:53.810000,-78.6901109504894,35.78458556973996,88.63538940971196,campaign_9,35.78458556973996,-78.6901109504894,88.63538940971196
4G_LTE,-109,2147483647,-109,-20,-75,2147483647,31,5110,18,8,2147483647,2147483647,1,2147483647,[12],[FDD],"Band Number = 12, Uplink = 698.0 - 716.0 MHz, Downlink = 699.0 - 716.0 MHz ",Unavailable,Unavailable,0,1724707493810,32557.467424247,2024-08-26 17:24:53.810000,-78.6901109504894,35.78458556973996,88.63538940971196,campaign_9,35.78458556973996,-78.6901109504894,88.63538940971196
4G_LTE,-103,2147483647,-103,-16,-75,2147483647,37,5110,344,8,2147483647,2147483647,2,2147483647,[12],[FDD],"Band Number = 12, Uplink = 698.0 - 716.0 MHz, Downlink = 699.0 - 716.0 MHz ",Unavailable,Unavailable,0,1724707493810,32557.467424247,2024-08-26 17:24:53.810000,-78.6901109504894,35.78458556973996,88.63538940971196,campaign_9,35.78458556973996,-78.6901109504894,88.63538940971196
4G_LTE,-108,2147483647,-108,-12,-75,2147483647,32,950,311,8,2147483647,2147483647,1,2147483647,[2],[FDD],"Band Number = 2, Uplink = 1850.0 - 1910.0 MHz, Downlink = 1850.0 - 1910.0 MHz ",Unavailable,Unavailable,0,1724707493810,32557.467424247,2024-08-26 17:24:53.810000,-78.6901109504894,35.78458556973996,88.63538940971196,campaign_9,35.78458556973996,-78.6901109504894,88.63538940971196
4G_LTE,-119,2147483647,-119,-20,-89,2147483647,21,950,436,8,2147483647,2147483647,0,2147483647,[2],[FDD],"Band Number = 2, Uplink = 1850.0 - 1910.0 MHz, Downlink = 1850.0 - 1910.0 MHz ",Unavailable,Unavailable,0,1724707493810,32557.467424247,2024-08-26 17:24:53.810000,-78.6901109504894,35.78458556973996,88.63538940971196,campaign_9,35.78458556973996,-78.6901109504894,88.63538940971196
4G_LTE,-109,2147483647,-109,-10,-79,2147483647,31,66486,311,8,2147483647,2147483647,1,2147483647,[66],[FDD],"Band Number = 66, Uplink = 1710.0 - 1780.0 MHz, Downlink = 1710.0 - 1780.0 MHz ",Unavailable,Unavailable,0,1724707493810,32557.467424247,2024-08-26 17:24:53.810000,-78.6901109504894,35.78458556973996,88.63538940971196,campaign_9,35.78458556973996,-78.6901109504894,88.63538940971196
4G_LTE,-114,2147483647,-114,-15,-89,2147483647,26,66486,77,8,2147483647,2147483647,1,2147483647,[66],[FDD],"Band Number = 66, Uplink = 1710.0 - 1780.0 MHz, Downlink = 1710.0 - 1780.0 MHz ",Unavailable,Unavailable,0,1724707493810,32557.467424247,2024-08-26 17:24:53.810000,-78.6901109504894,35.78458556973996,88.63538940971196,campaign_9,35.78458556973996,-78.6901109504894,88.63538940971196
4G_LTE,-113,2147483647,-113,-11,-93,2147483647,27,67086,311,8,2147483647,2147483647,1,2147483647,[66],[FDD],"Band Number = 66, Uplink = 1710.0 - 1780.0 MHz, Downlink = 1710.0 - 1780.0 MHz ",Unavailable,Unavailable,0,1724707493810,32557.467424247,2024-08-26 17:24:53.810000,-78.6901109504894,35.78458556973996,88.63538940971196,campaign_9,35.78458556973996,-78.6901109504894,88.63538940971196
4G_LTE,-121,2147483647,-121,-20,-91,2147483647,19,67086,322,8,2147483647,2147483647,0,2147483647,[66],[FDD],"Band Number = 66, Uplink = 1710.0 - 1780.0 MHz, Downlink = 1710.0 - 1780.0 MHz ",Unavailable,Unavailable,0,1724707493810,32557.467424247,2024-08-26 17:24:53.810000,-78.6901109504894,35.78458556973996,88.63538940971196,campaign_9,35.78458556973996,-78.6901109504894,88.63538940971196
4G_LTE,-123,2147483647,-123,-20,-91,2147483647,17,67086,178,8,2147483647,2147483647,0,2147483647,[66],[FDD],"Band Number = 66, Uplink = 1710.0 - 1780.0 MHz, Downlink = 1710.0 - 1780.0 MHz ",Unavailable,Unavailable,0,1724707493810,32557.467424247,2024-08-26 17:24:53.810000,-78.6901109504894,35.78458556973996,88.63538940971196,campaign_9,35.78458556973996,-78.6901109504894,88.63538940971196
4G_LTE,-121,2147483647,-121,-19,-91,2147483647,19,67086,77,8,2147483647,2147483647,0,2147483647,[66],[FDD],"Band Number = 66, Uplink = 1710.0 - 1780.0 MHz, Downlink = 1710.0 - 1780.0 MHz ",Unavailable,Unavailable,0,1724707493810,32557.467424247,2024-08-26 17:24:53.810000,-78.6901109504894,35.78458556973996,88.63538940971196,campaign_9,35.78458556973996,-78.6901109504894,88.63538940971196
4G_LTE,-105,2147483647,-105,-19,-75,2147483647,35,5110,496,8,2147483647,2147483647,2,2147483647,[12],[FDD],"Band Number = 12, Uplink = 698.0 - 716.0 MHz, Downlink = 699.0 - 716.0 MHz ",Unavailable,Unavailable,0,1724707494817,32558.474611382,2024-08-26 17:24:54.817000,-78.69004647498885,35.78459643573202,88.41826650087903,campaign_9,35.78459643573202,-78.69004647498885,88.41826650087903
4G_LTE,-97,7,-97,-12,-65,2147483647,43,5110,101,8,196875793,9995,2,2147483647,[12],[FDD],"Band Number = 12, Uplink = 698.0 - 716.0 MHz, Downlink = 699.0 - 716.0 MHz ",310,410,1,1724707494817,32558.474611382,2024-08-26 17:24:54.817000,-78.69004647498885,35.78459643573202,88.41826650087903,campaign_9,35.78459643573202,-78.69004647498885,88.41826650087903
4G_LTE,-109,2147483647,-109,-20,-75,2147483647,31,5110,18,8,2147483647,2147483647,1,2147483647,[12],[FDD],"Band Number = 12, Uplink = 698.0 - 716.0 MHz, Downlink = 699.0 - 716.0 MHz ",Unavailable,Unavailable,0,1724707494817,32558.474611382,2024-08-26 17:24:54.817000,-78.69004647498885,35.78459643573202,88.41826650087903,campaign_9,35.78459643573202,-78.69004647498885,88.41826650087903
4G_LTE,-103,2147483647,-103,-16,-75,2147483647,37,5110,344,8,2147483647,2147483647,2,2147483647,[12],[FDD],"Band Number = 12, Uplink = 698.0 - 716.0 MHz, Downlink = 699.0 - 716.0 MHz ",Unavailable,Unavailable,0,1724707494817,32558.474611382,2024-08-26 17:24:54.817000,-78.69004647498885,35.78459643573202,88.41826650087903,campaign_9,35.78459643573202,-78.69004647498885,88.41826650087903
4G_LTE,-108,2147483647,-108,-12,-75,2147483647,32,950,311,8,2147483647,2147483647,1,2147483647,[2],[FDD],"Band Number = 2, Uplink = 1850.0 - 1910.0 MHz, Downlink = 1850.0 - 1910.0 MHz ",Unavailable,Unavailable,0,1724707494817,32558.474611382,2024-08-26 17:24:54.817000,-78.69004647498885,35.78459643573202,88.41826650087903,campaign_9,35.78459643573202,-78.69004647498885,88.41826650087903
4G_LTE,-119,2147483647,-119,-20,-89,2147483647,21,950,436,8,2147483647,2147483647,0,2147483647,[2],[FDD],"Band Number = 2, Uplink = 1850.0 - 1910.0 MHz, Downlink = 1850.0 - 1910.0 MHz ",Unavailable,Unavailable,0,1724707494817,32558.474611382,2024-08-26 17:24:54.817000,-78.69004647498885,35.78459643573202,88.41826650087903,campaign_9,35.78459643573202,-78.69004647498885,88.41826650087903
4G_LTE,-109,2147483647,-109,-10,-79,2147483647,31,66486,311,8,2147483647,2147483647,1,2147483647,[66],[FDD],"Band Number = 66, Uplink = 1710.0 - 1780.0 MHz, Downlink = 1710.0 - 1780.0 MHz ",Unavailable,Unavailable,0,1724707494817,32558.474611382,2024-08-26 17:24:54.817000,-78.69004647498885,35.78459643573202,88.41826650087903,campaign_9,35.78459643573202,-78.69004647498885,88.41826650087903
4G_LTE,-114,2147483647,-114,-15,-89,2147483647,26,66486,77,8,2147483647,2147483647,1,2147483647,[66],[FDD],"Band Number = 66, Uplink = 1710.0 - 1780.0 MHz, Downlink = 1710.0 - 1780.0 MHz ",Unavailable,Unavailable,0,1724707494817,32558.474611382,2024-08-26 17:24:54.817000,-78.69004647498885,35.78459643573202,88.41826650087903,campaign_9,35.78459643573202,-78.69004647498885,88.41826650087903
4G_LTE,-113,2147483647,-113,-11,-93,2147483647,27,67086,311,8,2147483647,2147483647,1,2147483647,[66],[FDD],"Band Number = 66, Uplink = 1710.0 - 1780.0 MHz, Downlink = 1710.0 - 1780.0 MHz ",Unavailable,Unavailable,0,1724707494817,32558.474611382,2024-08-26 17:24:54.817000,-78.69004647498885,35.78459643573202,88.41826650087903,campaign_9,35.78459643573202,-78.69004647498885,88.41826650087903
4G_LTE,-121,2147483647,-121,-20,-91,2147483647,19,67086,322,8,2147483647,2147483647,0,2147483647,[66],[FDD],"Band Number = 66, Uplink = 1710.0 - 1780.0 MHz, Downlink = 1710.0 - 1780.0 MHz ",Unavailable,Unavailable,0,1724707494817,32558.474611382,2024-08-26 17:24:54.817000,-78.69004647498885,35.78459643573202,88.41826650087903,campaign_9,35.78459643573202,-78.69004647498885,88.41826650087903
4G_LTE,-123,2147483647,-123,-20,-91,2147483647,17,67086,178,8,2147483647,2147483647,0,2147483647,[66],[FDD],"Band Number = 66, Uplink = 1710.0 - 1780.0 MHz, Downlink = 1710.0 - 1780.0 MHz ",Unavailable,Unavailable,0,1724707494817,32558.474611382,2024-08-26 17:24:54.817000,-78.69004647498885,35.78459643573202,88.41826650087903,campaign_9,35.78459643573202,-78.69004647498885,88.41826650087903
4G_LTE,-121,2147483647,-121,-19,-91,2147483647,19,67086,77,8,2147483647,2147483647,0,2147483647,[66],[FDD],"Band Number = 66, Uplink = 1710.0 - 1780.0 MHz, Downlink = 1710.0 - 1780.0 MHz ",Unavailable,Unavailable,0,1724707494817,32558.474611382,2024-08-26 17:24:54.817000,-78.69004647498885,35.78459643573202,88.41826650087903,campaign_9,35.78459643573202,-78.69004647498885,88.41826650087903
4G_LTE,-104,2147483647,-104,-17,-75,2147483647,36,5110,344,7,2147483647,2147483647,2,2147483647,[12],[FDD],"Band Number = 12, Uplink = 698.0 - 716.0 MHz, Downlink = 699.0 - 716.0 MHz ",Unavailable,Unavailable,0,1724707495812,32559.469398986,2024-08-26 17:24:55.812000,-78.68998276781602,35.784607172238566,88.20373095540856,campaign_9,35.784607172238566,-78.68998276781602,88.20373095540856
4G_LTE,-95,7,-95,-11,-67,2147483647,45,5110,101,7,196875793,9995,3,2147483647,[12],[FDD],"Band Number = 12, Uplink = 698.0 - 716.0 MHz, Downlink = 699.0 - 716.0 MHz ",310,410,1,1724707495812,32559.469398986,2024-08-26 17:24:55.812000,-78.68998276781602,35.784607172238566,88.20373095540856,campaign_9,35.784607172238566,-78.68998276781602,88.20373095540856
4G_LTE,-106,2147483647,-106,-20,-73,2147483647,34,5110,18,7,2147483647,2147483647,1,2147483647,[12],[FDD],"Band Number = 12, Uplink = 698.0 - 716.0 MHz, Downlink = 699.0 - 716.0 MHz ",Unavailable,Unavailable,0,1724707495812,32559.469398986,2024-08-26 17:24:55.812000,-78.68998276781602,35.784607172238566,88.20373095540856,campaign_9,35.784607172238566,-78.68998276781602,88.20373095540856
4G_LTE,-105,2147483647,-105,-9,-85,2147483647,35,950,311,7,2147483647,2147483647,2,2147483647,[2],[FDD],"Band Number = 2, Uplink = 1850.0 - 1910.0 MHz, Downlink = 1850.0 - 1910.0 MHz ",Unavailable,Unavailable,0,1724707495812,32559.469398986,2024-08-26 17:24:55.812000,-78.68998276781602,35.784607172238566,88.20373095540856,campaign_9,35.784607172238566,-78.68998276781602,88.20373095540856
4G_LTE,-116,2147483647,-116,-19,-85,2147483647,24,950,436,7,2147483647,2147483647,0,2147483647,[2],[FDD],"Band Number = 2, Uplink = 1850.0 - 1910.0 MHz, Downlink = 1850.0 - 1910.0 MHz ",Unavailable,Unavailable,0,1724707495812,32559.469398986,2024-08-26 17:24:55.812000,-78.68998276781602,35.784607172238566,88.20373095540856,campaign_9,35.784607172238566,-78.68998276781602,88.20373095540856
4G_LTE,-110,2147483647,-110,-10,-91,2147483647,30,66486,311,7,2147483647,2147483647,1,2147483647,[66],[FDD],"Band Number = 66, Uplink = 1710.0 - 1780.0 MHz, Downlink = 1710.0 - 1780.0 MHz ",Unavailable,Unavailable,0,1724707495812,32559.469398986,2024-08-26 17:24:55.812000,-78.68998276781602,35.784607172238566,88.20373095540856,campaign_9,35.784607172238566,-78.68998276781602,88.20373095540856
4G_LTE,-120,2147483647,-120,-19,-91,2147483647,20,66486,478,7,2147483647,2147483647,0,2147483647,[66],[FDD],"Band Number = 66, Uplink = 1710.0 - 1780.0 MHz, Downlink = 1710.0 - 1780.0 MHz ",Unavailable,Unavailable,0,1724707495812,32559.469398986,2024-08-26 17:24:55.812000,-78.68998276781602,35.784607172238566,88.20373095540856,campaign_9,35.784607172238566,-78.68998276781602,88.20373095540856
4G_LTE,-114,2147483647,-114,-12,-93,2147483647,26,67086,311,7,2147483647,2147483647,1,2147483647,[66],[FDD],"Band Number = 66, Uplink = 1710.0 - 1780.0 MHz, Downlink = 1710.0 - 1780.0 MHz ",Unavailable,Unavailable,0,1724707495812,32559.469398986,2024-08-26 17:24:55.812000,-78.68998276781602,35.784607172238566,88.20373095540856,campaign_9,35.784607172238566,-78.68998276781602,88.20373095540856
4G_LTE,-122,2147483647,-122,-20,-93,2147483647,18,67086,322,7,2147483647,2147483647,0,2147483647,[66],[FDD],"Band Number = 66, Uplink = 1710.0 - 1780.0 MHz, Downlink = 1710.0 - 1780.0 MHz ",Unavailable,Unavailable,0,1724707495812,32559.469398986,2024-08-26 17:24:55.812000,-78.68998276781602,35.784607172238566,88.20373095540856,campaign_9,35.784607172238566,-78.68998276781602,88.20373095540856
4G_LTE,-124,2147483647,-124,-20,-93,2147483647,16,67086,178,7,2147483647,2147483647,0,2147483647,[66],[FDD],"Band Number = 66, Uplink = 1710.0 - 1780.0 MHz, Downlink = 1710.0 - 1780.0 MHz ",Unavailable,Unavailable,0,1724707495812,32559.469398986,2024-08-26 17:24:55.812000,-78.68998276781602,35.784607172238566,88.20373095540856,campaign_9,35.784607172238566,-78.68998276781602,88.20373095540856
4G_LTE,-120,2147483647,-120,-18,-93,2147483647,20,67086,77,7,2147483647,2147483647,0,2147483647,[66],[FDD],"Band Number = 66, Uplink = 1710.0 - 1780.0 MHz, Downlink = 1710.0 - 1780.0 MHz ",Unavailable,Unavailable,0,1724707495812,32559.469398986,2024-08-26 17:24:55.812000,-78.68998276781602,35.784607172238566,88.20373095540856,campaign_9,35.784607172238566,-78.68998276781602,88.20373095540856
4G_LTE,-104,2147483647,-104,-17,-75,2147483647,36,5110,344,7,2147483647,2147483647,2,2147483647,[12],[FDD],"Band Number = 12, Uplink = 698.0 - 716.0 MHz, Downlink = 699.0 - 716.0 MHz ",Unavailable,Unavailable,0,1724707496812,32560.470298204,2024-08-26 17:24:56.812000,-78.68991874050664,35.78461796269741,87.98811734187039,campaign_9,35.78461796269741,-78.68991874050664,87.98811734187039
4G_LTE,-95,7,-95,-11,-67,2147483647,45,5110,101,7,196875793,9995,3,2147483647,[12],[FDD],"Band Number = 12, Uplink = 698.0 - 716.0 MHz, Downlink = 699.0 - 716.0 MHz ",310,410,1,1724707496812,32560.470298204,2024-08-26 17:24:56.812000,-78.68991874050664,35.78461796269741,87.98811734187039,campaign_9,35.78461796269741,-78.68991874050664,87.98811734187039
4G_LTE,-106,2147483647,-106,-20,-73,2147483647,34,5110,18,7,2147483647,2147483647,1,2147483647,[12],[FDD],"Band Number = 12, Uplink = 698.0 - 716.0 MHz, Downlink = 699.0 - 716.0 MHz ",Unavailable,Unavailable,0,1724707496812,32560.470298204,2024-08-26 17:24:56.812000,-78.68991874050664,35.78461796269741,87.98811734187039,campaign_9,35.78461796269741,-78.68991874050664,87.98811734187039
4G_LTE,-105,2147483647,-105,-9,-85,2147483647,35,950,311,7,2147483647,2147483647,2,2147483647,[2],[FDD],"Band Number = 2, Uplink = 1850.0 - 1910.0 MHz, Downlink = 1850.0 - 1910.0 MHz ",Unavailable,Unavailable,0,1724707496812,32560.470298204,2024-08-26 17:24:56.812000,-78.68991874050664,35.78461796269741,87.98811734187039,campaign_9,35.78461796269741,-78.68991874050664,87.98811734187039
4G_LTE,-116,2147483647,-116,-19,-85,2147483647,24,950,436,7,2147483647,2147483647,0,2147483647,[2],[FDD],"Band Number = 2, Uplink = 1850.0 - 1910.0 MHz, Downlink = 1850.0 - 1910.0 MHz ",Unavailable,Unavailable,0,1724707496812,32560.470298204,2024-08-26 17:24:56.812000,-78.68991874050664,35.78461796269741,87.98811734187039,campaign_9,35.78461796269741,-78.68991874050664,87.98811734187039
4G_LTE,-110,2147483647,-110,-10,-91,2147483647,30,66486,311,7,2147483647,2147483647,1,2147483647,[66],[FDD],"Band Number = 66, Uplink = 1710.0 - 1780.0 MHz, Downlink = 1710.0 - 1780.0 MHz ",Unavailable,Unavailable,0,1724707496812,32560.470298204,2024-08-26 17:24:56.812000,-78.68991874050664,35.78461796269741,87.98811734187039,campaign_9,35.78461796269741,-78.68991874050664,87.98811734187039
4G_LTE,-120,2147483647,-120,-19,-91,2147483647,20,66486,478,7,2147483647,2147483647,0,2147483647,[66],[FDD],"Band Number = 66, Uplink = 1710.0 - 1780.0 MHz, Downlink = 1710.0 - 1780.0 MHz ",Unavailable,Unavailable,0,1724707496812,32560.470298204,2024-08-26 17:24:56.812000,-78.68991874050664,35.78461796269741,87.98811734187039,campaign_9,35.78461796269741,-78.68991874050664,87.98811734187039
4G_LTE,-114,2147483647,-114,-12,-93,2147483647,26,67086,311,7,2147483647,2147483647,1,2147483647,[66],[FDD],"Band Number = 66, Uplink = 1710.0 - 1780.0 MHz, Downlink = 1710.0 - 1780.0 MHz ",Unavailable,Unavailable,0,1724707496812,32560.470298204,2024-08-26 17:24:56.812000,-78.68991874050664,35.78461796269741,87.98811734187039,campaign_9,35.78461796269741,-78.68991874050664,87.98811734187039
4G_LTE,-122,2147483647,-122,-20,-93,2147483647,18,67086,322,7,2147483647,2147483647,0,2147483647,[66],[FDD],"Band Number = 66, Uplink = 1710.0 - 1780.0 MHz, Downlink = 1710.0 - 1780.0 MHz ",Unavailable,Unavailable,0,1724707496812,32560.470298204,2024-08-26 17:24:56.812000,-78.68991874050664,35.78461796269741,87.98811734187039,campaign_9,35.78461796269741,-78.68991874050664,87.98811734187039
4G_LTE,-124,2147483647,-124,-20,-93,2147483647,16,67086,178,7,2147483647,2147483647,0,2147483647,[66],[FDD],"Band Number = 66, Uplink = 1710.0 - 1780.0 MHz, Downlink = 1710.0 - 1780.0 MHz ",Unavailable,Unavailable,0,1724707496812,32560.470298204,2024-08-26 17:24:56.812000,-78.68991874050664,35.78461796269741,87.98811734187039,campaign_9,35.78461796269741,-78.68991874050664,87.98811734187039
4G_LTE,-120,2147483647,-120,-18,-93,2147483647,20,67086,77,7,2147483647,2147483647,0,2147483647,[66],[FDD],"Band Number = 66, Uplink = 1710.0 - 1780.0 MHz, Downlink = 1710.0 - 1780.0 MHz ",Unavailable,Unavailable,0,1724707496812,32560.470298204,2024-08-26 17:24:56.812000,-78.68991874050664,35.78461796269741,87.98811734187039,campaign_9,35.78461796269741,-78.68991874050664,87.98811734187039
4G_LTE,-92,7,-92,-11,-65,2147483647,48,5110,101,7,196875793,9995,3,2147483647,[12],[FDD],"Band Number = 12, Uplink = 698.0 - 716.0 MHz, Downlink = 699.0 - 716.0 MHz ",310,410,1,1724707497813,32561.470752683,2024-08-26 17:24:57.813000,-78.68985464916996,35.78462876394671,87.77228811471869,campaign_9,35.78462876394671,-78.68985464916996,87.77228811471869
4G_LTE,-108,2147483647,-108,-12,-87,2147483647,32,950,311,7,2147483647,2147483647,1,2147483647,[2],[FDD],"Band Number = 2, Uplink = 1850.0 - 1910.0 MHz, Downlink = 1850.0 - 1910.0 MHz ",Unavailable,Unavailable,0,1724707497813,32561.470752683,2024-08-26 17:24:57.813000,-78.68985464916996,35.78462876394671,87.77228811471869,campaign_9,35.78462876394671,-78.68985464916996,87.77228811471869
4G_LTE,-118,2147483647,-118,-20,-89,2147483647,22,950,436,7,2147483647,2147483647,0,2147483647,[2],[FDD],"Band Number = 2, Uplink = 1850.0 - 1910.0 MHz, Downlink = 1850.0 - 1910.0 MHz ",Unavailable,Unavailable,0,1724707497813,32561.470752683,2024-08-26 17:24:57.813000,-78.68985464916996,35.78462876394671,87.77228811471869,campaign_9,35.78462876394671,-78.68985464916996,87.77228811471869
4G_LTE,-108,2147483647,-108,-10,-89,2147483647,32,66486,311,7,2147483647,2147483647,1,2147483647,[66],[FDD],"Band Number = 66, Uplink = 1710.0 - 1780.0 MHz, Downlink = 1710.0 - 1780.0 MHz ",Unavailable,Unavailable,0,1724707497813,32561.470752683,2024-08-26 17:24:57.813000,-78.68985464916996,35.78462876394671,87.77228811471869,campaign_9,35.78462876394671,-78.68985464916996,87.77228811471869
4G_LTE,-119,2147483647,-119,-20,-89,2147483647,21,66486,478,7,2147483647,2147483647,0,2147483647,[66],[FDD],"Band Number = 66, Uplink = 1710.0 - 1780.0 MHz, Downlink = 1710.0 - 1780.0 MHz ",Unavailable,Unavailable,0,1724707497813,32561.470752683,2024-08-26 17:24:57.813000,-78.68985464916996,35.78462876394671,87.77228811471869,campaign_9,35.78462876394671,-78.68985464916996,87.77228811471869
4G_LTE,-113,2147483647,-113,-12,-89,2147483647,27,67086,311,7,2147483647,2147483647,1,2147483647,[66],[FDD],"Band Number = 66, Uplink = 1710.0 - 1780.0 MHz, Downlink = 1710.0 - 1780.0 MHz ",Unavailable,Unavailable,0,1724707497813,32561.470752683,2024-08-26 17:24:57.813000,-78.68985464916996,35.78462876394671,87.77228811471869,campaign_9,35.78462876394671,-78.68985464916996,87.77228811471869
4G_LTE,-122,2147483647,-122,-20,-93,2147483647,18,67086,322,7,2147483647,2147483647,0,2147483647,[66],[FDD],"Band Number = 66, Uplink = 1710.0 - 1780.0 MHz, Downlink = 1710.0 - 1780.0 MHz ",Unavailable,Unavailable,0,1724707497813,32561.470752683,2024-08-26 17:24:57.813000,-78.68985464916996,35.78462876394671,87.77228811471869,campaign_9,35.78462876394671,-78.68985464916996,87.77228811471869
4G_LTE,-119,2147483647,-119,-20,-89,2147483647,21,67086,178,7,2147483647,2147483647,0,2147483647,[66],[FDD],"Band Number = 66, Uplink = 1710.0 - 1780.0 MHz, Downlink = 1710.0 - 1780.0 MHz ",Unavailable,Unavailable,0,1724707497813,32561.470752683,2024-08-26 17:24:57.813000,-78.68985464916996,35.78462876394671,87.77228811471869,campaign_9,35.78462876394671,-78.68985464916996,87.77228811471869
4G_LTE,-120,2147483647,-120,-18,-93,2147483647,20,67086,77,7,2147483647,2147483647,0,2147483647,[66],[FDD],"Band Number = 66, Uplink = 1710.0 - 1780.0 MHz, Downlink = 1710.0 - 1780.0 MHz ",Unavailable,Unavailable,0,1724707497813,32561.470752683,2024-08-26 17:24:57.813000,-78.68985464916996,35.78462876394671,87.77228811471869,campaign_9,35.78462876394671,-78.68985464916996,87.77228811471869
4G_LTE,-92,7,-92,-11,-65,2147483647,48,5110,101,7,196875793,9995,3,2147483647,[12],[FDD],"Band Number = 12, Uplink = 698.0 - 716.0 MHz, Downlink = 699.0 - 716.0 MHz ",310,410,1,1724707498827,32562.484500391,2024-08-26 17:24:58.827000,-78.68978972547825,35.78463970547198,87.55365591059099,campaign_9,35.78463970547198,-78.68978972547825,87.55365591059099
4G_LTE,-108,2147483647,-108,-12,-87,2147483647,32,950,311,7,2147483647,2147483647,1,2147483647,[2],[FDD],"Band Number = 2, Uplink = 1850.0 - 1910.0 MHz, Downlink = 1850.0 - 1910.0 MHz ",Unavailable,Unavailable,0,1724707498827,32562.484500391,2024-08-26 17:24:58.827000,-78.68978972547825,35.78463970547198,87.55365591059099,campaign_9,35.78463970547198,-78.68978972547825,87.55365591059099
4G_LTE,-118,2147483647,-118,-20,-89,2147483647,22,950,436,7,2147483647,2147483647,0,2147483647,[2],[FDD],"Band Number = 2, Uplink = 1850.0 - 1910.0 MHz, Downlink = 1850.0 - 1910.0 MHz ",Unavailable,Unavailable,0,1724707498827,32562.484500391,2024-08-26 17:24:58.827000,-78.68978972547825,35.78463970547198,87.55365591059099,campaign_9,35.78463970547198,-78.68978972547825,87.55365591059099
4G_LTE,-108,2147483647,-108,-10,-89,2147483647,32,66486,311,7,2147483647,2147483647,1,2147483647,[66],[FDD],"Band Number = 66, Uplink = 1710.0 - 1780.0 MHz, Downlink = 1710.0 - 1780.0 MHz ",Unavailable,Unavailable,0,1724707498827,32562.484500391,2024-08-26 17:24:58.827000,-78.68978972547825,35.78463970547198,87.55365591059099,campaign_9,35.78463970547198,-78.68978972547825,87.55365591059099
4G_LTE,-119,2147483647,-119,-20,-89,2147483647,21,66486,478,7,2147483647,2147483647,0,2147483647,[66],[FDD],"Band Number = 66, Uplink = 1710.0 - 1780.0 MHz, Downlink = 1710.0 - 1780.0 MHz ",Unavailable,Unavailable,0,1724707498827,32562.484500391,2024-08-26 17:24:58.827000,-78.68978972547825,35.78463970547198,87.55365591059099,campaign_9,35.78463970547198,-78.68978972547825,87.55365591059099
4G_LTE,-113,2147483647,-113,-12,-89,2147483647,27,67086,311,7,2147483647,2147483647,1,2147483647,[66],[FDD],"Band Number = 66, Uplink = 1710.0 - 1780.0 MHz, Downlink = 1710.0 - 1780.0 MHz ",Unavailable,Unavailable,0,1724707498827,32562.484500391,2024-08-26 17:24:58.827000,-78.68978972547825,35.78463970547198,87.55365591059099,campaign_9,35.78463970547198,-78.68978972547825,87.55365591059099
4G_LTE,-122,2147483647,-122,-20,-93,2147483647,18,67086,322,7,2147483647,2147483647,0,2147483647,[66],[FDD],"Band Number = 66, Uplink = 1710.0 - 1780.0 MHz, Downlink = 1710.0 - 1780.0 MHz ",Unavailable,Unavailable,0,1724707498827,32562.484500391,2024-08-26 17:24:58.827000,-78.68978972547825,35.78463970547198,87.55365591059099,campaign_9,35.78463970547198,-78.68978972547825,87.55365591059099
4G_LTE,-119,2147483647,-119,-20,-89,2147483647,21,67086,178,7,2147483647,2147483647,0,2147483647,[66],[FDD],"Band Number = 66, Uplink = 1710.0 - 1780.0 MHz, Downlink = 1710.0 - 1780.0 MHz ",Unavailable,Unavailable,0,1724707498827,32562.484500391,2024-08-26 17:24:58.827000,-78.68978972547825,35.78463970547198,87.55365591059099,campaign_9,35.78463970547198,-78.68978972547825,87.55365591059099
4G_LTE,-120,2147483647,-120,-18,-93,2147483647,20,67086,77,7,2147483647,2147483647,0,2147483647,[66],[FDD],"Band Number = 66, Uplink = 1710.0 - 1780.0 MHz, Downlink = 1710.0 - 1780.0 MHz ",Unavailable,Unavailable,0,1724707498827,32562.484500391,2024-08-26 17:24:58.827000,-78.68978972547825,35.78463970547198,87.55365591059099,campaign_9,35.78463970547198,-78.68978972547825,87.55365591059099
4G_LTE,-97,7,-97,-11,-69,2147483647,43,5110,101,7,196875793,9995,2,2147483647,[12],[FDD],"Band Number = 12, Uplink = 698.0 - 716.0 MHz, Downlink = 699.0 - 716.0 MHz ",310,410,1,1724707499827,32563.484928412,2024-08-26 17:24:59.827000,-78.68972569816887,35.784650495930826,87.33804229705282,campaign_9,35.784650495930826,-78.68972569816887,87.33804229705282
4G_LTE,-105,2147483647,-105,-17,-79,2147483647,35,5110,496,7,2147483647,2147483647,2,2147483647,[12],[FDD],"Band Number = 12, Uplink = 698.0 - 716.0 MHz, Downlink = 699.0 - 716.0 MHz ",Unavailable,Unavailable,0,1724707499827,32563.484928412,2024-08-26 17:24:59.827000,-78.68972569816887,35.784650495930826,87.33804229705282,campaign_9,35.784650495930826,-78.68972569816887,87.33804229705282
4G_LTE,-106,2147483647,-106,-20,-75,2147483647,34,5110,18,7,2147483647,2147483647,1,2147483647,[12],[FDD],"Band Number = 12, Uplink = 698.0 - 716.0 MHz, Downlink = 699.0 - 716.0 MHz ",Unavailable,Unavailable,0,1724707499827,32563.484928412,2024-08-26 17:24:59.827000,-78.68972569816887,35.784650495930826,87.33804229705282,campaign_9,35.784650495930826,-78.68972569816887,87.33804229705282
4G_LTE,-109,2147483647,-109,-16,-81,2147483647,31,950,311,7,2147483647,2147483647,1,2147483647,[2],[FDD],"Band Number = 2, Uplink = 1850.0 - 1910.0 MHz, Downlink = 1850.0 - 1910.0 MHz ",Unavailable,Unavailable,0,1724707499827,32563.484928412,2024-08-26 17:24:59.827000,-78.68972569816887,35.784650495930826,87.33804229705282,campaign_9,35.784650495930826,-78.68972569816887,87.33804229705282
4G_LTE,-118,2147483647,-118,-20,-89,2147483647,22,950,436,7,2147483647,2147483647,0,2147483647,[2],[FDD],"Band Number = 2, Uplink = 1850.0 - 1910.0 MHz, Downlink = 1850.0 - 1910.0 MHz ",Unavailable,Unavailable,0,1724707499827,32563.484928412,2024-08-26 17:24:59.827000,-78.68972569816887,35.784650495930826,87.33804229705282,campaign_9,35.784650495930826,-78.68972569816887,87.33804229705282
4G_LTE,-112,2147483647,-112,-12,-89,2147483647,28,66486,311,7,2147483647,2147483647,1,2147483647,[66],[FDD],"Band Number = 66, Uplink = 1710.0 - 1780.0 MHz, Downlink = 1710.0 - 1780.0 MHz ",Unavailable,Unavailable,0,1724707499827,32563.484928412,2024-08-26 17:24:59.827000,-78.68972569816887,35.784650495930826,87.33804229705282,campaign_9,35.784650495930826,-78.68972569816887,87.33804229705282
4G_LTE,-119,2147483647,-119,-20,-89,2147483647,21,66486,478,7,2147483647,2147483647,0,2147483647,[66],[FDD],"Band Number = 66, Uplink = 1710.0 - 1780.0 MHz, Downlink = 1710.0 - 1780.0 MHz ",Unavailable,Unavailable,0,1724707499827,32563.484928412,2024-08-26 17:24:59.827000,-78.68972569816887,35.784650495930826,87.33804229705282,campaign_9,35.784650495930826,-78.68972569816887,87.33804229705282
4G_LTE,-113,2147483647,-113,-14,-87,2147483647,27,67086,311,7,2147483647,2147483647,1,2147483647,[66],[FDD],"Band Number = 66, Uplink = 1710.0 - 1780.0 MHz, Downlink = 1710.0 - 1780.0 MHz ",Unavailable,Unavailable,0,1724707499827,32563.484928412,2024-08-26 17:24:59.827000,-78.68972569816887,35.784650495930826,87.33804229705282,campaign_9,35.784650495930826,-78.68972569816887,87.33804229705282
4G_LTE,-115,2147483647,-115,-18,-87,2147483647,25,67086,322,7,2147483647,2147483647,1,2147483647,[66],[FDD],"Band Number = 66, Uplink = 1710.0 - 1780.0 MHz, Downlink = 1710.0 - 1780.0 MHz ",Unavailable,Unavailable,0,1724707499827,32563.484928412,2024-08-26 17:24:59.827000,-78.68972569816887,35.784650495930826,87.33804229705282,campaign_9,35.784650495930826,-78.68972569816887,87.33804229705282
4G_LTE,-118,2147483647,-118,-19,-89,2147483647,22,67086,178,7,2147483647,2147483647,0,2147483647,[66],[FDD],"Band Number = 66, Uplink = 1710.0 - 1780.0 MHz, Downlink = 1710.0 - 1780.0 MHz ",Unavailable,Unavailable,0,1724707499827,32563.484928412,2024-08-26 17:24:59.827000,-78.68972569816887,35.784650495930826,87.33804229705282,campaign_9,35.784650495930826,-78.68972569816887,87.33804229705282
4G_LTE,-120,2147483647,-120,-18,-93,2147483647,20,67086,77,7,2147483647,2147483647,0,2147483647,[66],[FDD],"Band Number = 66, Uplink = 1710.0 - 1780.0 MHz, Downlink = 1710.0 - 1780.0 MHz ",Unavailable,Unavailable,0,1724707499827,32563.484928412,2024-08-26 17:24:59.827000,-78.68972569816887,35.784650495930826,87.33804229705282,campaign_9,35.784650495930826,-78.68972569816887,87.33804229705282
4G_LTE,-97,7,-97,-11,-69,2147483647,43,5110,101,7,196875793,9995,2,2147483647,[12],[FDD],"Band Number = 12, Uplink = 698.0 - 716.0 MHz, Downlink = 699.0 - 716.0 MHz ",310,410,1,1724707500834,32564.491218359,2024-08-26 17:25:00.834000,-78.6897144,35.7846524,87.29999542236328,campaign_9,35.7846524,-78.6897144,87.29999542236328
4G_LTE,-105,2147483647,-105,-17,-79,2147483647,35,5110,496,7,2147483647,2147483647,2,2147483647,[12],[FDD],"Band Number = 12, Uplink = 698.0 - 716.0 MHz, Downlink = 699.0 - 716.0 MHz ",Unavailable,Unavailable,0,1724707500834,32564.491218359,2024-08-26 17:25:00.834000,-78.6897144,35.7846524,87.29999542236328,campaign_9,35.7846524,-78.6897144,87.29999542236328
4G_LTE,-106,2147483647,-106,-20,-75,2147483647,34,5110,18,7,2147483647,2147483647,1,2147483647,[12],[FDD],"Band Number = 12, Uplink = 698.0 - 716.0 MHz, Downlink = 699.0 - 716.0 MHz ",Unavailable,Unavailable,0,1724707500834,32564.491218359,2024-08-26 17:25:00.834000,-78.6897144,35.7846524,87.29999542236328,campaign_9,35.7846524,-78.6897144,87.29999542236328
4G_LTE,-109,2147483647,-109,-16,-81,2147483647,31,950,311,7,2147483647,2147483647,1,2147483647,[2],[FDD],"Band Number = 2, Uplink = 1850.0 - 1910.0 MHz, Downlink = 1850.0 - 1910.0 MHz ",Unavailable,Unavailable,0,1724707500834,32564.491218359,2024-08-26 17:25:00.834000,-78.6897144,35.7846524,87.29999542236328,campaign_9,35.7846524,-78.6897144,87.29999542236328
4G_LTE,-118,2147483647,-118,-20,-89,2147483647,22,950,436,7,2147483647,2147483647,0,2147483647,[2],[FDD],"Band Number = 2, Uplink = 1850.0 - 1910.0 MHz, Downlink = 1850.0 - 1910.0 MHz ",Unavailable,Unavailable,0,1724707500834,32564.491218359,2024-08-26 17:25:00.834000,-78.6897144,35.7846524,87.29999542236328,campaign_9,35.7846524,-78.6897144,87.29999542236328
4G_LTE,-112,2147483647,-112,-12,-89,2147483647,28,66486,311,7,2147483647,2147483647,1,2147483647,[66],[FDD],"Band Number = 66, Uplink = 1710.0 - 1780.0 MHz, Downlink = 1710.0 - 1780.0 MHz ",Unavailable,Unavailable,0,1724707500834,32564.491218359,2024-08-26 17:25:00.834000,-78.6897144,35.7846524,87.29999542236328,campaign_9,35.7846524,-78.6897144,87.29999542236328
4G_LTE,-119,2147483647,-119,-20,-89,2147483647,21,66486,478,7,2147483647,2147483647,0,2147483647,[66],[FDD],"Band Number = 66, Uplink = 1710.0 - 1780.0 MHz, Downlink = 1710.0 - 1780.0 MHz ",Unavailable,Unavailable,0,1724707500834,32564.491218359,2024-08-26 17:25:00.834000,-78.6897144,35.7846524,87.29999542236328,campaign_9,35.7846524,-78.6897144,87.29999542236328
4G_LTE,-113,2147483647,-113,-14,-87,2147483647,27,67086,311,7,2147483647,2147483647,1,2147483647,[66],[FDD],"Band Number = 66, Uplink = 1710.0 - 1780.0 MHz, Downlink = 1710.0 - 1780.0 MHz ",Unavailable,Unavailable,0,1724707500834,32564.491218359,2024-08-26 17:25:00.834000,-78.6897144,35.7846524,87.29999542236328,campaign_9,35.7846524,-78.6897144,87.29999542236328
4G_LTE,-115,2147483647,-115,-18,-87,2147483647,25,67086,322,7,2147483647,2147483647,1,2147483647,[66],[FDD],"Band Number = 66, Uplink = 1710.0 - 1780.0 MHz, Downlink = 1710.0 - 1780.0 MHz ",Unavailable,Unavailable,0,1724707500834,32564.491218359,2024-08-26 17:25:00.834000,-78.6897144,35.7846524,87.29999542236328,campaign_9,35.7846524,-78.6897144,87.29999542236328
4G_LTE,-118,2147483647,-118,-19,-89,2147483647,22,67086,178,7,2147483647,2147483647,0,2147483647,[66],[FDD],"Band Number = 66, Uplink = 1710.0 - 1780.0 MHz, Downlink = 1710.0 - 1780.0 MHz ",Unavailable,Unavailable,0,1724707500834,32564.491218359,2024-08-26 17:25:00.834000,-78.6897144,35.7846524,87.29999542236328,campaign_9,35.7846524,-78.6897144,87.29999542236328
4G_LTE,-120,2147483647,-120,-18,-93,2147483647,20,67086,77,7,2147483647,2147483647,0,2147483647,[66],[FDD],"Band Number = 66, Uplink = 1710.0 - 1780.0 MHz, Downlink = 1710.0 - 1780.0 MHz ",Unavailable,Unavailable,0,1724707500834,32564.491218359,2024-08-26 17:25:00.834000,-78.6897144,35.7846524,87.29999542236328,campaign_9,35.7846524,-78.6897144,87.29999542236328
4G_LTE,-97,7,-97,-11,-69,2147483647,43,5110,101,7,196875793,9995,2,2147483647,[12],[FDD],"Band Number = 12, Uplink = 698.0 - 716.0 MHz, Downlink = 699.0 - 716.0 MHz ",310,410,1,1724707501829,32565.486180442,2024-08-26 17:25:01.829000,-78.6897115287641,35.784639098560184,87.41718991682407,campaign_9,35.784639098560184,-78.6897115287641,87.41718991682407
4G_LTE,-105,2147483647,-105,-17,-79,2147483647,35,5110,496,7,2147483647,2147483647,2,2147483647,[12],[FDD],"Band Number = 12, Uplink = 698.0 - 716.0 MHz, Downlink = 699.0 - 716.0 MHz ",Unavailable,Unavailable,0,1724707501829,32565.486180442,2024-08-26 17:25:01.829000,-78.6897115287641,35.784639098560184,87.41718991682407,campaign_9,35.784639098560184,-78.6897115287641,87.41718991682407
4G_LTE,-106,2147483647,-106,-20,-75,2147483647,34,5110,18,7,2147483647,2147483647,1,2147483647,[12],[FDD],"Band Number = 12, Uplink = 698.0 - 716.0 MHz, Downlink = 699.0 - 716.0 MHz ",Unavailable,Unavailable,0,1724707501829,32565.486180442,2024-08-26 17:25:01.829000,-78.6897115287641,35.784639098560184,87.41718991682407,campaign_9,35.784639098560184,-78.6897115287641,87.41718991682407
4G_LTE,-109,2147483647,-109,-16,-81,2147483647,31,950,311,7,2147483647,2147483647,1,2147483647,[2],[FDD],"Band Number = 2, Uplink = 1850.0 - 1910.0 MHz, Downlink = 1850.0 - 1910.0 MHz ",Unavailable,Unavailable,0,1724707501829,32565.486180442,2024-08-26 17:25:01.829000,-78.6897115287641,35.784639098560184,87.41718991682407,campaign_9,35.784639098560184,-78.6897115287641,87.41718991682407
4G_LTE,-118,2147483647,-118,-20,-89,2147483647,22,950,436,7,2147483647,2147483647,0,2147483647,[2],[FDD],"Band Number = 2, Uplink = 1850.0 - 1910.0 MHz, Downlink = 1850.0 - 1910.0 MHz ",Unavailable,Unavailable,0,1724707501829,32565.486180442,2024-08-26 17:25:01.829000,-78.6897115287641,35.784639098560184,87.41718991682407,campaign_9,35.784639098560184,-78.6897115287641,87.41718991682407
4G_LTE,-112,2147483647,-112,-12,-89,2147483647,28,66486,311,7,2147483647,2147483647,1,2147483647,[66],[FDD],"Band Number = 66, Uplink = 1710.0 - 1780.0 MHz, Downlink = 1710.0 - 1780.0 MHz ",Unavailable,Unavailable,0,1724707501829,32565.486180442,2024-08-26 17:25:01.829000,-78.6897115287641,35.784639098560184,87.41718991682407,campaign_9,35.784639098560184,-78.6897115287641,87.41718991682407
4G_LTE,-119,2147483647,-119,-20,-89,2147483647,21,66486,478,7,2147483647,2147483647,0,2147483647,[66],[FDD],"Band Number = 66, Uplink = 1710.0 - 1780.0 MHz, Downlink = 1710.0 - 1780.0 MHz ",Unavailable,Unavailable,0,1724707501829,32565.486180442,2024-08-26 17:25:01.829000,-78.6897115287641,35.784639098560184,87.41718991682407,campaign_9,35.784639098560184,-78.6897115287641,87.41718991682407
4G_LTE,-113,2147483647,-113,-14,-87,2147483647,27,67086,311,7,2147483647,2147483647,1,2147483647,[66],[FDD],"Band Number = 66, Uplink = 1710.0 - 1780.0 MHz, Downlink = 1710.0 - 1780.0 MHz ",Unavailable,Unavailable,0,1724707501829,32565.486180442,2024-08-26 17:25:01.829000,-78.6897115287641,35.784639098560184,87.41718991682407,campaign_9,35.784639098560184,-78.6897115287641,87.41718991682407
4G_LTE,-115,2147483647,-115,-18,-87,2147483647,25,67086,322,7,2147483647,2147483647,1,2147483647,[66],[FDD],"Band Number = 66, Uplink = 1710.0 - 1780.0 MHz, Downlink = 1710.0 - 1780.0 MHz ",Unavailable,Unavailable,0,1724707501829,32565.486180442,2024-08-26 17:25:01.829000,-78.6897115287641,35.784639098560184,87.41718991682407,campaign_9,35.784639098560184,-78.6897115287641,87.41718991682407
4G_LTE,-118,2147483647,-118,-19,-89,2147483647,22,67086,178,7,2147483647,2147483647,0,2147483647,[66],[FDD],"Band Number = 66, Uplink = 1710.0 - 1780.0 MHz, Downlink = 1710.0 - 1780.0 MHz ",Unavailable,Unavailable,0,1724707501829,32565.486180442,2024-08-26 17:25:01.829000,-78.6897115287641,35.784639098560184,87.41718991682407,campaign_9,35.784639098560184,-78.6897115287641,87.41718991682407
4G_LTE,-120,2147483647,-120,-18,-93,2147483647,20,67086,77,7,2147483647,2147483647,0,2147483647,[66],[FDD],"Band Number = 66, Uplink = 1710.0 - 1780.0 MHz, Downlink = 1710.0 - 1780.0 MHz ",Unavailable,Unavailable,0,1724707501829,32565.486180442,2024-08-26 17:25:01.829000,-78.6897115287641,35.784639098560184,87.41718991682407,campaign_9,35.784639098560184,-78.6897115287641,87.41718991682407
4G_LTE,-96,6,-96,-11,-67,2147483647,44,5110,101,7,196875793,9995,2,2147483647,[12],[FDD],"Band Number = 12, Uplink = 698.0 - 716.0 MHz, Downlink = 699.0 - 716.0 MHz ",310,410,1,1724707502829,32566.486435702,2024-08-26 17:25:02.829000,-78.68970864309988,35.78462573027897,87.53497332834246,campaign_9,35.78462573027897,-78.68970864309988,87.53497332834246
4G_LTE,-106,2147483647,-106,-17,-75,2147483647,34,5110,496,7,2147483647,2147483647,1,2147483647,[12],[FDD],"Band Number = 12, Uplink = 698.0 - 716.0 MHz, Downlink = 699.0 - 716.0 MHz ",Unavailable,Unavailable,0,1724707502829,32566.486435702,2024-08-26 17:25:02.829000,-78.68970864309988,35.78462573027897,87.53497332834246,campaign_9,35.78462573027897,-78.68970864309988,87.53497332834246
4G_LTE,-106,2147483647,-106,-20,-77,2147483647,34,5110,344,7,2147483647,2147483647,1,2147483647,[12],[FDD],"Band Number = 12, Uplink = 698.0 - 716.0 MHz, Downlink = 699.0 - 716.0 MHz ",Unavailable,Unavailable,0,1724707502829,32566.486435702,2024-08-26 17:25:02.829000,-78.68970864309988,35.78462573027897,87.53497332834246,campaign_9,35.78462573027897,-78.68970864309988,87.53497332834246
4G_LTE,-105,2147483647,-105,-11,-71,2147483647,35,950,311,7,2147483647,2147483647,2,2147483647,[2],[FDD],"Band Number = 2, Uplink = 1850.0 - 1910.0 MHz, Downlink = 1850.0 - 1910.0 MHz ",Unavailable,Unavailable,0,1724707502829,32566.486435702,2024-08-26 17:25:02.829000,-78.68970864309988,35.78462573027897,87.53497332834246,campaign_9,35.78462573027897,-78.68970864309988,87.53497332834246
4G_LTE,-110,2147483647,-110,-11,-87,2147483647,30,66486,311,7,2147483647,2147483647,1,2147483647,[66],[FDD],"Band Number = 66, Uplink = 1710.0 - 1780.0 MHz, Downlink = 1710.0 - 1780.0 MHz ",Unavailable,Unavailable,0,1724707502829,32566.486435702,2024-08-26 17:25:02.829000,-78.68970864309988,35.78462573027897,87.53497332834246,campaign_9,35.78462573027897,-78.68970864309988,87.53497332834246
4G_LTE,-113,2147483647,-113,-12,-77,2147483647,27,67086,311,7,2147483647,2147483647,1,2147483647,[66],[FDD],"Band Number = 66, Uplink = 1710.0 - 1780.0 MHz, Downlink = 1710.0 - 1780.0 MHz ",Unavailable,Unavailable,0,1724707502829,32566.486435702,2024-08-26 17:25:02.829000,-78.68970864309988,35.78462573027897,87.53497332834246,campaign_9,35.78462573027897,-78.68970864309988,87.53497332834246
4G_LTE,-120,2147483647,-120,-19,-93,2147483647,20,67086,322,7,2147483647,2147483647,0,2147483647,[66],[FDD],"Band Number = 66, Uplink = 1710.0 - 1780.0 MHz, Downlink = 1710.0 - 1780.0 MHz ",Unavailable,Unavailable,0,1724707502829,32566.486435702,2024-08-26 17:25:02.829000,-78.68970864309988,35.78462573027897,87.53497332834246,campaign_9,35.78462573027897,-78.68970864309988,87.53497332834246
4G_LTE,-122,2147483647,-122,-20,-93,2147483647,18,67086,178,7,2147483647,2147483647,0,2147483647,[66],[FDD],"Band Number = 66, Uplink = 1710.0 - 1780.0 MHz, Downlink = 1710.0 - 1780.0 MHz ",Unavailable,Unavailable,0,1724707502829,32566.486435702,2024-08-26 17:25:02.829000,-78.68970864309988,35.78462573027897,87.53497332834246,campaign_9,35.78462573027897,-78.68970864309988,87.53497332834246
4G_LTE,-96,6,-96,-11,-67,2147483647,44,5110,101,7,196875793,9995,2,2147483647,[12],[FDD],"Band Number = 12, Uplink = 698.0 - 716.0 MHz, Downlink = 699.0 - 716.0 MHz ",310,410,1,1724707503832,32567.489012264,2024-08-26 17:25:03.832000,-78.68970574877865,35.78461232189291,87.6531100900954,campaign_9,35.78461232189291,-78.68970574877865,87.6531100900954
4G_LTE,-106,2147483647,-106,-17,-75,2147483647,34,5110,496,7,2147483647,2147483647,1,2147483647,[12],[FDD],"Band Number = 12, Uplink = 698.0 - 716.0 MHz, Downlink = 699.0 - 716.0 MHz ",Unavailable,Unavailable,0,1724707503832,32567.489012264,2024-08-26 17:25:03.832000,-78.68970574877865,35.78461232189291,87.6531100900954,campaign_9,35.78461232189291,-78.68970574877865,87.6531100900954
4G_LTE,-106,2147483647,-106,-20,-77,2147483647,34,5110,344,7,2147483647,2147483647,1,2147483647,[12],[FDD],"Band Number = 12, Uplink = 698.0 - 716.0 MHz, Downlink = 699.0 - 716.0 MHz ",Unavailable,Unavailable,0,1724707503832,32567.489012264,2024-08-26 17:25:03.832000,-78.68970574877865,35.78461232189291,87.6531100900954,campaign_9,35.78461232189291,-78.68970574877865,87.6531100900954
4G_LTE,-105,2147483647,-105,-11,-71,2147483647,35,950,311,7,2147483647,2147483647,2,2147483647,[2],[FDD],"Band Number = 2, Uplink = 1850.0 - 1910.0 MHz, Downlink = 1850.0 - 1910.0 MHz ",Unavailable,Unavailable,0,1724707503832,32567.489012264,2024-08-26 17:25:03.832000,-78.68970574877865,35.78461232189291,87.6531100900954,campaign_9,35.78461232189291,-78.68970574877865,87.6531100900954
4G_LTE,-110,2147483647,-110,-11,-87,2147483647,30,66486,311,7,2147483647,2147483647,1,2147483647,[66],[FDD],"Band Number = 66, Uplink = 1710.0 - 1780.0 MHz, Downlink = 1710.0 - 1780.0 MHz ",Unavailable,Unavailable,0,1724707503832,32567.489012264,2024-08-26 17:25:03.832000,-78.68970574877865,35.78461232189291,87.6531100900954,campaign_9,35.78461232189291,-78.68970574877865,87.6531100900954
4G_LTE,-113,2147483647,-113,-12,-77,2147483647,27,67086,311,7,2147483647,2147483647,1,2147483647,[66],[FDD],"Band Number = 66, Uplink = 1710.0 - 1780.0 MHz, Downlink = 1710.0 - 1780.0 MHz ",Unavailable,Unavailable,0,1724707503832,32567.489012264,2024-08-26 17:25:03.832000,-78.68970574877865,35.78461232189291,87.6531100900954,campaign_9,35.78461232189291,-78.68970574877865,87.6531100900954
4G_LTE,-120,2147483647,-120,-19,-93,2147483647,20,67086,322,7,2147483647,2147483647,0,2147483647,[66],[FDD],"Band Number = 66, Uplink = 1710.0 - 1780.0 MHz, Downlink = 1710.0 - 1780.0 MHz ",Unavailable,Unavailable,0,1724707503832,32567.489012264,2024-08-26 17:25:03.832000,-78.68970574877865,35.78461232189291,87.6531100900954,campaign_9,35.78461232189291,-78.68970574877865,87.6531100900954
4G_LTE,-122,2147483647,-122,-20,-93,2147483647,18,67086,178,7,2147483647,2147483647,0,2147483647,[66],[FDD],"Band Number = 66, Uplink = 1710.0 - 1780.0 MHz, Downlink = 1710.0 - 1780.0 MHz ",Unavailable,Unavailable,0,1724707503832,32567.489012264,2024-08-26 17:25:03.832000,-78.68970574877865,35.78461232189291,87.6531100900954,campaign_9,35.78461232189291,-78.68970574877865,87.6531100900954
4G_LTE,-97,6,-97,-11,-69,2147483647,43,5110,101,7,196875793,9995,2,2147483647,[12],[FDD],"Band Number = 12, Uplink = 698.0 - 716.0 MHz, Downlink = 699.0 - 716.0 MHz ",310,410,1,1724707504833,32568.490142733,2024-08-26 17:25:04.833000,-78.68970286022876,35.784598940243406,87.7710112850253,campaign_9,35.784598940243406,-78.68970286022876,87.7710112850253
4G_LTE,-107,2147483647,-107,-19,-79,2147483647,33,5110,496,7,2147483647,2147483647,1,2147483647,[12],[FDD],"Band Number = 12, Uplink = 698.0 - 716.0 MHz, Downlink = 699.0 - 716.0 MHz ",Unavailable,Unavailable,0,1724707504833,32568.490142733,2024-08-26 17:25:04.833000,-78.68970286022876,35.784598940243406,87.7710112850253,campaign_9,35.784598940243406,-78.68970286022876,87.7710112850253
4G_LTE,-107,2147483647,-107,-11,-87,2147483647,33,950,311,7,2147483647,2147483647,1,2147483647,[2],[FDD],"Band Number = 2, Uplink = 1850.0 - 1910.0 MHz, Downlink = 1850.0 - 1910.0 MHz ",Unavailable,Unavailable,0,1724707504833,32568.490142733,2024-08-26 17:25:04.833000,-78.68970286022876,35.784598940243406,87.7710112850253,campaign_9,35.784598940243406,-78.68970286022876,87.7710112850253
4G_LTE,-111,2147483647,-111,-14,-87,2147483647,29,66486,311,7,2147483647,2147483647,1,2147483647,[66],[FDD],"Band Number = 66, Uplink = 1710.0 - 1780.0 MHz, Downlink = 1710.0 - 1780.0 MHz ",Unavailable,Unavailable,0,1724707504833,32568.490142733,2024-08-26 17:25:04.833000,-78.68970286022876,35.784598940243406,87.7710112850253,campaign_9,35.784598940243406,-78.68970286022876,87.7710112850253
4G_LTE,-116,2147483647,-116,-14,-91,2147483647,24,67086,311,7,2147483647,2147483647,0,2147483647,[66],[FDD],"Band Number = 66, Uplink = 1710.0 - 1780.0 MHz, Downlink = 1710.0 - 1780.0 MHz ",Unavailable,Unavailable,0,1724707504833,32568.490142733,2024-08-26 17:25:04.833000,-78.68970286022876,35.784598940243406,87.7710112850253,campaign_9,35.784598940243406,-78.68970286022876,87.7710112850253
4G_LTE,-118,2147483647,-118,-17,-91,2147483647,22,67086,322,7,2147483647,2147483647,0,2147483647,[66],[FDD],"Band Number = 66, Uplink = 1710.0 - 1780.0 MHz, Downlink = 1710.0 - 1780.0 MHz ",Unavailable,Unavailable,0,1724707504833,32568.490142733,2024-08-26 17:25:04.833000,-78.68970286022876,35.784598940243406,87.7710112850253,campaign_9,35.784598940243406,-78.68970286022876,87.7710112850253
4G_LTE,-122,2147483647,-122,-20,-93,2147483647,18,67086,178,7,2147483647,2147483647,0,2147483647,[66],[FDD],"Band Number = 66, Uplink = 1710.0 - 1780.0 MHz, Downlink = 1710.0 - 1780.0 MHz ",Unavailable,Unavailable,0,1724707504833,32568.490142733,2024-08-26 17:25:04.833000,-78.68970286022876,35.784598940243406,87.7710112850253,campaign_9,35.784598940243406,-78.68970286022876,87.7710112850253
4G_LTE,-97,6,-97,-11,-69,2147483647,43,5110,101,7,196875793,9995,2,2147483647,[12],[FDD],"Band Number = 12, Uplink = 698.0 - 716.0 MHz, Downlink = 699.0 - 716.0 MHz ",310,410,1,1724707505837,32569.494813982,2024-08-26 17:25:05.837000,-78.68969996302188,35.78458551848907,87.88926583018976,campaign_9,35.78458551848907,-78.68969996302188,87.88926583018976
4G_LTE,-107,2147483647,-107,-19,-79,2147483647,33,5110,496,7,2147483647,2147483647,1,2147483647,[12],[FDD],"Band Number = 12, Uplink = 698.0 - 716.0 MHz, Downlink = 699.0 - 716.0 MHz ",Unavailable,Unavailable,0,1724707505837,32569.494813982,2024-08-26 17:25:05.837000,-78.68969996302188,35.78458551848907,87.88926583018976,campaign_9,35.78458551848907,-78.68969996302188,87.88926583018976
4G_LTE,-107,2147483647,-107,-11,-87,2147483647,33,950,311,7,2147483647,2147483647,1,2147483647,[2],[FDD],"Band Number = 2, Uplink = 1850.0 - 1910.0 MHz, Downlink = 1850.0 - 1910.0 MHz ",Unavailable,Unavailable,0,1724707505837,32569.494813982,2024-08-26 17:25:05.837000,-78.68969996302188,35.78458551848907,87.88926583018976,campaign_9,35.78458551848907,-78.68969996302188,87.88926583018976
4G_LTE,-111,2147483647,-111,-14,-87,2147483647,29,66486,311,7,2147483647,2147483647,1,2147483647,[66],[FDD],"Band Number = 66, Uplink = 1710.0 - 1780.0 MHz, Downlink = 1710.0 - 1780.0 MHz ",Unavailable,Unavailable,0,1724707505837,32569.494813982,2024-08-26 17:25:05.837000,-78.68969996302188,35.78458551848907,87.88926583018976,campaign_9,35.78458551848907,-78.68969996302188,87.88926583018976
4G_LTE,-116,2147483647,-116,-14,-91,2147483647,24,67086,311,7,2147483647,2147483647,0,2147483647,[66],[FDD],"Band Number = 66, Uplink = 1710.0 - 1780.0 MHz, Downlink = 1710.0 - 1780.0 MHz ",Unavailable,Unavailable,0,1724707505837,32569.494813982,2024-08-26 17:25:05.837000,-78.68969996302188,35.78458551848907,87.88926583018976,campaign_9,35.78458551848907,-78.68969996302188,87.88926583018976
4G_LTE,-118,2147483647,-118,-17,-91,2147483647,22,67086,322,7,2147483647,2147483647,0,2147483647,[66],[FDD],"Band Number = 66, Uplink = 1710.0 - 1780.0 MHz, Downlink = 1710.0 - 1780.0 MHz ",Unavailable,Unavailable,0,1724707505837,32569.494813982,2024-08-26 17:25:05.837000,-78.68969996302188,35.78458551848907,87.88926583018976,campaign_9,35.78458551848907,-78.68969996302188,87.88926583018976
4G_LTE,-122,2147483647,-122,-20,-93,2147483647,18,67086,178,7,2147483647,2147483647,0,2147483647,[66],[FDD],"Band Number = 66, Uplink = 1710.0 - 1780.0 MHz, Downlink = 1710.0 - 1780.0 MHz ",Unavailable,Unavailable,0,1724707505837,32569.494813982,2024-08-26 17:25:05.837000,-78.68969996302188,35.78458551848907,87.88926583018976,campaign_9,35.78458551848907,-78.68969996302188,87.88926583018976
4G_LTE,-97,6,-97,-14,-65,2147483647,43,5110,101,7,196875793,9995,2,2147483647,[12],[FDD],"Band Number = 12, Uplink = 698.0 - 716.0 MHz, Downlink = 699.0 - 716.0 MHz ",310,410,1,1724707506839,32570.496819555,2024-08-26 17:25:06.839000,-78.6896997,35.7845843,87.9000015258789,campaign_9,35.7845843,-78.6896997,87.9000015258789
4G_LTE,-103,2147483647,-103,-15,-77,2147483647,37,5110,496,7,2147483647,2147483647,2,2147483647,[12],[FDD],"Band Number = 12, Uplink = 698.0 - 716.0 MHz, Downlink = 699.0 - 716.0 MHz ",Unavailable,Unavailable,0,1724707506839,32570.496819555,2024-08-26 17:25:06.839000,-78.6896997,35.7845843,87.9000015258789,campaign_9,35.7845843,-78.6896997,87.9000015258789
4G_LTE,-110,2147483647,-110,-20,-77,2147483647,30,5110,18,7,2147483647,2147483647,1,2147483647,[12],[FDD],"Band Number = 12, Uplink = 698.0 - 716.0 MHz, Downlink = 699.0 - 716.0 MHz ",Unavailable,Unavailable,0,1724707506839,32570.496819555,2024-08-26 17:25:06.839000,-78.6896997,35.7845843,87.9000015258789,campaign_9,35.7845843,-78.6896997,87.9000015258789
4G_LTE,-106,2147483647,-106,-12,-85,2147483647,34,950,311,7,2147483647,2147483647,1,2147483647,[2],[FDD],"Band Number = 2, Uplink = 1850.0 - 1910.0 MHz, Downlink = 1850.0 - 1910.0 MHz ",Unavailable,Unavailable,0,1724707506839,32570.496819555,2024-08-26 17:25:06.839000,-78.6896997,35.7845843,87.9000015258789,campaign_9,35.7845843,-78.6896997,87.9000015258789
4G_LTE,-113,2147483647,-113,-14,-89,2147483647,27,66486,311,7,2147483647,2147483647,1,2147483647,[66],[FDD],"Band Number = 66, Uplink = 1710.0 - 1780.0 MHz, Downlink = 1710.0 - 1780.0 MHz ",Unavailable,Unavailable,0,1724707506839,32570.496819555,2024-08-26 17:25:06.839000,-78.6896997,35.7845843,87.9000015258789,campaign_9,35.7845843,-78.6896997,87.9000015258789
4G_LTE,-113,2147483647,-113,-13,-91,2147483647,27,67086,311,7,2147483647,2147483647,1,2147483647,[66],[FDD],"Band Number = 66, Uplink = 1710.0 - 1780.0 MHz, Downlink = 1710.0 - 1780.0 MHz ",Unavailable,Unavailable,0,1724707506839,32570.496819555,2024-08-26 17:25:06.839000,-78.6896997,35.7845843,87.9000015258789,campaign_9,35.7845843,-78.6896997,87.9000015258789
4G_LTE,-121,2147483647,-121,-17,-91,2147483647,19,67086,322,7,2147483647,2147483647,0,2147483647,[66],[FDD],"Band Number = 66, Uplink = 1710.0 - 1780.0 MHz, Downlink = 1710.0 - 1780.0 MHz ",Unavailable,Unavailable,0,1724707506839,32570.496819555,2024-08-26 17:25:06.839000,-78.6896997,35.7845843,87.9000015258789,campaign_9,35.7845843,-78.6896997,87.9000015258789
4G_LTE,-120,2147483647,-120,-20,-89,2147483647,20,67086,178,7,2147483647,2147483647,0,2147483647,[66],[FDD],"Band Number = 66, Uplink = 1710.0 - 1780.0 MHz, Downlink = 1710.0 - 1780.0 MHz ",Unavailable,Unavailable,0,1724707506839,32570.496819555,2024-08-26 17:25:06.839000,-78.6896997,35.7845843,87.9000015258789,campaign_9,35.7845843,-78.6896997,87.9000015258789
4G_LTE,-97,6,-97,-14,-65,2147483647,43,5110,101,7,196875793,9995,2,2147483647,[12],[FDD],"Band Number = 12, Uplink = 698.0 - 716.0 MHz, Downlink = 699.0 - 716.0 MHz ",310,410,1,1724707507841,32571.498160804,2024-08-26 17:25:07.841000,-78.6896997,35.7845843,87.9000015258789,campaign_9,35.7845843,-78.6896997,87.9000015258789
4G_LTE,-103,2147483647,-103,-15,-77,2147483647,37,5110,496,7,2147483647,2147483647,2,2147483647,[12],[FDD],"Band Number = 12, Uplink = 698.0 - 716.0 MHz, Downlink = 699.0 - 716.0 MHz ",Unavailable,Unavailable,0,1724707507841,32571.498160804,2024-08-26 17:25:07.841000,-78.6896997,35.7845843,87.9000015258789,campaign_9,35.7845843,-78.6896997,87.9000015258789
4G_LTE,-110,2147483647,-110,-20,-77,2147483647,30,5110,18,7,2147483647,2147483647,1,2147483647,[12],[FDD],"Band Number = 12, Uplink = 698.0 - 716.0 MHz, Downlink = 699.0 - 716.0 MHz ",Unavailable,Unavailable,0,1724707507841,32571.498160804,2024-08-26 17:25:07.841000,-78.6896997,35.7845843,87.9000015258789,campaign_9,35.7845843,-78.6896997,87.9000015258789
4G_LTE,-106,2147483647,-106,-12,-85,2147483647,34,950,311,7,2147483647,2147483647,1,2147483647,[2],[FDD],"Band Number = 2, Uplink = 1850.0 - 1910.0 MHz, Downlink = 1850.0 - 1910.0 MHz ",Unavailable,Unavailable,0,1724707507841,32571.498160804,2024-08-26 17:25:07.841000,-78.6896997,35.7845843,87.9000015258789,campaign_9,35.7845843,-78.6896997,87.9000015258789
4G_LTE,-113,2147483647,-113,-14,-89,2147483647,27,66486,311,7,2147483647,2147483647,1,2147483647,[66],[FDD],"Band Number = 66, Uplink = 1710.0 - 1780.0 MHz, Downlink = 1710.0 - 1780.0 MHz ",Unavailable,Unavailable,0,1724707507841,32571.498160804,2024-08-26 17:25:07.841000,-78.6896997,35.7845843,87.9000015258789,campaign_9,35.7845843,-78.6896997,87.9000015258789
4G_LTE,-113,2147483647,-113,-13,-91,2147483647,27,67086,311,7,2147483647,2147483647,1,2147483647,[66],[FDD],"Band Number = 66, Uplink = 1710.0 - 1780.0 MHz, Downlink = 1710.0 - 1780.0 MHz ",Unavailable,Unavailable,0,1724707507841,32571.498160804,2024-08-26 17:25:07.841000,-78.6896997,35.7845843,87.9000015258789,campaign_9,35.7845843,-78.6896997,87.9000015258789
4G_LTE,-121,2147483647,-121,-17,-91,2147483647,19,67086,322,7,2147483647,2147483647,0,2147483647,[66],[FDD],"Band Number = 66, Uplink = 1710.0 - 1780.0 MHz, Downlink = 1710.0 - 1780.0 MHz ",Unavailable,Unavailable,0,1724707507841,32571.498160804,2024-08-26 17:25:07.841000,-78.6896997,35.7845843,87.9000015258789,campaign_9,35.7845843,-78.6896997,87.9000015258789
4G_LTE,-120,2147483647,-120,-20,-89,2147483647,20,67086,178,7,2147483647,2147483647,0,2147483647,[66],[FDD],"Band Number = 66, Uplink = 1710.0 - 1780.0 MHz, Downlink = 1710.0 - 1780.0 MHz ",Unavailable,Unavailable,0,1724707507841,32571.498160804,2024-08-26 17:25:07.841000,-78.6896997,35.7845843,87.9000015258789,campaign_9,35.7845843,-78.6896997,87.9000015258789
4G_LTE,-97,6,-97,-13,-69,2147483647,43,5110,101,7,196875793,9995,2,2147483647,[12],[FDD],"Band Number = 12, Uplink = 698.0 - 716.0 MHz, Downlink = 699.0 - 716.0 MHz ",310,410,1,1724707508841,32572.498352627,2024-08-26 17:25:08.841000,-78.6896997,35.7845843,87.9000015258789,campaign_9,35.7845843,-78.6896997,87.9000015258789
4G_LTE,-107,2147483647,-107,-19,-77,2147483647,33,5110,496,7,2147483647,2147483647,1,2147483647,[12],[FDD],"Band Number = 12, Uplink = 698.0 - 716.0 MHz, Downlink = 699.0 - 716.0 MHz ",Unavailable,Unavailable,0,1724707508841,32572.498352627,2024-08-26 17:25:08.841000,-78.6896997,35.7845843,87.9000015258789,campaign_9,35.7845843,-78.6896997,87.9000015258789
4G_LTE,-102,2147483647,-102,-17,-73,2147483647,38,5110,344,7,2147483647,2147483647,2,2147483647,[12],[FDD],"Band Number = 12, Uplink = 698.0 - 716.0 MHz, Downlink = 699.0 - 716.0 MHz ",Unavailable,Unavailable,0,1724707508841,32572.498352627,2024-08-26 17:25:08.841000,-78.6896997,35.7845843,87.9000015258789,campaign_9,35.7845843,-78.6896997,87.9000015258789
4G_LTE,-108,2147483647,-108,-13,-71,2147483647,32,950,311,7,2147483647,2147483647,1,2147483647,[2],[FDD],"Band Number = 2, Uplink = 1850.0 - 1910.0 MHz, Downlink = 1850.0 - 1910.0 MHz ",Unavailable,Unavailable,0,1724707508841,32572.498352627,2024-08-26 17:25:08.841000,-78.6896997,35.7845843,87.9000015258789,campaign_9,35.7845843,-78.6896997,87.9000015258789
4G_LTE,-115,2147483647,-115,-20,-83,2147483647,25,950,436,7,2147483647,2147483647,1,2147483647,[2],[FDD],"Band Number = 2, Uplink = 1850.0 - 1910.0 MHz, Downlink = 1850.0 - 1910.0 MHz ",Unavailable,Unavailable,0,1724707508841,32572.498352627,2024-08-26 17:25:08.841000,-78.6896997,35.7845843,87.9000015258789,campaign_9,35.7845843,-78.6896997,87.9000015258789
4G_LTE,-109,2147483647,-109,-13,-79,2147483647,31,66486,311,7,2147483647,2147483647,1,2147483647,[66],[FDD],"Band Number = 66, Uplink = 1710.0 - 1780.0 MHz, Downlink = 1710.0 - 1780.0 MHz ",Unavailable,Unavailable,0,1724707508841,32572.498352627,2024-08-26 17:25:08.841000,-78.6896997,35.7845843,87.9000015258789,campaign_9,35.7845843,-78.6896997,87.9000015258789
4G_LTE,-114,2147483647,-114,-20,-83,2147483647,26,66486,397,7,2147483647,2147483647,1,2147483647,[66],[FDD],"Band Number = 66, Uplink = 1710.0 - 1780.0 MHz, Downlink = 1710.0 - 1780.0 MHz ",Unavailable,Unavailable,0,1724707508841,32572.498352627,2024-08-26 17:25:08.841000,-78.6896997,35.7845843,87.9000015258789,campaign_9,35.7845843,-78.6896997,87.9000015258789
4G_LTE,-117,2147483647,-117,-18,-87,2147483647,23,66486,502,7,2147483647,2147483647,0,2147483647,[66],[FDD],"Band Number = 66, Uplink = 1710.0 - 1780.0 MHz, Downlink = 1710.0 - 1780.0 MHz ",Unavailable,Unavailable,0,1724707508841,32572.498352627,2024-08-26 17:25:08.841000,-78.6896997,35.7845843,87.9000015258789,campaign_9,35.7845843,-78.6896997,87.9000015258789
4G_LTE,-113,2147483647,-113,-15,-81,2147483647,27,67086,311,7,2147483647,2147483647,1,2147483647,[66],[FDD],"Band Number = 66, Uplink = 1710.0 - 1780.0 MHz, Downlink = 1710.0 - 1780.0 MHz ",Unavailable,Unavailable,0,1724707508841,32572.498352627,2024-08-26 17:25:08.841000,-78.6896997,35.7845843,87.9000015258789,campaign_9,35.7845843,-78.6896997,87.9000015258789
4G_LTE,-118,2147483647,-118,-19,-89,2147483647,22,67086,322,7,2147483647,2147483647,0,2147483647,[66],[FDD],"Band Number = 66, Uplink = 1710.0 - 1780.0 MHz, Downlink = 1710.0 - 1780.0 MHz ",Unavailable,Unavailable,0,1724707508841,32572.498352627,2024-08-26 17:25:08.841000,-78.6896997,35.7845843,87.9000015258789,campaign_9,35.7845843,-78.6896997,87.9000015258789
4G_LTE,-120,2147483647,-120,-20,-89,2147483647,20,67086,178,7,2147483647,2147483647,0,2147483647,[66],[FDD],"Band Number = 66, Uplink = 1710.0 - 1780.0 MHz, Downlink = 1710.0 - 1780.0 MHz ",Unavailable,Unavailable,0,1724707508841,32572.498352627,2024-08-26 17:25:08.841000,-78.6896997,35.7845843,87.9000015258789,campaign_9,35.7845843,-78.6896997,87.9000015258789
4G_LTE,-97,6,-97,-13,-69,2147483647,43,5110,101,7,196875793,9995,2,2147483647,[12],[FDD],"Band Number = 12, Uplink = 698.0 - 716.0 MHz, Downlink = 699.0 - 716.0 MHz ",310,410,1,1724707509850,32573.507892054,2024-08-26 17:25:09.850000,-78.6896997,35.7845843,87.9000015258789,campaign_9,35.7845843,-78.6896997,87.9000015258789
4G_LTE,-107,2147483647,-107,-19,-77,2147483647,33,5110,496,7,2147483647,2147483647,1,2147483647,[12],[FDD],"Band Number = 12, Uplink = 698.0 - 716.0 MHz, Downlink = 699.0 - 716.0 MHz ",Unavailable,Unavailable,0,1724707509850,32573.507892054,2024-08-26 17:25:09.850000,-78.6896997,35.7845843,87.9000015258789,campaign_9,35.7845843,-78.6896997,87.9000015258789
4G_LTE,-102,2147483647,-102,-17,-73,2147483647,38,5110,344,7,2147483647,2147483647,2,2147483647,[12],[FDD],"Band Number = 12, Uplink = 698.0 - 716.0 MHz, Downlink = 699.0 - 716.0 MHz ",Unavailable,Unavailable,0,1724707509850,32573.507892054,2024-08-26 17:25:09.850000,-78.6896997,35.7845843,87.9000015258789,campaign_9,35.7845843,-78.6896997,87.9000015258789
4G_LTE,-108,2147483647,-108,-13,-71,2147483647,32,950,311,7,2147483647,2147483647,1,2147483647,[2],[FDD],"Band Number = 2, Uplink = 1850.0 - 1910.0 MHz, Downlink = 1850.0 - 1910.0 MHz ",Unavailable,Unavailable,0,1724707509850,32573.507892054,2024-08-26 17:25:09.850000,-78.6896997,35.7845843,87.9000015258789,campaign_9,35.7845843,-78.6896997,87.9000015258789
4G_LTE,-115,2147483647,-115,-20,-83,2147483647,25,950,436,7,2147483647,2147483647,1,2147483647,[2],[FDD],"Band Number = 2, Uplink = 1850.0 - 1910.0 MHz, Downlink = 1850.0 - 1910.0 MHz ",Unavailable,Unavailable,0,1724707509850,32573.507892054,2024-08-26 17:25:09.850000,-78.6896997,35.7845843,87.9000015258789,campaign_9,35.7845843,-78.6896997,87.9000015258789
4G_LTE,-109,2147483647,-109,-13,-79,2147483647,31,66486,311,7,2147483647,2147483647,1,2147483647,[66],[FDD],"Band Number = 66, Uplink = 1710.0 - 1780.0 MHz, Downlink = 1710.0 - 1780.0 MHz ",Unavailable,Unavailable,0,1724707509850,32573.507892054,2024-08-26 17:25:09.850000,-78.6896997,35.7845843,87.9000015258789,campaign_9,35.7845843,-78.6896997,87.9000015258789
4G_LTE,-114,2147483647,-114,-20,-83,2147483647,26,66486,397,7,2147483647,2147483647,1,2147483647,[66],[FDD],"Band Number = 66, Uplink = 1710.0 - 1780.0 MHz, Downlink = 1710.0 - 1780.0 MHz ",Unavailable,Unavailable,0,1724707509850,32573.507892054,2024-08-26 17:25:09.850000,-78.6896997,35.7845843,87.9000015258789,campaign_9,35.7845843,-78.6896997,87.9000015258789
4G_LTE,-117,2147483647,-117,-18,-87,2147483647,23,66486,502,7,2147483647,2147483647,0,2147483647,[66],[FDD],"Band Number = 66, Uplink = 1710.0 - 1780.0 MHz, Downlink = 1710.0 - 1780.0 MHz ",Unavailable,Unavailable,0,1724707509850,32573.507892054,2024-08-26 17:25:09.850000,-78.6896997,35.7845843,87.9000015258789,campaign_9,35.7845843,-78.6896997,87.9000015258789
4G_LTE,-113,2147483647,-113,-15,-81,2147483647,27,67086,311,7,2147483647,2147483647,1,2147483647,[66],[FDD],"Band Number = 66, Uplink = 1710.0 - 1780.0 MHz, Downlink = 1710.0 - 1780.0 MHz ",Unavailable,Unavailable,0,1724707509850,32573.507892054,2024-08-26 17:25:09.850000,-78.6896997,35.7845843,87.9000015258789,campaign_9,35.7845843,-78.6896997,87.9000015258789
4G_LTE,-118,2147483647,-118,-19,-89,2147483647,22,67086,322,7,2147483647,2147483647,0,2147483647,[66],[FDD],"Band Number = 66, Uplink = 1710.0 - 1780.0 MHz, Downlink = 1710.0 - 1780.0 MHz ",Unavailable,Unavailable,0,1724707509850,32573.507892054,2024-08-26 17:25:09.850000,-78.6896997,35.7845843,87.9000015258789,campaign_9,35.7845843,-78.6896997,87.9000015258789
4G_LTE,-120,2147483647,-120,-20,-89,2147483647,20,67086,178,7,2147483647,2147483647,0,2147483647,[66],[FDD],"Band Number = 66, Uplink = 1710.0 - 1780.0 MHz, Downlink = 1710.0 - 1780.0 MHz ",Unavailable,Unavailable,0,1724707509850,32573.507892054,2024-08-26 17:25:09.850000,-78.6896997,35.7845843,87.9000015258789,campaign_9,35.7845843,-78.6896997,87.9000015258789
4G_LTE,-98,6,-98,-11,-69,2147483647,42,5110,101,7,196875793,9995,2,2147483647,[12],[FDD],"Band Number = 12, Uplink = 698.0 - 716.0 MHz, Downlink = 699.0 - 716.0 MHz ",310,410,1,1724707510847,32574.504008876,2024-08-26 17:25:10.847000,-78.6896997,35.7845843,87.9000015258789,campaign_9,35.7845843,-78.6896997,87.9000015258789
4G_LTE,-104,2147483647,-104,-19,-75,2147483647,36,5110,496,7,2147483647,2147483647,2,2147483647,[12],[FDD],"Band Number = 12, Uplink = 698.0 - 716.0 MHz, Downlink = 699.0 - 716.0 MHz ",Unavailable,Unavailable,0,1724707510847,32574.504008876,2024-08-26 17:25:10.847000,-78.6896997,35.7845843,87.9000015258789,campaign_9,35.7845843,-78.6896997,87.9000015258789
4G_LTE,-106,2147483647,-106,-19,-73,2147483647,34,5110,344,7,2147483647,2147483647,1,2147483647,[12],[FDD],"Band Number = 12, Uplink = 698.0 - 716.0 MHz, Downlink = 699.0 - 716.0 MHz ",Unavailable,Unavailable,0,1724707510847,32574.504008876,2024-08-26 17:25:10.847000,-78.6896997,35.7845843,87.9000015258789,campaign_9,35.7845843,-78.6896997,87.9000015258789
4G_LTE,-111,2147483647,-111,-15,-85,2147483647,29,950,311,7,2147483647,2147483647,1,2147483647,[2],[FDD],"Band Number = 2, Uplink = 1850.0 - 1910.0 MHz, Downlink = 1850.0 - 1910.0 MHz ",Unavailable,Unavailable,0,1724707510847,32574.504008876,2024-08-26 17:25:10.847000,-78.6896997,35.7845843,87.9000015258789,campaign_9,35.7845843,-78.6896997,87.9000015258789
4G_LTE,-110,2147483647,-110,-17,-83,2147483647,30,950,436,7,2147483647,2147483647,1,2147483647,[2],[FDD],"Band Number = 2, Uplink = 1850.0 - 1910.0 MHz, Downlink = 1850.0 - 1910.0 MHz ",Unavailable,Unavailable,0,1724707510847,32574.504008876,2024-08-26 17:25:10.847000,-78.6896997,35.7845843,87.9000015258789,campaign_9,35.7845843,-78.6896997,87.9000015258789
4G_LTE,-111,2147483647,-111,-17,-83,2147483647,29,950,397,7,2147483647,2147483647,1,2147483647,[2],[FDD],"Band Number = 2, Uplink = 1850.0 - 1910.0 MHz, Downlink = 1850.0 - 1910.0 MHz ",Unavailable,Unavailable,0,1724707510847,32574.504008876,2024-08-26 17:25:10.847000,-78.6896997,35.7845843,87.9000015258789,campaign_9,35.7845843,-78.6896997,87.9000015258789
4G_LTE,-109,2147483647,-109,-12,-83,2147483647,31,66486,311,7,2147483647,2147483647,1,2147483647,[66],[FDD],"Band Number = 66, Uplink = 1710.0 - 1780.0 MHz, Downlink = 1710.0 - 1780.0 MHz ",Unavailable,Unavailable,0,1724707510847,32574.504008876,2024-08-26 17:25:10.847000,-78.6896997,35.7845843,87.9000015258789,campaign_9,35.7845843,-78.6896997,87.9000015258789
4G_LTE,-116,2147483647,-116,-20,-87,2147483647,24,66486,397,7,2147483647,2147483647,0,2147483647,[66],[FDD],"Band Number = 66, Uplink = 1710.0 - 1780.0 MHz, Downlink = 1710.0 - 1780.0 MHz ",Unavailable,Unavailable,0,1724707510847,32574.504008876,2024-08-26 17:25:10.847000,-78.6896997,35.7845843,87.9000015258789,campaign_9,35.7845843,-78.6896997,87.9000015258789
4G_LTE,-117,2147483647,-117,-18,-87,2147483647,23,66486,502,7,2147483647,2147483647,0,2147483647,[66],[FDD],"Band Number = 66, Uplink = 1710.0 - 1780.0 MHz, Downlink = 1710.0 - 1780.0 MHz ",Unavailable,Unavailable,0,1724707510847,32574.504008876,2024-08-26 17:25:10.847000,-78.6896997,35.7845843,87.9000015258789,campaign_9,35.7845843,-78.6896997,87.9000015258789
4G_LTE,-118,2147483647,-118,-16,-89,2147483647,22,66486,478,7,2147483647,2147483647,0,2147483647,[66],[FDD],"Band Number = 66, Uplink = 1710.0 - 1780.0 MHz, Downlink = 1710.0 - 1780.0 MHz ",Unavailable,Unavailable,0,1724707510847,32574.504008876,2024-08-26 17:25:10.847000,-78.6896997,35.7845843,87.9000015258789,campaign_9,35.7845843,-78.6896997,87.9000015258789
4G_LTE,-111,2147483647,-111,-13,-85,2147483647,29,67086,311,7,2147483647,2147483647,1,2147483647,[66],[FDD],"Band Number = 66, Uplink = 1710.0 - 1780.0 MHz, Downlink = 1710.0 - 1780.0 MHz ",Unavailable,Unavailable,0,1724707510847,32574.504008876,2024-08-26 17:25:10.847000,-78.6896997,35.7845843,87.9000015258789,campaign_9,35.7845843,-78.6896997,87.9000015258789
4G_LTE,-120,2147483647,-120,-19,-93,2147483647,20,67086,322,7,2147483647,2147483647,0,2147483647,[66],[FDD],"Band Number = 66, Uplink = 1710.0 - 1780.0 MHz, Downlink = 1710.0 - 1780.0 MHz ",Unavailable,Unavailable,0,1724707510847,32574.504008876,2024-08-26 17:25:10.847000,-78.6896997,35.7845843,87.9000015258789,campaign_9,35.7845843,-78.6896997,87.9000015258789
4G_LTE,-117,2147483647,-117,-18,-87,2147483647,23,67086,178,7,2147483647,2147483647,0,2147483647,[66],[FDD],"Band Number = 66, Uplink = 1710.0 - 1780.0 MHz, Downlink = 1710.0 - 1780.0 MHz ",Unavailable,Unavailable,0,1724707510847,32574.504008876,2024-08-26 17:25:10.847000,-78.6896997,35.7845843,87.9000015258789,campaign_9,35.7845843,-78.6896997,87.9000015258789
4G_LTE,-98,6,-98,-11,-69,2147483647,42,5110,101,7,196875793,9995,2,2147483647,[12],[FDD],"Band Number = 12, Uplink = 698.0 - 716.0 MHz, Downlink = 699.0 - 716.0 MHz ",310,410,1,1724707511852,32575.510085907,2024-08-26 17:25:11.852000,-78.6896997,35.7845843,87.9000015258789,campaign_9,35.7845843,-78.6896997,87.9000015258789
4G_LTE,-104,2147483647,-104,-19,-75,2147483647,36,5110,496,7,2147483647,2147483647,2,2147483647,[12],[FDD],"Band Number = 12, Uplink = 698.0 - 716.0 MHz, Downlink = 699.0 - 716.0 MHz ",Unavailable,Unavailable,0,1724707511852,32575.510085907,2024-08-26 17:25:11.852000,-78.6896997,35.7845843,87.9000015258789,campaign_9,35.7845843,-78.6896997,87.9000015258789
4G_LTE,-106,2147483647,-106,-19,-73,2147483647,34,5110,344,7,2147483647,2147483647,1,2147483647,[12],[FDD],"Band Number = 12, Uplink = 698.0 - 716.0 MHz, Downlink = 699.0 - 716.0 MHz ",Unavailable,Unavailable,0,1724707511852,32575.510085907,2024-08-26 17:25:11.852000,-78.6896997,35.7845843,87.9000015258789,campaign_9,35.7845843,-78.6896997,87.9000015258789
4G_LTE,-111,2147483647,-111,-15,-85,2147483647,29,950,311,7,2147483647,2147483647,1,2147483647,[2],[FDD],"Band Number = 2, Uplink = 1850.0 - 1910.0 MHz, Downlink = 1850.0 - 1910.0 MHz ",Unavailable,Unavailable,0,1724707511852,32575.510085907,2024-08-26 17:25:11.852000,-78.6896997,35.7845843,87.9000015258789,campaign_9,35.7845843,-78.6896997,87.9000015258789
4G_LTE,-110,2147483647,-110,-17,-83,2147483647,30,950,436,7,2147483647,2147483647,1,2147483647,[2],[FDD],"Band Number = 2, Uplink = 1850.0 - 1910.0 MHz, Downlink = 1850.0 - 1910.0 MHz ",Unavailable,Unavailable,0,1724707511852,32575.510085907,2024-08-26 17:25:11.852000,-78.6896997,35.7845843,87.9000015258789,campaign_9,35.7845843,-78.6896997,87.9000015258789
4G_LTE,-111,2147483647,-111,-17,-83,2147483647,29,950,397,7,2147483647,2147483647,1,2147483647,[2],[FDD],"Band Number = 2, Uplink = 1850.0 - 1910.0 MHz, Downlink = 1850.0 - 1910.0 MHz ",Unavailable,Unavailable,0,1724707511852,32575.510085907,2024-08-26 17:25:11.852000,-78.6896997,35.7845843,87.9000015258789,campaign_9,35.7845843,-78.6896997,87.9000015258789
4G_LTE,-109,2147483647,-109,-12,-83,2147483647,31,66486,311,7,2147483647,2147483647,1,2147483647,[66],[FDD],"Band Number = 66, Uplink = 1710.0 - 1780.0 MHz, Downlink = 1710.0 - 1780.0 MHz ",Unavailable,Unavailable,0,1724707511852,32575.510085907,2024-08-26 17:25:11.852000,-78.6896997,35.7845843,87.9000015258789,campaign_9,35.7845843,-78.6896997,87.9000015258789
4G_LTE,-116,2147483647,-116,-20,-87,2147483647,24,66486,397,7,2147483647,2147483647,0,2147483647,[66],[FDD],"Band Number = 66, Uplink = 1710.0 - 1780.0 MHz, Downlink = 1710.0 - 1780.0 MHz ",Unavailable,Unavailable,0,1724707511852,32575.510085907,2024-08-26 17:25:11.852000,-78.6896997,35.7845843,87.9000015258789,campaign_9,35.7845843,-78.6896997,87.9000015258789
4G_LTE,-117,2147483647,-117,-18,-87,2147483647,23,66486,502,7,2147483647,2147483647,0,2147483647,[66],[FDD],"Band Number = 66, Uplink = 1710.0 - 1780.0 MHz, Downlink = 1710.0 - 1780.0 MHz ",Unavailable,Unavailable,0,1724707511852,32575.510085907,2024-08-26 17:25:11.852000,-78.6896997,35.7845843,87.9000015258789,campaign_9,35.7845843,-78.6896997,87.9000015258789
4G_LTE,-118,2147483647,-118,-16,-89,2147483647,22,66486,478,7,2147483647,2147483647,0,2147483647,[66],[FDD],"Band Number = 66, Uplink = 1710.0 - 1780.0 MHz, Downlink = 1710.0 - 1780.0 MHz ",Unavailable,Unavailable,0,1724707511852,32575.510085907,2024-08-26 17:25:11.852000,-78.6896997,35.7845843,87.9000015258789,campaign_9,35.7845843,-78.6896997,87.9000015258789
4G_LTE,-111,2147483647,-111,-13,-85,2147483647,29,67086,311,7,2147483647,2147483647,1,2147483647,[66],[FDD],"Band Number = 66, Uplink = 1710.0 - 1780.0 MHz, Downlink = 1710.0 - 1780.0 MHz ",Unavailable,Unavailable,0,1724707511852,32575.510085907,2024-08-26 17:25:11.852000,-78.6896997,35.7845843,87.9000015258789,campaign_9,35.7845843,-78.6896997,87.9000015258789
4G_LTE,-120,2147483647,-120,-19,-93,2147483647,20,67086,322,7,2147483647,2147483647,0,2147483647,[66],[FDD],"Band Number = 66, Uplink = 1710.0 - 1780.0 MHz, Downlink = 1710.0 - 1780.0 MHz ",Unavailable,Unavailable,0,1724707511852,32575.510085907,2024-08-26 17:25:11.852000,-78.6896997,35.7845843,87.9000015258789,campaign_9,35.7845843,-78.6896997,87.9000015258789
4G_LTE,-117,2147483647,-117,-18,-87,2147483647,23,67086,178,7,2147483647,2147483647,0,2147483647,[66],[FDD],"Band Number = 66, Uplink = 1710.0 - 1780.0 MHz, Downlink = 1710.0 - 1780.0 MHz ",Unavailable,Unavailable,0,1724707511852,32575.510085907,2024-08-26 17:25:11.852000,-78.6896997,35.7845843,87.9000015258789,campaign_9,35.7845843,-78.6896997,87.9000015258789
4G_LTE,-98,6,-98,-12,-69,2147483647,42,5110,101,7,196875793,9995,2,2147483647,[12],[FDD],"Band Number = 12, Uplink = 698.0 - 716.0 MHz, Downlink = 699.0 - 716.0 MHz ",310,410,1,1724707512852,32576.5102045,2024-08-26 17:25:12.852000,-78.6888672045363,35.784604855443554,89.75977377737722,campaign_9,35.784604855443554,-78.6888672045363,89.75977377737722
4G_LTE,-108,2147483647,-108,-19,-79,2147483647,32,5110,496,7,2147483647,2147483647,1,2147483647,[12],[FDD],"Band Number = 12, Uplink = 698.0 - 716.0 MHz, Downlink = 699.0 - 716.0 MHz ",Unavailable,Unavailable,0,1724707512852,32576.5102045,2024-08-26 17:25:12.852000,-78.6888672045363,35.784604855443554,89.75977377737722,campaign_9,35.784604855443554,-78.6888672045363,89.75977377737722
4G_LTE,-105,2147483647,-105,-17,-79,2147483647,35,5110,344,7,2147483647,2147483647,2,2147483647,[12],[FDD],"Band Number = 12, Uplink = 698.0 - 716.0 MHz, Downlink = 699.0 - 716.0 MHz ",Unavailable,Unavailable,0,1724707512852,32576.5102045,2024-08-26 17:25:12.852000,-78.6888672045363,35.784604855443554,89.75977377737722,campaign_9,35.784604855443554,-78.6888672045363,89.75977377737722
4G_LTE,-112,2147483647,-112,-14,-87,2147483647,28,950,311,7,2147483647,2147483647,1,2147483647,[2],[FDD],"Band Number = 2, Uplink = 1850.0 - 1910.0 MHz, Downlink = 1850.0 - 1910.0 MHz ",Unavailable,Unavailable,0,1724707512852,32576.5102045,2024-08-26 17:25:12.852000,-78.6888672045363,35.784604855443554,89.75977377737722,campaign_9,35.784604855443554,-78.6888672045363,89.75977377737722
4G_LTE,-110,2147483647,-110,-18,-81,2147483647,30,950,436,7,2147483647,2147483647,1,2147483647,[2],[FDD],"Band Number = 2, Uplink = 1850.0 - 1910.0 MHz, Downlink = 1850.0 - 1910.0 MHz ",Unavailable,Unavailable,0,1724707512852,32576.5102045,2024-08-26 17:25:12.852000,-78.6888672045363,35.784604855443554,89.75977377737722,campaign_9,35.784604855443554,-78.6888672045363,89.75977377737722
4G_LTE,-111,2147483647,-111,-17,-83,2147483647,29,950,397,7,2147483647,2147483647,1,2147483647,[2],[FDD],"Band Number = 2, Uplink = 1850.0 - 1910.0 MHz, Downlink = 1850.0 - 1910.0 MHz ",Unavailable,Unavailable,0,1724707512852,32576.5102045,2024-08-26 17:25:12.852000,-78.6888672045363,35.784604855443554,89.75977377737722,campaign_9,35.784604855443554,-78.6888672045363,89.75977377737722
4G_LTE,-108,2147483647,-108,-10,-89,2147483647,32,66486,311,7,2147483647,2147483647,1,2147483647,[66],[FDD],"Band Number = 66, Uplink = 1710.0 - 1780.0 MHz, Downlink = 1710.0 - 1780.0 MHz ",Unavailable,Unavailable,0,1724707512852,32576.5102045,2024-08-26 17:25:12.852000,-78.6888672045363,35.784604855443554,89.75977377737722,campaign_9,35.784604855443554,-78.6888672045363,89.75977377737722
4G_LTE,-116,2147483647,-116,-20,-87,2147483647,24,66486,397,7,2147483647,2147483647,0,2147483647,[66],[FDD],"Band Number = 66, Uplink = 1710.0 - 1780.0 MHz, Downlink = 1710.0 - 1780.0 MHz ",Unavailable,Unavailable,0,1724707512852,32576.5102045,2024-08-26 17:25:12.852000,-78.6888672045363,35.784604855443554,89.75977377737722,campaign_9,35.784604855443554,-78.6888672045363,89.75977377737722
4G_LTE,-120,2147483647,-120,-20,-89,2147483647,20,66486,502,7,2147483647,2147483647,0,2147483647,[66],[FDD],"Band Number = 66, Uplink = 1710.0 - 1780.0 MHz, Downlink = 1710.0 - 1780.0 MHz ",Unavailable,Unavailable,0,1724707512852,32576.5102045,2024-08-26 17:25:12.852000,-78.6888672045363,35.784604855443554,89.75977377737722,campaign_9,35.784604855443554,-78.6888672045363,89.75977377737722
4G_LTE,-118,2147483647,-118,-16,-89,2147483647,22,66486,478,7,2147483647,2147483647,0,2147483647,[66],[FDD],"Band Number = 66, Uplink = 1710.0 - 1780.0 MHz, Downlink = 1710.0 - 1780.0 MHz ",Unavailable,Unavailable,0,1724707512852,32576.5102045,2024-08-26 17:25:12.852000,-78.6888672045363,35.784604855443554,89.75977377737722,campaign_9,35.784604855443554,-78.6888672045363,89.75977377737722
4G_LTE,-114,2147483647,-114,-12,-93,2147483647,26,67086,311,7,2147483647,2147483647,1,2147483647,[66],[FDD],"Band Number = 66, Uplink = 1710.0 - 1780.0 MHz, Downlink = 1710.0 - 1780.0 MHz ",Unavailable,Unavailable,0,1724707512852,32576.5102045,2024-08-26 17:25:12.852000,-78.6888672045363,35.784604855443554,89.75977377737722,campaign_9,35.784604855443554,-78.6888672045363,89.75977377737722
4G_LTE,-117,2147483647,-117,-19,-87,2147483647,23,67086,322,7,2147483647,2147483647,0,2147483647,[66],[FDD],"Band Number = 66, Uplink = 1710.0 - 1780.0 MHz, Downlink = 1710.0 - 1780.0 MHz ",Unavailable,Unavailable,0,1724707512852,32576.5102045,2024-08-26 17:25:12.852000,-78.6888672045363,35.784604855443554,89.75977377737722,campaign_9,35.784604855443554,-78.6888672045363,89.75977377737722
4G_LTE,-117,2147483647,-117,-18,-87,2147483647,23,67086,178,7,2147483647,2147483647,0,2147483647,[66],[FDD],"Band Number = 66, Uplink = 1710.0 - 1780.0 MHz, Downlink = 1710.0 - 1780.0 MHz ",Unavailable,Unavailable,0,1724707512852,32576.5102045,2024-08-26 17:25:12.852000,-78.6888672045363,35.784604855443554,89.75977377737722,campaign_9,35.784604855443554,-78.6888672045363,89.75977377737722
4G_LTE,-98,6,-98,-12,-69,2147483647,42,5110,101,7,196875793,9995,2,2147483647,[12],[FDD],"Band Number = 12, Uplink = 698.0 - 716.0 MHz, Downlink = 699.0 - 716.0 MHz ",310,410,1,1724707513856,32577.51330476,2024-08-26 17:25:13.856000,-78.6888492,35.7846053,89.79999542236328,campaign_9,35.7846053,-78.6888492,89.79999542236328
4G_LTE,-108,2147483647,-108,-19,-79,2147483647,32,5110,496,7,2147483647,2147483647,1,2147483647,[12],[FDD],"Band Number = 12, Uplink = 698.0 - 716.0 MHz, Downlink = 699.0 - 716.0 MHz ",Unavailable,Unavailable,0,1724707513856,32577.51330476,2024-08-26 17:25:13.856000,-78.6888492,35.7846053,89.79999542236328,campaign_9,35.7846053,-78.6888492,89.79999542236328
4G_LTE,-105,2147483647,-105,-17,-79,2147483647,35,5110,344,7,2147483647,2147483647,2,2147483647,[12],[FDD],"Band Number = 12, Uplink = 698.0 - 716.0 MHz, Downlink = 699.0 - 716.0 MHz ",Unavailable,Unavailable,0,1724707513856,32577.51330476,2024-08-26 17:25:13.856000,-78.6888492,35.7846053,89.79999542236328,campaign_9,35.7846053,-78.6888492,89.79999542236328
4G_LTE,-112,2147483647,-112,-14,-87,2147483647,28,950,311,7,2147483647,2147483647,1,2147483647,[2],[FDD],"Band Number = 2, Uplink = 1850.0 - 1910.0 MHz, Downlink = 1850.0 - 1910.0 MHz ",Unavailable,Unavailable,0,1724707513856,32577.51330476,2024-08-26 17:25:13.856000,-78.6888492,35.7846053,89.79999542236328,campaign_9,35.7846053,-78.6888492,89.79999542236328
4G_LTE,-110,2147483647,-110,-18,-81,2147483647,30,950,436,7,2147483647,2147483647,1,2147483647,[2],[FDD],"Band Number = 2, Uplink = 1850.0 - 1910.0 MHz, Downlink = 1850.0 - 1910.0 MHz ",Unavailable,Unavailable,0,1724707513856,32577.51330476,2024-08-26 17:25:13.856000,-78.6888492,35.7846053,89.79999542236328,campaign_9,35.7846053,-78.6888492,89.79999542236328
4G_LTE,-111,2147483647,-111,-17,-83,2147483647,29,950,397,7,2147483647,2147483647,1,2147483647,[2],[FDD],"Band Number = 2, Uplink = 1850.0 - 1910.0 MHz, Downlink = 1850.0 - 1910.0 MHz ",Unavailable,Unavailable,0,1724707513856,32577.51330476,2024-08-26 17:25:13.856000,-78.6888492,35.7846053,89.79999542236328,campaign_9,35.7846053,-78.6888492,89.79999542236328
4G_LTE,-108,2147483647,-108,-10,-89,2147483647,32,66486,311,7,2147483647,2147483647,1,2147483647,[66],[FDD],"Band Number = 66, Uplink = 1710.0 - 1780.0 MHz, Downlink = 1710.0 - 1780.0 MHz ",Unavailable,Unavailable,0,1724707513856,32577.51330476,2024-08-26 17:25:13.856000,-78.6888492,35.7846053,89.79999542236328,campaign_9,35.7846053,-78.6888492,89.79999542236328
4G_LTE,-116,2147483647,-116,-20,-87,2147483647,24,66486,397,7,2147483647,2147483647,0,2147483647,[66],[FDD],"Band Number = 66, Uplink = 1710.0 - 1780.0 MHz, Downlink = 1710.0 - 1780.0 MHz ",Unavailable,Unavailable,0,1724707513856,32577.51330476,2024-08-26 17:25:13.856000,-78.6888492,35.7846053,89.79999542236328,campaign_9,35.7846053,-78.6888492,89.79999542236328
4G_LTE,-120,2147483647,-120,-20,-89,2147483647,20,66486,502,7,2147483647,2147483647,0,2147483647,[66],[FDD],"Band Number = 66, Uplink = 1710.0 - 1780.0 MHz, Downlink = 1710.0 - 1780.0 MHz ",Unavailable,Unavailable,0,1724707513856,32577.51330476,2024-08-26 17:25:13.856000,-78.6888492,35.7846053,89.79999542236328,campaign_9,35.7846053,-78.6888492,89.79999542236328
4G_LTE,-118,2147483647,-118,-16,-89,2147483647,22,66486,478,7,2147483647,2147483647,0,2147483647,[66],[FDD],"Band Number = 66, Uplink = 1710.0 - 1780.0 MHz, Downlink = 1710.0 - 1780.0 MHz ",Unavailable,Unavailable,0,1724707513856,32577.51330476,2024-08-26 17:25:13.856000,-78.6888492,35.7846053,89.79999542236328,campaign_9,35.7846053,-78.6888492,89.79999542236328
4G_LTE,-114,2147483647,-114,-12,-93,2147483647,26,67086,311,7,2147483647,2147483647,1,2147483647,[66],[FDD],"Band Number = 66, Uplink = 1710.0 - 1780.0 MHz, Downlink = 1710.0 - 1780.0 MHz ",Unavailable,Unavailable,0,1724707513856,32577.51330476,2024-08-26 17:25:13.856000,-78.6888492,35.7846053,89.79999542236328,campaign_9,35.7846053,-78.6888492,89.79999542236328
4G_LTE,-117,2147483647,-117,-19,-87,2147483647,23,67086,322,7,2147483647,2147483647,0,2147483647,[66],[FDD],"Band Number = 66, Uplink = 1710.0 - 1780.0 MHz, Downlink = 1710.0 - 1780.0 MHz ",Unavailable,Unavailable,0,1724707513856,32577.51330476,2024-08-26 17:25:13.856000,-78.6888492,35.7846053,89.79999542236328,campaign_9,35.7846053,-78.6888492,89.79999542236328
4G_LTE,-117,2147483647,-117,-18,-87,2147483647,23,67086,178,7,2147483647,2147483647,0,2147483647,[66],[FDD],"Band Number = 66, Uplink = 1710.0 - 1780.0 MHz, Downlink = 1710.0 - 1780.0 MHz ",Unavailable,Unavailable,0,1724707513856,32577.51330476,2024-08-26 17:25:13.856000,-78.6888492,35.7846053,89.79999542236328,campaign_9,35.7846053,-78.6888492,89.79999542236328
4G_LTE,-94,6,-94,-11,-65,2147483647,46,5110,101,7,196875793,9995,3,2147483647,[12],[FDD],"Band Number = 12, Uplink = 698.0 - 716.0 MHz, Downlink = 699.0 - 716.0 MHz ",310,410,1,1724707514855,32578.512829396,2024-08-26 17:25:14.855000,-78.68875693168725,35.784654189539225,90.49089814285111,campaign_9,35.784654189539225,-78.68875693168725,90.49089814285111
4G_LTE,-108,2147483647,-108,-19,-79,2147483647,32,5110,496,7,2147483647,2147483647,1,2147483647,[12],[FDD],"Band Number = 12, Uplink = 698.0 - 716.0 MHz, Downlink = 699.0 - 716.0 MHz ",Unavailable,Unavailable,0,1724707514855,32578.512829396,2024-08-26 17:25:14.855000,-78.68875693168725,35.784654189539225,90.49089814285111,campaign_9,35.784654189539225,-78.68875693168725,90.49089814285111
4G_LTE,-102,2147483647,-102,-20,-71,2147483647,38,5110,18,7,2147483647,2147483647,2,2147483647,[12],[FDD],"Band Number = 12, Uplink = 698.0 - 716.0 MHz, Downlink = 699.0 - 716.0 MHz ",Unavailable,Unavailable,0,1724707514855,32578.512829396,2024-08-26 17:25:14.855000,-78.68875693168725,35.784654189539225,90.49089814285111,campaign_9,35.784654189539225,-78.68875693168725,90.49089814285111
4G_LTE,-108,2147483647,-108,-16,-79,2147483647,32,950,311,7,2147483647,2147483647,1,2147483647,[2],[FDD],"Band Number = 2, Uplink = 1850.0 - 1910.0 MHz, Downlink = 1850.0 - 1910.0 MHz ",Unavailable,Unavailable,0,1724707514855,32578.512829396,2024-08-26 17:25:14.855000,-78.68875693168725,35.784654189539225,90.49089814285111,campaign_9,35.784654189539225,-78.68875693168725,90.49089814285111
4G_LTE,-110,2147483647,-110,-18,-81,2147483647,30,950,436,7,2147483647,2147483647,1,2147483647,[2],[FDD],"Band Number = 2, Uplink = 1850.0 - 1910.0 MHz, Downlink = 1850.0 - 1910.0 MHz ",Unavailable,Unavailable,0,1724707514855,32578.512829396,2024-08-26 17:25:14.855000,-78.68875693168725,35.784654189539225,90.49089814285111,campaign_9,35.784654189539225,-78.68875693168725,90.49089814285111
4G_LTE,-111,2147483647,-111,-17,-83,2147483647,29,950,397,7,2147483647,2147483647,1,2147483647,[2],[FDD],"Band Number = 2, Uplink = 1850.0 - 1910.0 MHz, Downlink = 1850.0 - 1910.0 MHz ",Unavailable,Unavailable,0,1724707514855,32578.512829396,2024-08-26 17:25:14.855000,-78.68875693168725,35.784654189539225,90.49089814285111,campaign_9,35.784654189539225,-78.68875693168725,90.49089814285111
4G_LTE,-105,2147483647,-105,-11,-81,2147483647,35,66486,311,7,2147483647,2147483647,2,2147483647,[66],[FDD],"Band Number = 66, Uplink = 1710.0 - 1780.0 MHz, Downlink = 1710.0 - 1780.0 MHz ",Unavailable,Unavailable,0,1724707514855,32578.512829396,2024-08-26 17:25:14.855000,-78.68875693168725,35.784654189539225,90.49089814285111,campaign_9,35.784654189539225,-78.68875693168725,90.49089814285111
4G_LTE,-118,2147483647,-118,-16,-89,2147483647,22,66486,478,7,2147483647,2147483647,0,2147483647,[66],[FDD],"Band Number = 66, Uplink = 1710.0 - 1780.0 MHz, Downlink = 1710.0 - 1780.0 MHz ",Unavailable,Unavailable,0,1724707514855,32578.512829396,2024-08-26 17:25:14.855000,-78.68875693168725,35.784654189539225,90.49089814285111,campaign_9,35.784654189539225,-78.68875693168725,90.49089814285111
4G_LTE,-119,2147483647,-119,-19,-89,2147483647,21,66486,502,7,2147483647,2147483647,0,2147483647,[66],[FDD],"Band Number = 66, Uplink = 1710.0 - 1780.0 MHz, Downlink = 1710.0 - 1780.0 MHz ",Unavailable,Unavailable,0,1724707514855,32578.512829396,2024-08-26 17:25:14.855000,-78.68875693168725,35.784654189539225,90.49089814285111,campaign_9,35.784654189539225,-78.68875693168725,90.49089814285111
4G_LTE,-112,2147483647,-112,-13,-89,2147483647,28,67086,311,7,2147483647,2147483647,1,2147483647,[66],[FDD],"Band Number = 66, Uplink = 1710.0 - 1780.0 MHz, Downlink = 1710.0 - 1780.0 MHz ",Unavailable,Unavailable,0,1724707514855,32578.512829396,2024-08-26 17:25:14.855000,-78.68875693168725,35.784654189539225,90.49089814285111,campaign_9,35.784654189539225,-78.68875693168725,90.49089814285111
4G_LTE,-121,2147483647,-121,-19,-89,2147483647,19,67086,322,7,2147483647,2147483647,0,2147483647,[66],[FDD],"Band Number = 66, Uplink = 1710.0 - 1780.0 MHz, Downlink = 1710.0 - 1780.0 MHz ",Unavailable,Unavailable,0,1724707514855,32578.512829396,2024-08-26 17:25:14.855000,-78.68875693168725,35.784654189539225,90.49089814285111,campaign_9,35.784654189539225,-78.68875693168725,90.49089814285111
4G_LTE,-114,2147483647,-114,-17,-87,2147483647,26,67086,368,7,2147483647,2147483647,1,2147483647,[66],[FDD],"Band Number = 66, Uplink = 1710.0 - 1780.0 MHz, Downlink = 1710.0 - 1780.0 MHz ",Unavailable,Unavailable,0,1724707514855,32578.512829396,2024-08-26 17:25:14.855000,-78.68875693168725,35.784654189539225,90.49089814285111,campaign_9,35.784654189539225,-78.68875693168725,90.49089814285111
4G_LTE,-94,6,-94,-11,-65,2147483647,46,5110,101,7,196875793,9995,3,2147483647,[12],[FDD],"Band Number = 12, Uplink = 698.0 - 716.0 MHz, Downlink = 699.0 - 716.0 MHz ",310,410,1,1724707515860,32579.516265749,2024-08-26 17:25:15.860000,-78.68866410921046,35.78470337270931,91.18595042922774,campaign_9,35.78470337270931,-78.68866410921046,91.18595042922774
4G_LTE,-108,2147483647,-108,-19,-79,2147483647,32,5110,496,7,2147483647,2147483647,1,2147483647,[12],[FDD],"Band Number = 12, Uplink = 698.0 - 716.0 MHz, Downlink = 699.0 - 716.0 MHz ",Unavailable,Unavailable,0,1724707515860,32579.516265749,2024-08-26 17:25:15.860000,-78.68866410921046,35.78470337270931,91.18595042922774,campaign_9,35.78470337270931,-78.68866410921046,91.18595042922774
4G_LTE,-102,2147483647,-102,-20,-71,2147483647,38,5110,18,7,2147483647,2147483647,2,2147483647,[12],[FDD],"Band Number = 12, Uplink = 698.0 - 716.0 MHz, Downlink = 699.0 - 716.0 MHz ",Unavailable,Unavailable,0,1724707515860,32579.516265749,2024-08-26 17:25:15.860000,-78.68866410921046,35.78470337270931,91.18595042922774,campaign_9,35.78470337270931,-78.68866410921046,91.18595042922774
4G_LTE,-108,2147483647,-108,-16,-79,2147483647,32,950,311,7,2147483647,2147483647,1,2147483647,[2],[FDD],"Band Number = 2, Uplink = 1850.0 - 1910.0 MHz, Downlink = 1850.0 - 1910.0 MHz ",Unavailable,Unavailable,0,1724707515860,32579.516265749,2024-08-26 17:25:15.860000,-78.68866410921046,35.78470337270931,91.18595042922774,campaign_9,35.78470337270931,-78.68866410921046,91.18595042922774
4G_LTE,-110,2147483647,-110,-18,-81,2147483647,30,950,436,7,2147483647,2147483647,1,2147483647,[2],[FDD],"Band Number = 2, Uplink = 1850.0 - 1910.0 MHz, Downlink = 1850.0 - 1910.0 MHz ",Unavailable,Unavailable,0,1724707515860,32579.516265749,2024-08-26 17:25:15.860000,-78.68866410921046,35.78470337270931,91.18595042922774,campaign_9,35.78470337270931,-78.68866410921046,91.18595042922774
4G_LTE,-111,2147483647,-111,-17,-83,2147483647,29,950,397,7,2147483647,2147483647,1,2147483647,[2],[FDD],"Band Number = 2, Uplink = 1850.0 - 1910.0 MHz, Downlink = 1850.0 - 1910.0 MHz ",Unavailable,Unavailable,0,1724707515860,32579.516265749,2024-08-26 17:25:15.860000,-78.68866410921046,35.78470337270931,91.18595042922774,campaign_9,35.78470337270931,-78.68866410921046,91.18595042922774
4G_LTE,-105,2147483647,-105,-11,-81,2147483647,35,66486,311,7,2147483647,2147483647,2,2147483647,[66],[FDD],"Band Number = 66, Uplink = 1710.0 - 1780.0 MHz, Downlink = 1710.0 - 1780.0 MHz ",Unavailable,Unavailable,0,1724707515860,32579.516265749,2024-08-26 17:25:15.860000,-78.68866410921046,35.78470337270931,91.18595042922774,campaign_9,35.78470337270931,-78.68866410921046,91.18595042922774
4G_LTE,-118,2147483647,-118,-16,-89,2147483647,22,66486,478,7,2147483647,2147483647,0,2147483647,[66],[FDD],"Band Number = 66, Uplink = 1710.0 - 1780.0 MHz, Downlink = 1710.0 - 1780.0 MHz ",Unavailable,Unavailable,0,1724707515860,32579.516265749,2024-08-26 17:25:15.860000,-78.68866410921046,35.78470337270931,91.18595042922774,campaign_9,35.78470337270931,-78.68866410921046,91.18595042922774
4G_LTE,-119,2147483647,-119,-19,-89,2147483647,21,66486,502,7,2147483647,2147483647,0,2147483647,[66],[FDD],"Band Number = 66, Uplink = 1710.0 - 1780.0 MHz, Downlink = 1710.0 - 1780.0 MHz ",Unavailable,Unavailable,0,1724707515860,32579.516265749,2024-08-26 17:25:15.860000,-78.68866410921046,35.78470337270931,91.18595042922774,campaign_9,35.78470337270931,-78.68866410921046,91.18595042922774
4G_LTE,-112,2147483647,-112,-13,-89,2147483647,28,67086,311,7,2147483647,2147483647,1,2147483647,[66],[FDD],"Band Number = 66, Uplink = 1710.0 - 1780.0 MHz, Downlink = 1710.0 - 1780.0 MHz ",Unavailable,Unavailable,0,1724707515860,32579.516265749,2024-08-26 17:25:15.860000,-78.68866410921046,35.78470337270931,91.18595042922774,campaign_9,35.78470337270931,-78.68866410921046,91.18595042922774
4G_LTE,-121,2147483647,-121,-19,-89,2147483647,19,67086,322,7,2147483647,2147483647,0,2147483647,[66],[FDD],"Band Number = 66, Uplink = 1710.0 - 1780.0 MHz, Downlink = 1710.0 - 1780.0 MHz ",Unavailable,Unavailable,0,1724707515860,32579.516265749,2024-08-26 17:25:15.860000,-78.68866410921046,35.78470337270931,91.18595042922774,campaign_9,35.78470337270931,-78.68866410921046,91.18595042922774
4G_LTE,-114,2147483647,-114,-17,-87,2147483647,26,67086,368,7,2147483647,2147483647,1,2147483647,[66],[FDD],"Band Number = 66, Uplink = 1710.0 - 1780.0 MHz, Downlink = 1710.0 - 1780.0 MHz ",Unavailable,Unavailable,0,1724707515860,32579.516265749,2024-08-26 17:25:15.860000,-78.68866410921046,35.78470337270931,91.18595042922774,campaign_9,35.78470337270931,-78.68866410921046,91.18595042922774
4G_LTE,-96,6,-96,-11,-69,2147483647,44,5110,101,7,196875793,9995,2,2147483647,[12],[FDD],"Band Number = 12, Uplink = 698.0 - 716.0 MHz, Downlink = 699.0 - 716.0 MHz ",310,410,1,1724707516867,32580.525123666,2024-08-26 17:25:16.867000,-78.68857110201232,35.78475265375636,91.882385904234,campaign_9,35.78475265375636,-78.68857110201232,91.882385904234
4G_LTE,-110,2147483647,-110,-20,-75,2147483647,30,5110,496,7,2147483647,2147483647,1,2147483647,[12],[FDD],"Band Number = 12, Uplink = 698.0 - 716.0 MHz, Downlink = 699.0 - 716.0 MHz ",Unavailable,Unavailable,0,1724707516867,32580.525123666,2024-08-26 17:25:16.867000,-78.68857110201232,35.78475265375636,91.882385904234,campaign_9,35.78475265375636,-78.68857110201232,91.882385904234
4G_LTE,-109,2147483647,-109,-20,-77,2147483647,31,5110,18,7,2147483647,2147483647,1,2147483647,[12],[FDD],"Band Number = 12, Uplink = 698.0 - 716.0 MHz, Downlink = 699.0 - 716.0 MHz ",Unavailable,Unavailable,0,1724707516867,32580.525123666,2024-08-26 17:25:16.867000,-78.68857110201232,35.78475265375636,91.882385904234,campaign_9,35.78475265375636,-78.68857110201232,91.882385904234
4G_LTE,-103,2147483647,-103,-18,-73,2147483647,37,5110,344,7,2147483647,2147483647,2,2147483647,[12],[FDD],"Band Number = 12, Uplink = 698.0 - 716.0 MHz, Downlink = 699.0 - 716.0 MHz ",Unavailable,Unavailable,0,1724707516867,32580.525123666,2024-08-26 17:25:16.867000,-78.68857110201232,35.78475265375636,91.882385904234,campaign_9,35.78475265375636,-78.68857110201232,91.882385904234
4G_LTE,-107,2147483647,-107,-14,-83,2147483647,33,950,311,7,2147483647,2147483647,1,2147483647,[2],[FDD],"Band Number = 2, Uplink = 1850.0 - 1910.0 MHz, Downlink = 1850.0 - 1910.0 MHz ",Unavailable,Unavailable,0,1724707516867,32580.525123666,2024-08-26 17:25:16.867000,-78.68857110201232,35.78475265375636,91.882385904234,campaign_9,35.78475265375636,-78.68857110201232,91.882385904234
4G_LTE,-107,2147483647,-107,-10,-89,2147483647,33,66486,311,7,2147483647,2147483647,1,2147483647,[66],[FDD],"Band Number = 66, Uplink = 1710.0 - 1780.0 MHz, Downlink = 1710.0 - 1780.0 MHz ",Unavailable,Unavailable,0,1724707516867,32580.525123666,2024-08-26 17:25:16.867000,-78.68857110201232,35.78475265375636,91.882385904234,campaign_9,35.78475265375636,-78.68857110201232,91.882385904234
4G_LTE,-116,2147483647,-116,-18,-89,2147483647,24,66486,478,7,2147483647,2147483647,0,2147483647,[66],[FDD],"Band Number = 66, Uplink = 1710.0 - 1780.0 MHz, Downlink = 1710.0 - 1780.0 MHz ",Unavailable,Unavailable,0,1724707516867,32580.525123666,2024-08-26 17:25:16.867000,-78.68857110201232,35.78475265375636,91.882385904234,campaign_9,35.78475265375636,-78.68857110201232,91.882385904234
4G_LTE,-111,2147483647,-111,-11,-91,2147483647,29,67086,311,7,2147483647,2147483647,1,2147483647,[66],[FDD],"Band Number = 66, Uplink = 1710.0 - 1780.0 MHz, Downlink = 1710.0 - 1780.0 MHz ",Unavailable,Unavailable,0,1724707516867,32580.525123666,2024-08-26 17:25:16.867000,-78.68857110201232,35.78475265375636,91.882385904234,campaign_9,35.78475265375636,-78.68857110201232,91.882385904234
4G_LTE,-119,2147483647,-119,-18,-91,2147483647,21,67086,368,7,2147483647,2147483647,0,2147483647,[66],[FDD],"Band Number = 66, Uplink = 1710.0 - 1780.0 MHz, Downlink = 1710.0 - 1780.0 MHz ",Unavailable,Unavailable,0,1724707516867,32580.525123666,2024-08-26 17:25:16.867000,-78.68857110201232,35.78475265375636,91.882385904234,campaign_9,35.78475265375636,-78.68857110201232,91.882385904234
4G_LTE,-96,6,-96,-11,-69,2147483647,44,5110,101,7,196875793,9995,2,2147483647,[12],[FDD],"Band Number = 12, Uplink = 698.0 - 716.0 MHz, Downlink = 699.0 - 716.0 MHz ",310,410,1,1724707517871,32581.527996217,2024-08-26 17:25:17.871000,-78.68847837189621,35.784801787987966,92.57674659629583,campaign_9,35.784801787987966,-78.68847837189621,92.57674659629583
4G_LTE,-110,2147483647,-110,-20,-75,2147483647,30,5110,496,7,2147483647,2147483647,1,2147483647,[12],[FDD],"Band Number = 12, Uplink = 698.0 - 716.0 MHz, Downlink = 699.0 - 716.0 MHz ",Unavailable,Unavailable,0,1724707517871,32581.527996217,2024-08-26 17:25:17.871000,-78.68847837189621,35.784801787987966,92.57674659629583,campaign_9,35.784801787987966,-78.68847837189621,92.57674659629583
4G_LTE,-109,2147483647,-109,-20,-77,2147483647,31,5110,18,7,2147483647,2147483647,1,2147483647,[12],[FDD],"Band Number = 12, Uplink = 698.0 - 716.0 MHz, Downlink = 699.0 - 716.0 MHz ",Unavailable,Unavailable,0,1724707517871,32581.527996217,2024-08-26 17:25:17.871000,-78.68847837189621,35.784801787987966,92.57674659629583,campaign_9,35.784801787987966,-78.68847837189621,92.57674659629583
4G_LTE,-103,2147483647,-103,-18,-73,2147483647,37,5110,344,7,2147483647,2147483647,2,2147483647,[12],[FDD],"Band Number = 12, Uplink = 698.0 - 716.0 MHz, Downlink = 699.0 - 716.0 MHz ",Unavailable,Unavailable,0,1724707517871,32581.527996217,2024-08-26 17:25:17.871000,-78.68847837189621,35.784801787987966,92.57674659629583,campaign_9,35.784801787987966,-78.68847837189621,92.57674659629583
4G_LTE,-107,2147483647,-107,-14,-83,2147483647,33,950,311,7,2147483647,2147483647,1,2147483647,[2],[FDD],"Band Number = 2, Uplink = 1850.0 - 1910.0 MHz, Downlink = 1850.0 - 1910.0 MHz ",Unavailable,Unavailable,0,1724707517871,32581.527996217,2024-08-26 17:25:17.871000,-78.68847837189621,35.784801787987966,92.57674659629583,campaign_9,35.784801787987966,-78.68847837189621,92.57674659629583
4G_LTE,-107,2147483647,-107,-10,-89,2147483647,33,66486,311,7,2147483647,2147483647,1,2147483647,[66],[FDD],"Band Number = 66, Uplink = 1710.0 - 1780.0 MHz, Downlink = 1710.0 - 1780.0 MHz ",Unavailable,Unavailable,0,1724707517871,32581.527996217,2024-08-26 17:25:17.871000,-78.68847837189621,35.784801787987966,92.57674659629583,campaign_9,35.784801787987966,-78.68847837189621,92.57674659629583
4G_LTE,-116,2147483647,-116,-18,-89,2147483647,24,66486,478,7,2147483647,2147483647,0,2147483647,[66],[FDD],"Band Number = 66, Uplink = 1710.0 - 1780.0 MHz, Downlink = 1710.0 - 1780.0 MHz ",Unavailable,Unavailable,0,1724707517871,32581.527996217,2024-08-26 17:25:17.871000,-78.68847837189621,35.784801787987966,92.57674659629583,campaign_9,35.784801787987966,-78.68847837189621,92.57674659629583
4G_LTE,-111,2147483647,-111,-11,-91,2147483647,29,67086,311,7,2147483647,2147483647,1,2147483647,[66],[FDD],"Band Number = 66, Uplink = 1710.0 - 1780.0 MHz, Downlink = 1710.0 - 1780.0 MHz ",Unavailable,Unavailable,0,1724707517871,32581.527996217,2024-08-26 17:25:17.871000,-78.68847837189621,35.784801787987966,92.57674659629583,campaign_9,35.784801787987966,-78.68847837189621,92.57674659629583
4G_LTE,-119,2147483647,-119,-18,-91,2147483647,21,67086,368,7,2147483647,2147483647,0,2147483647,[66],[FDD],"Band Number = 66, Uplink = 1710.0 - 1780.0 MHz, Downlink = 1710.0 - 1780.0 MHz ",Unavailable,Unavailable,0,1724707517871,32581.527996217,2024-08-26 17:25:17.871000,-78.68847837189621,35.784801787987966,92.57674659629583,campaign_9,35.784801787987966,-78.68847837189621,92.57674659629583
4G_LTE,-95,6,-95,-11,-67,2147483647,45,5110,101,7,196875793,9995,3,2147483647,[12],[FDD],"Band Number = 12, Uplink = 698.0 - 716.0 MHz, Downlink = 699.0 - 716.0 MHz ",310,410,1,1724707518867,32582.524764967,2024-08-26 17:25:18.867000,-78.68838638066548,35.78485053071176,93.26557453383926,campaign_9,35.78485053071176,-78.68838638066548,93.26557453383926
4G_LTE,-100,2147483647,-100,-17,-71,2147483647,40,5110,344,7,2147483647,2147483647,2,2147483647,[12],[FDD],"Band Number = 12, Uplink = 698.0 - 716.0 MHz, Downlink = 699.0 - 716.0 MHz ",Unavailable,Unavailable,0,1724707518867,32582.524764967,2024-08-26 17:25:18.867000,-78.68838638066548,35.78485053071176,93.26557453383926,campaign_9,35.78485053071176,-78.68838638066548,93.26557453383926
4G_LTE,-103,2147483647,-103,-13,-81,2147483647,37,950,311,7,2147483647,2147483647,2,2147483647,[2],[FDD],"Band Number = 2, Uplink = 1850.0 - 1910.0 MHz, Downlink = 1850.0 - 1910.0 MHz ",Unavailable,Unavailable,0,1724707518867,32582.524764967,2024-08-26 17:25:18.867000,-78.68838638066548,35.78485053071176,93.26557453383926,campaign_9,35.78485053071176,-78.68838638066548,93.26557453383926
4G_LTE,-104,2147483647,-104,-12,-85,2147483647,36,66486,311,7,2147483647,2147483647,2,2147483647,[66],[FDD],"Band Number = 66, Uplink = 1710.0 - 1780.0 MHz, Downlink = 1710.0 - 1780.0 MHz ",Unavailable,Unavailable,0,1724707518867,32582.524764967,2024-08-26 17:25:18.867000,-78.68838638066548,35.78485053071176,93.26557453383926,campaign_9,35.78485053071176,-78.68838638066548,93.26557453383926
4G_LTE,-108,2147483647,-108,-11,-81,2147483647,32,67086,311,7,2147483647,2147483647,1,2147483647,[66],[FDD],"Band Number = 66, Uplink = 1710.0 - 1780.0 MHz, Downlink = 1710.0 - 1780.0 MHz ",Unavailable,Unavailable,0,1724707518867,32582.524764967,2024-08-26 17:25:18.867000,-78.68838638066548,35.78485053071176,93.26557453383926,campaign_9,35.78485053071176,-78.68838638066548,93.26557453383926
4G_LTE,-113,2147483647,-113,-16,-87,2147483647,27,67086,368,7,2147483647,2147483647,1,2147483647,[66],[FDD],"Band Number = 66, Uplink = 1710.0 - 1780.0 MHz, Downlink = 1710.0 - 1780.0 MHz ",Unavailable,Unavailable,0,1724707518867,32582.524764967,2024-08-26 17:25:18.867000,-78.68838638066548,35.78485053071176,93.26557453383926,campaign_9,35.78485053071176,-78.68838638066548,93.26557453383926
4G_LTE,-116,2147483647,-116,-18,-87,2147483647,24,67086,178,7,2147483647,2147483647,0,2147483647,[66],[FDD],"Band Number = 66, Uplink = 1710.0 - 1780.0 MHz, Downlink = 1710.0 - 1780.0 MHz ",Unavailable,Unavailable,0,1724707518867,32582.524764967,2024-08-26 17:25:18.867000,-78.68838638066548,35.78485053071176,93.26557453383926,campaign_9,35.78485053071176,-78.68838638066548,93.26557453383926
4G_LTE,-95,6,-95,-11,-67,2147483647,45,5110,101,7,196875793,9995,3,2147483647,[12],[FDD],"Band Number = 12, Uplink = 698.0 - 716.0 MHz, Downlink = 699.0 - 716.0 MHz ",310,410,1,1724707519874,32583.525954498,2024-08-26 17:25:19.874000,-78.68829337346733,35.7848998117588,93.9620100088455,campaign_9,35.7848998117588,-78.68829337346733,93.9620100088455
4G_LTE,-100,2147483647,-100,-17,-71,2147483647,40,5110,344,7,2147483647,2147483647,2,2147483647,[12],[FDD],"Band Number = 12, Uplink = 698.0 - 716.0 MHz, Downlink = 699.0 - 716.0 MHz ",Unavailable,Unavailable,0,1724707519874,32583.525954498,2024-08-26 17:25:19.874000,-78.68829337346733,35.7848998117588,93.9620100088455,campaign_9,35.7848998117588,-78.68829337346733,93.9620100088455
4G_LTE,-103,2147483647,-103,-13,-81,2147483647,37,950,311,7,2147483647,2147483647,2,2147483647,[2],[FDD],"Band Number = 2, Uplink = 1850.0 - 1910.0 MHz, Downlink = 1850.0 - 1910.0 MHz ",Unavailable,Unavailable,0,1724707519874,32583.525954498,2024-08-26 17:25:19.874000,-78.68829337346733,35.7848998117588,93.9620100088455,campaign_9,35.7848998117588,-78.68829337346733,93.9620100088455
4G_LTE,-104,2147483647,-104,-12,-85,2147483647,36,66486,311,7,2147483647,2147483647,2,2147483647,[66],[FDD],"Band Number = 66, Uplink = 1710.0 - 1780.0 MHz, Downlink = 1710.0 - 1780.0 MHz ",Unavailable,Unavailable,0,1724707519874,32583.525954498,2024-08-26 17:25:19.874000,-78.68829337346733,35.7848998117588,93.9620100088455,campaign_9,35.7848998117588,-78.68829337346733,93.9620100088455
4G_LTE,-108,2147483647,-108,-11,-81,2147483647,32,67086,311,7,2147483647,2147483647,1,2147483647,[66],[FDD],"Band Number = 66, Uplink = 1710.0 - 1780.0 MHz, Downlink = 1710.0 - 1780.0 MHz ",Unavailable,Unavailable,0,1724707519874,32583.525954498,2024-08-26 17:25:19.874000,-78.68829337346733,35.7848998117588,93.9620100088455,campaign_9,35.7848998117588,-78.68829337346733,93.9620100088455
4G_LTE,-113,2147483647,-113,-16,-87,2147483647,27,67086,368,7,2147483647,2147483647,1,2147483647,[66],[FDD],"Band Number = 66, Uplink = 1710.0 - 1780.0 MHz, Downlink = 1710.0 - 1780.0 MHz ",Unavailable,Unavailable,0,1724707519874,32583.525954498,2024-08-26 17:25:19.874000,-78.68829337346733,35.7848998117588,93.9620100088455,campaign_9,35.7848998117588,-78.68829337346733,93.9620100088455
4G_LTE,-116,2147483647,-116,-18,-87,2147483647,24,67086,178,7,2147483647,2147483647,0,2147483647,[66],[FDD],"Band Number = 66, Uplink = 1710.0 - 1780.0 MHz, Downlink = 1710.0 - 1780.0 MHz ",Unavailable,Unavailable,0,1724707519874,32583.525954498,2024-08-26 17:25:19.874000,-78.68829337346733,35.7848998117588,93.9620100088455,campaign_9,35.7848998117588,-78.68829337346733,93.9620100088455
4G_LTE,-94,6,-94,-12,-63,2147483647,46,5110,101,7,196875793,9995,3,2147483647,[12],[FDD],"Band Number = 12, Uplink = 698.0 - 716.0 MHz, Downlink = 699.0 - 716.0 MHz ",310,410,1,1724707520871,32584.528070852,2024-08-26 17:25:20.871000,-78.6882883,35.7849025,94.0,campaign_9,35.7849025,-78.6882883,94.0
4G_LTE,-99,2147483647,-99,-16,-67,2147483647,41,5110,344,7,2147483647,2147483647,2,2147483647,[12],[FDD],"Band Number = 12, Uplink = 698.0 - 716.0 MHz, Downlink = 699.0 - 716.0 MHz ",Unavailable,Unavailable,0,1724707520871,32584.528070852,2024-08-26 17:25:20.871000,-78.6882883,35.7849025,94.0,campaign_9,35.7849025,-78.6882883,94.0
4G_LTE,-104,2147483647,-104,-12,-81,2147483647,36,950,311,7,2147483647,2147483647,2,2147483647,[2],[FDD],"Band Number = 2, Uplink = 1850.0 - 1910.0 MHz, Downlink = 1850.0 - 1910.0 MHz ",Unavailable,Unavailable,0,1724707520871,32584.528070852,2024-08-26 17:25:20.871000,-78.6882883,35.7849025,94.0,campaign_9,35.7849025,-78.6882883,94.0
4G_LTE,-112,2147483647,-112,-16,-87,2147483647,28,950,368,7,2147483647,2147483647,1,2147483647,[2],[FDD],"Band Number = 2, Uplink = 1850.0 - 1910.0 MHz, Downlink = 1850.0 - 1910.0 MHz ",Unavailable,Unavailable,0,1724707520871,32584.528070852,2024-08-26 17:25:20.871000,-78.6882883,35.7849025,94.0,campaign_9,35.7849025,-78.6882883,94.0
4G_LTE,-114,2147483647,-114,-18,-87,2147483647,26,950,436,7,2147483647,2147483647,1,2147483647,[2],[FDD],"Band Number = 2, Uplink = 1850.0 - 1910.0 MHz, Downlink = 1850.0 - 1910.0 MHz ",Unavailable,Unavailable,0,1724707520871,32584.528070852,2024-08-26 17:25:20.871000,-78.6882883,35.7849025,94.0,campaign_9,35.7849025,-78.6882883,94.0
4G_LTE,-113,2147483647,-113,-12,-93,2147483647,27,66486,311,7,2147483647,2147483647,1,2147483647,[66],[FDD],"Band Number = 66, Uplink = 1710.0 - 1780.0 MHz, Downlink = 1710.0 - 1780.0 MHz ",Unavailable,Unavailable,0,1724707520871,32584.528070852,2024-08-26 17:25:20.871000,-78.6882883,35.7849025,94.0,campaign_9,35.7849025,-78.6882883,94.0
4G_LTE,-109,2147483647,-109,-11,-89,2147483647,31,67086,311,7,2147483647,2147483647,1,2147483647,[66],[FDD],"Band Number = 66, Uplink = 1710.0 - 1780.0 MHz, Downlink = 1710.0 - 1780.0 MHz ",Unavailable,Unavailable,0,1724707520871,32584.528070852,2024-08-26 17:25:20.871000,-78.6882883,35.7849025,94.0,campaign_9,35.7849025,-78.6882883,94.0
4G_LTE,-119,2147483647,-119,-20,-89,2147483647,21,67086,368,7,2147483647,2147483647,0,2147483647,[66],[FDD],"Band Number = 66, Uplink = 1710.0 - 1780.0 MHz, Downlink = 1710.0 - 1780.0 MHz ",Unavailable,Unavailable,0,1724707520871,32584.528070852,2024-08-26 17:25:20.871000,-78.6882883,35.7849025,94.0,campaign_9,35.7849025,-78.6882883,94.0
4G_LTE,-117,2147483647,-117,-17,-89,2147483647,23,67086,178,7,2147483647,2147483647,0,2147483647,[66],[FDD],"Band Number = 66, Uplink = 1710.0 - 1780.0 MHz, Downlink = 1710.0 - 1780.0 MHz ",Unavailable,Unavailable,0,1724707520871,32584.528070852,2024-08-26 17:25:20.871000,-78.6882883,35.7849025,94.0,campaign_9,35.7849025,-78.6882883,94.0
4G_LTE,-94,6,-94,-12,-63,2147483647,46,5110,101,7,196875793,9995,3,2147483647,[12],[FDD],"Band Number = 12, Uplink = 698.0 - 716.0 MHz, Downlink = 699.0 - 716.0 MHz ",310,410,1,1724707521872,32585.529228924,2024-08-26 17:25:21.872000,-78.68828593699013,35.784800874279064,93.69036397555429,campaign_9,35.784800874279064,-78.68828593699013,93.69036397555429
4G_LTE,-99,2147483647,-99,-16,-67,2147483647,41,5110,344,7,2147483647,2147483647,2,2147483647,[12],[FDD],"Band Number = 12, Uplink = 698.0 - 716.0 MHz, Downlink = 699.0 - 716.0 MHz ",Unavailable,Unavailable,0,1724707521872,32585.529228924,2024-08-26 17:25:21.872000,-78.68828593699013,35.784800874279064,93.69036397555429,campaign_9,35.784800874279064,-78.68828593699013,93.69036397555429
4G_LTE,-104,2147483647,-104,-12,-81,2147483647,36,950,311,7,2147483647,2147483647,2,2147483647,[2],[FDD],"Band Number = 2, Uplink = 1850.0 - 1910.0 MHz, Downlink = 1850.0 - 1910.0 MHz ",Unavailable,Unavailable,0,1724707521872,32585.529228924,2024-08-26 17:25:21.872000,-78.68828593699013,35.784800874279064,93.69036397555429,campaign_9,35.784800874279064,-78.68828593699013,93.69036397555429
4G_LTE,-112,2147483647,-112,-16,-87,2147483647,28,950,368,7,2147483647,2147483647,1,2147483647,[2],[FDD],"Band Number = 2, Uplink = 1850.0 - 1910.0 MHz, Downlink = 1850.0 - 1910.0 MHz ",Unavailable,Unavailable,0,1724707521872,32585.529228924,2024-08-26 17:25:21.872000,-78.68828593699013,35.784800874279064,93.69036397555429,campaign_9,35.784800874279064,-78.68828593699013,93.69036397555429
4G_LTE,-114,2147483647,-114,-18,-87,2147483647,26,950,436,7,2147483647,2147483647,1,2147483647,[2],[FDD],"Band Number = 2, Uplink = 1850.0 - 1910.0 MHz, Downlink = 1850.0 - 1910.0 MHz ",Unavailable,Unavailable,0,1724707521872,32585.529228924,2024-08-26 17:25:21.872000,-78.68828593699013,35.784800874279064,93.69036397555429,campaign_9,35.784800874279064,-78.68828593699013,93.69036397555429
4G_LTE,-113,2147483647,-113,-12,-93,2147483647,27,66486,311,7,2147483647,2147483647,1,2147483647,[66],[FDD],"Band Number = 66, Uplink = 1710.0 - 1780.0 MHz, Downlink = 1710.0 - 1780.0 MHz ",Unavailable,Unavailable,0,1724707521872,32585.529228924,2024-08-26 17:25:21.872000,-78.68828593699013,35.784800874279064,93.69036397555429,campaign_9,35.784800874279064,-78.68828593699013,93.69036397555429
4G_LTE,-109,2147483647,-109,-11,-89,2147483647,31,67086,311,7,2147483647,2147483647,1,2147483647,[66],[FDD],"Band Number = 66, Uplink = 1710.0 - 1780.0 MHz, Downlink = 1710.0 - 1780.0 MHz ",Unavailable,Unavailable,0,1724707521872,32585.529228924,2024-08-26 17:25:21.872000,-78.68828593699013,35.784800874279064,93.69036397555429,campaign_9,35.784800874279064,-78.68828593699013,93.69036397555429
4G_LTE,-119,2147483647,-119,-20,-89,2147483647,21,67086,368,7,2147483647,2147483647,0,2147483647,[66],[FDD],"Band Number = 66, Uplink = 1710.0 - 1780.0 MHz, Downlink = 1710.0 - 1780.0 MHz ",Unavailable,Unavailable,0,1724707521872,32585.529228924,2024-08-26 17:25:21.872000,-78.68828593699013,35.784800874279064,93.69036397555429,campaign_9,35.784800874279064,-78.68828593699013,93.69036397555429
4G_LTE,-117,2147483647,-117,-17,-89,2147483647,23,67086,178,7,2147483647,2147483647,0,2147483647,[66],[FDD],"Band Number = 66, Uplink = 1710.0 - 1780.0 MHz, Downlink = 1710.0 - 1780.0 MHz ",Unavailable,Unavailable,0,1724707521872,32585.529228924,2024-08-26 17:25:21.872000,-78.68828593699013,35.784800874279064,93.69036397555429,campaign_9,35.784800874279064,-78.68828593699013,93.69036397555429
4G_LTE,-93,6,-93,-10,-65,2147483647,47,5110,101,6,196875793,9995,3,2147483647,[12],[FDD],"Band Number = 12, Uplink = 698.0 - 716.0 MHz, Downlink = 699.0 - 716.0 MHz ",310,410,1,1724707522873,32586.530329705,2024-08-26 17:25:22.873000,-78.68828357398026,35.78469924855813,93.38072795110858,campaign_9,35.78469924855813,-78.68828357398026,93.38072795110858
4G_LTE,-99,2147483647,-99,-15,-75,2147483647,41,5110,344,6,2147483647,2147483647,2,2147483647,[12],[FDD],"Band Number = 12, Uplink = 698.0 - 716.0 MHz, Downlink = 699.0 - 716.0 MHz ",Unavailable,Unavailable,0,1724707522873,32586.530329705,2024-08-26 17:25:22.873000,-78.68828357398026,35.78469924855813,93.38072795110858,campaign_9,35.78469924855813,-78.68828357398026,93.38072795110858
4G_LTE,-107,2147483647,-107,-20,-75,2147483647,33,5110,18,6,2147483647,2147483647,1,2147483647,[12],[FDD],"Band Number = 12, Uplink = 698.0 - 716.0 MHz, Downlink = 699.0 - 716.0 MHz ",Unavailable,Unavailable,0,1724707522873,32586.530329705,2024-08-26 17:25:22.873000,-78.68828357398026,35.78469924855813,93.38072795110858,campaign_9,35.78469924855813,-78.68828357398026,93.38072795110858
4G_LTE,-102,2147483647,-102,-11,-81,2147483647,38,950,311,6,2147483647,2147483647,2,2147483647,[2],[FDD],"Band Number = 2, Uplink = 1850.0 - 1910.0 MHz, Downlink = 1850.0 - 1910.0 MHz ",Unavailable,Unavailable,0,1724707522873,32586.530329705,2024-08-26 17:25:22.873000,-78.68828357398026,35.78469924855813,93.38072795110858,campaign_9,35.78469924855813,-78.68828357398026,93.38072795110858
4G_LTE,-112,2147483647,-112,-16,-87,2147483647,28,950,368,6,2147483647,2147483647,1,2147483647,[2],[FDD],"Band Number = 2, Uplink = 1850.0 - 1910.0 MHz, Downlink = 1850.0 - 1910.0 MHz ",Unavailable,Unavailable,0,1724707522873,32586.530329705,2024-08-26 17:25:22.873000,-78.68828357398026,35.78469924855813,93.38072795110858,campaign_9,35.78469924855813,-78.68828357398026,93.38072795110858
4G_LTE,-111,2147483647,-111,-17,-81,2147483647,29,950,436,6,2147483647,2147483647,1,2147483647,[2],[FDD],"Band Number = 2, Uplink = 1850.0 - 1910.0 MHz, Downlink = 1850.0 - 1910.0 MHz ",Unavailable,Unavailable,0,1724707522873,32586.530329705,2024-08-26 17:25:22.873000,-78.68828357398026,35.78469924855813,93.38072795110858,campaign_9,35.78469924855813,-78.68828357398026,93.38072795110858
4G_LTE,-107,2147483647,-107,-10,-87,2147483647,33,66486,311,6,2147483647,2147483647,1,2147483647,[66],[FDD],"Band Number = 66, Uplink = 1710.0 - 1780.0 MHz, Downlink = 1710.0 - 1780.0 MHz ",Unavailable,Unavailable,0,1724707522873,32586.530329705,2024-08-26 17:25:22.873000,-78.68828357398026,35.78469924855813,93.38072795110858,campaign_9,35.78469924855813,-78.68828357398026,93.38072795110858
4G_LTE,-108,2147483647,-108,-9,-87,2147483647,32,67086,311,6,2147483647,2147483647,1,2147483647,[66],[FDD],"Band Number = 66, Uplink = 1710.0 - 1780.0 MHz, Downlink = 1710.0 - 1780.0 MHz ",Unavailable,Unavailable,0,1724707522873,32586.530329705,2024-08-26 17:25:22.873000,-78.68828357398026,35.78469924855813,93.38072795110858,campaign_9,35.78469924855813,-78.68828357398026,93.38072795110858
4G_LTE,-115,2147483647,-115,-17,-89,2147483647,25,67086,178,6,2147483647,2147483647,1,2147483647,[66],[FDD],"Band Number = 66, Uplink = 1710.0 - 1780.0 MHz, Downlink = 1710.0 - 1780.0 MHz ",Unavailable,Unavailable,0,1724707522873,32586.530329705,2024-08-26 17:25:22.873000,-78.68828357398026,35.78469924855813,93.38072795110858,campaign_9,35.78469924855813,-78.68828357398026,93.38072795110858
4G_LTE,-93,6,-93,-10,-65,2147483647,47,5110,101,6,196875793,9995,3,2147483647,[12],[FDD],"Band Number = 12, Uplink = 698.0 - 716.0 MHz, Downlink = 699.0 - 716.0 MHz ",310,410,1,1724707523883,32587.540709913,2024-08-26 17:25:23.883000,-78.68828118972455,35.78459670911942,93.06830798638315,campaign_9,35.78459670911942,-78.68828118972455,93.06830798638315
4G_LTE,-99,2147483647,-99,-15,-75,2147483647,41,5110,344,6,2147483647,2147483647,2,2147483647,[12],[FDD],"Band Number = 12, Uplink = 698.0 - 716.0 MHz, Downlink = 699.0 - 716.0 MHz ",Unavailable,Unavailable,0,1724707523883,32587.540709913,2024-08-26 17:25:23.883000,-78.68828118972455,35.78459670911942,93.06830798638315,campaign_9,35.78459670911942,-78.68828118972455,93.06830798638315
4G_LTE,-107,2147483647,-107,-20,-75,2147483647,33,5110,18,6,2147483647,2147483647,1,2147483647,[12],[FDD],"Band Number = 12, Uplink = 698.0 - 716.0 MHz, Downlink = 699.0 - 716.0 MHz ",Unavailable,Unavailable,0,1724707523883,32587.540709913,2024-08-26 17:25:23.883000,-78.68828118972455,35.78459670911942,93.06830798638315,campaign_9,35.78459670911942,-78.68828118972455,93.06830798638315
4G_LTE,-102,2147483647,-102,-11,-81,2147483647,38,950,311,6,2147483647,2147483647,2,2147483647,[2],[FDD],"Band Number = 2, Uplink = 1850.0 - 1910.0 MHz, Downlink = 1850.0 - 1910.0 MHz ",Unavailable,Unavailable,0,1724707523883,32587.540709913,2024-08-26 17:25:23.883000,-78.68828118972455,35.78459670911942,93.06830798638315,campaign_9,35.78459670911942,-78.68828118972455,93.06830798638315
4G_LTE,-112,2147483647,-112,-16,-87,2147483647,28,950,368,6,2147483647,2147483647,1,2147483647,[2],[FDD],"Band Number = 2, Uplink = 1850.0 - 1910.0 MHz, Downlink = 1850.0 - 1910.0 MHz ",Unavailable,Unavailable,0,1724707523883,32587.540709913,2024-08-26 17:25:23.883000,-78.68828118972455,35.78459670911942,93.06830798638315,campaign_9,35.78459670911942,-78.68828118972455,93.06830798638315
4G_LTE,-111,2147483647,-111,-17,-81,2147483647,29,950,436,6,2147483647,2147483647,1,2147483647,[2],[FDD],"Band Number = 2, Uplink = 1850.0 - 1910.0 MHz, Downlink = 1850.0 - 1910.0 MHz ",Unavailable,Unavailable,0,1724707523883,32587.540709913,2024-08-26 17:25:23.883000,-78.68828118972455,35.78459670911942,93.06830798638315,campaign_9,35.78459670911942,-78.68828118972455,93.06830798638315
4G_LTE,-107,2147483647,-107,-10,-87,2147483647,33,66486,311,6,2147483647,2147483647,1,2147483647,[66],[FDD],"Band Number = 66, Uplink = 1710.0 - 1780.0 MHz, Downlink = 1710.0 - 1780.0 MHz ",Unavailable,Unavailable,0,1724707523883,32587.540709913,2024-08-26 17:25:23.883000,-78.68828118972455,35.78459670911942,93.06830798638315,campaign_9,35.78459670911942,-78.68828118972455,93.06830798638315
4G_LTE,-108,2147483647,-108,-9,-87,2147483647,32,67086,311,6,2147483647,2147483647,1,2147483647,[66],[FDD],"Band Number = 66, Uplink = 1710.0 - 1780.0 MHz, Downlink = 1710.0 - 1780.0 MHz ",Unavailable,Unavailable,0,1724707523883,32587.540709913,2024-08-26 17:25:23.883000,-78.68828118972455,35.78459670911942,93.06830798638315,campaign_9,35.78459670911942,-78.68828118972455,93.06830798638315
4G_LTE,-115,2147483647,-115,-17,-89,2147483647,25,67086,178,6,2147483647,2147483647,1,2147483647,[66],[FDD],"Band Number = 66, Uplink = 1710.0 - 1780.0 MHz, Downlink = 1710.0 - 1780.0 MHz ",Unavailable,Unavailable,0,1724707523883,32587.540709913,2024-08-26 17:25:23.883000,-78.68828118972455,35.78459670911942,93.06830798638315,campaign_9,35.78459670911942,-78.68828118972455,93.06830798638315
4G_LTE,-93,6,-93,-11,-65,2147483647,47,5110,101,6,196875793,9995,3,2147483647,[12],[FDD],"Band Number = 12, Uplink = 698.0 - 716.0 MHz, Downlink = 699.0 - 716.0 MHz ",310,410,1,1724707524881,32588.538304496,2024-08-26 17:25:24.881000,-78.68827883379663,35.78449538797108,92.75959994203069,campaign_9,35.78449538797108,-78.68827883379663,92.75959994203069
4G_LTE,-102,2147483647,-102,-17,-73,2147483647,38,5110,236,6,2147483647,2147483647,2,2147483647,[12],[FDD],"Band Number = 12, Uplink = 698.0 - 716.0 MHz, Downlink = 699.0 - 716.0 MHz ",Unavailable,Unavailable,0,1724707524881,32588.538304496,2024-08-26 17:25:24.881000,-78.68827883379663,35.78449538797108,92.75959994203069,campaign_9,35.78449538797108,-78.68827883379663,92.75959994203069
4G_LTE,-98,2147483647,-98,-14,-71,2147483647,42,5110,496,6,2147483647,2147483647,2,2147483647,[12],[FDD],"Band Number = 12, Uplink = 698.0 - 716.0 MHz, Downlink = 699.0 - 716.0 MHz ",Unavailable,Unavailable,0,1724707524881,32588.538304496,2024-08-26 17:25:24.881000,-78.68827883379663,35.78449538797108,92.75959994203069,campaign_9,35.78449538797108,-78.68827883379663,92.75959994203069
4G_LTE,-108,2147483647,-108,-15,-79,2147483647,32,950,311,6,2147483647,2147483647,1,2147483647,[2],[FDD],"Band Number = 2, Uplink = 1850.0 - 1910.0 MHz, Downlink = 1850.0 - 1910.0 MHz ",Unavailable,Unavailable,0,1724707524881,32588.538304496,2024-08-26 17:25:24.881000,-78.68827883379663,35.78449538797108,92.75959994203069,campaign_9,35.78449538797108,-78.68827883379663,92.75959994203069
4G_LTE,-117,2147483647,-117,-20,-85,2147483647,23,950,368,6,2147483647,2147483647,0,2147483647,[2],[FDD],"Band Number = 2, Uplink = 1850.0 - 1910.0 MHz, Downlink = 1850.0 - 1910.0 MHz ",Unavailable,Unavailable,0,1724707524881,32588.538304496,2024-08-26 17:25:24.881000,-78.68827883379663,35.78449538797108,92.75959994203069,campaign_9,35.78449538797108,-78.68827883379663,92.75959994203069
4G_LTE,-115,2147483647,-115,-19,-87,2147483647,25,950,436,6,2147483647,2147483647,1,2147483647,[2],[FDD],"Band Number = 2, Uplink = 1850.0 - 1910.0 MHz, Downlink = 1850.0 - 1910.0 MHz ",Unavailable,Unavailable,0,1724707524881,32588.538304496,2024-08-26 17:25:24.881000,-78.68827883379663,35.78449538797108,92.75959994203069,campaign_9,35.78449538797108,-78.68827883379663,92.75959994203069
4G_LTE,-107,2147483647,-107,-12,-81,2147483647,33,66486,311,6,2147483647,2147483647,1,2147483647,[66],[FDD],"Band Number = 66, Uplink = 1710.0 - 1780.0 MHz, Downlink = 1710.0 - 1780.0 MHz ",Unavailable,Unavailable,0,1724707524881,32588.538304496,2024-08-26 17:25:24.881000,-78.68827883379663,35.78449538797108,92.75959994203069,campaign_9,35.78449538797108,-78.68827883379663,92.75959994203069
4G_LTE,-108,2147483647,-108,-10,-89,2147483647,32,67086,311,6,2147483647,2147483647,1,2147483647,[66],[FDD],"Band Number = 66, Uplink = 1710.0 - 1780.0 MHz, Downlink = 1710.0 - 1780.0 MHz ",Unavailable,Unavailable,0,1724707524881,32588.538304496,2024-08-26 17:25:24.881000,-78.68827883379663,35.78449538797108,92.75959994203069,campaign_9,35.78449538797108,-78.68827883379663,92.75959994203069
4G_LTE,-122,2147483647,-122,-20,-89,2147483647,18,67086,178,6,2147483647,2147483647,0,2147483647,[66],[FDD],"Band Number = 66, Uplink = 1710.0 - 1780.0 MHz, Downlink = 1710.0 - 1780.0 MHz ",Unavailable,Unavailable,0,1724707524881,32588.538304496,2024-08-26 17:25:24.881000,-78.68827883379663,35.78449538797108,92.75959994203069,campaign_9,35.78449538797108,-78.68827883379663,92.75959994203069
4G_LTE,-115,2147483647,-115,-17,-89,2147483647,25,67086,368,6,2147483647,2147483647,1,2147483647,[66],[FDD],"Band Number = 66, Uplink = 1710.0 - 1780.0 MHz, Downlink = 1710.0 - 1780.0 MHz ",Unavailable,Unavailable,0,1724707524881,32588.538304496,2024-08-26 17:25:24.881000,-78.68827883379663,35.78449538797108,92.75959994203069,campaign_9,35.78449538797108,-78.68827883379663,92.75959994203069
4G_LTE,-93,6,-93,-11,-65,2147483647,47,5110,101,6,196875793,9995,3,2147483647,[12],[FDD],"Band Number = 12, Uplink = 698.0 - 716.0 MHz, Downlink = 699.0 - 716.0 MHz ",310,410,1,1724707525884,32589.540990016,2024-08-26 17:25:25.884000,-78.68827646606547,35.784393559201746,92.44934526418949,campaign_9,35.784393559201746,-78.68827646606547,92.44934526418949
4G_LTE,-102,2147483647,-102,-17,-73,2147483647,38,5110,236,6,2147483647,2147483647,2,2147483647,[12],[FDD],"Band Number = 12, Uplink = 698.0 - 716.0 MHz, Downlink = 699.0 - 716.0 MHz ",Unavailable,Unavailable,0,1724707525884,32589.540990016,2024-08-26 17:25:25.884000,-78.68827646606547,35.784393559201746,92.44934526418949,campaign_9,35.784393559201746,-78.68827646606547,92.44934526418949
4G_LTE,-98,2147483647,-98,-14,-71,2147483647,42,5110,496,6,2147483647,2147483647,2,2147483647,[12],[FDD],"Band Number = 12, Uplink = 698.0 - 716.0 MHz, Downlink = 699.0 - 716.0 MHz ",Unavailable,Unavailable,0,1724707525884,32589.540990016,2024-08-26 17:25:25.884000,-78.68827646606547,35.784393559201746,92.44934526418949,campaign_9,35.784393559201746,-78.68827646606547,92.44934526418949
4G_LTE,-108,2147483647,-108,-15,-79,2147483647,32,950,311,6,2147483647,2147483647,1,2147483647,[2],[FDD],"Band Number = 2, Uplink = 1850.0 - 1910.0 MHz, Downlink = 1850.0 - 1910.0 MHz ",Unavailable,Unavailable,0,1724707525884,32589.540990016,2024-08-26 17:25:25.884000,-78.68827646606547,35.784393559201746,92.44934526418949,campaign_9,35.784393559201746,-78.68827646606547,92.44934526418949
4G_LTE,-117,2147483647,-117,-20,-85,2147483647,23,950,368,6,2147483647,2147483647,0,2147483647,[2],[FDD],"Band Number = 2, Uplink = 1850.0 - 1910.0 MHz, Downlink = 1850.0 - 1910.0 MHz ",Unavailable,Unavailable,0,1724707525884,32589.540990016,2024-08-26 17:25:25.884000,-78.68827646606547,35.784393559201746,92.44934526418949,campaign_9,35.784393559201746,-78.68827646606547,92.44934526418949
4G_LTE,-115,2147483647,-115,-19,-87,2147483647,25,950,436,6,2147483647,2147483647,1,2147483647,[2],[FDD],"Band Number = 2, Uplink = 1850.0 - 1910.0 MHz, Downlink = 1850.0 - 1910.0 MHz ",Unavailable,Unavailable,0,1724707525884,32589.540990016,2024-08-26 17:25:25.884000,-78.68827646606547,35.784393559201746,92.44934526418949,campaign_9,35.784393559201746,-78.68827646606547,92.44934526418949
4G_LTE,-107,2147483647,-107,-12,-81,2147483647,33,66486,311,6,2147483647,2147483647,1,2147483647,[66],[FDD],"Band Number = 66, Uplink = 1710.0 - 1780.0 MHz, Downlink = 1710.0 - 1780.0 MHz ",Unavailable,Unavailable,0,1724707525884,32589.540990016,2024-08-26 17:25:25.884000,-78.68827646606547,35.784393559201746,92.44934526418949,campaign_9,35.784393559201746,-78.68827646606547,92.44934526418949
4G_LTE,-108,2147483647,-108,-10,-89,2147483647,32,67086,311,6,2147483647,2147483647,1,2147483647,[66],[FDD],"Band Number = 66, Uplink = 1710.0 - 1780.0 MHz, Downlink = 1710.0 - 1780.0 MHz ",Unavailable,Unavailable,0,1724707525884,32589.540990016,2024-08-26 17:25:25.884000,-78.68827646606547,35.784393559201746,92.44934526418949,campaign_9,35.784393559201746,-78.68827646606547,92.44934526418949
4G_LTE,-122,2147483647,-122,-20,-89,2147483647,18,67086,178,6,2147483647,2147483647,0,2147483647,[66],[FDD],"Band Number = 66, Uplink = 1710.0 - 1780.0 MHz, Downlink = 1710.0 - 1780.0 MHz ",Unavailable,Unavailable,0,1724707525884,32589.540990016,2024-08-26 17:25:25.884000,-78.68827646606547,35.784393559201746,92.44934526418949,campaign_9,35.784393559201746,-78.68827646606547,92.44934526418949
4G_LTE,-115,2147483647,-115,-17,-89,2147483647,25,67086,368,6,2147483647,2147483647,1,2147483647,[66],[FDD],"Band Number = 66, Uplink = 1710.0 - 1780.0 MHz, Downlink = 1710.0 - 1780.0 MHz ",Unavailable,Unavailable,0,1724707525884,32589.540990016,2024-08-26 17:25:25.884000,-78.68827646606547,35.784393559201746,92.44934526418949,campaign_9,35.784393559201746,-78.68827646606547,92.44934526418949
4G_LTE,-95,7,-95,-10,-67,2147483647,45,5110,101,6,196875793,9995,3,2147483647,[12],[FDD],"Band Number = 12, Uplink = 698.0 - 716.0 MHz, Downlink = 699.0 - 716.0 MHz ",310,410,1,1724707526884,32590.541791058,2024-08-26 17:25:26.884000,-78.68827410541626,35.78429203500501,92.14001856644153,campaign_9,35.78429203500501,-78.68827410541626,92.14001856644153
4G_LTE,-105,2147483647,-105,-20,-73,2147483647,35,5110,496,6,2147483647,2147483647,2,2147483647,[12],[FDD],"Band Number = 12, Uplink = 698.0 - 716.0 MHz, Downlink = 699.0 - 716.0 MHz ",Unavailable,Unavailable,0,1724707526884,32590.541791058,2024-08-26 17:25:26.884000,-78.68827410541626,35.78429203500501,92.14001856644153,campaign_9,35.78429203500501,-78.68827410541626,92.14001856644153
4G_LTE,-103,2147483647,-103,-10,-85,2147483647,37,950,311,6,2147483647,2147483647,2,2147483647,[2],[FDD],"Band Number = 2, Uplink = 1850.0 - 1910.0 MHz, Downlink = 1850.0 - 1910.0 MHz ",Unavailable,Unavailable,0,1724707526884,32590.541791058,2024-08-26 17:25:26.884000,-78.68827410541626,35.78429203500501,92.14001856644153,campaign_9,35.78429203500501,-78.68827410541626,92.14001856644153
4G_LTE,-114,2147483647,-114,-20,-85,2147483647,26,950,368,6,2147483647,2147483647,1,2147483647,[2],[FDD],"Band Number = 2, Uplink = 1850.0 - 1910.0 MHz, Downlink = 1850.0 - 1910.0 MHz ",Unavailable,Unavailable,0,1724707526884,32590.541791058,2024-08-26 17:25:26.884000,-78.68827410541626,35.78429203500501,92.14001856644153,campaign_9,35.78429203500501,-78.68827410541626,92.14001856644153
4G_LTE,-111,2147483647,-111,-11,-91,2147483647,29,66486,311,6,2147483647,2147483647,1,2147483647,[66],[FDD],"Band Number = 66, Uplink = 1710.0 - 1780.0 MHz, Downlink = 1710.0 - 1780.0 MHz ",Unavailable,Unavailable,0,1724707526884,32590.541791058,2024-08-26 17:25:26.884000,-78.68827410541626,35.78429203500501,92.14001856644153,campaign_9,35.78429203500501,-78.68827410541626,92.14001856644153
4G_LTE,-110,2147483647,-110,-10,-91,2147483647,30,67086,311,6,2147483647,2147483647,1,2147483647,[66],[FDD],"Band Number = 66, Uplink = 1710.0 - 1780.0 MHz, Downlink = 1710.0 - 1780.0 MHz ",Unavailable,Unavailable,0,1724707526884,32590.541791058,2024-08-26 17:25:26.884000,-78.68827410541626,35.78429203500501,92.14001856644153,campaign_9,35.78429203500501,-78.68827410541626,92.14001856644153
4G_LTE,-122,2147483647,-122,-20,-89,2147483647,18,67086,178,6,2147483647,2147483647,0,2147483647,[66],[FDD],"Band Number = 66, Uplink = 1710.0 - 1780.0 MHz, Downlink = 1710.0 - 1780.0 MHz ",Unavailable,Unavailable,0,1724707526884,32590.541791058,2024-08-26 17:25:26.884000,-78.68827410541626,35.78429203500501,92.14001856644153,campaign_9,35.78429203500501,-78.68827410541626,92.14001856644153
4G_LTE,-115,2147483647,-115,-16,-85,2147483647,25,67086,368,6,2147483647,2147483647,1,2147483647,[66],[FDD],"Band Number = 66, Uplink = 1710.0 - 1780.0 MHz, Downlink = 1710.0 - 1780.0 MHz ",Unavailable,Unavailable,0,1724707526884,32590.541791058,2024-08-26 17:25:26.884000,-78.68827410541626,35.78429203500501,92.14001856644153,campaign_9,35.78429203500501,-78.68827410541626,92.14001856644153
4G_LTE,-95,7,-95,-10,-67,2147483647,45,5110,101,6,196875793,9995,3,2147483647,[12],[FDD],"Band Number = 12, Uplink = 698.0 - 716.0 MHz, Downlink = 699.0 - 716.0 MHz ",310,410,1,1724707527889,32591.544209911,2024-08-26 17:25:27.889000,-78.6882738,35.7842789,92.0999984741211,campaign_9,35.7842789,-78.6882738,92.0999984741211
4G_LTE,-105,2147483647,-105,-20,-73,2147483647,35,5110,496,6,2147483647,2147483647,2,2147483647,[12],[FDD],"Band Number = 12, Uplink = 698.0 - 716.0 MHz, Downlink = 699.0 - 716.0 MHz ",Unavailable,Unavailable,0,1724707527889,32591.544209911,2024-08-26 17:25:27.889000,-78.6882738,35.7842789,92.0999984741211,campaign_9,35.7842789,-78.6882738,92.0999984741211
4G_LTE,-103,2147483647,-103,-10,-85,2147483647,37,950,311,6,2147483647,2147483647,2,2147483647,[2],[FDD],"Band Number = 2, Uplink = 1850.0 - 1910.0 MHz, Downlink = 1850.0 - 1910.0 MHz ",Unavailable,Unavailable,0,1724707527889,32591.544209911,2024-08-26 17:25:27.889000,-78.6882738,35.7842789,92.0999984741211,campaign_9,35.7842789,-78.6882738,92.0999984741211
4G_LTE,-114,2147483647,-114,-20,-85,2147483647,26,950,368,6,2147483647,2147483647,1,2147483647,[2],[FDD],"Band Number = 2, Uplink = 1850.0 - 1910.0 MHz, Downlink = 1850.0 - 1910.0 MHz ",Unavailable,Unavailable,0,1724707527889,32591.544209911,2024-08-26 17:25:27.889000,-78.6882738,35.7842789,92.0999984741211,campaign_9,35.7842789,-78.6882738,92.0999984741211
4G_LTE,-111,2147483647,-111,-11,-91,2147483647,29,66486,311,6,2147483647,2147483647,1,2147483647,[66],[FDD],"Band Number = 66, Uplink = 1710.0 - 1780.0 MHz, Downlink = 1710.0 - 1780.0 MHz ",Unavailable,Unavailable,0,1724707527889,32591.544209911,2024-08-26 17:25:27.889000,-78.6882738,35.7842789,92.0999984741211,campaign_9,35.7842789,-78.6882738,92.0999984741211
4G_LTE,-110,2147483647,-110,-10,-91,2147483647,30,67086,311,6,2147483647,2147483647,1,2147483647,[66],[FDD],"Band Number = 66, Uplink = 1710.0 - 1780.0 MHz, Downlink = 1710.0 - 1780.0 MHz ",Unavailable,Unavailable,0,1724707527889,32591.544209911,2024-08-26 17:25:27.889000,-78.6882738,35.7842789,92.0999984741211,campaign_9,35.7842789,-78.6882738,92.0999984741211
4G_LTE,-122,2147483647,-122,-20,-89,2147483647,18,67086,178,6,2147483647,2147483647,0,2147483647,[66],[FDD],"Band Number = 66, Uplink = 1710.0 - 1780.0 MHz, Downlink = 1710.0 - 1780.0 MHz ",Unavailable,Unavailable,0,1724707527889,32591.544209911,2024-08-26 17:25:27.889000,-78.6882738,35.7842789,92.0999984741211,campaign_9,35.7842789,-78.6882738,92.0999984741211
4G_LTE,-115,2147483647,-115,-16,-85,2147483647,25,67086,368,6,2147483647,2147483647,1,2147483647,[66],[FDD],"Band Number = 66, Uplink = 1710.0 - 1780.0 MHz, Downlink = 1710.0 - 1780.0 MHz ",Unavailable,Unavailable,0,1724707527889,32591.544209911,2024-08-26 17:25:27.889000,-78.6882738,35.7842789,92.0999984741211,campaign_9,35.7842789,-78.6882738,92.0999984741211
4G_LTE,-93,7,-93,-12,-63,2147483647,47,5110,101,6,196875793,9995,3,2147483647,[12],[FDD],"Band Number = 12, Uplink = 698.0 - 716.0 MHz, Downlink = 699.0 - 716.0 MHz ",310,410,1,1724707528889,32592.545789703,2024-08-26 17:25:28.889000,-78.6882627379077,35.784194314267594,91.73999005246984,campaign_9,35.784194314267594,-78.6882627379077,91.73999005246984
4G_LTE,-101,2147483647,-101,-17,-71,2147483647,39,5110,496,6,2147483647,2147483647,2,2147483647,[12],[FDD],"Band Number = 12, Uplink = 698.0 - 716.0 MHz, Downlink = 699.0 - 716.0 MHz ",Unavailable,Unavailable,0,1724707528889,32592.545789703,2024-08-26 17:25:28.889000,-78.6882627379077,35.784194314267594,91.73999005246984,campaign_9,35.784194314267594,-78.6882627379077,91.73999005246984
4G_LTE,-99,2147483647,-99,-16,-69,2147483647,41,5110,344,6,2147483647,2147483647,2,2147483647,[12],[FDD],"Band Number = 12, Uplink = 698.0 - 716.0 MHz, Downlink = 699.0 - 716.0 MHz ",Unavailable,Unavailable,0,1724707528889,32592.545789703,2024-08-26 17:25:28.889000,-78.6882627379077,35.784194314267594,91.73999005246984,campaign_9,35.784194314267594,-78.6882627379077,91.73999005246984
4G_LTE,-101,2147483647,-101,-11,-81,2147483647,39,950,311,6,2147483647,2147483647,2,2147483647,[2],[FDD],"Band Number = 2, Uplink = 1850.0 - 1910.0 MHz, Downlink = 1850.0 - 1910.0 MHz ",Unavailable,Unavailable,0,1724707528889,32592.545789703,2024-08-26 17:25:28.889000,-78.6882627379077,35.784194314267594,91.73999005246984,campaign_9,35.784194314267594,-78.6882627379077,91.73999005246984
4G_LTE,-113,2147483647,-113,-16,-87,2147483647,27,950,380,6,2147483647,2147483647,1,2147483647,[2],[FDD],"Band Number = 2, Uplink = 1850.0 - 1910.0 MHz, Downlink = 1850.0 - 1910.0 MHz ",Unavailable,Unavailable,0,1724707528889,32592.545789703,2024-08-26 17:25:28.889000,-78.6882627379077,35.784194314267594,91.73999005246984,campaign_9,35.784194314267594,-78.6882627379077,91.73999005246984
4G_LTE,-102,2147483647,-102,-9,-83,2147483647,38,66486,311,6,2147483647,2147483647,2,2147483647,[66],[FDD],"Band Number = 66, Uplink = 1710.0 - 1780.0 MHz, Downlink = 1710.0 - 1780.0 MHz ",Unavailable,Unavailable,0,1724707528889,32592.545789703,2024-08-26 17:25:28.889000,-78.6882627379077,35.784194314267594,91.73999005246984,campaign_9,35.784194314267594,-78.6882627379077,91.73999005246984
4G_LTE,-107,2147483647,-107,-11,-81,2147483647,33,67086,311,6,2147483647,2147483647,1,2147483647,[66],[FDD],"Band Number = 66, Uplink = 1710.0 - 1780.0 MHz, Downlink = 1710.0 - 1780.0 MHz ",Unavailable,Unavailable,0,1724707528889,32592.545789703,2024-08-26 17:25:28.889000,-78.6882627379077,35.784194314267594,91.73999005246984,campaign_9,35.784194314267594,-78.6882627379077,91.73999005246984
4G_LTE,-119,2147483647,-119,-20,-89,2147483647,21,67086,178,6,2147483647,2147483647,0,2147483647,[66],[FDD],"Band Number = 66, Uplink = 1710.0 - 1780.0 MHz, Downlink = 1710.0 - 1780.0 MHz ",Unavailable,Unavailable,0,1724707528889,32592.545789703,2024-08-26 17:25:28.889000,-78.6882627379077,35.784194314267594,91.73999005246984,campaign_9,35.784194314267594,-78.6882627379077,91.73999005246984
4G_LTE,-115,2147483647,-115,-16,-85,2147483647,25,67086,368,6,2147483647,2147483647,1,2147483647,[66],[FDD],"Band Number = 66, Uplink = 1710.0 - 1780.0 MHz, Downlink = 1710.0 - 1780.0 MHz ",Unavailable,Unavailable,0,1724707528889,32592.545789703,2024-08-26 17:25:28.889000,-78.6882627379077,35.784194314267594,91.73999005246984,campaign_9,35.784194314267594,-78.6882627379077,91.73999005246984
4G_LTE,-93,7,-93,-12,-63,2147483647,47,5110,101,6,196875793,9995,3,2147483647,[12],[FDD],"Band Number = 12, Uplink = 698.0 - 716.0 MHz, Downlink = 699.0 - 716.0 MHz ",310,410,1,1724707529892,32593.549201317,2024-08-26 17:25:29.892000,-78.68825164262913,35.78410947477799,91.37890160555364,campaign_9,35.78410947477799,-78.68825164262913,91.37890160555364
4G_LTE,-101,2147483647,-101,-17,-71,2147483647,39,5110,496,6,2147483647,2147483647,2,2147483647,[12],[FDD],"Band Number = 12, Uplink = 698.0 - 716.0 MHz, Downlink = 699.0 - 716.0 MHz ",Unavailable,Unavailable,0,1724707529892,32593.549201317,2024-08-26 17:25:29.892000,-78.68825164262913,35.78410947477799,91.37890160555364,campaign_9,35.78410947477799,-78.68825164262913,91.37890160555364
4G_LTE,-99,2147483647,-99,-16,-69,2147483647,41,5110,344,6,2147483647,2147483647,2,2147483647,[12],[FDD],"Band Number = 12, Uplink = 698.0 - 716.0 MHz, Downlink = 699.0 - 716.0 MHz ",Unavailable,Unavailable,0,1724707529892,32593.549201317,2024-08-26 17:25:29.892000,-78.68825164262913,35.78410947477799,91.37890160555364,campaign_9,35.78410947477799,-78.68825164262913,91.37890160555364
4G_LTE,-101,2147483647,-101,-11,-81,2147483647,39,950,311,6,2147483647,2147483647,2,2147483647,[2],[FDD],"Band Number = 2, Uplink = 1850.0 - 1910.0 MHz, Downlink = 1850.0 - 1910.0 MHz ",Unavailable,Unavailable,0,1724707529892,32593.549201317,2024-08-26 17:25:29.892000,-78.68825164262913,35.78410947477799,91.37890160555364,campaign_9,35.78410947477799,-78.68825164262913,91.37890160555364
4G_LTE,-113,2147483647,-113,-16,-87,2147483647,27,950,380,6,2147483647,2147483647,1,2147483647,[2],[FDD],"Band Number = 2, Uplink = 1850.0 - 1910.0 MHz, Downlink = 1850.0 - 1910.0 MHz ",Unavailable,Unavailable,0,1724707529892,32593.549201317,2024-08-26 17:25:29.892000,-78.68825164262913,35.78410947477799,91.37890160555364,campaign_9,35.78410947477799,-78.68825164262913,91.37890160555364
4G_LTE,-102,2147483647,-102,-9,-83,2147483647,38,66486,311,6,2147483647,2147483647,2,2147483647,[66],[FDD],"Band Number = 66, Uplink = 1710.0 - 1780.0 MHz, Downlink = 1710.0 - 1780.0 MHz ",Unavailable,Unavailable,0,1724707529892,32593.549201317,2024-08-26 17:25:29.892000,-78.68825164262913,35.78410947477799,91.37890160555364,campaign_9,35.78410947477799,-78.68825164262913,91.37890160555364
4G_LTE,-107,2147483647,-107,-11,-81,2147483647,33,67086,311,6,2147483647,2147483647,1,2147483647,[66],[FDD],"Band Number = 66, Uplink = 1710.0 - 1780.0 MHz, Downlink = 1710.0 - 1780.0 MHz ",Unavailable,Unavailable,0,1724707529892,32593.549201317,2024-08-26 17:25:29.892000,-78.68825164262913,35.78410947477799,91.37890160555364,campaign_9,35.78410947477799,-78.68825164262913,91.37890160555364
4G_LTE,-119,2147483647,-119,-20,-89,2147483647,21,67086,178,6,2147483647,2147483647,0,2147483647,[66],[FDD],"Band Number = 66, Uplink = 1710.0 - 1780.0 MHz, Downlink = 1710.0 - 1780.0 MHz ",Unavailable,Unavailable,0,1724707529892,32593.549201317,2024-08-26 17:25:29.892000,-78.68825164262913,35.78410947477799,91.37890160555364,campaign_9,35.78410947477799,-78.68825164262913,91.37890160555364
4G_LTE,-115,2147483647,-115,-16,-85,2147483647,25,67086,368,6,2147483647,2147483647,1,2147483647,[66],[FDD],"Band Number = 66, Uplink = 1710.0 - 1780.0 MHz, Downlink = 1710.0 - 1780.0 MHz ",Unavailable,Unavailable,0,1724707529892,32593.549201317,2024-08-26 17:25:29.892000,-78.68825164262913,35.78410947477799,91.37890160555364,campaign_9,35.78410947477799,-78.68825164262913,91.37890160555364
4G_LTE,-94,7,-94,-11,-65,2147483647,46,5110,101,6,196875793,9995,3,2147483647,[12],[FDD],"Band Number = 12, Uplink = 698.0 - 716.0 MHz, Downlink = 699.0 - 716.0 MHz ",310,410,1,1724707530896,32594.553811264,2024-08-26 17:25:30.896000,-78.68824053628845,35.78402455070266,91.01745315021579,campaign_9,35.78402455070266,-78.68824053628845,91.01745315021579
4G_LTE,-100,2147483647,-100,-17,-71,2147483647,40,5110,496,6,2147483647,2147483647,2,2147483647,[12],[FDD],"Band Number = 12, Uplink = 698.0 - 716.0 MHz, Downlink = 699.0 - 716.0 MHz ",Unavailable,Unavailable,0,1724707530896,32594.553811264,2024-08-26 17:25:30.896000,-78.68824053628845,35.78402455070266,91.01745315021579,campaign_9,35.78402455070266,-78.68824053628845,91.01745315021579
4G_LTE,-103,2147483647,-103,-20,-71,2147483647,37,5110,344,6,2147483647,2147483647,2,2147483647,[12],[FDD],"Band Number = 12, Uplink = 698.0 - 716.0 MHz, Downlink = 699.0 - 716.0 MHz ",Unavailable,Unavailable,0,1724707530896,32594.553811264,2024-08-26 17:25:30.896000,-78.68824053628845,35.78402455070266,91.01745315021579,campaign_9,35.78402455070266,-78.68824053628845,91.01745315021579
4G_LTE,-102,2147483647,-102,-18,-73,2147483647,38,5110,18,6,2147483647,2147483647,2,2147483647,[12],[FDD],"Band Number = 12, Uplink = 698.0 - 716.0 MHz, Downlink = 699.0 - 716.0 MHz ",Unavailable,Unavailable,0,1724707530896,32594.553811264,2024-08-26 17:25:30.896000,-78.68824053628845,35.78402455070266,91.01745315021579,campaign_9,35.78402455070266,-78.68824053628845,91.01745315021579
4G_LTE,-101,2147483647,-101,-11,-83,2147483647,39,950,311,6,2147483647,2147483647,2,2147483647,[2],[FDD],"Band Number = 2, Uplink = 1850.0 - 1910.0 MHz, Downlink = 1850.0 - 1910.0 MHz ",Unavailable,Unavailable,0,1724707530896,32594.553811264,2024-08-26 17:25:30.896000,-78.68824053628845,35.78402455070266,91.01745315021579,campaign_9,35.78402455070266,-78.68824053628845,91.01745315021579
4G_LTE,-116,2147483647,-116,-20,-83,2147483647,24,950,380,6,2147483647,2147483647,0,2147483647,[2],[FDD],"Band Number = 2, Uplink = 1850.0 - 1910.0 MHz, Downlink = 1850.0 - 1910.0 MHz ",Unavailable,Unavailable,0,1724707530896,32594.553811264,2024-08-26 17:25:30.896000,-78.68824053628845,35.78402455070266,91.01745315021579,campaign_9,35.78402455070266,-78.68824053628845,91.01745315021579
4G_LTE,-110,2147483647,-110,-14,-83,2147483647,30,950,368,6,2147483647,2147483647,1,2147483647,[2],[FDD],"Band Number = 2, Uplink = 1850.0 - 1910.0 MHz, Downlink = 1850.0 - 1910.0 MHz ",Unavailable,Unavailable,0,1724707530896,32594.553811264,2024-08-26 17:25:30.896000,-78.68824053628845,35.78402455070266,91.01745315021579,campaign_9,35.78402455070266,-78.68824053628845,91.01745315021579
4G_LTE,-107,2147483647,-107,-10,-87,2147483647,33,66486,311,6,2147483647,2147483647,1,2147483647,[66],[FDD],"Band Number = 66, Uplink = 1710.0 - 1780.0 MHz, Downlink = 1710.0 - 1780.0 MHz ",Unavailable,Unavailable,0,1724707530896,32594.553811264,2024-08-26 17:25:30.896000,-78.68824053628845,35.78402455070266,91.01745315021579,campaign_9,35.78402455070266,-78.68824053628845,91.01745315021579
4G_LTE,-117,2147483647,-117,-20,-87,2147483647,23,66486,77,6,2147483647,2147483647,0,2147483647,[66],[FDD],"Band Number = 66, Uplink = 1710.0 - 1780.0 MHz, Downlink = 1710.0 - 1780.0 MHz ",Unavailable,Unavailable,0,1724707530896,32594.553811264,2024-08-26 17:25:30.896000,-78.68824053628845,35.78402455070266,91.01745315021579,campaign_9,35.78402455070266,-78.68824053628845,91.01745315021579
4G_LTE,-109,2147483647,-109,-12,-85,2147483647,31,67086,311,6,2147483647,2147483647,1,2147483647,[66],[FDD],"Band Number = 66, Uplink = 1710.0 - 1780.0 MHz, Downlink = 1710.0 - 1780.0 MHz ",Unavailable,Unavailable,0,1724707530896,32594.553811264,2024-08-26 17:25:30.896000,-78.68824053628845,35.78402455070266,91.01745315021579,campaign_9,35.78402455070266,-78.68824053628845,91.01745315021579
4G_LTE,-119,2147483647,-119,-20,-89,2147483647,21,67086,178,6,2147483647,2147483647,0,2147483647,[66],[FDD],"Band Number = 66, Uplink = 1710.0 - 1780.0 MHz, Downlink = 1710.0 - 1780.0 MHz ",Unavailable,Unavailable,0,1724707530896,32594.553811264,2024-08-26 17:25:30.896000,-78.68824053628845,35.78402455070266,91.01745315021579,campaign_9,35.78402455070266,-78.68824053628845,91.01745315021579
4G_LTE,-119,2147483647,-119,-19,-93,2147483647,21,67086,368,6,2147483647,2147483647,0,2147483647,[66],[FDD],"Band Number = 66, Uplink = 1710.0 - 1780.0 MHz, Downlink = 1710.0 - 1780.0 MHz ",Unavailable,Unavailable,0,1724707530896,32594.553811264,2024-08-26 17:25:30.896000,-78.68824053628845,35.78402455070266,91.01745315021579,campaign_9,35.78402455070266,-78.68824053628845,91.01745315021579
4G_LTE,-94,7,-94,-11,-65,2147483647,46,5110,101,6,196875793,9995,3,2147483647,[12],[FDD],"Band Number = 12, Uplink = 698.0 - 716.0 MHz, Downlink = 699.0 - 716.0 MHz ",310,410,1,1724707531893,32595.551032202,2024-08-26 17:25:31.893000,-78.68822950738243,35.78394021872746,90.65852475382948,campaign_9,35.78394021872746,-78.68822950738243,90.65852475382948
4G_LTE,-100,2147483647,-100,-17,-71,2147483647,40,5110,496,6,2147483647,2147483647,2,2147483647,[12],[FDD],"Band Number = 12, Uplink = 698.0 - 716.0 MHz, Downlink = 699.0 - 716.0 MHz ",Unavailable,Unavailable,0,1724707531893,32595.551032202,2024-08-26 17:25:31.893000,-78.68822950738243,35.78394021872746,90.65852475382948,campaign_9,35.78394021872746,-78.68822950738243,90.65852475382948
4G_LTE,-103,2147483647,-103,-20,-71,2147483647,37,5110,344,6,2147483647,2147483647,2,2147483647,[12],[FDD],"Band Number = 12, Uplink = 698.0 - 716.0 MHz, Downlink = 699.0 - 716.0 MHz ",Unavailable,Unavailable,0,1724707531893,32595.551032202,2024-08-26 17:25:31.893000,-78.68822950738243,35.78394021872746,90.65852475382948,campaign_9,35.78394021872746,-78.68822950738243,90.65852475382948
4G_LTE,-102,2147483647,-102,-18,-73,2147483647,38,5110,18,6,2147483647,2147483647,2,2147483647,[12],[FDD],"Band Number = 12, Uplink = 698.0 - 716.0 MHz, Downlink = 699.0 - 716.0 MHz ",Unavailable,Unavailable,0,1724707531893,32595.551032202,2024-08-26 17:25:31.893000,-78.68822950738243,35.78394021872746,90.65852475382948,campaign_9,35.78394021872746,-78.68822950738243,90.65852475382948
4G_LTE,-101,2147483647,-101,-11,-83,2147483647,39,950,311,6,2147483647,2147483647,2,2147483647,[2],[FDD],"Band Number = 2, Uplink = 1850.0 - 1910.0 MHz, Downlink = 1850.0 - 1910.0 MHz ",Unavailable,Unavailable,0,1724707531893,32595.551032202,2024-08-26 17:25:31.893000,-78.68822950738243,35.78394021872746,90.65852475382948,campaign_9,35.78394021872746,-78.68822950738243,90.65852475382948
4G_LTE,-116,2147483647,-116,-20,-83,2147483647,24,950,380,6,2147483647,2147483647,0,2147483647,[2],[FDD],"Band Number = 2, Uplink = 1850.0 - 1910.0 MHz, Downlink = 1850.0 - 1910.0 MHz ",Unavailable,Unavailable,0,1724707531893,32595.551032202,2024-08-26 17:25:31.893000,-78.68822950738243,35.78394021872746,90.65852475382948,campaign_9,35.78394021872746,-78.68822950738243,90.65852475382948
4G_LTE,-110,2147483647,-110,-14,-83,2147483647,30,950,368,6,2147483647,2147483647,1,2147483647,[2],[FDD],"Band Number = 2, Uplink = 1850.0 - 1910.0 MHz, Downlink = 1850.0 - 1910.0 MHz ",Unavailable,Unavailable,0,1724707531893,32595.551032202,2024-08-26 17:25:31.893000,-78.68822950738243,35.78394021872746,90.65852475382948,campaign_9,35.78394021872746,-78.68822950738243,90.65852475382948
4G_LTE,-107,2147483647,-107,-10,-87,2147483647,33,66486,311,6,2147483647,2147483647,1,2147483647,[66],[FDD],"Band Number = 66, Uplink = 1710.0 - 1780.0 MHz, Downlink = 1710.0 - 1780.0 MHz ",Unavailable,Unavailable,0,1724707531893,32595.551032202,2024-08-26 17:25:31.893000,-78.68822950738243,35.78394021872746,90.65852475382948,campaign_9,35.78394021872746,-78.68822950738243,90.65852475382948
4G_LTE,-117,2147483647,-117,-20,-87,2147483647,23,66486,77,6,2147483647,2147483647,0,2147483647,[66],[FDD],"Band Number = 66, Uplink = 1710.0 - 1780.0 MHz, Downlink = 1710.0 - 1780.0 MHz ",Unavailable,Unavailable,0,1724707531893,32595.551032202,2024-08-26 17:25:31.893000,-78.68822950738243,35.78394021872746,90.65852475382948,campaign_9,35.78394021872746,-78.68822950738243,90.65852475382948
4G_LTE,-109,2147483647,-109,-12,-85,2147483647,31,67086,311,6,2147483647,2147483647,1,2147483647,[66],[FDD],"Band Number = 66, Uplink = 1710.0 - 1780.0 MHz, Downlink = 1710.0 - 1780.0 MHz ",Unavailable,Unavailable,0,1724707531893,32595.551032202,2024-08-26 17:25:31.893000,-78.68822950738243,35.78394021872746,90.65852475382948,campaign_9,35.78394021872746,-78.68822950738243,90.65852475382948
4G_LTE,-119,2147483647,-119,-20,-89,2147483647,21,67086,178,6,2147483647,2147483647,0,2147483647,[66],[FDD],"Band Number = 66, Uplink = 1710.0 - 1780.0 MHz, Downlink = 1710.0 - 1780.0 MHz ",Unavailable,Unavailable,0,1724707531893,32595.551032202,2024-08-26 17:25:31.893000,-78.68822950738243,35.78394021872746,90.65852475382948,campaign_9,35.78394021872746,-78.68822950738243,90.65852475382948
4G_LTE,-119,2147483647,-119,-19,-93,2147483647,21,67086,368,6,2147483647,2147483647,0,2147483647,[66],[FDD],"Band Number = 66, Uplink = 1710.0 - 1780.0 MHz, Downlink = 1710.0 - 1780.0 MHz ",Unavailable,Unavailable,0,1724707531893,32595.551032202,2024-08-26 17:25:31.893000,-78.68822950738243,35.78394021872746,90.65852475382948,campaign_9,35.78394021872746,-78.68822950738243,90.65852475382948
4G_LTE,-92,8,-92,-10,-59,2147483647,48,5110,101,6,196875793,9995,3,2147483647,[12],[FDD],"Band Number = 12, Uplink = 698.0 - 716.0 MHz, Downlink = 699.0 - 716.0 MHz ",310,410,1,1724707532893,32596.550899284,2024-08-26 17:25:32.893000,-78.68821844529012,35.783855632995056,90.29851633217822,campaign_9,35.783855632995056,-78.68821844529012,90.29851633217822
4G_LTE,-108,2147483647,-108,-20,-73,2147483647,32,5110,496,6,2147483647,2147483647,1,2147483647,[12],[FDD],"Band Number = 12, Uplink = 698.0 - 716.0 MHz, Downlink = 699.0 - 716.0 MHz ",Unavailable,Unavailable,0,1724707532893,32596.550899284,2024-08-26 17:25:32.893000,-78.68821844529012,35.783855632995056,90.29851633217822,campaign_9,35.783855632995056,-78.68821844529012,90.29851633217822
4G_LTE,-103,2147483647,-103,-19,-75,2147483647,37,5110,344,6,2147483647,2147483647,2,2147483647,[12],[FDD],"Band Number = 12, Uplink = 698.0 - 716.0 MHz, Downlink = 699.0 - 716.0 MHz ",Unavailable,Unavailable,0,1724707532893,32596.550899284,2024-08-26 17:25:32.893000,-78.68821844529012,35.783855632995056,90.29851633217822,campaign_9,35.783855632995056,-78.68821844529012,90.29851633217822
4G_LTE,-102,2147483647,-102,-12,-67,2147483647,38,950,311,6,2147483647,2147483647,2,2147483647,[2],[FDD],"Band Number = 2, Uplink = 1850.0 - 1910.0 MHz, Downlink = 1850.0 - 1910.0 MHz ",Unavailable,Unavailable,0,1724707532893,32596.550899284,2024-08-26 17:25:32.893000,-78.68821844529012,35.783855632995056,90.29851633217822,campaign_9,35.783855632995056,-78.68821844529012,90.29851633217822
4G_LTE,-113,2147483647,-113,-20,-77,2147483647,27,950,368,6,2147483647,2147483647,1,2147483647,[2],[FDD],"Band Number = 2, Uplink = 1850.0 - 1910.0 MHz, Downlink = 1850.0 - 1910.0 MHz ",Unavailable,Unavailable,0,1724707532893,32596.550899284,2024-08-26 17:25:32.893000,-78.68821844529012,35.783855632995056,90.29851633217822,campaign_9,35.783855632995056,-78.68821844529012,90.29851633217822
4G_LTE,-110,2147483647,-110,-20,-79,2147483647,30,950,436,6,2147483647,2147483647,1,2147483647,[2],[FDD],"Band Number = 2, Uplink = 1850.0 - 1910.0 MHz, Downlink = 1850.0 - 1910.0 MHz ",Unavailable,Unavailable,0,1724707532893,32596.550899284,2024-08-26 17:25:32.893000,-78.68821844529012,35.783855632995056,90.29851633217822,campaign_9,35.783855632995056,-78.68821844529012,90.29851633217822
4G_LTE,-104,2147483647,-104,-9,-75,2147483647,36,66486,311,6,2147483647,2147483647,2,2147483647,[66],[FDD],"Band Number = 66, Uplink = 1710.0 - 1780.0 MHz, Downlink = 1710.0 - 1780.0 MHz ",Unavailable,Unavailable,0,1724707532893,32596.550899284,2024-08-26 17:25:32.893000,-78.68821844529012,35.783855632995056,90.29851633217822,campaign_9,35.783855632995056,-78.68821844529012,90.29851633217822
4G_LTE,-115,2147483647,-115,-17,-87,2147483647,25,66486,77,6,2147483647,2147483647,1,2147483647,[66],[FDD],"Band Number = 66, Uplink = 1710.0 - 1780.0 MHz, Downlink = 1710.0 - 1780.0 MHz ",Unavailable,Unavailable,0,1724707532893,32596.550899284,2024-08-26 17:25:32.893000,-78.68821844529012,35.783855632995056,90.29851633217822,campaign_9,35.783855632995056,-78.68821844529012,90.29851633217822
4G_LTE,-112,2147483647,-112,-17,-81,2147483647,28,66486,368,6,2147483647,2147483647,1,2147483647,[66],[FDD],"Band Number = 66, Uplink = 1710.0 - 1780.0 MHz, Downlink = 1710.0 - 1780.0 MHz ",Unavailable,Unavailable,0,1724707532893,32596.550899284,2024-08-26 17:25:32.893000,-78.68821844529012,35.783855632995056,90.29851633217822,campaign_9,35.783855632995056,-78.68821844529012,90.29851633217822
4G_LTE,-108,2147483647,-108,-11,-77,2147483647,32,67086,311,6,2147483647,2147483647,1,2147483647,[66],[FDD],"Band Number = 66, Uplink = 1710.0 - 1780.0 MHz, Downlink = 1710.0 - 1780.0 MHz ",Unavailable,Unavailable,0,1724707532893,32596.550899284,2024-08-26 17:25:32.893000,-78.68821844529012,35.783855632995056,90.29851633217822,campaign_9,35.783855632995056,-78.68821844529012,90.29851633217822
4G_LTE,-121,2147483647,-121,-20,-91,2147483647,19,67086,178,6,2147483647,2147483647,0,2147483647,[66],[FDD],"Band Number = 66, Uplink = 1710.0 - 1780.0 MHz, Downlink = 1710.0 - 1780.0 MHz ",Unavailable,Unavailable,0,1724707532893,32596.550899284,2024-08-26 17:25:32.893000,-78.68821844529012,35.783855632995056,90.29851633217822,campaign_9,35.783855632995056,-78.68821844529012,90.29851633217822
4G_LTE,-114,2147483647,-114,-17,-85,2147483647,26,67086,368,6,2147483647,2147483647,1,2147483647,[66],[FDD],"Band Number = 66, Uplink = 1710.0 - 1780.0 MHz, Downlink = 1710.0 - 1780.0 MHz ",Unavailable,Unavailable,0,1724707532893,32596.550899284,2024-08-26 17:25:32.893000,-78.68821844529012,35.783855632995056,90.29851633217822,campaign_9,35.783855632995056,-78.68821844529012,90.29851633217822
4G_LTE,-119,2147483647,-119,-20,-87,2147483647,21,67086,322,6,2147483647,2147483647,0,2147483647,[66],[FDD],"Band Number = 66, Uplink = 1710.0 - 1780.0 MHz, Downlink = 1710.0 - 1780.0 MHz ",Unavailable,Unavailable,0,1724707532893,32596.550899284,2024-08-26 17:25:32.893000,-78.68821844529012,35.783855632995056,90.29851633217822,campaign_9,35.783855632995056,-78.68821844529012,90.29851633217822
4G_LTE,-92,8,-92,-10,-59,2147483647,48,5110,101,6,196875793,9995,3,2147483647,[12],[FDD],"Band Number = 12, Uplink = 698.0 - 716.0 MHz, Downlink = 699.0 - 716.0 MHz ",310,410,1,1724707533897,32597.55472892,2024-08-26 17:25:33.897000,-78.68820733894945,35.783770708919725,89.93706787684037,campaign_9,35.783770708919725,-78.68820733894945,89.93706787684037
4G_LTE,-108,2147483647,-108,-20,-73,2147483647,32,5110,496,6,2147483647,2147483647,1,2147483647,[12],[FDD],"Band Number = 12, Uplink = 698.0 - 716.0 MHz, Downlink = 699.0 - 716.0 MHz ",Unavailable,Unavailable,0,1724707533897,32597.55472892,2024-08-26 17:25:33.897000,-78.68820733894945,35.783770708919725,89.93706787684037,campaign_9,35.783770708919725,-78.68820733894945,89.93706787684037
4G_LTE,-103,2147483647,-103,-19,-75,2147483647,37,5110,344,6,2147483647,2147483647,2,2147483647,[12],[FDD],"Band Number = 12, Uplink = 698.0 - 716.0 MHz, Downlink = 699.0 - 716.0 MHz ",Unavailable,Unavailable,0,1724707533897,32597.55472892,2024-08-26 17:25:33.897000,-78.68820733894945,35.783770708919725,89.93706787684037,campaign_9,35.783770708919725,-78.68820733894945,89.93706787684037
4G_LTE,-102,2147483647,-102,-12,-67,2147483647,38,950,311,6,2147483647,2147483647,2,2147483647,[2],[FDD],"Band Number = 2, Uplink = 1850.0 - 1910.0 MHz, Downlink = 1850.0 - 1910.0 MHz ",Unavailable,Unavailable,0,1724707533897,32597.55472892,2024-08-26 17:25:33.897000,-78.68820733894945,35.783770708919725,89.93706787684037,campaign_9,35.783770708919725,-78.68820733894945,89.93706787684037
4G_LTE,-113,2147483647,-113,-20,-77,2147483647,27,950,368,6,2147483647,2147483647,1,2147483647,[2],[FDD],"Band Number = 2, Uplink = 1850.0 - 1910.0 MHz, Downlink = 1850.0 - 1910.0 MHz ",Unavailable,Unavailable,0,1724707533897,32597.55472892,2024-08-26 17:25:33.897000,-78.68820733894945,35.783770708919725,89.93706787684037,campaign_9,35.783770708919725,-78.68820733894945,89.93706787684037
4G_LTE,-110,2147483647,-110,-20,-79,2147483647,30,950,436,6,2147483647,2147483647,1,2147483647,[2],[FDD],"Band Number = 2, Uplink = 1850.0 - 1910.0 MHz, Downlink = 1850.0 - 1910.0 MHz ",Unavailable,Unavailable,0,1724707533897,32597.55472892,2024-08-26 17:25:33.897000,-78.68820733894945,35.783770708919725,89.93706787684037,campaign_9,35.783770708919725,-78.68820733894945,89.93706787684037
4G_LTE,-104,2147483647,-104,-9,-75,2147483647,36,66486,311,6,2147483647,2147483647,2,2147483647,[66],[FDD],"Band Number = 66, Uplink = 1710.0 - 1780.0 MHz, Downlink = 1710.0 - 1780.0 MHz ",Unavailable,Unavailable,0,1724707533897,32597.55472892,2024-08-26 17:25:33.897000,-78.68820733894945,35.783770708919725,89.93706787684037,campaign_9,35.783770708919725,-78.68820733894945,89.93706787684037
4G_LTE,-115,2147483647,-115,-17,-87,2147483647,25,66486,77,6,2147483647,2147483647,1,2147483647,[66],[FDD],"Band Number = 66, Uplink = 1710.0 - 1780.0 MHz, Downlink = 1710.0 - 1780.0 MHz ",Unavailable,Unavailable,0,1724707533897,32597.55472892,2024-08-26 17:25:33.897000,-78.68820733894945,35.783770708919725,89.93706787684037,campaign_9,35.783770708919725,-78.68820733894945,89.93706787684037
4G_LTE,-112,2147483647,-112,-17,-81,2147483647,28,66486,368,6,2147483647,2147483647,1,2147483647,[66],[FDD],"Band Number = 66, Uplink = 1710.0 - 1780.0 MHz, Downlink = 1710.0 - 1780.0 MHz ",Unavailable,Unavailable,0,1724707533897,32597.55472892,2024-08-26 17:25:33.897000,-78.68820733894945,35.783770708919725,89.93706787684037,campaign_9,35.783770708919725,-78.68820733894945,89.93706787684037
4G_LTE,-108,2147483647,-108,-11,-77,2147483647,32,67086,311,6,2147483647,2147483647,1,2147483647,[66],[FDD],"Band Number = 66, Uplink = 1710.0 - 1780.0 MHz, Downlink = 1710.0 - 1780.0 MHz ",Unavailable,Unavailable,0,1724707533897,32597.55472892,2024-08-26 17:25:33.897000,-78.68820733894945,35.783770708919725,89.93706787684037,campaign_9,35.783770708919725,-78.68820733894945,89.93706787684037
4G_LTE,-121,2147483647,-121,-20,-91,2147483647,19,67086,178,6,2147483647,2147483647,0,2147483647,[66],[FDD],"Band Number = 66, Uplink = 1710.0 - 1780.0 MHz, Downlink = 1710.0 - 1780.0 MHz ",Unavailable,Unavailable,0,1724707533897,32597.55472892,2024-08-26 17:25:33.897000,-78.68820733894945,35.783770708919725,89.93706787684037,campaign_9,35.783770708919725,-78.68820733894945,89.93706787684037
4G_LTE,-114,2147483647,-114,-17,-85,2147483647,26,67086,368,6,2147483647,2147483647,1,2147483647,[66],[FDD],"Band Number = 66, Uplink = 1710.0 - 1780.0 MHz, Downlink = 1710.0 - 1780.0 MHz ",Unavailable,Unavailable,0,1724707533897,32597.55472892,2024-08-26 17:25:33.897000,-78.68820733894945,35.783770708919725,89.93706787684037,campaign_9,35.783770708919725,-78.68820733894945,89.93706787684037
4G_LTE,-119,2147483647,-119,-20,-87,2147483647,21,67086,322,6,2147483647,2147483647,0,2147483647,[66],[FDD],"Band Number = 66, Uplink = 1710.0 - 1780.0 MHz, Downlink = 1710.0 - 1780.0 MHz ",Unavailable,Unavailable,0,1724707533897,32597.55472892,2024-08-26 17:25:33.897000,-78.68820733894945,35.783770708919725,89.93706787684037,campaign_9,35.783770708919725,-78.68820733894945,89.93706787684037
4G_LTE,-97,8,-97,-11,-69,2147483647,43,5110,101,6,196875793,9995,2,2147483647,[12],[FDD],"Band Number = 12, Uplink = 698.0 - 716.0 MHz, Downlink = 699.0 - 716.0 MHz ",310,410,1,1724707534906,32598.563954023,2024-08-26 17:25:34.906000,-78.6882062,35.783762,89.9000015258789,campaign_9,35.783762,-78.6882062,89.9000015258789
4G_LTE,-109,2147483647,-109,-17,-77,2147483647,31,5110,496,6,2147483647,2147483647,1,2147483647,[12],[FDD],"Band Number = 12, Uplink = 698.0 - 716.0 MHz, Downlink = 699.0 - 716.0 MHz ",Unavailable,Unavailable,0,1724707534906,32598.563954023,2024-08-26 17:25:34.906000,-78.6882062,35.783762,89.9000015258789,campaign_9,35.783762,-78.6882062,89.9000015258789
4G_LTE,-103,2147483647,-103,-17,-73,2147483647,37,5110,344,6,2147483647,2147483647,2,2147483647,[12],[FDD],"Band Number = 12, Uplink = 698.0 - 716.0 MHz, Downlink = 699.0 - 716.0 MHz ",Unavailable,Unavailable,0,1724707534906,32598.563954023,2024-08-26 17:25:34.906000,-78.6882062,35.783762,89.9000015258789,campaign_9,35.783762,-78.6882062,89.9000015258789
4G_LTE,-105,2147483647,-105,-11,-83,2147483647,35,950,311,6,2147483647,2147483647,2,2147483647,[2],[FDD],"Band Number = 2, Uplink = 1850.0 - 1910.0 MHz, Downlink = 1850.0 - 1910.0 MHz ",Unavailable,Unavailable,0,1724707534906,32598.563954023,2024-08-26 17:25:34.906000,-78.6882062,35.783762,89.9000015258789,campaign_9,35.783762,-78.6882062,89.9000015258789
4G_LTE,-114,2147483647,-114,-16,-83,2147483647,26,950,368,6,2147483647,2147483647,1,2147483647,[2],[FDD],"Band Number = 2, Uplink = 1850.0 - 1910.0 MHz, Downlink = 1850.0 - 1910.0 MHz ",Unavailable,Unavailable,0,1724707534906,32598.563954023,2024-08-26 17:25:34.906000,-78.6882062,35.783762,89.9000015258789,campaign_9,35.783762,-78.6882062,89.9000015258789
4G_LTE,-110,2147483647,-110,-20,-79,2147483647,30,950,436,6,2147483647,2147483647,1,2147483647,[2],[FDD],"Band Number = 2, Uplink = 1850.0 - 1910.0 MHz, Downlink = 1850.0 - 1910.0 MHz ",Unavailable,Unavailable,0,1724707534906,32598.563954023,2024-08-26 17:25:34.906000,-78.6882062,35.783762,89.9000015258789,campaign_9,35.783762,-78.6882062,89.9000015258789
4G_LTE,-104,2147483647,-104,-12,-81,2147483647,36,66486,311,6,2147483647,2147483647,2,2147483647,[66],[FDD],"Band Number = 66, Uplink = 1710.0 - 1780.0 MHz, Downlink = 1710.0 - 1780.0 MHz ",Unavailable,Unavailable,0,1724707534906,32598.563954023,2024-08-26 17:25:34.906000,-78.6882062,35.783762,89.9000015258789,campaign_9,35.783762,-78.6882062,89.9000015258789
4G_LTE,-115,2147483647,-115,-17,-87,2147483647,25,66486,77,6,2147483647,2147483647,1,2147483647,[66],[FDD],"Band Number = 66, Uplink = 1710.0 - 1780.0 MHz, Downlink = 1710.0 - 1780.0 MHz ",Unavailable,Unavailable,0,1724707534906,32598.563954023,2024-08-26 17:25:34.906000,-78.6882062,35.783762,89.9000015258789,campaign_9,35.783762,-78.6882062,89.9000015258789
4G_LTE,-111,2147483647,-111,-16,-83,2147483647,29,66486,368,6,2147483647,2147483647,1,2147483647,[66],[FDD],"Band Number = 66, Uplink = 1710.0 - 1780.0 MHz, Downlink = 1710.0 - 1780.0 MHz ",Unavailable,Unavailable,0,1724707534906,32598.563954023,2024-08-26 17:25:34.906000,-78.6882062,35.783762,89.9000015258789,campaign_9,35.783762,-78.6882062,89.9000015258789
4G_LTE,-111,2147483647,-111,-10,-91,2147483647,29,67086,311,6,2147483647,2147483647,1,2147483647,[66],[FDD],"Band Number = 66, Uplink = 1710.0 - 1780.0 MHz, Downlink = 1710.0 - 1780.0 MHz ",Unavailable,Unavailable,0,1724707534906,32598.563954023,2024-08-26 17:25:34.906000,-78.6882062,35.783762,89.9000015258789,campaign_9,35.783762,-78.6882062,89.9000015258789
4G_LTE,-117,2147483647,-117,-20,-87,2147483647,23,67086,178,6,2147483647,2147483647,0,2147483647,[66],[FDD],"Band Number = 66, Uplink = 1710.0 - 1780.0 MHz, Downlink = 1710.0 - 1780.0 MHz ",Unavailable,Unavailable,0,1724707534906,32598.563954023,2024-08-26 17:25:34.906000,-78.6882062,35.783762,89.9000015258789,campaign_9,35.783762,-78.6882062,89.9000015258789
4G_LTE,-119,2147483647,-119,-19,-91,2147483647,21,67086,368,6,2147483647,2147483647,0,2147483647,[66],[FDD],"Band Number = 66, Uplink = 1710.0 - 1780.0 MHz, Downlink = 1710.0 - 1780.0 MHz ",Unavailable,Unavailable,0,1724707534906,32598.563954023,2024-08-26 17:25:34.906000,-78.6882062,35.783762,89.9000015258789,campaign_9,35.783762,-78.6882062,89.9000015258789
4G_LTE,-119,2147483647,-119,-20,-87,2147483647,21,67086,322,6,2147483647,2147483647,0,2147483647,[66],[FDD],"Band Number = 66, Uplink = 1710.0 - 1780.0 MHz, Downlink = 1710.0 - 1780.0 MHz ",Unavailable,Unavailable,0,1724707534906,32598.563954023,2024-08-26 17:25:34.906000,-78.6882062,35.783762,89.9000015258789,campaign_9,35.783762,-78.6882062,89.9000015258789
4G_LTE,-97,8,-97,-11,-69,2147483647,43,5110,101,6,196875793,9995,2,2147483647,[12],[FDD],"Band Number = 12, Uplink = 698.0 - 716.0 MHz, Downlink = 699.0 - 716.0 MHz ",310,410,1,1724707535913,32599.570087356,2024-08-26 17:25:35.913000,-78.68824619367517,35.78371059834679,89.43973678050968,campaign_9,35.78371059834679,-78.68824619367517,89.43973678050968
4G_LTE,-109,2147483647,-109,-17,-77,2147483647,31,5110,496,6,2147483647,2147483647,1,2147483647,[12],[FDD],"Band Number = 12, Uplink = 698.0 - 716.0 MHz, Downlink = 699.0 - 716.0 MHz ",Unavailable,Unavailable,0,1724707535913,32599.570087356,2024-08-26 17:25:35.913000,-78.68824619367517,35.78371059834679,89.43973678050968,campaign_9,35.78371059834679,-78.68824619367517,89.43973678050968
4G_LTE,-103,2147483647,-103,-17,-73,2147483647,37,5110,344,6,2147483647,2147483647,2,2147483647,[12],[FDD],"Band Number = 12, Uplink = 698.0 - 716.0 MHz, Downlink = 699.0 - 716.0 MHz ",Unavailable,Unavailable,0,1724707535913,32599.570087356,2024-08-26 17:25:35.913000,-78.68824619367517,35.78371059834679,89.43973678050968,campaign_9,35.78371059834679,-78.68824619367517,89.43973678050968
4G_LTE,-105,2147483647,-105,-11,-83,2147483647,35,950,311,6,2147483647,2147483647,2,2147483647,[2],[FDD],"Band Number = 2, Uplink = 1850.0 - 1910.0 MHz, Downlink = 1850.0 - 1910.0 MHz ",Unavailable,Unavailable,0,1724707535913,32599.570087356,2024-08-26 17:25:35.913000,-78.68824619367517,35.78371059834679,89.43973678050968,campaign_9,35.78371059834679,-78.68824619367517,89.43973678050968
4G_LTE,-114,2147483647,-114,-16,-83,2147483647,26,950,368,6,2147483647,2147483647,1,2147483647,[2],[FDD],"Band Number = 2, Uplink = 1850.0 - 1910.0 MHz, Downlink = 1850.0 - 1910.0 MHz ",Unavailable,Unavailable,0,1724707535913,32599.570087356,2024-08-26 17:25:35.913000,-78.68824619367517,35.78371059834679,89.43973678050968,campaign_9,35.78371059834679,-78.68824619367517,89.43973678050968
4G_LTE,-110,2147483647,-110,-20,-79,2147483647,30,950,436,6,2147483647,2147483647,1,2147483647,[2],[FDD],"Band Number = 2, Uplink = 1850.0 - 1910.0 MHz, Downlink = 1850.0 - 1910.0 MHz ",Unavailable,Unavailable,0,1724707535913,32599.570087356,2024-08-26 17:25:35.913000,-78.68824619367517,35.78371059834679,89.43973678050968,campaign_9,35.78371059834679,-78.68824619367517,89.43973678050968
4G_LTE,-104,2147483647,-104,-12,-81,2147483647,36,66486,311,6,2147483647,2147483647,2,2147483647,[66],[FDD],"Band Number = 66, Uplink = 1710.0 - 1780.0 MHz, Downlink = 1710.0 - 1780.0 MHz ",Unavailable,Unavailable,0,1724707535913,32599.570087356,2024-08-26 17:25:35.913000,-78.68824619367517,35.78371059834679,89.43973678050968,campaign_9,35.78371059834679,-78.68824619367517,89.43973678050968
4G_LTE,-115,2147483647,-115,-17,-87,2147483647,25,66486,77,6,2147483647,2147483647,1,2147483647,[66],[FDD],"Band Number = 66, Uplink = 1710.0 - 1780.0 MHz, Downlink = 1710.0 - 1780.0 MHz ",Unavailable,Unavailable,0,1724707535913,32599.570087356,2024-08-26 17:25:35.913000,-78.68824619367517,35.78371059834679,89.43973678050968,campaign_9,35.78371059834679,-78.68824619367517,89.43973678050968
4G_LTE,-111,2147483647,-111,-16,-83,2147483647,29,66486,368,6,2147483647,2147483647,1,2147483647,[66],[FDD],"Band Number = 66, Uplink = 1710.0 - 1780.0 MHz, Downlink = 1710.0 - 1780.0 MHz ",Unavailable,Unavailable,0,1724707535913,32599.570087356,2024-08-26 17:25:35.913000,-78.68824619367517,35.78371059834679,89.43973678050968,campaign_9,35.78371059834679,-78.68824619367517,89.43973678050968
4G_LTE,-111,2147483647,-111,-10,-91,2147483647,29,67086,311,6,2147483647,2147483647,1,2147483647,[66],[FDD],"Band Number = 66, Uplink = 1710.0 - 1780.0 MHz, Downlink = 1710.0 - 1780.0 MHz ",Unavailable,Unavailable,0,1724707535913,32599.570087356,2024-08-26 17:25:35.913000,-78.68824619367517,35.78371059834679,89.43973678050968,campaign_9,35.78371059834679,-78.68824619367517,89.43973678050968
4G_LTE,-117,2147483647,-117,-20,-87,2147483647,23,67086,178,6,2147483647,2147483647,0,2147483647,[66],[FDD],"Band Number = 66, Uplink = 1710.0 - 1780.0 MHz, Downlink = 1710.0 - 1780.0 MHz ",Unavailable,Unavailable,0,1724707535913,32599.570087356,2024-08-26 17:25:35.913000,-78.68824619367517,35.78371059834679,89.43973678050968,campaign_9,35.78371059834679,-78.68824619367517,89.43973678050968
4G_LTE,-119,2147483647,-119,-19,-91,2147483647,21,67086,368,6,2147483647,2147483647,0,2147483647,[66],[FDD],"Band Number = 66, Uplink = 1710.0 - 1780.0 MHz, Downlink = 1710.0 - 1780.0 MHz ",Unavailable,Unavailable,0,1724707535913,32599.570087356,2024-08-26 17:25:35.913000,-78.68824619367517,35.78371059834679,89.43973678050968,campaign_9,35.78371059834679,-78.68824619367517,89.43973678050968
4G_LTE,-119,2147483647,-119,-20,-87,2147483647,21,67086,322,6,2147483647,2147483647,0,2147483647,[66],[FDD],"Band Number = 66, Uplink = 1710.0 - 1780.0 MHz, Downlink = 1710.0 - 1780.0 MHz ",Unavailable,Unavailable,0,1724707535913,32599.570087356,2024-08-26 17:25:35.913000,-78.68824619367517,35.78371059834679,89.43973678050968,campaign_9,35.78371059834679,-78.68824619367517,89.43973678050968
4G_LTE,-97,7,-97,-13,-63,2147483647,43,5110,101,6,196875793,9995,2,2147483647,[12],[FDD],"Band Number = 12, Uplink = 698.0 - 716.0 MHz, Downlink = 699.0 - 716.0 MHz ",310,410,1,1724707536909,32600.566823918,2024-08-26 17:25:36.909000,-78.68828575047803,35.78365975818134,88.98449975331232,campaign_9,35.78365975818134,-78.68828575047803,88.98449975331232
4G_LTE,-105,2147483647,-105,-18,-77,2147483647,35,5110,344,6,2147483647,2147483647,2,2147483647,[12],[FDD],"Band Number = 12, Uplink = 698.0 - 716.0 MHz, Downlink = 699.0 - 716.0 MHz ",Unavailable,Unavailable,0,1724707536909,32600.566823918,2024-08-26 17:25:36.909000,-78.68828575047803,35.78365975818134,88.98449975331232,campaign_9,35.78365975818134,-78.68828575047803,88.98449975331232
4G_LTE,-103,2147483647,-103,-19,-73,2147483647,37,5110,18,6,2147483647,2147483647,2,2147483647,[12],[FDD],"Band Number = 12, Uplink = 698.0 - 716.0 MHz, Downlink = 699.0 - 716.0 MHz ",Unavailable,Unavailable,0,1724707536909,32600.566823918,2024-08-26 17:25:36.909000,-78.68828575047803,35.78365975818134,88.98449975331232,campaign_9,35.78365975818134,-78.68828575047803,88.98449975331232
4G_LTE,-111,2147483647,-111,-13,-89,2147483647,29,950,311,6,2147483647,2147483647,1,2147483647,[2],[FDD],"Band Number = 2, Uplink = 1850.0 - 1910.0 MHz, Downlink = 1850.0 - 1910.0 MHz ",Unavailable,Unavailable,0,1724707536909,32600.566823918,2024-08-26 17:25:36.909000,-78.68828575047803,35.78365975818134,88.98449975331232,campaign_9,35.78365975818134,-78.68828575047803,88.98449975331232
4G_LTE,-117,2147483647,-117,-18,-89,2147483647,23,950,368,6,2147483647,2147483647,0,2147483647,[2],[FDD],"Band Number = 2, Uplink = 1850.0 - 1910.0 MHz, Downlink = 1850.0 - 1910.0 MHz ",Unavailable,Unavailable,0,1724707536909,32600.566823918,2024-08-26 17:25:36.909000,-78.68828575047803,35.78365975818134,88.98449975331232,campaign_9,35.78365975818134,-78.68828575047803,88.98449975331232
4G_LTE,-110,2147483647,-110,-20,-79,2147483647,30,950,436,6,2147483647,2147483647,1,2147483647,[2],[FDD],"Band Number = 2, Uplink = 1850.0 - 1910.0 MHz, Downlink = 1850.0 - 1910.0 MHz ",Unavailable,Unavailable,0,1724707536909,32600.566823918,2024-08-26 17:25:36.909000,-78.68828575047803,35.78365975818134,88.98449975331232,campaign_9,35.78365975818134,-78.68828575047803,88.98449975331232
4G_LTE,-114,2147483647,-114,-14,-91,2147483647,26,66486,311,6,2147483647,2147483647,1,2147483647,[66],[FDD],"Band Number = 66, Uplink = 1710.0 - 1780.0 MHz, Downlink = 1710.0 - 1780.0 MHz ",Unavailable,Unavailable,0,1724707536909,32600.566823918,2024-08-26 17:25:36.909000,-78.68828575047803,35.78365975818134,88.98449975331232,campaign_9,35.78365975818134,-78.68828575047803,88.98449975331232
4G_LTE,-123,2147483647,-123,-20,-91,2147483647,17,66486,77,6,2147483647,2147483647,0,2147483647,[66],[FDD],"Band Number = 66, Uplink = 1710.0 - 1780.0 MHz, Downlink = 1710.0 - 1780.0 MHz ",Unavailable,Unavailable,0,1724707536909,32600.566823918,2024-08-26 17:25:36.909000,-78.68828575047803,35.78365975818134,88.98449975331232,campaign_9,35.78365975818134,-78.68828575047803,88.98449975331232
4G_LTE,-118,2147483647,-118,-20,-81,2147483647,22,66486,368,6,2147483647,2147483647,0,2147483647,[66],[FDD],"Band Number = 66, Uplink = 1710.0 - 1780.0 MHz, Downlink = 1710.0 - 1780.0 MHz ",Unavailable,Unavailable,0,1724707536909,32600.566823918,2024-08-26 17:25:36.909000,-78.68828575047803,35.78365975818134,88.98449975331232,campaign_9,35.78365975818134,-78.68828575047803,88.98449975331232
4G_LTE,-113,2147483647,-113,-11,-93,2147483647,27,67086,311,6,2147483647,2147483647,1,2147483647,[66],[FDD],"Band Number = 66, Uplink = 1710.0 - 1780.0 MHz, Downlink = 1710.0 - 1780.0 MHz ",Unavailable,Unavailable,0,1724707536909,32600.566823918,2024-08-26 17:25:36.909000,-78.68828575047803,35.78365975818134,88.98449975331232,campaign_9,35.78365975818134,-78.68828575047803,88.98449975331232
4G_LTE,-117,2147483647,-117,-20,-87,2147483647,23,67086,178,6,2147483647,2147483647,0,2147483647,[66],[FDD],"Band Number = 66, Uplink = 1710.0 - 1780.0 MHz, Downlink = 1710.0 - 1780.0 MHz ",Unavailable,Unavailable,0,1724707536909,32600.566823918,2024-08-26 17:25:36.909000,-78.68828575047803,35.78365975818134,88.98449975331232,campaign_9,35.78365975818134,-78.68828575047803,88.98449975331232
4G_LTE,-118,2147483647,-118,-16,-93,2147483647,22,67086,368,6,2147483647,2147483647,0,2147483647,[66],[FDD],"Band Number = 66, Uplink = 1710.0 - 1780.0 MHz, Downlink = 1710.0 - 1780.0 MHz ",Unavailable,Unavailable,0,1724707536909,32600.566823918,2024-08-26 17:25:36.909000,-78.68828575047803,35.78365975818134,88.98449975331232,campaign_9,35.78365975818134,-78.68828575047803,88.98449975331232
4G_LTE,-115,2147483647,-115,-17,-87,2147483647,25,67086,322,6,2147483647,2147483647,1,2147483647,[66],[FDD],"Band Number = 66, Uplink = 1710.0 - 1780.0 MHz, Downlink = 1710.0 - 1780.0 MHz ",Unavailable,Unavailable,0,1724707536909,32600.566823918,2024-08-26 17:25:36.909000,-78.68828575047803,35.78365975818134,88.98449975331232,campaign_9,35.78365975818134,-78.68828575047803,88.98449975331232
4G_LTE,-97,7,-97,-13,-63,2147483647,43,5110,101,6,196875793,9995,2,2147483647,[12],[FDD],"Band Number = 12, Uplink = 698.0 - 716.0 MHz, Downlink = 699.0 - 716.0 MHz ",310,410,1,1724707537911,32601.568312876,2024-08-26 17:25:37.911000,-78.68832554557488,35.783608611749834,88.52652033438484,campaign_9,35.783608611749834,-78.68832554557488,88.52652033438484
4G_LTE,-105,2147483647,-105,-18,-77,2147483647,35,5110,344,6,2147483647,2147483647,2,2147483647,[12],[FDD],"Band Number = 12, Uplink = 698.0 - 716.0 MHz, Downlink = 699.0 - 716.0 MHz ",Unavailable,Unavailable,0,1724707537911,32601.568312876,2024-08-26 17:25:37.911000,-78.68832554557488,35.783608611749834,88.52652033438484,campaign_9,35.783608611749834,-78.68832554557488,88.52652033438484
4G_LTE,-103,2147483647,-103,-19,-73,2147483647,37,5110,18,6,2147483647,2147483647,2,2147483647,[12],[FDD],"Band Number = 12, Uplink = 698.0 - 716.0 MHz, Downlink = 699.0 - 716.0 MHz ",Unavailable,Unavailable,0,1724707537911,32601.568312876,2024-08-26 17:25:37.911000,-78.68832554557488,35.783608611749834,88.52652033438484,campaign_9,35.783608611749834,-78.68832554557488,88.52652033438484
4G_LTE,-111,2147483647,-111,-13,-89,2147483647,29,950,311,6,2147483647,2147483647,1,2147483647,[2],[FDD],"Band Number = 2, Uplink = 1850.0 - 1910.0 MHz, Downlink = 1850.0 - 1910.0 MHz ",Unavailable,Unavailable,0,1724707537911,32601.568312876,2024-08-26 17:25:37.911000,-78.68832554557488,35.783608611749834,88.52652033438484,campaign_9,35.783608611749834,-78.68832554557488,88.52652033438484
4G_LTE,-117,2147483647,-117,-18,-89,2147483647,23,950,368,6,2147483647,2147483647,0,2147483647,[2],[FDD],"Band Number = 2, Uplink = 1850.0 - 1910.0 MHz, Downlink = 1850.0 - 1910.0 MHz ",Unavailable,Unavailable,0,1724707537911,32601.568312876,2024-08-26 17:25:37.911000,-78.68832554557488,35.783608611749834,88.52652033438484,campaign_9,35.783608611749834,-78.68832554557488,88.52652033438484
4G_LTE,-110,2147483647,-110,-20,-79,2147483647,30,950,436,6,2147483647,2147483647,1,2147483647,[2],[FDD],"Band Number = 2, Uplink = 1850.0 - 1910.0 MHz, Downlink = 1850.0 - 1910.0 MHz ",Unavailable,Unavailable,0,1724707537911,32601.568312876,2024-08-26 17:25:37.911000,-78.68832554557488,35.783608611749834,88.52652033438484,campaign_9,35.783608611749834,-78.68832554557488,88.52652033438484
4G_LTE,-114,2147483647,-114,-14,-91,2147483647,26,66486,311,6,2147483647,2147483647,1,2147483647,[66],[FDD],"Band Number = 66, Uplink = 1710.0 - 1780.0 MHz, Downlink = 1710.0 - 1780.0 MHz ",Unavailable,Unavailable,0,1724707537911,32601.568312876,2024-08-26 17:25:37.911000,-78.68832554557488,35.783608611749834,88.52652033438484,campaign_9,35.783608611749834,-78.68832554557488,88.52652033438484
4G_LTE,-123,2147483647,-123,-20,-91,2147483647,17,66486,77,6,2147483647,2147483647,0,2147483647,[66],[FDD],"Band Number = 66, Uplink = 1710.0 - 1780.0 MHz, Downlink = 1710.0 - 1780.0 MHz ",Unavailable,Unavailable,0,1724707537911,32601.568312876,2024-08-26 17:25:37.911000,-78.68832554557488,35.783608611749834,88.52652033438484,campaign_9,35.783608611749834,-78.68832554557488,88.52652033438484
4G_LTE,-118,2147483647,-118,-20,-81,2147483647,22,66486,368,6,2147483647,2147483647,0,2147483647,[66],[FDD],"Band Number = 66, Uplink = 1710.0 - 1780.0 MHz, Downlink = 1710.0 - 1780.0 MHz ",Unavailable,Unavailable,0,1724707537911,32601.568312876,2024-08-26 17:25:37.911000,-78.68832554557488,35.783608611749834,88.52652033438484,campaign_9,35.783608611749834,-78.68832554557488,88.52652033438484
4G_LTE,-113,2147483647,-113,-11,-93,2147483647,27,67086,311,6,2147483647,2147483647,1,2147483647,[66],[FDD],"Band Number = 66, Uplink = 1710.0 - 1780.0 MHz, Downlink = 1710.0 - 1780.0 MHz ",Unavailable,Unavailable,0,1724707537911,32601.568312876,2024-08-26 17:25:37.911000,-78.68832554557488,35.783608611749834,88.52652033438484,campaign_9,35.783608611749834,-78.68832554557488,88.52652033438484
4G_LTE,-117,2147483647,-117,-20,-87,2147483647,23,67086,178,6,2147483647,2147483647,0,2147483647,[66],[FDD],"Band Number = 66, Uplink = 1710.0 - 1780.0 MHz, Downlink = 1710.0 - 1780.0 MHz ",Unavailable,Unavailable,0,1724707537911,32601.568312876,2024-08-26 17:25:37.911000,-78.68832554557488,35.783608611749834,88.52652033438484,campaign_9,35.783608611749834,-78.68832554557488,88.52652033438484
4G_LTE,-118,2147483647,-118,-16,-93,2147483647,22,67086,368,6,2147483647,2147483647,0,2147483647,[66],[FDD],"Band Number = 66, Uplink = 1710.0 - 1780.0 MHz, Downlink = 1710.0 - 1780.0 MHz ",Unavailable,Unavailable,0,1724707537911,32601.568312876,2024-08-26 17:25:37.911000,-78.68832554557488,35.783608611749834,88.52652033438484,campaign_9,35.783608611749834,-78.68832554557488,88.52652033438484
4G_LTE,-115,2147483647,-115,-17,-87,2147483647,25,67086,322,6,2147483647,2147483647,1,2147483647,[66],[FDD],"Band Number = 66, Uplink = 1710.0 - 1780.0 MHz, Downlink = 1710.0 - 1780.0 MHz ",Unavailable,Unavailable,0,1724707537911,32601.568312876,2024-08-26 17:25:37.911000,-78.68832554557488,35.783608611749834,88.52652033438484,campaign_9,35.783608611749834,-78.68832554557488,88.52652033438484
4G_LTE,-99,6,-99,-11,-67,2147483647,41,5110,101,7,196875793,9995,2,2147483647,[12],[FDD],"Band Number = 12, Uplink = 698.0 - 716.0 MHz, Downlink = 699.0 - 716.0 MHz ",310,410,1,1724707538912,32602.569091001,2024-08-26 17:25:38.912000,-78.68836530095608,35.78355751636267,88.06899798074572,campaign_9,35.78355751636267,-78.68836530095608,88.06899798074572
4G_LTE,-106,2147483647,-106,-16,-81,2147483647,34,5110,344,7,2147483647,2147483647,1,2147483647,[12],[FDD],"Band Number = 12, Uplink = 698.0 - 716.0 MHz, Downlink = 699.0 - 716.0 MHz ",Unavailable,Unavailable,0,1724707538912,32602.569091001,2024-08-26 17:25:38.912000,-78.68836530095608,35.78355751636267,88.06899798074572,campaign_9,35.78355751636267,-78.68836530095608,88.06899798074572
4G_LTE,-108,2147483647,-108,-17,-81,2147483647,32,5110,188,7,2147483647,2147483647,1,2147483647,[12],[FDD],"Band Number = 12, Uplink = 698.0 - 716.0 MHz, Downlink = 699.0 - 716.0 MHz ",Unavailable,Unavailable,0,1724707538912,32602.569091001,2024-08-26 17:25:38.912000,-78.68836530095608,35.78355751636267,88.06899798074572,campaign_9,35.78355751636267,-78.68836530095608,88.06899798074572
4G_LTE,-107,2147483647,-107,-11,-85,2147483647,33,950,311,7,2147483647,2147483647,1,2147483647,[2],[FDD],"Band Number = 2, Uplink = 1850.0 - 1910.0 MHz, Downlink = 1850.0 - 1910.0 MHz ",Unavailable,Unavailable,0,1724707538912,32602.569091001,2024-08-26 17:25:38.912000,-78.68836530095608,35.78355751636267,88.06899798074572,campaign_9,35.78355751636267,-78.68836530095608,88.06899798074572
4G_LTE,-113,2147483647,-113,-17,-85,2147483647,27,950,368,7,2147483647,2147483647,1,2147483647,[2],[FDD],"Band Number = 2, Uplink = 1850.0 - 1910.0 MHz, Downlink = 1850.0 - 1910.0 MHz ",Unavailable,Unavailable,0,1724707538912,32602.569091001,2024-08-26 17:25:38.912000,-78.68836530095608,35.78355751636267,88.06899798074572,campaign_9,35.78355751636267,-78.68836530095608,88.06899798074572
4G_LTE,-117,2147483647,-117,-17,-85,2147483647,23,950,436,7,2147483647,2147483647,0,2147483647,[2],[FDD],"Band Number = 2, Uplink = 1850.0 - 1910.0 MHz, Downlink = 1850.0 - 1910.0 MHz ",Unavailable,Unavailable,0,1724707538912,32602.569091001,2024-08-26 17:25:38.912000,-78.68836530095608,35.78355751636267,88.06899798074572,campaign_9,35.78355751636267,-78.68836530095608,88.06899798074572
4G_LTE,-115,2147483647,-115,-13,-91,2147483647,25,66486,311,7,2147483647,2147483647,1,2147483647,[66],[FDD],"Band Number = 66, Uplink = 1710.0 - 1780.0 MHz, Downlink = 1710.0 - 1780.0 MHz ",Unavailable,Unavailable,0,1724707538912,32602.569091001,2024-08-26 17:25:38.912000,-78.68836530095608,35.78355751636267,88.06899798074572,campaign_9,35.78355751636267,-78.68836530095608,88.06899798074572
4G_LTE,-123,2147483647,-123,-20,-91,2147483647,17,66486,77,7,2147483647,2147483647,0,2147483647,[66],[FDD],"Band Number = 66, Uplink = 1710.0 - 1780.0 MHz, Downlink = 1710.0 - 1780.0 MHz ",Unavailable,Unavailable,0,1724707538912,32602.569091001,2024-08-26 17:25:38.912000,-78.68836530095608,35.78355751636267,88.06899798074572,campaign_9,35.78355751636267,-78.68836530095608,88.06899798074572
4G_LTE,-125,2147483647,-125,-20,-91,2147483647,15,66486,368,7,2147483647,2147483647,0,2147483647,[66],[FDD],"Band Number = 66, Uplink = 1710.0 - 1780.0 MHz, Downlink = 1710.0 - 1780.0 MHz ",Unavailable,Unavailable,0,1724707538912,32602.569091001,2024-08-26 17:25:38.912000,-78.68836530095608,35.78355751636267,88.06899798074572,campaign_9,35.78355751636267,-78.68836530095608,88.06899798074572
4G_LTE,-115,2147483647,-115,-13,-89,2147483647,25,67086,311,7,2147483647,2147483647,1,2147483647,[66],[FDD],"Band Number = 66, Uplink = 1710.0 - 1780.0 MHz, Downlink = 1710.0 - 1780.0 MHz ",Unavailable,Unavailable,0,1724707538912,32602.569091001,2024-08-26 17:25:38.912000,-78.68836530095608,35.78355751636267,88.06899798074572,campaign_9,35.78355751636267,-78.68836530095608,88.06899798074572
4G_LTE,-123,2147483647,-123,-20,-89,2147483647,17,67086,368,7,2147483647,2147483647,0,2147483647,[66],[FDD],"Band Number = 66, Uplink = 1710.0 - 1780.0 MHz, Downlink = 1710.0 - 1780.0 MHz ",Unavailable,Unavailable,0,1724707538912,32602.569091001,2024-08-26 17:25:38.912000,-78.68836530095608,35.78355751636267,88.06899798074572,campaign_9,35.78355751636267,-78.68836530095608,88.06899798074572
4G_LTE,-99,6,-99,-11,-67,2147483647,41,5110,101,7,196875793,9995,2,2147483647,[12],[FDD],"Band Number = 12, Uplink = 698.0 - 716.0 MHz, Downlink = 699.0 - 716.0 MHz ",310,410,1,1724707539913,32603.570862823,2024-08-26 17:25:39.913000,-78.68840505633726,35.783506420975506,87.6114756271066,campaign_9,35.783506420975506,-78.68840505633726,87.6114756271066
4G_LTE,-106,2147483647,-106,-16,-81,2147483647,34,5110,344,7,2147483647,2147483647,1,2147483647,[12],[FDD],"Band Number = 12, Uplink = 698.0 - 716.0 MHz, Downlink = 699.0 - 716.0 MHz ",Unavailable,Unavailable,0,1724707539913,32603.570862823,2024-08-26 17:25:39.913000,-78.68840505633726,35.783506420975506,87.6114756271066,campaign_9,35.783506420975506,-78.68840505633726,87.6114756271066
4G_LTE,-108,2147483647,-108,-17,-81,2147483647,32,5110,188,7,2147483647,2147483647,1,2147483647,[12],[FDD],"Band Number = 12, Uplink = 698.0 - 716.0 MHz, Downlink = 699.0 - 716.0 MHz ",Unavailable,Unavailable,0,1724707539913,32603.570862823,2024-08-26 17:25:39.913000,-78.68840505633726,35.783506420975506,87.6114756271066,campaign_9,35.783506420975506,-78.68840505633726,87.6114756271066
4G_LTE,-107,2147483647,-107,-11,-85,2147483647,33,950,311,7,2147483647,2147483647,1,2147483647,[2],[FDD],"Band Number = 2, Uplink = 1850.0 - 1910.0 MHz, Downlink = 1850.0 - 1910.0 MHz ",Unavailable,Unavailable,0,1724707539913,32603.570862823,2024-08-26 17:25:39.913000,-78.68840505633726,35.783506420975506,87.6114756271066,campaign_9,35.783506420975506,-78.68840505633726,87.6114756271066
4G_LTE,-113,2147483647,-113,-17,-85,2147483647,27,950,368,7,2147483647,2147483647,1,2147483647,[2],[FDD],"Band Number = 2, Uplink = 1850.0 - 1910.0 MHz, Downlink = 1850.0 - 1910.0 MHz ",Unavailable,Unavailable,0,1724707539913,32603.570862823,2024-08-26 17:25:39.913000,-78.68840505633726,35.783506420975506,87.6114756271066,campaign_9,35.783506420975506,-78.68840505633726,87.6114756271066
4G_LTE,-117,2147483647,-117,-17,-85,2147483647,23,950,436,7,2147483647,2147483647,0,2147483647,[2],[FDD],"Band Number = 2, Uplink = 1850.0 - 1910.0 MHz, Downlink = 1850.0 - 1910.0 MHz ",Unavailable,Unavailable,0,1724707539913,32603.570862823,2024-08-26 17:25:39.913000,-78.68840505633726,35.783506420975506,87.6114756271066,campaign_9,35.783506420975506,-78.68840505633726,87.6114756271066
4G_LTE,-115,2147483647,-115,-13,-91,2147483647,25,66486,311,7,2147483647,2147483647,1,2147483647,[66],[FDD],"Band Number = 66, Uplink = 1710.0 - 1780.0 MHz, Downlink = 1710.0 - 1780.0 MHz ",Unavailable,Unavailable,0,1724707539913,32603.570862823,2024-08-26 17:25:39.913000,-78.68840505633726,35.783506420975506,87.6114756271066,campaign_9,35.783506420975506,-78.68840505633726,87.6114756271066
4G_LTE,-123,2147483647,-123,-20,-91,2147483647,17,66486,77,7,2147483647,2147483647,0,2147483647,[66],[FDD],"Band Number = 66, Uplink = 1710.0 - 1780.0 MHz, Downlink = 1710.0 - 1780.0 MHz ",Unavailable,Unavailable,0,1724707539913,32603.570862823,2024-08-26 17:25:39.913000,-78.68840505633726,35.783506420975506,87.6114756271066,campaign_9,35.783506420975506,-78.68840505633726,87.6114756271066
4G_LTE,-125,2147483647,-125,-20,-91,2147483647,15,66486,368,7,2147483647,2147483647,0,2147483647,[66],[FDD],"Band Number = 66, Uplink = 1710.0 - 1780.0 MHz, Downlink = 1710.0 - 1780.0 MHz ",Unavailable,Unavailable,0,1724707539913,32603.570862823,2024-08-26 17:25:39.913000,-78.68840505633726,35.783506420975506,87.6114756271066,campaign_9,35.783506420975506,-78.68840505633726,87.6114756271066
4G_LTE,-115,2147483647,-115,-13,-89,2147483647,25,67086,311,7,2147483647,2147483647,1,2147483647,[66],[FDD],"Band Number = 66, Uplink = 1710.0 - 1780.0 MHz, Downlink = 1710.0 - 1780.0 MHz ",Unavailable,Unavailable,0,1724707539913,32603.570862823,2024-08-26 17:25:39.913000,-78.68840505633726,35.783506420975506,87.6114756271066,campaign_9,35.783506420975506,-78.68840505633726,87.6114756271066
4G_LTE,-123,2147483647,-123,-20,-89,2147483647,17,67086,368,7,2147483647,2147483647,0,2147483647,[66],[FDD],"Band Number = 66, Uplink = 1710.0 - 1780.0 MHz, Downlink = 1710.0 - 1780.0 MHz ",Unavailable,Unavailable,0,1724707539913,32603.570862823,2024-08-26 17:25:39.913000,-78.68840505633726,35.783506420975506,87.6114756271066,campaign_9,35.783506420975506,-78.68840505633726,87.6114756271066
4G_LTE,-97,6,-97,-11,-67,2147483647,43,5110,101,7,196875793,9995,2,2147483647,[12],[FDD],"Band Number = 12, Uplink = 698.0 - 716.0 MHz, Downlink = 699.0 - 716.0 MHz ",310,410,1,1724707540921,32604.577956781,2024-08-26 17:25:40.921000,-78.6884450897281,35.783454968277944,87.15075381644903,campaign_9,35.783454968277944,-78.6884450897281,87.15075381644903
4G_LTE,-107,2147483647,-107,-19,-77,2147483647,33,5110,344,7,2147483647,2147483647,1,2147483647,[12],[FDD],"Band Number = 12, Uplink = 698.0 - 716.0 MHz, Downlink = 699.0 - 716.0 MHz ",Unavailable,Unavailable,0,1724707540921,32604.577956781,2024-08-26 17:25:40.921000,-78.6884450897281,35.783454968277944,87.15075381644903,campaign_9,35.783454968277944,-78.6884450897281,87.15075381644903
4G_LTE,-106,2147483647,-106,-18,-77,2147483647,34,5110,77,7,2147483647,2147483647,1,2147483647,[12],[FDD],"Band Number = 12, Uplink = 698.0 - 716.0 MHz, Downlink = 699.0 - 716.0 MHz ",Unavailable,Unavailable,0,1724707540921,32604.577956781,2024-08-26 17:25:40.921000,-78.6884450897281,35.783454968277944,87.15075381644903,campaign_9,35.783454968277944,-78.6884450897281,87.15075381644903
4G_LTE,-108,2147483647,-108,-18,-77,2147483647,32,5110,496,7,2147483647,2147483647,1,2147483647,[12],[FDD],"Band Number = 12, Uplink = 698.0 - 716.0 MHz, Downlink = 699.0 - 716.0 MHz ",Unavailable,Unavailable,0,1724707540921,32604.577956781,2024-08-26 17:25:40.921000,-78.6884450897281,35.783454968277944,87.15075381644903,campaign_9,35.783454968277944,-78.6884450897281,87.15075381644903
4G_LTE,-107,2147483647,-107,-11,-73,2147483647,33,950,311,7,2147483647,2147483647,1,2147483647,[2],[FDD],"Band Number = 2, Uplink = 1850.0 - 1910.0 MHz, Downlink = 1850.0 - 1910.0 MHz ",Unavailable,Unavailable,0,1724707540921,32604.577956781,2024-08-26 17:25:40.921000,-78.6884450897281,35.783454968277944,87.15075381644903,campaign_9,35.783454968277944,-78.6884450897281,87.15075381644903
4G_LTE,-116,2147483647,-116,-17,-89,2147483647,24,950,368,7,2147483647,2147483647,0,2147483647,[2],[FDD],"Band Number = 2, Uplink = 1850.0 - 1910.0 MHz, Downlink = 1850.0 - 1910.0 MHz ",Unavailable,Unavailable,0,1724707540921,32604.577956781,2024-08-26 17:25:40.921000,-78.6884450897281,35.783454968277944,87.15075381644903,campaign_9,35.783454968277944,-78.6884450897281,87.15075381644903
4G_LTE,-113,2147483647,-113,-12,-89,2147483647,27,66486,311,7,2147483647,2147483647,1,2147483647,[66],[FDD],"Band Number = 66, Uplink = 1710.0 - 1780.0 MHz, Downlink = 1710.0 - 1780.0 MHz ",Unavailable,Unavailable,0,1724707540921,32604.577956781,2024-08-26 17:25:40.921000,-78.6884450897281,35.783454968277944,87.15075381644903,campaign_9,35.783454968277944,-78.6884450897281,87.15075381644903
4G_LTE,-123,2147483647,-123,-20,-91,2147483647,17,66486,77,7,2147483647,2147483647,0,2147483647,[66],[FDD],"Band Number = 66, Uplink = 1710.0 - 1780.0 MHz, Downlink = 1710.0 - 1780.0 MHz ",Unavailable,Unavailable,0,1724707540921,32604.577956781,2024-08-26 17:25:40.921000,-78.6884450897281,35.783454968277944,87.15075381644903,campaign_9,35.783454968277944,-78.6884450897281,87.15075381644903
4G_LTE,-121,2147483647,-121,-20,-91,2147483647,19,66486,502,7,2147483647,2147483647,0,2147483647,[66],[FDD],"Band Number = 66, Uplink = 1710.0 - 1780.0 MHz, Downlink = 1710.0 - 1780.0 MHz ",Unavailable,Unavailable,0,1724707540921,32604.577956781,2024-08-26 17:25:40.921000,-78.6884450897281,35.783454968277944,87.15075381644903,campaign_9,35.783454968277944,-78.6884450897281,87.15075381644903
4G_LTE,-118,2147483647,-118,-14,-97,2147483647,22,67086,311,7,2147483647,2147483647,0,2147483647,[66],[FDD],"Band Number = 66, Uplink = 1710.0 - 1780.0 MHz, Downlink = 1710.0 - 1780.0 MHz ",Unavailable,Unavailable,0,1724707540921,32604.577956781,2024-08-26 17:25:40.921000,-78.6884450897281,35.783454968277944,87.15075381644903,campaign_9,35.783454968277944,-78.6884450897281,87.15075381644903
4G_LTE,-123,2147483647,-123,-18,-97,2147483647,17,67086,368,7,2147483647,2147483647,0,2147483647,[66],[FDD],"Band Number = 66, Uplink = 1710.0 - 1780.0 MHz, Downlink = 1710.0 - 1780.0 MHz ",Unavailable,Unavailable,0,1724707540921,32604.577956781,2024-08-26 17:25:40.921000,-78.6884450897281,35.783454968277944,87.15075381644903,campaign_9,35.783454968277944,-78.6884450897281,87.15075381644903
4G_LTE,-97,6,-97,-11,-67,2147483647,43,5110,101,7,196875793,9995,2,2147483647,[12],[FDD],"Band Number = 12, Uplink = 698.0 - 716.0 MHz, Downlink = 699.0 - 716.0 MHz ",310,410,1,1724707541919,32605.576478396,2024-08-26 17:25:41.919000,-78.6884495,35.7834493,87.0999984741211,campaign_9,35.7834493,-78.6884495,87.0999984741211
4G_LTE,-107,2147483647,-107,-19,-77,2147483647,33,5110,344,7,2147483647,2147483647,1,2147483647,[12],[FDD],"Band Number = 12, Uplink = 698.0 - 716.0 MHz, Downlink = 699.0 - 716.0 MHz ",Unavailable,Unavailable,0,1724707541919,32605.576478396,2024-08-26 17:25:41.919000,-78.6884495,35.7834493,87.0999984741211,campaign_9,35.7834493,-78.6884495,87.0999984741211
4G_LTE,-106,2147483647,-106,-18,-77,2147483647,34,5110,77,7,2147483647,2147483647,1,2147483647,[12],[FDD],"Band Number = 12, Uplink = 698.0 - 716.0 MHz, Downlink = 699.0 - 716.0 MHz ",Unavailable,Unavailable,0,1724707541919,32605.576478396,2024-08-26 17:25:41.919000,-78.6884495,35.7834493,87.0999984741211,campaign_9,35.7834493,-78.6884495,87.0999984741211
4G_LTE,-108,2147483647,-108,-18,-77,2147483647,32,5110,496,7,2147483647,2147483647,1,2147483647,[12],[FDD],"Band Number = 12, Uplink = 698.0 - 716.0 MHz, Downlink = 699.0 - 716.0 MHz ",Unavailable,Unavailable,0,1724707541919,32605.576478396,2024-08-26 17:25:41.919000,-78.6884495,35.7834493,87.0999984741211,campaign_9,35.7834493,-78.6884495,87.0999984741211
4G_LTE,-107,2147483647,-107,-11,-73,2147483647,33,950,311,7,2147483647,2147483647,1,2147483647,[2],[FDD],"Band Number = 2, Uplink = 1850.0 - 1910.0 MHz, Downlink = 1850.0 - 1910.0 MHz ",Unavailable,Unavailable,0,1724707541919,32605.576478396,2024-08-26 17:25:41.919000,-78.6884495,35.7834493,87.0999984741211,campaign_9,35.7834493,-78.6884495,87.0999984741211
4G_LTE,-116,2147483647,-116,-17,-89,2147483647,24,950,368,7,2147483647,2147483647,0,2147483647,[2],[FDD],"Band Number = 2, Uplink = 1850.0 - 1910.0 MHz, Downlink = 1850.0 - 1910.0 MHz ",Unavailable,Unavailable,0,1724707541919,32605.576478396,2024-08-26 17:25:41.919000,-78.6884495,35.7834493,87.0999984741211,campaign_9,35.7834493,-78.6884495,87.0999984741211
4G_LTE,-113,2147483647,-113,-12,-89,2147483647,27,66486,311,7,2147483647,2147483647,1,2147483647,[66],[FDD],"Band Number = 66, Uplink = 1710.0 - 1780.0 MHz, Downlink = 1710.0 - 1780.0 MHz ",Unavailable,Unavailable,0,1724707541919,32605.576478396,2024-08-26 17:25:41.919000,-78.6884495,35.7834493,87.0999984741211,campaign_9,35.7834493,-78.6884495,87.0999984741211
4G_LTE,-123,2147483647,-123,-20,-91,2147483647,17,66486,77,7,2147483647,2147483647,0,2147483647,[66],[FDD],"Band Number = 66, Uplink = 1710.0 - 1780.0 MHz, Downlink = 1710.0 - 1780.0 MHz ",Unavailable,Unavailable,0,1724707541919,32605.576478396,2024-08-26 17:25:41.919000,-78.6884495,35.7834493,87.0999984741211,campaign_9,35.7834493,-78.6884495,87.0999984741211
4G_LTE,-121,2147483647,-121,-20,-91,2147483647,19,66486,502,7,2147483647,2147483647,0,2147483647,[66],[FDD],"Band Number = 66, Uplink = 1710.0 - 1780.0 MHz, Downlink = 1710.0 - 1780.0 MHz ",Unavailable,Unavailable,0,1724707541919,32605.576478396,2024-08-26 17:25:41.919000,-78.6884495,35.7834493,87.0999984741211,campaign_9,35.7834493,-78.6884495,87.0999984741211
4G_LTE,-118,2147483647,-118,-14,-97,2147483647,22,67086,311,7,2147483647,2147483647,0,2147483647,[66],[FDD],"Band Number = 66, Uplink = 1710.0 - 1780.0 MHz, Downlink = 1710.0 - 1780.0 MHz ",Unavailable,Unavailable,0,1724707541919,32605.576478396,2024-08-26 17:25:41.919000,-78.6884495,35.7834493,87.0999984741211,campaign_9,35.7834493,-78.6884495,87.0999984741211
4G_LTE,-123,2147483647,-123,-18,-97,2147483647,17,67086,368,7,2147483647,2147483647,0,2147483647,[66],[FDD],"Band Number = 66, Uplink = 1710.0 - 1780.0 MHz, Downlink = 1710.0 - 1780.0 MHz ",Unavailable,Unavailable,0,1724707541919,32605.576478396,2024-08-26 17:25:41.919000,-78.6884495,35.7834493,87.0999984741211,campaign_9,35.7834493,-78.6884495,87.0999984741211
4G_LTE,-98,6,-98,-12,-67,2147483647,42,5110,101,7,196875793,9995,2,2147483647,[12],[FDD],"Band Number = 12, Uplink = 698.0 - 716.0 MHz, Downlink = 699.0 - 716.0 MHz ",310,410,1,1724707542921,32606.57850152,2024-08-26 17:25:42.921000,-78.6883306533407,35.78347182767492,87.80810571771762,campaign_9,35.78347182767492,-78.6883306533407,87.80810571771762
4G_LTE,-104,2147483647,-104,-16,-73,2147483647,36,5110,344,7,2147483647,2147483647,2,2147483647,[12],[FDD],"Band Number = 12, Uplink = 698.0 - 716.0 MHz, Downlink = 699.0 - 716.0 MHz ",Unavailable,Unavailable,0,1724707542921,32606.57850152,2024-08-26 17:25:42.921000,-78.6883306533407,35.78347182767492,87.80810571771762,campaign_9,35.78347182767492,-78.6883306533407,87.80810571771762
4G_LTE,-106,2147483647,-106,-19,-79,2147483647,34,5110,77,7,2147483647,2147483647,1,2147483647,[12],[FDD],"Band Number = 12, Uplink = 698.0 - 716.0 MHz, Downlink = 699.0 - 716.0 MHz ",Unavailable,Unavailable,0,1724707542921,32606.57850152,2024-08-26 17:25:42.921000,-78.6883306533407,35.78347182767492,87.80810571771762,campaign_9,35.78347182767492,-78.6883306533407,87.80810571771762
4G_LTE,-111,2147483647,-111,-20,-79,2147483647,29,5110,496,7,2147483647,2147483647,1,2147483647,[12],[FDD],"Band Number = 12, Uplink = 698.0 - 716.0 MHz, Downlink = 699.0 - 716.0 MHz ",Unavailable,Unavailable,0,1724707542921,32606.57850152,2024-08-26 17:25:42.921000,-78.6883306533407,35.78347182767492,87.80810571771762,campaign_9,35.78347182767492,-78.6883306533407,87.80810571771762
4G_LTE,-111,2147483647,-111,-13,-87,2147483647,29,950,311,7,2147483647,2147483647,1,2147483647,[2],[FDD],"Band Number = 2, Uplink = 1850.0 - 1910.0 MHz, Downlink = 1850.0 - 1910.0 MHz ",Unavailable,Unavailable,0,1724707542921,32606.57850152,2024-08-26 17:25:42.921000,-78.6883306533407,35.78347182767492,87.80810571771762,campaign_9,35.78347182767492,-78.6883306533407,87.80810571771762
4G_LTE,-116,2147483647,-116,-16,-89,2147483647,24,950,368,7,2147483647,2147483647,0,2147483647,[2],[FDD],"Band Number = 2, Uplink = 1850.0 - 1910.0 MHz, Downlink = 1850.0 - 1910.0 MHz ",Unavailable,Unavailable,0,1724707542921,32606.57850152,2024-08-26 17:25:42.921000,-78.6883306533407,35.78347182767492,87.80810571771762,campaign_9,35.78347182767492,-78.6883306533407,87.80810571771762
4G_LTE,-117,2147483647,-117,-19,-87,2147483647,23,950,356,7,2147483647,2147483647,0,2147483647,[2],[FDD],"Band Number = 2, Uplink = 1850.0 - 1910.0 MHz, Downlink = 1850.0 - 1910.0 MHz ",Unavailable,Unavailable,0,1724707542921,32606.57850152,2024-08-26 17:25:42.921000,-78.6883306533407,35.78347182767492,87.80810571771762,campaign_9,35.78347182767492,-78.6883306533407,87.80810571771762
4G_LTE,-116,2147483647,-116,-13,-89,2147483647,24,66486,311,7,2147483647,2147483647,0,2147483647,[66],[FDD],"Band Number = 66, Uplink = 1710.0 - 1780.0 MHz, Downlink = 1710.0 - 1780.0 MHz ",Unavailable,Unavailable,0,1724707542921,32606.57850152,2024-08-26 17:25:42.921000,-78.6883306533407,35.78347182767492,87.80810571771762,campaign_9,35.78347182767492,-78.6883306533407,87.80810571771762
4G_LTE,-120,2147483647,-120,-19,-91,2147483647,20,66486,77,7,2147483647,2147483647,0,2147483647,[66],[FDD],"Band Number = 66, Uplink = 1710.0 - 1780.0 MHz, Downlink = 1710.0 - 1780.0 MHz ",Unavailable,Unavailable,0,1724707542921,32606.57850152,2024-08-26 17:25:42.921000,-78.6883306533407,35.78347182767492,87.80810571771762,campaign_9,35.78347182767492,-78.6883306533407,87.80810571771762
4G_LTE,-119,2147483647,-119,-19,-89,2147483647,21,66486,502,7,2147483647,2147483647,0,2147483647,[66],[FDD],"Band Number = 66, Uplink = 1710.0 - 1780.0 MHz, Downlink = 1710.0 - 1780.0 MHz ",Unavailable,Unavailable,0,1724707542921,32606.57850152,2024-08-26 17:25:42.921000,-78.6883306533407,35.78347182767492,87.80810571771762,campaign_9,35.78347182767492,-78.6883306533407,87.80810571771762
4G_LTE,-116,2147483647,-116,-12,-93,2147483647,24,67086,311,7,2147483647,2147483647,0,2147483647,[66],[FDD],"Band Number = 66, Uplink = 1710.0 - 1780.0 MHz, Downlink = 1710.0 - 1780.0 MHz ",Unavailable,Unavailable,0,1724707542921,32606.57850152,2024-08-26 17:25:42.921000,-78.6883306533407,35.78347182767492,87.80810571771762,campaign_9,35.78347182767492,-78.6883306533407,87.80810571771762
4G_LTE,-123,2147483647,-123,-17,-95,2147483647,17,67086,368,7,2147483647,2147483647,0,2147483647,[66],[FDD],"Band Number = 66, Uplink = 1710.0 - 1780.0 MHz, Downlink = 1710.0 - 1780.0 MHz ",Unavailable,Unavailable,0,1724707542921,32606.57850152,2024-08-26 17:25:42.921000,-78.6883306533407,35.78347182767492,87.80810571771762,campaign_9,35.78347182767492,-78.6883306533407,87.80810571771762
4G_LTE,-125,2147483647,-125,-18,-95,2147483647,15,67086,178,7,2147483647,2147483647,0,2147483647,[66],[FDD],"Band Number = 66, Uplink = 1710.0 - 1780.0 MHz, Downlink = 1710.0 - 1780.0 MHz ",Unavailable,Unavailable,0,1724707542921,32606.57850152,2024-08-26 17:25:42.921000,-78.6883306533407,35.78347182767492,87.80810571771762,campaign_9,35.78347182767492,-78.6883306533407,87.80810571771762
4G_LTE,-122,2147483647,-122,-15,-95,2147483647,18,67086,77,7,2147483647,2147483647,0,2147483647,[66],[FDD],"Band Number = 66, Uplink = 1710.0 - 1780.0 MHz, Downlink = 1710.0 - 1780.0 MHz ",Unavailable,Unavailable,0,1724707542921,32606.57850152,2024-08-26 17:25:42.921000,-78.6883306533407,35.78347182767492,87.80810571771762,campaign_9,35.78347182767492,-78.6883306533407,87.80810571771762
4G_LTE,-98,6,-98,-12,-67,2147483647,42,5110,101,7,196875793,9995,2,2147483647,[12],[FDD],"Band Number = 12, Uplink = 698.0 - 716.0 MHz, Downlink = 699.0 - 716.0 MHz ",310,410,1,1724707543920,32607.577990843,2024-08-26 17:25:43.920000,-78.68821216250971,35.78349428790172,88.51409287974649,campaign_9,35.78349428790172,-78.68821216250971,88.51409287974649
4G_LTE,-104,2147483647,-104,-16,-73,2147483647,36,5110,344,7,2147483647,2147483647,2,2147483647,[12],[FDD],"Band Number = 12, Uplink = 698.0 - 716.0 MHz, Downlink = 699.0 - 716.0 MHz ",Unavailable,Unavailable,0,1724707543920,32607.577990843,2024-08-26 17:25:43.920000,-78.68821216250971,35.78349428790172,88.51409287974649,campaign_9,35.78349428790172,-78.68821216250971,88.51409287974649
4G_LTE,-106,2147483647,-106,-19,-79,2147483647,34,5110,77,7,2147483647,2147483647,1,2147483647,[12],[FDD],"Band Number = 12, Uplink = 698.0 - 716.0 MHz, Downlink = 699.0 - 716.0 MHz ",Unavailable,Unavailable,0,1724707543920,32607.577990843,2024-08-26 17:25:43.920000,-78.68821216250971,35.78349428790172,88.51409287974649,campaign_9,35.78349428790172,-78.68821216250971,88.51409287974649
4G_LTE,-111,2147483647,-111,-20,-79,2147483647,29,5110,496,7,2147483647,2147483647,1,2147483647,[12],[FDD],"Band Number = 12, Uplink = 698.0 - 716.0 MHz, Downlink = 699.0 - 716.0 MHz ",Unavailable,Unavailable,0,1724707543920,32607.577990843,2024-08-26 17:25:43.920000,-78.68821216250971,35.78349428790172,88.51409287974649,campaign_9,35.78349428790172,-78.68821216250971,88.51409287974649
4G_LTE,-111,2147483647,-111,-13,-87,2147483647,29,950,311,7,2147483647,2147483647,1,2147483647,[2],[FDD],"Band Number = 2, Uplink = 1850.0 - 1910.0 MHz, Downlink = 1850.0 - 1910.0 MHz ",Unavailable,Unavailable,0,1724707543920,32607.577990843,2024-08-26 17:25:43.920000,-78.68821216250971,35.78349428790172,88.51409287974649,campaign_9,35.78349428790172,-78.68821216250971,88.51409287974649
4G_LTE,-116,2147483647,-116,-16,-89,2147483647,24,950,368,7,2147483647,2147483647,0,2147483647,[2],[FDD],"Band Number = 2, Uplink = 1850.0 - 1910.0 MHz, Downlink = 1850.0 - 1910.0 MHz ",Unavailable,Unavailable,0,1724707543920,32607.577990843,2024-08-26 17:25:43.920000,-78.68821216250971,35.78349428790172,88.51409287974649,campaign_9,35.78349428790172,-78.68821216250971,88.51409287974649
4G_LTE,-117,2147483647,-117,-19,-87,2147483647,23,950,356,7,2147483647,2147483647,0,2147483647,[2],[FDD],"Band Number = 2, Uplink = 1850.0 - 1910.0 MHz, Downlink = 1850.0 - 1910.0 MHz ",Unavailable,Unavailable,0,1724707543920,32607.577990843,2024-08-26 17:25:43.920000,-78.68821216250971,35.78349428790172,88.51409287974649,campaign_9,35.78349428790172,-78.68821216250971,88.51409287974649
4G_LTE,-116,2147483647,-116,-13,-89,2147483647,24,66486,311,7,2147483647,2147483647,0,2147483647,[66],[FDD],"Band Number = 66, Uplink = 1710.0 - 1780.0 MHz, Downlink = 1710.0 - 1780.0 MHz ",Unavailable,Unavailable,0,1724707543920,32607.577990843,2024-08-26 17:25:43.920000,-78.68821216250971,35.78349428790172,88.51409287974649,campaign_9,35.78349428790172,-78.68821216250971,88.51409287974649
4G_LTE,-120,2147483647,-120,-19,-91,2147483647,20,66486,77,7,2147483647,2147483647,0,2147483647,[66],[FDD],"Band Number = 66, Uplink = 1710.0 - 1780.0 MHz, Downlink = 1710.0 - 1780.0 MHz ",Unavailable,Unavailable,0,1724707543920,32607.577990843,2024-08-26 17:25:43.920000,-78.68821216250971,35.78349428790172,88.51409287974649,campaign_9,35.78349428790172,-78.68821216250971,88.51409287974649
4G_LTE,-119,2147483647,-119,-19,-89,2147483647,21,66486,502,7,2147483647,2147483647,0,2147483647,[66],[FDD],"Band Number = 66, Uplink = 1710.0 - 1780.0 MHz, Downlink = 1710.0 - 1780.0 MHz ",Unavailable,Unavailable,0,1724707543920,32607.577990843,2024-08-26 17:25:43.920000,-78.68821216250971,35.78349428790172,88.51409287974649,campaign_9,35.78349428790172,-78.68821216250971,88.51409287974649
4G_LTE,-116,2147483647,-116,-12,-93,2147483647,24,67086,311,7,2147483647,2147483647,0,2147483647,[66],[FDD],"Band Number = 66, Uplink = 1710.0 - 1780.0 MHz, Downlink = 1710.0 - 1780.0 MHz ",Unavailable,Unavailable,0,1724707543920,32607.577990843,2024-08-26 17:25:43.920000,-78.68821216250971,35.78349428790172,88.51409287974649,campaign_9,35.78349428790172,-78.68821216250971,88.51409287974649
4G_LTE,-123,2147483647,-123,-17,-95,2147483647,17,67086,368,7,2147483647,2147483647,0,2147483647,[66],[FDD],"Band Number = 66, Uplink = 1710.0 - 1780.0 MHz, Downlink = 1710.0 - 1780.0 MHz ",Unavailable,Unavailable,0,1724707543920,32607.577990843,2024-08-26 17:25:43.920000,-78.68821216250971,35.78349428790172,88.51409287974649,campaign_9,35.78349428790172,-78.68821216250971,88.51409287974649
4G_LTE,-125,2147483647,-125,-18,-95,2147483647,15,67086,178,7,2147483647,2147483647,0,2147483647,[66],[FDD],"Band Number = 66, Uplink = 1710.0 - 1780.0 MHz, Downlink = 1710.0 - 1780.0 MHz ",Unavailable,Unavailable,0,1724707543920,32607.577990843,2024-08-26 17:25:43.920000,-78.68821216250971,35.78349428790172,88.51409287974649,campaign_9,35.78349428790172,-78.68821216250971,88.51409287974649
4G_LTE,-122,2147483647,-122,-15,-95,2147483647,18,67086,77,7,2147483647,2147483647,0,2147483647,[66],[FDD],"Band Number = 66, Uplink = 1710.0 - 1780.0 MHz, Downlink = 1710.0 - 1780.0 MHz ",Unavailable,Unavailable,0,1724707543920,32607.577990843,2024-08-26 17:25:43.920000,-78.68821216250971,35.78349428790172,88.51409287974649,campaign_9,35.78349428790172,-78.68821216250971,88.51409287974649
4G_LTE,-98,6,-98,-12,-67,2147483647,42,5110,101,7,196875793,9995,2,2147483647,[12],[FDD],"Band Number = 12, Uplink = 698.0 - 716.0 MHz, Downlink = 699.0 - 716.0 MHz ",310,410,1,1724707544923,32608.580739124,2024-08-26 17:25:44.923000,-78.68809319724097,35.783516838059356,89.2229068171989,campaign_9,35.783516838059356,-78.68809319724097,89.2229068171989
4G_LTE,-104,2147483647,-104,-16,-73,2147483647,36,5110,344,7,2147483647,2147483647,2,2147483647,[12],[FDD],"Band Number = 12, Uplink = 698.0 - 716.0 MHz, Downlink = 699.0 - 716.0 MHz ",Unavailable,Unavailable,0,1724707544923,32608.580739124,2024-08-26 17:25:44.923000,-78.68809319724097,35.783516838059356,89.2229068171989,campaign_9,35.783516838059356,-78.68809319724097,89.2229068171989
4G_LTE,-106,2147483647,-106,-19,-79,2147483647,34,5110,77,7,2147483647,2147483647,1,2147483647,[12],[FDD],"Band Number = 12, Uplink = 698.0 - 716.0 MHz, Downlink = 699.0 - 716.0 MHz ",Unavailable,Unavailable,0,1724707544923,32608.580739124,2024-08-26 17:25:44.923000,-78.68809319724097,35.783516838059356,89.2229068171989,campaign_9,35.783516838059356,-78.68809319724097,89.2229068171989
4G_LTE,-111,2147483647,-111,-20,-79,2147483647,29,5110,496,7,2147483647,2147483647,1,2147483647,[12],[FDD],"Band Number = 12, Uplink = 698.0 - 716.0 MHz, Downlink = 699.0 - 716.0 MHz ",Unavailable,Unavailable,0,1724707544923,32608.580739124,2024-08-26 17:25:44.923000,-78.68809319724097,35.783516838059356,89.2229068171989,campaign_9,35.783516838059356,-78.68809319724097,89.2229068171989
4G_LTE,-111,2147483647,-111,-13,-87,2147483647,29,950,311,7,2147483647,2147483647,1,2147483647,[2],[FDD],"Band Number = 2, Uplink = 1850.0 - 1910.0 MHz, Downlink = 1850.0 - 1910.0 MHz ",Unavailable,Unavailable,0,1724707544923,32608.580739124,2024-08-26 17:25:44.923000,-78.68809319724097,35.783516838059356,89.2229068171989,campaign_9,35.783516838059356,-78.68809319724097,89.2229068171989
4G_LTE,-116,2147483647,-116,-16,-89,2147483647,24,950,368,7,2147483647,2147483647,0,2147483647,[2],[FDD],"Band Number = 2, Uplink = 1850.0 - 1910.0 MHz, Downlink = 1850.0 - 1910.0 MHz ",Unavailable,Unavailable,0,1724707544923,32608.580739124,2024-08-26 17:25:44.923000,-78.68809319724097,35.783516838059356,89.2229068171989,campaign_9,35.783516838059356,-78.68809319724097,89.2229068171989
4G_LTE,-117,2147483647,-117,-19,-87,2147483647,23,950,356,7,2147483647,2147483647,0,2147483647,[2],[FDD],"Band Number = 2, Uplink = 1850.0 - 1910.0 MHz, Downlink = 1850.0 - 1910.0 MHz ",Unavailable,Unavailable,0,1724707544923,32608.580739124,2024-08-26 17:25:44.923000,-78.68809319724097,35.783516838059356,89.2229068171989,campaign_9,35.783516838059356,-78.68809319724097,89.2229068171989
4G_LTE,-116,2147483647,-116,-13,-89,2147483647,24,66486,311,7,2147483647,2147483647,0,2147483647,[66],[FDD],"Band Number = 66, Uplink = 1710.0 - 1780.0 MHz, Downlink = 1710.0 - 1780.0 MHz ",Unavailable,Unavailable,0,1724707544923,32608.580739124,2024-08-26 17:25:44.923000,-78.68809319724097,35.783516838059356,89.2229068171989,campaign_9,35.783516838059356,-78.68809319724097,89.2229068171989
4G_LTE,-120,2147483647,-120,-19,-91,2147483647,20,66486,77,7,2147483647,2147483647,0,2147483647,[66],[FDD],"Band Number = 66, Uplink = 1710.0 - 1780.0 MHz, Downlink = 1710.0 - 1780.0 MHz ",Unavailable,Unavailable,0,1724707544923,32608.580739124,2024-08-26 17:25:44.923000,-78.68809319724097,35.783516838059356,89.2229068171989,campaign_9,35.783516838059356,-78.68809319724097,89.2229068171989
4G_LTE,-119,2147483647,-119,-19,-89,2147483647,21,66486,502,7,2147483647,2147483647,0,2147483647,[66],[FDD],"Band Number = 66, Uplink = 1710.0 - 1780.0 MHz, Downlink = 1710.0 - 1780.0 MHz ",Unavailable,Unavailable,0,1724707544923,32608.580739124,2024-08-26 17:25:44.923000,-78.68809319724097,35.783516838059356,89.2229068171989,campaign_9,35.783516838059356,-78.68809319724097,89.2229068171989
4G_LTE,-116,2147483647,-116,-12,-93,2147483647,24,67086,311,7,2147483647,2147483647,0,2147483647,[66],[FDD],"Band Number = 66, Uplink = 1710.0 - 1780.0 MHz, Downlink = 1710.0 - 1780.0 MHz ",Unavailable,Unavailable,0,1724707544923,32608.580739124,2024-08-26 17:25:44.923000,-78.68809319724097,35.783516838059356,89.2229068171989,campaign_9,35.783516838059356,-78.68809319724097,89.2229068171989
4G_LTE,-123,2147483647,-123,-17,-95,2147483647,17,67086,368,7,2147483647,2147483647,0,2147483647,[66],[FDD],"Band Number = 66, Uplink = 1710.0 - 1780.0 MHz, Downlink = 1710.0 - 1780.0 MHz ",Unavailable,Unavailable,0,1724707544923,32608.580739124,2024-08-26 17:25:44.923000,-78.68809319724097,35.783516838059356,89.2229068171989,campaign_9,35.783516838059356,-78.68809319724097,89.2229068171989
4G_LTE,-125,2147483647,-125,-18,-95,2147483647,15,67086,178,7,2147483647,2147483647,0,2147483647,[66],[FDD],"Band Number = 66, Uplink = 1710.0 - 1780.0 MHz, Downlink = 1710.0 - 1780.0 MHz ",Unavailable,Unavailable,0,1724707544923,32608.580739124,2024-08-26 17:25:44.923000,-78.68809319724097,35.783516838059356,89.2229068171989,campaign_9,35.783516838059356,-78.68809319724097,89.2229068171989
4G_LTE,-122,2147483647,-122,-15,-95,2147483647,18,67086,77,7,2147483647,2147483647,0,2147483647,[66],[FDD],"Band Number = 66, Uplink = 1710.0 - 1780.0 MHz, Downlink = 1710.0 - 1780.0 MHz ",Unavailable,Unavailable,0,1724707544923,32608.580739124,2024-08-26 17:25:44.923000,-78.68809319724097,35.783516838059356,89.2229068171989,campaign_9,35.783516838059356,-78.68809319724097,89.2229068171989
4G_LTE,-95,6,-95,-12,-63,2147483647,45,5110,101,7,196875793,9995,3,2147483647,[12],[FDD],"Band Number = 12, Uplink = 698.0 - 716.0 MHz, Downlink = 699.0 - 716.0 MHz ",310,410,1,1724707545932,32609.58981428,2024-08-26 17:25:45.932000,-78.68797352031558,35.78353952311324,89.93596091778662,campaign_9,35.78353952311324,-78.68797352031558,89.93596091778662
4G_LTE,-104,2147483647,-104,-18,-73,2147483647,36,5110,344,7,2147483647,2147483647,2,2147483647,[12],[FDD],"Band Number = 12, Uplink = 698.0 - 716.0 MHz, Downlink = 699.0 - 716.0 MHz ",Unavailable,Unavailable,0,1724707545932,32609.58981428,2024-08-26 17:25:45.932000,-78.68797352031558,35.78353952311324,89.93596091778662,campaign_9,35.78353952311324,-78.68797352031558,89.93596091778662
4G_LTE,-108,2147483647,-108,-19,-79,2147483647,32,5110,496,7,2147483647,2147483647,1,2147483647,[12],[FDD],"Band Number = 12, Uplink = 698.0 - 716.0 MHz, Downlink = 699.0 - 716.0 MHz ",Unavailable,Unavailable,0,1724707545932,32609.58981428,2024-08-26 17:25:45.932000,-78.68797352031558,35.78353952311324,89.93596091778662,campaign_9,35.78353952311324,-78.68797352031558,89.93596091778662
4G_LTE,-104,2147483647,-104,-10,-81,2147483647,36,950,311,7,2147483647,2147483647,2,2147483647,[2],[FDD],"Band Number = 2, Uplink = 1850.0 - 1910.0 MHz, Downlink = 1850.0 - 1910.0 MHz ",Unavailable,Unavailable,0,1724707545932,32609.58981428,2024-08-26 17:25:45.932000,-78.68797352031558,35.78353952311324,89.93596091778662,campaign_9,35.78353952311324,-78.68797352031558,89.93596091778662
4G_LTE,-112,2147483647,-112,-15,-81,2147483647,28,950,368,7,2147483647,2147483647,1,2147483647,[2],[FDD],"Band Number = 2, Uplink = 1850.0 - 1910.0 MHz, Downlink = 1850.0 - 1910.0 MHz ",Unavailable,Unavailable,0,1724707545932,32609.58981428,2024-08-26 17:25:45.932000,-78.68797352031558,35.78353952311324,89.93596091778662,campaign_9,35.78353952311324,-78.68797352031558,89.93596091778662
4G_LTE,-110,2147483647,-110,-17,-81,2147483647,30,950,356,7,2147483647,2147483647,1,2147483647,[2],[FDD],"Band Number = 2, Uplink = 1850.0 - 1910.0 MHz, Downlink = 1850.0 - 1910.0 MHz ",Unavailable,Unavailable,0,1724707545932,32609.58981428,2024-08-26 17:25:45.932000,-78.68797352031558,35.78353952311324,89.93596091778662,campaign_9,35.78353952311324,-78.68797352031558,89.93596091778662
4G_LTE,-111,2147483647,-111,-12,-91,2147483647,29,66486,311,7,2147483647,2147483647,1,2147483647,[66],[FDD],"Band Number = 66, Uplink = 1710.0 - 1780.0 MHz, Downlink = 1710.0 - 1780.0 MHz ",Unavailable,Unavailable,0,1724707545932,32609.58981428,2024-08-26 17:25:45.932000,-78.68797352031558,35.78353952311324,89.93596091778662,campaign_9,35.78353952311324,-78.68797352031558,89.93596091778662
4G_LTE,-118,2147483647,-118,-16,-89,2147483647,22,66486,77,7,2147483647,2147483647,0,2147483647,[66],[FDD],"Band Number = 66, Uplink = 1710.0 - 1780.0 MHz, Downlink = 1710.0 - 1780.0 MHz ",Unavailable,Unavailable,0,1724707545932,32609.58981428,2024-08-26 17:25:45.932000,-78.68797352031558,35.78353952311324,89.93596091778662,campaign_9,35.78353952311324,-78.68797352031558,89.93596091778662
4G_LTE,-122,2147483647,-122,-20,-91,2147483647,18,66486,502,7,2147483647,2147483647,0,2147483647,[66],[FDD],"Band Number = 66, Uplink = 1710.0 - 1780.0 MHz, Downlink = 1710.0 - 1780.0 MHz ",Unavailable,Unavailable,0,1724707545932,32609.58981428,2024-08-26 17:25:45.932000,-78.68797352031558,35.78353952311324,89.93596091778662,campaign_9,35.78353952311324,-78.68797352031558,89.93596091778662
4G_LTE,-115,2147483647,-115,-14,-91,2147483647,25,66486,368,7,2147483647,2147483647,1,2147483647,[66],[FDD],"Band Number = 66, Uplink = 1710.0 - 1780.0 MHz, Downlink = 1710.0 - 1780.0 MHz ",Unavailable,Unavailable,0,1724707545932,32609.58981428,2024-08-26 17:25:45.932000,-78.68797352031558,35.78353952311324,89.93596091778662,campaign_9,35.78353952311324,-78.68797352031558,89.93596091778662
4G_LTE,-112,2147483647,-112,-11,-91,2147483647,28,67086,311,7,2147483647,2147483647,1,2147483647,[66],[FDD],"Band Number = 66, Uplink = 1710.0 - 1780.0 MHz, Downlink = 1710.0 - 1780.0 MHz ",Unavailable,Unavailable,0,1724707545932,32609.58981428,2024-08-26 17:25:45.932000,-78.68797352031558,35.78353952311324,89.93596091778662,campaign_9,35.78353952311324,-78.68797352031558,89.93596091778662
4G_LTE,-119,2147483647,-119,-18,-89,2147483647,21,67086,77,7,2147483647,2147483647,0,2147483647,[66],[FDD],"Band Number = 66, Uplink = 1710.0 - 1780.0 MHz, Downlink = 1710.0 - 1780.0 MHz ",Unavailable,Unavailable,0,1724707545932,32609.58981428,2024-08-26 17:25:45.932000,-78.68797352031558,35.78353952311324,89.93596091778662,campaign_9,35.78353952311324,-78.68797352031558,89.93596091778662
4G_LTE,-119,2147483647,-119,-20,-89,2147483647,21,67086,178,7,2147483647,2147483647,0,2147483647,[66],[FDD],"Band Number = 66, Uplink = 1710.0 - 1780.0 MHz, Downlink = 1710.0 - 1780.0 MHz ",Unavailable,Unavailable,0,1724707545932,32609.58981428,2024-08-26 17:25:45.932000,-78.68797352031558,35.78353952311324,89.93596091778662,campaign_9,35.78353952311324,-78.68797352031558,89.93596091778662
4G_LTE,-121,2147483647,-121,-20,-91,2147483647,19,67086,368,7,2147483647,2147483647,0,2147483647,[66],[FDD],"Band Number = 66, Uplink = 1710.0 - 1780.0 MHz, Downlink = 1710.0 - 1780.0 MHz ",Unavailable,Unavailable,0,1724707545932,32609.58981428,2024-08-26 17:25:45.932000,-78.68797352031558,35.78353952311324,89.93596091778662,campaign_9,35.78353952311324,-78.68797352031558,89.93596091778662
4G_LTE,-120,2147483647,-120,-17,-91,2147483647,20,67086,322,7,2147483647,2147483647,0,2147483647,[66],[FDD],"Band Number = 66, Uplink = 1710.0 - 1780.0 MHz, Downlink = 1710.0 - 1780.0 MHz ",Unavailable,Unavailable,0,1724707545932,32609.58981428,2024-08-26 17:25:45.932000,-78.68797352031558,35.78353952311324,89.93596091778662,campaign_9,35.78353952311324,-78.68797352031558,89.93596091778662
4G_LTE,-95,6,-95,-12,-63,2147483647,45,5110,101,7,196875793,9995,3,2147483647,[12],[FDD],"Band Number = 12, Uplink = 698.0 - 716.0 MHz, Downlink = 699.0 - 716.0 MHz ",310,410,1,1724707546935,32610.592617144,2024-08-26 17:25:46.935000,-78.68785455504684,35.78356207327088,90.64477485523904,campaign_9,35.78356207327088,-78.68785455504684,90.64477485523904
4G_LTE,-104,2147483647,-104,-18,-73,2147483647,36,5110,344,7,2147483647,2147483647,2,2147483647,[12],[FDD],"Band Number = 12, Uplink = 698.0 - 716.0 MHz, Downlink = 699.0 - 716.0 MHz ",Unavailable,Unavailable,0,1724707546935,32610.592617144,2024-08-26 17:25:46.935000,-78.68785455504684,35.78356207327088,90.64477485523904,campaign_9,35.78356207327088,-78.68785455504684,90.64477485523904
4G_LTE,-108,2147483647,-108,-19,-79,2147483647,32,5110,496,7,2147483647,2147483647,1,2147483647,[12],[FDD],"Band Number = 12, Uplink = 698.0 - 716.0 MHz, Downlink = 699.0 - 716.0 MHz ",Unavailable,Unavailable,0,1724707546935,32610.592617144,2024-08-26 17:25:46.935000,-78.68785455504684,35.78356207327088,90.64477485523904,campaign_9,35.78356207327088,-78.68785455504684,90.64477485523904
4G_LTE,-104,2147483647,-104,-10,-81,2147483647,36,950,311,7,2147483647,2147483647,2,2147483647,[2],[FDD],"Band Number = 2, Uplink = 1850.0 - 1910.0 MHz, Downlink = 1850.0 - 1910.0 MHz ",Unavailable,Unavailable,0,1724707546935,32610.592617144,2024-08-26 17:25:46.935000,-78.68785455504684,35.78356207327088,90.64477485523904,campaign_9,35.78356207327088,-78.68785455504684,90.64477485523904
4G_LTE,-112,2147483647,-112,-15,-81,2147483647,28,950,368,7,2147483647,2147483647,1,2147483647,[2],[FDD],"Band Number = 2, Uplink = 1850.0 - 1910.0 MHz, Downlink = 1850.0 - 1910.0 MHz ",Unavailable,Unavailable,0,1724707546935,32610.592617144,2024-08-26 17:25:46.935000,-78.68785455504684,35.78356207327088,90.64477485523904,campaign_9,35.78356207327088,-78.68785455504684,90.64477485523904
4G_LTE,-110,2147483647,-110,-17,-81,2147483647,30,950,356,7,2147483647,2147483647,1,2147483647,[2],[FDD],"Band Number = 2, Uplink = 1850.0 - 1910.0 MHz, Downlink = 1850.0 - 1910.0 MHz ",Unavailable,Unavailable,0,1724707546935,32610.592617144,2024-08-26 17:25:46.935000,-78.68785455504684,35.78356207327088,90.64477485523904,campaign_9,35.78356207327088,-78.68785455504684,90.64477485523904
4G_LTE,-111,2147483647,-111,-12,-91,2147483647,29,66486,311,7,2147483647,2147483647,1,2147483647,[66],[FDD],"Band Number = 66, Uplink = 1710.0 - 1780.0 MHz, Downlink = 1710.0 - 1780.0 MHz ",Unavailable,Unavailable,0,1724707546935,32610.592617144,2024-08-26 17:25:46.935000,-78.68785455504684,35.78356207327088,90.64477485523904,campaign_9,35.78356207327088,-78.68785455504684,90.64477485523904
4G_LTE,-118,2147483647,-118,-16,-89,2147483647,22,66486,77,7,2147483647,2147483647,0,2147483647,[66],[FDD],"Band Number = 66, Uplink = 1710.0 - 1780.0 MHz, Downlink = 1710.0 - 1780.0 MHz ",Unavailable,Unavailable,0,1724707546935,32610.592617144,2024-08-26 17:25:46.935000,-78.68785455504684,35.78356207327088,90.64477485523904,campaign_9,35.78356207327088,-78.68785455504684,90.64477485523904
4G_LTE,-122,2147483647,-122,-20,-91,2147483647,18,66486,502,7,2147483647,2147483647,0,2147483647,[66],[FDD],"Band Number = 66, Uplink = 1710.0 - 1780.0 MHz, Downlink = 1710.0 - 1780.0 MHz ",Unavailable,Unavailable,0,1724707546935,32610.592617144,2024-08-26 17:25:46.935000,-78.68785455504684,35.78356207327088,90.64477485523904,campaign_9,35.78356207327088,-78.68785455504684,90.64477485523904
4G_LTE,-115,2147483647,-115,-14,-91,2147483647,25,66486,368,7,2147483647,2147483647,1,2147483647,[66],[FDD],"Band Number = 66, Uplink = 1710.0 - 1780.0 MHz, Downlink = 1710.0 - 1780.0 MHz ",Unavailable,Unavailable,0,1724707546935,32610.592617144,2024-08-26 17:25:46.935000,-78.68785455504684,35.78356207327088,90.64477485523904,campaign_9,35.78356207327088,-78.68785455504684,90.64477485523904
4G_LTE,-112,2147483647,-112,-11,-91,2147483647,28,67086,311,7,2147483647,2147483647,1,2147483647,[66],[FDD],"Band Number = 66, Uplink = 1710.0 - 1780.0 MHz, Downlink = 1710.0 - 1780.0 MHz ",Unavailable,Unavailable,0,1724707546935,32610.592617144,2024-08-26 17:25:46.935000,-78.68785455504684,35.78356207327088,90.64477485523904,campaign_9,35.78356207327088,-78.68785455504684,90.64477485523904
4G_LTE,-119,2147483647,-119,-18,-89,2147483647,21,67086,77,7,2147483647,2147483647,0,2147483647,[66],[FDD],"Band Number = 66, Uplink = 1710.0 - 1780.0 MHz, Downlink = 1710.0 - 1780.0 MHz ",Unavailable,Unavailable,0,1724707546935,32610.592617144,2024-08-26 17:25:46.935000,-78.68785455504684,35.78356207327088,90.64477485523904,campaign_9,35.78356207327088,-78.68785455504684,90.64477485523904
4G_LTE,-119,2147483647,-119,-20,-89,2147483647,21,67086,178,7,2147483647,2147483647,0,2147483647,[66],[FDD],"Band Number = 66, Uplink = 1710.0 - 1780.0 MHz, Downlink = 1710.0 - 1780.0 MHz ",Unavailable,Unavailable,0,1724707546935,32610.592617144,2024-08-26 17:25:46.935000,-78.68785455504684,35.78356207327088,90.64477485523904,campaign_9,35.78356207327088,-78.68785455504684,90.64477485523904
4G_LTE,-121,2147483647,-121,-20,-91,2147483647,19,67086,368,7,2147483647,2147483647,0,2147483647,[66],[FDD],"Band Number = 66, Uplink = 1710.0 - 1780.0 MHz, Downlink = 1710.0 - 1780.0 MHz ",Unavailable,Unavailable,0,1724707546935,32610.592617144,2024-08-26 17:25:46.935000,-78.68785455504684,35.78356207327088,90.64477485523904,campaign_9,35.78356207327088,-78.68785455504684,90.64477485523904
4G_LTE,-120,2147483647,-120,-17,-91,2147483647,20,67086,322,7,2147483647,2147483647,0,2147483647,[66],[FDD],"Band Number = 66, Uplink = 1710.0 - 1780.0 MHz, Downlink = 1710.0 - 1780.0 MHz ",Unavailable,Unavailable,0,1724707546935,32610.592617144,2024-08-26 17:25:46.935000,-78.68785455504684,35.78356207327088,90.64477485523904,campaign_9,35.78356207327088,-78.68785455504684,90.64477485523904
4G_LTE,-98,6,-98,-15,-67,2147483647,42,5110,101,7,196875793,9995,2,2147483647,[12],[FDD],"Band Number = 12, Uplink = 698.0 - 716.0 MHz, Downlink = 699.0 - 716.0 MHz ",310,410,1,1724707547936,32611.593008341,2024-08-26 17:25:47.936000,-78.68773582699697,35.78358457846309,91.35217540497968,campaign_9,35.78358457846309,-78.68773582699697,91.35217540497968
4G_LTE,-105,2147483647,-105,-16,-79,2147483647,35,5110,344,7,2147483647,2147483647,2,2147483647,[12],[FDD],"Band Number = 12, Uplink = 698.0 - 716.0 MHz, Downlink = 699.0 - 716.0 MHz ",Unavailable,Unavailable,0,1724707547936,32611.593008341,2024-08-26 17:25:47.936000,-78.68773582699697,35.78358457846309,91.35217540497968,campaign_9,35.78358457846309,-78.68773582699697,91.35217540497968
4G_LTE,-108,2147483647,-108,-20,-77,2147483647,32,5110,496,7,2147483647,2147483647,1,2147483647,[12],[FDD],"Band Number = 12, Uplink = 698.0 - 716.0 MHz, Downlink = 699.0 - 716.0 MHz ",Unavailable,Unavailable,0,1724707547936,32611.593008341,2024-08-26 17:25:47.936000,-78.68773582699697,35.78358457846309,91.35217540497968,campaign_9,35.78358457846309,-78.68773582699697,91.35217540497968
4G_LTE,-108,2147483647,-108,-20,-79,2147483647,32,5110,236,7,2147483647,2147483647,1,2147483647,[12],[FDD],"Band Number = 12, Uplink = 698.0 - 716.0 MHz, Downlink = 699.0 - 716.0 MHz ",Unavailable,Unavailable,0,1724707547936,32611.593008341,2024-08-26 17:25:47.936000,-78.68773582699697,35.78358457846309,91.35217540497968,campaign_9,35.78358457846309,-78.68773582699697,91.35217540497968
4G_LTE,-101,2147483647,-101,-10,-83,2147483647,39,950,311,7,2147483647,2147483647,2,2147483647,[2],[FDD],"Band Number = 2, Uplink = 1850.0 - 1910.0 MHz, Downlink = 1850.0 - 1910.0 MHz ",Unavailable,Unavailable,0,1724707547936,32611.593008341,2024-08-26 17:25:47.936000,-78.68773582699697,35.78358457846309,91.35217540497968,campaign_9,35.78358457846309,-78.68773582699697,91.35217540497968
4G_LTE,-110,2147483647,-110,-19,-83,2147483647,30,950,368,7,2147483647,2147483647,1,2147483647,[2],[FDD],"Band Number = 2, Uplink = 1850.0 - 1910.0 MHz, Downlink = 1850.0 - 1910.0 MHz ",Unavailable,Unavailable,0,1724707547936,32611.593008341,2024-08-26 17:25:47.936000,-78.68773582699697,35.78358457846309,91.35217540497968,campaign_9,35.78358457846309,-78.68773582699697,91.35217540497968
4G_LTE,-110,2147483647,-110,-17,-81,2147483647,30,950,356,7,2147483647,2147483647,1,2147483647,[2],[FDD],"Band Number = 2, Uplink = 1850.0 - 1910.0 MHz, Downlink = 1850.0 - 1910.0 MHz ",Unavailable,Unavailable,0,1724707547936,32611.593008341,2024-08-26 17:25:47.936000,-78.68773582699697,35.78358457846309,91.35217540497968,campaign_9,35.78358457846309,-78.68773582699697,91.35217540497968
4G_LTE,-106,2147483647,-106,-11,-85,2147483647,34,66486,311,7,2147483647,2147483647,1,2147483647,[66],[FDD],"Band Number = 66, Uplink = 1710.0 - 1780.0 MHz, Downlink = 1710.0 - 1780.0 MHz ",Unavailable,Unavailable,0,1724707547936,32611.593008341,2024-08-26 17:25:47.936000,-78.68773582699697,35.78358457846309,91.35217540497968,campaign_9,35.78358457846309,-78.68773582699697,91.35217540497968
4G_LTE,-115,2147483647,-115,-20,-85,2147483647,25,66486,77,7,2147483647,2147483647,1,2147483647,[66],[FDD],"Band Number = 66, Uplink = 1710.0 - 1780.0 MHz, Downlink = 1710.0 - 1780.0 MHz ",Unavailable,Unavailable,0,1724707547936,32611.593008341,2024-08-26 17:25:47.936000,-78.68773582699697,35.78358457846309,91.35217540497968,campaign_9,35.78358457846309,-78.68773582699697,91.35217540497968
4G_LTE,-114,2147483647,-114,-19,-85,2147483647,26,66486,502,7,2147483647,2147483647,1,2147483647,[66],[FDD],"Band Number = 66, Uplink = 1710.0 - 1780.0 MHz, Downlink = 1710.0 - 1780.0 MHz ",Unavailable,Unavailable,0,1724707547936,32611.593008341,2024-08-26 17:25:47.936000,-78.68773582699697,35.78358457846309,91.35217540497968,campaign_9,35.78358457846309,-78.68773582699697,91.35217540497968
4G_LTE,-114,2147483647,-114,-19,-85,2147483647,26,66486,368,7,2147483647,2147483647,1,2147483647,[66],[FDD],"Band Number = 66, Uplink = 1710.0 - 1780.0 MHz, Downlink = 1710.0 - 1780.0 MHz ",Unavailable,Unavailable,0,1724707547936,32611.593008341,2024-08-26 17:25:47.936000,-78.68773582699697,35.78358457846309,91.35217540497968,campaign_9,35.78358457846309,-78.68773582699697,91.35217540497968
4G_LTE,-109,2147483647,-109,-11,-89,2147483647,31,67086,311,7,2147483647,2147483647,1,2147483647,[66],[FDD],"Band Number = 66, Uplink = 1710.0 - 1780.0 MHz, Downlink = 1710.0 - 1780.0 MHz ",Unavailable,Unavailable,0,1724707547936,32611.593008341,2024-08-26 17:25:47.936000,-78.68773582699697,35.78358457846309,91.35217540497968,campaign_9,35.78358457846309,-78.68773582699697,91.35217540497968
4G_LTE,-120,2147483647,-120,-20,-89,2147483647,20,67086,77,7,2147483647,2147483647,0,2147483647,[66],[FDD],"Band Number = 66, Uplink = 1710.0 - 1780.0 MHz, Downlink = 1710.0 - 1780.0 MHz ",Unavailable,Unavailable,0,1724707547936,32611.593008341,2024-08-26 17:25:47.936000,-78.68773582699697,35.78358457846309,91.35217540497968,campaign_9,35.78358457846309,-78.68773582699697,91.35217540497968
4G_LTE,-119,2147483647,-119,-20,-89,2147483647,21,67086,178,7,2147483647,2147483647,0,2147483647,[66],[FDD],"Band Number = 66, Uplink = 1710.0 - 1780.0 MHz, Downlink = 1710.0 - 1780.0 MHz ",Unavailable,Unavailable,0,1724707547936,32611.593008341,2024-08-26 17:25:47.936000,-78.68773582699697,35.78358457846309,91.35217540497968,campaign_9,35.78358457846309,-78.68773582699697,91.35217540497968
4G_LTE,-118,2147483647,-118,-20,-89,2147483647,22,67086,368,7,2147483647,2147483647,0,2147483647,[66],[FDD],"Band Number = 66, Uplink = 1710.0 - 1780.0 MHz, Downlink = 1710.0 - 1780.0 MHz ",Unavailable,Unavailable,0,1724707547936,32611.593008341,2024-08-26 17:25:47.936000,-78.68773582699697,35.78358457846309,91.35217540497968,campaign_9,35.78358457846309,-78.68773582699697,91.35217540497968
4G_LTE,-119,2147483647,-119,-20,-85,2147483647,21,67086,322,7,2147483647,2147483647,0,2147483647,[66],[FDD],"Band Number = 66, Uplink = 1710.0 - 1780.0 MHz, Downlink = 1710.0 - 1780.0 MHz ",Unavailable,Unavailable,0,1724707547936,32611.593008341,2024-08-26 17:25:47.936000,-78.68773582699697,35.78358457846309,91.35217540497968,campaign_9,35.78358457846309,-78.68773582699697,91.35217540497968
4G_LTE,-98,6,-98,-15,-67,2147483647,42,5110,101,7,196875793,9995,2,2147483647,[12],[FDD],"Band Number = 12, Uplink = 698.0 - 716.0 MHz, Downlink = 699.0 - 716.0 MHz ",310,410,1,1724707548935,32612.593380476,2024-08-26 17:25:48.935000,-78.6877278,35.7835861,91.4000015258789,campaign_9,35.7835861,-78.6877278,91.4000015258789
4G_LTE,-105,2147483647,-105,-16,-79,2147483647,35,5110,344,7,2147483647,2147483647,2,2147483647,[12],[FDD],"Band Number = 12, Uplink = 698.0 - 716.0 MHz, Downlink = 699.0 - 716.0 MHz ",Unavailable,Unavailable,0,1724707548935,32612.593380476,2024-08-26 17:25:48.935000,-78.6877278,35.7835861,91.4000015258789,campaign_9,35.7835861,-78.6877278,91.4000015258789
4G_LTE,-108,2147483647,-108,-20,-77,2147483647,32,5110,496,7,2147483647,2147483647,1,2147483647,[12],[FDD],"Band Number = 12, Uplink = 698.0 - 716.0 MHz, Downlink = 699.0 - 716.0 MHz ",Unavailable,Unavailable,0,1724707548935,32612.593380476,2024-08-26 17:25:48.935000,-78.6877278,35.7835861,91.4000015258789,campaign_9,35.7835861,-78.6877278,91.4000015258789
4G_LTE,-108,2147483647,-108,-20,-79,2147483647,32,5110,236,7,2147483647,2147483647,1,2147483647,[12],[FDD],"Band Number = 12, Uplink = 698.0 - 716.0 MHz, Downlink = 699.0 - 716.0 MHz ",Unavailable,Unavailable,0,1724707548935,32612.593380476,2024-08-26 17:25:48.935000,-78.6877278,35.7835861,91.4000015258789,campaign_9,35.7835861,-78.6877278,91.4000015258789
4G_LTE,-101,2147483647,-101,-10,-83,2147483647,39,950,311,7,2147483647,2147483647,2,2147483647,[2],[FDD],"Band Number = 2, Uplink = 1850.0 - 1910.0 MHz, Downlink = 1850.0 - 1910.0 MHz ",Unavailable,Unavailable,0,1724707548935,32612.593380476,2024-08-26 17:25:48.935000,-78.6877278,35.7835861,91.4000015258789,campaign_9,35.7835861,-78.6877278,91.4000015258789
4G_LTE,-110,2147483647,-110,-19,-83,2147483647,30,950,368,7,2147483647,2147483647,1,2147483647,[2],[FDD],"Band Number = 2, Uplink = 1850.0 - 1910.0 MHz, Downlink = 1850.0 - 1910.0 MHz ",Unavailable,Unavailable,0,1724707548935,32612.593380476,2024-08-26 17:25:48.935000,-78.6877278,35.7835861,91.4000015258789,campaign_9,35.7835861,-78.6877278,91.4000015258789
4G_LTE,-110,2147483647,-110,-17,-81,2147483647,30,950,356,7,2147483647,2147483647,1,2147483647,[2],[FDD],"Band Number = 2, Uplink = 1850.0 - 1910.0 MHz, Downlink = 1850.0 - 1910.0 MHz ",Unavailable,Unavailable,0,1724707548935,32612.593380476,2024-08-26 17:25:48.935000,-78.6877278,35.7835861,91.4000015258789,campaign_9,35.7835861,-78.6877278,91.4000015258789
4G_LTE,-106,2147483647,-106,-11,-85,2147483647,34,66486,311,7,2147483647,2147483647,1,2147483647,[66],[FDD],"Band Number = 66, Uplink = 1710.0 - 1780.0 MHz, Downlink = 1710.0 - 1780.0 MHz ",Unavailable,Unavailable,0,1724707548935,32612.593380476,2024-08-26 17:25:48.935000,-78.6877278,35.7835861,91.4000015258789,campaign_9,35.7835861,-78.6877278,91.4000015258789
4G_LTE,-115,2147483647,-115,-20,-85,2147483647,25,66486,77,7,2147483647,2147483647,1,2147483647,[66],[FDD],"Band Number = 66, Uplink = 1710.0 - 1780.0 MHz, Downlink = 1710.0 - 1780.0 MHz ",Unavailable,Unavailable,0,1724707548935,32612.593380476,2024-08-26 17:25:48.935000,-78.6877278,35.7835861,91.4000015258789,campaign_9,35.7835861,-78.6877278,91.4000015258789
4G_LTE,-114,2147483647,-114,-19,-85,2147483647,26,66486,502,7,2147483647,2147483647,1,2147483647,[66],[FDD],"Band Number = 66, Uplink = 1710.0 - 1780.0 MHz, Downlink = 1710.0 - 1780.0 MHz ",Unavailable,Unavailable,0,1724707548935,32612.593380476,2024-08-26 17:25:48.935000,-78.6877278,35.7835861,91.4000015258789,campaign_9,35.7835861,-78.6877278,91.4000015258789
4G_LTE,-114,2147483647,-114,-19,-85,2147483647,26,66486,368,7,2147483647,2147483647,1,2147483647,[66],[FDD],"Band Number = 66, Uplink = 1710.0 - 1780.0 MHz, Downlink = 1710.0 - 1780.0 MHz ",Unavailable,Unavailable,0,1724707548935,32612.593380476,2024-08-26 17:25:48.935000,-78.6877278,35.7835861,91.4000015258789,campaign_9,35.7835861,-78.6877278,91.4000015258789
4G_LTE,-109,2147483647,-109,-11,-89,2147483647,31,67086,311,7,2147483647,2147483647,1,2147483647,[66],[FDD],"Band Number = 66, Uplink = 1710.0 - 1780.0 MHz, Downlink = 1710.0 - 1780.0 MHz ",Unavailable,Unavailable,0,1724707548935,32612.593380476,2024-08-26 17:25:48.935000,-78.6877278,35.7835861,91.4000015258789,campaign_9,35.7835861,-78.6877278,91.4000015258789
4G_LTE,-120,2147483647,-120,-20,-89,2147483647,20,67086,77,7,2147483647,2147483647,0,2147483647,[66],[FDD],"Band Number = 66, Uplink = 1710.0 - 1780.0 MHz, Downlink = 1710.0 - 1780.0 MHz ",Unavailable,Unavailable,0,1724707548935,32612.593380476,2024-08-26 17:25:48.935000,-78.6877278,35.7835861,91.4000015258789,campaign_9,35.7835861,-78.6877278,91.4000015258789
4G_LTE,-119,2147483647,-119,-20,-89,2147483647,21,67086,178,7,2147483647,2147483647,0,2147483647,[66],[FDD],"Band Number = 66, Uplink = 1710.0 - 1780.0 MHz, Downlink = 1710.0 - 1780.0 MHz ",Unavailable,Unavailable,0,1724707548935,32612.593380476,2024-08-26 17:25:48.935000,-78.6877278,35.7835861,91.4000015258789,campaign_9,35.7835861,-78.6877278,91.4000015258789
4G_LTE,-118,2147483647,-118,-20,-89,2147483647,22,67086,368,7,2147483647,2147483647,0,2147483647,[66],[FDD],"Band Number = 66, Uplink = 1710.0 - 1780.0 MHz, Downlink = 1710.0 - 1780.0 MHz ",Unavailable,Unavailable,0,1724707548935,32612.593380476,2024-08-26 17:25:48.935000,-78.6877278,35.7835861,91.4000015258789,campaign_9,35.7835861,-78.6877278,91.4000015258789
4G_LTE,-119,2147483647,-119,-20,-85,2147483647,21,67086,322,7,2147483647,2147483647,0,2147483647,[66],[FDD],"Band Number = 66, Uplink = 1710.0 - 1780.0 MHz, Downlink = 1710.0 - 1780.0 MHz ",Unavailable,Unavailable,0,1724707548935,32612.593380476,2024-08-26 17:25:48.935000,-78.6877278,35.7835861,91.4000015258789,campaign_9,35.7835861,-78.6877278,91.4000015258789
4G_LTE,-96,6,-96,-12,-69,2147483647,44,5110,101,7,196875793,9995,2,2147483647,[12],[FDD],"Band Number = 12, Uplink = 698.0 - 716.0 MHz, Downlink = 699.0 - 716.0 MHz ",310,410,1,1724707549938,32613.595198497,2024-08-26 17:25:49.938000,-78.68774388133937,35.78357374379607,91.09074435620117,campaign_9,35.78357374379607,-78.68774388133937,91.09074435620117
4G_LTE,-103,2147483647,-103,-17,-71,2147483647,37,5110,344,7,2147483647,2147483647,2,2147483647,[12],[FDD],"Band Number = 12, Uplink = 698.0 - 716.0 MHz, Downlink = 699.0 - 716.0 MHz ",Unavailable,Unavailable,0,1724707549938,32613.595198497,2024-08-26 17:25:49.938000,-78.68774388133937,35.78357374379607,91.09074435620117,campaign_9,35.78357374379607,-78.68774388133937,91.09074435620117
4G_LTE,-102,2147483647,-102,-12,-79,2147483647,38,950,311,7,2147483647,2147483647,2,2147483647,[2],[FDD],"Band Number = 2, Uplink = 1850.0 - 1910.0 MHz, Downlink = 1850.0 - 1910.0 MHz ",Unavailable,Unavailable,0,1724707549938,32613.595198497,2024-08-26 17:25:49.938000,-78.68774388133937,35.78357374379607,91.09074435620117,campaign_9,35.78357374379607,-78.68774388133937,91.09074435620117
4G_LTE,-111,2147483647,-111,-18,-83,2147483647,29,950,368,7,2147483647,2147483647,1,2147483647,[2],[FDD],"Band Number = 2, Uplink = 1850.0 - 1910.0 MHz, Downlink = 1850.0 - 1910.0 MHz ",Unavailable,Unavailable,0,1724707549938,32613.595198497,2024-08-26 17:25:49.938000,-78.68774388133937,35.78357374379607,91.09074435620117,campaign_9,35.78357374379607,-78.68774388133937,91.09074435620117
4G_LTE,-110,2147483647,-110,-11,-93,2147483647,30,66486,311,7,2147483647,2147483647,1,2147483647,[66],[FDD],"Band Number = 66, Uplink = 1710.0 - 1780.0 MHz, Downlink = 1710.0 - 1780.0 MHz ",Unavailable,Unavailable,0,1724707549938,32613.595198497,2024-08-26 17:25:49.938000,-78.68774388133937,35.78357374379607,91.09074435620117,campaign_9,35.78357374379607,-78.68774388133937,91.09074435620117
4G_LTE,-114,2147483647,-114,-20,-87,2147483647,26,66486,368,7,2147483647,2147483647,1,2147483647,[66],[FDD],"Band Number = 66, Uplink = 1710.0 - 1780.0 MHz, Downlink = 1710.0 - 1780.0 MHz ",Unavailable,Unavailable,0,1724707549938,32613.595198497,2024-08-26 17:25:49.938000,-78.68774388133937,35.78357374379607,91.09074435620117,campaign_9,35.78357374379607,-78.68774388133937,91.09074435620117
4G_LTE,-119,2147483647,-119,-18,-93,2147483647,21,66486,502,7,2147483647,2147483647,0,2147483647,[66],[FDD],"Band Number = 66, Uplink = 1710.0 - 1780.0 MHz, Downlink = 1710.0 - 1780.0 MHz ",Unavailable,Unavailable,0,1724707549938,32613.595198497,2024-08-26 17:25:49.938000,-78.68774388133937,35.78357374379607,91.09074435620117,campaign_9,35.78357374379607,-78.68774388133937,91.09074435620117
4G_LTE,-113,2147483647,-113,-13,-91,2147483647,27,67086,311,7,2147483647,2147483647,1,2147483647,[66],[FDD],"Band Number = 66, Uplink = 1710.0 - 1780.0 MHz, Downlink = 1710.0 - 1780.0 MHz ",Unavailable,Unavailable,0,1724707549938,32613.595198497,2024-08-26 17:25:49.938000,-78.68774388133937,35.78357374379607,91.09074435620117,campaign_9,35.78357374379607,-78.68774388133937,91.09074435620117
4G_LTE,-122,2147483647,-122,-20,-91,2147483647,18,67086,77,7,2147483647,2147483647,0,2147483647,[66],[FDD],"Band Number = 66, Uplink = 1710.0 - 1780.0 MHz, Downlink = 1710.0 - 1780.0 MHz ",Unavailable,Unavailable,0,1724707549938,32613.595198497,2024-08-26 17:25:49.938000,-78.68774388133937,35.78357374379607,91.09074435620117,campaign_9,35.78357374379607,-78.68774388133937,91.09074435620117
4G_LTE,-119,2147483647,-119,-20,-87,2147483647,21,67086,178,7,2147483647,2147483647,0,2147483647,[66],[FDD],"Band Number = 66, Uplink = 1710.0 - 1780.0 MHz, Downlink = 1710.0 - 1780.0 MHz ",Unavailable,Unavailable,0,1724707549938,32613.595198497,2024-08-26 17:25:49.938000,-78.68774388133937,35.78357374379607,91.09074435620117,campaign_9,35.78357374379607,-78.68774388133937,91.09074435620117
4G_LTE,-118,2147483647,-118,-18,-89,2147483647,22,67086,368,7,2147483647,2147483647,0,2147483647,[66],[FDD],"Band Number = 66, Uplink = 1710.0 - 1780.0 MHz, Downlink = 1710.0 - 1780.0 MHz ",Unavailable,Unavailable,0,1724707549938,32613.595198497,2024-08-26 17:25:49.938000,-78.68774388133937,35.78357374379607,91.09074435620117,campaign_9,35.78357374379607,-78.68774388133937,91.09074435620117
4G_LTE,-121,2147483647,-121,-20,-91,2147483647,19,67086,322,7,2147483647,2147483647,0,2147483647,[66],[FDD],"Band Number = 66, Uplink = 1710.0 - 1780.0 MHz, Downlink = 1710.0 - 1780.0 MHz ",Unavailable,Unavailable,0,1724707549938,32613.595198497,2024-08-26 17:25:49.938000,-78.68774388133937,35.78357374379607,91.09074435620117,campaign_9,35.78357374379607,-78.68774388133937,91.09074435620117
4G_LTE,-96,6,-96,-12,-69,2147483647,44,5110,101,7,196875793,9995,2,2147483647,[12],[FDD],"Band Number = 12, Uplink = 698.0 - 716.0 MHz, Downlink = 699.0 - 716.0 MHz ",310,410,1,1724707550952,32614.609789121,2024-08-26 17:25:50.952000,-78.68776013904437,35.783561252080425,90.7780955326187,campaign_9,35.783561252080425,-78.68776013904437,90.7780955326187
4G_LTE,-103,2147483647,-103,-17,-71,2147483647,37,5110,344,7,2147483647,2147483647,2,2147483647,[12],[FDD],"Band Number = 12, Uplink = 698.0 - 716.0 MHz, Downlink = 699.0 - 716.0 MHz ",Unavailable,Unavailable,0,1724707550952,32614.609789121,2024-08-26 17:25:50.952000,-78.68776013904437,35.783561252080425,90.7780955326187,campaign_9,35.783561252080425,-78.68776013904437,90.7780955326187
4G_LTE,-102,2147483647,-102,-12,-79,2147483647,38,950,311,7,2147483647,2147483647,2,2147483647,[2],[FDD],"Band Number = 2, Uplink = 1850.0 - 1910.0 MHz, Downlink = 1850.0 - 1910.0 MHz ",Unavailable,Unavailable,0,1724707550952,32614.609789121,2024-08-26 17:25:50.952000,-78.68776013904437,35.783561252080425,90.7780955326187,campaign_9,35.783561252080425,-78.68776013904437,90.7780955326187
4G_LTE,-111,2147483647,-111,-18,-83,2147483647,29,950,368,7,2147483647,2147483647,1,2147483647,[2],[FDD],"Band Number = 2, Uplink = 1850.0 - 1910.0 MHz, Downlink = 1850.0 - 1910.0 MHz ",Unavailable,Unavailable,0,1724707550952,32614.609789121,2024-08-26 17:25:50.952000,-78.68776013904437,35.783561252080425,90.7780955326187,campaign_9,35.783561252080425,-78.68776013904437,90.7780955326187
4G_LTE,-110,2147483647,-110,-11,-93,2147483647,30,66486,311,7,2147483647,2147483647,1,2147483647,[66],[FDD],"Band Number = 66, Uplink = 1710.0 - 1780.0 MHz, Downlink = 1710.0 - 1780.0 MHz ",Unavailable,Unavailable,0,1724707550952,32614.609789121,2024-08-26 17:25:50.952000,-78.68776013904437,35.783561252080425,90.7780955326187,campaign_9,35.783561252080425,-78.68776013904437,90.7780955326187
4G_LTE,-114,2147483647,-114,-20,-87,2147483647,26,66486,368,7,2147483647,2147483647,1,2147483647,[66],[FDD],"Band Number = 66, Uplink = 1710.0 - 1780.0 MHz, Downlink = 1710.0 - 1780.0 MHz ",Unavailable,Unavailable,0,1724707550952,32614.609789121,2024-08-26 17:25:50.952000,-78.68776013904437,35.783561252080425,90.7780955326187,campaign_9,35.783561252080425,-78.68776013904437,90.7780955326187
4G_LTE,-119,2147483647,-119,-18,-93,2147483647,21,66486,502,7,2147483647,2147483647,0,2147483647,[66],[FDD],"Band Number = 66, Uplink = 1710.0 - 1780.0 MHz, Downlink = 1710.0 - 1780.0 MHz ",Unavailable,Unavailable,0,1724707550952,32614.609789121,2024-08-26 17:25:50.952000,-78.68776013904437,35.783561252080425,90.7780955326187,campaign_9,35.783561252080425,-78.68776013904437,90.7780955326187
4G_LTE,-113,2147483647,-113,-13,-91,2147483647,27,67086,311,7,2147483647,2147483647,1,2147483647,[66],[FDD],"Band Number = 66, Uplink = 1710.0 - 1780.0 MHz, Downlink = 1710.0 - 1780.0 MHz ",Unavailable,Unavailable,0,1724707550952,32614.609789121,2024-08-26 17:25:50.952000,-78.68776013904437,35.783561252080425,90.7780955326187,campaign_9,35.783561252080425,-78.68776013904437,90.7780955326187
4G_LTE,-122,2147483647,-122,-20,-91,2147483647,18,67086,77,7,2147483647,2147483647,0,2147483647,[66],[FDD],"Band Number = 66, Uplink = 1710.0 - 1780.0 MHz, Downlink = 1710.0 - 1780.0 MHz ",Unavailable,Unavailable,0,1724707550952,32614.609789121,2024-08-26 17:25:50.952000,-78.68776013904437,35.783561252080425,90.7780955326187,campaign_9,35.783561252080425,-78.68776013904437,90.7780955326187
4G_LTE,-119,2147483647,-119,-20,-87,2147483647,21,67086,178,7,2147483647,2147483647,0,2147483647,[66],[FDD],"Band Number = 66, Uplink = 1710.0 - 1780.0 MHz, Downlink = 1710.0 - 1780.0 MHz ",Unavailable,Unavailable,0,1724707550952,32614.609789121,2024-08-26 17:25:50.952000,-78.68776013904437,35.783561252080425,90.7780955326187,campaign_9,35.783561252080425,-78.68776013904437,90.7780955326187
4G_LTE,-118,2147483647,-118,-18,-89,2147483647,22,67086,368,7,2147483647,2147483647,0,2147483647,[66],[FDD],"Band Number = 66, Uplink = 1710.0 - 1780.0 MHz, Downlink = 1710.0 - 1780.0 MHz ",Unavailable,Unavailable,0,1724707550952,32614.609789121,2024-08-26 17:25:50.952000,-78.68776013904437,35.783561252080425,90.7780955326187,campaign_9,35.783561252080425,-78.68776013904437,90.7780955326187
4G_LTE,-121,2147483647,-121,-20,-91,2147483647,19,67086,322,7,2147483647,2147483647,0,2147483647,[66],[FDD],"Band Number = 66, Uplink = 1710.0 - 1780.0 MHz, Downlink = 1710.0 - 1780.0 MHz ",Unavailable,Unavailable,0,1724707550952,32614.609789121,2024-08-26 17:25:50.952000,-78.68776013904437,35.783561252080425,90.7780955326187,campaign_9,35.783561252080425,-78.68776013904437,90.7780955326187
4G_LTE,-114,6,-114,-13,-83,2147483647,26,67086,311,6,196875971,9995,1,2147483647,[66],[FDD],"Band Number = 66, Uplink = 1710.0 - 1780.0 MHz, Downlink = 1710.0 - 1780.0 MHz ",310,410,1,1724707551946,32615.603019798,2024-08-26 17:25:51.946000,-78.68777607608457,35.78354900674971,90.4716133524994,campaign_9,35.78354900674971,-78.68777607608457,90.4716133524994
4G_LTE,-118,2147483647,-118,-18,-89,2147483647,22,67086,77,6,2147483647,2147483647,0,2147483647,[66],[FDD],"Band Number = 66, Uplink = 1710.0 - 1780.0 MHz, Downlink = 1710.0 - 1780.0 MHz ",Unavailable,Unavailable,0,1724707551946,32615.603019798,2024-08-26 17:25:51.946000,-78.68777607608457,35.78354900674971,90.4716133524994,campaign_9,35.78354900674971,-78.68777607608457,90.4716133524994
4G_LTE,-120,2147483647,-120,-18,-91,2147483647,20,67086,178,6,2147483647,2147483647,0,2147483647,[66],[FDD],"Band Number = 66, Uplink = 1710.0 - 1780.0 MHz, Downlink = 1710.0 - 1780.0 MHz ",Unavailable,Unavailable,0,1724707551946,32615.603019798,2024-08-26 17:25:51.946000,-78.68777607608457,35.78354900674971,90.4716133524994,campaign_9,35.78354900674971,-78.68777607608457,90.4716133524994
4G_LTE,-118,2147483647,-118,-16,-91,2147483647,22,67086,368,6,2147483647,2147483647,0,2147483647,[66],[FDD],"Band Number = 66, Uplink = 1710.0 - 1780.0 MHz, Downlink = 1710.0 - 1780.0 MHz ",Unavailable,Unavailable,0,1724707551946,32615.603019798,2024-08-26 17:25:51.946000,-78.68777607608457,35.78354900674971,90.4716133524994,campaign_9,35.78354900674971,-78.68777607608457,90.4716133524994
4G_LTE,-121,2147483647,-121,-20,-89,2147483647,19,67086,219,6,2147483647,2147483647,0,2147483647,[66],[FDD],"Band Number = 66, Uplink = 1710.0 - 1780.0 MHz, Downlink = 1710.0 - 1780.0 MHz ",Unavailable,Unavailable,0,1724707551946,32615.603019798,2024-08-26 17:25:51.946000,-78.68777607608457,35.78354900674971,90.4716133524994,campaign_9,35.78354900674971,-78.68777607608457,90.4716133524994
4G_LTE,-111,2147483647,-111,-12,-91,2147483647,29,950,311,6,2147483647,2147483647,1,2147483647,[2],[FDD],"Band Number = 2, Uplink = 1850.0 - 1910.0 MHz, Downlink = 1850.0 - 1910.0 MHz ",Unavailable,Unavailable,1,1724707551946,32615.603019798,2024-08-26 17:25:51.946000,-78.68777607608457,35.78354900674971,90.4716133524994,campaign_9,35.78354900674971,-78.68777607608457,90.4716133524994
4G_LTE,-115,2147483647,-115,-17,-85,2147483647,25,950,368,6,2147483647,2147483647,1,2147483647,[2],[FDD],"Band Number = 2, Uplink = 1850.0 - 1910.0 MHz, Downlink = 1850.0 - 1910.0 MHz ",Unavailable,Unavailable,0,1724707551946,32615.603019798,2024-08-26 17:25:51.946000,-78.68777607608457,35.78354900674971,90.4716133524994,campaign_9,35.78354900674971,-78.68777607608457,90.4716133524994
4G_LTE,-120,2147483647,-120,-20,-89,2147483647,20,950,77,6,2147483647,2147483647,0,2147483647,[2],[FDD],"Band Number = 2, Uplink = 1850.0 - 1910.0 MHz, Downlink = 1850.0 - 1910.0 MHz ",Unavailable,Unavailable,0,1724707551946,32615.603019798,2024-08-26 17:25:51.946000,-78.68777607608457,35.78354900674971,90.4716133524994,campaign_9,35.78354900674971,-78.68777607608457,90.4716133524994
4G_LTE,-112,2147483647,-112,-11,-93,2147483647,28,66486,311,6,2147483647,2147483647,1,2147483647,[66],[FDD],"Band Number = 66, Uplink = 1710.0 - 1780.0 MHz, Downlink = 1710.0 - 1780.0 MHz ",Unavailable,Unavailable,1,1724707551946,32615.603019798,2024-08-26 17:25:51.946000,-78.68777607608457,35.78354900674971,90.4716133524994,campaign_9,35.78354900674971,-78.68777607608457,90.4716133524994
4G_LTE,-119,2147483647,-119,-17,-93,2147483647,21,66486,368,6,2147483647,2147483647,0,2147483647,[66],[FDD],"Band Number = 66, Uplink = 1710.0 - 1780.0 MHz, Downlink = 1710.0 - 1780.0 MHz ",Unavailable,Unavailable,0,1724707551946,32615.603019798,2024-08-26 17:25:51.946000,-78.68777607608457,35.78354900674971,90.4716133524994,campaign_9,35.78354900674971,-78.68777607608457,90.4716133524994
4G_LTE,-113,2147483647,-113,-18,-83,2147483647,27,66486,502,6,2147483647,2147483647,1,2147483647,[66],[FDD],"Band Number = 66, Uplink = 1710.0 - 1780.0 MHz, Downlink = 1710.0 - 1780.0 MHz ",Unavailable,Unavailable,0,1724707551946,32615.603019798,2024-08-26 17:25:51.946000,-78.68777607608457,35.78354900674971,90.4716133524994,campaign_9,35.78354900674971,-78.68777607608457,90.4716133524994
4G_LTE,-119,2147483647,-119,-20,-89,2147483647,21,66486,387,6,2147483647,2147483647,0,2147483647,[66],[FDD],"Band Number = 66, Uplink = 1710.0 - 1780.0 MHz, Downlink = 1710.0 - 1780.0 MHz ",Unavailable,Unavailable,0,1724707551946,32615.603019798,2024-08-26 17:25:51.946000,-78.68777607608457,35.78354900674971,90.4716133524994,campaign_9,35.78354900674971,-78.68777607608457,90.4716133524994
4G_LTE,-114,6,-114,-13,-83,2147483647,26,67086,311,6,196875971,9995,1,2147483647,[66],[FDD],"Band Number = 66, Uplink = 1710.0 - 1780.0 MHz, Downlink = 1710.0 - 1780.0 MHz ",310,410,1,1724707552946,32616.603548391,2024-08-26 17:25:52.946000,-78.68779210932422,35.78353668750351,90.16328117934114,campaign_9,35.78353668750351,-78.68779210932422,90.16328117934114
4G_LTE,-118,2147483647,-118,-18,-89,2147483647,22,67086,77,6,2147483647,2147483647,0,2147483647,[66],[FDD],"Band Number = 66, Uplink = 1710.0 - 1780.0 MHz, Downlink = 1710.0 - 1780.0 MHz ",Unavailable,Unavailable,0,1724707552946,32616.603548391,2024-08-26 17:25:52.946000,-78.68779210932422,35.78353668750351,90.16328117934114,campaign_9,35.78353668750351,-78.68779210932422,90.16328117934114
4G_LTE,-120,2147483647,-120,-18,-91,2147483647,20,67086,178,6,2147483647,2147483647,0,2147483647,[66],[FDD],"Band Number = 66, Uplink = 1710.0 - 1780.0 MHz, Downlink = 1710.0 - 1780.0 MHz ",Unavailable,Unavailable,0,1724707552946,32616.603548391,2024-08-26 17:25:52.946000,-78.68779210932422,35.78353668750351,90.16328117934114,campaign_9,35.78353668750351,-78.68779210932422,90.16328117934114
4G_LTE,-118,2147483647,-118,-16,-91,2147483647,22,67086,368,6,2147483647,2147483647,0,2147483647,[66],[FDD],"Band Number = 66, Uplink = 1710.0 - 1780.0 MHz, Downlink = 1710.0 - 1780.0 MHz ",Unavailable,Unavailable,0,1724707552946,32616.603548391,2024-08-26 17:25:52.946000,-78.68779210932422,35.78353668750351,90.16328117934114,campaign_9,35.78353668750351,-78.68779210932422,90.16328117934114
4G_LTE,-121,2147483647,-121,-20,-89,2147483647,19,67086,219,6,2147483647,2147483647,0,2147483647,[66],[FDD],"Band Number = 66, Uplink = 1710.0 - 1780.0 MHz, Downlink = 1710.0 - 1780.0 MHz ",Unavailable,Unavailable,0,1724707552946,32616.603548391,2024-08-26 17:25:52.946000,-78.68779210932422,35.78353668750351,90.16328117934114,campaign_9,35.78353668750351,-78.68779210932422,90.16328117934114
4G_LTE,-111,2147483647,-111,-12,-91,2147483647,29,950,311,6,2147483647,2147483647,1,2147483647,[2],[FDD],"Band Number = 2, Uplink = 1850.0 - 1910.0 MHz, Downlink = 1850.0 - 1910.0 MHz ",Unavailable,Unavailable,1,1724707552946,32616.603548391,2024-08-26 17:25:52.946000,-78.68779210932422,35.78353668750351,90.16328117934114,campaign_9,35.78353668750351,-78.68779210932422,90.16328117934114
4G_LTE,-115,2147483647,-115,-17,-85,2147483647,25,950,368,6,2147483647,2147483647,1,2147483647,[2],[FDD],"Band Number = 2, Uplink = 1850.0 - 1910.0 MHz, Downlink = 1850.0 - 1910.0 MHz ",Unavailable,Unavailable,0,1724707552946,32616.603548391,2024-08-26 17:25:52.946000,-78.68779210932422,35.78353668750351,90.16328117934114,campaign_9,35.78353668750351,-78.68779210932422,90.16328117934114
4G_LTE,-120,2147483647,-120,-20,-89,2147483647,20,950,77,6,2147483647,2147483647,0,2147483647,[2],[FDD],"Band Number = 2, Uplink = 1850.0 - 1910.0 MHz, Downlink = 1850.0 - 1910.0 MHz ",Unavailable,Unavailable,0,1724707552946,32616.603548391,2024-08-26 17:25:52.946000,-78.68779210932422,35.78353668750351,90.16328117934114,campaign_9,35.78353668750351,-78.68779210932422,90.16328117934114
4G_LTE,-112,2147483647,-112,-11,-93,2147483647,28,66486,311,6,2147483647,2147483647,1,2147483647,[66],[FDD],"Band Number = 66, Uplink = 1710.0 - 1780.0 MHz, Downlink = 1710.0 - 1780.0 MHz ",Unavailable,Unavailable,1,1724707552946,32616.603548391,2024-08-26 17:25:52.946000,-78.68779210932422,35.78353668750351,90.16328117934114,campaign_9,35.78353668750351,-78.68779210932422,90.16328117934114
4G_LTE,-119,2147483647,-119,-17,-93,2147483647,21,66486,368,6,2147483647,2147483647,0,2147483647,[66],[FDD],"Band Number = 66, Uplink = 1710.0 - 1780.0 MHz, Downlink = 1710.0 - 1780.0 MHz ",Unavailable,Unavailable,0,1724707552946,32616.603548391,2024-08-26 17:25:52.946000,-78.68779210932422,35.78353668750351,90.16328117934114,campaign_9,35.78353668750351,-78.68779210932422,90.16328117934114
4G_LTE,-113,2147483647,-113,-18,-83,2147483647,27,66486,502,6,2147483647,2147483647,1,2147483647,[66],[FDD],"Band Number = 66, Uplink = 1710.0 - 1780.0 MHz, Downlink = 1710.0 - 1780.0 MHz ",Unavailable,Unavailable,0,1724707552946,32616.603548391,2024-08-26 17:25:52.946000,-78.68779210932422,35.78353668750351,90.16328117934114,campaign_9,35.78353668750351,-78.68779210932422,90.16328117934114
4G_LTE,-119,2147483647,-119,-20,-89,2147483647,21,66486,387,6,2147483647,2147483647,0,2147483647,[66],[FDD],"Band Number = 66, Uplink = 1710.0 - 1780.0 MHz, Downlink = 1710.0 - 1780.0 MHz ",Unavailable,Unavailable,0,1724707552946,32616.603548391,2024-08-26 17:25:52.946000,-78.68779210932422,35.78353668750351,90.16328117934114,campaign_9,35.78353668750351,-78.68779210932422,90.16328117934114
4G_LTE,-113,6,-113,-12,-83,2147483647,27,67086,311,7,196875971,9995,1,2147483647,[66],[FDD],"Band Number = 66, Uplink = 1710.0 - 1780.0 MHz, Downlink = 1710.0 - 1780.0 MHz ",310,410,1,1724707553948,32617.604967037,2024-08-26 17:25:53.948000,-78.68780817463033,35.78352434361883,89.85433234183658,campaign_9,35.78352434361883,-78.68780817463033,89.85433234183658
4G_LTE,-121,2147483647,-121,-20,-91,2147483647,19,67086,77,7,2147483647,2147483647,0,2147483647,[66],[FDD],"Band Number = 66, Uplink = 1710.0 - 1780.0 MHz, Downlink = 1710.0 - 1780.0 MHz ",Unavailable,Unavailable,0,1724707553948,32617.604967037,2024-08-26 17:25:53.948000,-78.68780817463033,35.78352434361883,89.85433234183658,campaign_9,35.78352434361883,-78.68780817463033,89.85433234183658
4G_LTE,-120,2147483647,-120,-16,-91,2147483647,20,67086,178,7,2147483647,2147483647,0,2147483647,[66],[FDD],"Band Number = 66, Uplink = 1710.0 - 1780.0 MHz, Downlink = 1710.0 - 1780.0 MHz ",Unavailable,Unavailable,0,1724707553948,32617.604967037,2024-08-26 17:25:53.948000,-78.68780817463033,35.78352434361883,89.85433234183658,campaign_9,35.78352434361883,-78.68780817463033,89.85433234183658
4G_LTE,-118,2147483647,-118,-17,-91,2147483647,22,67086,368,7,2147483647,2147483647,0,2147483647,[66],[FDD],"Band Number = 66, Uplink = 1710.0 - 1780.0 MHz, Downlink = 1710.0 - 1780.0 MHz ",Unavailable,Unavailable,0,1724707553948,32617.604967037,2024-08-26 17:25:53.948000,-78.68780817463033,35.78352434361883,89.85433234183658,campaign_9,35.78352434361883,-78.68780817463033,89.85433234183658
4G_LTE,-120,2147483647,-120,-20,-91,2147483647,20,67086,219,7,2147483647,2147483647,0,2147483647,[66],[FDD],"Band Number = 66, Uplink = 1710.0 - 1780.0 MHz, Downlink = 1710.0 - 1780.0 MHz ",Unavailable,Unavailable,0,1724707553948,32617.604967037,2024-08-26 17:25:53.948000,-78.68780817463033,35.78352434361883,89.85433234183658,campaign_9,35.78352434361883,-78.68780817463033,89.85433234183658
4G_LTE,-117,2147483647,-117,-11,-97,2147483647,23,9820,101,7,2147483647,2147483647,0,2147483647,[30],[FDD],"Band Number = 30, Uplink = 2305.0 - 2315.0 MHz, Downlink = 2305.0 - 2315.0 MHz ",Unavailable,Unavailable,0,1724707553948,32617.604967037,2024-08-26 17:25:53.948000,-78.68780817463033,35.78352434361883,89.85433234183658,campaign_9,35.78352434361883,-78.68780817463033,89.85433234183658
4G_LTE,-106,2147483647,-106,-12,-83,2147483647,34,950,311,7,2147483647,2147483647,1,2147483647,[2],[FDD],"Band Number = 2, Uplink = 1850.0 - 1910.0 MHz, Downlink = 1850.0 - 1910.0 MHz ",Unavailable,Unavailable,1,1724707553948,32617.604967037,2024-08-26 17:25:53.948000,-78.68780817463033,35.78352434361883,89.85433234183658,campaign_9,35.78352434361883,-78.68780817463033,89.85433234183658
4G_LTE,-115,2147483647,-115,-20,-83,2147483647,25,950,368,7,2147483647,2147483647,1,2147483647,[2],[FDD],"Band Number = 2, Uplink = 1850.0 - 1910.0 MHz, Downlink = 1850.0 - 1910.0 MHz ",Unavailable,Unavailable,0,1724707553948,32617.604967037,2024-08-26 17:25:53.948000,-78.68780817463033,35.78352434361883,89.85433234183658,campaign_9,35.78352434361883,-78.68780817463033,89.85433234183658
4G_LTE,-120,2147483647,-120,-20,-89,2147483647,20,950,77,7,2147483647,2147483647,0,2147483647,[2],[FDD],"Band Number = 2, Uplink = 1850.0 - 1910.0 MHz, Downlink = 1850.0 - 1910.0 MHz ",Unavailable,Unavailable,0,1724707553948,32617.604967037,2024-08-26 17:25:53.948000,-78.68780817463033,35.78352434361883,89.85433234183658,campaign_9,35.78352434361883,-78.68780817463033,89.85433234183658
4G_LTE,-114,2147483647,-114,-19,-85,2147483647,26,950,356,7,2147483647,2147483647,1,2147483647,[2],[FDD],"Band Number = 2, Uplink = 1850.0 - 1910.0 MHz, Downlink = 1850.0 - 1910.0 MHz ",Unavailable,Unavailable,0,1724707553948,32617.604967037,2024-08-26 17:25:53.948000,-78.68780817463033,35.78352434361883,89.85433234183658,campaign_9,35.78352434361883,-78.68780817463033,89.85433234183658
4G_LTE,-111,2147483647,-111,-9,-93,2147483647,29,66486,311,7,2147483647,2147483647,1,2147483647,[66],[FDD],"Band Number = 66, Uplink = 1710.0 - 1780.0 MHz, Downlink = 1710.0 - 1780.0 MHz ",Unavailable,Unavailable,1,1724707553948,32617.604967037,2024-08-26 17:25:53.948000,-78.68780817463033,35.78352434361883,89.85433234183658,campaign_9,35.78352434361883,-78.68780817463033,89.85433234183658
4G_LTE,-118,2147483647,-118,-16,-93,2147483647,22,66486,368,7,2147483647,2147483647,0,2147483647,[66],[FDD],"Band Number = 66, Uplink = 1710.0 - 1780.0 MHz, Downlink = 1710.0 - 1780.0 MHz ",Unavailable,Unavailable,0,1724707553948,32617.604967037,2024-08-26 17:25:53.948000,-78.68780817463033,35.78352434361883,89.85433234183658,campaign_9,35.78352434361883,-78.68780817463033,89.85433234183658
4G_LTE,-124,2147483647,-124,-16,-93,2147483647,16,66486,502,7,2147483647,2147483647,0,2147483647,[66],[FDD],"Band Number = 66, Uplink = 1710.0 - 1780.0 MHz, Downlink = 1710.0 - 1780.0 MHz ",Unavailable,Unavailable,0,1724707553948,32617.604967037,2024-08-26 17:25:53.948000,-78.68780817463033,35.78352434361883,89.85433234183658,campaign_9,35.78352434361883,-78.68780817463033,89.85433234183658
4G_LTE,-121,2147483647,-121,-19,-91,2147483647,19,66486,387,7,2147483647,2147483647,0,2147483647,[66],[FDD],"Band Number = 66, Uplink = 1710.0 - 1780.0 MHz, Downlink = 1710.0 - 1780.0 MHz ",Unavailable,Unavailable,0,1724707553948,32617.604967037,2024-08-26 17:25:53.948000,-78.68780817463033,35.78352434361883,89.85433234183658,campaign_9,35.78352434361883,-78.68780817463033,89.85433234183658
4G_LTE,-113,6,-113,-12,-83,2147483647,27,67086,311,7,196875971,9995,1,2147483647,[66],[FDD],"Band Number = 66, Uplink = 1710.0 - 1780.0 MHz, Downlink = 1710.0 - 1780.0 MHz ",310,410,1,1724707554948,32618.605536828,2024-08-26 17:25:54.948000,-78.68782420786998,35.783512024372634,89.54600016867832,campaign_9,35.783512024372634,-78.68782420786998,89.54600016867832
4G_LTE,-121,2147483647,-121,-20,-91,2147483647,19,67086,77,7,2147483647,2147483647,0,2147483647,[66],[FDD],"Band Number = 66, Uplink = 1710.0 - 1780.0 MHz, Downlink = 1710.0 - 1780.0 MHz ",Unavailable,Unavailable,0,1724707554948,32618.605536828,2024-08-26 17:25:54.948000,-78.68782420786998,35.783512024372634,89.54600016867832,campaign_9,35.783512024372634,-78.68782420786998,89.54600016867832
4G_LTE,-120,2147483647,-120,-16,-91,2147483647,20,67086,178,7,2147483647,2147483647,0,2147483647,[66],[FDD],"Band Number = 66, Uplink = 1710.0 - 1780.0 MHz, Downlink = 1710.0 - 1780.0 MHz ",Unavailable,Unavailable,0,1724707554948,32618.605536828,2024-08-26 17:25:54.948000,-78.68782420786998,35.783512024372634,89.54600016867832,campaign_9,35.783512024372634,-78.68782420786998,89.54600016867832
4G_LTE,-118,2147483647,-118,-17,-91,2147483647,22,67086,368,7,2147483647,2147483647,0,2147483647,[66],[FDD],"Band Number = 66, Uplink = 1710.0 - 1780.0 MHz, Downlink = 1710.0 - 1780.0 MHz ",Unavailable,Unavailable,0,1724707554948,32618.605536828,2024-08-26 17:25:54.948000,-78.68782420786998,35.783512024372634,89.54600016867832,campaign_9,35.783512024372634,-78.68782420786998,89.54600016867832
4G_LTE,-120,2147483647,-120,-20,-91,2147483647,20,67086,219,7,2147483647,2147483647,0,2147483647,[66],[FDD],"Band Number = 66, Uplink = 1710.0 - 1780.0 MHz, Downlink = 1710.0 - 1780.0 MHz ",Unavailable,Unavailable,0,1724707554948,32618.605536828,2024-08-26 17:25:54.948000,-78.68782420786998,35.783512024372634,89.54600016867832,campaign_9,35.783512024372634,-78.68782420786998,89.54600016867832
4G_LTE,-117,2147483647,-117,-11,-97,2147483647,23,9820,101,7,2147483647,2147483647,0,2147483647,[30],[FDD],"Band Number = 30, Uplink = 2305.0 - 2315.0 MHz, Downlink = 2305.0 - 2315.0 MHz ",Unavailable,Unavailable,0,1724707554948,32618.605536828,2024-08-26 17:25:54.948000,-78.68782420786998,35.783512024372634,89.54600016867832,campaign_9,35.783512024372634,-78.68782420786998,89.54600016867832
4G_LTE,-106,2147483647,-106,-12,-83,2147483647,34,950,311,7,2147483647,2147483647,1,2147483647,[2],[FDD],"Band Number = 2, Uplink = 1850.0 - 1910.0 MHz, Downlink = 1850.0 - 1910.0 MHz ",Unavailable,Unavailable,1,1724707554948,32618.605536828,2024-08-26 17:25:54.948000,-78.68782420786998,35.783512024372634,89.54600016867832,campaign_9,35.783512024372634,-78.68782420786998,89.54600016867832
4G_LTE,-115,2147483647,-115,-20,-83,2147483647,25,950,368,7,2147483647,2147483647,1,2147483647,[2],[FDD],"Band Number = 2, Uplink = 1850.0 - 1910.0 MHz, Downlink = 1850.0 - 1910.0 MHz ",Unavailable,Unavailable,0,1724707554948,32618.605536828,2024-08-26 17:25:54.948000,-78.68782420786998,35.783512024372634,89.54600016867832,campaign_9,35.783512024372634,-78.68782420786998,89.54600016867832
4G_LTE,-120,2147483647,-120,-20,-89,2147483647,20,950,77,7,2147483647,2147483647,0,2147483647,[2],[FDD],"Band Number = 2, Uplink = 1850.0 - 1910.0 MHz, Downlink = 1850.0 - 1910.0 MHz ",Unavailable,Unavailable,0,1724707554948,32618.605536828,2024-08-26 17:25:54.948000,-78.68782420786998,35.783512024372634,89.54600016867832,campaign_9,35.783512024372634,-78.68782420786998,89.54600016867832
4G_LTE,-114,2147483647,-114,-19,-85,2147483647,26,950,356,7,2147483647,2147483647,1,2147483647,[2],[FDD],"Band Number = 2, Uplink = 1850.0 - 1910.0 MHz, Downlink = 1850.0 - 1910.0 MHz ",Unavailable,Unavailable,0,1724707554948,32618.605536828,2024-08-26 17:25:54.948000,-78.68782420786998,35.783512024372634,89.54600016867832,campaign_9,35.783512024372634,-78.68782420786998,89.54600016867832
4G_LTE,-111,2147483647,-111,-9,-93,2147483647,29,66486,311,7,2147483647,2147483647,1,2147483647,[66],[FDD],"Band Number = 66, Uplink = 1710.0 - 1780.0 MHz, Downlink = 1710.0 - 1780.0 MHz ",Unavailable,Unavailable,1,1724707554948,32618.605536828,2024-08-26 17:25:54.948000,-78.68782420786998,35.783512024372634,89.54600016867832,campaign_9,35.783512024372634,-78.68782420786998,89.54600016867832
4G_LTE,-118,2147483647,-118,-16,-93,2147483647,22,66486,368,7,2147483647,2147483647,0,2147483647,[66],[FDD],"Band Number = 66, Uplink = 1710.0 - 1780.0 MHz, Downlink = 1710.0 - 1780.0 MHz ",Unavailable,Unavailable,0,1724707554948,32618.605536828,2024-08-26 17:25:54.948000,-78.68782420786998,35.783512024372634,89.54600016867832,campaign_9,35.783512024372634,-78.68782420786998,89.54600016867832
4G_LTE,-124,2147483647,-124,-16,-93,2147483647,16,66486,502,7,2147483647,2147483647,0,2147483647,[66],[FDD],"Band Number = 66, Uplink = 1710.0 - 1780.0 MHz, Downlink = 1710.0 - 1780.0 MHz ",Unavailable,Unavailable,0,1724707554948,32618.605536828,2024-08-26 17:25:54.948000,-78.68782420786998,35.783512024372634,89.54600016867832,campaign_9,35.783512024372634,-78.68782420786998,89.54600016867832
4G_LTE,-121,2147483647,-121,-19,-91,2147483647,19,66486,387,7,2147483647,2147483647,0,2147483647,[66],[FDD],"Band Number = 66, Uplink = 1710.0 - 1780.0 MHz, Downlink = 1710.0 - 1780.0 MHz ",Unavailable,Unavailable,0,1724707554948,32618.605536828,2024-08-26 17:25:54.948000,-78.68782420786998,35.783512024372634,89.54600016867832,campaign_9,35.783512024372634,-78.68782420786998,89.54600016867832
4G_LTE,-114,5,-114,-14,-81,2147483647,26,67086,311,7,196875971,9995,1,2147483647,[66],[FDD],"Band Number = 66, Uplink = 1710.0 - 1780.0 MHz, Downlink = 1710.0 - 1780.0 MHz ",310,410,1,1724707555949,32619.606674588,2024-08-26 17:25:55.949000,-78.68784025714287,35.78349969280719,89.23735966334691,campaign_9,35.78349969280719,-78.68784025714287,89.23735966334691
4G_LTE,-120,2147483647,-120,-19,-91,2147483647,20,67086,219,7,2147483647,2147483647,0,2147483647,[66],[FDD],"Band Number = 66, Uplink = 1710.0 - 1780.0 MHz, Downlink = 1710.0 - 1780.0 MHz ",Unavailable,Unavailable,0,1724707555949,32619.606674588,2024-08-26 17:25:55.949000,-78.68784025714287,35.78349969280719,89.23735966334691,campaign_9,35.78349969280719,-78.68784025714287,89.23735966334691
4G_LTE,-120,2147483647,-120,-20,-89,2147483647,20,67086,178,7,2147483647,2147483647,0,2147483647,[66],[FDD],"Band Number = 66, Uplink = 1710.0 - 1780.0 MHz, Downlink = 1710.0 - 1780.0 MHz ",Unavailable,Unavailable,0,1724707555949,32619.606674588,2024-08-26 17:25:55.949000,-78.68784025714287,35.78349969280719,89.23735966334691,campaign_9,35.78349969280719,-78.68784025714287,89.23735966334691
4G_LTE,-116,2147483647,-116,-15,-91,2147483647,24,67086,368,7,2147483647,2147483647,0,2147483647,[66],[FDD],"Band Number = 66, Uplink = 1710.0 - 1780.0 MHz, Downlink = 1710.0 - 1780.0 MHz ",Unavailable,Unavailable,0,1724707555949,32619.606674588,2024-08-26 17:25:55.949000,-78.68784025714287,35.78349969280719,89.23735966334691,campaign_9,35.78349969280719,-78.68784025714287,89.23735966334691
4G_LTE,-121,2147483647,-121,-15,-97,2147483647,19,9820,101,7,2147483647,2147483647,0,2147483647,[30],[FDD],"Band Number = 30, Uplink = 2305.0 - 2315.0 MHz, Downlink = 2305.0 - 2315.0 MHz ",Unavailable,Unavailable,0,1724707555949,32619.606674588,2024-08-26 17:25:55.949000,-78.68784025714287,35.78349969280719,89.23735966334691,campaign_9,35.78349969280719,-78.68784025714287,89.23735966334691
4G_LTE,-107,2147483647,-107,-13,-85,2147483647,33,950,311,7,2147483647,2147483647,1,2147483647,[2],[FDD],"Band Number = 2, Uplink = 1850.0 - 1910.0 MHz, Downlink = 1850.0 - 1910.0 MHz ",Unavailable,Unavailable,1,1724707555949,32619.606674588,2024-08-26 17:25:55.949000,-78.68784025714287,35.78349969280719,89.23735966334691,campaign_9,35.78349969280719,-78.68784025714287,89.23735966334691
4G_LTE,-113,2147483647,-113,-18,-85,2147483647,27,950,368,7,2147483647,2147483647,1,2147483647,[2],[FDD],"Band Number = 2, Uplink = 1850.0 - 1910.0 MHz, Downlink = 1850.0 - 1910.0 MHz ",Unavailable,Unavailable,0,1724707555949,32619.606674588,2024-08-26 17:25:55.949000,-78.68784025714287,35.78349969280719,89.23735966334691,campaign_9,35.78349969280719,-78.68784025714287,89.23735966334691
4G_LTE,-115,2147483647,-115,-20,-85,2147483647,25,950,356,7,2147483647,2147483647,1,2147483647,[2],[FDD],"Band Number = 2, Uplink = 1850.0 - 1910.0 MHz, Downlink = 1850.0 - 1910.0 MHz ",Unavailable,Unavailable,0,1724707555949,32619.606674588,2024-08-26 17:25:55.949000,-78.68784025714287,35.78349969280719,89.23735966334691,campaign_9,35.78349969280719,-78.68784025714287,89.23735966334691
4G_LTE,-112,2147483647,-112,-13,-89,2147483647,28,66486,311,7,2147483647,2147483647,1,2147483647,[66],[FDD],"Band Number = 66, Uplink = 1710.0 - 1780.0 MHz, Downlink = 1710.0 - 1780.0 MHz ",Unavailable,Unavailable,1,1724707555949,32619.606674588,2024-08-26 17:25:55.949000,-78.68784025714287,35.78349969280719,89.23735966334691,campaign_9,35.78349969280719,-78.68784025714287,89.23735966334691
4G_LTE,-118,2147483647,-118,-17,-89,2147483647,22,66486,368,7,2147483647,2147483647,0,2147483647,[66],[FDD],"Band Number = 66, Uplink = 1710.0 - 1780.0 MHz, Downlink = 1710.0 - 1780.0 MHz ",Unavailable,Unavailable,0,1724707555949,32619.606674588,2024-08-26 17:25:55.949000,-78.68784025714287,35.78349969280719,89.23735966334691,campaign_9,35.78349969280719,-78.68784025714287,89.23735966334691
4G_LTE,-116,2147483647,-116,-18,-87,2147483647,24,66486,387,7,2147483647,2147483647,0,2147483647,[66],[FDD],"Band Number = 66, Uplink = 1710.0 - 1780.0 MHz, Downlink = 1710.0 - 1780.0 MHz ",Unavailable,Unavailable,0,1724707555949,32619.606674588,2024-08-26 17:25:55.949000,-78.68784025714287,35.78349969280719,89.23735966334691,campaign_9,35.78349969280719,-78.68784025714287,89.23735966334691
4G_LTE,-114,5,-114,-14,-81,2147483647,26,67086,311,7,196875971,9995,1,2147483647,[66],[FDD],"Band Number = 66, Uplink = 1710.0 - 1780.0 MHz, Downlink = 1710.0 - 1780.0 MHz ",310,410,1,1724707556950,32620.607767192,2024-08-26 17:25:56.950000,-78.6878422,35.7834982,89.19999694824219,campaign_9,35.7834982,-78.6878422,89.19999694824219
4G_LTE,-120,2147483647,-120,-19,-91,2147483647,20,67086,219,7,2147483647,2147483647,0,2147483647,[66],[FDD],"Band Number = 66, Uplink = 1710.0 - 1780.0 MHz, Downlink = 1710.0 - 1780.0 MHz ",Unavailable,Unavailable,0,1724707556950,32620.607767192,2024-08-26 17:25:56.950000,-78.6878422,35.7834982,89.19999694824219,campaign_9,35.7834982,-78.6878422,89.19999694824219
4G_LTE,-120,2147483647,-120,-20,-89,2147483647,20,67086,178,7,2147483647,2147483647,0,2147483647,[66],[FDD],"Band Number = 66, Uplink = 1710.0 - 1780.0 MHz, Downlink = 1710.0 - 1780.0 MHz ",Unavailable,Unavailable,0,1724707556950,32620.607767192,2024-08-26 17:25:56.950000,-78.6878422,35.7834982,89.19999694824219,campaign_9,35.7834982,-78.6878422,89.19999694824219
4G_LTE,-116,2147483647,-116,-15,-91,2147483647,24,67086,368,7,2147483647,2147483647,0,2147483647,[66],[FDD],"Band Number = 66, Uplink = 1710.0 - 1780.0 MHz, Downlink = 1710.0 - 1780.0 MHz ",Unavailable,Unavailable,0,1724707556950,32620.607767192,2024-08-26 17:25:56.950000,-78.6878422,35.7834982,89.19999694824219,campaign_9,35.7834982,-78.6878422,89.19999694824219
4G_LTE,-121,2147483647,-121,-15,-97,2147483647,19,9820,101,7,2147483647,2147483647,0,2147483647,[30],[FDD],"Band Number = 30, Uplink = 2305.0 - 2315.0 MHz, Downlink = 2305.0 - 2315.0 MHz ",Unavailable,Unavailable,0,1724707556950,32620.607767192,2024-08-26 17:25:56.950000,-78.6878422,35.7834982,89.19999694824219,campaign_9,35.7834982,-78.6878422,89.19999694824219
4G_LTE,-107,2147483647,-107,-13,-85,2147483647,33,950,311,7,2147483647,2147483647,1,2147483647,[2],[FDD],"Band Number = 2, Uplink = 1850.0 - 1910.0 MHz, Downlink = 1850.0 - 1910.0 MHz ",Unavailable,Unavailable,1,1724707556950,32620.607767192,2024-08-26 17:25:56.950000,-78.6878422,35.7834982,89.19999694824219,campaign_9,35.7834982,-78.6878422,89.19999694824219
4G_LTE,-113,2147483647,-113,-18,-85,2147483647,27,950,368,7,2147483647,2147483647,1,2147483647,[2],[FDD],"Band Number = 2, Uplink = 1850.0 - 1910.0 MHz, Downlink = 1850.0 - 1910.0 MHz ",Unavailable,Unavailable,0,1724707556950,32620.607767192,2024-08-26 17:25:56.950000,-78.6878422,35.7834982,89.19999694824219,campaign_9,35.7834982,-78.6878422,89.19999694824219
4G_LTE,-115,2147483647,-115,-20,-85,2147483647,25,950,356,7,2147483647,2147483647,1,2147483647,[2],[FDD],"Band Number = 2, Uplink = 1850.0 - 1910.0 MHz, Downlink = 1850.0 - 1910.0 MHz ",Unavailable,Unavailable,0,1724707556950,32620.607767192,2024-08-26 17:25:56.950000,-78.6878422,35.7834982,89.19999694824219,campaign_9,35.7834982,-78.6878422,89.19999694824219
4G_LTE,-112,2147483647,-112,-13,-89,2147483647,28,66486,311,7,2147483647,2147483647,1,2147483647,[66],[FDD],"Band Number = 66, Uplink = 1710.0 - 1780.0 MHz, Downlink = 1710.0 - 1780.0 MHz ",Unavailable,Unavailable,1,1724707556950,32620.607767192,2024-08-26 17:25:56.950000,-78.6878422,35.7834982,89.19999694824219,campaign_9,35.7834982,-78.6878422,89.19999694824219
4G_LTE,-118,2147483647,-118,-17,-89,2147483647,22,66486,368,7,2147483647,2147483647,0,2147483647,[66],[FDD],"Band Number = 66, Uplink = 1710.0 - 1780.0 MHz, Downlink = 1710.0 - 1780.0 MHz ",Unavailable,Unavailable,0,1724707556950,32620.607767192,2024-08-26 17:25:56.950000,-78.6878422,35.7834982,89.19999694824219,campaign_9,35.7834982,-78.6878422,89.19999694824219
4G_LTE,-116,2147483647,-116,-18,-87,2147483647,24,66486,387,7,2147483647,2147483647,0,2147483647,[66],[FDD],"Band Number = 66, Uplink = 1710.0 - 1780.0 MHz, Downlink = 1710.0 - 1780.0 MHz ",Unavailable,Unavailable,0,1724707556950,32620.607767192,2024-08-26 17:25:56.950000,-78.6878422,35.7834982,89.19999694824219,campaign_9,35.7834982,-78.6878422,89.19999694824219
4G_LTE,-116,5,-116,-15,-81,2147483647,24,67086,311,7,196875971,9995,0,2147483647,[66],[FDD],"Band Number = 66, Uplink = 1710.0 - 1780.0 MHz, Downlink = 1710.0 - 1780.0 MHz ",310,410,1,1724707557962,32621.619149014,2024-08-26 17:25:57.962000,-78.6878422,35.7834982,89.19999694824219,campaign_9,35.7834982,-78.6878422,89.19999694824219
4G_LTE,-122,2147483647,-122,-19,-95,2147483647,18,67086,219,7,2147483647,2147483647,0,2147483647,[66],[FDD],"Band Number = 66, Uplink = 1710.0 - 1780.0 MHz, Downlink = 1710.0 - 1780.0 MHz ",Unavailable,Unavailable,0,1724707557962,32621.619149014,2024-08-26 17:25:57.962000,-78.6878422,35.7834982,89.19999694824219,campaign_9,35.7834982,-78.6878422,89.19999694824219
4G_LTE,-121,2147483647,-121,-18,-93,2147483647,19,67086,178,7,2147483647,2147483647,0,2147483647,[66],[FDD],"Band Number = 66, Uplink = 1710.0 - 1780.0 MHz, Downlink = 1710.0 - 1780.0 MHz ",Unavailable,Unavailable,0,1724707557962,32621.619149014,2024-08-26 17:25:57.962000,-78.6878422,35.7834982,89.19999694824219,campaign_9,35.7834982,-78.6878422,89.19999694824219
4G_LTE,-121,2147483647,-121,-18,-95,2147483647,19,67086,368,7,2147483647,2147483647,0,2147483647,[66],[FDD],"Band Number = 66, Uplink = 1710.0 - 1780.0 MHz, Downlink = 1710.0 - 1780.0 MHz ",Unavailable,Unavailable,0,1724707557962,32621.619149014,2024-08-26 17:25:57.962000,-78.6878422,35.7834982,89.19999694824219,campaign_9,35.7834982,-78.6878422,89.19999694824219
4G_LTE,-119,2147483647,-119,-15,-95,2147483647,21,67086,405,7,2147483647,2147483647,0,2147483647,[66],[FDD],"Band Number = 66, Uplink = 1710.0 - 1780.0 MHz, Downlink = 1710.0 - 1780.0 MHz ",Unavailable,Unavailable,0,1724707557962,32621.619149014,2024-08-26 17:25:57.962000,-78.6878422,35.7834982,89.19999694824219,campaign_9,35.7834982,-78.6878422,89.19999694824219
4G_LTE,-121,2147483647,-121,-13,-99,2147483647,19,9820,101,7,2147483647,2147483647,0,2147483647,[30],[FDD],"Band Number = 30, Uplink = 2305.0 - 2315.0 MHz, Downlink = 2305.0 - 2315.0 MHz ",Unavailable,Unavailable,0,1724707557962,32621.619149014,2024-08-26 17:25:57.962000,-78.6878422,35.7834982,89.19999694824219,campaign_9,35.7834982,-78.6878422,89.19999694824219
4G_LTE,-125,2147483647,-125,-17,-97,2147483647,15,9820,282,7,2147483647,2147483647,0,2147483647,[30],[FDD],"Band Number = 30, Uplink = 2305.0 - 2315.0 MHz, Downlink = 2305.0 - 2315.0 MHz ",Unavailable,Unavailable,0,1724707557962,32621.619149014,2024-08-26 17:25:57.962000,-78.6878422,35.7834982,89.19999694824219,campaign_9,35.7834982,-78.6878422,89.19999694824219
4G_LTE,-125,2147483647,-125,-17,-99,2147483647,15,9820,44,7,2147483647,2147483647,0,2147483647,[30],[FDD],"Band Number = 30, Uplink = 2305.0 - 2315.0 MHz, Downlink = 2305.0 - 2315.0 MHz ",Unavailable,Unavailable,0,1724707557962,32621.619149014,2024-08-26 17:25:57.962000,-78.6878422,35.7834982,89.19999694824219,campaign_9,35.7834982,-78.6878422,89.19999694824219
4G_LTE,-114,2147483647,-114,-15,-89,2147483647,26,950,311,7,2147483647,2147483647,1,2147483647,[2],[FDD],"Band Number = 2, Uplink = 1850.0 - 1910.0 MHz, Downlink = 1850.0 - 1910.0 MHz ",Unavailable,Unavailable,1,1724707557962,32621.619149014,2024-08-26 17:25:57.962000,-78.6878422,35.7834982,89.19999694824219,campaign_9,35.7834982,-78.6878422,89.19999694824219
4G_LTE,-118,2147483647,-118,-19,-89,2147483647,22,950,368,7,2147483647,2147483647,0,2147483647,[2],[FDD],"Band Number = 2, Uplink = 1850.0 - 1910.0 MHz, Downlink = 1850.0 - 1910.0 MHz ",Unavailable,Unavailable,0,1724707557962,32621.619149014,2024-08-26 17:25:57.962000,-78.6878422,35.7834982,89.19999694824219,campaign_9,35.7834982,-78.6878422,89.19999694824219
4G_LTE,-120,2147483647,-120,-20,-89,2147483647,20,950,356,7,2147483647,2147483647,0,2147483647,[2],[FDD],"Band Number = 2, Uplink = 1850.0 - 1910.0 MHz, Downlink = 1850.0 - 1910.0 MHz ",Unavailable,Unavailable,0,1724707557962,32621.619149014,2024-08-26 17:25:57.962000,-78.6878422,35.7834982,89.19999694824219,campaign_9,35.7834982,-78.6878422,89.19999694824219
4G_LTE,-119,2147483647,-119,-15,-95,2147483647,21,66486,311,7,2147483647,2147483647,0,2147483647,[66],[FDD],"Band Number = 66, Uplink = 1710.0 - 1780.0 MHz, Downlink = 1710.0 - 1780.0 MHz ",Unavailable,Unavailable,1,1724707557962,32621.619149014,2024-08-26 17:25:57.962000,-78.6878422,35.7834982,89.19999694824219,campaign_9,35.7834982,-78.6878422,89.19999694824219
4G_LTE,-121,2147483647,-121,-17,-95,2147483647,19,66486,368,7,2147483647,2147483647,0,2147483647,[66],[FDD],"Band Number = 66, Uplink = 1710.0 - 1780.0 MHz, Downlink = 1710.0 - 1780.0 MHz ",Unavailable,Unavailable,0,1724707557962,32621.619149014,2024-08-26 17:25:57.962000,-78.6878422,35.7834982,89.19999694824219,campaign_9,35.7834982,-78.6878422,89.19999694824219
4G_LTE,-122,2147483647,-122,-17,-95,2147483647,18,66486,387,7,2147483647,2147483647,0,2147483647,[66],[FDD],"Band Number = 66, Uplink = 1710.0 - 1780.0 MHz, Downlink = 1710.0 - 1780.0 MHz ",Unavailable,Unavailable,0,1724707557962,32621.619149014,2024-08-26 17:25:57.962000,-78.6878422,35.7834982,89.19999694824219,campaign_9,35.7834982,-78.6878422,89.19999694824219
4G_LTE,-116,5,-116,-15,-81,2147483647,24,67086,311,7,196875971,9995,0,2147483647,[66],[FDD],"Band Number = 66, Uplink = 1710.0 - 1780.0 MHz, Downlink = 1710.0 - 1780.0 MHz ",310,410,1,1724707558963,32622.620466462,2024-08-26 17:25:58.963000,-78.6878422,35.7834982,89.19999694824219,campaign_9,35.7834982,-78.6878422,89.19999694824219
4G_LTE,-122,2147483647,-122,-19,-95,2147483647,18,67086,219,7,2147483647,2147483647,0,2147483647,[66],[FDD],"Band Number = 66, Uplink = 1710.0 - 1780.0 MHz, Downlink = 1710.0 - 1780.0 MHz ",Unavailable,Unavailable,0,1724707558963,32622.620466462,2024-08-26 17:25:58.963000,-78.6878422,35.7834982,89.19999694824219,campaign_9,35.7834982,-78.6878422,89.19999694824219
4G_LTE,-121,2147483647,-121,-18,-93,2147483647,19,67086,178,7,2147483647,2147483647,0,2147483647,[66],[FDD],"Band Number = 66, Uplink = 1710.0 - 1780.0 MHz, Downlink = 1710.0 - 1780.0 MHz ",Unavailable,Unavailable,0,1724707558963,32622.620466462,2024-08-26 17:25:58.963000,-78.6878422,35.7834982,89.19999694824219,campaign_9,35.7834982,-78.6878422,89.19999694824219
4G_LTE,-121,2147483647,-121,-18,-95,2147483647,19,67086,368,7,2147483647,2147483647,0,2147483647,[66],[FDD],"Band Number = 66, Uplink = 1710.0 - 1780.0 MHz, Downlink = 1710.0 - 1780.0 MHz ",Unavailable,Unavailable,0,1724707558963,32622.620466462,2024-08-26 17:25:58.963000,-78.6878422,35.7834982,89.19999694824219,campaign_9,35.7834982,-78.6878422,89.19999694824219
4G_LTE,-119,2147483647,-119,-15,-95,2147483647,21,67086,405,7,2147483647,2147483647,0,2147483647,[66],[FDD],"Band Number = 66, Uplink = 1710.0 - 1780.0 MHz, Downlink = 1710.0 - 1780.0 MHz ",Unavailable,Unavailable,0,1724707558963,32622.620466462,2024-08-26 17:25:58.963000,-78.6878422,35.7834982,89.19999694824219,campaign_9,35.7834982,-78.6878422,89.19999694824219
4G_LTE,-121,2147483647,-121,-13,-99,2147483647,19,9820,101,7,2147483647,2147483647,0,2147483647,[30],[FDD],"Band Number = 30, Uplink = 2305.0 - 2315.0 MHz, Downlink = 2305.0 - 2315.0 MHz ",Unavailable,Unavailable,0,1724707558963,32622.620466462,2024-08-26 17:25:58.963000,-78.6878422,35.7834982,89.19999694824219,campaign_9,35.7834982,-78.6878422,89.19999694824219
4G_LTE,-125,2147483647,-125,-17,-97,2147483647,15,9820,282,7,2147483647,2147483647,0,2147483647,[30],[FDD],"Band Number = 30, Uplink = 2305.0 - 2315.0 MHz, Downlink = 2305.0 - 2315.0 MHz ",Unavailable,Unavailable,0,1724707558963,32622.620466462,2024-08-26 17:25:58.963000,-78.6878422,35.7834982,89.19999694824219,campaign_9,35.7834982,-78.6878422,89.19999694824219
4G_LTE,-125,2147483647,-125,-17,-99,2147483647,15,9820,44,7,2147483647,2147483647,0,2147483647,[30],[FDD],"Band Number = 30, Uplink = 2305.0 - 2315.0 MHz, Downlink = 2305.0 - 2315.0 MHz ",Unavailable,Unavailable,0,1724707558963,32622.620466462,2024-08-26 17:25:58.963000,-78.6878422,35.7834982,89.19999694824219,campaign_9,35.7834982,-78.6878422,89.19999694824219
4G_LTE,-114,2147483647,-114,-15,-89,2147483647,26,950,311,7,2147483647,2147483647,1,2147483647,[2],[FDD],"Band Number = 2, Uplink = 1850.0 - 1910.0 MHz, Downlink = 1850.0 - 1910.0 MHz ",Unavailable,Unavailable,1,1724707558963,32622.620466462,2024-08-26 17:25:58.963000,-78.6878422,35.7834982,89.19999694824219,campaign_9,35.7834982,-78.6878422,89.19999694824219
4G_LTE,-118,2147483647,-118,-19,-89,2147483647,22,950,368,7,2147483647,2147483647,0,2147483647,[2],[FDD],"Band Number = 2, Uplink = 1850.0 - 1910.0 MHz, Downlink = 1850.0 - 1910.0 MHz ",Unavailable,Unavailable,0,1724707558963,32622.620466462,2024-08-26 17:25:58.963000,-78.6878422,35.7834982,89.19999694824219,campaign_9,35.7834982,-78.6878422,89.19999694824219
4G_LTE,-120,2147483647,-120,-20,-89,2147483647,20,950,356,7,2147483647,2147483647,0,2147483647,[2],[FDD],"Band Number = 2, Uplink = 1850.0 - 1910.0 MHz, Downlink = 1850.0 - 1910.0 MHz ",Unavailable,Unavailable,0,1724707558963,32622.620466462,2024-08-26 17:25:58.963000,-78.6878422,35.7834982,89.19999694824219,campaign_9,35.7834982,-78.6878422,89.19999694824219
4G_LTE,-119,2147483647,-119,-15,-95,2147483647,21,66486,311,7,2147483647,2147483647,0,2147483647,[66],[FDD],"Band Number = 66, Uplink = 1710.0 - 1780.0 MHz, Downlink = 1710.0 - 1780.0 MHz ",Unavailable,Unavailable,1,1724707558963,32622.620466462,2024-08-26 17:25:58.963000,-78.6878422,35.7834982,89.19999694824219,campaign_9,35.7834982,-78.6878422,89.19999694824219
4G_LTE,-121,2147483647,-121,-17,-95,2147483647,19,66486,368,7,2147483647,2147483647,0,2147483647,[66],[FDD],"Band Number = 66, Uplink = 1710.0 - 1780.0 MHz, Downlink = 1710.0 - 1780.0 MHz ",Unavailable,Unavailable,0,1724707558963,32622.620466462,2024-08-26 17:25:58.963000,-78.6878422,35.7834982,89.19999694824219,campaign_9,35.7834982,-78.6878422,89.19999694824219
4G_LTE,-122,2147483647,-122,-17,-95,2147483647,18,66486,387,7,2147483647,2147483647,0,2147483647,[66],[FDD],"Band Number = 66, Uplink = 1710.0 - 1780.0 MHz, Downlink = 1710.0 - 1780.0 MHz ",Unavailable,Unavailable,0,1724707558963,32622.620466462,2024-08-26 17:25:58.963000,-78.6878422,35.7834982,89.19999694824219,campaign_9,35.7834982,-78.6878422,89.19999694824219
4G_LTE,-117,4,-117,-16,-83,2147483647,23,67086,311,7,196875971,9995,0,2147483647,[66],[FDD],"Band Number = 66, Uplink = 1710.0 - 1780.0 MHz, Downlink = 1710.0 - 1780.0 MHz ",310,410,1,1724707559964,32623.621149951,2024-08-26 17:25:59.964000,-78.6878422,35.7834982,89.19999694824219,campaign_9,35.7834982,-78.6878422,89.19999694824219
4G_LTE,-122,2147483647,-122,-19,-91,2147483647,18,67086,219,7,2147483647,2147483647,0,2147483647,[66],[FDD],"Band Number = 66, Uplink = 1710.0 - 1780.0 MHz, Downlink = 1710.0 - 1780.0 MHz ",Unavailable,Unavailable,0,1724707559964,32623.621149951,2024-08-26 17:25:59.964000,-78.6878422,35.7834982,89.19999694824219,campaign_9,35.7834982,-78.6878422,89.19999694824219
4G_LTE,-121,2147483647,-121,-17,-91,2147483647,19,67086,178,7,2147483647,2147483647,0,2147483647,[66],[FDD],"Band Number = 66, Uplink = 1710.0 - 1780.0 MHz, Downlink = 1710.0 - 1780.0 MHz ",Unavailable,Unavailable,0,1724707559964,32623.621149951,2024-08-26 17:25:59.964000,-78.6878422,35.7834982,89.19999694824219,campaign_9,35.7834982,-78.6878422,89.19999694824219
4G_LTE,-120,2147483647,-120,-17,-91,2147483647,20,67086,368,7,2147483647,2147483647,0,2147483647,[66],[FDD],"Band Number = 66, Uplink = 1710.0 - 1780.0 MHz, Downlink = 1710.0 - 1780.0 MHz ",Unavailable,Unavailable,0,1724707559964,32623.621149951,2024-08-26 17:25:59.964000,-78.6878422,35.7834982,89.19999694824219,campaign_9,35.7834982,-78.6878422,89.19999694824219
4G_LTE,-121,2147483647,-121,-16,-95,2147483647,19,9820,101,7,2147483647,2147483647,0,2147483647,[30],[FDD],"Band Number = 30, Uplink = 2305.0 - 2315.0 MHz, Downlink = 2305.0 - 2315.0 MHz ",Unavailable,Unavailable,0,1724707559964,32623.621149951,2024-08-26 17:25:59.964000,-78.6878422,35.7834982,89.19999694824219,campaign_9,35.7834982,-78.6878422,89.19999694824219
4G_LTE,-125,2147483647,-125,-17,-97,2147483647,15,9820,282,7,2147483647,2147483647,0,2147483647,[30],[FDD],"Band Number = 30, Uplink = 2305.0 - 2315.0 MHz, Downlink = 2305.0 - 2315.0 MHz ",Unavailable,Unavailable,0,1724707559964,32623.621149951,2024-08-26 17:25:59.964000,-78.6878422,35.7834982,89.19999694824219,campaign_9,35.7834982,-78.6878422,89.19999694824219
4G_LTE,-127,2147483647,-127,-17,-95,2147483647,13,9820,44,7,2147483647,2147483647,0,2147483647,[30],[FDD],"Band Number = 30, Uplink = 2305.0 - 2315.0 MHz, Downlink = 2305.0 - 2315.0 MHz ",Unavailable,Unavailable,0,1724707559964,32623.621149951,2024-08-26 17:25:59.964000,-78.6878422,35.7834982,89.19999694824219,campaign_9,35.7834982,-78.6878422,89.19999694824219
4G_LTE,-112,2147483647,-112,-15,-87,2147483647,28,950,311,7,2147483647,2147483647,1,2147483647,[2],[FDD],"Band Number = 2, Uplink = 1850.0 - 1910.0 MHz, Downlink = 1850.0 - 1910.0 MHz ",Unavailable,Unavailable,1,1724707559964,32623.621149951,2024-08-26 17:25:59.964000,-78.6878422,35.7834982,89.19999694824219,campaign_9,35.7834982,-78.6878422,89.19999694824219
4G_LTE,-115,2147483647,-115,-18,-87,2147483647,25,950,368,7,2147483647,2147483647,1,2147483647,[2],[FDD],"Band Number = 2, Uplink = 1850.0 - 1910.0 MHz, Downlink = 1850.0 - 1910.0 MHz ",Unavailable,Unavailable,0,1724707559964,32623.621149951,2024-08-26 17:25:59.964000,-78.6878422,35.7834982,89.19999694824219,campaign_9,35.7834982,-78.6878422,89.19999694824219
4G_LTE,-115,2147483647,-115,-18,-87,2147483647,25,950,356,7,2147483647,2147483647,1,2147483647,[2],[FDD],"Band Number = 2, Uplink = 1850.0 - 1910.0 MHz, Downlink = 1850.0 - 1910.0 MHz ",Unavailable,Unavailable,0,1724707559964,32623.621149951,2024-08-26 17:25:59.964000,-78.6878422,35.7834982,89.19999694824219,campaign_9,35.7834982,-78.6878422,89.19999694824219
4G_LTE,-116,2147483647,-116,-15,-91,2147483647,24,66486,311,7,2147483647,2147483647,0,2147483647,[66],[FDD],"Band Number = 66, Uplink = 1710.0 - 1780.0 MHz, Downlink = 1710.0 - 1780.0 MHz ",Unavailable,Unavailable,1,1724707559964,32623.621149951,2024-08-26 17:25:59.964000,-78.6878422,35.7834982,89.19999694824219,campaign_9,35.7834982,-78.6878422,89.19999694824219
4G_LTE,-120,2147483647,-120,-19,-91,2147483647,20,66486,368,7,2147483647,2147483647,0,2147483647,[66],[FDD],"Band Number = 66, Uplink = 1710.0 - 1780.0 MHz, Downlink = 1710.0 - 1780.0 MHz ",Unavailable,Unavailable,0,1724707559964,32623.621149951,2024-08-26 17:25:59.964000,-78.6878422,35.7834982,89.19999694824219,campaign_9,35.7834982,-78.6878422,89.19999694824219
4G_LTE,-119,2147483647,-119,-16,-91,2147483647,21,66486,387,7,2147483647,2147483647,0,2147483647,[66],[FDD],"Band Number = 66, Uplink = 1710.0 - 1780.0 MHz, Downlink = 1710.0 - 1780.0 MHz ",Unavailable,Unavailable,0,1724707559964,32623.621149951,2024-08-26 17:25:59.964000,-78.6878422,35.7834982,89.19999694824219,campaign_9,35.7834982,-78.6878422,89.19999694824219
4G_LTE,-117,4,-117,-16,-83,2147483647,23,67086,311,7,196875971,9995,0,2147483647,[66],[FDD],"Band Number = 66, Uplink = 1710.0 - 1780.0 MHz, Downlink = 1710.0 - 1780.0 MHz ",310,410,1,1724707560966,32624.623250211,2024-08-26 17:26:00.966000,-78.6878422,35.7834982,89.19999694824219,campaign_9,35.7834982,-78.6878422,89.19999694824219
4G_LTE,-122,2147483647,-122,-19,-91,2147483647,18,67086,219,7,2147483647,2147483647,0,2147483647,[66],[FDD],"Band Number = 66, Uplink = 1710.0 - 1780.0 MHz, Downlink = 1710.0 - 1780.0 MHz ",Unavailable,Unavailable,0,1724707560966,32624.623250211,2024-08-26 17:26:00.966000,-78.6878422,35.7834982,89.19999694824219,campaign_9,35.7834982,-78.6878422,89.19999694824219
4G_LTE,-121,2147483647,-121,-17,-91,2147483647,19,67086,178,7,2147483647,2147483647,0,2147483647,[66],[FDD],"Band Number = 66, Uplink = 1710.0 - 1780.0 MHz, Downlink = 1710.0 - 1780.0 MHz ",Unavailable,Unavailable,0,1724707560966,32624.623250211,2024-08-26 17:26:00.966000,-78.6878422,35.7834982,89.19999694824219,campaign_9,35.7834982,-78.6878422,89.19999694824219
4G_LTE,-120,2147483647,-120,-17,-91,2147483647,20,67086,368,7,2147483647,2147483647,0,2147483647,[66],[FDD],"Band Number = 66, Uplink = 1710.0 - 1780.0 MHz, Downlink = 1710.0 - 1780.0 MHz ",Unavailable,Unavailable,0,1724707560966,32624.623250211,2024-08-26 17:26:00.966000,-78.6878422,35.7834982,89.19999694824219,campaign_9,35.7834982,-78.6878422,89.19999694824219
4G_LTE,-121,2147483647,-121,-16,-95,2147483647,19,9820,101,7,2147483647,2147483647,0,2147483647,[30],[FDD],"Band Number = 30, Uplink = 2305.0 - 2315.0 MHz, Downlink = 2305.0 - 2315.0 MHz ",Unavailable,Unavailable,0,1724707560966,32624.623250211,2024-08-26 17:26:00.966000,-78.6878422,35.7834982,89.19999694824219,campaign_9,35.7834982,-78.6878422,89.19999694824219
4G_LTE,-125,2147483647,-125,-17,-97,2147483647,15,9820,282,7,2147483647,2147483647,0,2147483647,[30],[FDD],"Band Number = 30, Uplink = 2305.0 - 2315.0 MHz, Downlink = 2305.0 - 2315.0 MHz ",Unavailable,Unavailable,0,1724707560966,32624.623250211,2024-08-26 17:26:00.966000,-78.6878422,35.7834982,89.19999694824219,campaign_9,35.7834982,-78.6878422,89.19999694824219
4G_LTE,-127,2147483647,-127,-17,-95,2147483647,13,9820,44,7,2147483647,2147483647,0,2147483647,[30],[FDD],"Band Number = 30, Uplink = 2305.0 - 2315.0 MHz, Downlink = 2305.0 - 2315.0 MHz ",Unavailable,Unavailable,0,1724707560966,32624.623250211,2024-08-26 17:26:00.966000,-78.6878422,35.7834982,89.19999694824219,campaign_9,35.7834982,-78.6878422,89.19999694824219
4G_LTE,-112,2147483647,-112,-15,-87,2147483647,28,950,311,7,2147483647,2147483647,1,2147483647,[2],[FDD],"Band Number = 2, Uplink = 1850.0 - 1910.0 MHz, Downlink = 1850.0 - 1910.0 MHz ",Unavailable,Unavailable,1,1724707560966,32624.623250211,2024-08-26 17:26:00.966000,-78.6878422,35.7834982,89.19999694824219,campaign_9,35.7834982,-78.6878422,89.19999694824219
4G_LTE,-115,2147483647,-115,-18,-87,2147483647,25,950,368,7,2147483647,2147483647,1,2147483647,[2],[FDD],"Band Number = 2, Uplink = 1850.0 - 1910.0 MHz, Downlink = 1850.0 - 1910.0 MHz ",Unavailable,Unavailable,0,1724707560966,32624.623250211,2024-08-26 17:26:00.966000,-78.6878422,35.7834982,89.19999694824219,campaign_9,35.7834982,-78.6878422,89.19999694824219
4G_LTE,-115,2147483647,-115,-18,-87,2147483647,25,950,356,7,2147483647,2147483647,1,2147483647,[2],[FDD],"Band Number = 2, Uplink = 1850.0 - 1910.0 MHz, Downlink = 1850.0 - 1910.0 MHz ",Unavailable,Unavailable,0,1724707560966,32624.623250211,2024-08-26 17:26:00.966000,-78.6878422,35.7834982,89.19999694824219,campaign_9,35.7834982,-78.6878422,89.19999694824219
4G_LTE,-116,2147483647,-116,-15,-91,2147483647,24,66486,311,7,2147483647,2147483647,0,2147483647,[66],[FDD],"Band Number = 66, Uplink = 1710.0 - 1780.0 MHz, Downlink = 1710.0 - 1780.0 MHz ",Unavailable,Unavailable,1,1724707560966,32624.623250211,2024-08-26 17:26:00.966000,-78.6878422,35.7834982,89.19999694824219,campaign_9,35.7834982,-78.6878422,89.19999694824219
4G_LTE,-120,2147483647,-120,-19,-91,2147483647,20,66486,368,7,2147483647,2147483647,0,2147483647,[66],[FDD],"Band Number = 66, Uplink = 1710.0 - 1780.0 MHz, Downlink = 1710.0 - 1780.0 MHz ",Unavailable,Unavailable,0,1724707560966,32624.623250211,2024-08-26 17:26:00.966000,-78.6878422,35.7834982,89.19999694824219,campaign_9,35.7834982,-78.6878422,89.19999694824219
4G_LTE,-119,2147483647,-119,-16,-91,2147483647,21,66486,387,7,2147483647,2147483647,0,2147483647,[66],[FDD],"Band Number = 66, Uplink = 1710.0 - 1780.0 MHz, Downlink = 1710.0 - 1780.0 MHz ",Unavailable,Unavailable,0,1724707560966,32624.623250211,2024-08-26 17:26:00.966000,-78.6878422,35.7834982,89.19999694824219,campaign_9,35.7834982,-78.6878422,89.19999694824219
4G_LTE,-116,4,-116,-13,-85,2147483647,24,67086,311,7,196875971,9995,0,2147483647,[66],[FDD],"Band Number = 66, Uplink = 1710.0 - 1780.0 MHz, Downlink = 1710.0 - 1780.0 MHz ",310,410,1,1724707561967,32625.624687555,2024-08-26 17:26:01.967000,-78.6878422,35.7834982,89.19999694824219,campaign_9,35.7834982,-78.6878422,89.19999694824219
4G_LTE,-121,2147483647,-121,-20,-91,2147483647,19,67086,219,7,2147483647,2147483647,0,2147483647,[66],[FDD],"Band Number = 66, Uplink = 1710.0 - 1780.0 MHz, Downlink = 1710.0 - 1780.0 MHz ",Unavailable,Unavailable,0,1724707561967,32625.624687555,2024-08-26 17:26:01.967000,-78.6878422,35.7834982,89.19999694824219,campaign_9,35.7834982,-78.6878422,89.19999694824219
4G_LTE,-119,2147483647,-119,-15,-95,2147483647,21,67086,368,7,2147483647,2147483647,0,2147483647,[66],[FDD],"Band Number = 66, Uplink = 1710.0 - 1780.0 MHz, Downlink = 1710.0 - 1780.0 MHz ",Unavailable,Unavailable,0,1724707561967,32625.624687555,2024-08-26 17:26:01.967000,-78.6878422,35.7834982,89.19999694824219,campaign_9,35.7834982,-78.6878422,89.19999694824219
4G_LTE,-122,2147483647,-122,-20,-91,2147483647,18,67086,178,7,2147483647,2147483647,0,2147483647,[66],[FDD],"Band Number = 66, Uplink = 1710.0 - 1780.0 MHz, Downlink = 1710.0 - 1780.0 MHz ",Unavailable,Unavailable,0,1724707561967,32625.624687555,2024-08-26 17:26:01.967000,-78.6878422,35.7834982,89.19999694824219,campaign_9,35.7834982,-78.6878422,89.19999694824219
4G_LTE,-122,2147483647,-122,-16,-95,2147483647,18,9820,101,7,2147483647,2147483647,0,2147483647,[30],[FDD],"Band Number = 30, Uplink = 2305.0 - 2315.0 MHz, Downlink = 2305.0 - 2315.0 MHz ",Unavailable,Unavailable,0,1724707561967,32625.624687555,2024-08-26 17:26:01.967000,-78.6878422,35.7834982,89.19999694824219,campaign_9,35.7834982,-78.6878422,89.19999694824219
4G_LTE,-125,2147483647,-125,-17,-97,2147483647,15,9820,282,7,2147483647,2147483647,0,2147483647,[30],[FDD],"Band Number = 30, Uplink = 2305.0 - 2315.0 MHz, Downlink = 2305.0 - 2315.0 MHz ",Unavailable,Unavailable,0,1724707561967,32625.624687555,2024-08-26 17:26:01.967000,-78.6878422,35.7834982,89.19999694824219,campaign_9,35.7834982,-78.6878422,89.19999694824219
4G_LTE,-127,2147483647,-127,-17,-101,2147483647,13,9820,44,7,2147483647,2147483647,0,2147483647,[30],[FDD],"Band Number = 30, Uplink = 2305.0 - 2315.0 MHz, Downlink = 2305.0 - 2315.0 MHz ",Unavailable,Unavailable,0,1724707561967,32625.624687555,2024-08-26 17:26:01.967000,-78.6878422,35.7834982,89.19999694824219,campaign_9,35.7834982,-78.6878422,89.19999694824219
4G_LTE,-110,2147483647,-110,-12,-87,2147483647,30,950,311,7,2147483647,2147483647,1,2147483647,[2],[FDD],"Band Number = 2, Uplink = 1850.0 - 1910.0 MHz, Downlink = 1850.0 - 1910.0 MHz ",Unavailable,Unavailable,1,1724707561967,32625.624687555,2024-08-26 17:26:01.967000,-78.6878422,35.7834982,89.19999694824219,campaign_9,35.7834982,-78.6878422,89.19999694824219
4G_LTE,-115,2147483647,-115,-18,-85,2147483647,25,950,368,7,2147483647,2147483647,1,2147483647,[2],[FDD],"Band Number = 2, Uplink = 1850.0 - 1910.0 MHz, Downlink = 1850.0 - 1910.0 MHz ",Unavailable,Unavailable,0,1724707561967,32625.624687555,2024-08-26 17:26:01.967000,-78.6878422,35.7834982,89.19999694824219,campaign_9,35.7834982,-78.6878422,89.19999694824219
4G_LTE,-117,2147483647,-117,-18,-87,2147483647,23,950,356,7,2147483647,2147483647,0,2147483647,[2],[FDD],"Band Number = 2, Uplink = 1850.0 - 1910.0 MHz, Downlink = 1850.0 - 1910.0 MHz ",Unavailable,Unavailable,0,1724707561967,32625.624687555,2024-08-26 17:26:01.967000,-78.6878422,35.7834982,89.19999694824219,campaign_9,35.7834982,-78.6878422,89.19999694824219
4G_LTE,-115,2147483647,-115,-15,-89,2147483647,25,66486,311,7,2147483647,2147483647,1,2147483647,[66],[FDD],"Band Number = 66, Uplink = 1710.0 - 1780.0 MHz, Downlink = 1710.0 - 1780.0 MHz ",Unavailable,Unavailable,1,1724707561967,32625.624687555,2024-08-26 17:26:01.967000,-78.6878422,35.7834982,89.19999694824219,campaign_9,35.7834982,-78.6878422,89.19999694824219
4G_LTE,-119,2147483647,-119,-16,-89,2147483647,21,66486,502,7,2147483647,2147483647,0,2147483647,[66],[FDD],"Band Number = 66, Uplink = 1710.0 - 1780.0 MHz, Downlink = 1710.0 - 1780.0 MHz ",Unavailable,Unavailable,0,1724707561967,32625.624687555,2024-08-26 17:26:01.967000,-78.6878422,35.7834982,89.19999694824219,campaign_9,35.7834982,-78.6878422,89.19999694824219
4G_LTE,-116,4,-116,-13,-85,2147483647,24,67086,311,7,196875971,9995,0,2147483647,[66],[FDD],"Band Number = 66, Uplink = 1710.0 - 1780.0 MHz, Downlink = 1710.0 - 1780.0 MHz ",310,410,1,1724707562969,32626.626151825,2024-08-26 17:26:02.969000,-78.68787607298908,35.783077960178744,89.39523478321428,campaign_9,35.783077960178744,-78.68787607298908,89.39523478321428
4G_LTE,-121,2147483647,-121,-20,-91,2147483647,19,67086,219,7,2147483647,2147483647,0,2147483647,[66],[FDD],"Band Number = 66, Uplink = 1710.0 - 1780.0 MHz, Downlink = 1710.0 - 1780.0 MHz ",Unavailable,Unavailable,0,1724707562969,32626.626151825,2024-08-26 17:26:02.969000,-78.68787607298908,35.783077960178744,89.39523478321428,campaign_9,35.783077960178744,-78.68787607298908,89.39523478321428
4G_LTE,-119,2147483647,-119,-15,-95,2147483647,21,67086,368,7,2147483647,2147483647,0,2147483647,[66],[FDD],"Band Number = 66, Uplink = 1710.0 - 1780.0 MHz, Downlink = 1710.0 - 1780.0 MHz ",Unavailable,Unavailable,0,1724707562969,32626.626151825,2024-08-26 17:26:02.969000,-78.68787607298908,35.783077960178744,89.39523478321428,campaign_9,35.783077960178744,-78.68787607298908,89.39523478321428
4G_LTE,-122,2147483647,-122,-20,-91,2147483647,18,67086,178,7,2147483647,2147483647,0,2147483647,[66],[FDD],"Band Number = 66, Uplink = 1710.0 - 1780.0 MHz, Downlink = 1710.0 - 1780.0 MHz ",Unavailable,Unavailable,0,1724707562969,32626.626151825,2024-08-26 17:26:02.969000,-78.68787607298908,35.783077960178744,89.39523478321428,campaign_9,35.783077960178744,-78.68787607298908,89.39523478321428
4G_LTE,-122,2147483647,-122,-16,-95,2147483647,18,9820,101,7,2147483647,2147483647,0,2147483647,[30],[FDD],"Band Number = 30, Uplink = 2305.0 - 2315.0 MHz, Downlink = 2305.0 - 2315.0 MHz ",Unavailable,Unavailable,0,1724707562969,32626.626151825,2024-08-26 17:26:02.969000,-78.68787607298908,35.783077960178744,89.39523478321428,campaign_9,35.783077960178744,-78.68787607298908,89.39523478321428
4G_LTE,-125,2147483647,-125,-17,-97,2147483647,15,9820,282,7,2147483647,2147483647,0,2147483647,[30],[FDD],"Band Number = 30, Uplink = 2305.0 - 2315.0 MHz, Downlink = 2305.0 - 2315.0 MHz ",Unavailable,Unavailable,0,1724707562969,32626.626151825,2024-08-26 17:26:02.969000,-78.68787607298908,35.783077960178744,89.39523478321428,campaign_9,35.783077960178744,-78.68787607298908,89.39523478321428
4G_LTE,-127,2147483647,-127,-17,-101,2147483647,13,9820,44,7,2147483647,2147483647,0,2147483647,[30],[FDD],"Band Number = 30, Uplink = 2305.0 - 2315.0 MHz, Downlink = 2305.0 - 2315.0 MHz ",Unavailable,Unavailable,0,1724707562969,32626.626151825,2024-08-26 17:26:02.969000,-78.68787607298908,35.783077960178744,89.39523478321428,campaign_9,35.783077960178744,-78.68787607298908,89.39523478321428
4G_LTE,-110,2147483647,-110,-12,-87,2147483647,30,950,311,7,2147483647,2147483647,1,2147483647,[2],[FDD],"Band Number = 2, Uplink = 1850.0 - 1910.0 MHz, Downlink = 1850.0 - 1910.0 MHz ",Unavailable,Unavailable,1,1724707562969,32626.626151825,2024-08-26 17:26:02.969000,-78.68787607298908,35.783077960178744,89.39523478321428,campaign_9,35.783077960178744,-78.68787607298908,89.39523478321428
4G_LTE,-115,2147483647,-115,-18,-85,2147483647,25,950,368,7,2147483647,2147483647,1,2147483647,[2],[FDD],"Band Number = 2, Uplink = 1850.0 - 1910.0 MHz, Downlink = 1850.0 - 1910.0 MHz ",Unavailable,Unavailable,0,1724707562969,32626.626151825,2024-08-26 17:26:02.969000,-78.68787607298908,35.783077960178744,89.39523478321428,campaign_9,35.783077960178744,-78.68787607298908,89.39523478321428
4G_LTE,-117,2147483647,-117,-18,-87,2147483647,23,950,356,7,2147483647,2147483647,0,2147483647,[2],[FDD],"Band Number = 2, Uplink = 1850.0 - 1910.0 MHz, Downlink = 1850.0 - 1910.0 MHz ",Unavailable,Unavailable,0,1724707562969,32626.626151825,2024-08-26 17:26:02.969000,-78.68787607298908,35.783077960178744,89.39523478321428,campaign_9,35.783077960178744,-78.68787607298908,89.39523478321428
4G_LTE,-115,2147483647,-115,-15,-89,2147483647,25,66486,311,7,2147483647,2147483647,1,2147483647,[66],[FDD],"Band Number = 66, Uplink = 1710.0 - 1780.0 MHz, Downlink = 1710.0 - 1780.0 MHz ",Unavailable,Unavailable,1,1724707562969,32626.626151825,2024-08-26 17:26:02.969000,-78.68787607298908,35.783077960178744,89.39523478321428,campaign_9,35.783077960178744,-78.68787607298908,89.39523478321428
4G_LTE,-119,2147483647,-119,-16,-89,2147483647,21,66486,502,7,2147483647,2147483647,0,2147483647,[66],[FDD],"Band Number = 66, Uplink = 1710.0 - 1780.0 MHz, Downlink = 1710.0 - 1780.0 MHz ",Unavailable,Unavailable,0,1724707562969,32626.626151825,2024-08-26 17:26:02.969000,-78.68787607298908,35.783077960178744,89.39523478321428,campaign_9,35.783077960178744,-78.68787607298908,89.39523478321428
4G_LTE,-116,4,-116,-13,-85,2147483647,24,67086,311,7,196875971,9995,0,2147483647,[66],[FDD],"Band Number = 66, Uplink = 1710.0 - 1780.0 MHz, Downlink = 1710.0 - 1780.0 MHz ",310,410,1,1724707563972,32627.629148387,2024-08-26 17:26:03.972000,-78.6878769,35.7830677,89.4000015258789,campaign_9,35.7830677,-78.6878769,89.4000015258789
4G_LTE,-121,2147483647,-121,-20,-91,2147483647,19,67086,219,7,2147483647,2147483647,0,2147483647,[66],[FDD],"Band Number = 66, Uplink = 1710.0 - 1780.0 MHz, Downlink = 1710.0 - 1780.0 MHz ",Unavailable,Unavailable,0,1724707563972,32627.629148387,2024-08-26 17:26:03.972000,-78.6878769,35.7830677,89.4000015258789,campaign_9,35.7830677,-78.6878769,89.4000015258789
4G_LTE,-119,2147483647,-119,-15,-95,2147483647,21,67086,368,7,2147483647,2147483647,0,2147483647,[66],[FDD],"Band Number = 66, Uplink = 1710.0 - 1780.0 MHz, Downlink = 1710.0 - 1780.0 MHz ",Unavailable,Unavailable,0,1724707563972,32627.629148387,2024-08-26 17:26:03.972000,-78.6878769,35.7830677,89.4000015258789,campaign_9,35.7830677,-78.6878769,89.4000015258789
4G_LTE,-122,2147483647,-122,-20,-91,2147483647,18,67086,178,7,2147483647,2147483647,0,2147483647,[66],[FDD],"Band Number = 66, Uplink = 1710.0 - 1780.0 MHz, Downlink = 1710.0 - 1780.0 MHz ",Unavailable,Unavailable,0,1724707563972,32627.629148387,2024-08-26 17:26:03.972000,-78.6878769,35.7830677,89.4000015258789,campaign_9,35.7830677,-78.6878769,89.4000015258789
4G_LTE,-122,2147483647,-122,-16,-95,2147483647,18,9820,101,7,2147483647,2147483647,0,2147483647,[30],[FDD],"Band Number = 30, Uplink = 2305.0 - 2315.0 MHz, Downlink = 2305.0 - 2315.0 MHz ",Unavailable,Unavailable,0,1724707563972,32627.629148387,2024-08-26 17:26:03.972000,-78.6878769,35.7830677,89.4000015258789,campaign_9,35.7830677,-78.6878769,89.4000015258789
4G_LTE,-125,2147483647,-125,-17,-97,2147483647,15,9820,282,7,2147483647,2147483647,0,2147483647,[30],[FDD],"Band Number = 30, Uplink = 2305.0 - 2315.0 MHz, Downlink = 2305.0 - 2315.0 MHz ",Unavailable,Unavailable,0,1724707563972,32627.629148387,2024-08-26 17:26:03.972000,-78.6878769,35.7830677,89.4000015258789,campaign_9,35.7830677,-78.6878769,89.4000015258789
4G_LTE,-127,2147483647,-127,-17,-101,2147483647,13,9820,44,7,2147483647,2147483647,0,2147483647,[30],[FDD],"Band Number = 30, Uplink = 2305.0 - 2315.0 MHz, Downlink = 2305.0 - 2315.0 MHz ",Unavailable,Unavailable,0,1724707563972,32627.629148387,2024-08-26 17:26:03.972000,-78.6878769,35.7830677,89.4000015258789,campaign_9,35.7830677,-78.6878769,89.4000015258789
4G_LTE,-110,2147483647,-110,-12,-87,2147483647,30,950,311,7,2147483647,2147483647,1,2147483647,[2],[FDD],"Band Number = 2, Uplink = 1850.0 - 1910.0 MHz, Downlink = 1850.0 - 1910.0 MHz ",Unavailable,Unavailable,1,1724707563972,32627.629148387,2024-08-26 17:26:03.972000,-78.6878769,35.7830677,89.4000015258789,campaign_9,35.7830677,-78.6878769,89.4000015258789
4G_LTE,-115,2147483647,-115,-18,-85,2147483647,25,950,368,7,2147483647,2147483647,1,2147483647,[2],[FDD],"Band Number = 2, Uplink = 1850.0 - 1910.0 MHz, Downlink = 1850.0 - 1910.0 MHz ",Unavailable,Unavailable,0,1724707563972,32627.629148387,2024-08-26 17:26:03.972000,-78.6878769,35.7830677,89.4000015258789,campaign_9,35.7830677,-78.6878769,89.4000015258789
4G_LTE,-117,2147483647,-117,-18,-87,2147483647,23,950,356,7,2147483647,2147483647,0,2147483647,[2],[FDD],"Band Number = 2, Uplink = 1850.0 - 1910.0 MHz, Downlink = 1850.0 - 1910.0 MHz ",Unavailable,Unavailable,0,1724707563972,32627.629148387,2024-08-26 17:26:03.972000,-78.6878769,35.7830677,89.4000015258789,campaign_9,35.7830677,-78.6878769,89.4000015258789
4G_LTE,-115,2147483647,-115,-15,-89,2147483647,25,66486,311,7,2147483647,2147483647,1,2147483647,[66],[FDD],"Band Number = 66, Uplink = 1710.0 - 1780.0 MHz, Downlink = 1710.0 - 1780.0 MHz ",Unavailable,Unavailable,1,1724707563972,32627.629148387,2024-08-26 17:26:03.972000,-78.6878769,35.7830677,89.4000015258789,campaign_9,35.7830677,-78.6878769,89.4000015258789
4G_LTE,-119,2147483647,-119,-16,-89,2147483647,21,66486,502,7,2147483647,2147483647,0,2147483647,[66],[FDD],"Band Number = 66, Uplink = 1710.0 - 1780.0 MHz, Downlink = 1710.0 - 1780.0 MHz ",Unavailable,Unavailable,0,1724707563972,32627.629148387,2024-08-26 17:26:03.972000,-78.6878769,35.7830677,89.4000015258789,campaign_9,35.7830677,-78.6878769,89.4000015258789
4G_LTE,-115,3,-115,-15,-81,2147483647,25,67086,311,7,196875971,9995,1,2147483647,[66],[FDD],"Band Number = 66, Uplink = 1710.0 - 1780.0 MHz, Downlink = 1710.0 - 1780.0 MHz ",310,410,1,1724707564974,32628.631284324,2024-08-26 17:26:04.974000,-78.68787427493325,35.783072644144134,89.4000015258789,campaign_9,35.783072644144134,-78.68787427493325,89.4000015258789
4G_LTE,-123,2147483647,-123,-18,-91,2147483647,17,67086,219,7,2147483647,2147483647,0,2147483647,[66],[FDD],"Band Number = 66, Uplink = 1710.0 - 1780.0 MHz, Downlink = 1710.0 - 1780.0 MHz ",Unavailable,Unavailable,0,1724707564974,32628.631284324,2024-08-26 17:26:04.974000,-78.68787427493325,35.783072644144134,89.4000015258789,campaign_9,35.783072644144134,-78.68787427493325,89.4000015258789
4G_LTE,-121,2147483647,-121,-18,-91,2147483647,19,67086,368,7,2147483647,2147483647,0,2147483647,[66],[FDD],"Band Number = 66, Uplink = 1710.0 - 1780.0 MHz, Downlink = 1710.0 - 1780.0 MHz ",Unavailable,Unavailable,0,1724707564974,32628.631284324,2024-08-26 17:26:04.974000,-78.68787427493325,35.783072644144134,89.4000015258789,campaign_9,35.783072644144134,-78.68787427493325,89.4000015258789
4G_LTE,-118,2147483647,-118,-18,-91,2147483647,22,67086,178,7,2147483647,2147483647,0,2147483647,[66],[FDD],"Band Number = 66, Uplink = 1710.0 - 1780.0 MHz, Downlink = 1710.0 - 1780.0 MHz ",Unavailable,Unavailable,0,1724707564974,32628.631284324,2024-08-26 17:26:04.974000,-78.68787427493325,35.783072644144134,89.4000015258789,campaign_9,35.783072644144134,-78.68787427493325,89.4000015258789
4G_LTE,-123,2147483647,-123,-14,-95,2147483647,17,9820,101,7,2147483647,2147483647,0,2147483647,[30],[FDD],"Band Number = 30, Uplink = 2305.0 - 2315.0 MHz, Downlink = 2305.0 - 2315.0 MHz ",Unavailable,Unavailable,0,1724707564974,32628.631284324,2024-08-26 17:26:04.974000,-78.68787427493325,35.783072644144134,89.4000015258789,campaign_9,35.783072644144134,-78.68787427493325,89.4000015258789
4G_LTE,-124,2147483647,-124,-20,-95,2147483647,16,9820,282,7,2147483647,2147483647,0,2147483647,[30],[FDD],"Band Number = 30, Uplink = 2305.0 - 2315.0 MHz, Downlink = 2305.0 - 2315.0 MHz ",Unavailable,Unavailable,0,1724707564974,32628.631284324,2024-08-26 17:26:04.974000,-78.68787427493325,35.783072644144134,89.4000015258789,campaign_9,35.783072644144134,-78.68787427493325,89.4000015258789
4G_LTE,-122,2147483647,-122,-17,-95,2147483647,18,9820,44,7,2147483647,2147483647,0,2147483647,[30],[FDD],"Band Number = 30, Uplink = 2305.0 - 2315.0 MHz, Downlink = 2305.0 - 2315.0 MHz ",Unavailable,Unavailable,0,1724707564974,32628.631284324,2024-08-26 17:26:04.974000,-78.68787427493325,35.783072644144134,89.4000015258789,campaign_9,35.783072644144134,-78.68787427493325,89.4000015258789
4G_LTE,-115,2147483647,-115,-13,-91,2147483647,25,950,311,7,2147483647,2147483647,1,2147483647,[2],[FDD],"Band Number = 2, Uplink = 1850.0 - 1910.0 MHz, Downlink = 1850.0 - 1910.0 MHz ",Unavailable,Unavailable,1,1724707564974,32628.631284324,2024-08-26 17:26:04.974000,-78.68787427493325,35.783072644144134,89.4000015258789,campaign_9,35.783072644144134,-78.68787427493325,89.4000015258789
4G_LTE,-115,2147483647,-115,-14,-91,2147483647,25,950,368,7,2147483647,2147483647,1,2147483647,[2],[FDD],"Band Number = 2, Uplink = 1850.0 - 1910.0 MHz, Downlink = 1850.0 - 1910.0 MHz ",Unavailable,Unavailable,0,1724707564974,32628.631284324,2024-08-26 17:26:04.974000,-78.68787427493325,35.783072644144134,89.4000015258789,campaign_9,35.783072644144134,-78.68787427493325,89.4000015258789
4G_LTE,-117,2147483647,-117,-16,-91,2147483647,23,950,356,7,2147483647,2147483647,0,2147483647,[2],[FDD],"Band Number = 2, Uplink = 1850.0 - 1910.0 MHz, Downlink = 1850.0 - 1910.0 MHz ",Unavailable,Unavailable,0,1724707564974,32628.631284324,2024-08-26 17:26:04.974000,-78.68787427493325,35.783072644144134,89.4000015258789,campaign_9,35.783072644144134,-78.68787427493325,89.4000015258789
4G_LTE,-115,2147483647,-115,-14,-91,2147483647,25,66486,311,7,2147483647,2147483647,1,2147483647,[66],[FDD],"Band Number = 66, Uplink = 1710.0 - 1780.0 MHz, Downlink = 1710.0 - 1780.0 MHz ",Unavailable,Unavailable,1,1724707564974,32628.631284324,2024-08-26 17:26:04.974000,-78.68787427493325,35.783072644144134,89.4000015258789,campaign_9,35.783072644144134,-78.68787427493325,89.4000015258789
4G_LTE,-123,2147483647,-123,-20,-93,2147483647,17,66486,502,7,2147483647,2147483647,0,2147483647,[66],[FDD],"Band Number = 66, Uplink = 1710.0 - 1780.0 MHz, Downlink = 1710.0 - 1780.0 MHz ",Unavailable,Unavailable,0,1724707564974,32628.631284324,2024-08-26 17:26:04.974000,-78.68787427493325,35.783072644144134,89.4000015258789,campaign_9,35.783072644144134,-78.68787427493325,89.4000015258789
4G_LTE,-115,3,-115,-15,-81,2147483647,25,67086,311,7,196875971,9995,1,2147483647,[66],[FDD],"Band Number = 66, Uplink = 1710.0 - 1780.0 MHz, Downlink = 1710.0 - 1780.0 MHz ",310,410,1,1724707565975,32629.63262172,2024-08-26 17:26:05.975000,-78.68787165248632,35.78307758335399,89.4000015258789,campaign_9,35.78307758335399,-78.68787165248632,89.4000015258789
4G_LTE,-123,2147483647,-123,-18,-91,2147483647,17,67086,219,7,2147483647,2147483647,0,2147483647,[66],[FDD],"Band Number = 66, Uplink = 1710.0 - 1780.0 MHz, Downlink = 1710.0 - 1780.0 MHz ",Unavailable,Unavailable,0,1724707565975,32629.63262172,2024-08-26 17:26:05.975000,-78.68787165248632,35.78307758335399,89.4000015258789,campaign_9,35.78307758335399,-78.68787165248632,89.4000015258789
4G_LTE,-121,2147483647,-121,-18,-91,2147483647,19,67086,368,7,2147483647,2147483647,0,2147483647,[66],[FDD],"Band Number = 66, Uplink = 1710.0 - 1780.0 MHz, Downlink = 1710.0 - 1780.0 MHz ",Unavailable,Unavailable,0,1724707565975,32629.63262172,2024-08-26 17:26:05.975000,-78.68787165248632,35.78307758335399,89.4000015258789,campaign_9,35.78307758335399,-78.68787165248632,89.4000015258789
4G_LTE,-118,2147483647,-118,-18,-91,2147483647,22,67086,178,7,2147483647,2147483647,0,2147483647,[66],[FDD],"Band Number = 66, Uplink = 1710.0 - 1780.0 MHz, Downlink = 1710.0 - 1780.0 MHz ",Unavailable,Unavailable,0,1724707565975,32629.63262172,2024-08-26 17:26:05.975000,-78.68787165248632,35.78307758335399,89.4000015258789,campaign_9,35.78307758335399,-78.68787165248632,89.4000015258789
4G_LTE,-123,2147483647,-123,-14,-95,2147483647,17,9820,101,7,2147483647,2147483647,0,2147483647,[30],[FDD],"Band Number = 30, Uplink = 2305.0 - 2315.0 MHz, Downlink = 2305.0 - 2315.0 MHz ",Unavailable,Unavailable,0,1724707565975,32629.63262172,2024-08-26 17:26:05.975000,-78.68787165248632,35.78307758335399,89.4000015258789,campaign_9,35.78307758335399,-78.68787165248632,89.4000015258789
4G_LTE,-124,2147483647,-124,-20,-95,2147483647,16,9820,282,7,2147483647,2147483647,0,2147483647,[30],[FDD],"Band Number = 30, Uplink = 2305.0 - 2315.0 MHz, Downlink = 2305.0 - 2315.0 MHz ",Unavailable,Unavailable,0,1724707565975,32629.63262172,2024-08-26 17:26:05.975000,-78.68787165248632,35.78307758335399,89.4000015258789,campaign_9,35.78307758335399,-78.68787165248632,89.4000015258789
4G_LTE,-122,2147483647,-122,-17,-95,2147483647,18,9820,44,7,2147483647,2147483647,0,2147483647,[30],[FDD],"Band Number = 30, Uplink = 2305.0 - 2315.0 MHz, Downlink = 2305.0 - 2315.0 MHz ",Unavailable,Unavailable,0,1724707565975,32629.63262172,2024-08-26 17:26:05.975000,-78.68787165248632,35.78307758335399,89.4000015258789,campaign_9,35.78307758335399,-78.68787165248632,89.4000015258789
4G_LTE,-115,2147483647,-115,-13,-91,2147483647,25,950,311,7,2147483647,2147483647,1,2147483647,[2],[FDD],"Band Number = 2, Uplink = 1850.0 - 1910.0 MHz, Downlink = 1850.0 - 1910.0 MHz ",Unavailable,Unavailable,1,1724707565975,32629.63262172,2024-08-26 17:26:05.975000,-78.68787165248632,35.78307758335399,89.4000015258789,campaign_9,35.78307758335399,-78.68787165248632,89.4000015258789
4G_LTE,-115,2147483647,-115,-14,-91,2147483647,25,950,368,7,2147483647,2147483647,1,2147483647,[2],[FDD],"Band Number = 2, Uplink = 1850.0 - 1910.0 MHz, Downlink = 1850.0 - 1910.0 MHz ",Unavailable,Unavailable,0,1724707565975,32629.63262172,2024-08-26 17:26:05.975000,-78.68787165248632,35.78307758335399,89.4000015258789,campaign_9,35.78307758335399,-78.68787165248632,89.4000015258789
4G_LTE,-117,2147483647,-117,-16,-91,2147483647,23,950,356,7,2147483647,2147483647,0,2147483647,[2],[FDD],"Band Number = 2, Uplink = 1850.0 - 1910.0 MHz, Downlink = 1850.0 - 1910.0 MHz ",Unavailable,Unavailable,0,1724707565975,32629.63262172,2024-08-26 17:26:05.975000,-78.68787165248632,35.78307758335399,89.4000015258789,campaign_9,35.78307758335399,-78.68787165248632,89.4000015258789
4G_LTE,-115,2147483647,-115,-14,-91,2147483647,25,66486,311,7,2147483647,2147483647,1,2147483647,[66],[FDD],"Band Number = 66, Uplink = 1710.0 - 1780.0 MHz, Downlink = 1710.0 - 1780.0 MHz ",Unavailable,Unavailable,1,1724707565975,32629.63262172,2024-08-26 17:26:05.975000,-78.68787165248632,35.78307758335399,89.4000015258789,campaign_9,35.78307758335399,-78.68787165248632,89.4000015258789
4G_LTE,-123,2147483647,-123,-20,-93,2147483647,17,66486,502,7,2147483647,2147483647,0,2147483647,[66],[FDD],"Band Number = 66, Uplink = 1710.0 - 1780.0 MHz, Downlink = 1710.0 - 1780.0 MHz ",Unavailable,Unavailable,0,1724707565975,32629.63262172,2024-08-26 17:26:05.975000,-78.68787165248632,35.78307758335399,89.4000015258789,campaign_9,35.78307758335399,-78.68787165248632,89.4000015258789
4G_LTE,-115,3,-115,-13,-85,2147483647,25,67086,311,7,196875971,9995,1,2147483647,[66],[FDD],"Band Number = 66, Uplink = 1710.0 - 1780.0 MHz, Downlink = 1710.0 - 1780.0 MHz ",310,410,1,1724707566976,32630.633652657,2024-08-26 17:26:06.976000,-78.68786903003938,35.78308252256386,89.4000015258789,campaign_9,35.78308252256386,-78.68786903003938,89.4000015258789
4G_LTE,-118,2147483647,-118,-17,-91,2147483647,22,67086,219,7,2147483647,2147483647,0,2147483647,[66],[FDD],"Band Number = 66, Uplink = 1710.0 - 1780.0 MHz, Downlink = 1710.0 - 1780.0 MHz ",Unavailable,Unavailable,0,1724707566976,32630.633652657,2024-08-26 17:26:06.976000,-78.68786903003938,35.78308252256386,89.4000015258789,campaign_9,35.78308252256386,-78.68786903003938,89.4000015258789
4G_LTE,-116,2147483647,-116,-17,-87,2147483647,24,67086,368,7,2147483647,2147483647,0,2147483647,[66],[FDD],"Band Number = 66, Uplink = 1710.0 - 1780.0 MHz, Downlink = 1710.0 - 1780.0 MHz ",Unavailable,Unavailable,0,1724707566976,32630.633652657,2024-08-26 17:26:06.976000,-78.68786903003938,35.78308252256386,89.4000015258789,campaign_9,35.78308252256386,-78.68786903003938,89.4000015258789
4G_LTE,-117,2147483647,-117,-18,-87,2147483647,23,67086,178,7,2147483647,2147483647,0,2147483647,[66],[FDD],"Band Number = 66, Uplink = 1710.0 - 1780.0 MHz, Downlink = 1710.0 - 1780.0 MHz ",Unavailable,Unavailable,0,1724707566976,32630.633652657,2024-08-26 17:26:06.976000,-78.68786903003938,35.78308252256386,89.4000015258789,campaign_9,35.78308252256386,-78.68786903003938,89.4000015258789
4G_LTE,-118,2147483647,-118,-11,-97,2147483647,22,9820,101,7,2147483647,2147483647,0,2147483647,[30],[FDD],"Band Number = 30, Uplink = 2305.0 - 2315.0 MHz, Downlink = 2305.0 - 2315.0 MHz ",Unavailable,Unavailable,0,1724707566976,32630.633652657,2024-08-26 17:26:06.976000,-78.68786903003938,35.78308252256386,89.4000015258789,campaign_9,35.78308252256386,-78.68786903003938,89.4000015258789
4G_LTE,-125,2147483647,-125,-18,-97,2147483647,15,9820,282,7,2147483647,2147483647,0,2147483647,[30],[FDD],"Band Number = 30, Uplink = 2305.0 - 2315.0 MHz, Downlink = 2305.0 - 2315.0 MHz ",Unavailable,Unavailable,0,1724707566976,32630.633652657,2024-08-26 17:26:06.976000,-78.68786903003938,35.78308252256386,89.4000015258789,campaign_9,35.78308252256386,-78.68786903003938,89.4000015258789
4G_LTE,-121,2147483647,-121,-14,-97,2147483647,19,9820,44,7,2147483647,2147483647,0,2147483647,[30],[FDD],"Band Number = 30, Uplink = 2305.0 - 2315.0 MHz, Downlink = 2305.0 - 2315.0 MHz ",Unavailable,Unavailable,0,1724707566976,32630.633652657,2024-08-26 17:26:06.976000,-78.68786903003938,35.78308252256386,89.4000015258789,campaign_9,35.78308252256386,-78.68786903003938,89.4000015258789
4G_LTE,-126,2147483647,-126,-19,-97,2147483647,14,9820,196,7,2147483647,2147483647,0,2147483647,[30],[FDD],"Band Number = 30, Uplink = 2305.0 - 2315.0 MHz, Downlink = 2305.0 - 2315.0 MHz ",Unavailable,Unavailable,0,1724707566976,32630.633652657,2024-08-26 17:26:06.976000,-78.68786903003938,35.78308252256386,89.4000015258789,campaign_9,35.78308252256386,-78.68786903003938,89.4000015258789
4G_LTE,-111,2147483647,-111,-14,-85,2147483647,29,950,311,7,2147483647,2147483647,1,2147483647,[2],[FDD],"Band Number = 2, Uplink = 1850.0 - 1910.0 MHz, Downlink = 1850.0 - 1910.0 MHz ",Unavailable,Unavailable,1,1724707566976,32630.633652657,2024-08-26 17:26:06.976000,-78.68786903003938,35.78308252256386,89.4000015258789,campaign_9,35.78308252256386,-78.68786903003938,89.4000015258789
4G_LTE,-113,2147483647,-113,-17,-85,2147483647,27,950,368,7,2147483647,2147483647,1,2147483647,[2],[FDD],"Band Number = 2, Uplink = 1850.0 - 1910.0 MHz, Downlink = 1850.0 - 1910.0 MHz ",Unavailable,Unavailable,0,1724707566976,32630.633652657,2024-08-26 17:26:06.976000,-78.68786903003938,35.78308252256386,89.4000015258789,campaign_9,35.78308252256386,-78.68786903003938,89.4000015258789
4G_LTE,-118,2147483647,-118,-20,-85,2147483647,22,950,356,7,2147483647,2147483647,0,2147483647,[2],[FDD],"Band Number = 2, Uplink = 1850.0 - 1910.0 MHz, Downlink = 1850.0 - 1910.0 MHz ",Unavailable,Unavailable,0,1724707566976,32630.633652657,2024-08-26 17:26:06.976000,-78.68786903003938,35.78308252256386,89.4000015258789,campaign_9,35.78308252256386,-78.68786903003938,89.4000015258789
4G_LTE,-120,2147483647,-120,-16,-91,2147483647,20,66486,311,7,2147483647,2147483647,0,2147483647,[66],[FDD],"Band Number = 66, Uplink = 1710.0 - 1780.0 MHz, Downlink = 1710.0 - 1780.0 MHz ",Unavailable,Unavailable,1,1724707566976,32630.633652657,2024-08-26 17:26:06.976000,-78.68786903003938,35.78308252256386,89.4000015258789,campaign_9,35.78308252256386,-78.68786903003938,89.4000015258789
4G_LTE,-118,2147483647,-118,-13,-89,2147483647,22,66486,502,7,2147483647,2147483647,0,2147483647,[66],[FDD],"Band Number = 66, Uplink = 1710.0 - 1780.0 MHz, Downlink = 1710.0 - 1780.0 MHz ",Unavailable,Unavailable,0,1724707566976,32630.633652657,2024-08-26 17:26:06.976000,-78.68786903003938,35.78308252256386,89.4000015258789,campaign_9,35.78308252256386,-78.68786903003938,89.4000015258789
4G_LTE,-123,2147483647,-123,-19,-91,2147483647,17,66486,368,7,2147483647,2147483647,0,2147483647,[66],[FDD],"Band Number = 66, Uplink = 1710.0 - 1780.0 MHz, Downlink = 1710.0 - 1780.0 MHz ",Unavailable,Unavailable,0,1724707566976,32630.633652657,2024-08-26 17:26:06.976000,-78.68786903003938,35.78308252256386,89.4000015258789,campaign_9,35.78308252256386,-78.68786903003938,89.4000015258789
4G_LTE,-115,3,-115,-13,-85,2147483647,25,67086,311,7,196875971,9995,1,2147483647,[66],[FDD],"Band Number = 66, Uplink = 1710.0 - 1780.0 MHz, Downlink = 1710.0 - 1780.0 MHz ",310,410,1,1724707567976,32631.633494688,2024-08-26 17:26:07.976000,-78.68786641021228,35.78308745683944,89.4000015258789,campaign_9,35.78308745683944,-78.68786641021228,89.4000015258789
4G_LTE,-118,2147483647,-118,-17,-91,2147483647,22,67086,219,7,2147483647,2147483647,0,2147483647,[66],[FDD],"Band Number = 66, Uplink = 1710.0 - 1780.0 MHz, Downlink = 1710.0 - 1780.0 MHz ",Unavailable,Unavailable,0,1724707567976,32631.633494688,2024-08-26 17:26:07.976000,-78.68786641021228,35.78308745683944,89.4000015258789,campaign_9,35.78308745683944,-78.68786641021228,89.4000015258789
4G_LTE,-116,2147483647,-116,-17,-87,2147483647,24,67086,368,7,2147483647,2147483647,0,2147483647,[66],[FDD],"Band Number = 66, Uplink = 1710.0 - 1780.0 MHz, Downlink = 1710.0 - 1780.0 MHz ",Unavailable,Unavailable,0,1724707567976,32631.633494688,2024-08-26 17:26:07.976000,-78.68786641021228,35.78308745683944,89.4000015258789,campaign_9,35.78308745683944,-78.68786641021228,89.4000015258789
4G_LTE,-117,2147483647,-117,-18,-87,2147483647,23,67086,178,7,2147483647,2147483647,0,2147483647,[66],[FDD],"Band Number = 66, Uplink = 1710.0 - 1780.0 MHz, Downlink = 1710.0 - 1780.0 MHz ",Unavailable,Unavailable,0,1724707567976,32631.633494688,2024-08-26 17:26:07.976000,-78.68786641021228,35.78308745683944,89.4000015258789,campaign_9,35.78308745683944,-78.68786641021228,89.4000015258789
4G_LTE,-118,2147483647,-118,-11,-97,2147483647,22,9820,101,7,2147483647,2147483647,0,2147483647,[30],[FDD],"Band Number = 30, Uplink = 2305.0 - 2315.0 MHz, Downlink = 2305.0 - 2315.0 MHz ",Unavailable,Unavailable,0,1724707567976,32631.633494688,2024-08-26 17:26:07.976000,-78.68786641021228,35.78308745683944,89.4000015258789,campaign_9,35.78308745683944,-78.68786641021228,89.4000015258789
4G_LTE,-125,2147483647,-125,-18,-97,2147483647,15,9820,282,7,2147483647,2147483647,0,2147483647,[30],[FDD],"Band Number = 30, Uplink = 2305.0 - 2315.0 MHz, Downlink = 2305.0 - 2315.0 MHz ",Unavailable,Unavailable,0,1724707567976,32631.633494688,2024-08-26 17:26:07.976000,-78.68786641021228,35.78308745683944,89.4000015258789,campaign_9,35.78308745683944,-78.68786641021228,89.4000015258789
4G_LTE,-121,2147483647,-121,-14,-97,2147483647,19,9820,44,7,2147483647,2147483647,0,2147483647,[30],[FDD],"Band Number = 30, Uplink = 2305.0 - 2315.0 MHz, Downlink = 2305.0 - 2315.0 MHz ",Unavailable,Unavailable,0,1724707567976,32631.633494688,2024-08-26 17:26:07.976000,-78.68786641021228,35.78308745683944,89.4000015258789,campaign_9,35.78308745683944,-78.68786641021228,89.4000015258789
4G_LTE,-126,2147483647,-126,-19,-97,2147483647,14,9820,196,7,2147483647,2147483647,0,2147483647,[30],[FDD],"Band Number = 30, Uplink = 2305.0 - 2315.0 MHz, Downlink = 2305.0 - 2315.0 MHz ",Unavailable,Unavailable,0,1724707567976,32631.633494688,2024-08-26 17:26:07.976000,-78.68786641021228,35.78308745683944,89.4000015258789,campaign_9,35.78308745683944,-78.68786641021228,89.4000015258789
4G_LTE,-111,2147483647,-111,-14,-85,2147483647,29,950,311,7,2147483647,2147483647,1,2147483647,[2],[FDD],"Band Number = 2, Uplink = 1850.0 - 1910.0 MHz, Downlink = 1850.0 - 1910.0 MHz ",Unavailable,Unavailable,1,1724707567976,32631.633494688,2024-08-26 17:26:07.976000,-78.68786641021228,35.78308745683944,89.4000015258789,campaign_9,35.78308745683944,-78.68786641021228,89.4000015258789
4G_LTE,-113,2147483647,-113,-17,-85,2147483647,27,950,368,7,2147483647,2147483647,1,2147483647,[2],[FDD],"Band Number = 2, Uplink = 1850.0 - 1910.0 MHz, Downlink = 1850.0 - 1910.0 MHz ",Unavailable,Unavailable,0,1724707567976,32631.633494688,2024-08-26 17:26:07.976000,-78.68786641021228,35.78308745683944,89.4000015258789,campaign_9,35.78308745683944,-78.68786641021228,89.4000015258789
4G_LTE,-118,2147483647,-118,-20,-85,2147483647,22,950,356,7,2147483647,2147483647,0,2147483647,[2],[FDD],"Band Number = 2, Uplink = 1850.0 - 1910.0 MHz, Downlink = 1850.0 - 1910.0 MHz ",Unavailable,Unavailable,0,1724707567976,32631.633494688,2024-08-26 17:26:07.976000,-78.68786641021228,35.78308745683944,89.4000015258789,campaign_9,35.78308745683944,-78.68786641021228,89.4000015258789
4G_LTE,-120,2147483647,-120,-16,-91,2147483647,20,66486,311,7,2147483647,2147483647,0,2147483647,[66],[FDD],"Band Number = 66, Uplink = 1710.0 - 1780.0 MHz, Downlink = 1710.0 - 1780.0 MHz ",Unavailable,Unavailable,1,1724707567976,32631.633494688,2024-08-26 17:26:07.976000,-78.68786641021228,35.78308745683944,89.4000015258789,campaign_9,35.78308745683944,-78.68786641021228,89.4000015258789
4G_LTE,-118,2147483647,-118,-13,-89,2147483647,22,66486,502,7,2147483647,2147483647,0,2147483647,[66],[FDD],"Band Number = 66, Uplink = 1710.0 - 1780.0 MHz, Downlink = 1710.0 - 1780.0 MHz ",Unavailable,Unavailable,0,1724707567976,32631.633494688,2024-08-26 17:26:07.976000,-78.68786641021228,35.78308745683944,89.4000015258789,campaign_9,35.78308745683944,-78.68786641021228,89.4000015258789
4G_LTE,-123,2147483647,-123,-19,-91,2147483647,17,66486,368,7,2147483647,2147483647,0,2147483647,[66],[FDD],"Band Number = 66, Uplink = 1710.0 - 1780.0 MHz, Downlink = 1710.0 - 1780.0 MHz ",Unavailable,Unavailable,0,1724707567976,32631.633494688,2024-08-26 17:26:07.976000,-78.68786641021228,35.78308745683944,89.4000015258789,campaign_9,35.78308745683944,-78.68786641021228,89.4000015258789
4G_LTE,-114,3,-114,-13,-85,2147483647,26,67086,311,7,196875971,9995,1,2147483647,[66],[FDD],"Band Number = 66, Uplink = 1710.0 - 1780.0 MHz, Downlink = 1710.0 - 1780.0 MHz ",310,410,1,1724707568982,32632.639865521,2024-08-26 17:26:08.982000,-78.68786377466621,35.78309242072068,89.4000015258789,campaign_9,35.78309242072068,-78.68786377466621,89.4000015258789
4G_LTE,-120,2147483647,-120,-19,-93,2147483647,20,67086,178,7,2147483647,2147483647,0,2147483647,[66],[FDD],"Band Number = 66, Uplink = 1710.0 - 1780.0 MHz, Downlink = 1710.0 - 1780.0 MHz ",Unavailable,Unavailable,0,1724707568982,32632.639865521,2024-08-26 17:26:08.982000,-78.68786377466621,35.78309242072068,89.4000015258789,campaign_9,35.78309242072068,-78.68786377466621,89.4000015258789
4G_LTE,-118,2147483647,-118,-19,-93,2147483647,22,67086,368,7,2147483647,2147483647,0,2147483647,[66],[FDD],"Band Number = 66, Uplink = 1710.0 - 1780.0 MHz, Downlink = 1710.0 - 1780.0 MHz ",Unavailable,Unavailable,0,1724707568982,32632.639865521,2024-08-26 17:26:08.982000,-78.68786377466621,35.78309242072068,89.4000015258789,campaign_9,35.78309242072068,-78.68786377466621,89.4000015258789
4G_LTE,-122,2147483647,-122,-14,-97,2147483647,18,9820,101,7,2147483647,2147483647,0,2147483647,[30],[FDD],"Band Number = 30, Uplink = 2305.0 - 2315.0 MHz, Downlink = 2305.0 - 2315.0 MHz ",Unavailable,Unavailable,0,1724707568982,32632.639865521,2024-08-26 17:26:08.982000,-78.68786377466621,35.78309242072068,89.4000015258789,campaign_9,35.78309242072068,-78.68786377466621,89.4000015258789
4G_LTE,-125,2147483647,-125,-18,-97,2147483647,15,9820,282,7,2147483647,2147483647,0,2147483647,[30],[FDD],"Band Number = 30, Uplink = 2305.0 - 2315.0 MHz, Downlink = 2305.0 - 2315.0 MHz ",Unavailable,Unavailable,0,1724707568982,32632.639865521,2024-08-26 17:26:08.982000,-78.68786377466621,35.78309242072068,89.4000015258789,campaign_9,35.78309242072068,-78.68786377466621,89.4000015258789
4G_LTE,-121,2147483647,-121,-14,-97,2147483647,19,9820,44,7,2147483647,2147483647,0,2147483647,[30],[FDD],"Band Number = 30, Uplink = 2305.0 - 2315.0 MHz, Downlink = 2305.0 - 2315.0 MHz ",Unavailable,Unavailable,0,1724707568982,32632.639865521,2024-08-26 17:26:08.982000,-78.68786377466621,35.78309242072068,89.4000015258789,campaign_9,35.78309242072068,-78.68786377466621,89.4000015258789
4G_LTE,-126,2147483647,-126,-19,-97,2147483647,14,9820,196,7,2147483647,2147483647,0,2147483647,[30],[FDD],"Band Number = 30, Uplink = 2305.0 - 2315.0 MHz, Downlink = 2305.0 - 2315.0 MHz ",Unavailable,Unavailable,0,1724707568982,32632.639865521,2024-08-26 17:26:08.982000,-78.68786377466621,35.78309242072068,89.4000015258789,campaign_9,35.78309242072068,-78.68786377466621,89.4000015258789
4G_LTE,-108,2147483647,-108,-12,-85,2147483647,32,950,311,7,2147483647,2147483647,1,2147483647,[2],[FDD],"Band Number = 2, Uplink = 1850.0 - 1910.0 MHz, Downlink = 1850.0 - 1910.0 MHz ",Unavailable,Unavailable,1,1724707568982,32632.639865521,2024-08-26 17:26:08.982000,-78.68786377466621,35.78309242072068,89.4000015258789,campaign_9,35.78309242072068,-78.68786377466621,89.4000015258789
4G_LTE,-109,2147483647,-109,-15,-85,2147483647,31,950,368,7,2147483647,2147483647,1,2147483647,[2],[FDD],"Band Number = 2, Uplink = 1850.0 - 1910.0 MHz, Downlink = 1850.0 - 1910.0 MHz ",Unavailable,Unavailable,0,1724707568982,32632.639865521,2024-08-26 17:26:08.982000,-78.68786377466621,35.78309242072068,89.4000015258789,campaign_9,35.78309242072068,-78.68786377466621,89.4000015258789
4G_LTE,-114,2147483647,-114,-18,-85,2147483647,26,950,356,7,2147483647,2147483647,1,2147483647,[2],[FDD],"Band Number = 2, Uplink = 1850.0 - 1910.0 MHz, Downlink = 1850.0 - 1910.0 MHz ",Unavailable,Unavailable,0,1724707568982,32632.639865521,2024-08-26 17:26:08.982000,-78.68786377466621,35.78309242072068,89.4000015258789,campaign_9,35.78309242072068,-78.68786377466621,89.4000015258789
4G_LTE,-117,2147483647,-117,-16,-89,2147483647,23,66486,311,7,2147483647,2147483647,0,2147483647,[66],[FDD],"Band Number = 66, Uplink = 1710.0 - 1780.0 MHz, Downlink = 1710.0 - 1780.0 MHz ",Unavailable,Unavailable,1,1724707568982,32632.639865521,2024-08-26 17:26:08.982000,-78.68786377466621,35.78309242072068,89.4000015258789,campaign_9,35.78309242072068,-78.68786377466621,89.4000015258789
4G_LTE,-116,2147483647,-116,-15,-89,2147483647,24,66486,502,7,2147483647,2147483647,0,2147483647,[66],[FDD],"Band Number = 66, Uplink = 1710.0 - 1780.0 MHz, Downlink = 1710.0 - 1780.0 MHz ",Unavailable,Unavailable,0,1724707568982,32632.639865521,2024-08-26 17:26:08.982000,-78.68786377466621,35.78309242072068,89.4000015258789,campaign_9,35.78309242072068,-78.68786377466621,89.4000015258789
4G_LTE,-117,2147483647,-117,-16,-89,2147483647,23,66486,368,7,2147483647,2147483647,0,2147483647,[66],[FDD],"Band Number = 66, Uplink = 1710.0 - 1780.0 MHz, Downlink = 1710.0 - 1780.0 MHz ",Unavailable,Unavailable,0,1724707568982,32632.639865521,2024-08-26 17:26:08.982000,-78.68786377466621,35.78309242072068,89.4000015258789,campaign_9,35.78309242072068,-78.68786377466621,89.4000015258789
4G_LTE,-114,3,-114,-13,-85,2147483647,26,67086,311,7,196875971,9995,1,2147483647,[66],[FDD],"Band Number = 66, Uplink = 1710.0 - 1780.0 MHz, Downlink = 1710.0 - 1780.0 MHz ",310,410,1,1724707569987,32633.641588749,2024-08-26 17:26:09.987000,-78.68786114173997,35.783097379667645,89.4000015258789,campaign_9,35.783097379667645,-78.68786114173997,89.4000015258789
4G_LTE,-120,2147483647,-120,-19,-93,2147483647,20,67086,178,7,2147483647,2147483647,0,2147483647,[66],[FDD],"Band Number = 66, Uplink = 1710.0 - 1780.0 MHz, Downlink = 1710.0 - 1780.0 MHz ",Unavailable,Unavailable,0,1724707569987,32633.641588749,2024-08-26 17:26:09.987000,-78.68786114173997,35.783097379667645,89.4000015258789,campaign_9,35.783097379667645,-78.68786114173997,89.4000015258789
4G_LTE,-118,2147483647,-118,-19,-93,2147483647,22,67086,368,7,2147483647,2147483647,0,2147483647,[66],[FDD],"Band Number = 66, Uplink = 1710.0 - 1780.0 MHz, Downlink = 1710.0 - 1780.0 MHz ",Unavailable,Unavailable,0,1724707569987,32633.641588749,2024-08-26 17:26:09.987000,-78.68786114173997,35.783097379667645,89.4000015258789,campaign_9,35.783097379667645,-78.68786114173997,89.4000015258789
4G_LTE,-122,2147483647,-122,-14,-97,2147483647,18,9820,101,7,2147483647,2147483647,0,2147483647,[30],[FDD],"Band Number = 30, Uplink = 2305.0 - 2315.0 MHz, Downlink = 2305.0 - 2315.0 MHz ",Unavailable,Unavailable,0,1724707569987,32633.641588749,2024-08-26 17:26:09.987000,-78.68786114173997,35.783097379667645,89.4000015258789,campaign_9,35.783097379667645,-78.68786114173997,89.4000015258789
4G_LTE,-125,2147483647,-125,-18,-97,2147483647,15,9820,282,7,2147483647,2147483647,0,2147483647,[30],[FDD],"Band Number = 30, Uplink = 2305.0 - 2315.0 MHz, Downlink = 2305.0 - 2315.0 MHz ",Unavailable,Unavailable,0,1724707569987,32633.641588749,2024-08-26 17:26:09.987000,-78.68786114173997,35.783097379667645,89.4000015258789,campaign_9,35.783097379667645,-78.68786114173997,89.4000015258789
4G_LTE,-121,2147483647,-121,-14,-97,2147483647,19,9820,44,7,2147483647,2147483647,0,2147483647,[30],[FDD],"Band Number = 30, Uplink = 2305.0 - 2315.0 MHz, Downlink = 2305.0 - 2315.0 MHz ",Unavailable,Unavailable,0,1724707569987,32633.641588749,2024-08-26 17:26:09.987000,-78.68786114173997,35.783097379667645,89.4000015258789,campaign_9,35.783097379667645,-78.68786114173997,89.4000015258789
4G_LTE,-126,2147483647,-126,-19,-97,2147483647,14,9820,196,7,2147483647,2147483647,0,2147483647,[30],[FDD],"Band Number = 30, Uplink = 2305.0 - 2315.0 MHz, Downlink = 2305.0 - 2315.0 MHz ",Unavailable,Unavailable,0,1724707569987,32633.641588749,2024-08-26 17:26:09.987000,-78.68786114173997,35.783097379667645,89.4000015258789,campaign_9,35.783097379667645,-78.68786114173997,89.4000015258789
4G_LTE,-108,2147483647,-108,-12,-85,2147483647,32,950,311,7,2147483647,2147483647,1,2147483647,[2],[FDD],"Band Number = 2, Uplink = 1850.0 - 1910.0 MHz, Downlink = 1850.0 - 1910.0 MHz ",Unavailable,Unavailable,1,1724707569987,32633.641588749,2024-08-26 17:26:09.987000,-78.68786114173997,35.783097379667645,89.4000015258789,campaign_9,35.783097379667645,-78.68786114173997,89.4000015258789
4G_LTE,-109,2147483647,-109,-15,-85,2147483647,31,950,368,7,2147483647,2147483647,1,2147483647,[2],[FDD],"Band Number = 2, Uplink = 1850.0 - 1910.0 MHz, Downlink = 1850.0 - 1910.0 MHz ",Unavailable,Unavailable,0,1724707569987,32633.641588749,2024-08-26 17:26:09.987000,-78.68786114173997,35.783097379667645,89.4000015258789,campaign_9,35.783097379667645,-78.68786114173997,89.4000015258789
4G_LTE,-114,2147483647,-114,-18,-85,2147483647,26,950,356,7,2147483647,2147483647,1,2147483647,[2],[FDD],"Band Number = 2, Uplink = 1850.0 - 1910.0 MHz, Downlink = 1850.0 - 1910.0 MHz ",Unavailable,Unavailable,0,1724707569987,32633.641588749,2024-08-26 17:26:09.987000,-78.68786114173997,35.783097379667645,89.4000015258789,campaign_9,35.783097379667645,-78.68786114173997,89.4000015258789
4G_LTE,-117,2147483647,-117,-16,-89,2147483647,23,66486,311,7,2147483647,2147483647,0,2147483647,[66],[FDD],"Band Number = 66, Uplink = 1710.0 - 1780.0 MHz, Downlink = 1710.0 - 1780.0 MHz ",Unavailable,Unavailable,1,1724707569987,32633.641588749,2024-08-26 17:26:09.987000,-78.68786114173997,35.783097379667645,89.4000015258789,campaign_9,35.783097379667645,-78.68786114173997,89.4000015258789
4G_LTE,-116,2147483647,-116,-15,-89,2147483647,24,66486,502,7,2147483647,2147483647,0,2147483647,[66],[FDD],"Band Number = 66, Uplink = 1710.0 - 1780.0 MHz, Downlink = 1710.0 - 1780.0 MHz ",Unavailable,Unavailable,0,1724707569987,32633.641588749,2024-08-26 17:26:09.987000,-78.68786114173997,35.783097379667645,89.4000015258789,campaign_9,35.783097379667645,-78.68786114173997,89.4000015258789
4G_LTE,-117,2147483647,-117,-16,-89,2147483647,23,66486,368,7,2147483647,2147483647,0,2147483647,[66],[FDD],"Band Number = 66, Uplink = 1710.0 - 1780.0 MHz, Downlink = 1710.0 - 1780.0 MHz ",Unavailable,Unavailable,0,1724707569987,32633.641588749,2024-08-26 17:26:09.987000,-78.68786114173997,35.783097379667645,89.4000015258789,campaign_9,35.783097379667645,-78.68786114173997,89.4000015258789
4G_LTE,-115,3,-115,-13,-85,2147483647,25,67086,311,7,196875971,9995,1,2147483647,[66],[FDD],"Band Number = 66, Uplink = 1710.0 - 1780.0 MHz, Downlink = 1710.0 - 1780.0 MHz ",310,410,1,1724707570985,32634.642243437,2024-08-26 17:26:10.985000,-78.6878606,35.7830984,89.4000015258789,campaign_9,35.7830984,-78.6878606,89.4000015258789
4G_LTE,-117,2147483647,-117,-17,-93,2147483647,23,67086,178,7,2147483647,2147483647,0,2147483647,[66],[FDD],"Band Number = 66, Uplink = 1710.0 - 1780.0 MHz, Downlink = 1710.0 - 1780.0 MHz ",Unavailable,Unavailable,0,1724707570985,32634.642243437,2024-08-26 17:26:10.985000,-78.6878606,35.7830984,89.4000015258789,campaign_9,35.7830984,-78.6878606,89.4000015258789
4G_LTE,-118,2147483647,-118,-16,-93,2147483647,22,67086,368,7,2147483647,2147483647,0,2147483647,[66],[FDD],"Band Number = 66, Uplink = 1710.0 - 1780.0 MHz, Downlink = 1710.0 - 1780.0 MHz ",Unavailable,Unavailable,0,1724707570985,32634.642243437,2024-08-26 17:26:10.985000,-78.6878606,35.7830984,89.4000015258789,campaign_9,35.7830984,-78.6878606,89.4000015258789
4G_LTE,-122,2147483647,-122,-16,-85,2147483647,18,9820,101,7,2147483647,2147483647,0,2147483647,[30],[FDD],"Band Number = 30, Uplink = 2305.0 - 2315.0 MHz, Downlink = 2305.0 - 2315.0 MHz ",Unavailable,Unavailable,0,1724707570985,32634.642243437,2024-08-26 17:26:10.985000,-78.6878606,35.7830984,89.4000015258789,campaign_9,35.7830984,-78.6878606,89.4000015258789
4G_LTE,-125,2147483647,-125,-20,-95,2147483647,15,9820,282,7,2147483647,2147483647,0,2147483647,[30],[FDD],"Band Number = 30, Uplink = 2305.0 - 2315.0 MHz, Downlink = 2305.0 - 2315.0 MHz ",Unavailable,Unavailable,0,1724707570985,32634.642243437,2024-08-26 17:26:10.985000,-78.6878606,35.7830984,89.4000015258789,campaign_9,35.7830984,-78.6878606,89.4000015258789
4G_LTE,-123,2147483647,-123,-16,-97,2147483647,17,9820,44,7,2147483647,2147483647,0,2147483647,[30],[FDD],"Band Number = 30, Uplink = 2305.0 - 2315.0 MHz, Downlink = 2305.0 - 2315.0 MHz ",Unavailable,Unavailable,0,1724707570985,32634.642243437,2024-08-26 17:26:10.985000,-78.6878606,35.7830984,89.4000015258789,campaign_9,35.7830984,-78.6878606,89.4000015258789
4G_LTE,-126,2147483647,-126,-19,-97,2147483647,14,9820,196,7,2147483647,2147483647,0,2147483647,[30],[FDD],"Band Number = 30, Uplink = 2305.0 - 2315.0 MHz, Downlink = 2305.0 - 2315.0 MHz ",Unavailable,Unavailable,0,1724707570985,32634.642243437,2024-08-26 17:26:10.985000,-78.6878606,35.7830984,89.4000015258789,campaign_9,35.7830984,-78.6878606,89.4000015258789
4G_LTE,-108,2147483647,-108,-13,-75,2147483647,32,950,311,7,2147483647,2147483647,1,2147483647,[2],[FDD],"Band Number = 2, Uplink = 1850.0 - 1910.0 MHz, Downlink = 1850.0 - 1910.0 MHz ",Unavailable,Unavailable,1,1724707570985,32634.642243437,2024-08-26 17:26:10.985000,-78.6878606,35.7830984,89.4000015258789,campaign_9,35.7830984,-78.6878606,89.4000015258789
4G_LTE,-112,2147483647,-112,-16,-87,2147483647,28,950,368,7,2147483647,2147483647,1,2147483647,[2],[FDD],"Band Number = 2, Uplink = 1850.0 - 1910.0 MHz, Downlink = 1850.0 - 1910.0 MHz ",Unavailable,Unavailable,0,1724707570985,32634.642243437,2024-08-26 17:26:10.985000,-78.6878606,35.7830984,89.4000015258789,campaign_9,35.7830984,-78.6878606,89.4000015258789
4G_LTE,-114,2147483647,-114,-17,-87,2147483647,26,950,356,7,2147483647,2147483647,1,2147483647,[2],[FDD],"Band Number = 2, Uplink = 1850.0 - 1910.0 MHz, Downlink = 1850.0 - 1910.0 MHz ",Unavailable,Unavailable,0,1724707570985,32634.642243437,2024-08-26 17:26:10.985000,-78.6878606,35.7830984,89.4000015258789,campaign_9,35.7830984,-78.6878606,89.4000015258789
4G_LTE,-113,2147483647,-113,-13,-83,2147483647,27,66486,311,7,2147483647,2147483647,1,2147483647,[66],[FDD],"Band Number = 66, Uplink = 1710.0 - 1780.0 MHz, Downlink = 1710.0 - 1780.0 MHz ",Unavailable,Unavailable,1,1724707570985,32634.642243437,2024-08-26 17:26:10.985000,-78.6878606,35.7830984,89.4000015258789,campaign_9,35.7830984,-78.6878606,89.4000015258789
4G_LTE,-120,2147483647,-120,-18,-89,2147483647,20,66486,502,7,2147483647,2147483647,0,2147483647,[66],[FDD],"Band Number = 66, Uplink = 1710.0 - 1780.0 MHz, Downlink = 1710.0 - 1780.0 MHz ",Unavailable,Unavailable,0,1724707570985,32634.642243437,2024-08-26 17:26:10.985000,-78.6878606,35.7830984,89.4000015258789,campaign_9,35.7830984,-78.6878606,89.4000015258789
4G_LTE,-119,2147483647,-119,-17,-89,2147483647,21,66486,368,7,2147483647,2147483647,0,2147483647,[66],[FDD],"Band Number = 66, Uplink = 1710.0 - 1780.0 MHz, Downlink = 1710.0 - 1780.0 MHz ",Unavailable,Unavailable,0,1724707570985,32634.642243437,2024-08-26 17:26:10.985000,-78.6878606,35.7830984,89.4000015258789,campaign_9,35.7830984,-78.6878606,89.4000015258789
4G_LTE,-121,2147483647,-121,-19,-91,2147483647,19,66486,387,7,2147483647,2147483647,0,2147483647,[66],[FDD],"Band Number = 66, Uplink = 1710.0 - 1780.0 MHz, Downlink = 1710.0 - 1780.0 MHz ",Unavailable,Unavailable,0,1724707570985,32634.642243437,2024-08-26 17:26:10.985000,-78.6878606,35.7830984,89.4000015258789,campaign_9,35.7830984,-78.6878606,89.4000015258789
4G_LTE,-115,3,-115,-13,-85,2147483647,25,67086,311,7,196875971,9995,1,2147483647,[66],[FDD],"Band Number = 66, Uplink = 1710.0 - 1780.0 MHz, Downlink = 1710.0 - 1780.0 MHz ",310,410,1,1724707571986,32635.644330415,2024-08-26 17:26:11.986000,-78.6878606,35.7830984,89.4000015258789,campaign_9,35.7830984,-78.6878606,89.4000015258789
4G_LTE,-117,2147483647,-117,-17,-93,2147483647,23,67086,178,7,2147483647,2147483647,0,2147483647,[66],[FDD],"Band Number = 66, Uplink = 1710.0 - 1780.0 MHz, Downlink = 1710.0 - 1780.0 MHz ",Unavailable,Unavailable,0,1724707571986,32635.644330415,2024-08-26 17:26:11.986000,-78.6878606,35.7830984,89.4000015258789,campaign_9,35.7830984,-78.6878606,89.4000015258789
4G_LTE,-118,2147483647,-118,-16,-93,2147483647,22,67086,368,7,2147483647,2147483647,0,2147483647,[66],[FDD],"Band Number = 66, Uplink = 1710.0 - 1780.0 MHz, Downlink = 1710.0 - 1780.0 MHz ",Unavailable,Unavailable,0,1724707571986,32635.644330415,2024-08-26 17:26:11.986000,-78.6878606,35.7830984,89.4000015258789,campaign_9,35.7830984,-78.6878606,89.4000015258789
4G_LTE,-122,2147483647,-122,-16,-85,2147483647,18,9820,101,7,2147483647,2147483647,0,2147483647,[30],[FDD],"Band Number = 30, Uplink = 2305.0 - 2315.0 MHz, Downlink = 2305.0 - 2315.0 MHz ",Unavailable,Unavailable,0,1724707571986,32635.644330415,2024-08-26 17:26:11.986000,-78.6878606,35.7830984,89.4000015258789,campaign_9,35.7830984,-78.6878606,89.4000015258789
4G_LTE,-125,2147483647,-125,-20,-95,2147483647,15,9820,282,7,2147483647,2147483647,0,2147483647,[30],[FDD],"Band Number = 30, Uplink = 2305.0 - 2315.0 MHz, Downlink = 2305.0 - 2315.0 MHz ",Unavailable,Unavailable,0,1724707571986,32635.644330415,2024-08-26 17:26:11.986000,-78.6878606,35.7830984,89.4000015258789,campaign_9,35.7830984,-78.6878606,89.4000015258789
4G_LTE,-123,2147483647,-123,-16,-97,2147483647,17,9820,44,7,2147483647,2147483647,0,2147483647,[30],[FDD],"Band Number = 30, Uplink = 2305.0 - 2315.0 MHz, Downlink = 2305.0 - 2315.0 MHz ",Unavailable,Unavailable,0,1724707571986,32635.644330415,2024-08-26 17:26:11.986000,-78.6878606,35.7830984,89.4000015258789,campaign_9,35.7830984,-78.6878606,89.4000015258789
4G_LTE,-126,2147483647,-126,-19,-97,2147483647,14,9820,196,7,2147483647,2147483647,0,2147483647,[30],[FDD],"Band Number = 30, Uplink = 2305.0 - 2315.0 MHz, Downlink = 2305.0 - 2315.0 MHz ",Unavailable,Unavailable,0,1724707571986,32635.644330415,2024-08-26 17:26:11.986000,-78.6878606,35.7830984,89.4000015258789,campaign_9,35.7830984,-78.6878606,89.4000015258789
4G_LTE,-108,2147483647,-108,-13,-75,2147483647,32,950,311,7,2147483647,2147483647,1,2147483647,[2],[FDD],"Band Number = 2, Uplink = 1850.0 - 1910.0 MHz, Downlink = 1850.0 - 1910.0 MHz ",Unavailable,Unavailable,1,1724707571986,32635.644330415,2024-08-26 17:26:11.986000,-78.6878606,35.7830984,89.4000015258789,campaign_9,35.7830984,-78.6878606,89.4000015258789
4G_LTE,-112,2147483647,-112,-16,-87,2147483647,28,950,368,7,2147483647,2147483647,1,2147483647,[2],[FDD],"Band Number = 2, Uplink = 1850.0 - 1910.0 MHz, Downlink = 1850.0 - 1910.0 MHz ",Unavailable,Unavailable,0,1724707571986,32635.644330415,2024-08-26 17:26:11.986000,-78.6878606,35.7830984,89.4000015258789,campaign_9,35.7830984,-78.6878606,89.4000015258789
4G_LTE,-114,2147483647,-114,-17,-87,2147483647,26,950,356,7,2147483647,2147483647,1,2147483647,[2],[FDD],"Band Number = 2, Uplink = 1850.0 - 1910.0 MHz, Downlink = 1850.0 - 1910.0 MHz ",Unavailable,Unavailable,0,1724707571986,32635.644330415,2024-08-26 17:26:11.986000,-78.6878606,35.7830984,89.4000015258789,campaign_9,35.7830984,-78.6878606,89.4000015258789
4G_LTE,-113,2147483647,-113,-13,-83,2147483647,27,66486,311,7,2147483647,2147483647,1,2147483647,[66],[FDD],"Band Number = 66, Uplink = 1710.0 - 1780.0 MHz, Downlink = 1710.0 - 1780.0 MHz ",Unavailable,Unavailable,1,1724707571986,32635.644330415,2024-08-26 17:26:11.986000,-78.6878606,35.7830984,89.4000015258789,campaign_9,35.7830984,-78.6878606,89.4000015258789
4G_LTE,-120,2147483647,-120,-18,-89,2147483647,20,66486,502,7,2147483647,2147483647,0,2147483647,[66],[FDD],"Band Number = 66, Uplink = 1710.0 - 1780.0 MHz, Downlink = 1710.0 - 1780.0 MHz ",Unavailable,Unavailable,0,1724707571986,32635.644330415,2024-08-26 17:26:11.986000,-78.6878606,35.7830984,89.4000015258789,campaign_9,35.7830984,-78.6878606,89.4000015258789
4G_LTE,-119,2147483647,-119,-17,-89,2147483647,21,66486,368,7,2147483647,2147483647,0,2147483647,[66],[FDD],"Band Number = 66, Uplink = 1710.0 - 1780.0 MHz, Downlink = 1710.0 - 1780.0 MHz ",Unavailable,Unavailable,0,1724707571986,32635.644330415,2024-08-26 17:26:11.986000,-78.6878606,35.7830984,89.4000015258789,campaign_9,35.7830984,-78.6878606,89.4000015258789
4G_LTE,-121,2147483647,-121,-19,-91,2147483647,19,66486,387,7,2147483647,2147483647,0,2147483647,[66],[FDD],"Band Number = 66, Uplink = 1710.0 - 1780.0 MHz, Downlink = 1710.0 - 1780.0 MHz ",Unavailable,Unavailable,0,1724707571986,32635.644330415,2024-08-26 17:26:11.986000,-78.6878606,35.7830984,89.4000015258789,campaign_9,35.7830984,-78.6878606,89.4000015258789
4G_LTE,-116,3,-116,-14,-83,2147483647,24,67086,311,7,196875971,9995,0,2147483647,[66],[FDD],"Band Number = 66, Uplink = 1710.0 - 1780.0 MHz, Downlink = 1710.0 - 1780.0 MHz ",310,410,1,1724707572989,32636.646619842,2024-08-26 17:26:12.989000,-78.6878606,35.7830984,89.4000015258789,campaign_9,35.7830984,-78.6878606,89.4000015258789
4G_LTE,-119,2147483647,-119,-17,-93,2147483647,21,67086,178,7,2147483647,2147483647,0,2147483647,[66],[FDD],"Band Number = 66, Uplink = 1710.0 - 1780.0 MHz, Downlink = 1710.0 - 1780.0 MHz ",Unavailable,Unavailable,0,1724707572989,32636.646619842,2024-08-26 17:26:12.989000,-78.6878606,35.7830984,89.4000015258789,campaign_9,35.7830984,-78.6878606,89.4000015258789
4G_LTE,-119,2147483647,-119,-16,-93,2147483647,21,67086,368,7,2147483647,2147483647,0,2147483647,[66],[FDD],"Band Number = 66, Uplink = 1710.0 - 1780.0 MHz, Downlink = 1710.0 - 1780.0 MHz ",Unavailable,Unavailable,0,1724707572989,32636.646619842,2024-08-26 17:26:12.989000,-78.6878606,35.7830984,89.4000015258789,campaign_9,35.7830984,-78.6878606,89.4000015258789
4G_LTE,-121,2147483647,-121,-19,-91,2147483647,19,67086,219,7,2147483647,2147483647,0,2147483647,[66],[FDD],"Band Number = 66, Uplink = 1710.0 - 1780.0 MHz, Downlink = 1710.0 - 1780.0 MHz ",Unavailable,Unavailable,0,1724707572989,32636.646619842,2024-08-26 17:26:12.989000,-78.6878606,35.7830984,89.4000015258789,campaign_9,35.7830984,-78.6878606,89.4000015258789
4G_LTE,-122,2147483647,-122,-14,-97,2147483647,18,9820,101,7,2147483647,2147483647,0,2147483647,[30],[FDD],"Band Number = 30, Uplink = 2305.0 - 2315.0 MHz, Downlink = 2305.0 - 2315.0 MHz ",Unavailable,Unavailable,0,1724707572989,32636.646619842,2024-08-26 17:26:12.989000,-78.6878606,35.7830984,89.4000015258789,campaign_9,35.7830984,-78.6878606,89.4000015258789
4G_LTE,-128,2147483647,-128,-20,-97,2147483647,12,9820,282,7,2147483647,2147483647,0,2147483647,[30],[FDD],"Band Number = 30, Uplink = 2305.0 - 2315.0 MHz, Downlink = 2305.0 - 2315.0 MHz ",Unavailable,Unavailable,0,1724707572989,32636.646619842,2024-08-26 17:26:12.989000,-78.6878606,35.7830984,89.4000015258789,campaign_9,35.7830984,-78.6878606,89.4000015258789
4G_LTE,-125,2147483647,-125,-17,-97,2147483647,15,9820,44,7,2147483647,2147483647,0,2147483647,[30],[FDD],"Band Number = 30, Uplink = 2305.0 - 2315.0 MHz, Downlink = 2305.0 - 2315.0 MHz ",Unavailable,Unavailable,0,1724707572989,32636.646619842,2024-08-26 17:26:12.989000,-78.6878606,35.7830984,89.4000015258789,campaign_9,35.7830984,-78.6878606,89.4000015258789
4G_LTE,-126,2147483647,-126,-19,-97,2147483647,14,9820,196,7,2147483647,2147483647,0,2147483647,[30],[FDD],"Band Number = 30, Uplink = 2305.0 - 2315.0 MHz, Downlink = 2305.0 - 2315.0 MHz ",Unavailable,Unavailable,0,1724707572989,32636.646619842,2024-08-26 17:26:12.989000,-78.6878606,35.7830984,89.4000015258789,campaign_9,35.7830984,-78.6878606,89.4000015258789
4G_LTE,-108,2147483647,-108,-10,-89,2147483647,32,950,311,7,2147483647,2147483647,1,2147483647,[2],[FDD],"Band Number = 2, Uplink = 1850.0 - 1910.0 MHz, Downlink = 1850.0 - 1910.0 MHz ",Unavailable,Unavailable,1,1724707572989,32636.646619842,2024-08-26 17:26:12.989000,-78.6878606,35.7830984,89.4000015258789,campaign_9,35.7830984,-78.6878606,89.4000015258789
4G_LTE,-115,2147483647,-115,-16,-89,2147483647,25,950,368,7,2147483647,2147483647,1,2147483647,[2],[FDD],"Band Number = 2, Uplink = 1850.0 - 1910.0 MHz, Downlink = 1850.0 - 1910.0 MHz ",Unavailable,Unavailable,0,1724707572989,32636.646619842,2024-08-26 17:26:12.989000,-78.6878606,35.7830984,89.4000015258789,campaign_9,35.7830984,-78.6878606,89.4000015258789
4G_LTE,-114,2147483647,-114,-17,-87,2147483647,26,950,356,7,2147483647,2147483647,1,2147483647,[2],[FDD],"Band Number = 2, Uplink = 1850.0 - 1910.0 MHz, Downlink = 1850.0 - 1910.0 MHz ",Unavailable,Unavailable,0,1724707572989,32636.646619842,2024-08-26 17:26:12.989000,-78.6878606,35.7830984,89.4000015258789,campaign_9,35.7830984,-78.6878606,89.4000015258789
4G_LTE,-119,2147483647,-119,-15,-93,2147483647,21,66486,311,7,2147483647,2147483647,0,2147483647,[66],[FDD],"Band Number = 66, Uplink = 1710.0 - 1780.0 MHz, Downlink = 1710.0 - 1780.0 MHz ",Unavailable,Unavailable,1,1724707572989,32636.646619842,2024-08-26 17:26:12.989000,-78.6878606,35.7830984,89.4000015258789,campaign_9,35.7830984,-78.6878606,89.4000015258789
4G_LTE,-121,2147483647,-121,-17,-93,2147483647,19,66486,502,7,2147483647,2147483647,0,2147483647,[66],[FDD],"Band Number = 66, Uplink = 1710.0 - 1780.0 MHz, Downlink = 1710.0 - 1780.0 MHz ",Unavailable,Unavailable,0,1724707572989,32636.646619842,2024-08-26 17:26:12.989000,-78.6878606,35.7830984,89.4000015258789,campaign_9,35.7830984,-78.6878606,89.4000015258789
4G_LTE,-122,2147483647,-122,-17,-93,2147483647,18,66486,368,7,2147483647,2147483647,0,2147483647,[66],[FDD],"Band Number = 66, Uplink = 1710.0 - 1780.0 MHz, Downlink = 1710.0 - 1780.0 MHz ",Unavailable,Unavailable,0,1724707572989,32636.646619842,2024-08-26 17:26:12.989000,-78.6878606,35.7830984,89.4000015258789,campaign_9,35.7830984,-78.6878606,89.4000015258789
4G_LTE,-123,2147483647,-123,-17,-93,2147483647,17,66486,387,7,2147483647,2147483647,0,2147483647,[66],[FDD],"Band Number = 66, Uplink = 1710.0 - 1780.0 MHz, Downlink = 1710.0 - 1780.0 MHz ",Unavailable,Unavailable,0,1724707572989,32636.646619842,2024-08-26 17:26:12.989000,-78.6878606,35.7830984,89.4000015258789,campaign_9,35.7830984,-78.6878606,89.4000015258789
4G_LTE,-116,3,-116,-14,-83,2147483647,24,67086,311,7,196875971,9995,0,2147483647,[66],[FDD],"Band Number = 66, Uplink = 1710.0 - 1780.0 MHz, Downlink = 1710.0 - 1780.0 MHz ",310,410,1,1724707573991,32637.648639842,2024-08-26 17:26:13.991000,-78.6878606,35.7830984,89.4000015258789,campaign_9,35.7830984,-78.6878606,89.4000015258789
4G_LTE,-119,2147483647,-119,-17,-93,2147483647,21,67086,178,7,2147483647,2147483647,0,2147483647,[66],[FDD],"Band Number = 66, Uplink = 1710.0 - 1780.0 MHz, Downlink = 1710.0 - 1780.0 MHz ",Unavailable,Unavailable,0,1724707573991,32637.648639842,2024-08-26 17:26:13.991000,-78.6878606,35.7830984,89.4000015258789,campaign_9,35.7830984,-78.6878606,89.4000015258789
4G_LTE,-119,2147483647,-119,-16,-93,2147483647,21,67086,368,7,2147483647,2147483647,0,2147483647,[66],[FDD],"Band Number = 66, Uplink = 1710.0 - 1780.0 MHz, Downlink = 1710.0 - 1780.0 MHz ",Unavailable,Unavailable,0,1724707573991,32637.648639842,2024-08-26 17:26:13.991000,-78.6878606,35.7830984,89.4000015258789,campaign_9,35.7830984,-78.6878606,89.4000015258789
4G_LTE,-121,2147483647,-121,-19,-91,2147483647,19,67086,219,7,2147483647,2147483647,0,2147483647,[66],[FDD],"Band Number = 66, Uplink = 1710.0 - 1780.0 MHz, Downlink = 1710.0 - 1780.0 MHz ",Unavailable,Unavailable,0,1724707573991,32637.648639842,2024-08-26 17:26:13.991000,-78.6878606,35.7830984,89.4000015258789,campaign_9,35.7830984,-78.6878606,89.4000015258789
4G_LTE,-122,2147483647,-122,-14,-97,2147483647,18,9820,101,7,2147483647,2147483647,0,2147483647,[30],[FDD],"Band Number = 30, Uplink = 2305.0 - 2315.0 MHz, Downlink = 2305.0 - 2315.0 MHz ",Unavailable,Unavailable,0,1724707573991,32637.648639842,2024-08-26 17:26:13.991000,-78.6878606,35.7830984,89.4000015258789,campaign_9,35.7830984,-78.6878606,89.4000015258789
4G_LTE,-128,2147483647,-128,-20,-97,2147483647,12,9820,282,7,2147483647,2147483647,0,2147483647,[30],[FDD],"Band Number = 30, Uplink = 2305.0 - 2315.0 MHz, Downlink = 2305.0 - 2315.0 MHz ",Unavailable,Unavailable,0,1724707573991,32637.648639842,2024-08-26 17:26:13.991000,-78.6878606,35.7830984,89.4000015258789,campaign_9,35.7830984,-78.6878606,89.4000015258789
4G_LTE,-125,2147483647,-125,-17,-97,2147483647,15,9820,44,7,2147483647,2147483647,0,2147483647,[30],[FDD],"Band Number = 30, Uplink = 2305.0 - 2315.0 MHz, Downlink = 2305.0 - 2315.0 MHz ",Unavailable,Unavailable,0,1724707573991,32637.648639842,2024-08-26 17:26:13.991000,-78.6878606,35.7830984,89.4000015258789,campaign_9,35.7830984,-78.6878606,89.4000015258789
4G_LTE,-126,2147483647,-126,-19,-97,2147483647,14,9820,196,7,2147483647,2147483647,0,2147483647,[30],[FDD],"Band Number = 30, Uplink = 2305.0 - 2315.0 MHz, Downlink = 2305.0 - 2315.0 MHz ",Unavailable,Unavailable,0,1724707573991,32637.648639842,2024-08-26 17:26:13.991000,-78.6878606,35.7830984,89.4000015258789,campaign_9,35.7830984,-78.6878606,89.4000015258789
4G_LTE,-108,2147483647,-108,-10,-89,2147483647,32,950,311,7,2147483647,2147483647,1,2147483647,[2],[FDD],"Band Number = 2, Uplink = 1850.0 - 1910.0 MHz, Downlink = 1850.0 - 1910.0 MHz ",Unavailable,Unavailable,1,1724707573991,32637.648639842,2024-08-26 17:26:13.991000,-78.6878606,35.7830984,89.4000015258789,campaign_9,35.7830984,-78.6878606,89.4000015258789
4G_LTE,-115,2147483647,-115,-16,-89,2147483647,25,950,368,7,2147483647,2147483647,1,2147483647,[2],[FDD],"Band Number = 2, Uplink = 1850.0 - 1910.0 MHz, Downlink = 1850.0 - 1910.0 MHz ",Unavailable,Unavailable,0,1724707573991,32637.648639842,2024-08-26 17:26:13.991000,-78.6878606,35.7830984,89.4000015258789,campaign_9,35.7830984,-78.6878606,89.4000015258789
4G_LTE,-114,2147483647,-114,-17,-87,2147483647,26,950,356,7,2147483647,2147483647,1,2147483647,[2],[FDD],"Band Number = 2, Uplink = 1850.0 - 1910.0 MHz, Downlink = 1850.0 - 1910.0 MHz ",Unavailable,Unavailable,0,1724707573991,32637.648639842,2024-08-26 17:26:13.991000,-78.6878606,35.7830984,89.4000015258789,campaign_9,35.7830984,-78.6878606,89.4000015258789
4G_LTE,-119,2147483647,-119,-15,-93,2147483647,21,66486,311,7,2147483647,2147483647,0,2147483647,[66],[FDD],"Band Number = 66, Uplink = 1710.0 - 1780.0 MHz, Downlink = 1710.0 - 1780.0 MHz ",Unavailable,Unavailable,1,1724707573991,32637.648639842,2024-08-26 17:26:13.991000,-78.6878606,35.7830984,89.4000015258789,campaign_9,35.7830984,-78.6878606,89.4000015258789
4G_LTE,-121,2147483647,-121,-17,-93,2147483647,19,66486,502,7,2147483647,2147483647,0,2147483647,[66],[FDD],"Band Number = 66, Uplink = 1710.0 - 1780.0 MHz, Downlink = 1710.0 - 1780.0 MHz ",Unavailable,Unavailable,0,1724707573991,32637.648639842,2024-08-26 17:26:13.991000,-78.6878606,35.7830984,89.4000015258789,campaign_9,35.7830984,-78.6878606,89.4000015258789
4G_LTE,-122,2147483647,-122,-17,-93,2147483647,18,66486,368,7,2147483647,2147483647,0,2147483647,[66],[FDD],"Band Number = 66, Uplink = 1710.0 - 1780.0 MHz, Downlink = 1710.0 - 1780.0 MHz ",Unavailable,Unavailable,0,1724707573991,32637.648639842,2024-08-26 17:26:13.991000,-78.6878606,35.7830984,89.4000015258789,campaign_9,35.7830984,-78.6878606,89.4000015258789
4G_LTE,-123,2147483647,-123,-17,-93,2147483647,17,66486,387,7,2147483647,2147483647,0,2147483647,[66],[FDD],"Band Number = 66, Uplink = 1710.0 - 1780.0 MHz, Downlink = 1710.0 - 1780.0 MHz ",Unavailable,Unavailable,0,1724707573991,32637.648639842,2024-08-26 17:26:13.991000,-78.6878606,35.7830984,89.4000015258789,campaign_9,35.7830984,-78.6878606,89.4000015258789
4G_LTE,-115,3,-115,-16,-83,2147483647,25,67086,311,7,196875971,9995,1,2147483647,[66],[FDD],"Band Number = 66, Uplink = 1710.0 - 1780.0 MHz, Downlink = 1710.0 - 1780.0 MHz ",310,410,1,1724707575003,32638.659877966,2024-08-26 17:26:15.003000,-78.6878606,35.7830984,89.4000015258789,campaign_9,35.7830984,-78.6878606,89.4000015258789
4G_LTE,-121,2147483647,-121,-18,-91,2147483647,19,67086,178,7,2147483647,2147483647,0,2147483647,[66],[FDD],"Band Number = 66, Uplink = 1710.0 - 1780.0 MHz, Downlink = 1710.0 - 1780.0 MHz ",Unavailable,Unavailable,0,1724707575003,32638.659877966,2024-08-26 17:26:15.003000,-78.6878606,35.7830984,89.4000015258789,campaign_9,35.7830984,-78.6878606,89.4000015258789
4G_LTE,-124,2147483647,-124,-17,-93,2147483647,16,67086,368,7,2147483647,2147483647,0,2147483647,[66],[FDD],"Band Number = 66, Uplink = 1710.0 - 1780.0 MHz, Downlink = 1710.0 - 1780.0 MHz ",Unavailable,Unavailable,0,1724707575003,32638.659877966,2024-08-26 17:26:15.003000,-78.6878606,35.7830984,89.4000015258789,campaign_9,35.7830984,-78.6878606,89.4000015258789
4G_LTE,-120,2147483647,-120,-13,-99,2147483647,20,9820,101,7,2147483647,2147483647,0,2147483647,[30],[FDD],"Band Number = 30, Uplink = 2305.0 - 2315.0 MHz, Downlink = 2305.0 - 2315.0 MHz ",Unavailable,Unavailable,0,1724707575003,32638.659877966,2024-08-26 17:26:15.003000,-78.6878606,35.7830984,89.4000015258789,campaign_9,35.7830984,-78.6878606,89.4000015258789
4G_LTE,-127,2147483647,-127,-18,-99,2147483647,13,9820,282,7,2147483647,2147483647,0,2147483647,[30],[FDD],"Band Number = 30, Uplink = 2305.0 - 2315.0 MHz, Downlink = 2305.0 - 2315.0 MHz ",Unavailable,Unavailable,0,1724707575003,32638.659877966,2024-08-26 17:26:15.003000,-78.6878606,35.7830984,89.4000015258789,campaign_9,35.7830984,-78.6878606,89.4000015258789
4G_LTE,-125,2147483647,-125,-17,-97,2147483647,15,9820,44,7,2147483647,2147483647,0,2147483647,[30],[FDD],"Band Number = 30, Uplink = 2305.0 - 2315.0 MHz, Downlink = 2305.0 - 2315.0 MHz ",Unavailable,Unavailable,0,1724707575003,32638.659877966,2024-08-26 17:26:15.003000,-78.6878606,35.7830984,89.4000015258789,campaign_9,35.7830984,-78.6878606,89.4000015258789
4G_LTE,-111,2147483647,-111,-13,-87,2147483647,29,950,311,7,2147483647,2147483647,1,2147483647,[2],[FDD],"Band Number = 2, Uplink = 1850.0 - 1910.0 MHz, Downlink = 1850.0 - 1910.0 MHz ",Unavailable,Unavailable,1,1724707575003,32638.659877966,2024-08-26 17:26:15.003000,-78.6878606,35.7830984,89.4000015258789,campaign_9,35.7830984,-78.6878606,89.4000015258789
4G_LTE,-114,2147483647,-114,-14,-87,2147483647,26,950,368,7,2147483647,2147483647,1,2147483647,[2],[FDD],"Band Number = 2, Uplink = 1850.0 - 1910.0 MHz, Downlink = 1850.0 - 1910.0 MHz ",Unavailable,Unavailable,0,1724707575003,32638.659877966,2024-08-26 17:26:15.003000,-78.6878606,35.7830984,89.4000015258789,campaign_9,35.7830984,-78.6878606,89.4000015258789
4G_LTE,-114,2147483647,-114,-17,-87,2147483647,26,950,356,7,2147483647,2147483647,1,2147483647,[2],[FDD],"Band Number = 2, Uplink = 1850.0 - 1910.0 MHz, Downlink = 1850.0 - 1910.0 MHz ",Unavailable,Unavailable,0,1724707575003,32638.659877966,2024-08-26 17:26:15.003000,-78.6878606,35.7830984,89.4000015258789,campaign_9,35.7830984,-78.6878606,89.4000015258789
4G_LTE,-117,2147483647,-117,-12,-93,2147483647,23,66486,311,7,2147483647,2147483647,0,2147483647,[66],[FDD],"Band Number = 66, Uplink = 1710.0 - 1780.0 MHz, Downlink = 1710.0 - 1780.0 MHz ",Unavailable,Unavailable,1,1724707575003,32638.659877966,2024-08-26 17:26:15.003000,-78.6878606,35.7830984,89.4000015258789,campaign_9,35.7830984,-78.6878606,89.4000015258789
4G_LTE,-122,2147483647,-122,-17,-93,2147483647,18,66486,502,7,2147483647,2147483647,0,2147483647,[66],[FDD],"Band Number = 66, Uplink = 1710.0 - 1780.0 MHz, Downlink = 1710.0 - 1780.0 MHz ",Unavailable,Unavailable,0,1724707575003,32638.659877966,2024-08-26 17:26:15.003000,-78.6878606,35.7830984,89.4000015258789,campaign_9,35.7830984,-78.6878606,89.4000015258789
4G_LTE,-119,2147483647,-119,-14,-93,2147483647,21,66486,368,7,2147483647,2147483647,0,2147483647,[66],[FDD],"Band Number = 66, Uplink = 1710.0 - 1780.0 MHz, Downlink = 1710.0 - 1780.0 MHz ",Unavailable,Unavailable,0,1724707575003,32638.659877966,2024-08-26 17:26:15.003000,-78.6878606,35.7830984,89.4000015258789,campaign_9,35.7830984,-78.6878606,89.4000015258789
4G_LTE,-123,2147483647,-123,-17,-93,2147483647,17,66486,387,7,2147483647,2147483647,0,2147483647,[66],[FDD],"Band Number = 66, Uplink = 1710.0 - 1780.0 MHz, Downlink = 1710.0 - 1780.0 MHz ",Unavailable,Unavailable,0,1724707575003,32638.659877966,2024-08-26 17:26:15.003000,-78.6878606,35.7830984,89.4000015258789,campaign_9,35.7830984,-78.6878606,89.4000015258789
4G_LTE,-123,2147483647,-123,-20,-93,2147483647,17,66486,478,7,2147483647,2147483647,0,2147483647,[66],[FDD],"Band Number = 66, Uplink = 1710.0 - 1780.0 MHz, Downlink = 1710.0 - 1780.0 MHz ",Unavailable,Unavailable,0,1724707575003,32638.659877966,2024-08-26 17:26:15.003000,-78.6878606,35.7830984,89.4000015258789,campaign_9,35.7830984,-78.6878606,89.4000015258789
4G_LTE,-115,3,-115,-16,-83,2147483647,25,67086,311,7,196875971,9995,1,2147483647,[66],[FDD],"Band Number = 66, Uplink = 1710.0 - 1780.0 MHz, Downlink = 1710.0 - 1780.0 MHz ",310,410,1,1724707576007,32639.664636351,2024-08-26 17:26:16.007000,-78.6878606,35.7830984,89.4000015258789,campaign_9,35.7830984,-78.6878606,89.4000015258789
4G_LTE,-121,2147483647,-121,-18,-91,2147483647,19,67086,178,7,2147483647,2147483647,0,2147483647,[66],[FDD],"Band Number = 66, Uplink = 1710.0 - 1780.0 MHz, Downlink = 1710.0 - 1780.0 MHz ",Unavailable,Unavailable,0,1724707576007,32639.664636351,2024-08-26 17:26:16.007000,-78.6878606,35.7830984,89.4000015258789,campaign_9,35.7830984,-78.6878606,89.4000015258789
4G_LTE,-124,2147483647,-124,-17,-93,2147483647,16,67086,368,7,2147483647,2147483647,0,2147483647,[66],[FDD],"Band Number = 66, Uplink = 1710.0 - 1780.0 MHz, Downlink = 1710.0 - 1780.0 MHz ",Unavailable,Unavailable,0,1724707576007,32639.664636351,2024-08-26 17:26:16.007000,-78.6878606,35.7830984,89.4000015258789,campaign_9,35.7830984,-78.6878606,89.4000015258789
4G_LTE,-120,2147483647,-120,-13,-99,2147483647,20,9820,101,7,2147483647,2147483647,0,2147483647,[30],[FDD],"Band Number = 30, Uplink = 2305.0 - 2315.0 MHz, Downlink = 2305.0 - 2315.0 MHz ",Unavailable,Unavailable,0,1724707576007,32639.664636351,2024-08-26 17:26:16.007000,-78.6878606,35.7830984,89.4000015258789,campaign_9,35.7830984,-78.6878606,89.4000015258789
4G_LTE,-127,2147483647,-127,-18,-99,2147483647,13,9820,282,7,2147483647,2147483647,0,2147483647,[30],[FDD],"Band Number = 30, Uplink = 2305.0 - 2315.0 MHz, Downlink = 2305.0 - 2315.0 MHz ",Unavailable,Unavailable,0,1724707576007,32639.664636351,2024-08-26 17:26:16.007000,-78.6878606,35.7830984,89.4000015258789,campaign_9,35.7830984,-78.6878606,89.4000015258789
4G_LTE,-125,2147483647,-125,-17,-97,2147483647,15,9820,44,7,2147483647,2147483647,0,2147483647,[30],[FDD],"Band Number = 30, Uplink = 2305.0 - 2315.0 MHz, Downlink = 2305.0 - 2315.0 MHz ",Unavailable,Unavailable,0,1724707576007,32639.664636351,2024-08-26 17:26:16.007000,-78.6878606,35.7830984,89.4000015258789,campaign_9,35.7830984,-78.6878606,89.4000015258789
4G_LTE,-111,2147483647,-111,-13,-87,2147483647,29,950,311,7,2147483647,2147483647,1,2147483647,[2],[FDD],"Band Number = 2, Uplink = 1850.0 - 1910.0 MHz, Downlink = 1850.0 - 1910.0 MHz ",Unavailable,Unavailable,1,1724707576007,32639.664636351,2024-08-26 17:26:16.007000,-78.6878606,35.7830984,89.4000015258789,campaign_9,35.7830984,-78.6878606,89.4000015258789
4G_LTE,-114,2147483647,-114,-14,-87,2147483647,26,950,368,7,2147483647,2147483647,1,2147483647,[2],[FDD],"Band Number = 2, Uplink = 1850.0 - 1910.0 MHz, Downlink = 1850.0 - 1910.0 MHz ",Unavailable,Unavailable,0,1724707576007,32639.664636351,2024-08-26 17:26:16.007000,-78.6878606,35.7830984,89.4000015258789,campaign_9,35.7830984,-78.6878606,89.4000015258789
4G_LTE,-114,2147483647,-114,-17,-87,2147483647,26,950,356,7,2147483647,2147483647,1,2147483647,[2],[FDD],"Band Number = 2, Uplink = 1850.0 - 1910.0 MHz, Downlink = 1850.0 - 1910.0 MHz ",Unavailable,Unavailable,0,1724707576007,32639.664636351,2024-08-26 17:26:16.007000,-78.6878606,35.7830984,89.4000015258789,campaign_9,35.7830984,-78.6878606,89.4000015258789
4G_LTE,-117,2147483647,-117,-12,-93,2147483647,23,66486,311,7,2147483647,2147483647,0,2147483647,[66],[FDD],"Band Number = 66, Uplink = 1710.0 - 1780.0 MHz, Downlink = 1710.0 - 1780.0 MHz ",Unavailable,Unavailable,1,1724707576007,32639.664636351,2024-08-26 17:26:16.007000,-78.6878606,35.7830984,89.4000015258789,campaign_9,35.7830984,-78.6878606,89.4000015258789
4G_LTE,-122,2147483647,-122,-17,-93,2147483647,18,66486,502,7,2147483647,2147483647,0,2147483647,[66],[FDD],"Band Number = 66, Uplink = 1710.0 - 1780.0 MHz, Downlink = 1710.0 - 1780.0 MHz ",Unavailable,Unavailable,0,1724707576007,32639.664636351,2024-08-26 17:26:16.007000,-78.6878606,35.7830984,89.4000015258789,campaign_9,35.7830984,-78.6878606,89.4000015258789
4G_LTE,-119,2147483647,-119,-14,-93,2147483647,21,66486,368,7,2147483647,2147483647,0,2147483647,[66],[FDD],"Band Number = 66, Uplink = 1710.0 - 1780.0 MHz, Downlink = 1710.0 - 1780.0 MHz ",Unavailable,Unavailable,0,1724707576007,32639.664636351,2024-08-26 17:26:16.007000,-78.6878606,35.7830984,89.4000015258789,campaign_9,35.7830984,-78.6878606,89.4000015258789
4G_LTE,-123,2147483647,-123,-17,-93,2147483647,17,66486,387,7,2147483647,2147483647,0,2147483647,[66],[FDD],"Band Number = 66, Uplink = 1710.0 - 1780.0 MHz, Downlink = 1710.0 - 1780.0 MHz ",Unavailable,Unavailable,0,1724707576007,32639.664636351,2024-08-26 17:26:16.007000,-78.6878606,35.7830984,89.4000015258789,campaign_9,35.7830984,-78.6878606,89.4000015258789
4G_LTE,-123,2147483647,-123,-20,-93,2147483647,17,66486,478,7,2147483647,2147483647,0,2147483647,[66],[FDD],"Band Number = 66, Uplink = 1710.0 - 1780.0 MHz, Downlink = 1710.0 - 1780.0 MHz ",Unavailable,Unavailable,0,1724707576007,32639.664636351,2024-08-26 17:26:16.007000,-78.6878606,35.7830984,89.4000015258789,campaign_9,35.7830984,-78.6878606,89.4000015258789
4G_LTE,-118,3,-118,-16,-87,2147483647,22,67086,311,7,196875971,9995,0,2147483647,[66],[FDD],"Band Number = 66, Uplink = 1710.0 - 1780.0 MHz, Downlink = 1710.0 - 1780.0 MHz ",310,410,1,1724707577003,32640.660673747,2024-08-26 17:26:17.003000,-78.68785914705882,35.78308726078431,89.4000015258789,campaign_9,35.78308726078431,-78.68785914705882,89.4000015258789
4G_LTE,-122,2147483647,-122,-17,-93,2147483647,18,67086,178,7,2147483647,2147483647,0,2147483647,[66],[FDD],"Band Number = 66, Uplink = 1710.0 - 1780.0 MHz, Downlink = 1710.0 - 1780.0 MHz ",Unavailable,Unavailable,0,1724707577003,32640.660673747,2024-08-26 17:26:17.003000,-78.68785914705882,35.78308726078431,89.4000015258789,campaign_9,35.78308726078431,-78.68785914705882,89.4000015258789
4G_LTE,-123,2147483647,-123,-19,-93,2147483647,17,67086,368,7,2147483647,2147483647,0,2147483647,[66],[FDD],"Band Number = 66, Uplink = 1710.0 - 1780.0 MHz, Downlink = 1710.0 - 1780.0 MHz ",Unavailable,Unavailable,0,1724707577003,32640.660673747,2024-08-26 17:26:17.003000,-78.68785914705882,35.78308726078431,89.4000015258789,campaign_9,35.78308726078431,-78.68785914705882,89.4000015258789
4G_LTE,-118,2147483647,-118,-14,-89,2147483647,22,9820,101,7,2147483647,2147483647,0,2147483647,[30],[FDD],"Band Number = 30, Uplink = 2305.0 - 2315.0 MHz, Downlink = 2305.0 - 2315.0 MHz ",Unavailable,Unavailable,0,1724707577003,32640.660673747,2024-08-26 17:26:17.003000,-78.68785914705882,35.78308726078431,89.4000015258789,campaign_9,35.78308726078431,-78.68785914705882,89.4000015258789
4G_LTE,-127,2147483647,-127,-18,-99,2147483647,13,9820,282,7,2147483647,2147483647,0,2147483647,[30],[FDD],"Band Number = 30, Uplink = 2305.0 - 2315.0 MHz, Downlink = 2305.0 - 2315.0 MHz ",Unavailable,Unavailable,0,1724707577003,32640.660673747,2024-08-26 17:26:17.003000,-78.68785914705882,35.78308726078431,89.4000015258789,campaign_9,35.78308726078431,-78.68785914705882,89.4000015258789
4G_LTE,-125,2147483647,-125,-17,-97,2147483647,15,9820,44,7,2147483647,2147483647,0,2147483647,[30],[FDD],"Band Number = 30, Uplink = 2305.0 - 2315.0 MHz, Downlink = 2305.0 - 2315.0 MHz ",Unavailable,Unavailable,0,1724707577003,32640.660673747,2024-08-26 17:26:17.003000,-78.68785914705882,35.78308726078431,89.4000015258789,campaign_9,35.78308726078431,-78.68785914705882,89.4000015258789
4G_LTE,-116,2147483647,-116,-15,-89,2147483647,24,950,311,7,2147483647,2147483647,0,2147483647,[2],[FDD],"Band Number = 2, Uplink = 1850.0 - 1910.0 MHz, Downlink = 1850.0 - 1910.0 MHz ",Unavailable,Unavailable,1,1724707577003,32640.660673747,2024-08-26 17:26:17.003000,-78.68785914705882,35.78308726078431,89.4000015258789,campaign_9,35.78308726078431,-78.68785914705882,89.4000015258789
4G_LTE,-117,2147483647,-117,-17,-89,2147483647,23,950,368,7,2147483647,2147483647,0,2147483647,[2],[FDD],"Band Number = 2, Uplink = 1850.0 - 1910.0 MHz, Downlink = 1850.0 - 1910.0 MHz ",Unavailable,Unavailable,0,1724707577003,32640.660673747,2024-08-26 17:26:17.003000,-78.68785914705882,35.78308726078431,89.4000015258789,campaign_9,35.78308726078431,-78.68785914705882,89.4000015258789
4G_LTE,-121,2147483647,-121,-20,-89,2147483647,19,950,356,7,2147483647,2147483647,0,2147483647,[2],[FDD],"Band Number = 2, Uplink = 1850.0 - 1910.0 MHz, Downlink = 1850.0 - 1910.0 MHz ",Unavailable,Unavailable,0,1724707577003,32640.660673747,2024-08-26 17:26:17.003000,-78.68785914705882,35.78308726078431,89.4000015258789,campaign_9,35.78308726078431,-78.68785914705882,89.4000015258789
4G_LTE,-119,2147483647,-119,-19,-89,2147483647,21,950,380,7,2147483647,2147483647,0,2147483647,[2],[FDD],"Band Number = 2, Uplink = 1850.0 - 1910.0 MHz, Downlink = 1850.0 - 1910.0 MHz ",Unavailable,Unavailable,0,1724707577003,32640.660673747,2024-08-26 17:26:17.003000,-78.68785914705882,35.78308726078431,89.4000015258789,campaign_9,35.78308726078431,-78.68785914705882,89.4000015258789
4G_LTE,-114,2147483647,-114,-13,-91,2147483647,26,66486,311,7,2147483647,2147483647,1,2147483647,[66],[FDD],"Band Number = 66, Uplink = 1710.0 - 1780.0 MHz, Downlink = 1710.0 - 1780.0 MHz ",Unavailable,Unavailable,1,1724707577003,32640.660673747,2024-08-26 17:26:17.003000,-78.68785914705882,35.78308726078431,89.4000015258789,campaign_9,35.78308726078431,-78.68785914705882,89.4000015258789
4G_LTE,-120,2147483647,-120,-19,-91,2147483647,20,66486,502,7,2147483647,2147483647,0,2147483647,[66],[FDD],"Band Number = 66, Uplink = 1710.0 - 1780.0 MHz, Downlink = 1710.0 - 1780.0 MHz ",Unavailable,Unavailable,0,1724707577003,32640.660673747,2024-08-26 17:26:17.003000,-78.68785914705882,35.78308726078431,89.4000015258789,campaign_9,35.78308726078431,-78.68785914705882,89.4000015258789
4G_LTE,-119,2147483647,-119,-16,-91,2147483647,21,66486,368,7,2147483647,2147483647,0,2147483647,[66],[FDD],"Band Number = 66, Uplink = 1710.0 - 1780.0 MHz, Downlink = 1710.0 - 1780.0 MHz ",Unavailable,Unavailable,0,1724707577003,32640.660673747,2024-08-26 17:26:17.003000,-78.68785914705882,35.78308726078431,89.4000015258789,campaign_9,35.78308726078431,-78.68785914705882,89.4000015258789
4G_LTE,-123,2147483647,-123,-17,-93,2147483647,17,66486,387,7,2147483647,2147483647,0,2147483647,[66],[FDD],"Band Number = 66, Uplink = 1710.0 - 1780.0 MHz, Downlink = 1710.0 - 1780.0 MHz ",Unavailable,Unavailable,0,1724707577003,32640.660673747,2024-08-26 17:26:17.003000,-78.68785914705882,35.78308726078431,89.4000015258789,campaign_9,35.78308726078431,-78.68785914705882,89.4000015258789
4G_LTE,-123,2147483647,-123,-20,-93,2147483647,17,66486,478,7,2147483647,2147483647,0,2147483647,[66],[FDD],"Band Number = 66, Uplink = 1710.0 - 1780.0 MHz, Downlink = 1710.0 - 1780.0 MHz ",Unavailable,Unavailable,0,1724707577003,32640.660673747,2024-08-26 17:26:17.003000,-78.68785914705882,35.78308726078431,89.4000015258789,campaign_9,35.78308726078431,-78.68785914705882,89.4000015258789
4G_LTE,-118,3,-118,-16,-87,2147483647,22,67086,311,7,196875971,9995,0,2147483647,[66],[FDD],"Band Number = 66, Uplink = 1710.0 - 1780.0 MHz, Downlink = 1710.0 - 1780.0 MHz ",310,410,1,1724707578004,32641.660596819,2024-08-26 17:26:18.004000,-78.6878591,35.7830869,89.4000015258789,campaign_9,35.7830869,-78.6878591,89.4000015258789
4G_LTE,-122,2147483647,-122,-17,-93,2147483647,18,67086,178,7,2147483647,2147483647,0,2147483647,[66],[FDD],"Band Number = 66, Uplink = 1710.0 - 1780.0 MHz, Downlink = 1710.0 - 1780.0 MHz ",Unavailable,Unavailable,0,1724707578004,32641.660596819,2024-08-26 17:26:18.004000,-78.6878591,35.7830869,89.4000015258789,campaign_9,35.7830869,-78.6878591,89.4000015258789
4G_LTE,-123,2147483647,-123,-19,-93,2147483647,17,67086,368,7,2147483647,2147483647,0,2147483647,[66],[FDD],"Band Number = 66, Uplink = 1710.0 - 1780.0 MHz, Downlink = 1710.0 - 1780.0 MHz ",Unavailable,Unavailable,0,1724707578004,32641.660596819,2024-08-26 17:26:18.004000,-78.6878591,35.7830869,89.4000015258789,campaign_9,35.7830869,-78.6878591,89.4000015258789
4G_LTE,-118,2147483647,-118,-14,-89,2147483647,22,9820,101,7,2147483647,2147483647,0,2147483647,[30],[FDD],"Band Number = 30, Uplink = 2305.0 - 2315.0 MHz, Downlink = 2305.0 - 2315.0 MHz ",Unavailable,Unavailable,0,1724707578004,32641.660596819,2024-08-26 17:26:18.004000,-78.6878591,35.7830869,89.4000015258789,campaign_9,35.7830869,-78.6878591,89.4000015258789
4G_LTE,-127,2147483647,-127,-18,-99,2147483647,13,9820,282,7,2147483647,2147483647,0,2147483647,[30],[FDD],"Band Number = 30, Uplink = 2305.0 - 2315.0 MHz, Downlink = 2305.0 - 2315.0 MHz ",Unavailable,Unavailable,0,1724707578004,32641.660596819,2024-08-26 17:26:18.004000,-78.6878591,35.7830869,89.4000015258789,campaign_9,35.7830869,-78.6878591,89.4000015258789
4G_LTE,-125,2147483647,-125,-17,-97,2147483647,15,9820,44,7,2147483647,2147483647,0,2147483647,[30],[FDD],"Band Number = 30, Uplink = 2305.0 - 2315.0 MHz, Downlink = 2305.0 - 2315.0 MHz ",Unavailable,Unavailable,0,1724707578004,32641.660596819,2024-08-26 17:26:18.004000,-78.6878591,35.7830869,89.4000015258789,campaign_9,35.7830869,-78.6878591,89.4000015258789
4G_LTE,-116,2147483647,-116,-15,-89,2147483647,24,950,311,7,2147483647,2147483647,0,2147483647,[2],[FDD],"Band Number = 2, Uplink = 1850.0 - 1910.0 MHz, Downlink = 1850.0 - 1910.0 MHz ",Unavailable,Unavailable,1,1724707578004,32641.660596819,2024-08-26 17:26:18.004000,-78.6878591,35.7830869,89.4000015258789,campaign_9,35.7830869,-78.6878591,89.4000015258789
4G_LTE,-117,2147483647,-117,-17,-89,2147483647,23,950,368,7,2147483647,2147483647,0,2147483647,[2],[FDD],"Band Number = 2, Uplink = 1850.0 - 1910.0 MHz, Downlink = 1850.0 - 1910.0 MHz ",Unavailable,Unavailable,0,1724707578004,32641.660596819,2024-08-26 17:26:18.004000,-78.6878591,35.7830869,89.4000015258789,campaign_9,35.7830869,-78.6878591,89.4000015258789
4G_LTE,-121,2147483647,-121,-20,-89,2147483647,19,950,356,7,2147483647,2147483647,0,2147483647,[2],[FDD],"Band Number = 2, Uplink = 1850.0 - 1910.0 MHz, Downlink = 1850.0 - 1910.0 MHz ",Unavailable,Unavailable,0,1724707578004,32641.660596819,2024-08-26 17:26:18.004000,-78.6878591,35.7830869,89.4000015258789,campaign_9,35.7830869,-78.6878591,89.4000015258789
4G_LTE,-119,2147483647,-119,-19,-89,2147483647,21,950,380,7,2147483647,2147483647,0,2147483647,[2],[FDD],"Band Number = 2, Uplink = 1850.0 - 1910.0 MHz, Downlink = 1850.0 - 1910.0 MHz ",Unavailable,Unavailable,0,1724707578004,32641.660596819,2024-08-26 17:26:18.004000,-78.6878591,35.7830869,89.4000015258789,campaign_9,35.7830869,-78.6878591,89.4000015258789
4G_LTE,-114,2147483647,-114,-13,-91,2147483647,26,66486,311,7,2147483647,2147483647,1,2147483647,[66],[FDD],"Band Number = 66, Uplink = 1710.0 - 1780.0 MHz, Downlink = 1710.0 - 1780.0 MHz ",Unavailable,Unavailable,1,1724707578004,32641.660596819,2024-08-26 17:26:18.004000,-78.6878591,35.7830869,89.4000015258789,campaign_9,35.7830869,-78.6878591,89.4000015258789
4G_LTE,-120,2147483647,-120,-19,-91,2147483647,20,66486,502,7,2147483647,2147483647,0,2147483647,[66],[FDD],"Band Number = 66, Uplink = 1710.0 - 1780.0 MHz, Downlink = 1710.0 - 1780.0 MHz ",Unavailable,Unavailable,0,1724707578004,32641.660596819,2024-08-26 17:26:18.004000,-78.6878591,35.7830869,89.4000015258789,campaign_9,35.7830869,-78.6878591,89.4000015258789
4G_LTE,-119,2147483647,-119,-16,-91,2147483647,21,66486,368,7,2147483647,2147483647,0,2147483647,[66],[FDD],"Band Number = 66, Uplink = 1710.0 - 1780.0 MHz, Downlink = 1710.0 - 1780.0 MHz ",Unavailable,Unavailable,0,1724707578004,32641.660596819,2024-08-26 17:26:18.004000,-78.6878591,35.7830869,89.4000015258789,campaign_9,35.7830869,-78.6878591,89.4000015258789
4G_LTE,-123,2147483647,-123,-17,-93,2147483647,17,66486,387,7,2147483647,2147483647,0,2147483647,[66],[FDD],"Band Number = 66, Uplink = 1710.0 - 1780.0 MHz, Downlink = 1710.0 - 1780.0 MHz ",Unavailable,Unavailable,0,1724707578004,32641.660596819,2024-08-26 17:26:18.004000,-78.6878591,35.7830869,89.4000015258789,campaign_9,35.7830869,-78.6878591,89.4000015258789
4G_LTE,-123,2147483647,-123,-20,-93,2147483647,17,66486,478,7,2147483647,2147483647,0,2147483647,[66],[FDD],"Band Number = 66, Uplink = 1710.0 - 1780.0 MHz, Downlink = 1710.0 - 1780.0 MHz ",Unavailable,Unavailable,0,1724707578004,32641.660596819,2024-08-26 17:26:18.004000,-78.6878591,35.7830869,89.4000015258789,campaign_9,35.7830869,-78.6878591,89.4000015258789
4G_LTE,-118,3,-118,-16,-87,2147483647,22,67086,311,7,196875971,9995,0,2147483647,[66],[FDD],"Band Number = 66, Uplink = 1710.0 - 1780.0 MHz, Downlink = 1710.0 - 1780.0 MHz ",310,410,1,1724707579005,32642.662718538,2024-08-26 17:26:19.005000,-78.6878591,35.7830869,89.4000015258789,campaign_9,35.7830869,-78.6878591,89.4000015258789
4G_LTE,-122,2147483647,-122,-17,-93,2147483647,18,67086,178,7,2147483647,2147483647,0,2147483647,[66],[FDD],"Band Number = 66, Uplink = 1710.0 - 1780.0 MHz, Downlink = 1710.0 - 1780.0 MHz ",Unavailable,Unavailable,0,1724707579005,32642.662718538,2024-08-26 17:26:19.005000,-78.6878591,35.7830869,89.4000015258789,campaign_9,35.7830869,-78.6878591,89.4000015258789
4G_LTE,-123,2147483647,-123,-19,-93,2147483647,17,67086,368,7,2147483647,2147483647,0,2147483647,[66],[FDD],"Band Number = 66, Uplink = 1710.0 - 1780.0 MHz, Downlink = 1710.0 - 1780.0 MHz ",Unavailable,Unavailable,0,1724707579005,32642.662718538,2024-08-26 17:26:19.005000,-78.6878591,35.7830869,89.4000015258789,campaign_9,35.7830869,-78.6878591,89.4000015258789
4G_LTE,-118,2147483647,-118,-14,-89,2147483647,22,9820,101,7,2147483647,2147483647,0,2147483647,[30],[FDD],"Band Number = 30, Uplink = 2305.0 - 2315.0 MHz, Downlink = 2305.0 - 2315.0 MHz ",Unavailable,Unavailable,0,1724707579005,32642.662718538,2024-08-26 17:26:19.005000,-78.6878591,35.7830869,89.4000015258789,campaign_9,35.7830869,-78.6878591,89.4000015258789
4G_LTE,-127,2147483647,-127,-18,-99,2147483647,13,9820,282,7,2147483647,2147483647,0,2147483647,[30],[FDD],"Band Number = 30, Uplink = 2305.0 - 2315.0 MHz, Downlink = 2305.0 - 2315.0 MHz ",Unavailable,Unavailable,0,1724707579005,32642.662718538,2024-08-26 17:26:19.005000,-78.6878591,35.7830869,89.4000015258789,campaign_9,35.7830869,-78.6878591,89.4000015258789
4G_LTE,-125,2147483647,-125,-17,-97,2147483647,15,9820,44,7,2147483647,2147483647,0,2147483647,[30],[FDD],"Band Number = 30, Uplink = 2305.0 - 2315.0 MHz, Downlink = 2305.0 - 2315.0 MHz ",Unavailable,Unavailable,0,1724707579005,32642.662718538,2024-08-26 17:26:19.005000,-78.6878591,35.7830869,89.4000015258789,campaign_9,35.7830869,-78.6878591,89.4000015258789
4G_LTE,-116,2147483647,-116,-15,-89,2147483647,24,950,311,7,2147483647,2147483647,0,2147483647,[2],[FDD],"Band Number = 2, Uplink = 1850.0 - 1910.0 MHz, Downlink = 1850.0 - 1910.0 MHz ",Unavailable,Unavailable,1,1724707579005,32642.662718538,2024-08-26 17:26:19.005000,-78.6878591,35.7830869,89.4000015258789,campaign_9,35.7830869,-78.6878591,89.4000015258789
4G_LTE,-117,2147483647,-117,-17,-89,2147483647,23,950,368,7,2147483647,2147483647,0,2147483647,[2],[FDD],"Band Number = 2, Uplink = 1850.0 - 1910.0 MHz, Downlink = 1850.0 - 1910.0 MHz ",Unavailable,Unavailable,0,1724707579005,32642.662718538,2024-08-26 17:26:19.005000,-78.6878591,35.7830869,89.4000015258789,campaign_9,35.7830869,-78.6878591,89.4000015258789
4G_LTE,-121,2147483647,-121,-20,-89,2147483647,19,950,356,7,2147483647,2147483647,0,2147483647,[2],[FDD],"Band Number = 2, Uplink = 1850.0 - 1910.0 MHz, Downlink = 1850.0 - 1910.0 MHz ",Unavailable,Unavailable,0,1724707579005,32642.662718538,2024-08-26 17:26:19.005000,-78.6878591,35.7830869,89.4000015258789,campaign_9,35.7830869,-78.6878591,89.4000015258789
4G_LTE,-119,2147483647,-119,-19,-89,2147483647,21,950,380,7,2147483647,2147483647,0,2147483647,[2],[FDD],"Band Number = 2, Uplink = 1850.0 - 1910.0 MHz, Downlink = 1850.0 - 1910.0 MHz ",Unavailable,Unavailable,0,1724707579005,32642.662718538,2024-08-26 17:26:19.005000,-78.6878591,35.7830869,89.4000015258789,campaign_9,35.7830869,-78.6878591,89.4000015258789
4G_LTE,-114,2147483647,-114,-13,-91,2147483647,26,66486,311,7,2147483647,2147483647,1,2147483647,[66],[FDD],"Band Number = 66, Uplink = 1710.0 - 1780.0 MHz, Downlink = 1710.0 - 1780.0 MHz ",Unavailable,Unavailable,1,1724707579005,32642.662718538,2024-08-26 17:26:19.005000,-78.6878591,35.7830869,89.4000015258789,campaign_9,35.7830869,-78.6878591,89.4000015258789
4G_LTE,-120,2147483647,-120,-19,-91,2147483647,20,66486,502,7,2147483647,2147483647,0,2147483647,[66],[FDD],"Band Number = 66, Uplink = 1710.0 - 1780.0 MHz, Downlink = 1710.0 - 1780.0 MHz ",Unavailable,Unavailable,0,1724707579005,32642.662718538,2024-08-26 17:26:19.005000,-78.6878591,35.7830869,89.4000015258789,campaign_9,35.7830869,-78.6878591,89.4000015258789
4G_LTE,-119,2147483647,-119,-16,-91,2147483647,21,66486,368,7,2147483647,2147483647,0,2147483647,[66],[FDD],"Band Number = 66, Uplink = 1710.0 - 1780.0 MHz, Downlink = 1710.0 - 1780.0 MHz ",Unavailable,Unavailable,0,1724707579005,32642.662718538,2024-08-26 17:26:19.005000,-78.6878591,35.7830869,89.4000015258789,campaign_9,35.7830869,-78.6878591,89.4000015258789
4G_LTE,-123,2147483647,-123,-17,-93,2147483647,17,66486,387,7,2147483647,2147483647,0,2147483647,[66],[FDD],"Band Number = 66, Uplink = 1710.0 - 1780.0 MHz, Downlink = 1710.0 - 1780.0 MHz ",Unavailable,Unavailable,0,1724707579005,32642.662718538,2024-08-26 17:26:19.005000,-78.6878591,35.7830869,89.4000015258789,campaign_9,35.7830869,-78.6878591,89.4000015258789
4G_LTE,-123,2147483647,-123,-20,-93,2147483647,17,66486,478,7,2147483647,2147483647,0,2147483647,[66],[FDD],"Band Number = 66, Uplink = 1710.0 - 1780.0 MHz, Downlink = 1710.0 - 1780.0 MHz ",Unavailable,Unavailable,0,1724707579005,32642.662718538,2024-08-26 17:26:19.005000,-78.6878591,35.7830869,89.4000015258789,campaign_9,35.7830869,-78.6878591,89.4000015258789
4G_LTE,-113,2,-113,-13,-85,2147483647,27,67086,311,7,196875971,9995,1,2147483647,[66],[FDD],"Band Number = 66, Uplink = 1710.0 - 1780.0 MHz, Downlink = 1710.0 - 1780.0 MHz ",310,410,1,1724707580008,32643.664957704,2024-08-26 17:26:20.008000,-78.6878591,35.7830869,89.4000015258789,campaign_9,35.7830869,-78.6878591,89.4000015258789
4G_LTE,-120,2147483647,-120,-17,-93,2147483647,20,67086,178,7,2147483647,2147483647,0,2147483647,[66],[FDD],"Band Number = 66, Uplink = 1710.0 - 1780.0 MHz, Downlink = 1710.0 - 1780.0 MHz ",Unavailable,Unavailable,0,1724707580008,32643.664957704,2024-08-26 17:26:20.008000,-78.6878591,35.7830869,89.4000015258789,campaign_9,35.7830869,-78.6878591,89.4000015258789
4G_LTE,-121,2147483647,-121,-16,-93,2147483647,19,67086,368,7,2147483647,2147483647,0,2147483647,[66],[FDD],"Band Number = 66, Uplink = 1710.0 - 1780.0 MHz, Downlink = 1710.0 - 1780.0 MHz ",Unavailable,Unavailable,0,1724707580008,32643.664957704,2024-08-26 17:26:20.008000,-78.6878591,35.7830869,89.4000015258789,campaign_9,35.7830869,-78.6878591,89.4000015258789
4G_LTE,-124,2147483647,-124,-20,-93,2147483647,16,67086,203,7,2147483647,2147483647,0,2147483647,[66],[FDD],"Band Number = 66, Uplink = 1710.0 - 1780.0 MHz, Downlink = 1710.0 - 1780.0 MHz ",Unavailable,Unavailable,0,1724707580008,32643.664957704,2024-08-26 17:26:20.008000,-78.6878591,35.7830869,89.4000015258789,campaign_9,35.7830869,-78.6878591,89.4000015258789
4G_LTE,-116,2147483647,-116,-10,-95,2147483647,24,9820,101,7,2147483647,2147483647,0,2147483647,[30],[FDD],"Band Number = 30, Uplink = 2305.0 - 2315.0 MHz, Downlink = 2305.0 - 2315.0 MHz ",Unavailable,Unavailable,0,1724707580008,32643.664957704,2024-08-26 17:26:20.008000,-78.6878591,35.7830869,89.4000015258789,campaign_9,35.7830869,-78.6878591,89.4000015258789
4G_LTE,-127,2147483647,-127,-18,-99,2147483647,13,9820,282,7,2147483647,2147483647,0,2147483647,[30],[FDD],"Band Number = 30, Uplink = 2305.0 - 2315.0 MHz, Downlink = 2305.0 - 2315.0 MHz ",Unavailable,Unavailable,0,1724707580008,32643.664957704,2024-08-26 17:26:20.008000,-78.6878591,35.7830869,89.4000015258789,campaign_9,35.7830869,-78.6878591,89.4000015258789
4G_LTE,-125,2147483647,-125,-17,-95,2147483647,15,9820,44,7,2147483647,2147483647,0,2147483647,[30],[FDD],"Band Number = 30, Uplink = 2305.0 - 2315.0 MHz, Downlink = 2305.0 - 2315.0 MHz ",Unavailable,Unavailable,0,1724707580008,32643.664957704,2024-08-26 17:26:20.008000,-78.6878591,35.7830869,89.4000015258789,campaign_9,35.7830869,-78.6878591,89.4000015258789
4G_LTE,-126,2147483647,-126,-17,-95,2147483647,14,9820,344,7,2147483647,2147483647,0,2147483647,[30],[FDD],"Band Number = 30, Uplink = 2305.0 - 2315.0 MHz, Downlink = 2305.0 - 2315.0 MHz ",Unavailable,Unavailable,0,1724707580008,32643.664957704,2024-08-26 17:26:20.008000,-78.6878591,35.7830869,89.4000015258789,campaign_9,35.7830869,-78.6878591,89.4000015258789
4G_LTE,-112,2147483647,-112,-15,-85,2147483647,28,950,311,7,2147483647,2147483647,1,2147483647,[2],[FDD],"Band Number = 2, Uplink = 1850.0 - 1910.0 MHz, Downlink = 1850.0 - 1910.0 MHz ",Unavailable,Unavailable,1,1724707580008,32643.664957704,2024-08-26 17:26:20.008000,-78.6878591,35.7830869,89.4000015258789,campaign_9,35.7830869,-78.6878591,89.4000015258789
4G_LTE,-116,2147483647,-116,-18,-85,2147483647,24,950,368,7,2147483647,2147483647,0,2147483647,[2],[FDD],"Band Number = 2, Uplink = 1850.0 - 1910.0 MHz, Downlink = 1850.0 - 1910.0 MHz ",Unavailable,Unavailable,0,1724707580008,32643.664957704,2024-08-26 17:26:20.008000,-78.6878591,35.7830869,89.4000015258789,campaign_9,35.7830869,-78.6878591,89.4000015258789
4G_LTE,-118,2147483647,-118,-20,-85,2147483647,22,950,356,7,2147483647,2147483647,0,2147483647,[2],[FDD],"Band Number = 2, Uplink = 1850.0 - 1910.0 MHz, Downlink = 1850.0 - 1910.0 MHz ",Unavailable,Unavailable,0,1724707580008,32643.664957704,2024-08-26 17:26:20.008000,-78.6878591,35.7830869,89.4000015258789,campaign_9,35.7830869,-78.6878591,89.4000015258789
4G_LTE,-118,2147483647,-118,-18,-89,2147483647,22,950,380,7,2147483647,2147483647,0,2147483647,[2],[FDD],"Band Number = 2, Uplink = 1850.0 - 1910.0 MHz, Downlink = 1850.0 - 1910.0 MHz ",Unavailable,Unavailable,0,1724707580008,32643.664957704,2024-08-26 17:26:20.008000,-78.6878591,35.7830869,89.4000015258789,campaign_9,35.7830869,-78.6878591,89.4000015258789
4G_LTE,-115,2147483647,-115,-14,-91,2147483647,25,66486,311,7,2147483647,2147483647,1,2147483647,[66],[FDD],"Band Number = 66, Uplink = 1710.0 - 1780.0 MHz, Downlink = 1710.0 - 1780.0 MHz ",Unavailable,Unavailable,1,1724707580008,32643.664957704,2024-08-26 17:26:20.008000,-78.6878591,35.7830869,89.4000015258789,campaign_9,35.7830869,-78.6878591,89.4000015258789
4G_LTE,-120,2147483647,-120,-18,-91,2147483647,20,66486,502,7,2147483647,2147483647,0,2147483647,[66],[FDD],"Band Number = 66, Uplink = 1710.0 - 1780.0 MHz, Downlink = 1710.0 - 1780.0 MHz ",Unavailable,Unavailable,0,1724707580008,32643.664957704,2024-08-26 17:26:20.008000,-78.6878591,35.7830869,89.4000015258789,campaign_9,35.7830869,-78.6878591,89.4000015258789
4G_LTE,-117,2147483647,-117,-16,-91,2147483647,23,66486,368,7,2147483647,2147483647,0,2147483647,[66],[FDD],"Band Number = 66, Uplink = 1710.0 - 1780.0 MHz, Downlink = 1710.0 - 1780.0 MHz ",Unavailable,Unavailable,0,1724707580008,32643.664957704,2024-08-26 17:26:20.008000,-78.6878591,35.7830869,89.4000015258789,campaign_9,35.7830869,-78.6878591,89.4000015258789
4G_LTE,-121,2147483647,-121,-19,-91,2147483647,19,66486,387,7,2147483647,2147483647,0,2147483647,[66],[FDD],"Band Number = 66, Uplink = 1710.0 - 1780.0 MHz, Downlink = 1710.0 - 1780.0 MHz ",Unavailable,Unavailable,0,1724707580008,32643.664957704,2024-08-26 17:26:20.008000,-78.6878591,35.7830869,89.4000015258789,campaign_9,35.7830869,-78.6878591,89.4000015258789
4G_LTE,-120,2147483647,-120,-18,-91,2147483647,20,66486,478,7,2147483647,2147483647,0,2147483647,[66],[FDD],"Band Number = 66, Uplink = 1710.0 - 1780.0 MHz, Downlink = 1710.0 - 1780.0 MHz ",Unavailable,Unavailable,0,1724707580008,32643.664957704,2024-08-26 17:26:20.008000,-78.6878591,35.7830869,89.4000015258789,campaign_9,35.7830869,-78.6878591,89.4000015258789
4G_LTE,-121,2147483647,-121,-20,-91,2147483647,19,66486,277,7,2147483647,2147483647,0,2147483647,[66],[FDD],"Band Number = 66, Uplink = 1710.0 - 1780.0 MHz, Downlink = 1710.0 - 1780.0 MHz ",Unavailable,Unavailable,0,1724707580008,32643.664957704,2024-08-26 17:26:20.008000,-78.6878591,35.7830869,89.4000015258789,campaign_9,35.7830869,-78.6878591,89.4000015258789
4G_LTE,-113,2,-113,-13,-85,2147483647,27,67086,311,7,196875971,9995,1,2147483647,[66],[FDD],"Band Number = 66, Uplink = 1710.0 - 1780.0 MHz, Downlink = 1710.0 - 1780.0 MHz ",310,410,1,1724707581014,32644.671239943,2024-08-26 17:26:21.014000,-78.6878591,35.7830869,89.4000015258789,campaign_9,35.7830869,-78.6878591,89.4000015258789
4G_LTE,-120,2147483647,-120,-17,-93,2147483647,20,67086,178,7,2147483647,2147483647,0,2147483647,[66],[FDD],"Band Number = 66, Uplink = 1710.0 - 1780.0 MHz, Downlink = 1710.0 - 1780.0 MHz ",Unavailable,Unavailable,0,1724707581014,32644.671239943,2024-08-26 17:26:21.014000,-78.6878591,35.7830869,89.4000015258789,campaign_9,35.7830869,-78.6878591,89.4000015258789
4G_LTE,-121,2147483647,-121,-16,-93,2147483647,19,67086,368,7,2147483647,2147483647,0,2147483647,[66],[FDD],"Band Number = 66, Uplink = 1710.0 - 1780.0 MHz, Downlink = 1710.0 - 1780.0 MHz ",Unavailable,Unavailable,0,1724707581014,32644.671239943,2024-08-26 17:26:21.014000,-78.6878591,35.7830869,89.4000015258789,campaign_9,35.7830869,-78.6878591,89.4000015258789
4G_LTE,-124,2147483647,-124,-20,-93,2147483647,16,67086,203,7,2147483647,2147483647,0,2147483647,[66],[FDD],"Band Number = 66, Uplink = 1710.0 - 1780.0 MHz, Downlink = 1710.0 - 1780.0 MHz ",Unavailable,Unavailable,0,1724707581014,32644.671239943,2024-08-26 17:26:21.014000,-78.6878591,35.7830869,89.4000015258789,campaign_9,35.7830869,-78.6878591,89.4000015258789
4G_LTE,-116,2147483647,-116,-10,-95,2147483647,24,9820,101,7,2147483647,2147483647,0,2147483647,[30],[FDD],"Band Number = 30, Uplink = 2305.0 - 2315.0 MHz, Downlink = 2305.0 - 2315.0 MHz ",Unavailable,Unavailable,0,1724707581014,32644.671239943,2024-08-26 17:26:21.014000,-78.6878591,35.7830869,89.4000015258789,campaign_9,35.7830869,-78.6878591,89.4000015258789
4G_LTE,-127,2147483647,-127,-18,-99,2147483647,13,9820,282,7,2147483647,2147483647,0,2147483647,[30],[FDD],"Band Number = 30, Uplink = 2305.0 - 2315.0 MHz, Downlink = 2305.0 - 2315.0 MHz ",Unavailable,Unavailable,0,1724707581014,32644.671239943,2024-08-26 17:26:21.014000,-78.6878591,35.7830869,89.4000015258789,campaign_9,35.7830869,-78.6878591,89.4000015258789
4G_LTE,-125,2147483647,-125,-17,-95,2147483647,15,9820,44,7,2147483647,2147483647,0,2147483647,[30],[FDD],"Band Number = 30, Uplink = 2305.0 - 2315.0 MHz, Downlink = 2305.0 - 2315.0 MHz ",Unavailable,Unavailable,0,1724707581014,32644.671239943,2024-08-26 17:26:21.014000,-78.6878591,35.7830869,89.4000015258789,campaign_9,35.7830869,-78.6878591,89.4000015258789
4G_LTE,-126,2147483647,-126,-17,-95,2147483647,14,9820,344,7,2147483647,2147483647,0,2147483647,[30],[FDD],"Band Number = 30, Uplink = 2305.0 - 2315.0 MHz, Downlink = 2305.0 - 2315.0 MHz ",Unavailable,Unavailable,0,1724707581014,32644.671239943,2024-08-26 17:26:21.014000,-78.6878591,35.7830869,89.4000015258789,campaign_9,35.7830869,-78.6878591,89.4000015258789
4G_LTE,-112,2147483647,-112,-15,-85,2147483647,28,950,311,7,2147483647,2147483647,1,2147483647,[2],[FDD],"Band Number = 2, Uplink = 1850.0 - 1910.0 MHz, Downlink = 1850.0 - 1910.0 MHz ",Unavailable,Unavailable,1,1724707581014,32644.671239943,2024-08-26 17:26:21.014000,-78.6878591,35.7830869,89.4000015258789,campaign_9,35.7830869,-78.6878591,89.4000015258789
4G_LTE,-116,2147483647,-116,-18,-85,2147483647,24,950,368,7,2147483647,2147483647,0,2147483647,[2],[FDD],"Band Number = 2, Uplink = 1850.0 - 1910.0 MHz, Downlink = 1850.0 - 1910.0 MHz ",Unavailable,Unavailable,0,1724707581014,32644.671239943,2024-08-26 17:26:21.014000,-78.6878591,35.7830869,89.4000015258789,campaign_9,35.7830869,-78.6878591,89.4000015258789
4G_LTE,-118,2147483647,-118,-20,-85,2147483647,22,950,356,7,2147483647,2147483647,0,2147483647,[2],[FDD],"Band Number = 2, Uplink = 1850.0 - 1910.0 MHz, Downlink = 1850.0 - 1910.0 MHz ",Unavailable,Unavailable,0,1724707581014,32644.671239943,2024-08-26 17:26:21.014000,-78.6878591,35.7830869,89.4000015258789,campaign_9,35.7830869,-78.6878591,89.4000015258789
4G_LTE,-118,2147483647,-118,-18,-89,2147483647,22,950,380,7,2147483647,2147483647,0,2147483647,[2],[FDD],"Band Number = 2, Uplink = 1850.0 - 1910.0 MHz, Downlink = 1850.0 - 1910.0 MHz ",Unavailable,Unavailable,0,1724707581014,32644.671239943,2024-08-26 17:26:21.014000,-78.6878591,35.7830869,89.4000015258789,campaign_9,35.7830869,-78.6878591,89.4000015258789
4G_LTE,-115,2147483647,-115,-14,-91,2147483647,25,66486,311,7,2147483647,2147483647,1,2147483647,[66],[FDD],"Band Number = 66, Uplink = 1710.0 - 1780.0 MHz, Downlink = 1710.0 - 1780.0 MHz ",Unavailable,Unavailable,1,1724707581014,32644.671239943,2024-08-26 17:26:21.014000,-78.6878591,35.7830869,89.4000015258789,campaign_9,35.7830869,-78.6878591,89.4000015258789
4G_LTE,-120,2147483647,-120,-18,-91,2147483647,20,66486,502,7,2147483647,2147483647,0,2147483647,[66],[FDD],"Band Number = 66, Uplink = 1710.0 - 1780.0 MHz, Downlink = 1710.0 - 1780.0 MHz ",Unavailable,Unavailable,0,1724707581014,32644.671239943,2024-08-26 17:26:21.014000,-78.6878591,35.7830869,89.4000015258789,campaign_9,35.7830869,-78.6878591,89.4000015258789
4G_LTE,-117,2147483647,-117,-16,-91,2147483647,23,66486,368,7,2147483647,2147483647,0,2147483647,[66],[FDD],"Band Number = 66, Uplink = 1710.0 - 1780.0 MHz, Downlink = 1710.0 - 1780.0 MHz ",Unavailable,Unavailable,0,1724707581014,32644.671239943,2024-08-26 17:26:21.014000,-78.6878591,35.7830869,89.4000015258789,campaign_9,35.7830869,-78.6878591,89.4000015258789
4G_LTE,-121,2147483647,-121,-19,-91,2147483647,19,66486,387,7,2147483647,2147483647,0,2147483647,[66],[FDD],"Band Number = 66, Uplink = 1710.0 - 1780.0 MHz, Downlink = 1710.0 - 1780.0 MHz ",Unavailable,Unavailable,0,1724707581014,32644.671239943,2024-08-26 17:26:21.014000,-78.6878591,35.7830869,89.4000015258789,campaign_9,35.7830869,-78.6878591,89.4000015258789
4G_LTE,-120,2147483647,-120,-18,-91,2147483647,20,66486,478,7,2147483647,2147483647,0,2147483647,[66],[FDD],"Band Number = 66, Uplink = 1710.0 - 1780.0 MHz, Downlink = 1710.0 - 1780.0 MHz ",Unavailable,Unavailable,0,1724707581014,32644.671239943,2024-08-26 17:26:21.014000,-78.6878591,35.7830869,89.4000015258789,campaign_9,35.7830869,-78.6878591,89.4000015258789
4G_LTE,-121,2147483647,-121,-20,-91,2147483647,19,66486,277,7,2147483647,2147483647,0,2147483647,[66],[FDD],"Band Number = 66, Uplink = 1710.0 - 1780.0 MHz, Downlink = 1710.0 - 1780.0 MHz ",Unavailable,Unavailable,0,1724707581014,32644.671239943,2024-08-26 17:26:21.014000,-78.6878591,35.7830869,89.4000015258789,campaign_9,35.7830869,-78.6878591,89.4000015258789
4G_LTE,-114,2,-114,-13,-83,2147483647,26,67086,311,7,196875971,9995,1,2147483647,[66],[FDD],"Band Number = 66, Uplink = 1710.0 - 1780.0 MHz, Downlink = 1710.0 - 1780.0 MHz ",310,410,1,1724707582015,32645.672736609,2024-08-26 17:26:22.015000,-78.6878591,35.7830869,89.4000015258789,campaign_9,35.7830869,-78.6878591,89.4000015258789
4G_LTE,-123,2147483647,-123,-18,-93,2147483647,17,67086,178,7,2147483647,2147483647,0,2147483647,[66],[FDD],"Band Number = 66, Uplink = 1710.0 - 1780.0 MHz, Downlink = 1710.0 - 1780.0 MHz ",Unavailable,Unavailable,0,1724707582015,32645.672736609,2024-08-26 17:26:22.015000,-78.6878591,35.7830869,89.4000015258789,campaign_9,35.7830869,-78.6878591,89.4000015258789
4G_LTE,-123,2147483647,-123,-18,-93,2147483647,17,67086,368,7,2147483647,2147483647,0,2147483647,[66],[FDD],"Band Number = 66, Uplink = 1710.0 - 1780.0 MHz, Downlink = 1710.0 - 1780.0 MHz ",Unavailable,Unavailable,0,1724707582015,32645.672736609,2024-08-26 17:26:22.015000,-78.6878591,35.7830869,89.4000015258789,campaign_9,35.7830869,-78.6878591,89.4000015258789
4G_LTE,-116,2147483647,-116,-10,-95,2147483647,24,9820,101,7,2147483647,2147483647,0,2147483647,[30],[FDD],"Band Number = 30, Uplink = 2305.0 - 2315.0 MHz, Downlink = 2305.0 - 2315.0 MHz ",Unavailable,Unavailable,0,1724707582015,32645.672736609,2024-08-26 17:26:22.015000,-78.6878591,35.7830869,89.4000015258789,campaign_9,35.7830869,-78.6878591,89.4000015258789
4G_LTE,-125,2147483647,-125,-16,-95,2147483647,15,9820,344,7,2147483647,2147483647,0,2147483647,[30],[FDD],"Band Number = 30, Uplink = 2305.0 - 2315.0 MHz, Downlink = 2305.0 - 2315.0 MHz ",Unavailable,Unavailable,0,1724707582015,32645.672736609,2024-08-26 17:26:22.015000,-78.6878591,35.7830869,89.4000015258789,campaign_9,35.7830869,-78.6878591,89.4000015258789
4G_LTE,-125,2147483647,-125,-17,-95,2147483647,15,9820,44,7,2147483647,2147483647,0,2147483647,[30],[FDD],"Band Number = 30, Uplink = 2305.0 - 2315.0 MHz, Downlink = 2305.0 - 2315.0 MHz ",Unavailable,Unavailable,0,1724707582015,32645.672736609,2024-08-26 17:26:22.015000,-78.6878591,35.7830869,89.4000015258789,campaign_9,35.7830869,-78.6878591,89.4000015258789
4G_LTE,-111,2147483647,-111,-13,-89,2147483647,29,950,311,7,2147483647,2147483647,1,2147483647,[2],[FDD],"Band Number = 2, Uplink = 1850.0 - 1910.0 MHz, Downlink = 1850.0 - 1910.0 MHz ",Unavailable,Unavailable,1,1724707582015,32645.672736609,2024-08-26 17:26:22.015000,-78.6878591,35.7830869,89.4000015258789,campaign_9,35.7830869,-78.6878591,89.4000015258789
4G_LTE,-114,2147483647,-114,-15,-89,2147483647,26,950,368,7,2147483647,2147483647,1,2147483647,[2],[FDD],"Band Number = 2, Uplink = 1850.0 - 1910.0 MHz, Downlink = 1850.0 - 1910.0 MHz ",Unavailable,Unavailable,0,1724707582015,32645.672736609,2024-08-26 17:26:22.015000,-78.6878591,35.7830869,89.4000015258789,campaign_9,35.7830869,-78.6878591,89.4000015258789
4G_LTE,-117,2147483647,-117,-19,-89,2147483647,23,950,380,7,2147483647,2147483647,0,2147483647,[2],[FDD],"Band Number = 2, Uplink = 1850.0 - 1910.0 MHz, Downlink = 1850.0 - 1910.0 MHz ",Unavailable,Unavailable,0,1724707582015,32645.672736609,2024-08-26 17:26:22.015000,-78.6878591,35.7830869,89.4000015258789,campaign_9,35.7830869,-78.6878591,89.4000015258789
4G_LTE,-117,2147483647,-117,-14,-93,2147483647,23,66486,311,7,2147483647,2147483647,0,2147483647,[66],[FDD],"Band Number = 66, Uplink = 1710.0 - 1780.0 MHz, Downlink = 1710.0 - 1780.0 MHz ",Unavailable,Unavailable,1,1724707582015,32645.672736609,2024-08-26 17:26:22.015000,-78.6878591,35.7830869,89.4000015258789,campaign_9,35.7830869,-78.6878591,89.4000015258789
4G_LTE,-121,2147483647,-121,-18,-93,2147483647,19,66486,502,7,2147483647,2147483647,0,2147483647,[66],[FDD],"Band Number = 66, Uplink = 1710.0 - 1780.0 MHz, Downlink = 1710.0 - 1780.0 MHz ",Unavailable,Unavailable,0,1724707582015,32645.672736609,2024-08-26 17:26:22.015000,-78.6878591,35.7830869,89.4000015258789,campaign_9,35.7830869,-78.6878591,89.4000015258789
4G_LTE,-117,2147483647,-117,-14,-93,2147483647,23,66486,368,7,2147483647,2147483647,0,2147483647,[66],[FDD],"Band Number = 66, Uplink = 1710.0 - 1780.0 MHz, Downlink = 1710.0 - 1780.0 MHz ",Unavailable,Unavailable,0,1724707582015,32645.672736609,2024-08-26 17:26:22.015000,-78.6878591,35.7830869,89.4000015258789,campaign_9,35.7830869,-78.6878591,89.4000015258789
4G_LTE,-125,2147483647,-125,-20,-93,2147483647,15,66486,277,7,2147483647,2147483647,0,2147483647,[66],[FDD],"Band Number = 66, Uplink = 1710.0 - 1780.0 MHz, Downlink = 1710.0 - 1780.0 MHz ",Unavailable,Unavailable,0,1724707582015,32645.672736609,2024-08-26 17:26:22.015000,-78.6878591,35.7830869,89.4000015258789,campaign_9,35.7830869,-78.6878591,89.4000015258789
4G_LTE,-120,2147483647,-120,-18,-91,2147483647,20,66486,478,7,2147483647,2147483647,0,2147483647,[66],[FDD],"Band Number = 66, Uplink = 1710.0 - 1780.0 MHz, Downlink = 1710.0 - 1780.0 MHz ",Unavailable,Unavailable,0,1724707582015,32645.672736609,2024-08-26 17:26:22.015000,-78.6878591,35.7830869,89.4000015258789,campaign_9,35.7830869,-78.6878591,89.4000015258789
4G_LTE,-114,2,-114,-13,-83,2147483647,26,67086,311,7,196875971,9995,1,2147483647,[66],[FDD],"Band Number = 66, Uplink = 1710.0 - 1780.0 MHz, Downlink = 1710.0 - 1780.0 MHz ",310,410,1,1724707583019,32646.676545047,2024-08-26 17:26:23.019000,-78.6878591,35.7830869,89.4000015258789,campaign_9,35.7830869,-78.6878591,89.4000015258789
4G_LTE,-123,2147483647,-123,-18,-93,2147483647,17,67086,178,7,2147483647,2147483647,0,2147483647,[66],[FDD],"Band Number = 66, Uplink = 1710.0 - 1780.0 MHz, Downlink = 1710.0 - 1780.0 MHz ",Unavailable,Unavailable,0,1724707583019,32646.676545047,2024-08-26 17:26:23.019000,-78.6878591,35.7830869,89.4000015258789,campaign_9,35.7830869,-78.6878591,89.4000015258789
4G_LTE,-123,2147483647,-123,-18,-93,2147483647,17,67086,368,7,2147483647,2147483647,0,2147483647,[66],[FDD],"Band Number = 66, Uplink = 1710.0 - 1780.0 MHz, Downlink = 1710.0 - 1780.0 MHz ",Unavailable,Unavailable,0,1724707583019,32646.676545047,2024-08-26 17:26:23.019000,-78.6878591,35.7830869,89.4000015258789,campaign_9,35.7830869,-78.6878591,89.4000015258789
4G_LTE,-116,2147483647,-116,-10,-95,2147483647,24,9820,101,7,2147483647,2147483647,0,2147483647,[30],[FDD],"Band Number = 30, Uplink = 2305.0 - 2315.0 MHz, Downlink = 2305.0 - 2315.0 MHz ",Unavailable,Unavailable,0,1724707583019,32646.676545047,2024-08-26 17:26:23.019000,-78.6878591,35.7830869,89.4000015258789,campaign_9,35.7830869,-78.6878591,89.4000015258789
4G_LTE,-125,2147483647,-125,-16,-95,2147483647,15,9820,344,7,2147483647,2147483647,0,2147483647,[30],[FDD],"Band Number = 30, Uplink = 2305.0 - 2315.0 MHz, Downlink = 2305.0 - 2315.0 MHz ",Unavailable,Unavailable,0,1724707583019,32646.676545047,2024-08-26 17:26:23.019000,-78.6878591,35.7830869,89.4000015258789,campaign_9,35.7830869,-78.6878591,89.4000015258789
4G_LTE,-125,2147483647,-125,-17,-95,2147483647,15,9820,44,7,2147483647,2147483647,0,2147483647,[30],[FDD],"Band Number = 30, Uplink = 2305.0 - 2315.0 MHz, Downlink = 2305.0 - 2315.0 MHz ",Unavailable,Unavailable,0,1724707583019,32646.676545047,2024-08-26 17:26:23.019000,-78.6878591,35.7830869,89.4000015258789,campaign_9,35.7830869,-78.6878591,89.4000015258789
4G_LTE,-111,2147483647,-111,-13,-89,2147483647,29,950,311,7,2147483647,2147483647,1,2147483647,[2],[FDD],"Band Number = 2, Uplink = 1850.0 - 1910.0 MHz, Downlink = 1850.0 - 1910.0 MHz ",Unavailable,Unavailable,1,1724707583019,32646.676545047,2024-08-26 17:26:23.019000,-78.6878591,35.7830869,89.4000015258789,campaign_9,35.7830869,-78.6878591,89.4000015258789
4G_LTE,-114,2147483647,-114,-15,-89,2147483647,26,950,368,7,2147483647,2147483647,1,2147483647,[2],[FDD],"Band Number = 2, Uplink = 1850.0 - 1910.0 MHz, Downlink = 1850.0 - 1910.0 MHz ",Unavailable,Unavailable,0,1724707583019,32646.676545047,2024-08-26 17:26:23.019000,-78.6878591,35.7830869,89.4000015258789,campaign_9,35.7830869,-78.6878591,89.4000015258789
4G_LTE,-117,2147483647,-117,-19,-89,2147483647,23,950,380,7,2147483647,2147483647,0,2147483647,[2],[FDD],"Band Number = 2, Uplink = 1850.0 - 1910.0 MHz, Downlink = 1850.0 - 1910.0 MHz ",Unavailable,Unavailable,0,1724707583019,32646.676545047,2024-08-26 17:26:23.019000,-78.6878591,35.7830869,89.4000015258789,campaign_9,35.7830869,-78.6878591,89.4000015258789
4G_LTE,-117,2147483647,-117,-14,-93,2147483647,23,66486,311,7,2147483647,2147483647,0,2147483647,[66],[FDD],"Band Number = 66, Uplink = 1710.0 - 1780.0 MHz, Downlink = 1710.0 - 1780.0 MHz ",Unavailable,Unavailable,1,1724707583019,32646.676545047,2024-08-26 17:26:23.019000,-78.6878591,35.7830869,89.4000015258789,campaign_9,35.7830869,-78.6878591,89.4000015258789
4G_LTE,-121,2147483647,-121,-18,-93,2147483647,19,66486,502,7,2147483647,2147483647,0,2147483647,[66],[FDD],"Band Number = 66, Uplink = 1710.0 - 1780.0 MHz, Downlink = 1710.0 - 1780.0 MHz ",Unavailable,Unavailable,0,1724707583019,32646.676545047,2024-08-26 17:26:23.019000,-78.6878591,35.7830869,89.4000015258789,campaign_9,35.7830869,-78.6878591,89.4000015258789
4G_LTE,-117,2147483647,-117,-14,-93,2147483647,23,66486,368,7,2147483647,2147483647,0,2147483647,[66],[FDD],"Band Number = 66, Uplink = 1710.0 - 1780.0 MHz, Downlink = 1710.0 - 1780.0 MHz ",Unavailable,Unavailable,0,1724707583019,32646.676545047,2024-08-26 17:26:23.019000,-78.6878591,35.7830869,89.4000015258789,campaign_9,35.7830869,-78.6878591,89.4000015258789
4G_LTE,-125,2147483647,-125,-20,-93,2147483647,15,66486,277,7,2147483647,2147483647,0,2147483647,[66],[FDD],"Band Number = 66, Uplink = 1710.0 - 1780.0 MHz, Downlink = 1710.0 - 1780.0 MHz ",Unavailable,Unavailable,0,1724707583019,32646.676545047,2024-08-26 17:26:23.019000,-78.6878591,35.7830869,89.4000015258789,campaign_9,35.7830869,-78.6878591,89.4000015258789
4G_LTE,-120,2147483647,-120,-18,-91,2147483647,20,66486,478,7,2147483647,2147483647,0,2147483647,[66],[FDD],"Band Number = 66, Uplink = 1710.0 - 1780.0 MHz, Downlink = 1710.0 - 1780.0 MHz ",Unavailable,Unavailable,0,1724707583019,32646.676545047,2024-08-26 17:26:23.019000,-78.6878591,35.7830869,89.4000015258789,campaign_9,35.7830869,-78.6878591,89.4000015258789
4G_LTE,-115,2,-115,-14,-83,2147483647,25,67086,311,7,196875971,9995,1,2147483647,[66],[FDD],"Band Number = 66, Uplink = 1710.0 - 1780.0 MHz, Downlink = 1710.0 - 1780.0 MHz ",310,410,1,1724707584022,32647.678868119,2024-08-26 17:26:24.022000,-78.6878633355949,35.78309094306785,89.4000015258789,campaign_9,35.78309094306785,-78.6878633355949,89.4000015258789
4G_LTE,-121,2147483647,-121,-17,-93,2147483647,19,67086,219,7,2147483647,2147483647,0,2147483647,[66],[FDD],"Band Number = 66, Uplink = 1710.0 - 1780.0 MHz, Downlink = 1710.0 - 1780.0 MHz ",Unavailable,Unavailable,0,1724707584022,32647.678868119,2024-08-26 17:26:24.022000,-78.6878633355949,35.78309094306785,89.4000015258789,campaign_9,35.78309094306785,-78.6878633355949,89.4000015258789
4G_LTE,-121,2147483647,-121,-15,-93,2147483647,19,67086,368,7,2147483647,2147483647,0,2147483647,[66],[FDD],"Band Number = 66, Uplink = 1710.0 - 1780.0 MHz, Downlink = 1710.0 - 1780.0 MHz ",Unavailable,Unavailable,0,1724707584022,32647.678868119,2024-08-26 17:26:24.022000,-78.6878633355949,35.78309094306785,89.4000015258789,campaign_9,35.78309094306785,-78.6878633355949,89.4000015258789
4G_LTE,-124,2147483647,-124,-20,-87,2147483647,16,67086,218,7,2147483647,2147483647,0,2147483647,[66],[FDD],"Band Number = 66, Uplink = 1710.0 - 1780.0 MHz, Downlink = 1710.0 - 1780.0 MHz ",Unavailable,Unavailable,0,1724707584022,32647.678868119,2024-08-26 17:26:24.022000,-78.6878633355949,35.78309094306785,89.4000015258789,campaign_9,35.78309094306785,-78.6878633355949,89.4000015258789
4G_LTE,-118,2147483647,-118,-14,-97,2147483647,22,9820,101,7,2147483647,2147483647,0,2147483647,[30],[FDD],"Band Number = 30, Uplink = 2305.0 - 2315.0 MHz, Downlink = 2305.0 - 2315.0 MHz ",Unavailable,Unavailable,0,1724707584022,32647.678868119,2024-08-26 17:26:24.022000,-78.6878633355949,35.78309094306785,89.4000015258789,campaign_9,35.78309094306785,-78.6878633355949,89.4000015258789
4G_LTE,-126,2147483647,-126,-17,-97,2147483647,14,9820,344,7,2147483647,2147483647,0,2147483647,[30],[FDD],"Band Number = 30, Uplink = 2305.0 - 2315.0 MHz, Downlink = 2305.0 - 2315.0 MHz ",Unavailable,Unavailable,0,1724707584022,32647.678868119,2024-08-26 17:26:24.022000,-78.6878633355949,35.78309094306785,89.4000015258789,campaign_9,35.78309094306785,-78.6878633355949,89.4000015258789
4G_LTE,-125,2147483647,-125,-17,-95,2147483647,15,9820,44,7,2147483647,2147483647,0,2147483647,[30],[FDD],"Band Number = 30, Uplink = 2305.0 - 2315.0 MHz, Downlink = 2305.0 - 2315.0 MHz ",Unavailable,Unavailable,0,1724707584022,32647.678868119,2024-08-26 17:26:24.022000,-78.6878633355949,35.78309094306785,89.4000015258789,campaign_9,35.78309094306785,-78.6878633355949,89.4000015258789
4G_LTE,-112,2147483647,-112,-12,-91,2147483647,28,950,311,7,2147483647,2147483647,1,2147483647,[2],[FDD],"Band Number = 2, Uplink = 1850.0 - 1910.0 MHz, Downlink = 1850.0 - 1910.0 MHz ",Unavailable,Unavailable,1,1724707584022,32647.678868119,2024-08-26 17:26:24.022000,-78.6878633355949,35.78309094306785,89.4000015258789,campaign_9,35.78309094306785,-78.6878633355949,89.4000015258789
4G_LTE,-114,2147483647,-114,-13,-91,2147483647,26,950,368,7,2147483647,2147483647,1,2147483647,[2],[FDD],"Band Number = 2, Uplink = 1850.0 - 1910.0 MHz, Downlink = 1850.0 - 1910.0 MHz ",Unavailable,Unavailable,0,1724707584022,32647.678868119,2024-08-26 17:26:24.022000,-78.6878633355949,35.78309094306785,89.4000015258789,campaign_9,35.78309094306785,-78.6878633355949,89.4000015258789
4G_LTE,-118,2147483647,-118,-17,-91,2147483647,22,950,380,7,2147483647,2147483647,0,2147483647,[2],[FDD],"Band Number = 2, Uplink = 1850.0 - 1910.0 MHz, Downlink = 1850.0 - 1910.0 MHz ",Unavailable,Unavailable,0,1724707584022,32647.678868119,2024-08-26 17:26:24.022000,-78.6878633355949,35.78309094306785,89.4000015258789,campaign_9,35.78309094306785,-78.6878633355949,89.4000015258789
4G_LTE,-115,2147483647,-115,-12,-89,2147483647,25,66486,311,7,2147483647,2147483647,1,2147483647,[66],[FDD],"Band Number = 66, Uplink = 1710.0 - 1780.0 MHz, Downlink = 1710.0 - 1780.0 MHz ",Unavailable,Unavailable,1,1724707584022,32647.678868119,2024-08-26 17:26:24.022000,-78.6878633355949,35.78309094306785,89.4000015258789,campaign_9,35.78309094306785,-78.6878633355949,89.4000015258789
4G_LTE,-119,2147483647,-119,-19,-89,2147483647,21,66486,502,7,2147483647,2147483647,0,2147483647,[66],[FDD],"Band Number = 66, Uplink = 1710.0 - 1780.0 MHz, Downlink = 1710.0 - 1780.0 MHz ",Unavailable,Unavailable,0,1724707584022,32647.678868119,2024-08-26 17:26:24.022000,-78.6878633355949,35.78309094306785,89.4000015258789,campaign_9,35.78309094306785,-78.6878633355949,89.4000015258789
4G_LTE,-116,2147483647,-116,-16,-89,2147483647,24,66486,368,7,2147483647,2147483647,0,2147483647,[66],[FDD],"Band Number = 66, Uplink = 1710.0 - 1780.0 MHz, Downlink = 1710.0 - 1780.0 MHz ",Unavailable,Unavailable,0,1724707584022,32647.678868119,2024-08-26 17:26:24.022000,-78.6878633355949,35.78309094306785,89.4000015258789,campaign_9,35.78309094306785,-78.6878633355949,89.4000015258789
4G_LTE,-122,2147483647,-122,-20,-91,2147483647,18,66486,277,7,2147483647,2147483647,0,2147483647,[66],[FDD],"Band Number = 66, Uplink = 1710.0 - 1780.0 MHz, Downlink = 1710.0 - 1780.0 MHz ",Unavailable,Unavailable,0,1724707584022,32647.678868119,2024-08-26 17:26:24.022000,-78.6878633355949,35.78309094306785,89.4000015258789,campaign_9,35.78309094306785,-78.6878633355949,89.4000015258789
4G_LTE,-120,2147483647,-120,-18,-91,2147483647,20,66486,478,7,2147483647,2147483647,0,2147483647,[66],[FDD],"Band Number = 66, Uplink = 1710.0 - 1780.0 MHz, Downlink = 1710.0 - 1780.0 MHz ",Unavailable,Unavailable,0,1724707584022,32647.678868119,2024-08-26 17:26:24.022000,-78.6878633355949,35.78309094306785,89.4000015258789,campaign_9,35.78309094306785,-78.6878633355949,89.4000015258789
4G_LTE,-115,2,-115,-14,-83,2147483647,25,67086,311,7,196875971,9995,1,2147483647,[66],[FDD],"Band Number = 66, Uplink = 1710.0 - 1780.0 MHz, Downlink = 1710.0 - 1780.0 MHz ",310,410,1,1724707585026,32648.683105983,2024-08-26 17:26:25.026000,-78.6878635,35.7830911,89.4000015258789,campaign_9,35.7830911,-78.6878635,89.4000015258789
4G_LTE,-121,2147483647,-121,-17,-93,2147483647,19,67086,219,7,2147483647,2147483647,0,2147483647,[66],[FDD],"Band Number = 66, Uplink = 1710.0 - 1780.0 MHz, Downlink = 1710.0 - 1780.0 MHz ",Unavailable,Unavailable,0,1724707585026,32648.683105983,2024-08-26 17:26:25.026000,-78.6878635,35.7830911,89.4000015258789,campaign_9,35.7830911,-78.6878635,89.4000015258789
4G_LTE,-121,2147483647,-121,-15,-93,2147483647,19,67086,368,7,2147483647,2147483647,0,2147483647,[66],[FDD],"Band Number = 66, Uplink = 1710.0 - 1780.0 MHz, Downlink = 1710.0 - 1780.0 MHz ",Unavailable,Unavailable,0,1724707585026,32648.683105983,2024-08-26 17:26:25.026000,-78.6878635,35.7830911,89.4000015258789,campaign_9,35.7830911,-78.6878635,89.4000015258789
4G_LTE,-124,2147483647,-124,-20,-87,2147483647,16,67086,218,7,2147483647,2147483647,0,2147483647,[66],[FDD],"Band Number = 66, Uplink = 1710.0 - 1780.0 MHz, Downlink = 1710.0 - 1780.0 MHz ",Unavailable,Unavailable,0,1724707585026,32648.683105983,2024-08-26 17:26:25.026000,-78.6878635,35.7830911,89.4000015258789,campaign_9,35.7830911,-78.6878635,89.4000015258789
4G_LTE,-118,2147483647,-118,-14,-97,2147483647,22,9820,101,7,2147483647,2147483647,0,2147483647,[30],[FDD],"Band Number = 30, Uplink = 2305.0 - 2315.0 MHz, Downlink = 2305.0 - 2315.0 MHz ",Unavailable,Unavailable,0,1724707585026,32648.683105983,2024-08-26 17:26:25.026000,-78.6878635,35.7830911,89.4000015258789,campaign_9,35.7830911,-78.6878635,89.4000015258789
4G_LTE,-126,2147483647,-126,-17,-97,2147483647,14,9820,344,7,2147483647,2147483647,0,2147483647,[30],[FDD],"Band Number = 30, Uplink = 2305.0 - 2315.0 MHz, Downlink = 2305.0 - 2315.0 MHz ",Unavailable,Unavailable,0,1724707585026,32648.683105983,2024-08-26 17:26:25.026000,-78.6878635,35.7830911,89.4000015258789,campaign_9,35.7830911,-78.6878635,89.4000015258789
4G_LTE,-125,2147483647,-125,-17,-95,2147483647,15,9820,44,7,2147483647,2147483647,0,2147483647,[30],[FDD],"Band Number = 30, Uplink = 2305.0 - 2315.0 MHz, Downlink = 2305.0 - 2315.0 MHz ",Unavailable,Unavailable,0,1724707585026,32648.683105983,2024-08-26 17:26:25.026000,-78.6878635,35.7830911,89.4000015258789,campaign_9,35.7830911,-78.6878635,89.4000015258789
4G_LTE,-112,2147483647,-112,-12,-91,2147483647,28,950,311,7,2147483647,2147483647,1,2147483647,[2],[FDD],"Band Number = 2, Uplink = 1850.0 - 1910.0 MHz, Downlink = 1850.0 - 1910.0 MHz ",Unavailable,Unavailable,1,1724707585026,32648.683105983,2024-08-26 17:26:25.026000,-78.6878635,35.7830911,89.4000015258789,campaign_9,35.7830911,-78.6878635,89.4000015258789
4G_LTE,-114,2147483647,-114,-13,-91,2147483647,26,950,368,7,2147483647,2147483647,1,2147483647,[2],[FDD],"Band Number = 2, Uplink = 1850.0 - 1910.0 MHz, Downlink = 1850.0 - 1910.0 MHz ",Unavailable,Unavailable,0,1724707585026,32648.683105983,2024-08-26 17:26:25.026000,-78.6878635,35.7830911,89.4000015258789,campaign_9,35.7830911,-78.6878635,89.4000015258789
4G_LTE,-118,2147483647,-118,-17,-91,2147483647,22,950,380,7,2147483647,2147483647,0,2147483647,[2],[FDD],"Band Number = 2, Uplink = 1850.0 - 1910.0 MHz, Downlink = 1850.0 - 1910.0 MHz ",Unavailable,Unavailable,0,1724707585026,32648.683105983,2024-08-26 17:26:25.026000,-78.6878635,35.7830911,89.4000015258789,campaign_9,35.7830911,-78.6878635,89.4000015258789
4G_LTE,-115,2147483647,-115,-12,-89,2147483647,25,66486,311,7,2147483647,2147483647,1,2147483647,[66],[FDD],"Band Number = 66, Uplink = 1710.0 - 1780.0 MHz, Downlink = 1710.0 - 1780.0 MHz ",Unavailable,Unavailable,1,1724707585026,32648.683105983,2024-08-26 17:26:25.026000,-78.6878635,35.7830911,89.4000015258789,campaign_9,35.7830911,-78.6878635,89.4000015258789
4G_LTE,-119,2147483647,-119,-19,-89,2147483647,21,66486,502,7,2147483647,2147483647,0,2147483647,[66],[FDD],"Band Number = 66, Uplink = 1710.0 - 1780.0 MHz, Downlink = 1710.0 - 1780.0 MHz ",Unavailable,Unavailable,0,1724707585026,32648.683105983,2024-08-26 17:26:25.026000,-78.6878635,35.7830911,89.4000015258789,campaign_9,35.7830911,-78.6878635,89.4000015258789
4G_LTE,-116,2147483647,-116,-16,-89,2147483647,24,66486,368,7,2147483647,2147483647,0,2147483647,[66],[FDD],"Band Number = 66, Uplink = 1710.0 - 1780.0 MHz, Downlink = 1710.0 - 1780.0 MHz ",Unavailable,Unavailable,0,1724707585026,32648.683105983,2024-08-26 17:26:25.026000,-78.6878635,35.7830911,89.4000015258789,campaign_9,35.7830911,-78.6878635,89.4000015258789
4G_LTE,-122,2147483647,-122,-20,-91,2147483647,18,66486,277,7,2147483647,2147483647,0,2147483647,[66],[FDD],"Band Number = 66, Uplink = 1710.0 - 1780.0 MHz, Downlink = 1710.0 - 1780.0 MHz ",Unavailable,Unavailable,0,1724707585026,32648.683105983,2024-08-26 17:26:25.026000,-78.6878635,35.7830911,89.4000015258789,campaign_9,35.7830911,-78.6878635,89.4000015258789
4G_LTE,-120,2147483647,-120,-18,-91,2147483647,20,66486,478,7,2147483647,2147483647,0,2147483647,[66],[FDD],"Band Number = 66, Uplink = 1710.0 - 1780.0 MHz, Downlink = 1710.0 - 1780.0 MHz ",Unavailable,Unavailable,0,1724707585026,32648.683105983,2024-08-26 17:26:25.026000,-78.6878635,35.7830911,89.4000015258789,campaign_9,35.7830911,-78.6878635,89.4000015258789
4G_LTE,-111,2,-111,-12,-81,2147483647,29,67086,311,7,196875971,9995,1,2147483647,[66],[FDD],"Band Number = 66, Uplink = 1710.0 - 1780.0 MHz, Downlink = 1710.0 - 1780.0 MHz ",310,410,1,1724707586027,32649.68417541,2024-08-26 17:26:26.027000,-78.6878635,35.7830911,89.4000015258789,campaign_9,35.7830911,-78.6878635,89.4000015258789
4G_LTE,-115,2147483647,-115,-19,-89,2147483647,25,67086,219,7,2147483647,2147483647,1,2147483647,[66],[FDD],"Band Number = 66, Uplink = 1710.0 - 1780.0 MHz, Downlink = 1710.0 - 1780.0 MHz ",Unavailable,Unavailable,0,1724707586027,32649.68417541,2024-08-26 17:26:26.027000,-78.6878635,35.7830911,89.4000015258789,campaign_9,35.7830911,-78.6878635,89.4000015258789
4G_LTE,-116,2147483647,-116,-14,-89,2147483647,24,67086,368,7,2147483647,2147483647,0,2147483647,[66],[FDD],"Band Number = 66, Uplink = 1710.0 - 1780.0 MHz, Downlink = 1710.0 - 1780.0 MHz ",Unavailable,Unavailable,0,1724707586027,32649.68417541,2024-08-26 17:26:26.027000,-78.6878635,35.7830911,89.4000015258789,campaign_9,35.7830911,-78.6878635,89.4000015258789
4G_LTE,-116,2147483647,-116,-16,-87,2147483647,24,67086,178,7,2147483647,2147483647,0,2147483647,[66],[FDD],"Band Number = 66, Uplink = 1710.0 - 1780.0 MHz, Downlink = 1710.0 - 1780.0 MHz ",Unavailable,Unavailable,0,1724707586027,32649.68417541,2024-08-26 17:26:26.027000,-78.6878635,35.7830911,89.4000015258789,campaign_9,35.7830911,-78.6878635,89.4000015258789
4G_LTE,-123,2147483647,-123,-16,-99,2147483647,17,9820,101,7,2147483647,2147483647,0,2147483647,[30],[FDD],"Band Number = 30, Uplink = 2305.0 - 2315.0 MHz, Downlink = 2305.0 - 2315.0 MHz ",Unavailable,Unavailable,0,1724707586027,32649.68417541,2024-08-26 17:26:26.027000,-78.6878635,35.7830911,89.4000015258789,campaign_9,35.7830911,-78.6878635,89.4000015258789
4G_LTE,-128,2147483647,-128,-18,-99,2147483647,12,9820,344,7,2147483647,2147483647,0,2147483647,[30],[FDD],"Band Number = 30, Uplink = 2305.0 - 2315.0 MHz, Downlink = 2305.0 - 2315.0 MHz ",Unavailable,Unavailable,0,1724707586027,32649.68417541,2024-08-26 17:26:26.027000,-78.6878635,35.7830911,89.4000015258789,campaign_9,35.7830911,-78.6878635,89.4000015258789
4G_LTE,-124,2147483647,-124,-15,-99,2147483647,16,9820,44,7,2147483647,2147483647,0,2147483647,[30],[FDD],"Band Number = 30, Uplink = 2305.0 - 2315.0 MHz, Downlink = 2305.0 - 2315.0 MHz ",Unavailable,Unavailable,0,1724707586027,32649.68417541,2024-08-26 17:26:26.027000,-78.6878635,35.7830911,89.4000015258789,campaign_9,35.7830911,-78.6878635,89.4000015258789
4G_LTE,-111,2147483647,-111,-13,-87,2147483647,29,950,311,7,2147483647,2147483647,1,2147483647,[2],[FDD],"Band Number = 2, Uplink = 1850.0 - 1910.0 MHz, Downlink = 1850.0 - 1910.0 MHz ",Unavailable,Unavailable,1,1724707586027,32649.68417541,2024-08-26 17:26:26.027000,-78.6878635,35.7830911,89.4000015258789,campaign_9,35.7830911,-78.6878635,89.4000015258789
4G_LTE,-110,2147483647,-110,-12,-87,2147483647,30,950,368,7,2147483647,2147483647,1,2147483647,[2],[FDD],"Band Number = 2, Uplink = 1850.0 - 1910.0 MHz, Downlink = 1850.0 - 1910.0 MHz ",Unavailable,Unavailable,0,1724707586027,32649.68417541,2024-08-26 17:26:26.027000,-78.6878635,35.7830911,89.4000015258789,campaign_9,35.7830911,-78.6878635,89.4000015258789
4G_LTE,-116,2147483647,-116,-19,-87,2147483647,24,950,380,7,2147483647,2147483647,0,2147483647,[2],[FDD],"Band Number = 2, Uplink = 1850.0 - 1910.0 MHz, Downlink = 1850.0 - 1910.0 MHz ",Unavailable,Unavailable,0,1724707586027,32649.68417541,2024-08-26 17:26:26.027000,-78.6878635,35.7830911,89.4000015258789,campaign_9,35.7830911,-78.6878635,89.4000015258789
4G_LTE,-119,2147483647,-119,-20,-87,2147483647,21,950,356,7,2147483647,2147483647,0,2147483647,[2],[FDD],"Band Number = 2, Uplink = 1850.0 - 1910.0 MHz, Downlink = 1850.0 - 1910.0 MHz ",Unavailable,Unavailable,0,1724707586027,32649.68417541,2024-08-26 17:26:26.027000,-78.6878635,35.7830911,89.4000015258789,campaign_9,35.7830911,-78.6878635,89.4000015258789
4G_LTE,-115,2147483647,-115,-15,-81,2147483647,25,66486,311,7,2147483647,2147483647,1,2147483647,[66],[FDD],"Band Number = 66, Uplink = 1710.0 - 1780.0 MHz, Downlink = 1710.0 - 1780.0 MHz ",Unavailable,Unavailable,1,1724707586027,32649.68417541,2024-08-26 17:26:26.027000,-78.6878635,35.7830911,89.4000015258789,campaign_9,35.7830911,-78.6878635,89.4000015258789
4G_LTE,-117,2147483647,-117,-17,-89,2147483647,23,66486,502,7,2147483647,2147483647,0,2147483647,[66],[FDD],"Band Number = 66, Uplink = 1710.0 - 1780.0 MHz, Downlink = 1710.0 - 1780.0 MHz ",Unavailable,Unavailable,0,1724707586027,32649.68417541,2024-08-26 17:26:26.027000,-78.6878635,35.7830911,89.4000015258789,campaign_9,35.7830911,-78.6878635,89.4000015258789
4G_LTE,-117,2147483647,-117,-15,-89,2147483647,23,66486,368,7,2147483647,2147483647,0,2147483647,[66],[FDD],"Band Number = 66, Uplink = 1710.0 - 1780.0 MHz, Downlink = 1710.0 - 1780.0 MHz ",Unavailable,Unavailable,0,1724707586027,32649.68417541,2024-08-26 17:26:26.027000,-78.6878635,35.7830911,89.4000015258789,campaign_9,35.7830911,-78.6878635,89.4000015258789
4G_LTE,-121,2147483647,-121,-16,-95,2147483647,19,66486,277,7,2147483647,2147483647,0,2147483647,[66],[FDD],"Band Number = 66, Uplink = 1710.0 - 1780.0 MHz, Downlink = 1710.0 - 1780.0 MHz ",Unavailable,Unavailable,0,1724707586027,32649.68417541,2024-08-26 17:26:26.027000,-78.6878635,35.7830911,89.4000015258789,campaign_9,35.7830911,-78.6878635,89.4000015258789
4G_LTE,-119,2147483647,-119,-18,-91,2147483647,21,66486,478,7,2147483647,2147483647,0,2147483647,[66],[FDD],"Band Number = 66, Uplink = 1710.0 - 1780.0 MHz, Downlink = 1710.0 - 1780.0 MHz ",Unavailable,Unavailable,0,1724707586027,32649.68417541,2024-08-26 17:26:26.027000,,,,campaign_9,,,
