RSRQ (LTE pcell),RSRP (LTE pcell),Physical cell identity (LTE pcell),Time,time,nemo_abs_time,longitude,latitude,altitude
-13.3,-80.7,484, 9:04:54.760,04:54.8,1.72399E+12,,,
-13.7,-79.4,484, 9:04:55.188,04:55.2,1.72399E+12,-121.890427,37.705471,77.16218905472637
-9.2,-83.8,484, 9:04:55.692,04:55.7,1.72399E+12,-121.890427,37.705471,77.66368159203981
-11.4,-85.2,484, 9:04:56.359,04:56.4,1.72399E+12,-121.8904244,37.705471,78
-10.6,-90.6,484, 9:04:56.984,04:57.0,1.72399E+12,-121.8904194,37.705471,78
-10.3,-85.5,484, 9:04:57.502,04:57.5,1.72399E+12,-121.890419,37.705471,78
-10.5,-85.1,484, 9:04:58.016,04:58.0,1.72399E+12,-121.890419,37.705471,78
-17.6,-111,33, 9:04:58.654,04:58.7,1.72399E+12,-121.890419,37.705471,78
-15.4,-110.3,33, 9:04:59.383,04:59.4,1.72399E+12,-121.890419,37.705471,78
-11.6,-107.2,33, 9:04:59.943,04:59.9,1.72399E+12,-121.890419,37.705471,78
-12.3,-107.9,33, 9:05:00.467,05:00.5,1.72399E+12,-121.890419,37.705471,78
-10.6,-108.6,33, 9:05:01.124,05:01.1,1.72399E+12,-121.890419,37.705471,78
-11.9,-105.3,33, 9:05:01.726,05:01.7,1.72399E+12,-121.890419,37.705471,78
-12.6,-114.6,33, 9:05:02.325,05:02.3,1.72399E+12,-121.890419,37.705471,78
-11.8,-106.4,33, 9:05:02.876,05:02.9,1.72399E+12,-121.890419,37.705471,78
-12.8,-106.6,33, 9:05:03.403,05:03.4,1.72399E+12,-121.890419,37.705471,78
-12,-104.9,33, 9:05:03.933,05:03.9,1.72399E+12,-121.890419,37.705471,78
-11.2,-114.3,33, 9:05:04.582,05:04.6,1.72399E+12,-121.890419,37.705471,78
-11.8,-104.2,33, 9:05:05.231,05:05.2,1.72399E+12,-121.890419,37.705471,78
-12.1,-105.4,33, 9:05:05.875,05:05.9,1.72399E+12,-121.890419,37.705471,78
-12.7,-105.4,33, 9:05:06.472,05:06.5,1.72399E+12,-121.890419,37.705471,78
-11.4,-105.2,33, 9:05:07.079,05:07.1,1.72399E+12,-121.890419,37.705471,78
-12.6,-105.8,33, 9:05:08.449,05:08.4,1.72399E+12,-121.890419,37.705471,78
-10.8,-106.3,33, 9:05:09.062,05:09.1,1.72399E+12,-121.890419,37.705471,78
-12.1,-112.6,33, 9:05:09.741,05:09.7,1.72399E+12,-121.890419,37.705471,78
-10.8,-106.8,33, 9:05:10.589,05:10.6,1.72399E+12,-121.890419,37.705471,78
-14.8,-107.2,33, 9:05:11.092,05:11.1,1.72399E+12,-121.890419,37.705471,78
-11.2,-106.6,33, 9:05:11.817,05:11.8,1.72399E+12,-121.890419,37.705471,78
-11.2,-106.6,33, 9:05:12.358,05:12.4,1.72399E+12,-121.890419,37.705471,78
-11.8,-111.1,33, 9:05:13.094,05:13.1,1.72399E+12,-121.890419,37.705471,78
-14.2,-103.5,33, 9:05:13.641,05:13.6,1.72399E+12,-121.890419,37.705471,78
-10.9,-104,33, 9:05:14.241,05:14.2,1.72399E+12,-121.890419,37.705471,78
-10.1,-104.1,33, 9:05:14.791,05:14.8,1.72399E+12,-121.890419,37.705471,78
-10.3,-103.9,33, 9:05:15.360,05:15.4,1.72399E+12,-121.890419,37.705471,78
-10.7,-103.4,33, 9:05:16.281,05:16.3,1.72399E+12,-121.890419,37.705471,78
-10.1,-102.5,33, 9:05:17.844,05:17.8,1.72399E+12,-121.890419,37.705471,78
-10.1,-102.5,33, 9:05:18.442,05:18.4,1.72399E+12,-121.890419,37.705471,78
-11.4,-102.6,33, 9:05:19.339,05:19.3,1.72399E+12,-121.890419,37.705471,78
-10.9,-106.3,33, 9:05:20.081,05:20.1,1.72399E+12,-121.890419,37.705471,78
-10.8,-107.6,33, 9:05:22.283,05:22.3,1.72399E+12,-121.890419,37.705471,78
-11.9,-107,33, 9:05:23.563,05:23.6,1.72399E+12,-121.890419,37.705471,78
-12.1,-108.8,33, 9:05:24.643,05:24.6,1.72399E+12,-121.890419,37.705471,78
-11.6,-106.1,33, 9:05:25.382,05:25.4,1.72399E+12,-121.890419,37.705471,78
-11.2,-104.5,33, 9:05:26.680,05:26.7,1.72399E+12,-121.890419,37.705471,78
-12.3,-109.3,33, 9:05:28.492,05:28.5,1.72399E+12,-121.890419,37.705471,78
-13.1,-108.7,33, 9:05:29.041,05:29.0,1.72399E+12,-121.890419,37.705471,78
-10.8,-105.2,33, 9:05:31.230,05:31.2,1.72399E+12,-121.890419,37.705471,78
-13.1,-110.2,33, 9:05:31.880,05:31.9,1.72399E+12,-121.890419,37.705471,78
-15.4,-109.1,33, 9:05:32.532,05:32.5,1.72399E+12,-121.890419,37.705471,78
-15.4,-109.1,33, 9:05:33.525,05:33.5,1.72399E+12,-121.890419,37.705471,78
-12.8,-109.1,33, 9:05:34.480,05:34.5,1.72399E+12,-121.890419,37.705471,78
-11.7,-108.5,33, 9:05:35.763,05:35.8,1.72399E+12,-121.890419,37.705471,78
-10.8,-107.3,33, 9:05:37.644,05:37.6,1.72399E+12,-121.890419,37.705471,78
-9.7,-105.6,33, 9:05:38.723,05:38.7,1.72399E+12,-121.890419,37.705471,78
-10.9,-106.8,33, 9:05:40.314,05:40.3,1.72399E+12,-121.890419,37.705471,78
-10.4,-106.2,33, 9:05:41.564,05:41.6,1.72399E+12,-121.890419,37.705471,78
-10.5,-105.8,33, 9:05:42.566,05:42.6,1.72399E+12,-121.890419,37.705471,78
-9.9,-106.3,33, 9:05:44.312,05:44.3,1.72399E+12,-121.890419,37.705471,78
-11.6,-107.6,33, 9:05:44.815,05:44.8,1.72399E+12,-121.890419,37.705471,78
-11.6,-105.9,33, 9:05:46.674,05:46.7,1.72399E+12,-121.8904138,37.705471,78
-13.6,-100.9,33, 9:05:47.998,05:48.0,1.72399E+12,-121.890411,37.705471,77.02323232323232
-11,-101.5,33, 9:05:48.999,05:49.0,1.72399E+12,-121.8904042,37.70546713438735,77
-11.4,-98.9,33, 9:05:50.107,05:50.1,1.72399E+12,-121.890411,37.705475,76.91583166332666
-9.5,-96.3,33, 9:05:50.633,05:50.6,1.72399E+12,-121.890411,37.705475,76.38877755511022
-10.3,-95.6,33, 9:05:51.231,05:51.2,1.72399E+12,-121.890411,37.705475,76
-10,-96,33, 9:05:51.999,05:52.0,1.72399E+12,-121.890411,37.705475,76
-10.3,-95.4,33, 9:05:52.520,05:52.5,1.72399E+12,-121.890411,37.705475,75.50351053159478
-10.1,-96.5,33, 9:05:53.410,05:53.4,1.72399E+12,-121.890411,37.70547654,75
-11,-97,33, 9:05:53.997,05:54.0,1.72399E+12,-121.890411,37.70547888059701,75
-10.7,-97.1,33, 9:05:54.610,05:54.6,1.72399E+12,-121.890411,37.705479,75
-12,-97.4,33, 9:05:55.392,05:55.4,1.72399E+12,-121.890411,37.705479,75
-10.5,-97.8,33, 9:05:55.998,05:56.0,1.72399E+12,-121.890411,37.705479,75
-10.9,-97.2,33, 9:05:56.554,05:56.6,1.72399E+12,-121.890411,37.705479,75
-10.9,-98,33, 9:05:57.253,05:57.3,1.72399E+12,-121.890411,37.705479,75
-17.8,-108.4,33, 9:05:57.999,05:58.0,1.72399E+12,-121.890411,37.705479,75
-11.2,-100.4,33, 9:05:58.807,05:58.8,1.72399E+12,-121.890411,37.705479,75
-14.7,-96.8,33, 9:05:59.338,05:59.3,1.72399E+12,-121.890411,37.705479,75
-10.4,-97.3,33, 9:05:59.942,05:59.9,1.72399E+12,-121.890411,37.705479,75
-10.4,-97.2,33, 9:06:00.598,06:00.6,1.72399E+12,-121.890411,37.705479,75
-11.6,-97.2,33, 9:06:01.283,06:01.3,1.72399E+12,-121.890411,37.705479,75
-13,-98,33, 9:06:01.851,06:01.9,1.72399E+12,-121.890411,37.705479,75
-11.8,-97.7,33, 9:06:02.515,06:02.5,1.72399E+12,-121.890411,37.705479,75
-11,-98.4,33, 9:06:03.102,06:03.1,1.72399E+12,-121.890411,37.705479,75
-10.9,-98.7,33, 9:06:03.853,06:03.9,1.72399E+12,-121.890411,37.705479,75
-11.5,-98.7,33, 9:06:04.440,06:04.4,1.72399E+12,-121.890411,37.705479,75
-13.2,-97.4,33, 9:06:04.998,06:05.0,1.72399E+12,-121.890411,37.705479,75
-11.4,-96.9,33, 9:06:05.507,06:05.5,1.72399E+12,-121.890411,37.705479,75
-14.6,-102.6,33, 9:06:06.293,06:06.3,1.72399E+12,-121.890411,37.705479,75
-12.9,-98.6,33, 9:06:08.545,06:08.5,1.72399E+12,-121.890411,37.705479,75
-10.9,-98.1,33, 9:06:09.448,06:09.4,1.72399E+12,-121.890411,37.705479,75
-11.6,-97.9,33, 9:06:09.999,06:10.0,1.72399E+12,-121.890411,37.705479,75
-10.7,-96.9,33, 9:06:11.999,06:12.0,1.72399E+12,-121.890411,37.705479,75
-10.6,-96.8,33, 9:06:13.543,06:13.5,1.72399E+12,-121.890411,37.705480553892215,75
-11.4,-97.3,33, 9:06:14.297,06:14.3,1.72399E+12,-121.890411,37.705482,75
-11.7,-97,33, 9:06:15.793,06:15.8,1.72399E+12,-121.890411,37.705482,75
-10.6,-97.4,33, 9:06:17.293,06:17.3,1.72399E+12,-121.890411,37.705482,75
-11.1,-97.3,33, 9:06:18.000,06:18.0,1.72399E+12,-121.890411,37.705482,75
-10.8,-97.4,33, 9:06:19.494,06:19.5,1.72399E+12,-121.890411,37.705482,75
-11.3,-98.4,33, 9:06:21.001,06:21.0,1.72399E+12,-121.890411,37.705482,75
-10.4,-97.1,33, 9:06:21.539,06:21.5,1.72399E+12,-121.890411,37.705482,75
-10.6,-96.7,33, 9:06:22.050,06:22.0,1.72399E+12,-121.890411,37.705482,75
-10.5,-96.9,33, 9:06:22.736,06:22.7,1.72399E+12,-121.890411,37.705482,75
-11.1,-96.7,33, 9:06:23.242,06:23.2,1.72399E+12,-121.890411,37.705482,75
-11.2,-97.1,33, 9:06:23.979,06:24.0,1.72399E+12,-121.890411,37.705482,75
-11.5,-97.6,33, 9:06:24.943,06:24.9,1.72399E+12,-121.890411,37.705482,75
-11.1,-97.2,33, 9:06:25.475,06:25.5,1.72399E+12,-121.890411,37.705482,75
-11.1,-97.3,33, 9:06:26.225,06:26.2,1.72399E+12,-121.890411,37.705482,75
-11.1,-97.3,33, 9:06:26.904,06:26.9,1.72399E+12,-121.890411,37.705482,75
-10.8,-97.6,33, 9:06:27.410,06:27.4,1.72399E+12,-121.890411,37.705482,75
-10.9,-97.4,33, 9:06:28.145,06:28.1,1.72399E+12,-121.890411,37.705482,75
-15.6,-102.7,33, 9:06:28.678,06:28.7,1.72399E+12,-121.890411,37.705482,75
-11.9,-99.9,33, 9:06:29.202,06:29.2,1.72399E+12,-121.890411,37.705482,75
-10.6,-98.9,33, 9:06:31.572,06:31.6,1.72399E+12,-121.890411,37.705482,75
-11.4,-98.3,33, 9:06:32.412,06:32.4,1.72399E+12,-121.890411,37.705482,75
-15.4,-101.2,33, 9:06:33.412,06:33.4,1.72399E+12,-121.890411,37.705482,75
-16.6,-96.3,33, 9:06:34.662,06:34.7,1.72399E+12,-121.890411,37.705482,75
-14.5,-97.8,33, 9:06:35.206,06:35.2,1.72399E+12,-121.890411,37.705482,75
-13.9,-98.8,33, 9:06:35.809,06:35.8,1.72399E+12,-121.890411,37.705482,75
-15.3,-99.1,33, 9:06:36.464,06:36.5,1.72399E+12,-121.890411,37.70547896828543,74.56689791873141
-15,-98.1,33, 9:06:37.192,06:37.2,1.72399E+12,-121.890411,37.70547373811931,74.15773509
-15.1,-92.9,33, 9:06:37.798,06:37.8,1.72399E+12,-121.890411,37.70546883619818,74.77047522750253
-12.3,-90.3,33, 9:06:38.302,06:38.3,1.72399E+12,-121.890411,37.70546395908183,75
-11.5,-92.8,33, 9:06:38.811,06:38.8,1.72399E+12,-121.890411,37.705458371257485,75
-16.3,-91.5,33, 9:06:39.640,06:39.6,1.72399E+12,-121.8904159,37.70544861445783,75
-11.5,-98.3,33, 9:06:40.305,06:40.3,1.72399E+12,-121.8904213,37.70544203,75
-11.1,-98.4,33, 9:06:40.923,06:40.9,1.72399E+12,-121.8904262,37.705437700000004,75
-16,-99.1,33, 9:06:41.681,06:41.7,1.72399E+12,-121.8904316,37.70543437848605,75
-14.8,-97.1,33, 9:06:42.412,06:42.4,1.72399E+12,-121.8904371,37.70543145226131,75
-9.8,-98.6,33, 9:06:43.804,06:43.8,1.72399E+12,-121.890442,37.705429,75
-13.6,-96.4,33, 9:06:45.416,06:45.4,1.72399E+12,-121.8904362,37.705429,75
-12.9,-97.1,33, 9:06:45.922,06:45.9,1.72399E+12,-121.8904285,37.705429,75
-12.1,-96.6,33, 9:06:48.173,06:48.2,1.72399E+12,-121.8903512,37.70542440518962,75
-9.9,-94,33, 9:06:49.411,06:49.4,1.72399E+12,-121.8902944,37.705421,75.38346613545816
-11.7,-96.3,33, 9:06:50.670,06:50.7,1.72399E+12,-121.8902416,37.70541908,75.35871743486975
-9.6,-95.6,33, 9:06:51.347,06:51.3,1.72399E+12,-121.8902159,37.705418,75
-10.4,-94.1,33, 9:06:52.925,06:52.9,1.72399E+12,-121.8901486,37.705414402819734,75.89929507
-10.5,-94.1,33, 9:06:54.411,06:54.4,1.72399E+12,-121.8900815,37.705414,76
-10.9,-92.5,33, 9:06:55.173,06:55.2,1.72399E+12,-121.8900463,37.705413419419415,76
-11.1,-90.6,33, 9:06:57.175,06:57.2,1.72399E+12,-121.8899634,37.70541058741259,76
-10.1,-91.2,33, 9:06:58.169,06:58.2,1.72399E+12,-121.8899256,37.705414,76
-11.6,-91.8,33, 9:06:59.164,06:59.2,1.72399E+12,-121.8898875,37.705414,76
-10.6,-90.9,33, 9:07:00.412,07:00.4,1.72399E+12,-121.8898455,37.705414,76
-11.1,-91.1,33, 9:07:01.926,07:01.9,1.72399E+12,-121.889832,37.705414,76
-10.9,-90.9,33, 9:07:03.410,07:03.4,1.72399E+12,-121.889832,37.70541553692615,76
-10.7,-91,33, 9:07:04.178,07:04.2,1.72399E+12,-121.889832,37.705418,76
-11.6,-91.1,33, 9:07:06.171,07:06.2,1.72399E+12,-121.889832,37.705418,76
-10.8,-93.1,33, 9:07:07.171,07:07.2,1.72399E+12,-121.889832,37.705418,76
-11.1,-90.7,33, 9:07:08.670,07:08.7,1.72399E+12,-121.8898269,37.705418,76
-10.6,-91.3,33, 9:07:09.404,07:09.4,1.72399E+12,-121.8898184,37.7054165,76
-11.8,-91.2,33, 9:07:10.920,07:10.9,1.72399E+12,-121.8897885,37.705414,76
-11.6,-91.6,33, 9:07:12.172,07:12.2,1.72399E+12,-121.8897424,37.705414,76
-9.6,-91.5,33, 9:07:13.170,07:13.2,1.72399E+12,-121.8897026,37.705414,76
-11.4,-91.1,33, 9:07:15.172,07:15.2,1.72399E+12,-121.8896114,37.70541343,76
-10.6,-92.8,33, 9:07:16.013,07:16.0,1.72399E+12,-121.8895726,37.70541005611223,76
-11.2,-91.8,33, 9:07:17.670,07:17.7,1.72399E+12,-121.8894896,37.70541,76
-11.2,-91.6,33, 9:07:18.362,07:18.4,1.72399E+12,-121.8894528,37.70541,76
-10.2,-90.9,33, 9:07:19.639,07:19.6,1.72399E+12,-121.8893797,37.70540756068205,76
-9.9,-89.4,33, 9:07:20.169,07:20.2,1.72399E+12,-121.8893503,37.705406,76
-9.9,-90.8,33, 9:07:22.174,07:22.2,1.72399E+12,-121.8892262,37.705409421686745,76
-11.7,-93.5,33, 9:07:23.919,07:23.9,1.72399E+12,-121.8891137,37.70540243868395,75.10967098703888
-13.9,-93.6,33, 9:07:25.178,07:25.2,1.72399E+12,-121.8890367,37.70540154191617,75.84730538922156
-14.2,-93.6,33, 9:07:26.674,07:26.7,1.72399E+12,-121.88895,37.70539640681363,75
-15.4,-94.1,33, 9:07:27.320,07:27.3,1.72399E+12,-121.8889131,37.705395,75
-14.8,-93,33, 9:07:28.609,07:28.6,1.72399E+12,-121.8888392,37.705395,75
-12,-93.4,33, 9:07:30.174,07:30.2,1.72399E+12,-121.8887634,37.70539442570281,75.14357429718875
-11.2,-93.8,33, 9:07:31.160,07:31.2,1.72399E+12,-121.8887119,37.705391,75.86779324055667
-11.8,-93.4,33, 9:07:32.921,07:32.9,1.72399E+12,-121.8886312,37.705391,75.888
-13.9,-95.1,33, 9:07:34.019,07:34.0,1.72399E+12,-121.8885962,37.705391,75.00804828973843
-16.4,-94.8,33, 9:07:35.677,07:35.7,1.72399E+12,-121.8885501,37.705391,75
-13.1,-92.8,33, 9:07:36.279,07:36.3,1.72399E+12,-121.8885363,37.705391,75
-14.3,-92.3,33, 9:07:37.670,07:37.7,1.72399E+12,-121.8885043,37.70538844,75
-13,-96.3,33, 9:07:39.177,07:39.2,1.72399E+12,-121.8884777,37.705387,75
-14,-98.3,33, 9:07:40.122,07:40.1,1.72399E+12,-121.8884558,37.705387,75
-13.4,-98.2,33, 9:07:40.675,07:40.7,1.72399E+12,-121.8884432,37.705387,75
-13.4,-98.2,33, 9:07:41.923,07:41.9,1.72399E+12,-121.8884144,37.705387,75
-14.5,-96.9,33, 9:07:43.172,07:43.2,1.72399E+12,-121.8883867,37.70538242742742,75
-16.6,-93.6,33, 9:07:44.411,07:44.4,1.72399E+12,-121.8883523,37.70537321450151,75
-11.1,-91.2,33, 9:07:45.046,07:45.0,1.72399E+12,-121.8883282,37.70536342842943,75
-8.4,-84.9,33, 9:07:45.570,07:45.6,1.72399E+12,-121.8883121,37.70535144831014,75
-10.4,-94.4,33, 9:07:46.218,07:46.2,1.72399E+12,-121.8882923,37.70533452542372,74.80957128614158
-9.9,-86.5,33, 9:07:46.857,07:46.9,1.72399E+12,-121.8882732,37.70531286440678,74.17248255234297
-12.7,-84.8,33, 9:07:47.411,07:47.4,1.72399E+12,-121.8882619,37.70528684730539,74
-10.9,-80.2,33, 9:07:48.142,07:48.1,1.72399E+12,-121.888252,37.70524723588709,74.11088709677419
-10.3,-79.2,33, 9:07:48.693,07:48.7,1.72399E+12,-121.888252,37.70521335383064,74.66633065
-8.9,-86.5,33, 9:07:49.248,07:49.2,1.72399E+12,-121.888252,37.70517998196393,74.7755511
-8.5,-86.3,33, 9:07:49.997,07:50.0,1.72399E+12,-121.888252,37.70513645290581,74.0250501
-9.8,-90.7,33, 9:07:50.592,07:50.6,1.72399E+12,-121.888252,37.70510054013875,74
-10.6,-91.1,33, 9:07:51.250,07:51.2,1.72399E+12,-121.8882538,37.705062393000006,74
-7.8,-87.1,33, 9:07:51.834,07:51.8,1.72399E+12,-121.8882584,37.70503144,74
-9.3,-91,33, 9:07:52.407,07:52.4,1.72399E+12,-121.88826,37.7050022,74
-8.6,-90.7,33, 9:07:52.909,07:52.9,1.72399E+12,-121.88826,37.7049771,74
-12.4,-92.3,33, 9:07:53.411,07:53.4,1.72399E+12,-121.88826,37.70495391708292,74
-12.4,-92.3,33, 9:07:53.939,07:53.9,1.72399E+12,-121.88826,37.70493018081918,74
-15.4,-97.4,33, 9:07:54.470,07:54.5,1.72399E+12,-121.8882635,37.704914126506026,74
-9.7,-98.8,33, 9:07:55.036,07:55.0,1.72399E+12,-121.888268,37.70489885,73.99191102123356
-11.8,-99.4,33, 9:07:55.679,07:55.7,1.72399E+12,-121.888268,37.70488649342771,73.34175935
-10.4,-90.9,33, 9:07:56.196,07:56.2,1.72399E+12,-121.888268,37.70487733366435,73.17775571002979
-11.4,-91.6,33, 9:07:56.776,07:56.8,1.72399E+12,-121.888268,37.70486869414101,73.75372393
-10.7,-89.1,33, 9:07:57.503,07:57.5,1.72399E+12,-121.888268,37.70486308016032,74
-10.2,-87.3,33, 9:07:58.115,07:58.1,1.72399E+12,-121.888268,37.70486063,74
-10.2,-88.9,33, 9:07:58.799,07:58.8,1.72399E+12,-121.888268,37.70485791360476,74
-10.5,-87.7,33, 9:07:59.412,07:59.4,1.72399E+12,-121.8882707,37.704857,74
-10.6,-88.6,33, 9:07:59.998,08:00.0,1.72399E+12,-121.8882748,37.704857,74
-10.4,-87.9,33, 9:08:00.622,08:00.6,1.72399E+12,-121.888275,37.70485939117352,74
-10.1,-88.1,33, 9:08:01.410,08:01.4,1.72399E+12,-121.888275,37.70486253723932,74
-11.4,-87.6,33, 9:08:02.001,08:02.0,1.72399E+12,-121.888275,37.704864884806355,74
-11.2,-87.8,33, 9:08:02.525,08:02.5,1.72399E+12,-121.888275,37.704865,74
-10.8,-88,33, 9:08:03.298,08:03.3,1.72399E+12,-121.888275,37.704865,74
-12.6,-87.4,33, 9:08:03.999,08:04.0,1.72399E+12,-121.888275,37.704865,74
-10.9,-87.6,33, 9:08:04.957,08:05.0,1.72399E+12,-121.888275,37.704865,74
-10.8,-87.5,33, 9:08:05.816,08:05.8,1.72399E+12,-121.888275,37.704865,74
-10.6,-87.5,33, 9:08:06.404,08:06.4,1.72399E+12,-121.8882724,37.70486613366834,74
-10.9,-87.7,33, 9:08:07.013,08:07.0,1.72399E+12,-121.8882681,37.704867969849246,74
-12.5,-89.8,33, 9:08:07.585,08:07.6,1.72399E+12,-121.888268,37.704868,74
-10.5,-86.9,33, 9:08:09.363,08:09.4,1.72399E+12,-121.888268,37.704868,74
-10.6,-88.9,33, 9:08:09.947,08:09.9,1.72399E+12,-121.888268,37.704868,74
-10.3,-89.2,33, 9:08:10.467,08:10.5,1.72399E+12,-121.888268,37.704868,74
-11.1,-87.6,33, 9:08:11.205,08:11.2,1.72399E+12,-121.888268,37.704868,74
-11.3,-96.9,33, 9:08:11.842,08:11.8,1.72399E+12,-121.888268,37.704868,74
-10.2,-88.3,33, 9:08:12.406,08:12.4,1.72399E+12,-121.888268,37.704868,74
-10,-88.3,33, 9:08:13.008,08:13.0,1.72399E+12,-121.888268,37.704868,74
-11.3,-88.6,33, 9:08:13.581,08:13.6,1.72399E+12,-121.888268,37.704868,74
-8.9,-88.2,33, 9:08:14.408,08:14.4,1.72399E+12,-121.888268,37.70486535135135,74
-10.3,-87.3,33, 9:08:14.908,08:14.9,1.72399E+12,-121.888268,37.70486184784785,74
-10,-87.6,33, 9:08:15.907,08:15.9,1.72399E+12,-121.888268,37.70484064314516,74
-9.7,-90.2,33, 9:08:16.408,08:16.4,1.72399E+12,-121.888268,37.704818935960596,74
-10.2,-90.1,33, 9:08:17.032,08:17.0,1.72399E+12,-121.888268,37.70478819704434,74
-10.2,-88.4,33, 9:08:18.833,08:18.8,1.72399E+12,-121.888268,37.70466232135729,74
-10.6,-90.4,33, 9:08:19.586,08:19.6,1.72399E+12,-121.8882636,37.704594550100204,74
-10.6,-90.4,33, 9:08:20.334,08:20.3,1.72399E+12,-121.88826,37.704520841206026,74.30251256281407
-12.3,-94.4,33, 9:08:21.079,08:21.1,1.72399E+12,-121.8882604,37.704443129129125,75
-10.4,-93.8,33, 9:08:22.582,08:22.6,1.72399E+12,-121.888268,37.704266626865675,75
-11.3,-91.6,33, 9:08:23.334,08:23.3,1.72399E+12,-121.888268,37.70417743373494,75
-12.4,-94.1,33, 9:08:24.690,08:24.7,1.72399E+12,-121.8882726,37.70401450450451,75
-11.7,-94.4,33, 9:08:26.412,08:26.4,1.72399E+12,-121.888275,37.703807824701194,75
-11.6,-96.3,33, 9:08:27.690,08:27.7,1.72399E+12,-121.888275,37.70365401803607,75
-14.3,-97.6,33, 9:08:29.333,08:29.3,1.72399E+12,-121.8882729,37.703465226957384,75.30426164519326
-13.6,-97.6,33, 9:08:30.042,08:30.0,1.72399E+12,-121.8882679,37.70338727683049,76
-10,-94.8,33, 9:08:31.568,08:31.6,1.72399E+12,-121.8882557,37.70323356565657,76
-9.5,-91.5,33, 9:08:32.151,08:32.2,1.72399E+12,-121.8882511,37.70317972111554,76
-10.3,-94.9,33, 9:08:32.910,08:32.9,1.72399E+12,-121.8882458,37.70311924302789,76
-10.9,-95.3,33, 9:08:33.453,08:33.5,1.72399E+12,-121.8882416,37.70308238308458,76.42487562189055
-11,-93.2,33, 9:08:34.002,08:34.0,1.72399E+12,-121.8882372,37.703046875621894,76.97114427860697
-12.5,-96.9,33, 9:08:34.614,08:34.6,1.72399E+12,-121.888237,37.703020587238285,77
-12.2,-94.5,33, 9:08:35.154,08:35.2,1.72399E+12,-121.888237,37.70300071084338,77
-10.7,-97.1,33, 9:08:35.771,08:35.8,1.72399E+12,-121.888237,37.702988940763056,77
-10.8,-97.6,33, 9:08:36.411,08:36.4,1.72399E+12,-121.888237,37.70298094282849,77
-10.9,-94.4,33, 9:08:37.398,08:37.4,1.72399E+12,-121.888237,37.702976,77
-10.9,-96.6,33, 9:08:37.999,08:38.0,1.72399E+12,-121.888237,37.702976,77
-10.9,-93.7,33, 9:08:39.176,08:39.2,1.72399E+12,-121.888237,37.702976,77
-9.9,-94.2,33, 9:08:40.406,08:40.4,1.72399E+12,-121.888237,37.702976,77
-9.8,-94.7,33, 9:08:42.171,08:42.2,1.72399E+12,-121.888237,37.702976,77
-9.7,-94.9,33, 9:08:42.676,08:42.7,1.72399E+12,-121.888237,37.702976,77
-12.4,-95.2,33, 9:08:44.379,08:44.4,1.72399E+12,-121.8882342,37.70295422,77
-12.6,-94,33, 9:08:44.886,08:44.9,1.72399E+12,-121.8882301,37.70293842,77
-13.1,-95.3,33, 9:08:45.592,08:45.6,1.72399E+12,-121.888229,37.70290828741328,77
-11.3,-94.4,33, 9:08:46.130,08:46.1,1.72399E+12,-121.8882283,37.702882006042294,77.09365558912387
-13.1,-96.4,33, 9:08:46.663,08:46.7,1.72399E+12,-121.8882246,37.70284765357503,77.63041289023163
-11.7,-95.9,33, 9:08:47.173,08:47.2,1.72399E+12,-121.8882208,37.70281247935549,78
-11.7,-95.9,33, 9:08:47.715,08:47.7,1.72399E+12,-121.8882165,37.702768813695876,78
-10.4,-92.1,33, 9:08:48.314,08:48.3,1.72399E+12,-121.8882117,37.70271738767396,78.28926441
-15.8,-92.8,33, 9:08:49.155,08:49.2,1.72399E+12,-121.8882051,37.702639488465394,79
-11.3,-92.9,33, 9:08:49.673,08:49.7,1.72399E+12,-121.8882015,37.70258805215647,79
-10.6,-95.5,33, 9:08:50.187,08:50.2,1.72399E+12,-121.8881966,37.70253580738523,79.16067864271457
-11.8,-93.5,33, 9:08:50.707,08:50.7,1.72399E+12,-121.8881888,37.70248027844312,79.67964071856288
-12.6,-92.8,33, 9:08:51.208,08:51.2,1.72399E+12,-121.8881826,37.702424802395214,80
-13.2,-94.2,33, 9:08:51.815,08:51.8,1.72399E+12,-121.8881777,37.70235331936128,80
-12.5,-92.9,33, 9:08:52.678,08:52.7,1.72399E+12,-121.8881708,37.70224602409638,80.65060240963855
-14.8,-94.3,33, 9:08:53.458,08:53.5,1.72399E+12,-121.888165,37.70214463,81
-12.3,-95,33, 9:08:54.010,08:54.0,1.72399E+12,-121.8881612,37.702071320118925,81
-14.4,-97.9,33, 9:08:55.001,08:55.0,1.72399E+12,-121.888161,37.701934590725806,81
-16.1,-101.5,33, 9:08:55.605,08:55.6,1.72399E+12,-121.888165,37.70184958341659,81
-14.8,-99,33, 9:08:56.410,08:56.4,1.72399E+12,-121.888168,37.70173597592779,81
-12.7,-95.1,33, 9:08:56.998,08:57.0,1.72399E+12,-121.888168,37.70165281845537,81
-13.2,-96.7,33, 9:08:57.697,08:57.7,1.72399E+12,-121.888168,37.70155663346614,81
-16.2,-100.1,33, 9:08:58.425,08:58.4,1.72399E+12,-121.888168,37.70145663927856,81
-13.4,-97.7,33, 9:08:58.999,08:59.0,1.72399E+12,-121.888168,37.701377843687375,81
-13.4,-97.7,33, 9:08:59.560,08:59.6,1.72399E+12,-121.8881722,37.701303393426294,81
-12.2,-97.6,33, 9:09:00.684,09:00.7,1.72399E+12,-121.888176,37.70115839156627,81
-12.1,-97.1,33, 9:09:02.363,09:02.4,1.72399E+12,-121.888189,37.70096401104418,80
-13.7,-100.6,33, 9:09:03.576,09:03.6,1.72399E+12,-121.8882116,37.70084087276342,79.45129224652088
-15.1,-105.9,33, 9:09:04.108,09:04.1,1.72399E+12,-121.888225,37.700791734939756,79
-17.3,-105.8,33, 9:09:06.098,09:06.1,1.72399E+12,-121.8883258,37.70064115,78
-14.5,-93.8,484, 9:09:07.584,09:07.6,1.72399E+12,-121.8884517,37.70055915531062,77.44789579158316
-16.7,-94.2,484, 9:09:08.561,09:08.6,1.72399E+12,-121.8885529,37.70052464694082,76.46840521564694
-13.3,-91.6,484, 9:09:09.689,09:09.7,1.72399E+12,-121.888679,37.70050936,76
-11,-77.5,484, 9:09:11.612,09:11.6,1.72399E+12,-121.888894,37.70055364128257,74.42084168336673
-17.3,-80.3,484, 9:09:12.122,09:12.1,1.72399E+12,-121.8889479,37.70057921,74
-11.3,-78.1,484, 9:09:12.630,09:12.6,1.72399E+12,-121.8889982,37.70061426,74
-12.2,-82.8,484, 9:09:13.205,09:13.2,1.72399E+12,-121.88905,37.700656561122244,73.82665330661322
-14.1,-81.8,484, 9:09:13.998,09:14.0,1.72399E+12,-121.8891048,37.70072330661323,73.03206412825651
-12.9,-88.1,484, 9:09:14.711,09:14.7,1.72399E+12,-121.8891329,37.70079335164835,73
-12.9,-88.1,484, 9:09:15.259,09:15.3,1.72399E+12,-121.889145,37.70084959274194,72.77016129032258
-10,-83.1,484, 9:09:15.769,09:15.8,1.72399E+12,-121.889145,37.70090460282258,72.25604838709677
-12,-89.4,484, 9:09:16.813,09:16.8,1.72399E+12,-121.8891153,37.701012405138336,71.21936758893281
-13.2,-88.3,484, 9:09:17.449,09:17.4,1.72399E+12,-121.8890722,37.70107267,71
-13.2,-113.3,33, 9:09:18.026,09:18.0,1.72399E+12,-121.8890238,37.70112518,71
-14.3,-111.4,33, 9:09:18.579,09:18.6,1.72399E+12,-121.8889601,37.70116157344064,71
-15.4,-114.4,33, 9:09:19.291,09:19.3,1.72399E+12,-121.8888699,37.70119994,71
-14.8,-115.6,33, 9:09:19.949,09:19.9,1.72399E+12,-121.8887741,37.70122240562249,71
-16.6,-113.6,33, 9:09:20.538,09:20.5,1.72399E+12,-121.8886853,37.70123317529881,71
-10,-92.3,477, 9:09:22.294,09:22.3,1.72399E+12,-121.8883845,37.70125412474849,71.26559356
-14.9,-89.4,477, 9:09:23.998,09:24.0,1.72399E+12,-121.8880442,37.70126682482483,72
-13.2,-99.2,477, 9:09:24.544,09:24.5,1.72399E+12,-121.887932,37.70126908,72
-14,-95.9,477, 9:09:26.574,09:26.6,1.72399E+12,-121.8875025,37.70127717817818,72
-15.3,-100.6,477, 9:09:27.292,09:27.3,1.72399E+12,-121.8873465,37.70128005941591,72
-12.4,-98.6,477, 9:09:28.999,09:29.0,1.72399E+12,-121.8869548,37.70128979821074,72
-12.8,-100.8,477, 9:09:30.684,09:30.7,1.72399E+12,-121.8865142,37.70131020837487,72.65104685942174
-11.4,-100,477, 9:09:31.289,09:31.3,1.72399E+12,-121.8863464,37.70131402926337,73
-14.4,-93.4,477, 9:09:31.844,09:31.8,1.72399E+12,-121.886184,37.70131626942482,73
-11.3,-92,477, 9:09:32.405,09:32.4,1.72399E+12,-121.8860156,37.701317,73
-16.3,-92.4,477, 9:09:32.955,09:33.0,1.72399E+12,-121.8858485,37.701317,73
-12.8,-97.3,477, 9:09:33.522,09:33.5,1.72399E+12,-121.8856693,37.701317,73
-11.7,-93.6,477, 9:09:34.254,09:34.3,1.72399E+12,-121.8854324,37.701317,73
-14.9,-92.3,477, 9:09:34.903,09:34.9,1.72399E+12,-121.8852132,37.701317,73
-18,-101.4,477, 9:09:35.407,09:35.4,1.72399E+12,-121.8850408,37.701317,73
-20.2,-102.9,477, 9:09:36.200,09:36.2,1.72399E+12,-121.8847655,37.70131631462926,73
-20.2,-102.9,477, 9:09:36.837,09:36.8,1.72399E+12,-121.8845363,37.701313761523046,73
-18.3,-108.7,477, 9:09:37.390,09:37.4,1.72399E+12,-121.8843349,37.701313,73
-18.4,-95.8,481, 9:09:37.934,09:37.9,1.72399E+12,-121.8841354,37.701313,73
-8.8,-98.2,481, 9:09:38.708,09:38.7,1.72399E+12,-121.8838408,37.701313,73.68368368368368
-17,-104.1,481, 9:09:39.305,09:39.3,1.72399E+12,-121.8836112,37.70131523681592,74
-9.4,-97,481, 9:09:39.946,09:39.9,1.72399E+12,-121.8833631,37.701320339303486,74
-11,-95.3,481, 9:09:40.468,09:40.5,1.72399E+12,-121.8831595,37.70132584839357,74
-14.4,-97,481, 9:09:41.002,09:41.0,1.72399E+12,-121.882951,37.701331745983936,74
-11.2,-95.1,481, 9:09:41.572,09:41.6,1.72399E+12,-121.8827253,37.70133636726547,74
-4.3,-78.5,481, 9:09:43.577,09:43.6,1.72399E+12,-121.881939,37.70134564428857,74.54809619238478
-7.7,-85.9,481, 9:09:44.832,09:44.8,1.72399E+12,-121.8814414,37.701347,75
-8.4,-92.2,481, 9:09:45.682,09:45.7,1.72399E+12,-121.8811101,37.7013496,75
-11.5,-88.6,481, 9:09:46.331,09:46.3,1.72399E+12,-121.8808551,37.701351,75
-8.9,-87.1,481, 9:09:48.575,09:48.6,1.72399E+12,-121.8799635,37.70134881268882,75
-11.4,-83.4,481, 9:09:49.087,09:49.1,1.72399E+12,-121.8797594,37.701347,75
-13.9,-94.8,481, 9:09:51.339,09:51.3,1.72399E+12,-121.8788662,37.70134275225677,75
-12.4,-87.6,481, 9:09:51.842,09:51.8,1.72399E+12,-121.8786659,37.70134073420261,75
-21.8,-86.6,481, 9:09:52.527,09:52.5,1.72399E+12,-121.8783944,37.70134200599401,75
-13.3,-92.8,481, 9:09:53.088,09:53.1,1.72399E+12,-121.8781724,37.70134468268268,75
-5,-82.3,152, 9:09:53.741,09:53.7,1.72399E+12,-121.8779129,37.70135187287287,75
-6.7,-89.8,152, 9:09:54.372,09:54.4,1.72399E+12,-121.8776652,37.701356386613384,75
-9.1,-81.5,152, 9:09:54.999,09:55.0,1.72399E+12,-121.8774215,37.70135889210789,75
-4.9,-69.8,152, 9:09:55.609,09:55.6,1.72399E+12,-121.8771914,37.70136302465483,75
-5.3,-72.4,152, 9:09:56.343,09:56.3,1.72399E+12,-121.8769141,37.701369695121954,75
-6.8,-68.6,152, 9:09:56.870,09:56.9,1.72399E+12,-121.8767144,37.70137612195122,75
-9.3,-80.9,152, 9:09:57.552,09:57.6,1.72399E+12,-121.8764535,37.70138171084337,75
-9.3,-80.9,152, 9:09:58.125,09:58.1,1.72399E+12,-121.8762343,37.70138583333333,75
-11.6,-77.9,152, 9:09:58.690,09:58.7,1.72399E+12,-121.8760208,37.70139031746032,75
-7.6,-79.6,152, 9:09:59.313,09:59.3,1.72399E+12,-121.875782,37.701394141141144,75
-9.2,-85.8,152, 9:09:59.866,09:59.9,1.72399E+12,-121.8755667,37.70139635535536,75
-10.9,-84.6,152, 9:10:00.372,10:00.4,1.72399E+12,-121.8753726,37.70139837587238,75
-8.3,-90,152, 9:10:01.123,10:01.1,1.72399E+12,-121.8750849,37.701401,75
-7.8,-79.1,152, 9:10:01.715,10:01.7,1.72399E+12,-121.8748484,37.701401,75
-7.3,-83.2,152, 9:10:02.410,10:02.4,1.72399E+12,-121.8745762,37.701401,74.61744301288404
-7.2,-82.9,152, 9:10:02.999,10:03.0,1.72399E+12,-121.8743491,37.701401,74.03369672943508
-7.2,-82.9,152, 9:10:04.003,10:04.0,1.72399E+12,-121.8739568,37.701401,74.97487437
-9.8,-79.1,152, 9:10:05.271,10:05.3,1.72399E+12,-121.8734618,37.70139906206206,74
-8.1,-85.4,152, 9:10:06.521,10:06.5,1.72399E+12,-121.8729667,37.70139103781094,74
-9.3,-93.8,152, 9:10:07.523,10:07.5,1.72399E+12,-121.8725739,37.70138704,74
-14.1,-95.9,152, 9:10:09.053,10:09.1,1.72399E+12,-121.8719634,37.70138488,74
-7.8,-80.4,152, 9:10:09.778,10:09.8,1.72399E+12,-121.8716798,37.70138273891626,74
-15.9,-102.3,152, 9:10:10.421,10:10.4,1.72399E+12,-121.8714257,37.70138042,74
-16,-104.6,152, 9:10:11.021,10:11.0,1.72399E+12,-121.871187,37.70137802004008,74
-17.9,-104.3,152, 9:10:11.574,10:11.6,1.72399E+12,-121.8709733,37.70137364647468,74
-17.5,-106.8,152, 9:10:12.409,10:12.4,1.72399E+12,-121.8706463,37.70136849147442,74
-15.9,-107.4,152, 9:10:12.929,10:12.9,1.72399E+12,-121.8704392,37.701366405215644,74
-18.3,-104.8,152, 9:10:13.509,10:13.5,1.72399E+12,-121.8702089,37.70136456012024,74
-19,-108.4,152, 9:10:14.175,10:14.2,1.72399E+12,-121.869946,37.701361827517445,74
-15.9,-99.9,230, 9:10:14.698,10:14.7,1.72399E+12,-121.8697431,37.70135766,74
-14.3,-98.8,230, 9:10:15.238,10:15.2,1.72399E+12,-121.8695314,37.70135417,74
-18.9,-108.3,230, 9:10:15.991,10:16.0,1.72399E+12,-121.869231,37.70135114070352,74
-24.4,-109.3,230, 9:10:16.494,10:16.5,1.72399E+12,-121.869031,37.701349126126125,74
-20.3,-107.5,230, 9:10:17.059,10:17.1,1.72399E+12,-121.8688066,37.70134689840637,74
-15.8,-95.4,337, 9:10:17.569,10:17.6,1.72399E+12,-121.8686049,37.70134537450199,74
-8.2,-95.7,337, 9:10:18.137,10:18.1,1.72399E+12,-121.8683802,37.70134356756757,74
-11.1,-91.8,337, 9:10:18.966,10:19.0,1.72399E+12,-121.8680516,37.70134024824825,74
-15.5,-100.8,337, 9:10:19.495,10:19.5,1.72399E+12,-121.8678407,37.70134,74
-15.3,-101.5,337, 9:10:20.155,10:20.2,1.72399E+12,-121.8675779,37.70133947462687,74
-15.5,-103.9,337, 9:10:20.717,10:20.7,1.72399E+12,-121.8673559,37.70133723781095,74
-18.9,-99.5,181, 9:10:21.302,10:21.3,1.72399E+12,-121.8671241,37.70133489959839,74
-15.3,-102.2,181, 9:10:21.862,10:21.9,1.72399E+12,-121.8669014,37.70133265060241,74
-18.8,-104.1,181, 9:10:22.366,10:22.4,1.72399E+12,-121.8667019,37.70133063880597,74
-14.9,-97.2,181, 9:10:22.906,10:22.9,1.72399E+12,-121.8664886,37.70132848955224,74
-18.3,-97.3,181, 9:10:23.572,10:23.6,1.72399E+12,-121.8662238,37.701325821464394,74
-15.6,-101.5,181, 9:10:24.166,10:24.2,1.72399E+12,-121.865987,37.701323577039275,74
-18.8,-107.8,181, 9:10:24.686,10:24.7,1.72399E+12,-121.8657791,37.70132201,74
-13.2,-100.7,73, 9:10:25.225,10:25.2,1.72399E+12,-121.8655647,37.701320178464606,74
-13.5,-101.6,73, 9:10:25.741,10:25.7,1.72399E+12,-121.8653609,37.701318120638085,74
-12.9,-101.9,73, 9:10:26.412,10:26.4,1.72399E+12,-121.8650962,37.70131545084409,74
-15.1,-101.7,73, 9:10:26.991,10:27.0,1.72399E+12,-121.864868,37.70131315094339,74
-16.8,-103.7,73, 9:10:27.692,10:27.7,1.72399E+12,-121.8645895,37.70131034534535,74
-16.1,-104.3,73, 9:10:28.377,10:28.4,1.72399E+12,-121.8643176,37.701307605394604,74
-14.1,-103.2,73, 9:10:28.941,10:28.9,1.72399E+12,-121.8640939,37.70130535164835,74
-14.2,-101.9,73, 9:10:29.464,10:29.5,1.72399E+12,-121.8638854,37.70130368,74
-18.2,-104.4,73, 9:10:29.975,10:30.0,1.72399E+12,-121.8636814,37.701302139112904,74
-15.3,-103.3,73, 9:10:30.937,10:30.9,1.72399E+12,-121.8633022,37.70129836507937,74
-17.4,-104.4,73, 9:10:31.522,10:31.5,1.72399E+12,-121.8630693,37.70129601809045,74
-17.3,-106.8,73, 9:10:32.048,10:32.0,1.72399E+12,-121.8628596,37.701294,74
-18.4,-107.8,73, 9:10:32.605,10:32.6,1.72399E+12,-121.8626421,37.701294,74
-18.4,-102.2,73, 9:10:33.159,10:33.2,1.72399E+12,-121.8624241,37.701293446766165,74
-22.5,-105.8,73, 9:10:33.697,10:33.7,1.72399E+12,-121.8622079,37.70129130547264,74
-18.6,-104.9,181, 9:10:34.209,10:34.2,1.72399E+12,-121.8620044,37.70128926326326,74
-17.8,-107.3,181, 9:10:34.749,10:34.7,1.72399E+12,-121.8617941,37.7012871,74
-17.8,-103.3,181, 9:10:35.338,10:35.3,1.72399E+12,-121.8615625,37.70128505894106,74
-20.4,-106.9,181, 9:10:35.945,10:35.9,1.72399E+12,-121.8613217,37.70128323976024,74
-17.4,-105.1,181, 9:10:36.583,10:36.6,1.72399E+12,-121.861068,37.70128076352705,74
-15.9,-103,181, 9:10:37.184,10:37.2,1.72399E+12,-121.8608291,37.70127964593781,74
-17.4,-106.8,181, 9:10:37.828,10:37.8,1.72399E+12,-121.8605733,37.70128222968906,74
-21.4,-99.6,181, 9:10:38.342,10:38.3,1.72399E+12,-121.8603699,37.70128396023857,74
-13.8,-95.8,181, 9:10:39.000,10:39.0,1.72399E+12,-121.8601103,37.70128592246521,74
-17.8,-98.6,181, 9:10:39.587,10:39.6,1.72399E+12,-121.8598739,37.70128823283582,74
-13.3,-89.8,181, 9:10:40.106,10:40.1,1.72399E+12,-121.8596652,37.70129,74
-14,-101.1,73, 9:10:41.326,10:41.3,1.72399E+12,-121.8591821,37.70129,74
-15.8,-101.2,73, 9:10:41.834,10:41.8,1.72399E+12,-121.8589841,37.70129,74
-18.8,-103.3,73, 9:10:42.420,10:42.4,1.72399E+12,-121.8587526,37.70128722522522,74
-17.9,-104.8,73, 9:10:43.059,10:43.1,1.72399E+12,-121.8584987,37.70128285628742,74
-20.9,-104.3,73, 9:10:43.620,10:43.6,1.72399E+12,-121.8582765,37.70128061676647,74
-18.8,-105.4,73, 9:10:44.409,10:44.4,1.72399E+12,-121.8579643,37.70127441492537,74
-19.8,-101.6,73, 9:10:44.915,10:44.9,1.72399E+12,-121.8577644,37.70126837313433,74
-22.9,-101.9,73, 9:10:45.514,10:45.5,1.72399E+12,-121.8575268,37.70126505817452,74
-13.6,-94.9,181, 9:10:46.543,10:46.5,1.72399E+12,-121.8571167,37.70125936253776,74
-14.8,-96.4,181, 9:10:47.127,10:47.1,1.72399E+12,-121.8568839,37.70125557581764,74
-17.3,-96.7,181, 9:10:47.974,10:48.0,1.72399E+12,-121.8565506,37.70125221803766,74
-17.8,-91.6,181, 9:10:48.523,10:48.5,1.72399E+12,-121.8563342,37.701250031872505,74
-20.1,-103.4,181, 9:10:49.255,10:49.3,1.72399E+12,-121.8560446,37.701246441323974,74
-12.7,-100.9,181, 9:10:49.831,10:49.8,1.72399E+12,-121.8558152,37.70124239719158,74
-12.8,-101.6,181, 9:10:50.412,10:50.4,1.72399E+12,-121.855584,37.70123946893788,74
-15.7,-102.1,181, 9:10:50.917,10:50.9,1.72399E+12,-121.8553832,37.70123744488978,74
-16.3,-100,181, 9:10:51.434,10:51.4,1.72399E+12,-121.855178,37.70123375524475,74
-14.3,-95.2,181, 9:10:52.059,10:52.1,1.72399E+12,-121.85493,37.701228879275654,74
-15.4,-96.7,181, 9:10:52.700,10:52.7,1.72399E+12,-121.8546747,37.70122629979879,74
-15.1,-95,181, 9:10:53.340,10:53.3,1.72399E+12,-121.8544208,37.70122373830846,74
-19.8,-100.5,181, 9:10:53.960,10:54.0,1.72399E+12,-121.8541759,37.70122127064676,74
-18.8,-99.3,181, 9:10:54.477,10:54.5,1.72399E+12,-121.8539709,37.70121965434565,74
-12.2,-93.8,90, 9:10:54.983,10:55.0,1.72399E+12,-121.8537702,37.701218137862135,74
-20,-103.3,90, 9:10:55.664,10:55.7,1.72399E+12,-121.8534991,37.70121545235707,74
-20,-103.3,90, 9:10:56.297,10:56.3,1.72399E+12,-121.8532481,37.701212920318724,74.26992032
-15.9,-93.2,73, 9:10:56.848,10:56.8,1.72399E+12,-121.8530308,37.70121072509961,74.8187251
-13.9,-94.6,73, 9:10:57.518,10:57.5,1.72399E+12,-121.8527649,37.701208044088176,75
-15.9,-93.3,73, 9:10:58.266,10:58.3,1.72399E+12,-121.8524666,37.701206,75
-16.6,-92.4,73, 9:10:58.834,10:58.8,1.72399E+12,-121.8522388,37.701206,75
-14.2,-91.2,73, 9:10:59.384,10:59.4,1.72399E+12,-121.852021,37.701206,75.36273538156591
-12.6,-91.7,73, 9:10:59.999,11:00.0,1.72399E+12,-121.851779,37.701206,75.97224975222993
-15.1,-93,73, 9:11:00.831,11:00.8,1.72399E+12,-121.8514458,37.701206,76
-15.1,-93,73, 9:11:01.411,11:01.4,1.72399E+12,-121.851211,37.70120448539778,76
-14.7,-87.9,73, 9:11:01.972,11:02.0,1.72399E+12,-121.8509828,37.70120222557905,76
-12.1,-87.1,73, 9:11:02.682,11:02.7,1.72399E+12,-121.8506957,37.701202,76
-14.3,-87.2,73, 9:11:03.330,11:03.3,1.72399E+12,-121.8504337,37.7012011,76
-13.4,-89.8,73, 9:11:03.997,11:04.0,1.72399E+12,-121.8501639,37.7011991,76
-13.9,-90.2,73, 9:11:04.591,11:04.6,1.72399E+12,-121.8499235,37.701199,76
-12.3,-93.9,73, 9:11:05.317,11:05.3,1.72399E+12,-121.8496293,37.701199,76
-14,-90.2,73, 9:11:05.948,11:05.9,1.72399E+12,-121.8493732,37.701199,76
-14,-90.2,73, 9:11:06.671,11:06.7,1.72399E+12,-121.8490769,37.701199,76
-16.1,-86.4,73, 9:11:07.288,11:07.3,1.72399E+12,-121.848825,37.70119796088265,76.25977933801404
-14.2,-87,73, 9:11:07.826,11:07.8,1.72399E+12,-121.848607,37.70119580240722,76.79939819458374
-11.6,-84.6,73, 9:11:08.578,11:08.6,1.72399E+12,-121.8483034,37.701192796407184,77
-11.1,-84.6,73, 9:11:09.288,11:09.3,1.72399E+12,-121.8480147,37.70118995791583,77
-10.3,-81.7,73, 9:11:09.973,11:10.0,1.72399E+12,-121.8477319,37.70118721242485,77
-12.8,-83.6,73, 9:11:10.520,11:10.5,1.72399E+12,-121.8475099,37.70118502,77
-13.6,-79.4,73, 9:11:11.101,11:11.1,1.72399E+12,-121.8472748,37.701182775449105,77
-11.7,-78.4,73, 9:11:11.635,11:11.6,1.72399E+12,-121.8470595,37.701181176646706,77
-11.7,-82.8,73, 9:11:12.219,11:12.2,1.72399E+12,-121.8468237,37.70117923446894,77
-9.6,-80.8,73, 9:11:13.177,11:13.2,1.72399E+12,-121.8464352,37.70117479920477,77
-10.9,-81.5,73, 9:11:14.137,11:14.1,1.72399E+12,-121.8460423,37.70116757831325,77
-11.9,-89.1,73, 9:11:14.694,11:14.7,1.72399E+12,-121.8458158,37.70116534136546,77
-15.1,-86.9,73, 9:11:15.244,11:15.2,1.72399E+12,-121.8455927,37.70116249,77
-14.1,-86.7,73, 9:11:15.984,11:16.0,1.72399E+12,-121.8452938,37.70115731,77
-13.7,-85.4,73, 9:11:16.587,11:16.6,1.72399E+12,-121.8450502,37.70115476,77
-15.7,-83.7,73, 9:11:17.240,11:17.2,1.72399E+12,-121.8447844,37.70115214944834,77
-13.1,-84.1,73, 9:11:17.978,11:18.0,1.72399E+12,-121.8444794,37.70114919,77
-9.1,-85.4,73, 9:11:18.498,11:18.5,1.72399E+12,-121.8442686,37.70114710989011,77
-13.1,-86.1,73, 9:11:19.235,11:19.2,1.72399E+12,-121.8439708,37.70114354137587,77.20837487537388
-10.1,-86,73, 9:11:19.897,11:19.9,1.72399E+12,-121.8437042,37.70113892123629,77.86839481555334
-10.1,-86,73, 9:11:20.439,11:20.4,1.72399E+12,-121.8434831,37.701138,78
-11.1,-84.4,73, 9:11:21.094,11:21.1,1.72399E+12,-121.8432152,37.70113753081511,78
-14.4,-84.9,73, 9:11:22.344,11:22.3,1.72399E+12,-121.8427102,37.70112877451972,78
-11.5,-82.3,73, 9:11:24.100,11:24.1,1.72399E+12,-121.8419975,37.70112172316951,79
-11.4,-79.9,73, 9:11:24.998,11:25.0,1.72399E+12,-121.8416264,37.70111812036109,79
-9.3,-78.4,73, 9:11:26.709,11:26.7,1.72399E+12,-121.8409342,37.701112278721276,79.68031968031968
-11.1,-68.1,73, 9:11:27.362,11:27.4,1.72399E+12,-121.8406703,37.70110966666667,80
-13.3,-75.9,73, 9:11:27.906,11:27.9,1.72399E+12,-121.8404503,37.70110748848849,80
-10.4,-69.2,73, 9:11:28.643,11:28.6,1.72399E+12,-121.8401494,37.701107,80
-8.7,-71.1,73, 9:11:29.384,11:29.4,1.72399E+12,-121.8398465,37.70110418548387,80
-10.6,-66.9,73, 9:11:30.002,11:30.0,1.72399E+12,-121.8395942,37.701099201612905,80
-15,-66.5,73, 9:11:30.546,11:30.5,1.72399E+12,-121.8393752,37.70109744920319,80
-12.9,-69.1,73, 9:11:31.153,11:31.2,1.72399E+12,-121.8391292,37.701095506572294,80.12335692618807
-14.7,-66.4,73, 9:11:31.670,11:31.7,1.72399E+12,-121.8389138,37.701093415571286,80.64610717896865
-11.1,-71.6,73, 9:11:32.267,11:32.3,1.72399E+12,-121.8386691,37.70109102081269,81
-9.1,-71.9,73, 9:11:32.903,11:32.9,1.72399E+12,-121.8384144,37.70108849950446,81
-13.8,-75.9,73, 9:11:34.154,11:34.2,1.72399E+12,-121.8379064,37.701083489531406,81.12761714855434
-12.5,-78.4,73, 9:11:34.826,11:34.8,1.72399E+12,-121.8376304,37.70108080957129,81.79760718
-13.8,-76,73, 9:11:35.402,11:35.4,1.72399E+12,-121.8373956,37.70107887537688,82
-14.5,-72.5,73, 9:11:35.908,11:35.9,1.72399E+12,-121.8371901,37.70107734974874,82
-9.6,-72.3,73, 9:11:36.605,11:36.6,1.72399E+12,-121.8369087,37.70107468063872,82
-14.1,-76.5,73, 9:11:37.385,11:37.4,1.72399E+12,-121.8365918,37.701071571144276,82
-10.7,-77.4,73, 9:11:37.998,11:38.0,1.72399E+12,-121.8363405,37.70106913134328,82
-13.1,-70.7,73, 9:11:38.676,11:38.7,1.72399E+12,-121.8360647,37.701069,82.64759036144578
-14.8,-72.7,73, 9:11:39.333,11:39.3,1.72399E+12,-121.8357984,37.701067775999995,83
-10.6,-69.8,73, 9:11:40.998,11:41.0,1.72399E+12,-121.8351261,37.701065,83.97002997002997
-12.1,-70.9,73, 9:11:41.574,11:41.6,1.72399E+12,-121.8348938,37.70106282,84
-12.1,-70.9,73, 9:11:42.336,11:42.3,1.72399E+12,-121.8345854,37.70105977665996,84
-15.9,-78.1,73, 9:11:43.000,11:43.0,1.72399E+12,-121.8343156,37.701057104627765,84
-22.5,-84.3,73, 9:11:44.338,11:44.3,1.72399E+12,-121.8337765,37.70105277755511,85
-9.6,-66.3,170, 9:11:45.034,11:45.0,1.72399E+12,-121.8334948,37.701049988023954,85.00299401197604
-9.3,-62.9,170, 9:11:46.839,11:46.8,1.72399E+12,-121.8327643,37.70104276305221,86
-12.3,-65.4,170, 9:11:48.999,11:49.0,1.72399E+12,-121.8318919,37.7010351,87
-10.3,-76.8,170, 9:11:50.338,11:50.3,1.72399E+12,-121.831347,37.701033742742744,88
-10.5,-70.9,170, 9:11:51.333,11:51.3,1.72399E+12,-121.8309455,37.701029767395625,88.30815109343936
-16.1,-72.5,170, 9:11:51.998,11:52.0,1.72399E+12,-121.8306784,37.70102712326044,88.96918489065607
-13.4,-79.3,170, 9:11:53.563,11:53.6,1.72399E+12,-121.8300456,37.70102086773547,89
-11,-75.4,170, 9:11:54.085,11:54.1,1.72399E+12,-121.8298342,37.70101877464789,89.05633802816901
-12.8,-76.3,170, 9:11:54.616,11:54.6,1.72399E+12,-121.8296184,37.70101663782696,89.59054325955735
-10.4,-74.6,170, 9:11:55.224,11:55.2,1.72399E+12,-121.8293727,37.70101358450704,90
-11.1,-75.3,170, 9:11:55.918,11:55.9,1.72399E+12,-121.8290955,37.7010087,90
-10.1,-81.9,170, 9:11:56.563,11:56.6,1.72399E+12,-121.8288368,37.70100583548067,90.54112983151636
-13.5,-85.8,170, 9:11:57.202,11:57.2,1.72399E+12,-121.8285798,37.70100329458918,91
-16,-87.4,170, 9:11:57.851,11:57.9,1.72399E+12,-121.828317,37.701000693386774,91
-11.2,-97.4,170, 9:11:58.412,11:58.4,1.72399E+12,-121.8280939,37.70099845725646,91
-14.4,-90.8,170, 9:11:59.030,11:59.0,1.72399E+12,-121.82785,37.700996,91
-12.3,-92.8,170, 9:11:59.671,11:59.7,1.72399E+12,-121.8275889,37.70099406149193,91.64616935
-16.1,-92.3,170, 9:12:00.411,12:00.4,1.72399E+12,-121.8272923,37.70099145174129,92
-19.8,-99.4,170, 9:12:00.974,12:01.0,1.72399E+12,-121.8270699,37.700989210945274,92
-14.1,-99.9,170, 9:12:01.509,12:01.5,1.72399E+12,-121.8268531,37.70098706036217,92
-12.1,-99.3,170, 9:12:02.270,12:02.3,1.72399E+12,-121.8265471,37.700985,92
-12.1,-98.4,170, 9:12:02.996,12:03.0,1.72399E+12,-121.8262618,37.700985,92
-17.2,-102.6,170, 9:12:03.963,12:04.0,1.72399E+12,-121.8258703,37.70098126078235,92
-13.1,-101.4,170, 9:12:04.922,12:04.9,1.72399E+12,-121.8254905,37.700981,92
-16.6,-102.4,170, 9:12:05.436,12:05.4,1.72399E+12,-121.8252828,37.70097937424547,92
-15.1,-104.9,170, 9:12:05.998,12:06.0,1.72399E+12,-121.8250544,37.70097711267606,92
-12.5,-100.9,170, 9:12:06.607,12:06.6,1.72399E+12,-121.8248123,37.70097526,92
-15.1,-103.4,170, 9:12:07.163,12:07.2,1.72399E+12,-121.8245908,37.70097345363909,92.13659022931206
-12.5,-103.4,170, 9:12:07.812,12:07.8,1.72399E+12,-121.8243294,37.70097086540379,92.78364905284147
-19.9,-105.8,170, 9:12:08.366,12:08.4,1.72399E+12,-121.8241082,37.70096865,93
-12.7,-105.6,170, 9:12:09.998,12:10.0,1.72399E+12,-121.8234516,37.70096210452261,93
-13.8,-104.5,170, 9:12:11.657,12:11.7,1.72399E+12,-121.8227843,37.70095546410516,93
-17.5,-110.4,170, 9:12:12.301,12:12.3,1.72399E+12,-121.822526,37.70095316071429,92.7202381
-18.5,-113.8,170, 9:12:12.965,12:13.0,1.72399E+12,-121.8222598,37.70095118452381,92.06150793650794
-16.1,-110.6,170, 9:12:13.611,12:13.6,1.72399E+12,-121.8219984,37.700951,92
-16.8,-109.8,170, 9:12:14.408,12:14.4,1.72399E+12,-121.8216752,37.70094792184369,92
-15.1,-108.6,170, 9:12:14.954,12:15.0,1.72399E+12,-121.8214536,37.70094354509018,92
-14.6,-109.6,170, 9:12:15.562,12:15.6,1.72399E+12,-121.8212085,37.700943,91.46161515453639
-16,-110.4,170, 9:12:16.096,12:16.1,1.72399E+12,-121.8209935,37.70094271825397,91
-17.4,-111.7,453, 9:12:16.612,12:16.6,1.72399E+12,-121.8207867,37.70094067063492,91
-20.8,-114.4,453, 9:12:17.156,12:17.2,1.72399E+12,-121.820568,37.700938506519556,91
-17,-110.4,82, 9:12:17.683,12:17.7,1.72399E+12,-121.820354,37.70093639217653,91
-23.6,-112.4,82, 9:12:18.298,12:18.3,1.72399E+12,-121.8201064,37.700935,91
-21.3,-115,170, 9:12:18.813,12:18.8,1.72399E+12,-121.8199017,37.700935,91
-20.6,-113.6,170, 9:12:19.396,12:19.4,1.72399E+12,-121.8196668,37.700933887775555,91
-22.3,-114.1,170, 9:12:20.004,12:20.0,1.72399E+12,-121.8194201,37.700932060120245,91
-15.4,-109.3,364, 9:12:20.674,12:20.7,1.72399E+12,-121.8191556,37.70092941035856,91
-17.7,-111.5,364, 9:12:21.549,12:21.5,1.72399E+12,-121.8188048,37.70092382782783,90.47847847847848
-24.8,-121.8,364, 9:12:22.296,12:22.3,1.72399E+12,-121.8185021,37.70091892184369,90
-11,-107.1,26, 9:12:22.804,12:22.8,1.72399E+12,-121.8182965,37.70091688577154,90
-27,-124.9,26, 9:12:24.587,12:24.6,1.72399E+12,-121.8175828,37.70091031,91
-23.8,-120,170, 9:12:25.549,12:25.5,1.72399E+12,-121.8171978,37.70090690268123,91.52432969215492
-17,-111.3,170, 9:12:26.800,12:26.8,1.72399E+12,-121.8167016,37.700905,92
-14.8,-107.3,170, 9:12:28.003,12:28.0,1.72399E+12,-121.8162153,37.700901072289156,92.98192771084338
-17.5,-112.6,170, 9:12:28.679,12:28.7,1.72399E+12,-121.8159488,37.70089838888889,93
-19.2,-115.1,170, 9:12:30.922,12:30.9,1.72399E+12,-121.8150614,37.70089076769691,94
-23.3,-118.6,170, 9:12:32.306,12:32.3,1.72399E+12,-121.814511,37.700888891326024,95.27716849451645
-27.6,-121.4,170, 9:12:33.445,12:33.4,1.72399E+12,-121.8140597,37.70088434068136,96
-20.5,-111.1,12, 9:12:34.300,12:34.3,1.72399E+12,-121.8137219,37.700880911646586,96.27208835341365
-17.4,-111.4,12, 9:12:36.013,12:36.0,1.72399E+12,-121.8130499,37.70087407936508,97
-19,-111.9,12, 9:12:36.549,12:36.5,1.72399E+12,-121.8128405,37.70087244578313,97.51807228915662
-20.9,-112.1,12, 9:12:38.541,12:38.5,1.72399E+12,-121.8120568,37.70086495190381,98
-9.8,-96.2,42, 9:12:39.300,12:39.3,1.72399E+12,-121.8117609,37.700861908726175,98
-18.8,-110.7,42, 9:12:41.004,12:41.0,1.72399E+12,-121.8110901,37.700855091816365,98
-16.1,-109.5,42, 9:12:42.296,12:42.3,1.72399E+12,-121.8105842,37.70085018507463,98
-16,-100.8,42, 9:12:42.891,12:42.9,1.72399E+12,-121.8103491,37.700848408955224,98
-17.9,-102.7,42, 9:12:43.489,12:43.5,1.72399E+12,-121.810112,37.700848,98
-20.1,-111.4,42, 9:12:44.020,12:44.0,1.72399E+12,-121.8099012,37.700848,98
-18.4,-110.1,42, 9:12:44.666,12:44.7,1.72399E+12,-121.8096488,37.70084544,98
-14.4,-102.9,42, 9:12:45.393,12:45.4,1.72399E+12,-121.809364,37.70084253571428,98
-12.3,-98.8,42, 9:12:45.964,12:46.0,1.72399E+12,-121.8091397,37.70084026984127,98
-11.2,-102.8,42, 9:12:46.557,12:46.6,1.72399E+12,-121.8089066,37.70084,98
-14.3,-102.4,42, 9:12:47.143,12:47.1,1.72399E+12,-121.808676,37.70083952542373,98
-7.4,-91.3,245, 9:12:47.682,12:47.7,1.72399E+12,-121.8084632,37.70083737587238,98
-8,-90.6,245, 9:12:48.409,12:48.4,1.72399E+12,-121.8081749,37.70083446740221,98
-14.1,-94.6,245, 9:12:49.341,12:49.3,1.72399E+12,-121.8078047,37.70083105278884,98
-13.3,-88.8,245, 9:12:49.845,12:49.8,1.72399E+12,-121.8076054,37.70082954681275,98
-10.4,-91.3,245, 9:12:50.579,12:50.6,1.72399E+12,-121.8073141,37.70082678936811,98
-12.2,-81.4,245, 9:12:52.175,12:52.2,1.72399E+12,-121.8066806,37.70081980277502,98
-12.1,-80.3,245, 9:12:52.732,12:52.7,1.72399E+12,-121.8064614,37.700815386521306,98
-14.2,-87.1,245, 9:12:53.345,12:53.3,1.72399E+12,-121.8062184,37.70081174,97.68611670020121
-13.2,-80.6,245, 9:12:53.867,12:53.9,1.72399E+12,-121.8060099,37.70080964386318,97.16096579476861
-13.8,-81.1,245, 9:12:54.612,12:54.6,1.72399E+12,-121.8057087,37.70080723795181,97
-14.8,-79.9,245, 9:12:55.216,12:55.2,1.72399E+12,-121.8054658,37.700805232604374,97
-13.9,-80,245, 9:12:55.718,12:55.7,1.72399E+12,-121.8052677,37.70080323658052,97
-15.3,-91.3,245, 9:12:56.317,12:56.3,1.72399E+12,-121.8050313,37.70080085144566,97
-9.8,-83.6,245, 9:12:56.872,12:56.9,1.72399E+12,-121.8048122,37.70079863808574,97
-9.9,-87.9,245, 9:12:58.205,12:58.2,1.72399E+12,-121.8042736,37.70079329083666,97
-5.8,-89.1,245, 9:12:58.857,12:58.9,1.72399E+12,-121.8040158,37.70079069322709,97
-9.7,-90.5,245, 9:12:59.401,12:59.4,1.72399E+12,-121.8037959,37.70078888,97
-11.9,-88.3,245, 9:13:01.160,13:01.2,1.72399E+12,-121.8030861,37.70078248,98
-9.1,-84.4,245, 9:13:03.153,13:03.2,1.72399E+12,-121.80228,37.70077850453172,98
-14.2,-86.9,245, 9:13:03.654,13:03.7,1.72399E+12,-121.8020761,37.700776486404834,98
-11.8,-89.2,245, 9:13:05.660,13:05.7,1.72399E+12,-121.801267,37.70076911368209,97
-13.7,-91.8,245, 9:13:06.908,13:06.9,1.72399E+12,-121.8007597,37.70076446277666,97
-19.1,-108.1,245, 9:13:08.002,13:08.0,1.72399E+12,-121.8003084,37.70076007221665,97
-14.9,-98,12, 9:13:08.653,13:08.7,1.72399E+12,-121.8000479,37.70075750049358,97
-18,-99.5,12, 9:13:10.348,13:10.3,1.72399E+12,-121.7993611,37.70075072889772,97
-18,-98.9,12, 9:13:11.772,13:11.8,1.72399E+12,-121.7987759,37.70074574157303,97
-13.6,-90.3,306, 9:13:12.361,13:12.4,1.72399E+12,-121.7985373,37.700742259624874,97
-12.1,-89.9,306, 9:13:13.036,13:13.0,1.72399E+12,-121.7982674,37.70073696403596,97
-14.9,-92.8,306, 9:13:14.217,13:14.2,1.72399E+12,-121.7977894,37.70073224701195,97
-16.9,-97.7,306, 9:13:14.969,13:15.0,1.72399E+12,-121.7974809,37.70072925099602,97
-15.3,-95.6,306, 9:13:15.524,13:15.5,1.72399E+12,-121.7972549,37.70072751807229,97
-14.9,-96.6,306, 9:13:16.025,13:16.0,1.72399E+12,-121.7970512,37.700726009036146,97
-17.9,-98.6,306, 9:13:16.681,13:16.7,1.72399E+12,-121.7967865,37.70072339060939,97
-15.4,-95.6,306, 9:13:17.217,13:17.2,1.72399E+12,-121.7965678,37.70072124040404,97
-17.7,-95,306, 9:13:17.934,13:17.9,1.72399E+12,-121.7962694,37.700718343434346,97
-12.2,-89.6,424, 9:13:18.500,13:18.5,1.72399E+12,-121.7960412,37.70071609126984,96.52281746031746
-8.6,-85.4,424, 9:13:19.001,13:19.0,1.72399E+12,-121.7958404,37.700714103174604,96.02579365079364
-11.2,-86.9,424, 9:13:19.692,13:19.7,1.72399E+12,-121.7955612,37.70071134530938,96
-12.4,-88,424, 9:13:20.413,13:20.4,1.72399E+12,-121.7952663,37.700707303911734,96.38515547
-11.9,-85.3,424, 9:13:21.676,13:21.7,1.72399E+12,-121.7947517,37.70068812437811,97
-10,-81,424, 9:13:23.678,13:23.7,1.72399E+12,-121.7939553,37.70059846184341,98
-11.1,-84.3,424, 9:13:24.962,13:25.0,1.72399E+12,-121.7934532,37.70050238,98.93273092369478
-8.4,-82.8,424, 9:13:26.214,13:26.2,1.72399E+12,-121.7929726,37.70039662173038,100.18611670020121
-10.8,-84.1,424, 9:13:27.414,13:27.4,1.72399E+12,-121.7925071,37.700289135593216,101
-9.8,-81.5,424, 9:13:28.216,13:28.2,1.72399E+12,-121.7922,37.70021721421421,101.1901901901902
-11.4,-78.1,424, 9:13:29.217,13:29.2,1.72399E+12,-121.7918105,37.700133154536395,102
-12.8,-67.8,424, 9:13:30.693,13:30.7,1.72399E+12,-121.7912371,37.70000608408409,102.66566566566567
-11.4,-65.8,424, 9:13:31.209,13:31.2,1.72399E+12,-121.7910366,37.69996280318092,103
-14.4,-69.2,424, 9:13:31.770,13:31.8,1.72399E+12,-121.7908197,37.69991596023857,103
-9.8,-64.9,424, 9:13:32.350,13:32.3,1.72399E+12,-121.7905936,37.69986713017155,103
-11.3,-67.8,424, 9:13:32.937,13:32.9,1.72399E+12,-121.7903632,37.699817374369324,103
-8.6,-65.3,424, 9:13:33.550,13:33.5,1.72399E+12,-121.7901252,37.69976809,103
-8.8,-68.3,424, 9:13:34.179,13:34.2,1.72399E+12,-121.7898813,37.69971898,103
-9.6,-68.1,424, 9:13:34.924,13:34.9,1.72399E+12,-121.7895915,37.699664592000005,103
-9.8,-66.8,424, 9:13:35.458,13:35.5,1.72399E+12,-121.7893827,37.699630611670024,103.43259557344065
-9.3,-67.6,424, 9:13:36.203,13:36.2,1.72399E+12,-121.7890906,37.69958719265144,104
-10.2,-70.8,424, 9:13:36.846,13:36.8,1.72399E+12,-121.7888371,37.69955590466733,104
-13.3,-73.6,424, 9:13:37.421,13:37.4,1.72399E+12,-121.7886116,37.69953201408451,104
-8.6,-66.3,424, 9:13:37.931,13:37.9,1.72399E+12,-121.788412,37.69951251710261,104
-9.5,-64.4,424, 9:13:38.735,13:38.7,1.72399E+12,-121.7880939,37.69949265668663,104
-15.7,-67.3,424, 9:13:39.693,13:39.7,1.72399E+12,-121.7877133,37.699475959919845,104
-14.9,-76.9,12, 9:13:41.896,13:41.9,1.72399E+12,-121.7868318,37.69948059,104
-7.9,-68.1,12, 9:13:44.239,13:44.2,1.72399E+12,-121.7858981,37.699542223330006,104
-10.1,-75.1,12, 9:13:45.433,13:45.4,1.72399E+12,-121.7854214,37.699583600000004,104.4
-9.4,-78.4,12, 9:13:46.233,13:46.2,1.72399E+12,-121.7850987,37.69961088135593,105
-8.9,-82.3,12, 9:13:47.433,13:47.4,1.72399E+12,-121.7846193,37.699652098690834,105.40281973816717
-8.8,-78.7,12, 9:13:48.688,13:48.7,1.72399E+12,-121.784116,37.69969280059821,106.66001994017947
-12.6,-88.7,12, 9:13:50.682,13:50.7,1.72399E+12,-121.7833159,37.69976401611279,107.65760322255791
-11.1,-88.7,12, 9:13:51.817,13:51.8,1.72399E+12,-121.7828614,37.69980281547619,108.78869047619048
-13.6,-94.1,12, 9:13:52.384,13:52.4,1.72399E+12,-121.7826338,37.69982218218623,109
-15.9,-97.1,12, 9:13:52.991,13:53.0,1.72399E+12,-121.7823898,37.69984307,109
-16.4,-97.8,12, 9:13:54.263,13:54.3,1.72399E+12,-121.7818808,37.69989091,110
-16.5,-98.8,12, 9:13:54.911,13:54.9,1.72399E+12,-121.7816175,37.69991301003009,110
-22.6,-98.3,12, 9:13:55.478,13:55.5,1.72399E+12,-121.781388,37.699932315315316,110.45045045045045
-18.6,-97.1,12, 9:13:56.006,13:56.0,1.72399E+12,-121.7811745,37.69995028528528,110.97897897897897
-16.2,-98.4,12, 9:13:56.527,13:56.5,1.72399E+12,-121.7809685,37.69996841293533,111
-10.6,-92,12, 9:13:57.099,13:57.1,1.72399E+12,-121.7807419,37.69998828028028,111.06706706706707
-17.9,-100.6,12, 9:13:58.000,13:58.0,1.72399E+12,-121.7803775,37.700018944944944,111.96896896896897
-19.6,-98.6,12, 9:13:58.511,13:58.5,1.72399E+12,-121.7801695,37.70003645,112
-11.1,-90,268, 9:13:59.116,13:59.1,1.72399E+12,-121.7799233,37.70005753753754,112.09309309309309
-19.4,-96.6,268, 9:13:59.997,14:00.0,1.72399E+12,-121.7795661,37.70009104904905,112.97497497497497
-13.4,-94.8,268, 9:14:00.692,14:00.7,1.72399E+12,-121.7792816,37.70011531013917,113
-13.4,-94.8,268, 9:14:01.263,14:01.3,1.72399E+12,-121.7790503,37.700135992950656,113.23665659617322
-15,-94.6,268, 9:14:03.515,14:03.5,1.72399E+12,-121.7781465,37.70021748545637,114.4864593781344
-13.1,-91,268, 9:14:04.269,14:04.3,1.72399E+12,-121.7778409,37.70024547847848,115.24224224224224
-16.8,-91.6,268, 9:14:05.998,14:06.0,1.72399E+12,-121.7771437,37.700308715705766,116
-12.9,-89.5,268, 9:14:06.767,14:06.8,1.72399E+12,-121.7768376,37.70034387775551,116
-15.9,-85.3,268, 9:14:07.513,14:07.5,1.72399E+12,-121.7765373,37.700377800401206,116.48445336008024
-14.4,-87.4,268, 9:14:09.691,14:09.7,1.72399E+12,-121.7756569,37.70048608525577,117
-14.9,-84.5,268, 9:14:10.268,14:10.3,1.72399E+12,-121.7754247,37.700518684052156,117
-15.9,-83.4,268, 9:14:11.776,14:11.8,1.72399E+12,-121.7748189,37.70061094884654,116.24674022066199
-11.9,-79.6,268, 9:14:12.376,14:12.4,1.72399E+12,-121.7745771,37.70064882738095,116
-11.4,-80.8,268, 9:14:13.070,14:13.1,1.72399E+12,-121.7742987,37.700693618328295,115.95971802618328
-11.6,-78.8,268, 9:14:13.678,14:13.7,1.72399E+12,-121.7740514,37.700733416918425,115.34743202416918
-14.5,-88.9,268, 9:14:14.218,14:14.2,1.72399E+12,-121.7738325,37.70076937475149,115
-8.8,-80.3,268, 9:14:14.969,14:15.0,1.72399E+12,-121.7735302,37.70082088469185,115
-12.9,-81.4,268, 9:14:15.474,14:15.5,1.72399E+12,-121.77333,37.70085380976096,115
-11.8,-75.9,268, 9:14:16.221,14:16.2,1.72399E+12,-121.7730336,37.70090217813765,115
-11.6,-76.6,268, 9:14:16.971,14:17.0,1.72399E+12,-121.772733,37.700950761133605,115
-7.6,-77.9,268, 9:14:17.505,14:17.5,1.72399E+12,-121.7725226,37.70098709811695,114.52031714568881
-9.8,-77.4,268, 9:14:18.223,14:18.2,1.72399E+12,-121.7722392,37.70103557014028,114
-9.5,-74.4,268, 9:14:18.906,14:18.9,1.72399E+12,-121.7719675,37.70108005410822,114
-11.3,-71.4,268, 9:14:19.570,14:19.6,1.72399E+12,-121.7717054,37.70112521,114
-7.9,-69,268, 9:14:20.185,14:20.2,1.72399E+12,-121.7714634,37.70116677688442,114
-12.1,-69.1,268, 9:14:20.827,14:20.8,1.72399E+12,-121.7712118,37.70120807135678,114
-8.2,-69.3,268, 9:14:21.561,14:21.6,1.72399E+12,-121.7709221,37.70125561038961,114
-9.4,-66.8,268, 9:14:22.218,14:22.2,1.72399E+12,-121.7706645,37.701297575301204,114
-8.3,-73.3,268, 9:14:22.973,14:23.0,1.72399E+12,-121.7703749,37.70134381526104,114
-10.4,-73.1,268, 9:14:23.617,14:23.6,1.72399E+12,-121.7701247,37.70138548,113.408
-5.6,-66.3,268, 9:14:24.279,14:24.3,1.72399E+12,-121.769867,37.70142854308617,113
-9.4,-75.4,268, 9:14:25.527,14:25.5,1.72399E+12,-121.7693823,37.70151153426018,113
-10.6,-76.7,268, 9:14:26.998,14:27.0,1.72399E+12,-121.7688167,37.701609172690766,113
-14.8,-74.1,268, 9:14:28.678,14:28.7,1.72399E+12,-121.7681695,37.70171722722723,113
-9.9,-74.3,268, 9:14:29.278,14:29.3,1.72399E+12,-121.7679384,37.70175531124498,113
-14.1,-74.4,268, 9:14:31.527,14:31.5,1.72399E+12,-121.7670635,37.701896500000004,113
-10,-70.6,268, 9:14:32.053,14:32.1,1.72399E+12,-121.7668583,37.70192882,113
-11.8,-75.7,268, 9:14:32.733,14:32.7,1.72399E+12,-121.7665985,37.70197302,113
-4.4,-77.8,268, 9:14:33.424,14:33.4,1.72399E+12,-121.7663326,37.70201939402985,113.39701492537313
-9.4,-79.2,268, 9:14:34.162,14:34.2,1.72399E+12,-121.7660468,37.70206956287425,114
-7.3,-80,268, 9:14:34.817,14:34.8,1.72399E+12,-121.7657925,37.702112052894215,114
-10.2,-84.1,268, 9:14:35.429,14:35.4,1.72399E+12,-121.7655535,37.70215158710977,114
-8,-91.9,268, 9:14:35.988,14:36.0,1.72399E+12,-121.7653345,37.70218761530715,114
-9.4,-83.9,268, 9:14:36.719,14:36.7,1.72399E+12,-121.7650516,37.702234840954276,114
-9,-81.1,268, 9:14:37.367,14:37.4,1.72399E+12,-121.7647998,37.70227692771084,114
-10.5,-87.3,268, 9:14:37.977,14:38.0,1.72399E+12,-121.7645615,37.70231673694779,114
-17.3,-93.6,268, 9:14:38.637,14:38.6,1.72399E+12,-121.7643022,37.70235925742574,114.60396039603961
-7.4,-87.7,268, 9:14:39.235,14:39.2,1.72399E+12,-121.7640656,37.702398,115
-10.8,-89.3,268, 9:14:40.578,14:40.6,1.72399E+12,-121.7635345,37.70248128187251,115
-12.7,-97.8,268, 9:14:42.886,14:42.9,1.72399E+12,-121.7626166,37.70260333,115.855
-13.9,-100.6,268, 9:14:43.630,14:43.6,1.72399E+12,-121.7623195,37.70263523,116
-12.3,-100.4,268, 9:14:45.083,14:45.1,1.72399E+12,-121.7617356,37.70269605,117
-16.8,-101.3,268, 9:14:46.571,14:46.6,1.72399E+12,-121.7611417,37.702748751744764,117
-15.8,-98.3,268, 9:14:47.381,14:47.4,1.72399E+12,-121.7608147,37.70277207,117.349
-15.5,-89.9,110, 9:14:48.573,14:48.6,1.72399E+12,-121.760332,37.70280146793587,118
-9.6,-88.9,110, 9:14:50.632,14:50.6,1.72399E+12,-121.7595079,37.70283425274725,118
-10.1,-90.4,110, 9:14:51.693,14:51.7,1.72399E+12,-121.7590956,37.702846307692305,118
-13.7,-94.9,110, 9:14:52.202,14:52.2,1.72399E+12,-121.7588974,37.70285,118.17334669338678
-9.1,-90.2,110, 9:14:52.983,14:53.0,1.72399E+12,-121.7585922,37.70285,118.9559118236473
-11.3,-93.9,110, 9:14:53.625,14:53.6,1.72399E+12,-121.7583469,37.70285,119
-10.8,-92.9,110, 9:14:54.268,14:54.3,1.72399E+12,-121.7581039,37.70284927689243,119.2410358565737
-10.6,-97.7,110, 9:14:54.812,14:54.8,1.72399E+12,-121.7579012,37.70284765139442,119.78286852589642
-10.3,-98.5,110, 9:14:55.453,14:55.5,1.72399E+12,-121.7576613,37.70284360581745,120
-9.8,-96.9,110, 9:14:56.198,14:56.2,1.72399E+12,-121.7573812,37.702836958208955,120.17014925373134
-9.8,-96.9,110, 9:14:56.803,14:56.8,1.72399E+12,-121.7571518,37.702829734328354,120.77213930348259
-11.4,-99.2,110, 9:14:57.411,14:57.4,1.72399E+12,-121.7569198,37.70282281845537,121
-17.3,-95.4,110, 9:14:58.011,14:58.0,1.72399E+12,-121.7566899,37.702816198595784,121
-12.8,-96.9,110, 9:14:58.758,14:58.8,1.72399E+12,-121.756405,37.70280505405405,121
-11.1,-98.2,110, 9:14:59.503,14:59.5,1.72399E+12,-121.7561169,37.70279338476954,121
-9.9,-94.9,110, 9:15:00.999,15:01.0,1.72399E+12,-121.7555345,37.70276651,121.973
-12.1,-96.6,110, 9:15:01.673,15:01.7,1.72399E+12,-121.7552728,37.70275631437126,122
-12.1,-96.6,110, 9:15:02.258,15:02.3,1.72399E+12,-121.7550447,37.70274752567976,122
-14.4,-101.6,110, 9:15:02.998,15:03.0,1.72399E+12,-121.754754,37.70273634743202,122
-14.4,-101.6,110, 9:15:03.507,15:03.5,1.72399E+12,-121.754558,37.70272686646884,122
-16.2,-100.1,110, 9:15:04.684,15:04.7,1.72399E+12,-121.7541071,37.702704587174345,122.65330661322645
-18.1,-104.4,110, 9:15:05.275,15:05.3,1.72399E+12,-121.7538814,37.70269408,123
-14.3,-101.6,459, 9:15:05.825,15:05.8,1.72399E+12,-121.7536713,37.702685280000004,123
-13.4,-102.3,459, 9:15:06.378,15:06.4,1.72399E+12,-121.7534601,37.70267676953908,123
-13,-102.1,459, 9:15:06.940,15:06.9,1.72399E+12,-121.7532456,37.70266832264529,123
-15.9,-101.2,459, 9:15:07.684,15:07.7,1.72399E+12,-121.7529659,37.70265449849549,123
-15,-103,459, 9:15:08.242,15:08.2,1.72399E+12,-121.7527568,37.702643872872876,123.21721721721721
-15.7,-101.6,459, 9:15:08.983,15:09.0,1.72399E+12,-121.7524793,37.702629779779784,123.95895895895896
-12.8,-101.2,459, 9:15:09.573,15:09.6,1.72399E+12,-121.7522597,37.70262080597015,124
-11.4,-97.4,459, 9:15:10.234,15:10.2,1.72399E+12,-121.7520132,37.70261091,124
-15.4,-101.1,459, 9:15:10.979,15:11.0,1.72399E+12,-121.7517342,37.70259969277108,124
-16.8,-100.6,459, 9:15:11.507,15:11.5,1.72399E+12,-121.7515371,37.70259130339321,124
-14.3,-98.2,459, 9:15:12.106,15:12.1,1.72399E+12,-121.7513136,37.70258150795228,124
-16.6,-103.2,459, 9:15:12.681,15:12.7,1.72399E+12,-121.7510999,37.70257064811133,124
-15.9,-97,459, 9:15:13.220,15:13.2,1.72399E+12,-121.7509003,37.70256118373494,124
-15.9,-97.9,459, 9:15:13.862,15:13.9,1.72399E+12,-121.7506644,37.702551515060236,124
-14.9,-98,459, 9:15:14.411,15:14.4,1.72399E+12,-121.7504632,37.70254327,124.382
-14.5,-99.4,459, 9:15:15.139,15:15.1,1.72399E+12,-121.7501965,37.702532234704115,125
-12.9,-97.8,459, 9:15:15.985,15:16.0,1.72399E+12,-121.7498851,37.70251865797392,125
-14.6,-97.9,459, 9:15:16.782,15:16.8,1.72399E+12,-121.7495936,37.70250667132867,125
-15.4,-96.7,459, 9:15:17.382,15:17.4,1.72399E+12,-121.749377,37.7024991,125
-15.1,-97.8,459, 9:15:17.988,15:18.0,1.72399E+12,-121.7491603,37.70249243956044,125
-16.6,-105.7,459, 9:15:18.609,15:18.6,1.72399E+12,-121.7489419,37.702483276276276,125
-17.1,-103.4,459, 9:15:19.630,15:19.6,1.72399E+12,-121.7485856,37.702467456973295,125
-15.6,-103.8,459, 9:15:21.164,15:21.2,1.72399E+12,-121.7480363,37.70244447373638,125
-16.4,-106.1,459, 9:15:22.414,15:22.4,1.72399E+12,-121.7475995,37.70242886720322,125.38329979879276
-13.9,-104.6,459, 9:15:23.409,15:23.4,1.72399E+12,-121.7472485,37.70241325275828,126
-15.6,-100.6,459, 9:15:25.408,15:25.4,1.72399E+12,-121.746547,37.70238338438438,126
-14.5,-101.9,459, 9:15:26.408,15:26.4,1.72399E+12,-121.7461911,37.70236798797595,126.37575150300601
-13.4,-103.4,459, 9:15:27.908,15:27.9,1.72399E+12,-121.7456572,37.702348353000005,127
-15.4,-101.8,459, 9:15:28.633,15:28.6,1.72399E+12,-121.7454019,37.70233797902098,127.6013986013986
-14.6,-102.4,459, 9:15:30.159,15:30.2,1.72399E+12,-121.7448675,37.70231863608871,128.12399193548387
-17.1,-102.9,459, 9:15:31.660,15:31.7,1.72399E+12,-121.7443342,37.70230143113773,129
-18.1,-104.4,459, 9:15:32.230,15:32.2,1.72399E+12,-121.7441298,37.702295591549294,129
-14.4,-100,459, 9:15:32.745,15:32.7,1.72399E+12,-121.7439438,37.70229196478873,129
-12.9,-95.8,459, 9:15:33.365,15:33.4,1.72399E+12,-121.7437207,37.702288637362635,129.34065934065933
-12.4,-97.4,459, 9:15:33.884,15:33.9,1.72399E+12,-121.7435346,37.702286563436566,129.85914085914087
-10.2,-100.8,459, 9:15:34.437,15:34.4,1.72399E+12,-121.7433367,37.702287646353646,130
-11.4,-97.3,459, 9:15:34.979,15:35.0,1.72399E+12,-121.7431428,37.70228981218781,130
-10.4,-91.6,459, 9:15:35.527,15:35.5,1.72399E+12,-121.7429461,37.70229752,130.501
-11.4,-92.8,459, 9:15:36.164,15:36.2,1.72399E+12,-121.7427174,37.70230763253012,131
-13.4,-90.3,459, 9:15:36.692,15:36.7,1.72399E+12,-121.7425276,37.70231770481928,131
-10,-87.4,459, 9:15:37.294,15:37.3,1.72399E+12,-121.7423092,37.702330268537075,131
-11.4,-88,459, 9:15:37.847,15:37.8,1.72399E+12,-121.7421064,37.70234301302605,131
-10.1,-81.5,459, 9:15:38.410,15:38.4,1.72399E+12,-121.7419041,37.702358607142855,131
-14.1,-75.9,459, 9:15:39.165,15:39.2,1.72399E+12,-121.7416317,37.7023822,130.86313686313687
-11.1,-83.2,459, 9:15:39.914,15:39.9,1.72399E+12,-121.7413459,37.702410634365634,130.1148851148851
-11.1,-83.2,459, 9:15:40.668,15:40.7,1.72399E+12,-121.7410637,37.702446949999995,130
-15.4,-77.5,459, 9:15:41.403,15:41.4,1.72399E+12,-121.7407863,37.7024848,130
-9,-72.1,459, 9:15:42.891,15:42.9,1.72399E+12,-121.7402104,37.70257424623115,129.13467336683416
-14.3,-76.8,459, 9:15:43.606,15:43.6,1.72399E+12,-121.7399384,37.70262277083333,129
-11.3,-77.4,459, 9:15:45.665,15:45.7,1.72399E+12,-121.7391447,37.70278404814443,128
-9.6,-82.4,459, 9:15:46.915,15:46.9,1.72399E+12,-121.7386739,37.70290036,128
-9.3,-74.9,459, 9:15:48.008,15:48.0,1.72399E+12,-121.7382582,37.70301597,128
-10.7,-74,459, 9:15:48.918,15:48.9,1.72399E+12,-121.7379252,37.70311324175824,128
-10.5,-74.9,459, 9:15:49.662,15:49.7,1.72399E+12,-121.7376521,37.703199886886885,128
-14.5,-79,459, 9:15:51.907,15:51.9,1.72399E+12,-121.73685,37.70347240419162,128
-10.5,-73.9,459, 9:15:52.439,15:52.4,1.72399E+12,-121.7366638,37.70354079,128
-11.9,-74.7,459, 9:15:53.131,15:53.1,1.72399E+12,-121.7364234,37.703631120911794,128
-12,-71.3,459, 9:15:54.329,15:54.3,1.72399E+12,-121.7360251,37.70379594153226,128
-10.1,-71.4,459, 9:15:55.000,15:55.0,1.72399E+12,-121.7358033,37.703891991935485,128
-10.9,-65,459, 9:15:55.709,15:55.7,1.72399E+12,-121.735564,37.70399250351759,128.68442211055276
-18.6,-66.1,459, 9:15:56.330,15:56.3,1.72399E+12,-121.7353601,37.70407893,129
-14.9,-66.1,459, 9:15:56.978,15:57.0,1.72399E+12,-121.7351533,37.70416744366899,129
-10.9,-69.7,459, 9:15:57.520,15:57.5,1.72399E+12,-121.7349768,37.70424330746269,129
-12.5,-73.6,459, 9:15:58.261,15:58.3,1.72399E+12,-121.7347338,37.70434706060606,129
-9.1,-73.3,459, 9:15:58.896,15:58.9,1.72399E+12,-121.7345234,37.70443557575758,129
-13.6,-84,459, 9:15:59.587,15:59.6,1.72399E+12,-121.7343007,37.70453038722555,129
-10.8,-77,459, 9:16:00.421,16:00.4,1.72399E+12,-121.7340347,37.70464251388889,129
-13.9,-75.8,459, 9:16:02.225,16:02.2,1.72399E+12,-121.7334571,37.70488749402391,129
-15.8,-65.1,459, 9:16:03.447,16:03.4,1.72399E+12,-121.7330656,37.70505029346734,129
-19.2,-77.9,459, 9:16:03.968,16:04.0,1.72399E+12,-121.732898,37.70512045829146,129
-12.5,-73.4,140, 9:16:05.410,16:05.4,1.72399E+12,-121.7324425,37.70531695647873,130
-11.8,-71.4,140, 9:16:07.421,16:07.4,1.72399E+12,-121.7318081,37.70558298294885,130
-13,-73.2,140, 9:16:08.422,16:08.4,1.72399E+12,-121.7314897,37.70571438,130
-11.8,-68.4,140, 9:16:08.966,16:09.0,1.72399E+12,-121.73132,37.70578651345962,130
-15.5,-70.2,140, 9:16:11.418,16:11.4,1.72399E+12,-121.7305535,37.70611401404213,131
-15.8,-71,140, 9:16:11.948,16:11.9,1.72399E+12,-121.7303871,37.70618524774323,131
-15.8,-73.1,140, 9:16:12.462,16:12.5,1.72399E+12,-121.7302255,37.70625401,131
-10.2,-74.1,140, 9:16:12.994,16:13.0,1.72399E+12,-121.7300581,37.706325123618086,131
-10.6,-74.9,140, 9:16:13.661,16:13.7,1.72399E+12,-121.7298507,37.70641136345581,131
-12.6,-77.9,140, 9:16:14.302,16:14.3,1.72399E+12,-121.7296503,37.70649581616162,131
-12,-79,140, 9:16:14.998,16:15.0,1.72399E+12,-121.7294309,37.70659002222222,131
-13.8,-79.9,140, 9:16:15.704,16:15.7,1.72399E+12,-121.729211,37.706683519402986,131
-15.5,-81.1,140, 9:16:16.303,16:16.3,1.72399E+12,-121.7290216,37.706762212424856,131
-14.9,-82.3,140, 9:16:16.961,16:17.0,1.72399E+12,-121.7288099,37.70684792,131
-14.9,-82.3,140, 9:16:17.501,16:17.5,1.72399E+12,-121.7286411,37.70691925771144,131.47562189054727
-15.1,-79.3,140, 9:16:18.243,16:18.2,1.72399E+12,-121.7284099,37.70701697797798,131.7847847847848
-14.7,-81.3,140, 9:16:18.823,16:18.8,1.72399E+12,-121.7282287,37.707092453453456,131.20420420420422
-10,-80.5,140, 9:16:19.373,16:19.4,1.72399E+12,-121.7280539,37.70716398,131.346
-14.5,-79.6,140, 9:16:19.997,16:20.0,1.72399E+12,-121.7278536,37.707245099999994,131.97
-13.9,-79.5,140, 9:16:20.581,16:20.6,1.72399E+12,-121.7276699,37.707322977911645,132
-14.6,-78.7,140, 9:16:22.132,16:22.1,1.72399E+12,-121.727187,37.70752957957958,132
-14.6,-78.7,140, 9:16:22.873,16:22.9,1.72399E+12,-121.7269549,37.70762823123123,132
-14.6,-85.3,140, 9:16:24.125,16:24.1,1.72399E+12,-121.7265627,37.70779586241276,132
-9.8,-88.8,140, 9:16:25.375,16:25.4,1.72399E+12,-121.7261715,37.70796108064516,132
-15,-85.5,140, 9:16:25.998,16:26.0,1.72399E+12,-121.7259749,37.70804272379033,132
-14.1,-90.4,140, 9:16:27.127,16:27.1,1.72399E+12,-121.7256131,37.708190396226414,132
-14.8,-94.4,140, 9:16:28.999,16:29.0,1.72399E+12,-121.7250372,37.70843938561439,132.97302697302698
-14.3,-89.9,140, 9:16:30.584,16:30.6,1.72399E+12,-121.7245425,37.70865429570429,133
-10.2,-86.2,140, 9:16:31.125,16:31.1,1.72399E+12,-121.7243732,37.708726328973846,133
-10.4,-88.8,140, 9:16:32.387,16:32.4,1.72399E+12,-121.7239775,37.70889159340659,133
-11.7,-84.9,140, 9:16:33.020,16:33.0,1.72399E+12,-121.7237796,37.70897633066933,133
-11.7,-84.9,140, 9:16:33.839,16:33.8,1.72399E+12,-121.7235232,37.70908526,133
-13.8,-84.1,140, 9:16:34.438,16:34.4,1.72399E+12,-121.7233364,37.709163422885574,133
-11.2,-87.5,140, 9:16:35.200,16:35.2,1.72399E+12,-121.7230986,37.709262700803215,133.1706827309237
-16.1,-82.6,140, 9:16:35.999,16:36.0,1.72399E+12,-121.7228475,37.70936939457831,133.97289156626505
-13.9,-81,140, 9:16:36.718,16:36.7,1.72399E+12,-121.7226233,37.70946287012987,134
-16.2,-83.6,140, 9:16:37.324,16:37.3,1.72399E+12,-121.7224339,37.709541687374745,134
-15.8,-86.1,140, 9:16:37.999,16:38.0,1.72399E+12,-121.7222222,37.70962961322645,134
-9.8,-92.1,140, 9:16:38.673,16:38.7,1.72399E+12,-121.7220054,37.70971489368104,134
-11.5,-92.3,140, 9:16:39.965,16:40.0,1.72399E+12,-121.7215918,37.709877580838324,134
-15.8,-101.1,140, 9:16:40.505,16:40.5,1.72399E+12,-121.7214203,37.70994637388724,134
-12.1,-98.4,140, 9:16:41.111,16:41.1,1.72399E+12,-121.7212282,37.71002361445783,134
-14.7,-97.3,140, 9:16:41.951,16:42.0,1.72399E+12,-121.7209651,37.71012987951808,134
-13.6,-96.1,140, 9:16:42.591,16:42.6,1.72399E+12,-121.7207642,37.71021077231695,134
-13.8,-99.5,140, 9:16:43.143,16:43.1,1.72399E+12,-121.7205917,37.710281025125624,134
-16.8,-101.6,140, 9:16:43.975,16:44.0,1.72399E+12,-121.7203367,37.71038972864322,134
-20.1,-105.6,140, 9:16:44.611,16:44.6,1.72399E+12,-121.7201387,37.71047213545817,134
-17.6,-103.8,140, 9:16:45.223,16:45.2,1.72399E+12,-121.719946,37.71055133466934,134
-17.6,-103.8,140, 9:16:45.882,16:45.9,1.72399E+12,-121.719734,37.71063651603207,134
-14.6,-99.9,140, 9:16:46.437,16:46.4,1.72399E+12,-121.7195564,37.710708453093815,134
-17.6,-101.1,140, 9:16:47.198,16:47.2,1.72399E+12,-121.7193133,37.710807743000004,134
-17.4,-98.3,140, 9:16:47.947,16:47.9,1.72399E+12,-121.7190736,37.71090736,134
-20.3,-106,140, 9:16:48.677,16:48.7,1.72399E+12,-121.7188348,37.711004839481554,134
-13.4,-111.6,350, 9:16:50.236,16:50.2,1.72399E+12,-121.7183196,37.711218414342625,135
-15.8,-116.1,350, 9:16:51.686,16:51.7,1.72399E+12,-121.7178384,37.71142052763819,135
-12.6,-111.4,350, 9:16:52.265,16:52.3,1.72399E+12,-121.7176461,37.711502369630374,135
-11.3,-108.1,350, 9:16:52.773,16:52.8,1.72399E+12,-121.7174756,37.71157392607393,135
-10.4,-107.9,350, 9:16:53.407,16:53.4,1.72399E+12,-121.7172626,37.71166175,135
-9.1,-104.4,350, 9:16:54.226,16:54.2,1.72399E+12,-121.7169881,37.71177456405164,135
-15.6,-105.4,350, 9:16:54.913,16:54.9,1.72399E+12,-121.7167596,37.711870757696126,135
-12.1,-103.1,350, 9:16:55.582,16:55.6,1.72399E+12,-121.7165387,37.711965920603014,135.55577889447235
-9.1,-107.3,350, 9:16:56.149,16:56.1,1.72399E+12,-121.7163513,37.712046519880715,136
-10.7,-105.8,350, 9:16:56.889,16:56.9,1.72399E+12,-121.7161041,37.712150237574555,136
-10.3,-105.8,350, 9:16:57.411,16:57.4,1.72399E+12,-121.7159314,37.712223990954776,136
-10.3,-103.8,350, 9:16:58.158,16:58.2,1.72399E+12,-121.7156853,37.71232923923924,136
-10.3,-105,350, 9:16:58.660,16:58.7,1.72399E+12,-121.7155205,37.71239808208208,136
-10.1,-106.4,350, 9:16:59.227,16:59.2,1.72399E+12,-121.7153344,37.712475811000004,136
-13.1,-108.9,350, 9:16:59.997,17:00.0,1.72399E+12,-121.7150819,37.7125813,136
-13.1,-108.9,350, 9:17:00.760,17:00.8,1.72399E+12,-121.7148323,37.71268626420738,136.73379860418743
-12.8,-110.8,350, 9:17:02.410,17:02.4,1.72399E+12,-121.7142954,37.71291188977956,137
-20.6,-117.1,350, 9:17:03.305,17:03.3,1.72399E+12,-121.7140053,37.713035179074446,137
-24.2,-120.8,350, 9:17:03.998,17:04.0,1.72399E+12,-121.7137766,37.713131390342056,137
-7.6,-98.7,296, 9:17:05.677,17:05.7,1.72399E+12,-121.7132279,37.713360598802396,138
-15.2,-102.1,296, 9:17:07.197,17:07.2,1.72399E+12,-121.7127304,37.713570546999996,138
-17.9,-103.8,296, 9:17:08.302,17:08.3,1.72399E+12,-121.7123739,37.71372631368631,138.27172827172828
-15.8,-105.7,296, 9:17:09.997,17:10.0,1.72399E+12,-121.7118162,37.71396602816902,139
-15.5,-103.9,296, 9:17:11.299,17:11.3,1.72399E+12,-121.7113971,37.714150496987955,139
-16.5,-105.1,296, 9:17:11.882,17:11.9,1.72399E+12,-121.7112092,37.71423303012048,139
-14.2,-104.7,296, 9:17:12.428,17:12.4,1.72399E+12,-121.7110344,37.71431038722555,139
-14.8,-105.2,296, 9:17:12.963,17:13.0,1.72399E+12,-121.7108636,37.71438620558882,139
-10.6,-100.3,296, 9:17:13.703,17:13.7,1.72399E+12,-121.7106294,37.71448673221344,139.67687747035572
-18.4,-104.4,296, 9:17:14.354,17:14.4,1.72399E+12,-121.7104218,37.71457547695391,140
-17.3,-104.1,296, 9:17:14.941,17:14.9,1.72399E+12,-121.710233,37.71465605711423,140
-17.8,-103,296, 9:17:15.474,17:15.5,1.72399E+12,-121.7100655,37.71473082317683,140
-17.1,-106.4,296, 9:17:16.335,17:16.3,1.72399E+12,-121.7097937,37.71485017,140
-14.7,-104.5,296, 9:17:16.978,17:17.0,1.72399E+12,-121.7095871,37.71493667670683,140
-15.6,-104.1,296, 9:17:17.499,17:17.5,1.72399E+12,-121.7094201,37.715007808383234,140.47305389221557
-12.3,-98.3,296, 9:17:18.262,17:18.3,1.72399E+12,-121.709176,37.71511139581256,141
-16,-101.5,296, 9:17:18.890,17:18.9,1.72399E+12,-121.7089757,37.715195296111666,141
-13.2,-96.4,296, 9:17:20.141,17:20.1,1.72399E+12,-121.7085824,37.715366574446676,141
-10.3,-91.4,296, 9:17:20.894,17:20.9,1.72399E+12,-121.7083453,37.71547035814889,141
-10.9,-92.8,296, 9:17:23.144,17:23.1,1.72399E+12,-121.707652,37.71576990528415,142
-13.3,-93.3,296, 9:17:24.392,17:24.4,1.72399E+12,-121.7072749,37.71593189378758,142
-13,-94.2,296, 9:17:25.595,17:25.6,1.72399E+12,-121.7069125,37.71608379241517,142.56387225548903
-14.6,-97.1,296, 9:17:26.358,17:26.4,1.72399E+12,-121.7066792,37.71617693172691,143.3273092369478
-13.4,-97.8,296, 9:17:27.893,17:27.9,1.72399E+12,-121.706211,37.716357315054836,144
-14.5,-93.9,296, 9:17:28.398,17:28.4,1.72399E+12,-121.7060564,37.716413982897386,144.3692152917505
-14.8,-94.4,296, 9:17:28.926,17:28.9,1.72399E+12,-121.7058944,37.716472944668006,144.90040241448693
-17.3,-98.3,296, 9:17:29.607,17:29.6,1.72399E+12,-121.7056874,37.71654133134329,145.57910447761193
-17.3,-98.3,296, 9:17:30.348,17:30.3,1.72399E+12,-121.7054614,37.716612432595575,146.31991951710262
-14.9,-97,296, 9:17:30.965,17:31.0,1.72399E+12,-121.7052721,37.71666953923541,146.94064386317908
-13.6,-89.1,296, 9:17:31.607,17:31.6,1.72399E+12,-121.705081,37.716726099601594,147.58067729083666
-18.1,-97.1,296, 9:17:32.169,17:32.2,1.72399E+12,-121.7049148,37.71677437096774,148.1421370967742
-17.8,-100.9,296, 9:17:32.962,17:33.0,1.72399E+12,-121.704683,37.71683832258064,148.9415322580645
-11.4,-92.6,296, 9:17:34.210,17:34.2,1.72399E+12,-121.7043224,37.71693200598802,150.1806387225549
-12.6,-92.1,296, 9:17:34.906,17:34.9,1.72399E+12,-121.7041161,37.71698201796407,150.8752495
-14.6,-96.2,296, 9:17:35.443,17:35.4,1.72399E+12,-121.7039549,37.71701974418605,151.41658240647118
-15.8,-92,310, 9:17:35.970,17:36.0,1.72399E+12,-121.7037961,37.71705651,151.9494438827098
-13.1,-89.6,310, 9:17:36.581,17:36.6,1.72399E+12,-121.7036111,37.71709621151936,152.5571002979146
-14.1,-88.9,310, 9:17:37.409,17:37.4,1.72399E+12,-121.7033564,37.717149830000004,153.764
-12.4,-91,310, 9:17:37.999,17:38.0,1.72399E+12,-121.7031718,37.71718818,154.944
-12.4,-91,310, 9:17:38.684,17:38.7,1.72399E+12,-121.7029525,37.71723274774775,155.65765765765767
-9.7,-87.3,310, 9:17:39.287,17:39.3,1.72399E+12,-121.702757,37.71727386746988,156.2620481927711
-11,-89.7,310, 9:17:39.787,17:39.8,1.72399E+12,-121.7025924,37.71731001204819,156.7640562248996
-11,-89.7,310, 9:17:40.691,17:40.7,1.72399E+12,-121.7022964,37.71737564243028,157.66633466135457
-9.9,-84.2,310, 9:17:41.284,17:41.3,1.72399E+12,-121.7021006,37.717417491525424,158.25722831505485
-9.9,-84.2,310, 9:17:42.288,17:42.3,1.72399E+12,-121.7017639,37.717486925925925,159.25925925925927
-12.3,-88.1,310, 9:17:43.539,17:43.5,1.72399E+12,-121.7013416,37.71757536993076,161.0108803165183
-13.3,-95.2,310, 9:17:44.283,17:44.3,1.72399E+12,-121.7010891,37.71762602325582,162.24671385237613
-14.6,-86.3,310, 9:17:45.327,17:45.3,1.72399E+12,-121.7007324,37.71769883939394,163.3020202020202
-10.6,-87.9,310, 9:17:45.886,17:45.9,1.72399E+12,-121.7005387,37.7177378,163.86666666666667
-14.3,-75.7,310, 9:17:46.410,17:46.4,1.72399E+12,-121.7003596,37.71777344444445,164.77777777777777
-11.6,-86.7,310, 9:17:46.998,17:47.0,1.72399E+12,-121.7001595,37.71781311111111,165.94444444444446
-7.6,-71,310, 9:17:47.669,17:47.7,1.72399E+12,-121.6999292,37.717861845309386,166.64171656686628
-6.4,-73.3,310, 9:17:48.412,17:48.4,1.72399E+12,-121.6996718,37.717915537848604,167.3824701195219
-10.6,-73.5,310, 9:17:49.003,17:49.0,1.72399E+12,-121.6994651,37.717957920318725,167.97111553784862
-12.1,-85.1,310, 9:17:49.688,17:49.7,1.72399E+12,-121.6992289,37.71800812864321,168.65929648241206
-12.1,-85.1,310, 9:17:50.284,17:50.3,1.72399E+12,-121.6990238,37.7180515,169.257
-13.6,-84.5,310, 9:17:50.825,17:50.8,1.72399E+12,-121.6988383,37.71809046,169.798
-13.9,-94.5,310, 9:17:51.405,17:51.4,1.72399E+12,-121.6986367,37.718132511465605,170.75373878364906
-14.3,-94,310, 9:17:52.054,17:52.1,1.72399E+12,-121.6984097,37.71817973,172.024
-17.8,-92.9,310, 9:17:52.570,17:52.6,1.72399E+12,-121.6982322,37.71821688,172.54
-17,-96.1,310, 9:17:53.224,17:53.2,1.72399E+12,-121.698005,37.71826435,173.19655521783181
-9.7,-92.8,304, 9:17:53.737,17:53.7,1.72399E+12,-121.6978226,37.71830229078014,173.7163120567376
-9.8,-92.2,304, 9:17:54.430,17:54.4,1.72399E+12,-121.697582,37.718350944278605,174.82189054726368
-10.6,-93.9,304, 9:17:54.991,17:55.0,1.72399E+12,-121.6973906,37.71838890248756,175.93830845771143
-10.8,-93,304, 9:17:55.518,17:55.5,1.72399E+12,-121.6972064,37.7184271,176.49451645064806
-10.5,-94.1,304, 9:17:56.249,17:56.2,1.72399E+12,-121.6969522,37.718480127999996,177.448
-8.8,-89.4,304, 9:17:56.890,17:56.9,1.72399E+12,-121.6967323,37.71852628,178.73
-15.9,-102.1,304, 9:17:57.646,17:57.6,1.72399E+12,-121.696473,37.71858119740778,179.61914257228315
-23.3,-103.9,304, 9:17:58.199,17:58.2,1.72399E+12,-121.6962818,37.71862085829146,180.1718592964824
-17,-106.9,296, 9:17:58.760,17:58.8,1.72399E+12,-121.6960845,37.71865976180904,180.7356783919598
-16.7,-104.4,296, 9:17:59.356,17:59.4,1.72399E+12,-121.6958768,37.718702120724345,181.33501006036218
-19.9,-109.6,296, 9:17:59.962,18:00.0,1.72399E+12,-121.695667,37.71874601609658,181.9446680080483
-18.8,-107.6,296, 9:18:00.908,18:00.9,1.72399E+12,-121.6953513,37.718811112326044,183.7713717693837
-19.6,-110.3,296, 9:18:01.412,18:01.4,1.72399E+12,-121.6951801,37.71884526812314,184.3862959285005
-19.6,-110.3,296, 9:18:01.957,18:02.0,1.72399E+12,-121.6949939,37.71888207050646,184.92750744786494
-23.4,-118.8,296, 9:18:02.675,18:02.7,1.72399E+12,-121.6947559,37.718931818731114,185.64954682779455
-23.4,-118.8,296, 9:18:03.702,18:03.7,1.72399E+12,-121.6944196,37.71900257157058,186.67495029821075
-7.6,-86.4,477, 9:18:05.962,18:06.0,1.72399E+12,-121.6936918,37.71915370310933,189.87362086258776
-7.9,-87.7,477, 9:18:07.958,18:08.0,1.72399E+12,-121.6930524,37.71928365802592,191.9332003988036
-17.1,-89.9,477, 9:18:08.660,18:08.7,1.72399E+12,-121.6928276,37.71932931631631,192.63563563563562
-11.1,-92.7,477, 9:18:09.679,18:09.7,1.72399E+12,-121.6925074,37.71939527904667,193.65044687189672
-13.1,-97.6,477, 9:18:10.957,18:11.0,1.72399E+12,-121.6921079,37.719477323323325,194.92692692692694
-8.8,-98.2,477, 9:18:12.187,18:12.2,1.72399E+12,-121.691716,37.71955344176707,196.1606425702811
-9.6,-98.5,477, 9:18:12.888,18:12.9,1.72399E+12,-121.6915013,37.71959918975904,196.8644578313253
-15,-101.8,477, 9:18:13.410,18:13.4,1.72399E+12,-121.6913391,37.71963310479042,197.38622754491018
-14.7,-101.7,477, 9:18:13.919,18:13.9,1.72399E+12,-121.6911801,37.719666123752496,197.89421157684632
-15.8,-99.8,477, 9:18:14.460,18:14.5,1.72399E+12,-121.6910146,37.719701218562875,198.43413173652695
-15.6,-103,477, 9:18:15.126,18:15.1,1.72399E+12,-121.690811,37.71974444789579,199.19839679358716
-9.8,-96.6,477, 9:18:15.695,18:15.7,1.72399E+12,-121.6906325,37.71978150701403,200.33867735470943
-8.8,-94.4,477, 9:18:16.389,18:16.4,1.72399E+12,-121.6904154,37.719826589232305,201.3629112662014
-9.5,-94.7,477, 9:18:16.998,18:17.0,1.72399E+12,-121.6902254,37.71986606,201.9700897308076
-11.6,-95.1,477, 9:18:17.554,18:17.6,1.72399E+12,-121.6900509,37.719902292878636,202.52758274824473
-9.9,-96.6,477, 9:18:18.391,18:18.4,1.72399E+12,-121.6897925,37.71995619207921,203.36237623762375
-8.9,-94.1,477, 9:18:19.226,18:19.2,1.72399E+12,-121.6895377,37.720009527749745,204.19273461150354
-10.4,-94.8,477, 9:18:19.887,18:19.9,1.72399E+12,-121.6893289,37.72005288294652,204.85973763874873
-9.5,-96.9,477, 9:18:20.534,18:20.5,1.72399E+12,-121.6891262,37.720094987012985,206.014985
-11.4,-95.9,477, 9:18:21.140,18:21.1,1.72399E+12,-121.6889366,37.72013482046138,207.11334002006018
-9.9,-95.8,110, 9:18:21.695,18:21.7,1.72399E+12,-121.688763,37.720173230692076,207.67001003009028
-9.6,-97.7,110, 9:18:22.343,18:22.3,1.72399E+12,-121.6885625,37.720218945054945,208.3186813186813
-9.3,-97.5,110, 9:18:22.892,18:22.9,1.72399E+12,-121.6883947,37.72025843356643,208.86713286713288
-9.7,-96.8,110, 9:18:23.559,18:23.6,1.72399E+12,-121.6881835,37.720309035928146,209.53293413173654
-8.9,-95.9,110, 9:18:24.306,18:24.3,1.72399E+12,-121.6879471,37.72036499,210.2776119402985
-8.6,-96.4,110, 9:18:24.807,18:24.8,1.72399E+12,-121.6877911,37.72040088059701,210.77611940298507
-11.9,-97,110, 9:18:26.305,18:26.3,1.72399E+12,-121.6872994,37.72051334305835,213.27867203219316
-11.9,-97,110, 9:18:26.813,18:26.8,1.72399E+12,-121.6871276,37.72055065090543,213.7897384305835
-9.4,-97.9,110, 9:18:28.003,18:28.0,1.72399E+12,-121.6867229,37.72064393445879,214.97418073485602
-9.9,-98,110, 9:18:29.007,18:29.0,1.72399E+12,-121.68637,37.720724396793585,216.95991983967937
-9.8,-98.1,110, 9:18:30.809,18:30.8,1.72399E+12,-121.6857365,37.720879079999996,218.785
-10.7,-96.3,110, 9:18:31.850,18:31.8,1.72399E+12,-121.6853714,37.72097309090909,219.82517482517483
-9.8,-97.3,110, 9:18:32.350,18:32.4,1.72399E+12,-121.6851964,37.72101748605578,220.64741035856574
-9.9,-97.4,110, 9:18:32.896,18:32.9,1.72399E+12,-121.6850055,37.72106534262949,221.73505976095618
-9.2,-97.7,110, 9:18:33.502,18:33.5,1.72399E+12,-121.68479,37.72111854091816,222.47205588822357
-8.6,-97.2,110, 9:18:34.148,18:34.1,1.72399E+12,-121.6845589,37.7211752,223.11723446893788
-12.1,-99.5,110, 9:18:34.893,18:34.9,1.72399E+12,-121.6842909,37.72124014428858,223.86372745490982
-8.7,-100.1,110, 9:18:35.470,18:35.5,1.72399E+12,-121.6840833,37.72129278,224.4432161
-12.6,-99.8,110, 9:18:35.997,18:36.0,1.72399E+12,-121.6838937,37.72134150351759,224.97286432160803
-12.9,-99.9,110, 9:18:37.401,18:37.4,1.72399E+12,-121.6833912,37.721470000991076,226.37363726461842
-11.6,-99.6,110, 9:18:38.112,18:38.1,1.72399E+12,-121.6831378,37.72153368951613,227.0796370967742
-10.1,-100.6,110, 9:18:38.745,18:38.7,1.72399E+12,-121.6829036,37.72158729032258,227.71774193548387
-12.1,-99.3,110, 9:18:39.443,18:39.4,1.72399E+12,-121.6826473,37.72164145309382,228.41716566866268
-11.9,-101,110, 9:18:39.993,18:40.0,1.72399E+12,-121.6824464,37.72168152295409,228.96606786427145
-13.3,-107.1,110, 9:18:41.683,18:41.7,1.72399E+12,-121.6818104,37.721768512922466,229.65506958250498
-13.3,-107.1,110, 9:18:42.444,18:42.4,1.72399E+12,-121.6815209,37.721793764000005,230
-11.3,-105.1,110, 9:18:43.585,18:43.6,1.72399E+12,-121.681086,37.72181564670659,230.55389221556885
-19.8,-114.1,110, 9:18:44.671,18:44.7,1.72399E+12,-121.6806699,37.72181842,231.64415322580646
-14.1,-103.1,256, 9:18:45.241,18:45.2,1.72399E+12,-121.6804519,37.721813767626614,232
-11.8,-109.7,256, 9:18:47.243,18:47.2,1.72399E+12,-121.6796933,37.72176245472637,233.22487562189056
-10.7,-102.2,256, 9:18:48.687,18:48.7,1.72399E+12,-121.67915,37.72170780558325,234.6630109670987
-12.8,-113.3,256, 9:18:49.245,18:49.2,1.72399E+12,-121.67894,37.72168576923077,235.21978021978023
-17.4,-122.4,256, 9:18:51.241,18:51.2,1.72399E+12,-121.6781861,37.72160683534137,237
-18.8,-122.1,256, 9:18:52.241,18:52.2,1.72399E+12,-121.6778055,37.721567844000006,237.218
-29.4,-132.3,256, 9:18:53.564,18:53.6,1.72399E+12,-121.6773073,37.721512323353295,238.53992015968063
-17.4,-115.4,138, 9:18:54.197,18:54.2,1.72399E+12,-121.6770677,37.721485783216785,239
-10.6,-112.3,138, 9:18:56.247,18:56.2,1.72399E+12,-121.6763019,37.72137885,239.2195608782435
-11,-99.3,138, 9:18:57.245,18:57.2,1.72399E+12,-121.6759307,37.72130593480441,240.21664994984954
-9.9,-92,138, 9:18:58.444,18:58.4,1.72399E+12,-121.6754939,37.72119562,241.418
-9.6,-88.1,138, 9:18:59.680,18:59.7,1.72399E+12,-121.6750548,37.72106518756269,242.65596790371114
-10.1,-90.2,138, 9:19:01.683,19:01.7,1.72399E+12,-121.6743678,37.72080391,244
-11.5,-93.3,138, 9:19:02.572,19:02.6,1.72399E+12,-121.6740768,37.72066769092722,244.54336989032902
-10,-89.1,138, 9:19:03.277,19:03.3,1.72399E+12,-121.6738472,37.720555124117055,245.24924318869827
-11.7,-91.5,138, 9:19:03.777,19:03.8,1.72399E+12,-121.6736858,37.72047237941474,245.75378405650858
-11.8,-89.6,138, 9:19:04.517,19:04.5,1.72399E+12,-121.673456,37.720343393213575,246.49500998003992
-12.8,-85.6,138, 9:19:05.153,19:05.2,1.72399E+12,-121.6732646,37.720228342601786,247.12909632571996
-11.6,-86.6,138, 9:19:05.882,19:05.9,1.72399E+12,-121.6730546,37.720090071499506,247.85302879841112
-13,-84,138, 9:19:06.454,19:06.5,1.72399E+12,-121.6728889,37.71997796396396,248.42442442442442
-10.8,-83.1,138, 9:19:06.977,19:07.0,1.72399E+12,-121.6727371,37.71987430630631,248.94794794794794
-12.7,-83.5,138, 9:19:07.717,19:07.7,1.72399E+12,-121.672528,37.71972984,249.688
-12.7,-83.5,138, 9:19:08.267,19:08.3,1.72399E+12,-121.6723711,37.719622920159686,250.2375249500998
-10.2,-82.1,138, 9:19:08.970,19:09.0,1.72399E+12,-121.6721677,37.719486810379244,250.93912175648703
-10.3,-82.3,138, 9:19:09.608,19:09.6,1.72399E+12,-121.671983,37.71936501297405,251.5758483033932
-10.6,-83.1,138, 9:19:10.298,19:10.3,1.72399E+12,-121.6717802,37.71923715656566,252.26767676767676
-10.4,-85.2,138, 9:19:10.996,19:11.0,1.72399E+12,-121.6715701,37.719113772727276,252.97272727272727
-10.9,-90.1,138, 9:19:12.290,19:12.3,1.72399E+12,-121.6711719,37.718905375498004,254.2659362549801
-10.9,-90.1,138, 9:19:13.007,19:13.0,1.72399E+12,-121.6709434,37.71879896812749,254.9800796812749
-10.4,-84.8,138, 9:19:14.677,19:14.7,1.72399E+12,-121.6703956,37.71857327027027,256.64864864864865
-11.4,-86.8,138, 9:19:15.690,19:15.7,1.72399E+12,-121.6700532,37.718450300699295,257.6613386613387
-10.4,-93.6,138, 9:19:16.681,19:16.7,1.72399E+12,-121.6697179,37.71834089,258
-10.9,-95.7,138, 9:19:17.674,19:17.7,1.72399E+12,-121.6693735,37.71824436180905,258.64824120603015
-11.4,-97.1,138, 9:19:18.997,19:19.0,1.72399E+12,-121.668902,37.71813034965035,259.97202797202794
-11.1,-92.7,138, 9:19:20.541,19:20.5,1.72399E+12,-121.668354,37.71803240480962,261.5110220440882
-11.2,-98.6,138, 9:19:21.294,19:21.3,1.72399E+12,-121.6680796,37.71799377331996,262.2657973921765
-14.1,-97.9,138, 9:19:23.296,19:23.3,1.72399E+12,-121.6673517,37.71792382089552,264.2686567164179
-10.4,-99.2,138, 9:19:24.676,19:24.7,1.72399E+12,-121.6668428,37.71790184,265.645
-12.7,-108,138, 9:19:25.685,19:25.7,1.72399E+12,-121.6664702,37.71790424248497,266.6553106212425
-9.9,-97.9,138, 9:19:26.678,19:26.7,1.72399E+12,-121.6661061,37.71792191208791,267.64835164835165
-13.1,-98.5,138, 9:19:27.998,19:28.0,1.72399E+12,-121.6656148,37.71796301,268.9709127382146
-11.1,-92.6,138, 9:19:28.542,19:28.5,1.72399E+12,-121.6654146,37.71798773747495,269.51603206412824
-10.4,-87.1,138, 9:19:30.297,19:30.3,1.72399E+12,-121.6647735,37.71809061676647,271.27245508982037
-9.6,-91.3,138, 9:19:32.001,19:32.0,1.72399E+12,-121.6641626,37.71822498198198,272.975976
-10.7,-95.3,138, 9:19:32.798,19:32.8,1.72399E+12,-121.6638819,37.71830143129388,273
-11.5,-94.1,138, 9:19:33.333,19:33.3,1.72399E+12,-121.6636917,37.71835503,273.311
-9.9,-94.5,138, 9:19:34.015,19:34.0,1.72399E+12,-121.6634475,37.71842528,273.993
-15.1,-94.8,138, 9:19:35.365,19:35.4,1.72399E+12,-121.6629725,37.71856385353535,274.33838383838383
-10.4,-91.3,138, 9:19:35.886,19:35.9,1.72399E+12,-121.6627836,37.71861805858586,274.86464646464646
-13.9,-92.3,138, 9:19:36.577,19:36.6,1.72399E+12,-121.6625364,37.71868675968222,275.55312810327706
-12,-97.9,138, 9:19:37.123,19:37.1,1.72399E+12,-121.6623407,37.718740542168675,276
-10.9,-96.4,138, 9:19:37.923,19:37.9,1.72399E+12,-121.6620467,37.71882006024096,276
-10.8,-92.5,138, 9:19:38.479,19:38.5,1.72399E+12,-121.6618471,37.71887687425149,276
-12.8,-100.1,138, 9:19:38.997,19:39.0,1.72399E+12,-121.661662,37.718930121756486,276
-16.1,-100.3,138, 9:19:41.074,19:41.1,1.72399E+12,-121.66091,37.719139870221326,276
-13.5,-96.8,92, 9:19:41.682,19:41.7,1.72399E+12,-121.6606904,37.719202872233396,276
-12,-97.5,92, 9:19:43.582,19:43.6,1.72399E+12,-121.6600023,37.71939430209372,276
-10.8,-94.4,92, 9:19:45.001,19:45.0,1.72399E+12,-121.6594869,37.719540221778225,275.02697302697305
-12.8,-79.4,92, 9:19:46.000,19:46.0,1.72399E+12,-121.6591216,37.7196401,274.02897102897106
-15.1,-79.4,92, 9:19:47.675,19:47.7,1.72399E+12,-121.6585071,37.719812939637826,273
-13.8,-79.4,92, 9:19:48.259,19:48.3,1.72399E+12,-121.6582927,37.71987321115538,272.52988047808765
-11.2,-79.3,92, 9:19:49.253,19:49.3,1.72399E+12,-121.6579313,37.71997678564307,270.77467597208374
-10.1,-83.6,92, 9:19:50.998,19:51.0,1.72399E+12,-121.6572979,37.72016999,268.05427135678394
-10.1,-77.9,92, 9:19:51.498,19:51.5,1.72399E+12,-121.6571128,37.72022741170535,267.5227043390515
-8.7,-78.9,92, 9:19:51.998,19:52.0,1.72399E+12,-121.6569277,37.720284929364276,267.01816347124117
-8.1,-82.4,92, 9:19:52.707,19:52.7,1.72399E+12,-121.6566773,37.720365290640395,266.3192118226601
-8.6,-84.1,92, 9:19:53.354,19:53.4,1.72399E+12,-121.6564447,37.72044015215215,265.3533533533533
-8.9,-83.6,92, 9:19:53.957,19:54.0,1.72399E+12,-121.6562237,37.72051137737738,264.1461461461461
-11.3,-83.7,92, 9:19:54.956,19:55.0,1.72399E+12,-121.6558632,37.72062970682731,262.1405622
-8.6,-85.3,92, 9:19:55.498,19:55.5,1.72399E+12,-121.6556661,37.72069200995025,261.0606965174129
-8.3,-83.3,92, 9:19:56.207,19:56.2,1.72399E+12,-121.6554075,37.72077380961924,259.64729458917833
-8.6,-81.6,92, 9:19:56.957,19:57.0,1.72399E+12,-121.6551324,37.72086248697395,258.1442885771543
-8.3,-79.2,92, 9:19:57.611,19:57.6,1.72399E+12,-121.6548922,37.72093974474475,257.4174174174174
-8,-78.9,92, 9:19:58.208,19:58.2,1.72399E+12,-121.6546728,37.72101034673367,256.63819095477385
-7.5,-75.8,92, 9:19:58.874,19:58.9,1.72399E+12,-121.6544278,37.721089329648244,255.29949748743718
-9.1,-77.6,92, 9:19:59.573,19:59.6,1.72399E+12,-121.6541717,37.721172450000005,253.9
-9.5,-81.4,92, 9:20:01.445,20:01.4,1.72399E+12,-121.6534849,37.721393235707126,250.5827482447342
-11.1,-87.3,92, 9:20:02.672,20:02.7,1.72399E+12,-121.6530308,37.7215388,248.7092907092907
-15.7,-93.3,92, 9:20:04.007,20:04.0,1.72399E+12,-121.6525337,37.7217008,246.03607214428857
-17.1,-100.6,92, 9:20:05.373,20:05.4,1.72399E+12,-121.6520255,37.72186260481444,243.31795386158475
-15.9,-105.8,92, 9:20:06.359,20:06.4,1.72399E+12,-121.6516531,37.721981977911646,241.3393574297189
-19.3,-105.4,92, 9:20:06.999,20:07.0,1.72399E+12,-121.6514083,37.72205780120482,240.05421686746988
-19.3,-105.4,92, 9:20:07.875,20:07.9,1.72399E+12,-121.651074,37.72216447452548,238.3036963036963
-6.2,-93.3,369, 9:20:08.580,20:08.6,1.72399E+12,-121.6508092,37.72225047,237.447
-4.9,-93.7,369, 9:20:10.626,20:10.6,1.72399E+12,-121.650032,37.72250012723658,233.80119284294236
-8.8,-92.9,369, 9:20:11.682,20:11.7,1.72399E+12,-121.6496292,37.722629641566265,231.68875502008032
-11.8,-92.6,369, 9:20:12.998,20:13.0,1.72399E+12,-121.649128,37.72279046906188,229.05788423153692
-6.8,-95.8,369, 9:20:14.575,20:14.6,1.72399E+12,-121.6485259,37.72298651497006,226.45109780439122
-7.2,-94.6,369, 9:20:15.328,20:15.3,1.72399E+12,-121.6482395,37.72307948,225.4003984063745
-11.4,-92.6,369, 9:20:16.750,20:16.7,1.72399E+12,-121.6476945,37.72325878723404,222.54305977710234
-6.9,-87.6,369, 9:20:17.370,20:17.4,1.72399E+12,-121.6474571,37.72333718,221.64940239043824
-7.1,-86.6,369, 9:20:17.873,20:17.9,1.72399E+12,-121.6472657,37.72340030079681,221.1484064
-8.1,-87.1,369, 9:20:19.207,20:19.2,1.72399E+12,-121.6467592,37.72356769014085,218.63983903420524
-8.8,-89.5,369, 9:20:19.847,20:19.8,1.72399E+12,-121.6465133,37.72364881690141,217.35211267605635
-7.6,-101,369, 9:20:20.411,20:20.4,1.72399E+12,-121.6462987,37.72372126838967,216.22664015904573
-7,-89.3,369, 9:20:20.938,20:20.9,1.72399E+12,-121.6460991,37.723789369781315,215.17892644135188
-7.6,-86.4,369, 9:20:21.607,20:21.6,1.72399E+12,-121.645844,37.723873881118884,214.42157842157843
-8,-87.9,369, 9:20:22.410,20:22.4,1.72399E+12,-121.6455406,37.7239761,213.23876123876124
-10.3,-93.7,369, 9:20:22.940,20:22.9,1.72399E+12,-121.6453426,37.7240444,212.17982017982018
-10.1,-93.8,369, 9:20:23.445,20:23.4,1.72399E+12,-121.6451504,37.724108447342026,211.16750250752256
-6.4,-92.1,369, 9:20:24.180,20:24.2,1.72399E+12,-121.6448696,37.72420131663326,209.6933867735471
-7.4,-97.1,369, 9:20:24.926,20:24.9,1.72399E+12,-121.6445848,37.724295501002004,208.19839679358716
-6.5,-95.3,369, 9:20:27.410,20:27.4,1.72399E+12,-121.6436468,37.72460612987013,204.22877122877122
-7.6,-91.2,369, 9:20:28.682,20:28.7,1.72399E+12,-121.6431729,37.724768452191235,202.34561752988049
-7.4,-93.8,369, 9:20:29.676,20:29.7,1.72399E+12,-121.6428008,37.724893281407034,201.3497487437186
-7.3,-95.7,369, 9:20:31.179,20:31.2,1.72399E+12,-121.6422402,37.72508119619619,199
-9.4,-90.8,369, 9:20:32.409,20:32.4,1.72399E+12,-121.6417793,37.725231546184745,198.61847389558233
-9.8,-92.4,369, 9:20:32.925,20:32.9,1.72399E+12,-121.6415856,37.725294751004014,198.1004016064257
-7.5,-94.4,369, 9:20:35.175,20:35.2,1.72399E+12,-121.6407653,37.725561216243655,197.85888324873096
-6.8,-90.6,369, 9:20:35.681,20:35.7,1.72399E+12,-121.6405809,37.72562388832487,197.3451776649746
-9.9,-88.5,369, 9:20:36.409,20:36.4,1.72399E+12,-121.6403191,37.72570992,197
-6.6,-89.8,369, 9:20:38.275,20:38.3,1.72399E+12,-121.639653,37.72592727108434,196
-7,-78,369, 9:20:38.860,20:38.9,1.72399E+12,-121.6394468,37.72599422891567,196
-9.2,-78.6,369, 9:20:39.407,20:39.4,1.72399E+12,-121.639251,37.72605722188755,196
-7.3,-79,369, 9:20:40.007,20:40.0,1.72399E+12,-121.6390347,37.72612649899599,196
-9.4,-89.3,369, 9:20:40.563,20:40.6,1.72399E+12,-121.6388415,37.72618725595238,196
-6,-87.1,369, 9:20:41.215,20:41.2,1.72399E+12,-121.638614,37.72625886130653,195.81206030150753
-9.1,-78.2,369, 9:20:41.963,20:42.0,1.72399E+12,-121.6383502,37.726342306532665,195.0603015075377
-6.9,-85.2,369, 9:20:42.504,20:42.5,1.72399E+12,-121.6381607,37.72640366999003,195
-6.9,-86.4,369, 9:20:43.343,20:43.3,1.72399E+12,-121.6378671,37.72649934596212,195
-10.3,-80.5,369, 9:20:43.962,20:44.0,1.72399E+12,-121.6376504,37.726570318045866,195
-10.1,-84.7,369, 9:20:44.653,20:44.7,1.72399E+12,-121.6374058,37.726652375757574,194.36969696969697
-7.3,-82.5,369, 9:20:45.206,20:45.2,1.72399E+12,-121.6372117,37.726718813999994,194
-9.8,-86.3,369, 9:20:45.997,20:46.0,1.72399E+12,-121.6369396,37.72681532,194
-7.3,-81.5,369, 9:20:46.542,20:46.5,1.72399E+12,-121.6367535,37.726887733333335,194
-6.8,-79.2,369, 9:20:47.148,20:47.1,1.72399E+12,-121.6365487,37.72697069841269,193.87698412698413
-9.3,-81,369, 9:20:47.867,20:47.9,1.72399E+12,-121.6363147,37.727079119047616,193.16369047619048
-9.2,-84.1,369, 9:20:48.396,20:48.4,1.72399E+12,-121.636143,37.72716448,192.63120567375887
-11.1,-81.4,369, 9:20:49.144,20:49.1,1.72399E+12,-121.635903,37.72728984707051,191.87586891757695
-8.9,-80.6,369, 9:20:49.798,20:49.8,1.72399E+12,-121.6357043,37.72740415094339,191.22641509433961
-6.1,-83,369, 9:20:50.412,20:50.4,1.72399E+12,-121.6355235,37.72751435657371,190.61553784860558
-4.9,-83.3,369, 9:20:51.002,20:51.0,1.72399E+12,-121.6353531,37.72762189641434,190.02788844621514
-4.9,-83.3,369, 9:20:51.608,20:51.6,1.72399E+12,-121.6351855,37.72774225075529,189.41792547834845
-5.4,-81.2,369, 9:20:52.353,20:52.4,1.72399E+12,-121.634988,37.72789284431138,188.34131736526948
-8.1,-77.4,369, 9:20:52.935,20:52.9,1.72399E+12,-121.6348416,37.72801249700599,187.17964071856287
-6.7,-79.4,369, 9:20:53.976,20:54.0,1.72399E+12,-121.6345872,37.72823431068931,186.04995004995004
-8.6,-77.9,369, 9:20:54.675,20:54.7,1.72399E+12,-121.6344314,37.72838857257257,184.7007007007007
-7.3,-76.4,369, 9:20:56.227,20:56.2,1.72399E+12,-121.6341011,37.728738432969216,182.59285004965244
-6.4,-72.7,369, 9:20:56.979,20:57.0,1.72399E+12,-121.6339585,37.728912430983115,181.09930486593842
-10.1,-72.4,369, 9:20:59.231,20:59.2,1.72399E+12,-121.6335459,37.72944025832493,178.59434914228052
-6.6,-79.8,369, 9:20:59.976,21:00.0,1.72399E+12,-121.6334083,37.72961541977801,177.09081735620586
-7.4,-90.9,369, 9:21:01.978,21:02.0,1.72399E+12,-121.633022,37.73008183333333,174.11111111111111
-3.9,-66.9,369, 9:21:02.980,21:03.0,1.72399E+12,-121.6328228,37.730319377889444,172.09849246231155
-7.4,-71.9,369, 9:21:04.429,21:04.4,1.72399E+12,-121.6325077,37.73066087083754,170.20282542885974
-10,-74.3,369, 9:21:05.231,21:05.2,1.72399E+12,-121.6323214,37.73084711940299,168.59004975124378
-6.1,-77.2,369, 9:21:05.977,21:06.0,1.72399E+12,-121.6321455,37.731014134328355,167.10547263681593
-7.3,-73.1,369, 9:21:08.226,21:08.2,1.72399E+12,-121.6315858,37.73150612765958,164.79939209726444
-6.5,-80.6,369, 9:21:08.979,21:09.0,1.72399E+12,-121.6313875,37.731666340425534,164.03647416413375
-10.1,-76.4,369, 9:21:10.975,21:11.0,1.72399E+12,-121.6308436,37.732056962189056,162.05174129353233
-6.9,-76.8,369, 9:21:11.936,21:11.9,1.72399E+12,-121.6305729,37.732240445554446,162
-7.8,-83.3,369, 9:21:13.226,21:13.2,1.72399E+12,-121.6301963,37.73247347614314,160.79622266401591
-8.2,-97.4,369, 9:21:14.204,21:14.2,1.72399E+12,-121.6299047,37.73264520321931,160
-8.9,-72.6,369, 9:21:14.979,21:15.0,1.72399E+12,-121.6296669,37.73277307042253,160
-8.6,-73.6,369, 9:21:17.230,21:17.2,1.72399E+12,-121.6289532,37.73311284036144,158.79819277108433
-8.1,-76.1,369, 9:21:17.976,21:18.0,1.72399E+12,-121.6287015,37.73321245682731,158.0491967871486
-12,-80.3,369, 9:21:19.577,21:19.6,1.72399E+12,-121.6281481,37.733393891326024,157.44765702891326
-14.8,-81.6,369, 9:21:20.227,21:20.2,1.72399E+12,-121.627919,37.73345765269461,156.7994011976048
-19.8,-84.2,369, 9:21:22.115,21:22.1,1.72399E+12,-121.6272335,37.733605601796405,154.9131736526946
-6.4,-72.6,206, 9:21:22.679,21:22.7,1.72399E+12,-121.627023,37.733635434131735,154.35029940119762
-6.5,-71.8,206, 9:21:24.677,21:24.7,1.72399E+12,-121.6262635,37.73371943831494,152.35205616850553
-6.4,-70.7,206, 9:21:25.426,21:25.4,1.72399E+12,-121.625978,37.73373911752988,151.20717131474103
-8.6,-69.4,206, 9:21:26.793,21:26.8,1.72399E+12,-121.6254493,37.733767590312816,149.23208879919272
-9.3,-69.8,206, 9:21:27.414,21:27.4,1.72399E+12,-121.6252107,37.733780930486596,148.22343594836147
-6.3,-69.1,206, 9:21:28.182,21:28.2,1.72399E+12,-121.6249178,37.73379910810811,146.84784784784785
-7.1,-67.3,206, 9:21:28.734,21:28.7,1.72399E+12,-121.6247029,37.73381402702703,146.2952952952953
-7.3,-69.1,206, 9:21:29.409,21:29.4,1.72399E+12,-121.624439,37.73383081048387,145.23387096774192
-8.1,-67.3,206, 9:21:30.231,21:30.2,1.72399E+12,-121.6241174,37.733850454545454,143.7902097902098
-10.1,-70.6,206, 9:21:30.978,21:31.0,1.72399E+12,-121.6238271,37.73386985714286,143.04395604395606
-6.3,-70.8,206, 9:21:31.613,21:31.6,1.72399E+12,-121.6235856,37.73388451192843,141.82504970178925
-8.4,-67.4,206, 9:21:32.215,21:32.2,1.72399E+12,-121.6233543,37.73389911550152,140.81053698074976
-8.9,-67.7,206, 9:21:32.977,21:33.0,1.72399E+12,-121.623054,37.733919960486325,140.03850050658562
-6.4,-68.3,206, 9:21:33.950,21:33.9,1.72399E+12,-121.62268,37.73394222902271,138.15399802566634
-7,-71.4,206, 9:21:34.910,21:34.9,1.72399E+12,-121.6223143,37.73396779020979,137.11888111888112
-6.8,-71.2,206, 9:21:35.610,21:35.6,1.72399E+12,-121.6220423,37.73398848244734,135.8345035105316
-7.4,-75.6,206, 9:21:36.190,21:36.2,1.72399E+12,-121.6218162,37.734005414755735,134.83649052841474
-7.4,-75.6,206, 9:21:36.707,21:36.7,1.72399E+12,-121.6216152,37.73401933200399,134.3210369
-6.5,-76.1,206, 9:21:37.411,21:37.4,1.72399E+12,-121.6213439,37.73403835542169,133.23293172690762
-6.8,-72.1,206, 9:21:37.977,21:38.0,1.72399E+12,-121.6211274,37.73405369879518,132.09638554216866
-7.1,-73.6,206, 9:21:38.611,21:38.6,1.72399E+12,-121.6208868,37.73407016,131.41691542288558
-9.8,-72.2,206, 9:21:39.303,21:39.3,1.72399E+12,-121.6206211,37.73408840060241,130.45180722891567
-6.6,-77.3,206, 9:21:40.551,21:40.6,1.72399E+12,-121.6201368,37.73412226056338,127.94366197183099
-9.4,-75.7,206, 9:21:42.002,21:42.0,1.72399E+12,-121.6195829,37.73416053,126.018
-7.6,-73.1,206, 9:21:43.555,21:43.6,1.72399E+12,-121.6189934,37.73420621478522,122.94705294705295
-9.3,-75.2,206, 9:21:45.303,21:45.3,1.72399E+12,-121.6183236,37.73425245663011,120.44765702891326
-6.1,-76.5,206, 9:21:45.809,21:45.8,1.72399E+12,-121.6181273,37.73426608,119.43868394815553
-7.1,-72.6,206, 9:21:47.997,21:48.0,1.72399E+12,-121.6172911,37.734324174603174,117.03174603174604
-7.3,-74.6,206, 9:21:49.308,21:49.3,1.72399E+12,-121.6167903,37.734355613999995,114.718
-7.3,-70.3,206, 9:21:50.303,21:50.3,1.72399E+12,-121.6164105,37.734382479000004,113.446
-7.4,-77.6,206, 9:21:51.010,21:51.0,1.72399E+12,-121.6161411,37.73440157,112.032
-7.8,-79.1,206, 9:21:52.325,21:52.3,1.72399E+12,-121.61564,37.734436005970146,110.70348258706467
-7.9,-77.8,206, 9:21:52.834,21:52.8,1.72399E+12,-121.6154471,37.73444968059701,110.19701492537314
-8.3,-77.5,206, 9:21:53.457,21:53.5,1.72399E+12,-121.6152127,37.73446649799599,110
-6.4,-77.1,206, 9:21:54.410,21:54.4,1.72399E+12,-121.6148525,37.73449228056112,109.61923847695391
-9.3,-77.8,206, 9:21:55.147,21:55.1,1.72399E+12,-121.6145708,37.734512087824356,108.8812375249501
-7.4,-78.1,206, 9:21:55.874,21:55.9,1.72399E+12,-121.6142943,37.73453095209581,108.1556886227545
-6.1,-79.7,206, 9:21:56.410,21:56.4,1.72399E+12,-121.6140891,37.73454531155779,107.61809045226131
-6.3,-78.4,206, 9:21:57.593,21:57.6,1.72399E+12,-121.6136325,37.734581273453095,106.43313373253493
-6.7,-80,206, 9:21:58.266,21:58.3,1.72399E+12,-121.6133703,37.73460347,106
-8.3,-80.4,206, 9:21:58.924,21:58.9,1.72399E+12,-121.6131123,37.73462403,106
-7.9,-86.3,206, 9:21:59.427,21:59.4,1.72399E+12,-121.6129141,37.734644067729086,105.59362549800797
-9.3,-82.1,206, 9:22:00.228,22:00.2,1.72399E+12,-121.6125979,37.734677575697205,104.79581673306772
-10.3,-85.6,206, 9:22:01.683,22:01.7,1.72399E+12,-121.6120208,37.73474060882648,103.34202607823471
-7.6,-86.8,206, 9:22:03.225,22:03.2,1.72399E+12,-121.6114088,37.7348214,102
-8.6,-84.5,206, 9:22:03.976,22:04.0,1.72399E+12,-121.6111114,37.73486421,102
-11.6,-87,206, 9:22:05.980,22:06.0,1.72399E+12,-121.6103159,37.73499406325301,100.04518072289157
-7.6,-86.4,206, 9:22:06.973,22:07.0,1.72399E+12,-121.609925,37.73506088899901,99.06045589692765
-7.5,-88.6,206, 9:22:08.425,22:08.4,1.72399E+12,-121.6093549,37.735173743486975,98.60320641282566
-7.6,-85.1,206, 9:22:09.225,22:09.2,1.72399E+12,-121.6090394,37.73523854925373,97.80298507462686
-6.1,-89.2,206, 9:22:10.731,22:10.7,1.72399E+12,-121.6084522,37.735370121975805,97
-7.6,-87.3,206, 9:22:12.228,22:12.2,1.72399E+12,-121.6078697,37.735513333000995,96
-9.9,-86.6,206, 9:22:12.973,22:13.0,1.72399E+12,-121.6075868,37.73558686739781,96
-6.7,-90.6,206, 9:22:13.511,22:13.5,1.72399E+12,-121.6073779,37.735642057999996,95.514
-6.7,-94.4,206, 9:22:14.223,22:14.2,1.72399E+12,-121.6071005,37.73571551710262,95
-7.3,-93.9,206, 9:22:14.967,22:15.0,1.72399E+12,-121.6068094,37.73579261167002,95
-7.1,-91.6,206, 9:22:15.514,22:15.5,1.72399E+12,-121.6066023,37.735850285291214,94.51135241855873
-9.3,-91.2,206, 9:22:16.217,22:16.2,1.72399E+12,-121.6063345,37.73592493454179,94
-7.4,-87.2,206, 9:22:16.893,22:16.9,1.72399E+12,-121.6060697,37.73599777643505,94
-6.9,-90.6,206, 9:22:17.412,22:17.4,1.72399E+12,-121.6058701,37.73605314543631,94
-8.9,-91.3,206, 9:22:18.174,22:18.2,1.72399E+12,-121.6055805,37.73613354716981,94
-5.2,-87.1,206, 9:22:18.973,22:19.0,1.72399E+12,-121.6052838,37.736215272095336,94
-8,-86.8,206, 9:22:19.607,22:19.6,1.72399E+12,-121.6050422,37.73628285,94.578
-6.6,-86.6,206, 9:22:20.158,22:20.2,1.72399E+12,-121.6048326,37.73634185843373,95.12951807228916
-6.1,-89.7,206, 9:22:21.157,22:21.2,1.72399E+12,-121.604458,37.73644854183267,96.13147410358566
-8,-86.3,206, 9:22:21.901,22:21.9,1.72399E+12,-121.6041816,37.73652487,96.87250996015936
-10.3,-85.8,206, 9:22:23.901,22:23.9,1.72399E+12,-121.6034251,37.73673502,98.874
-7.3,-87.4,206, 9:22:25.151,22:25.2,1.72399E+12,-121.6029556,37.73686846031746,100.25396825396825
-7.6,-86.1,206, 9:22:26.152,22:26.2,1.72399E+12,-121.6025776,37.736973985957874,102.12136409227683
-6.3,-87.1,206, 9:22:27.403,22:27.4,1.72399E+12,-121.6021061,37.73710813,103.375
-8,-96.3,206, 9:22:28.901,22:28.9,1.72399E+12,-121.6015342,37.737265009009015,104
-10.3,-88.7,206, 9:22:30.400,22:30.4,1.72399E+12,-121.6009519,37.73741642372881,105
-7.9,-97.3,206, 9:22:31.153,22:31.2,1.72399E+12,-121.6006587,37.73748741941942,105
-9.7,-93.3,206, 9:22:32.571,22:32.6,1.72399E+12,-121.600096,37.73761578,104.457
-13.1,-99.1,206, 9:22:33.403,22:33.4,1.72399E+12,-121.5997666,37.73768740578265,103.62612163509472
-11.4,-90.6,206, 9:22:35.407,22:35.4,1.72399E+12,-121.5989681,37.737857270270275,101.62162162162163
-8.3,-90.1,206, 9:22:36.401,22:36.4,1.72399E+12,-121.5985658,37.73793425625625,100.62662662662663
-12.4,-96.8,206, 9:22:36.902,22:36.9,1.72399E+12,-121.5983627,37.73797086586587,100.12512512512512
-16.4,-101.9,206, 9:22:38.886,22:38.9,1.72399E+12,-121.5975524,37.73812138291457,96.27939698492462
-13.2,-99.6,437, 9:22:39.571,22:39.6,1.72399E+12,-121.597271,37.73817186,94.908
-14.8,-91.9,437, 9:22:41.445,22:41.4,1.72399E+12,-121.5965044,37.73831653,91.17034068136273
-8.7,-92.9,437, 9:22:42.399,22:42.4,1.72399E+12,-121.5961157,37.73838946153846,89.26073926073926
-9.3,-91.9,437, 9:22:44.401,22:44.4,1.72399E+12,-121.595308,37.738542405566605,85.25248508946322
-11.2,-87.1,437, 9:22:44.906,22:44.9,1.72399E+12,-121.5951052,37.73858055666004,84.24850894632206
-8.9,-84.4,437, 9:22:46.901,22:46.9,1.72399E+12,-121.5942988,37.73872558682635,80.26147704590818
-15.1,-87.9,437, 9:22:48.149,22:48.1,1.72399E+12,-121.5937998,37.738820052579364,78.87599206349206
-13.8,-91.1,437, 9:22:49.400,22:49.4,1.72399E+12,-121.5933058,37.738912052156465,77.63089268
-10.8,-87,437, 9:22:50.650,22:50.6,1.72399E+12,-121.5928144,37.73900782,76.379
-9.6,-84.1,437, 9:22:51.401,22:51.4,1.72399E+12,-121.5925227,37.739063703888334,76
-12.4,-82.1,437, 9:22:53.405,22:53.4,1.72399E+12,-121.5917454,37.739210452452454,75.62562562562563
-9.2,-81.1,437, 9:22:54.405,22:54.4,1.72399E+12,-121.5913602,37.73928667203219,75
-9.9,-83.6,437, 9:22:55.902,22:55.9,1.72399E+12,-121.5907846,37.73939771172962,74.12723658
-13.3,-85.9,437, 9:22:57.154,22:57.2,1.72399E+12,-121.5902946,37.739492704658076,74
-10.4,-88.6,437, 9:22:58.156,22:58.2,1.72399E+12,-121.5899078,37.739564426426426,73.87087087087087
-8.1,-83.3,437, 9:22:59.406,22:59.4,1.72399E+12,-121.5894175,37.73965699598394,73
-10.9,-84.8,437, 9:23:00.151,23:00.2,1.72399E+12,-121.5891222,37.73971372619048,72.87202380952381
-6.8,-76.4,437, 9:23:01.416,23:01.4,1.72399E+12,-121.5886327,37.739808206206206,72
-9.1,-80.1,437, 9:23:02.140,23:02.1,1.72399E+12,-121.58835,37.73986098401598,71.88911089
-9.1,-80.1,437, 9:23:02.829,23:02.8,1.72399E+12,-121.5880767,37.739910542457544,71.2007992
-9.7,-76.4,437, 9:23:03.422,23:03.4,1.72399E+12,-121.5878415,37.73995367334669,71
-8.7,-76.6,437, 9:23:03.976,23:04.0,1.72399E+12,-121.5876216,37.739994196392786,71
-9.5,-76.8,437, 9:23:04.648,23:04.6,1.72399E+12,-121.5873605,37.74004250648056,71
-7.8,-75.9,437, 9:23:05.249,23:05.2,1.72399E+12,-121.5871254,37.74008592992993,70.78178178178179
-6.6,-76.1,437, 9:23:05.969,23:06.0,1.72399E+12,-121.5868392,37.740138542542546,70.06106106106107
-8.9,-78.6,437, 9:23:06.566,23:06.6,1.72399E+12,-121.5866028,37.74018147657029,70
-11.5,-77,437, 9:23:07.225,23:07.2,1.72399E+12,-121.586341,37.740229157575754,69.80606060606061
-8.5,-76.8,437, 9:23:07.965,23:08.0,1.72399E+12,-121.5860443,37.740283723232324,69.05858585858586
-9.4,-79,437, 9:23:08.686,23:08.7,1.72399E+12,-121.5857644,37.74033549850746,69
-11.3,-80.3,437, 9:23:09.277,23:09.3,1.72399E+12,-121.5855333,37.7403782,69.24924924924925
-7.4,-80.8,437, 9:23:09.997,23:10.0,1.72399E+12,-121.5852479,37.74043080780781,69.96996996996997
-12.9,-86.3,437, 9:23:11.778,23:11.8,1.72399E+12,-121.5845468,37.74056015392354,71
-12.1,-86.9,437, 9:23:12.297,23:12.3,1.72399E+12,-121.5843434,37.74059773386296,71.27408142999008
-10.1,-93.2,437, 9:23:12.811,23:12.8,1.72399E+12,-121.5841448,37.740634484607746,71.78450844
-10.9,-91.6,437, 9:23:13.432,23:13.4,1.72399E+12,-121.5839037,37.74067628628629,72.4044044
-14.1,-88.8,437, 9:23:14.102,23:14.1,1.72399E+12,-121.5836428,37.74071987012987,73.07492507492508
-10.1,-85.8,437, 9:23:14.610,23:14.6,1.72399E+12,-121.5834449,37.74075285714286,73.58241758241758
-9.1,-84.7,437, 9:23:15.357,23:15.4,1.72399E+12,-121.5831515,37.74079879058116,74.32965931863727
-10.6,-89.8,437, 9:23:15.889,23:15.9,1.72399E+12,-121.5829404,37.74082918,74.86272545
-10.6,-91.2,437, 9:23:16.556,23:16.6,1.72399E+12,-121.5826771,37.74086542105263,75.52631578947368
-12.9,-84.3,437, 9:23:17.355,23:17.4,1.72399E+12,-121.5823613,37.74090804895105,76.32167832167832
-17.1,-87.8,437, 9:23:18.051,23:18.1,1.72399E+12,-121.5820852,37.74094498375634,77.01725888324873
-13.9,-83.7,437, 9:23:18.551,23:18.6,1.72399E+12,-121.5818842,37.740973917766496,77.5248731
-14.3,-80.9,437, 9:23:19.245,23:19.2,1.72399E+12,-121.5816068,37.74101380516898,78.22465208747515
-15.4,-81.7,437, 9:23:19.997,23:20.0,1.72399E+12,-121.58131,37.74105641351889,78.97216699801193
-16.9,-87.6,437, 9:23:20.689,23:20.7,1.72399E+12,-121.5810303,37.741096473526476,79.66333666333666
-18.9,-87.6,437, 9:23:22.498,23:22.5,1.72399E+12,-121.5802997,37.741199843687376,80
-25.5,-97.3,437, 9:23:23.243,23:23.2,1.72399E+12,-121.5799967,37.741242356643355,79.78321678321679
-13.2,-90.9,358, 9:23:23.995,23:24.0,1.72399E+12,-121.5796872,37.74128517782218,79.03196803196803
-13.1,-84,358, 9:23:26.446,23:26.4,1.72399E+12,-121.5786771,37.741409305220884,77.58032128514056
-12,-77,358, 9:23:27.498,23:27.5,1.72399E+12,-121.5782462,37.741453994005994,76.52647352647352
-13.2,-73.4,358, 9:23:29.244,23:29.2,1.72399E+12,-121.577542,37.74151655059524,74.78075396825396
-12.8,-75.2,358, 9:23:29.993,23:30.0,1.72399E+12,-121.577247,37.74154553,74.03769841269842
-13.6,-80.3,358, 9:23:30.493,23:30.5,1.72399E+12,-121.5770492,37.741560846153845,73.53846153846153
-12.6,-84,358, 9:23:32.106,23:32.1,1.72399E+12,-121.5764155,37.741606225422046,71.91757696127111
-11,-78.8,358, 9:23:32.673,23:32.7,1.72399E+12,-121.5762004,37.741621428003974,71.35451837
-10.6,-79.9,358, 9:23:33.324,23:33.3,1.72399E+12,-121.5759528,37.74163865931863,70.70541082164328
-10.6,-80.8,358, 9:23:33.975,23:34.0,1.72399E+12,-121.5757042,37.74165561923847,70.05310621242485
-9.8,-83.2,358, 9:23:34.620,23:34.6,1.72399E+12,-121.5754581,37.74167296803196,69.40859141
-11.9,-80.9,358, 9:23:35.268,23:35.3,1.72399E+12,-121.5752108,37.74169118436874,68.76052104208416
-9.4,-83,358, 9:23:36.052,23:36.1,1.72399E+12,-121.5749117,37.74171477191235,67.97509960159363
-11.8,-86.3,358, 9:23:36.827,23:36.8,1.72399E+12,-121.574623,37.741738701195224,67.20318725099601
-12.6,-89.5,358, 9:23:37.412,23:37.4,1.72399E+12,-121.5744039,37.74175532831325,66.61746987951807
-9.4,-83.9,358, 9:23:38.000,23:38.0,1.72399E+12,-121.5741831,37.741771268072284,66.02710843373494
-9.3,-85.5,358, 9:23:38.611,23:38.6,1.72399E+12,-121.5739548,37.741789502497504,65.41658341658342
-15.5,-83.6,358, 9:23:39.360,23:39.4,1.72399E+12,-121.5736747,37.7418123,65
-14.1,-81.9,358, 9:23:40.105,23:40.1,1.72399E+12,-121.5733953,37.74183533766234,64.92207792207792
-10.6,-78.9,358, 9:23:40.840,23:40.8,1.72399E+12,-121.5731156,37.74185736563437,64.18781218781218
-9.8,-77.7,358, 9:23:42.676,23:42.7,1.72399E+12,-121.5724224,37.7419095,64
-15.1,-79.6,358, 9:23:44.358,23:44.4,1.72399E+12,-121.571792,37.741957199000005,63.671
-14.6,-95.1,358, 9:23:45.445,23:45.4,1.72399E+12,-121.5713851,37.74198883767535,63.41683366733467
-14.9,-78.6,358, 9:23:47.104,23:47.1,1.72399E+12,-121.5707641,37.742037087349395,64
-14.6,-80.6,358, 9:23:48.008,23:48.0,1.72399E+12,-121.5704246,37.74206159337349,64
-15.3,-81,358, 9:23:48.686,23:48.7,1.72399E+12,-121.5701728,37.74207911817279,64
-13.5,-79.6,358, 9:23:49.760,23:49.8,1.72399E+12,-121.5697671,37.74210769030969,64
-11.6,-83.1,358, 9:23:50.351,23:50.4,1.72399E+12,-121.5695435,37.74212498992951,63.67774420946626
-12.3,-88.3,358, 9:23:50.960,23:51.0,1.72399E+12,-121.5693141,37.74214400201409,63.06445115810675
-12.6,-88,358, 9:23:51.572,23:51.6,1.72399E+12,-121.5690806,37.74216029087262,63
-14.7,-87.2,358, 9:23:52.089,23:52.1,1.72399E+12,-121.5688838,37.74217408712871,63
-12.3,-81.3,358, 9:23:52.643,23:52.6,1.72399E+12,-121.5686787,37.74219109108911,63
-11.3,-79.8,358, 9:23:53.212,23:53.2,1.72399E+12,-121.568466,37.74220769660679,63
-13,-80,358, 9:23:53.955,23:54.0,1.72399E+12,-121.5681827,37.74222697604791,63
-16.2,-80.8,358, 9:23:54.717,23:54.7,1.72399E+12,-121.5678913,37.74225028915663,63
-13,-83.4,358, 9:23:55.409,23:55.4,1.72399E+12,-121.567624,37.74227141141141,63
-10.9,-81.6,358, 9:23:56.485,23:56.5,1.72399E+12,-121.5672086,37.742302326673325,62.54345654345654
-11.4,-82.6,358, 9:23:57.198,23:57.2,1.72399E+12,-121.5669351,37.74232225476429,62
-14.6,-82.6,358, 9:23:57.841,23:57.8,1.72399E+12,-121.5666842,37.74234224774323,62
-14.6,-84.8,358, 9:23:58.409,23:58.4,1.72399E+12,-121.5664661,37.74235949,61.617
-11.4,-83.6,358, 9:23:58.998,23:59.0,1.72399E+12,-121.5662417,37.742377160000004,61.028
-13.1,-84.1,358, 9:24:00.297,24:00.3,1.72399E+12,-121.5657424,37.74241240019861,60.72591857000993
-12.2,-88.8,358, 9:24:01.796,24:01.8,1.72399E+12,-121.5651612,37.74245504,59.232
-12.9,-92.4,358, 9:24:03.686,24:03.7,1.72399E+12,-121.5644345,37.742508700598805,56.68662674650699
-14.6,-95.1,358, 9:24:04.677,24:04.7,1.72399E+12,-121.5640474,37.74253915778895,55.34974874371859
-14.9,-94.1,358, 9:24:05.996,24:06.0,1.72399E+12,-121.5635325,37.74257918837675,54.02705410821643
-14.2,-99.1,358, 9:24:06.681,24:06.7,1.72399E+12,-121.5632705,37.74260045937813,54
-18.8,-100.4,358, 9:24:08.540,24:08.5,1.72399E+12,-121.5625525,37.74265338922156,51.48702594810379
-22.9,-105.7,358, 9:24:09.797,24:09.8,1.72399E+12,-121.5620627,37.74268884638554,50.22791164658634
-19.8,-103.9,358, 9:24:10.791,24:10.8,1.72399E+12,-121.5616752,37.74271798701299,49.23376623376623
-21,-104.3,358, 9:24:12.408,24:12.4,1.72399E+12,-121.5610456,37.74276636995968,47.61592741935484
-24.7,-108.4,358, 9:24:12.996,24:13.0,1.72399E+12,-121.560815,37.742782373991936,47.02318548387097
-20,-103.9,358, 9:24:15.292,24:15.3,1.72399E+12,-121.5599222,37.742853057654074,44.73359840954274
-20.6,-106.3,358, 9:24:16.542,24:16.5,1.72399E+12,-121.559431,37.74289187951807,43.48594378
-14.8,-95.5,358, 9:24:17.445,24:17.4,1.72399E+12,-121.5590801,37.74291748262165,42.58391261171798
-16.6,-92.2,358, 9:24:18.689,24:18.7,1.72399E+12,-121.5586008,37.74295552068618,41.33804238
-12.4,-91.1,358, 9:24:19.292,24:19.3,1.72399E+12,-121.558368,37.742974023952094,40.73253493013972
-14.6,-92.9,358, 9:24:21.409,24:21.4,1.72399E+12,-121.5575443,37.74303446706587,38.23552894211577
-18.2,-97.4,358, 9:24:21.997,24:22.0,1.72399E+12,-121.557316,37.74305207185629,37.06187624750499
-21.7,-108.7,358, 9:24:23.996,24:24.0,1.72399E+12,-121.5565342,37.74311336427851,35.02119071644803
-26.8,-113.9,358, 9:24:24.679,24:24.7,1.72399E+12,-121.556272,37.743134238658776,34.34714003944773
-26.8,-112.6,358, 9:24:26.551,24:26.6,1.72399E+12,-121.5555392,37.74319177844311,32.474051896207584
-18,-103.1,358, 9:24:27.674,24:27.7,1.72399E+12,-121.5550989,37.74322609,31.352
-16.8,-99.8,358, 9:24:28.762,24:28.8,1.72399E+12,-121.5546698,37.74325614,31
-17.6,-102.4,358, 9:24:30.543,24:30.5,1.72399E+12,-121.5539713,37.74330950898204,29.48303393213573
-16,-103,358, 9:24:31.679,24:31.7,1.72399E+12,-121.5535199,37.74334431356784,28.344723618090452
-21.4,-109.7,358, 9:24:32.997,24:33.0,1.72399E+12,-121.5530067,37.743384017857146,27.032738095238095
-12.5,-97.5,358, 9:24:33.685,24:33.7,1.72399E+12,-121.5527324,37.74340543,27
-12,-95.6,358, 9:24:34.198,24:34.2,1.72399E+12,-121.5525281,37.74342120438684,26.826520438683946
-12,-94.9,358, 9:24:34.979,24:35.0,1.72399E+12,-121.552219,37.743444564307076,26.047856430707878
-12.3,-96,358, 9:24:35.586,24:35.6,1.72399E+12,-121.5519832,37.743463277168495,25.442671984047855
-12.7,-96,358, 9:24:36.140,24:36.1,1.72399E+12,-121.5517672,37.74347998192771,25
-10.1,-93.1,358, 9:24:36.682,24:36.7,1.72399E+12,-121.5515511,37.743494674698795,25
-11.4,-93.6,358, 9:24:37.229,24:37.2,1.72399E+12,-121.5513335,37.74350847,25
-9.9,-93.2,358, 9:24:37.786,24:37.8,1.72399E+12,-121.5511124,37.74352075350701,25
-13.8,-95.2,358, 9:24:38.413,24:38.4,1.72399E+12,-121.5508674,37.743532193034824,24.612935323383084
-13.9,-92.3,358, 9:24:39.153,24:39.2,1.72399E+12,-121.5505798,37.74354287,23.876
-12.1,-92.5,358, 9:24:39.938,24:39.9,1.72399E+12,-121.5502681,37.74354836,23.091
-13.6,-94.5,358, 9:24:40.611,24:40.6,1.72399E+12,-121.5499996,37.743551342052314,23
-13.4,-91.4,358, 9:24:41.227,24:41.2,1.72399E+12,-121.549756,37.743553,23
-12.8,-92.5,358, 9:24:41.979,24:42.0,1.72399E+12,-121.549465,37.743553,23
-13.5,-91.6,358, 9:24:42.728,24:42.7,1.72399E+12,-121.549167,37.74354808032128,22.29718875502008
-12.8,-90.6,358, 9:24:43.229,24:43.2,1.72399E+12,-121.548968,37.74354354491018,22
-13.9,-92.4,358, 9:24:43.982,24:44.0,1.72399E+12,-121.5486704,37.74353452694611,22
-10.7,-90.6,358, 9:24:44.676,24:44.7,1.72399E+12,-121.5483996,37.74351641482966,21.34869739478958
-10.7,-90.6,358, 9:24:45.681,24:45.7,1.72399E+12,-121.5480024,37.74348987,21
-11,-91.9,358, 9:24:46.978,24:47.0,1.72399E+12,-121.5474798,37.74345901098901,21
-16.3,-91.9,358, 9:24:48.433,24:48.4,1.72399E+12,-121.5468945,37.74342008,20
-17.3,-96.8,358, 9:24:49.228,24:49.2,1.72399E+12,-121.5465709,37.743399560439556,20
-16.8,-97.6,358, 9:24:50.984,24:51.0,1.72399E+12,-121.5458469,37.74335610921844,20
-23.1,-99.9,358, 9:24:51.678,24:51.7,1.72399E+12,-121.5455588,37.743339859879036,20
-28.8,-100,358, 9:24:52.200,24:52.2,1.72399E+12,-121.5453441,37.743327073778666,20
-11,-81.3,240, 9:24:52.737,24:52.7,1.72399E+12,-121.5451273,37.743312618145566,20
-11.1,-81.7,240, 9:24:53.406,24:53.4,1.72399E+12,-121.5448549,37.74329502385686,20
-9.4,-81.7,240, 9:24:53.951,24:54.0,1.72399E+12,-121.5446317,37.743280938369786,20
-10.9,-78.9,240, 9:24:54.638,24:54.6,1.72399E+12,-121.5443481,37.74326488164494,20
-11.8,-79.7,240, 9:24:55.384,24:55.4,1.72399E+12,-121.5440398,37.743246223671015,20
-13.4,-82.1,240, 9:24:55.954,24:56.0,1.72399E+12,-121.5438043,37.74323078736209,20
-9.9,-74.1,240, 9:24:56.636,24:56.6,1.72399E+12,-121.5435284,37.74321484615385,20.615384615384617
-7.9,-72.8,240, 9:24:57.204,24:57.2,1.72399E+12,-121.5432968,37.743201098214286,21
-9.2,-72.8,240, 9:24:57.761,24:57.8,1.72399E+12,-121.5430647,37.74318617857143,21
-13.5,-80.8,240, 9:24:58.382,24:58.4,1.72399E+12,-121.542807,37.74316976659959,20.64486921529175
-13.3,-87.8,464, 9:24:58.933,24:58.9,1.72399E+12,-121.5425792,37.743155354124745,20.090543259557343
-10.8,-86.7,464, 9:24:59.601,24:59.6,1.72399E+12,-121.5423077,37.74313737837838,20.57857857857858
-12.3,-83.9,464, 9:25:00.352,25:00.4,1.72399E+12,-121.5420016,37.74311713,21
-11.4,-89.4,464, 9:25:01.577,25:01.6,1.72399E+12,-121.541498,37.74308467,21
-9.4,-91.8,464, 9:25:03.685,25:03.7,1.72399E+12,-121.5406375,37.74303220515362,21
-13.5,-98.6,464, 9:25:04.891,25:04.9,1.72399E+12,-121.5401426,37.743003213572855,21
-18.4,-107,464, 9:25:06.089,25:06.1,1.72399E+12,-121.5396459,37.74297129083665,21
-17.1,-94.1,358, 9:25:07.437,25:07.4,1.72399E+12,-121.5390919,37.74293591891892,21
-18,-93.9,358, 9:25:08.684,25:08.7,1.72399E+12,-121.5385771,37.74290482046138,20.340020060180542
-15.4,-94.8,358, 9:25:09.677,25:09.7,1.72399E+12,-121.5381673,37.74287932432433,20
-17,-95.9,358, 9:25:11.311,25:11.3,1.72399E+12,-121.5375024,37.74283622768305,20
-18.9,-98.9,358, 9:25:11.997,25:12.0,1.72399E+12,-121.5372189,37.74281764994985,20
-15.5,-96.2,358, 9:25:12.498,25:12.5,1.72399E+12,-121.5370168,37.742804185074625,20
-14.3,-96,358, 9:25:13.340,25:13.3,1.72399E+12,-121.5366776,37.74278280677291,20
-14.4,-96.1,358, 9:25:13.908,25:13.9,1.72399E+12,-121.5364491,37.74276979482072,20
-13.3,-95.4,358, 9:25:14.531,25:14.5,1.72399E+12,-121.5361971,37.74275197,19.499
-13.2,-96.4,358, 9:25:15.164,25:15.2,1.72399E+12,-121.5359406,37.74273390562249,19
-13.3,-96.7,358, 9:25:15.909,25:15.9,1.72399E+12,-121.5356385,37.742716701807225,19
-16.6,-97.1,358, 9:25:16.424,25:16.4,1.72399E+12,-121.5354297,37.742703221664996,19
-19.2,-96.9,358, 9:25:16.977,25:17.0,1.72399E+12,-121.5352056,37.742688245737206,19
-16.8,-97.1,358, 9:25:17.607,25:17.6,1.72399E+12,-121.5349545,37.74267177031093,19
-16.6,-96.1,358, 9:25:18.158,25:18.2,1.72399E+12,-121.5347354,37.742657838645414,19
-15.9,-94.8,358, 9:25:18.777,25:18.8,1.72399E+12,-121.5344907,37.74264365836653,19
-14.7,-92.6,358, 9:25:19.351,25:19.4,1.72399E+12,-121.5342612,37.74262918862275,18.67365269461078
-22.4,-82.4,358, 9:25:20.590,25:20.6,1.72399E+12,-121.5337651,37.742598027999996,18
-22.4,-82.4,358, 9:25:21.445,25:21.4,1.72399E+12,-121.5334295,37.742575467597206,18
-14.1,-72.4,75, 9:25:22.157,25:22.2,1.72399E+12,-121.5331519,37.742554523138836,17.87122736418511
-10.1,-69.9,75, 9:25:23.158,25:23.2,1.72399E+12,-121.5327528,37.74252791044776,17
-10.8,-67.4,75, 9:25:24.009,25:24.0,1.72399E+12,-121.5324175,37.74250843482587,17
-10.9,-68.2,75, 9:25:24.552,25:24.6,1.72399E+12,-121.5322018,37.742495935935935,17
-10.8,-71.8,75, 9:25:25.068,25:25.1,1.72399E+12,-121.5319967,37.742483891891894,16.95895895895896
-9.7,-73.1,75, 9:25:25.608,25:25.6,1.72399E+12,-121.5317821,37.7424693,16.41841841841842
-13,-82.1,75, 9:25:26.132,25:26.1,1.72399E+12,-121.5315738,37.74245523570712,16
-16.7,-101.9,75, 9:25:26.972,25:27.0,1.72399E+12,-121.5312393,37.74243332998997,16
-13.3,-95.8,75, 9:25:27.564,25:27.6,1.72399E+12,-121.5310086,37.74241956,16
-14.1,-92.1,75, 9:25:28.152,25:28.2,1.72399E+12,-121.5307789,37.74240603003003,15.87087087087087
-15.3,-90.3,75, 9:25:28.710,25:28.7,1.72399E+12,-121.5305577,37.74239318318319,15.312312312312311
-9.7,-87.6,75, 9:25:29.225,25:29.2,1.72399E+12,-121.530354,37.74238136805556,14.79861111111111
-13.4,-90.4,75, 9:25:29.943,25:29.9,1.72399E+12,-121.5300713,37.742364985119046,14.086309523809524
-14.1,-85.7,75, 9:25:30.649,25:30.6,1.72399E+12,-121.5297883,37.74234608,14
-11.6,-85.4,75, 9:25:31.200,25:31.2,1.72399E+12,-121.5295684,37.74233185133796,14
-12.4,-82.3,75, 9:25:31.999,25:32.0,1.72399E+12,-121.529254,37.74231364,14
-15.9,-89.9,75, 9:25:32.507,25:32.5,1.72399E+12,-121.5290525,37.74230049498998,13.519038076152304
-15.7,-78.4,75, 9:25:33.082,25:33.1,1.72399E+12,-121.5288244,37.74228546560319,13
-10,-82.7,75, 9:25:33.802,25:33.8,1.72399E+12,-121.5285395,37.74226608374875,13
-7.1,-83.4,75, 9:25:34.349,25:34.3,1.72399E+12,-121.5283249,37.74224906412826,12.678356713426854
-12.4,-76.1,75, 9:25:35.010,25:35.0,1.72399E+12,-121.5280672,37.74222654509018,12.016032064128257
-12,-76.1,75, 9:25:35.676,25:35.7,1.72399E+12,-121.527803,37.742205850000005,12
-13.8,-80.6,75, 9:25:36.409,25:36.4,1.72399E+12,-121.5275097,37.74218354,12
-12.4,-86,75, 9:25:37.576,25:37.6,1.72399E+12,-121.5270385,37.74214804,12
-13.7,-84,75, 9:25:38.335,25:38.3,1.72399E+12,-121.5267288,37.74212572972973,11.693693693693694
-13.4,-96.1,75, 9:25:38.939,25:38.9,1.72399E+12,-121.5264797,37.74210941,11.08908908908909
-16.2,-95.8,75, 9:25:40.668,25:40.7,1.72399E+12,-121.5257699,37.74206622914573,10.357788944723618
-17.3,-93.3,75, 9:25:41.431,25:41.4,1.72399E+12,-121.5254528,37.742047043868396,10
-17.2,-93.6,75, 9:25:42.989,25:43.0,1.72399E+12,-121.5248007,37.74200481653226,10
-17.2,-93.7,75, 9:25:43.685,25:43.7,1.72399E+12,-121.5245158,37.741986821428576,10
-18.6,-91.6,75, 9:25:45.794,25:45.8,1.72399E+12,-121.5236347,37.741930292828684,9
-13.2,-84.9,449, 9:25:46.431,25:46.4,1.72399E+12,-121.5233679,37.74191353246753,9
-16.5,-92.4,449, 9:25:48.233,25:48.2,1.72399E+12,-121.5226098,37.74186528742515,9
-13.3,-91.3,449, 9:25:48.987,25:49.0,1.72399E+12,-121.5222998,37.74184497005988,9
-13.2,-88.9,449, 9:25:51.237,25:51.2,1.72399E+12,-121.5213597,37.74178534441088,7.790533736153072
-12.1,-86.3,449, 9:25:51.961,25:52.0,1.72399E+12,-121.5210593,37.74176565861028,7.061430010070493
-13.4,-86.9,449, 9:25:52.478,25:52.5,1.72399E+12,-121.5208465,37.74175171257485,7
-11.5,-88.7,449, 9:25:53.087,25:53.1,1.72399E+12,-121.5205967,37.74173537014926,7
-11.6,-88.1,449, 9:25:53.886,25:53.9,1.72399E+12,-121.5202755,37.74171469950249,7
-13.8,-92.8,449, 9:25:54.407,25:54.4,1.72399E+12,-121.520062,37.74170228857716,6.621242485
-12.6,-93.9,449, 9:25:55.161,25:55.2,1.72399E+12,-121.5197517,37.74168383,6
-14.9,-92.5,449, 9:25:55.711,25:55.7,1.72399E+12,-121.5195288,37.74166673219659,6
-14.2,-97.3,449, 9:25:56.407,25:56.4,1.72399E+12,-121.519247,37.74164552147852,6
-14.6,-93.5,449, 9:25:56.996,25:57.0,1.72399E+12,-121.5190087,37.74162786913087,6
-15.1,-91.1,449, 9:25:57.517,25:57.5,1.72399E+12,-121.5188013,37.74160974549098,6
-11.1,-89.1,449, 9:25:58.146,25:58.1,1.72399E+12,-121.5185502,37.74158830260521,5.876753507014028
-9.4,-96.1,406, 9:25:58.694,25:58.7,1.72399E+12,-121.5183284,37.74157182965932,5.3276553106212425
-11.8,-96.2,406, 9:25:59.432,25:59.4,1.72399E+12,-121.5180305,37.741549297108676,5
-10.1,-97.6,406, 9:26:00.359,26:00.4,1.72399E+12,-121.517657,37.741521,5
-14.1,-98.3,406, 9:26:00.862,26:00.9,1.72399E+12,-121.5174543,37.741505985074625,5
-11.4,-100.3,406, 9:26:01.998,26:02.0,1.72399E+12,-121.5169951,37.74147481081081,4.03003003
-14.5,-107,406, 9:26:03.997,26:04.0,1.72399E+12,-121.5161795,37.74142180439122,4
-12.3,-100.4,406, 9:26:05.366,26:05.4,1.72399E+12,-121.515623,37.74138388023952,4
-13.8,-105.1,406, 9:26:06.360,26:06.4,1.72399E+12,-121.5152159,37.74135370824949,4
-16.3,-101.5,406, 9:26:06.997,26:07.0,1.72399E+12,-121.514957,37.74133384205231,4
-15.8,-103.8,406, 9:26:08.866,26:08.9,1.72399E+12,-121.5142217,37.74127291767068,4
-14.6,-101.5,406, 9:26:09.860,26:09.9,1.72399E+12,-121.513848,37.741245473053894,3.165668662674651
-13.4,-99.5,406, 9:26:11.109,26:11.1,1.72399E+12,-121.513391,37.74121713886114,3
-15,-99.4,406, 9:26:12.282,26:12.3,1.72399E+12,-121.5129746,37.74118914156627,3
-16.8,-111,406, 9:26:12.916,26:12.9,1.72399E+12,-121.5127556,37.74117195481928,3
-15.1,-108.9,406, 9:26:13.706,26:13.7,1.72399E+12,-121.5124892,37.74115328986961,3
-18.4,-112.9,406, 9:26:14.521,26:14.5,1.72399E+12,-121.5122162,37.741134580099505,3
-15,-107.6,406, 9:26:15.219,26:15.2,1.72399E+12,-121.5119824,37.74111934468938,3
-14.5,-110.1,406, 9:26:15.900,26:15.9,1.72399E+12,-121.5117531,37.74110637975952,3
-14.4,-112.6,406, 9:26:16.411,26:16.4,1.72399E+12,-121.5115823,37.74109672420635,2.617063492063492
-13.5,-111.7,406, 9:26:17.177,26:17.2,1.72399E+12,-121.5113253,37.74108224471299,2
-13.8,-111.6,406, 9:26:17.849,26:17.8,1.72399E+12,-121.5110931,37.74106938670695,2
-18.3,-117.4,406, 9:26:18.409,26:18.4,1.72399E+12,-121.5109031,37.74105717334669,2
-14.6,-114.6,406, 9:26:19.017,26:19.0,1.72399E+12,-121.5106984,37.741043161322644,2
-16.3,-116.4,406, 9:26:19.575,26:19.6,1.72399E+12,-121.5105116,37.741032541458544,2
-17.7,-117.4,406, 9:26:20.409,26:20.4,1.72399E+12,-121.5102353,37.74101518562874,2
-14.8,-106.5,406, 9:26:20.925,26:20.9,1.72399E+12,-121.5100664,37.74100334131737,2
-13.3,-108.6,406, 9:26:22.925,26:22.9,1.72399E+12,-121.5094032,37.74096098310139,2
-14.6,-104.3,406, 9:26:24.408,26:24.4,1.72399E+12,-121.5089188,37.740931242484976,1.6192384769539079
-11.1,-100.8,406, 9:26:25.673,26:25.7,1.72399E+12,-121.5085067,37.74090204,1
-11,-99.6,406, 9:26:26.924,26:26.9,1.72399E+12,-121.5080976,37.74087694532803,1
-12.1,-104.7,406, 9:26:27.925,26:27.9,1.72399E+12,-121.5077632,37.74085435,1
-11.3,-101.6,406, 9:26:29.177,26:29.2,1.72399E+12,-121.5073409,37.74082958917836,1
-11.5,-98.8,406, 9:26:30.929,26:30.9,1.72399E+12,-121.5067332,37.74079019560878,0.099800399
-14,-95.3,406, 9:26:31.948,26:31.9,1.72399E+12,-121.5063768,37.740766884115885,0
-10.4,-99.1,406, 9:26:32.562,26:32.6,1.72399E+12,-121.5061566,37.74075273947896,0
-11,-99.4,406, 9:26:33.406,26:33.4,1.72399E+12,-121.5058554,37.74073324471299,0
-10.1,-96.8,406, 9:26:34.103,26:34.1,1.72399E+12,-121.5056094,37.74071745129225,-0.081510934
-11.3,-102.3,406, 9:26:34.665,26:34.7,1.72399E+12,-121.5054133,37.74070683697813,-0.640159046
-14.1,-96.4,406, 9:26:35.205,26:35.2,1.72399E+12,-121.5052244,37.74069589779559,-1
-10.6,-90.1,406, 9:26:35.713,26:35.7,1.72399E+12,-121.5050457,37.74068419038076,-1
-8.4,-91.2,406, 9:26:36.250,26:36.2,1.72399E+12,-121.504857,37.74067183,-1
-11,-93.8,406, 9:26:36.929,26:36.9,1.72399E+12,-121.5046187,37.74065621,-1
-9.7,-94.9,406, 9:26:37.582,26:37.6,1.72399E+12,-121.5043936,37.74063893086173,-1
-10.9,-95.5,406, 9:26:38.305,26:38.3,1.72399E+12,-121.5041457,37.74061745,-1
-11.5,-96.4,406, 9:26:38.923,26:38.9,1.72399E+12,-121.5039345,37.74059652191235,-1
-13.2,-99.6,406, 9:26:39.460,26:39.5,1.72399E+12,-121.5037505,37.74057659521436,-1.431704885
-11.8,-97.6,406, 9:26:40.182,26:40.2,1.72399E+12,-121.5035037,37.74054795871098,-2
-15.8,-99.3,406, 9:26:40.927,26:40.9,1.72399E+12,-121.5032524,37.74051344712991,-2
-11.9,-99.9,406, 9:26:41.610,26:41.6,1.72399E+12,-121.5030284,37.74048213233831,-2
-15.6,-103.8,406, 9:26:42.364,26:42.4,1.72399E+12,-121.5027785,37.74044746633166,-2.337688442
-12.9,-100.9,406, 9:26:42.996,26:43.0,1.72399E+12,-121.5025651,37.740418248241205,-2.972864322
-14.2,-107.8,406, 9:26:44.625,26:44.6,1.72399E+12,-121.5020316,37.74035264694082,-3
-15.2,-97.4,300, 9:26:45.360,26:45.4,1.72399E+12,-121.5017903,37.740325632734525,-3
-16.5,-99.4,300, 9:26:47.362,26:47.4,1.72399E+12,-121.5011316,37.74026764535465,-3
-17.1,-99.1,300, 9:26:48.861,26:48.9,1.72399E+12,-121.500634,37.740251151454366,-3
-15.2,-99.1,300, 9:26:49.365,26:49.4,1.72399E+12,-121.5004664,37.74024864811133,-3
-10.7,-101.2,406, 9:26:51.578,26:51.6,1.72399E+12,-121.4997306,37.740242,-3
-11,-102.8,406, 9:26:52.770,26:52.8,1.72399E+12,-121.4993304,37.740242,-3
-9.8,-102.3,406, 9:26:53.458,26:53.5,1.72399E+12,-121.4990962,37.740242,-3
-13.3,-100.7,406, 9:26:54.677,26:54.7,1.72399E+12,-121.4986781,37.7402394,-3.65
-10.1,-99.9,406, 9:26:55.382,26:55.4,1.72399E+12,-121.4984334,37.740238,-4
-13.3,-96.1,406, 9:26:55.929,26:55.9,1.72399E+12,-121.4982414,37.740238,-4
-10.3,-98.3,406, 9:26:56.930,26:56.9,1.72399E+12,-121.4978824,37.740238,-4
-10.5,-99.9,406, 9:26:57.572,26:57.6,1.72399E+12,-121.4976571,37.74023417231076,-4
-10.8,-97.7,406, 9:26:58.180,26:58.2,1.72399E+12,-121.4974411,37.74022851975684,-4
-13.9,-95.8,406, 9:26:58.904,26:58.9,1.72399E+12,-121.4971719,37.74021678318136,-4
-12.6,-101.3,406, 9:26:59.441,26:59.4,1.72399E+12,-121.4969792,37.740206943396224,-4.424031778
-10.8,-92.7,406, 9:26:59.942,26:59.9,1.72399E+12,-121.4968011,37.74019749056603,-4.921549156
-11.8,-98.6,406, 9:27:00.686,27:00.7,1.72399E+12,-121.4965355,37.74018078109452,-5
-11.9,-98,406, 9:27:01.354,27:01.4,1.72399E+12,-121.4962993,37.74016548605577,-5
-13.2,-101.3,406, 9:27:01.940,27:01.9,1.72399E+12,-121.4960945,37.74015206175299,-5
-9.8,-99.8,406, 9:27:02.670,27:02.7,1.72399E+12,-121.4958363,37.74013579212916,-5
-12.5,-98.9,406, 9:27:03.407,27:03.4,1.72399E+12,-121.4955771,37.740119157370515,-5
-9.3,-100.9,406, 9:27:03.942,27:03.9,1.72399E+12,-121.49539,37.74010690139442,-5
-9.3,-100.9,406, 9:27:04.575,27:04.6,1.72399E+12,-121.4951678,37.74009233733734,-5
-10.5,-97.9,406, 9:27:05.191,27:05.2,1.72399E+12,-121.4949527,37.74007882382382,-5
-14.8,-105.6,406, 9:27:05.888,27:05.9,1.72399E+12,-121.4947134,37.74006556756757,-5
-11.8,-100.1,406, 9:27:06.420,27:06.4,1.72399E+12,-121.4945347,37.74005236607143,-5.393849206
-11.8,-101.1,406, 9:27:06.954,27:07.0,1.72399E+12,-121.4943567,37.740038062500005,-5.923611111
-11.6,-101,406, 9:27:09.205,27:09.2,1.72399E+12,-121.4936007,37.73998993981946,-6
-15.8,-98.7,406, 9:27:09.934,27:09.9,1.72399E+12,-121.493355,37.73997312,-6
-11.3,-98.7,406, 9:27:11.952,27:12.0,1.72399E+12,-121.4926911,37.739930336683415,-6
-11.7,-98.8,406, 9:27:12.941,27:12.9,1.72399E+12,-121.4923763,37.739911677579364,-6
-16.9,-99.5,406, 9:27:14.115,27:14.1,1.72399E+12,-121.4919982,37.73988929,-6
-13.1,-82.8,270, 9:27:14.711,27:14.7,1.72399E+12,-121.4918075,37.73987797,-6
-15.3,-84.8,270, 9:27:16.201,27:16.2,1.72399E+12,-121.4913388,37.73984894521912,-7
-15.6,-84.6,270, 9:27:17.954,27:18.0,1.72399E+12,-121.4907915,37.739812423576424,-7
-15,-84.8,270, 9:27:18.954,27:19.0,1.72399E+12,-121.4904927,37.73978968236473,-7
-18.1,-91.8,270, 9:27:20.588,27:20.6,1.72399E+12,-121.4899859,37.73975828,-7
-13.8,-87.4,270, 9:27:21.204,27:21.2,1.72399E+12,-121.4897985,37.7397466,-7
-17.4,-90.5,270, 9:27:23.409,27:23.4,1.72399E+12,-121.4891163,37.73970079376257,-7
-12.7,-88.6,270, 9:27:24.407,27:24.4,1.72399E+12,-121.4888027,37.73968176,-7.381
-13.5,-85.3,270, 9:27:24.956,27:25.0,1.72399E+12,-121.4886309,37.73967133,-7.93
-12.7,-88.8,270, 9:27:26.204,27:26.2,1.72399E+12,-121.4882315,37.739643593625495,-8
-10.1,-85.9,270, 9:27:26.713,27:26.7,1.72399E+12,-121.4880687,37.73963396115538,-8
-12.2,-86.3,270, 9:27:27.409,27:27.4,1.72399E+12,-121.4878453,37.73962071730382,-8
-14.1,-84.3,270, 9:27:27.913,27:27.9,1.72399E+12,-121.4876831,37.73961108350101,-8
-12.3,-83.6,270, 9:27:28.598,27:28.6,1.72399E+12,-121.4874633,37.739595725450904,-8
-14.1,-84.6,270, 9:27:29.320,27:29.3,1.72399E+12,-121.4872322,37.73958032835821,-8.298507463
-10.2,-82.9,270, 9:27:29.830,27:29.8,1.72399E+12,-121.4870693,37.73957068656716,-8.805970149
-11.4,-83.5,270, 9:27:30.412,27:30.4,1.72399E+12,-121.4868861,37.739559661676644,-8.613772455
-9.6,-82.8,270, 9:27:30.926,27:30.9,1.72399E+12,-121.4867255,37.73954991516966,-8.100798403
-14.8,-87.4,270, 9:27:31.483,27:31.5,1.72399E+12,-121.4865468,37.73953925731584,-8
-12.6,-86.6,270, 9:27:32.000,27:32.0,1.72399E+12,-121.4863798,37.73952934510595,-8
-12.9,-86.8,270, 9:27:32.546,27:32.5,1.72399E+12,-121.4862059,37.73951904761905,-8
-13,-85,270, 9:27:33.313,27:33.3,1.72399E+12,-121.4859613,37.739504552447556,-8
-11.8,-85.1,270, 9:27:33.935,27:33.9,1.72399E+12,-121.4857624,37.739492746253745,-8
-12.6,-87.8,270, 9:27:34.858,27:34.9,1.72399E+12,-121.4854671,37.73947189,-8.831
-14.5,-88.6,270, 9:27:35.405,27:35.4,1.72399E+12,-121.4852914,37.73945928857716,-9
-13.1,-83.7,270, 9:27:35.999,27:36.0,1.72399E+12,-121.4851004,37.7394456,-9
-14.4,-84.9,270, 9:27:36.712,27:36.7,1.72399E+12,-121.4848765,37.73943192084169,-9
-14.1,-88.6,270, 9:27:37.306,27:37.3,1.72399E+12,-121.4846885,37.73942062837163,-9
-13.6,-88.8,270, 9:27:37.997,27:38.0,1.72399E+12,-121.4844676,37.73940751248751,-9
-14.1,-86.7,270, 9:27:38.607,27:38.6,1.72399E+12,-121.4842769,37.73939361776447,-9
-12.9,-86.6,270, 9:27:39.261,27:39.3,1.72399E+12,-121.4840719,37.739379503524674,-9
-16.1,-86.6,270, 9:27:39.975,27:40.0,1.72399E+12,-121.4838469,37.73936584189325,-9
-16.1,-88.3,270, 9:27:40.549,27:40.5,1.72399E+12,-121.4836678,37.73935494005994,-9.529470529
-12.2,-89.4,270, 9:27:41.301,27:41.3,1.72399E+12,-121.4834354,37.73934041,-10
-14.6,-89,270, 9:27:43.297,27:43.3,1.72399E+12,-121.4828306,37.73930191927346,-10
-17.2,-90.9,270, 9:27:44.813,27:44.8,1.72399E+12,-121.482379,37.73927307952286,-10
-17.9,-84.1,208, 9:27:45.315,27:45.3,1.72399E+12,-121.4822291,37.73926350556117,-10
-16,-87.3,208, 9:27:45.881,27:45.9,1.72399E+12,-121.4820591,37.739252631951466,-10
-16.1,-82.8,208, 9:27:46.571,27:46.6,1.72399E+12,-121.4818589,37.73924177083333,-10
-14,-89.1,208, 9:27:47.087,27:47.1,1.72399E+12,-121.4817109,37.73923409136048,-10
-17.9,-78.3,208, 9:27:47.672,27:47.7,1.72399E+12,-121.4815465,37.739225377358494,-10
-18.1,-82.9,208, 9:27:48.174,27:48.2,1.72399E+12,-121.4814038,37.73921886290323,-10
-18.2,-88.9,208, 9:27:48.718,27:48.7,1.72399E+12,-121.4812447,37.739214475806456,-10
-13.9,-80.6,208, 9:27:49.287,27:49.3,1.72399E+12,-121.4810793,37.73920912948207,-10.26095618
-15.8,-86.4,208, 9:27:49.997,27:50.0,1.72399E+12,-121.4808742,37.73920135059761,-10.96812749
-11.4,-81.5,208, 9:27:50.629,27:50.6,1.72399E+12,-121.4807008,37.739196204795206,-11
-11.4,-81.5,208, 9:27:51.199,27:51.2,1.72399E+12,-121.4805432,37.73919164529058,-11
-13.8,-82.4,208, 9:27:51.773,27:51.8,1.72399E+12,-121.4803811,37.739187044088176,-11
-13.3,-84.5,208, 9:27:52.283,27:52.3,1.72399E+12,-121.4802392,37.73918423880597,-11
-14.6,-83.3,208, 9:27:52.954,27:53.0,1.72399E+12,-121.4800556,37.73918224,-11
-11.9,-83.8,208, 9:27:53.465,27:53.5,1.72399E+12,-121.4799239,37.739182,-11
-12.5,-86.3,208, 9:27:54.178,27:54.2,1.72399E+12,-121.4797429,37.73918137910448,-11
-9.8,-81.4,208, 9:27:54.874,27:54.9,1.72399E+12,-121.4795684,37.73917860895523,-11
-15.5,-94.9,208, 9:27:55.413,27:55.4,1.72399E+12,-121.4794392,37.739178,-11
-19.1,-93.7,208, 9:27:56.024,27:56.0,1.72399E+12,-121.4792954,37.739178,-11
-12.9,-77.4,208, 9:27:56.611,27:56.6,1.72399E+12,-121.4791604,37.739178,-11
-12.4,-79,208, 9:27:57.271,27:57.3,1.72399E+12,-121.479009,37.739178,-11
-12.9,-78.7,208, 9:27:57.998,27:58.0,1.72399E+12,-121.4788429,37.739178,-11
-12.4,-77.3,208, 9:27:58.614,27:58.6,1.72399E+12,-121.4787018,37.739178,-11.586
-8.3,-80.4,208, 9:27:59.284,27:59.3,1.72399E+12,-121.4785504,37.739176974974974,-12
-8.3,-80.4,208, 9:28:00.284,28:00.3,1.72399E+12,-121.4783271,37.73917194,-12
-12.5,-80.1,208, 9:28:01.241,28:01.2,1.72399E+12,-121.4781112,37.739164503496504,-12
-14.2,-81.7,208, 9:28:02.488,28:02.5,1.72399E+12,-121.4778474,37.73915342986882,-12
-14.2,-81.7,208, 9:28:02.995,28:03.0,1.72399E+12,-121.477742,37.73914729061554,-12
-14.7,-82.5,208, 9:28:03.996,28:04.0,1.72399E+12,-121.4775596,37.73914021527778,-12
-15.4,-87.7,208, 9:28:05.532,28:05.5,1.72399E+12,-121.4773015,37.739127948361464,-12
-16.6,-90.6,208, 9:28:06.284,28:06.3,1.72399E+12,-121.4771932,37.73912018263473,-12.25449102
-14.4,-95.8,208, 9:28:07.286,28:07.3,1.72399E+12,-121.4770715,37.73910312912913,-13
-10.7,-88.4,208, 9:28:09.284,28:09.3,1.72399E+12,-121.4769193,37.739039262737265,-13
-17.6,-95.8,208, 9:28:10.282,28:10.3,1.72399E+12,-121.476889,37.73898764,-13.252
-13.1,-94.4,208, 9:28:10.788,28:10.8,1.72399E+12,-121.4768849,37.73895879,-13.758
-13.6,-93.4,208, 9:28:12.537,28:12.5,1.72399E+12,-121.4768288,37.73878695951417,-12.9757085
-13.3,-99.3,208, 9:28:13.268,28:13.3,1.72399E+12,-121.476799,37.73867170059881,-12.24850299
-13.6,-93.1,208, 9:28:13.995,28:14.0,1.72399E+12,-121.476799,37.73857447704591,-12.9740519
-16.2,-96.5,208, 9:28:14.550,28:14.5,1.72399E+12,-121.476799,37.73848814457831,-13
-15.4,-93.6,208, 9:28:15.273,28:15.3,1.72399E+12,-121.476799,37.738369149253735,-13.25472637
-15.8,-93.8,204, 9:28:15.820,28:15.8,1.72399E+12,-121.476799,37.73827117910448,-13.79900498
-12.3,-87.4,204, 9:28:16.407,28:16.4,1.72399E+12,-121.476799,37.73816053339981,-14
-17,-93,204, 9:28:17.203,28:17.2,1.72399E+12,-121.4767949,37.73802181973817,-13.82074522
-24.1,-98.4,204, 9:28:17.752,28:17.8,1.72399E+12,-121.4767822,37.73796266263847,-13.26787513
-19.9,-96.2,89, 9:28:18.338,28:18.3,1.72399E+12,-121.4767734,37.737877605236655,-13
-11.1,-82.8,204, 9:28:18.856,28:18.9,1.72399E+12,-121.4767692,37.737786316213494,-13
-16.5,-85.9,204, 9:28:19.358,28:19.4,1.72399E+12,-121.4767656,37.73769606541129,-13
-10.8,-74.1,204, 9:28:19.938,28:19.9,1.72399E+12,-121.4767616,37.73759087215064,-13
-9,-82.3,204, 9:28:20.447,28:20.4,1.72399E+12,-121.4767576,37.73750099800399,-12.5738523
-12.4,-88.3,204, 9:28:21.540,28:21.5,1.72399E+12,-121.476753,37.73730605153617,-12
-15.8,-93.6,204, 9:28:22.290,28:22.3,1.72399E+12,-121.4767551,37.73716624120603,-12
-15.8,-93.6,204, 9:28:23.411,28:23.4,1.72399E+12,-121.476761,37.73694577,-12
-21.2,-101.6,204, 9:28:24.267,28:24.3,1.72399E+12,-121.4767627,37.73677541516966,-12
-11.5,-82.4,204, 9:28:25.296,28:25.3,1.72399E+12,-121.4767702,37.736567646586344,-12
-14.4,-87.1,204, 9:28:26.544,28:26.5,1.72399E+12,-121.4767838,37.73631330677291,-12
-18.6,-99.6,204, 9:28:28.410,28:28.4,1.72399E+12,-121.4768127,37.73592809036145,-12
-11.3,-92.1,204, 9:28:29.996,28:30.0,1.72399E+12,-121.4768298,37.73559451,-12
-27,-103.8,204, 9:28:30.848,28:30.8,1.72399E+12,-121.47683,37.73541301,-12
-13.9,-90.3,208, 9:28:31.582,28:31.6,1.72399E+12,-121.47683,37.73525767777778,-12
-14.6,-90.3,208, 9:28:32.639,28:32.6,1.72399E+12,-121.4768343,37.735038702380955,-12
-15.3,-90.5,208, 9:28:33.187,28:33.2,1.72399E+12,-121.4768383,37.73492578678679,-12
-19.9,-99.4,208, 9:28:33.804,28:33.8,1.72399E+12,-121.4768432,37.73479608708709,-12
-25.1,-105.4,208, 9:28:34.321,28:34.3,1.72399E+12,-121.4768471,37.734689695390784,-11.70641283
-14.3,-90.8,85, 9:28:34.857,28:34.9,1.72399E+12,-121.4768508,37.73458120641283,-11.16933868
-11.8,-88.2,85, 9:28:35.406,28:35.4,1.72399E+12,-121.476855,37.73447016733068,-11
-11.1,-87.9,85, 9:28:36.307,28:36.3,1.72399E+12,-121.4768622,37.73428771,-11
-13.8,-89.1,85, 9:28:36.813,28:36.8,1.72399E+12,-121.4768663,37.73418487927565,-11
-14.3,-94.1,85, 9:28:37.576,28:37.6,1.72399E+12,-121.4768719,37.73403016048144,-11
-18.8,-97.4,85, 9:28:38.305,28:38.3,1.72399E+12,-121.476875,37.73388280358923,-11
-19.3,-101.1,85, 9:28:38.848,28:38.8,1.72399E+12,-121.476875,37.73377344566301,-11
-13.6,-92.9,21, 9:28:39.401,28:39.4,1.72399E+12,-121.476875,37.73366238,-11
-13.6,-94.9,21, 9:28:40.001,28:40.0,1.72399E+12,-121.476875,37.733542017874875,-11
-13.3,-92.9,21, 9:28:40.626,28:40.6,1.72399E+12,-121.476875,37.73341054819277,-11
-17,-93.6,21, 9:28:41.131,28:41.1,1.72399E+12,-121.4768734,37.733304575999995,-11
-12.9,-94.1,21, 9:28:41.884,28:41.9,1.72399E+12,-121.4768621,37.73314946,-11
-18.6,-94.8,21, 9:28:43.380,28:43.4,1.72399E+12,-121.4768288,37.732835511022046,-10.64529058
-15,-91.4,21, 9:28:43.997,28:44.0,1.72399E+12,-121.4768146,37.732705681362724,-10.02705411
-15,-91.4,21, 9:28:44.581,28:44.6,1.72399E+12,-121.4767973,37.73258112124248,-10
-22.9,-97.8,21, 9:28:45.383,28:45.4,1.72399E+12,-121.4767758,37.73241186620416,-10
-22.9,-97.8,21, 9:28:46.380,28:46.4,1.72399E+12,-121.4767582,37.73220363663664,-10
-13.1,-90.8,449, 9:28:47.570,28:47.6,1.72399E+12,-121.476753,37.73195542527583,-10
-16.6,-97.1,449, 9:28:49.131,28:49.1,1.72399E+12,-121.476746,37.73159028,-9
-15.3,-92.8,449, 9:28:50.381,28:50.4,1.72399E+12,-121.476746,37.73130597091274,-9
-15.5,-91.3,449, 9:28:51.314,28:51.3,1.72399E+12,-121.476746,37.73108930120482,-9
-14.3,-85.9,449, 9:28:51.848,28:51.8,1.72399E+12,-121.476746,37.730967060240964,-9
-14.1,-86.8,449, 9:28:52.368,28:52.4,1.72399E+12,-121.476746,37.73084759798995,-9
-12.6,-84.7,449, 9:28:53.071,28:53.1,1.72399E+12,-121.476746,37.73068601875617,-9
-13.7,-84.7,449, 9:28:53.646,28:53.6,1.72399E+12,-121.476746,37.73055603356367,-9
-14.6,-84.4,449, 9:28:54.241,28:54.2,1.72399E+12,-121.476746,37.73042100598802,-9
-13.2,-83.8,449, 9:28:55.183,28:55.2,1.72399E+12,-121.476746,37.73020594349143,-8.84863774
-13.2,-83.8,449, 9:28:55.718,28:55.7,1.72399E+12,-121.476746,37.73008448,-8.308779011
-14.2,-83.5,449, 9:28:56.408,28:56.4,1.72399E+12,-121.476746,37.72992979289941,-8
-15.7,-86,449, 9:28:56.928,28:56.9,1.72399E+12,-121.476746,37.72981440828403,-8
-20.8,-97.9,449, 9:28:57.508,28:57.5,1.72399E+12,-121.476746,37.72968318181818,-8
-15.5,-90.4,89, 9:28:58.030,28:58.0,1.72399E+12,-121.476746,37.729564551345966,-8
-16.1,-86.6,89, 9:28:58.644,28:58.6,1.72399E+12,-121.4767503,37.729426814556334,-8
-14.7,-82.3,89, 9:28:59.226,28:59.2,1.72399E+12,-121.4767516,37.72929586016097,-8
-18.1,-77.7,89, 9:28:59.728,28:59.7,1.72399E+12,-121.4767481,37.72918222837022,-8
-9.7,-76.8,89, 9:29:00.269,29:00.3,1.72399E+12,-121.476746,37.72905986,-7.756
-15.6,-76.8,89, 9:29:00.810,29:00.8,1.72399E+12,-121.476746,37.72893759,-7.215
-14.2,-78.1,89, 9:29:01.338,29:01.3,1.72399E+12,-121.476746,37.72881885557769,-7
-18.1,-90.9,89, 9:29:01.888,29:01.9,1.72399E+12,-121.476746,37.72869559860558,-7
-18.1,-90.9,89, 9:29:02.390,29:02.4,1.72399E+12,-121.4767431,37.72858169,-7
-16.2,-90.2,89, 9:29:04.643,29:04.6,1.72399E+12,-121.476738,37.72807432139303,-7
-16.9,-90.8,89, 9:29:05.449,29:05.4,1.72399E+12,-121.476738,37.72789457228916,-7
-19.2,-91.4,89, 9:29:06.894,29:06.9,1.72399E+12,-121.476738,37.72756754984894,-6.126888218
-10.8,-83.9,85, 9:29:07.637,29:07.6,1.72399E+12,-121.476738,37.72739826992032,-6
-15.4,-91.6,85, 9:29:09.396,29:09.4,1.72399E+12,-121.476738,37.7269951,-6
-12.9,-89.1,85, 9:29:10.587,29:10.6,1.72399E+12,-121.476738,37.72671812738215,-6
-13.9,-89,85, 9:29:11.137,29:11.1,1.72399E+12,-121.476738,37.726589828031805,-6
-12.9,-86.9,85, 9:29:12.409,29:12.4,1.72399E+12,-121.476738,37.72629712386707,-6
-12.6,-86,85, 9:29:12.932,29:12.9,1.72399E+12,-121.476738,37.72617861933534,-6
-18.9,-96.1,85, 9:29:13.771,29:13.8,1.72399E+12,-121.4767321,37.72598840396039,-5.259405941
-12.5,-84.7,85, 9:29:14.356,29:14.4,1.72399E+12,-121.47673,37.725854361251265,-5
-11.8,-84.6,85, 9:29:14.999,29:15.0,1.72399E+12,-121.47673,37.72570577699294,-5
-12.8,-86.2,85, 9:29:15.666,29:15.7,1.72399E+12,-121.47673,37.72555626865672,-5
-12.8,-86.2,85, 9:29:16.197,29:16.2,1.72399E+12,-121.47673,37.725437048192774,-5
-11.9,-86.1,85, 9:29:16.996,29:17.0,1.72399E+12,-121.47673,37.72525655120482,-5
-11.4,-83.2,85, 9:29:17.974,29:18.0,1.72399E+12,-121.47673,37.72503540201005,-5
-10.6,-84.3,85, 9:29:18.522,29:18.5,1.72399E+12,-121.4767265,37.724914279441116,-4.499001996
-10.4,-84.4,85, 9:29:19.206,29:19.2,1.72399E+12,-121.476723,37.72476276494024,-4
-15.9,-91.6,85, 9:29:19.759,29:19.8,1.72399E+12,-121.476723,37.724638835657366,-4
-23.3,-102.1,85, 9:29:22.063,29:22.1,1.72399E+12,-121.4767227,37.724128319277106,-4
-15.6,-91.6,270, 9:29:22.576,29:22.6,1.72399E+12,-121.4767186,37.724012430722894,-4
-15.4,-90,270, 9:29:23.099,29:23.1,1.72399E+12,-121.476715,37.723894678642715,-3.926147705
-10.9,-91.4,270, 9:29:23.668,29:23.7,1.72399E+12,-121.476715,37.72376918063872,-3.358283433
-12.3,-91.1,270, 9:29:24.293,29:24.3,1.72399E+12,-121.476715,37.723631096192385,-3
-13.9,-89.9,270, 9:29:25.613,29:25.6,1.72399E+12,-121.476715,37.723338398994976,-3
-14.8,-90.5,270, 9:29:26.229,29:26.2,1.72399E+12,-121.4767133,37.723201601999996,-2.791
-14.6,-93.2,270, 9:29:26.956,29:27.0,1.72399E+12,-121.4767075,37.72304021,-2.064
-16,-91.2,270, 9:29:27.499,29:27.5,1.72399E+12,-121.476707,37.72292206,-2
-16.9,-91.2,270, 9:29:28.235,29:28.2,1.72399E+12,-121.476707,37.72276162711864,-2
-15.9,-91,270, 9:29:28.874,29:28.9,1.72399E+12,-121.476707,37.722620830508475,-2
-12.9,-96.6,270, 9:29:29.509,29:29.5,1.72399E+12,-121.476707,37.72248236889332,-2
-14.1,-95.1,270, 9:29:30.710,29:30.7,1.72399E+12,-121.476707,37.72222488844621,-2
-11.9,-93.6,270, 9:29:32.227,29:32.2,1.72399E+12,-121.4767,37.72190116901409,-1.800804829
-18.9,-94.7,270, 9:29:32.730,29:32.7,1.72399E+12,-121.4767,37.72179490140845,-1.294768612
-14.2,-94.9,270, 9:29:33.291,29:33.3,1.72399E+12,-121.4766979,37.72167801195219,-1
-12.4,-93.1,270, 9:29:33.933,29:33.9,1.72399E+12,-121.4766927,37.72154628685259,-1
-13.4,-95.4,270, 9:29:34.617,29:34.6,1.72399E+12,-121.476692,37.72140558141859,-1
-16.6,-98,270, 9:29:35.384,29:35.4,1.72399E+12,-121.4766895,37.72124879919679,-1
-19.2,-105,270, 9:29:35.997,29:36.0,1.72399E+12,-121.4766852,37.721124475903615,-1
-21.7,-101.8,270, 9:29:36.506,29:36.5,1.72399E+12,-121.4766811,37.721019509018035,-1
-17.4,-92.4,355, 9:29:37.050,29:37.0,1.72399E+12,-121.4766768,37.72090738,-0.972166998
-17.6,-94.6,355, 9:29:37.652,29:37.7,1.72399E+12,-121.476672,37.72078649900597,-0.373757455
-17.3,-91.6,355, 9:29:38.314,29:38.3,1.72399E+12,-121.476667,37.72065293768844,0
-13.8,-95.5,355, 9:29:38.997,29:39.0,1.72399E+12,-121.4766622,37.72051427839196,0
-13.8,-95.5,355, 9:29:39.579,29:39.6,1.72399E+12,-121.4766575,37.72039579237713,0
-18,-105.8,355, 9:29:40.161,29:40.2,1.72399E+12,-121.4766529,37.720277941708545,0
-21.3,-108.8,355, 9:29:40.792,29:40.8,1.72399E+12,-121.4766478,37.72015238,0
-15.6,-97.8,383, 9:29:41.399,29:41.4,1.72399E+12,-121.4766433,37.72003219541376,0.382851446
-11.6,-92.6,383, 9:29:41.917,29:41.9,1.72399E+12,-121.4766397,37.719929938185444,0.8993020937188435
-15.3,-96.8,383, 9:29:42.575,29:42.6,1.72399E+12,-121.4766346,37.71980445734127,1
-9.3,-90.6,383, 9:29:43.120,29:43.1,1.72399E+12,-121.4766303,37.71970105,1
-20.6,-102.6,383, 9:29:45.140,29:45.1,1.72399E+12,-121.476624,37.71931999297894,1
-9.6,-93.4,21, 9:29:45.868,29:45.9,1.72399E+12,-121.476624,37.719183447342026,1
-13.9,-92.6,21, 9:29:47.999,29:48.0,1.72399E+12,-121.476616,37.71879371656687,1
-18.3,-91.6,21, 9:29:48.995,29:49.0,1.72399E+12,-121.476616,37.71861087951807,1
-15,-93.3,21, 9:29:49.574,29:49.6,1.72399E+12,-121.476616,37.71850539701492,1
-11.1,-93.1,21, 9:29:51.868,29:51.9,1.72399E+12,-121.476608,37.718082076923075,1.8391608391608392
-18.3,-103.2,21, 9:29:52.399,29:52.4,1.72399E+12,-121.476608,37.71798239235412,2
-15.6,-102.4,21, 9:29:52.967,29:53.0,1.72399E+12,-121.476608,37.71787553521127,2
-15.4,-102.7,21, 9:29:53.647,29:53.6,1.72399E+12,-121.476608,37.717745816000004,2
-18.1,-102.9,21, 9:29:54.223,29:54.2,1.72399E+12,-121.476608,37.71763523876124,2
-15,-97.9,449, 9:29:54.770,29:54.8,1.72399E+12,-121.476608,37.71752922677323,2
-15.3,-98,449, 9:29:55.367,29:55.4,1.72399E+12,-121.476608,37.717413315054834,2.3419740777666997
-14.4,-96.8,449, 9:29:55.997,29:56.0,1.72399E+12,-121.476608,37.71729083250249,2.9700897308075773
-14.7,-98.8,449, 9:29:56.602,29:56.6,1.72399E+12,-121.476608,37.717172889447234,3
-14.1,-97.3,449, 9:29:57.302,29:57.3,1.72399E+12,-121.476606,37.71703667164179,3
-14.1,-97.1,449, 9:29:57.943,29:57.9,1.72399E+12,-121.4766016,37.71691229850746,3
-16.3,-98.3,449, 9:29:58.529,29:58.5,1.72399E+12,-121.476601,37.716797628282826,3.507070707070707
-16,-96.5,449, 9:29:59.201,29:59.2,1.72399E+12,-121.476601,37.71666647524752,4
-15.6,-97.9,449, 9:29:59.995,30:00.0,1.72399E+12,-121.476601,37.716513178217824,4
-15.6,-97.3,449, 9:30:01.679,30:01.7,1.72399E+12,-121.476593,37.7161937,4
-14.3,-96.8,449, 9:30:03.242,30:03.2,1.72399E+12,-121.476593,37.71590596520875,4
-18.3,-101.8,449, 9:30:03.992,30:04.0,1.72399E+12,-121.476593,37.715772515904575,4
-21.8,-105.2,449, 9:30:04.572,30:04.6,1.72399E+12,-121.476593,37.71567513545816,4
-16.9,-104.6,270, 9:30:05.216,30:05.2,1.72399E+12,-121.476593,37.71556948648649,4
-14.9,-100.6,270, 9:30:06.995,30:07.0,1.72399E+12,-121.476593,37.715306371000004,4
-13.2,-96.9,270, 9:30:07.674,30:07.7,1.72399E+12,-121.4765982,37.71522059621137,4
-12.1,-89.2,270, 9:30:08.992,30:09.0,1.72399E+12,-121.476601,37.71506481024096,4.966867469879518
-21.3,-103.8,270, 9:30:10.260,30:10.3,1.72399E+12,-121.476601,37.71494209,5
-15.3,-87.3,320, 9:30:10.790,30:10.8,1.72399E+12,-121.476601,37.71489757,5
-13.2,-90.3,320, 9:30:11.355,30:11.4,1.72399E+12,-121.476601,37.71485022310757,5
-11.1,-85.3,320, 9:30:11.932,30:11.9,1.72399E+12,-121.476601,37.71480194820717,5
-13.8,-84.9,320, 9:30:12.454,30:12.5,1.72399E+12,-121.476604,37.71475973721164,5.4282848545636915
-16.4,-84.1,320, 9:30:13.000,30:13.0,1.72399E+12,-121.4766078,37.714715925777334,5.975927783
-19.5,-97.7,320, 9:30:13.621,30:13.6,1.72399E+12,-121.4766128,37.71466370110331,6
-19.5,-97.7,320, 9:30:14.184,30:14.2,1.72399E+12,-121.4766136,37.714615299306246,6
-15.3,-85.6,320, 9:30:14.716,30:14.7,1.72399E+12,-121.4766057,37.71456731912785,6
-14.6,-86.8,320, 9:30:15.351,30:15.4,1.72399E+12,-121.4765984,37.71450922983871,6.323588709677419
-16.1,-85.1,320, 9:30:15.972,30:16.0,1.72399E+12,-121.4765934,37.71445163709677,6.949596774193548
-9.9,-81.3,320, 9:30:16.541,30:16.5,1.72399E+12,-121.476593,37.714401190571714,7
-9.9,-81.3,320, 9:30:17.135,30:17.1,1.72399E+12,-121.476593,37.71434891808192,7
-15.1,-87.1,320, 9:30:17.683,30:17.7,1.72399E+12,-121.476593,37.71430128971029,7
-11.9,-88.6,320, 9:30:18.217,30:18.2,1.72399E+12,-121.476593,37.71425553432836,7
-12.9,-88.8,320, 9:30:18.885,30:18.9,1.72399E+12,-121.476593,37.71419970149254,7
-15.1,-88.9,320, 9:30:19.410,30:19.4,1.72399E+12,-121.476593,37.71415723076923,7
-12.8,-88.1,320, 9:30:19.951,30:20.0,1.72399E+12,-121.476593,37.71411399,7
-13.3,-90.6,320, 9:30:21.202,30:21.2,1.72399E+12,-121.4765916,37.714002395604396,7
-15.7,-92.5,320, 9:30:21.943,30:21.9,1.72399E+12,-121.4765857,37.71392910989011,7
-14.8,-89.8,320, 9:30:23.948,30:23.9,1.72399E+12,-121.476585,37.713712525948104,7
-13.6,-92.9,320, 9:30:25.197,30:25.2,1.72399E+12,-121.476585,37.71355092238806,7
-14.1,-93.4,320, 9:30:26.408,30:26.4,1.72399E+12,-121.476585,37.713390702000005,7
-11.4,-93.4,320, 9:30:27.408,30:27.4,1.72399E+12,-121.476585,37.71324673426574,7
-13.1,-93.2,320, 9:30:27.944,30:27.9,1.72399E+12,-121.476585,37.71316695004995,7
-12,-93.6,320, 9:30:30.195,30:30.2,1.72399E+12,-121.476585,37.71282318,7
-14.1,-95.7,320, 9:30:30.947,30:30.9,1.72399E+12,-121.476585,37.71270404036326,7
-13.3,-92.5,320, 9:30:31.678,30:31.7,1.72399E+12,-121.476585,37.712587617529884,7
-18,-94.3,320, 9:30:32.932,30:32.9,1.72399E+12,-121.476585,37.71238748902196,7
-13.4,-92.9,320, 9:30:33.549,30:33.5,1.72399E+12,-121.476585,37.71229108820614,7
-10.9,-91.4,320, 9:30:34.309,30:34.3,1.72399E+12,-121.476585,37.712171246215945,7.273461150353179
-12,-86.9,320, 9:30:34.877,30:34.9,1.72399E+12,-121.476585,37.71207954086781,7.846619576185671
-12.4,-91.3,320, 9:30:35.377,30:35.4,1.72399E+12,-121.476585,37.71200043919598,8
-15.1,-87.5,320, 9:30:35.880,30:35.9,1.72399E+12,-121.476585,37.71192157688442,8
-13.2,-89.3,320, 9:30:36.484,30:36.5,1.72399E+12,-121.476585,37.71182678,8
-13.1,-91.5,320, 9:30:36.996,30:37.0,1.72399E+12,-121.476585,37.7117464,8
-15.1,-91.9,320, 9:30:37.549,30:37.5,1.72399E+12,-121.476585,37.71166383098591,8
-12.8,-93.3,320, 9:30:38.134,30:38.1,1.72399E+12,-121.476585,37.71157685,8
-14.8,-96.6,320, 9:30:38.713,30:38.7,1.72399E+12,-121.476585,37.711491266865075,8
-15.6,-89.7,320, 9:30:39.251,30:39.3,1.72399E+12,-121.476585,37.71141247258225,8
-15.9,-93.4,320, 9:30:39.812,30:39.8,1.72399E+12,-121.476585,37.711331370887336,8
-11.5,-93.8,320, 9:30:40.687,30:40.7,1.72399E+12,-121.476585,37.711211295774646,8
-11.5,-93.8,320, 9:30:41.682,30:41.7,1.72399E+12,-121.4765804,37.71108337910447,8
-11.1,-93.9,320, 9:30:42.521,30:42.5,1.72399E+12,-121.4765815,37.71098555220883,8
-13.1,-94.1,320, 9:30:43.684,30:43.7,1.72399E+12,-121.4765804,37.71086717,8
-10.5,-93.2,320, 9:30:45.307,30:45.3,1.72399E+12,-121.476585,37.71073524373119,8
-9.4,-92.5,320, 9:30:46.483,30:46.5,1.72399E+12,-121.4765781,37.71065802626263,8
-13.4,-94.9,320, 9:30:47.193,30:47.2,1.72399E+12,-121.476566,37.71061448067393,8.172447968
-13.4,-80.8,320, 9:30:47.701,30:47.7,1.72399E+12,-121.4765545,37.71058376907829,8.675916749
-14,-83.1,320, 9:30:48.404,30:48.4,1.72399E+12,-121.4765327,37.710543716283716,9
-12.8,-83.3,320, 9:30:48.960,30:49.0,1.72399E+12,-121.4765116,37.710513722277724,9
-10.2,-84.8,320, 9:30:49.657,30:49.7,1.72399E+12,-121.4764657,37.71048615984016,9
-13.1,-91.4,320, 9:30:50.242,30:50.2,1.72399E+12,-121.4764224,37.71046796796797,9.212212212212211
-14.1,-99,320, 9:30:50.954,30:51.0,1.72399E+12,-121.4763632,37.71045442642643,9.924924924924925
-10.5,-94.2,320, 9:30:51.572,30:51.6,1.72399E+12,-121.4763067,37.71044480583501,10
-13,-93.7,320, 9:30:52.206,30:52.2,1.72399E+12,-121.4762344,37.710446913518886,9.818091451292247
-17.1,-97.9,320, 9:30:52.739,30:52.7,1.72399E+12,-121.4761454,37.710472874751495,9.288270377733598
-16.7,-100.7,320, 9:30:53.282,30:53.3,1.72399E+12,-121.4760624,37.71048800998004,9
-16.1,-98.6,320, 9:30:53.863,30:53.9,1.72399E+12,-121.475983,37.71049032934132,9
-13.1,-95.2,320, 9:30:54.451,30:54.5,1.72399E+12,-121.4758991,37.71049268,9
-15.1,-96.8,320, 9:30:55.202,30:55.2,1.72399E+12,-121.4757887,37.710495,8.828313253012048
-12.1,-93.1,320, 9:30:55.842,30:55.8,1.72399E+12,-121.4756904,37.710495,8.185742972
-16.4,-96.8,320, 9:30:56.552,30:56.6,1.72399E+12,-121.4755736,37.710497104208414,8
-18.1,-101.1,320, 9:30:57.298,30:57.3,1.72399E+12,-121.4754465,37.710500086567166,8
-18.2,-98.6,320, 9:30:57.923,30:57.9,1.72399E+12,-121.4753376,37.71050257412936,8
-19.6,-98.9,320, 9:30:58.668,30:58.7,1.72399E+12,-121.4752018,37.710503,8
-14.4,-93.1,320, 9:30:59.270,30:59.3,1.72399E+12,-121.4750889,37.710503,8
-11.1,-92.3,320, 9:30:59.956,31:00.0,1.72399E+12,-121.4749566,37.710503,8
-14.3,-98.1,320, 9:31:00.539,31:00.5,1.72399E+12,-121.4748427,37.710503,8
-15,-101.3,320, 9:31:01.914,31:01.9,1.72399E+12,-121.4745574,37.710503,8
-13.1,-95,320, 9:31:02.878,31:02.9,1.72399E+12,-121.4743518,37.71050553984064,8
-16.6,-93.9,320, 9:31:03.488,31:03.5,1.72399E+12,-121.4742183,37.710506,8
-14.9,-97.7,320, 9:31:04.157,31:04.2,1.72399E+12,-121.4740694,37.710506,8
-18,-98.5,320, 9:31:04.677,31:04.7,1.72399E+12,-121.4739495,37.710506,8
-10.7,-93.8,320, 9:31:05.231,31:05.2,1.72399E+12,-121.473819,37.710506,7.795
-10.7,-93.8,320, 9:31:05.910,31:05.9,1.72399E+12,-121.4736533,37.710506,7.116
-16.3,-96.2,320, 9:31:06.880,31:06.9,1.72399E+12,-121.4734177,37.71050939900498,7
-16.5,-94.2,320, 9:31:07.674,31:07.7,1.72399E+12,-121.4732173,37.71051,7
-16.6,-95,320, 9:31:09.672,31:09.7,1.72399E+12,-121.472698,37.71051657742258,7
-15.6,-98.6,320, 9:31:10.427,31:10.4,1.72399E+12,-121.4724925,37.71051960725075,6.598187311178248
-15.8,-104.6,320, 9:31:11.948,31:11.9,1.72399E+12,-121.472075,37.710522,6
-16.7,-103.4,320, 9:31:13.318,31:13.3,1.72399E+12,-121.4716811,37.710522,6
-20.4,-105.9,320, 9:31:13.960,31:14.0,1.72399E+12,-121.4714994,37.710522,6
-19.1,-103.9,320, 9:31:14.552,31:14.6,1.72399E+12,-121.4713246,37.71052410589411,6
-16,-104.8,320, 9:31:15.202,31:15.2,1.72399E+12,-121.471133,37.71052653,6
-15.5,-98.7,320, 9:31:15.829,31:15.8,1.72399E+12,-121.4709511,37.71052841,6
-16.6,-106.1,320, 9:31:16.409,31:16.4,1.72399E+12,-121.47078,37.710529,6
-18.3,-107.2,320, 9:31:16.999,31:17.0,1.72399E+12,-121.4706043,37.710529,6
-19.3,-102,320, 9:31:17.728,31:17.7,1.72399E+12,-121.4703878,37.7105318,6
-20.6,-103.6,320, 9:31:18.463,31:18.5,1.72399E+12,-121.4701664,37.710533,6
-15.2,-104.3,320, 9:31:19.263,31:19.3,1.72399E+12,-121.4699245,37.710533,6
-17.8,-106.7,320, 9:31:19.997,31:20.0,1.72399E+12,-121.4697055,37.710533,6
-17.8,-102.3,320, 9:31:20.586,31:20.6,1.72399E+12,-121.4695249,37.710533,6
-18.8,-108.3,320, 9:31:21.380,31:21.4,1.72399E+12,-121.4692858,37.710534412228796,6
-17.6,-106.2,320, 9:31:22.113,31:22.1,1.72399E+12,-121.4690693,37.71053731079718,6
-22,-107.6,320, 9:31:22.667,31:22.7,1.72399E+12,-121.4688988,37.71053955,6
-13.3,-104.3,21, 9:31:23.381,31:23.4,1.72399E+12,-121.4686799,37.710541,6
-17.3,-107.7,21, 9:31:24.997,31:25.0,1.72399E+12,-121.4681874,37.71054487624751,6
-11.2,-97.6,21, 9:31:25.587,31:25.6,1.72399E+12,-121.4680111,37.710545,6
-15.9,-103.8,21, 9:31:27.878,31:27.9,1.72399E+12,-121.4673155,37.710547552552555,5
-12.4,-98.4,21, 9:31:28.877,31:28.9,1.72399E+12,-121.4670108,37.710548,5
-15.6,-99.4,21, 9:31:30.129,31:30.1,1.72399E+12,-121.4666304,37.71055238631791,5
-15.8,-103.6,21, 9:31:31.579,31:31.6,1.72399E+12,-121.4661901,37.710556,5
-17.5,-102.4,21, 9:31:32.329,31:32.3,1.72399E+12,-121.4659652,37.710556,5
-15.1,-98.9,21, 9:31:32.838,31:32.8,1.72399E+12,-121.4658104,37.710556,5
-16.3,-99.7,21, 9:31:33.473,31:33.5,1.72399E+12,-121.4656159,37.710556,5
-20.3,-102.6,21, 9:31:34.172,31:34.2,1.72399E+12,-121.4654016,37.710556,5
-18,-100,21, 9:31:34.783,31:34.8,1.72399E+12,-121.4652156,37.710556,5
-14.8,-98.5,21, 9:31:35.404,31:35.4,1.72399E+12,-121.4650264,37.710556,5
-14.4,-97.9,21, 9:31:36.151,31:36.2,1.72399E+12,-121.4647988,37.710556,5
-15.3,-97.8,21, 9:31:36.692,31:36.7,1.72399E+12,-121.4646336,37.710556,5
-18.3,-100.9,21, 9:31:37.210,31:37.2,1.72399E+12,-121.4644756,37.710556,5
-16.9,-99.2,85, 9:31:37.710,31:37.7,1.72399E+12,-121.4643234,37.710556,5
-18.4,-98.9,85, 9:31:38.406,31:38.4,1.72399E+12,-121.4641111,37.710556,5
-18.1,-98,85, 9:31:38.963,31:39.0,1.72399E+12,-121.4639409,37.710556,5
-20.6,-99.4,85, 9:31:39.575,31:39.6,1.72399E+12,-121.4637538,37.710556,5
-20.6,-99.4,85, 9:31:40.094,31:40.1,1.72399E+12,-121.4635954,37.710556,5
-11.1,-81.4,320, 9:31:40.848,31:40.8,1.72399E+12,-121.4633679,37.710556,5
-13.3,-78.8,320, 9:31:43.082,31:43.1,1.72399E+12,-121.462685,37.71056,5
-11.3,-84.6,320, 9:31:43.582,31:43.6,1.72399E+12,-121.4625315,37.71056,5
-14.3,-82.1,320, 9:31:45.274,31:45.3,1.72399E+12,-121.4620141,37.710564,5
-7.6,-80.1,320, 9:31:45.792,31:45.8,1.72399E+12,-121.461855,37.710564,5
-9.9,-80.2,320, 9:31:46.364,31:46.4,1.72399E+12,-121.4616801,37.710564,5
-12.3,-82.5,320, 9:31:47.144,31:47.1,1.72399E+12,-121.4614423,37.710564,4.879518072289157
-13.2,-86.9,320, 9:31:47.862,31:47.9,1.72399E+12,-121.4612224,37.710564,4.158634538152611
-11.3,-84.5,320, 9:31:48.410,31:48.4,1.72399E+12,-121.4610561,37.710564,4
-14.4,-83.3,320, 9:31:48.915,31:48.9,1.72399E+12,-121.4609035,37.710564,4
-8.8,-80.3,320, 9:31:49.610,31:49.6,1.72399E+12,-121.4606921,37.71056573952096,4
-8.8,-80.3,320, 9:31:50.410,31:50.4,1.72399E+12,-121.4604477,37.71056852056169,4
-11.9,-83.3,320, 9:31:50.979,31:51.0,1.72399E+12,-121.460273,37.710570803410235,4
-11.4,-76.6,320, 9:31:51.624,31:51.6,1.72399E+12,-121.460076,37.710571,4
-15.7,-86.6,320, 9:31:52.300,31:52.3,1.72399E+12,-121.4598691,37.71057210080645,4
-11.4,-94.3,320, 9:31:52.800,31:52.8,1.72399E+12,-121.4597153,37.71057411693548,4
-11.1,-84.1,320, 9:31:53.417,31:53.4,1.72399E+12,-121.4595267,37.710575,4
-9.6,-70.7,320, 9:31:54.079,31:54.1,1.72399E+12,-121.4593255,37.71057476470588,4
-11.9,-68.2,320, 9:31:54.633,31:54.6,1.72399E+12,-121.4591609,37.71057256,4
-9.4,-71.8,320, 9:31:55.280,31:55.3,1.72399E+12,-121.4589687,37.71056997302697,3.7432567432567434
-11.6,-69,320, 9:31:55.923,31:55.9,1.72399E+12,-121.458778,37.7105674,3.1008991008991007
-13,-68.1,320, 9:31:56.593,31:56.6,1.72399E+12,-121.4585879,37.71056529640718,3
-10.1,-74.1,320, 9:31:57.203,31:57.2,1.72399E+12,-121.4584172,37.710564,3
-10.4,-71,320, 9:31:57.843,31:57.8,1.72399E+12,-121.4582406,37.710564,3
-10.9,-69.8,320, 9:31:58.408,31:58.4,1.72399E+12,-121.4580975,37.71056246766169,3
-15.1,-74.8,320, 9:31:59.021,31:59.0,1.72399E+12,-121.4579487,37.710560027860694,3
-11.3,-79.8,320, 9:31:59.579,31:59.6,1.72399E+12,-121.4578128,37.7105622,3
-9,-82.1,320, 9:32:00.173,32:00.2,1.72399E+12,-121.4576679,37.710564429429425,3
-9,-82.1,320, 9:32:01.153,32:01.2,1.72399E+12,-121.4574306,37.710567,2.875875875875876
-11.6,-77.8,320, 9:32:01.671,32:01.7,1.72399E+12,-121.457316,37.710567,2.3573573573573574
-12.6,-80.6,320, 9:32:03.676,32:03.7,1.72399E+12,-121.4568947,37.71057359920635,1.3501984126984126
-16,-78.3,320, 9:32:04.924,32:04.9,1.72399E+12,-121.4566604,37.71057859798995,1
-15.4,-88.9,320, 9:32:06.174,32:06.2,1.72399E+12,-121.4564616,37.7105756,1
-15.9,-98.6,320, 9:32:07.408,32:07.4,1.72399E+12,-121.4562952,37.710579,1
-16.6,-101.8,320, 9:32:07.921,32:07.9,1.72399E+12,-121.4562285,37.710579,1
-19.6,-106.6,85, 9:32:09.170,32:09.2,1.72399E+12,-121.4560786,37.71057958109453,1
-26.1,-112.6,85, 9:32:10.675,32:10.7,1.72399E+12,-121.4559287,37.710583,1
-15,-97.7,320, 9:32:11.407,32:11.4,1.72399E+12,-121.4558621,37.710583,1
-13.4,-83.8,320, 9:32:12.660,32:12.7,1.72399E+12,-121.4557674,37.710583,1
-10.1,-88,320, 9:32:13.349,32:13.3,1.72399E+12,-121.4557224,37.710583,1
-10.8,-86.4,320, 9:32:13.857,32:13.9,1.72399E+12,-121.4556913,37.710583,1
-16.6,-83.6,320, 9:32:14.374,32:14.4,1.72399E+12,-121.455665,37.710583,1
-16.9,-83.9,320, 9:32:14.998,32:15.0,1.72399E+12,-121.4556362,37.710583,1
-14.1,-78.6,320, 9:32:15.575,32:15.6,1.72399E+12,-121.4556223,37.710583,1
-10.7,-82.7,320, 9:32:16.080,32:16.1,1.72399E+12,-121.4556111,37.710583,1
-18.3,-91.6,320, 9:32:16.630,32:16.6,1.72399E+12,-121.4556029,37.710583,1
-18.3,-91.6,320, 9:32:17.273,32:17.3,1.72399E+12,-121.455595,37.710583,1
-13.9,-87.7,320, 9:32:17.908,32:17.9,1.72399E+12,-121.45559,37.710583,1
-11.7,-86.1,320, 9:32:18.449,32:18.4,1.72399E+12,-121.4555924,37.71058132232233,1
-18.7,-86.1,320, 9:32:19.004,32:19.0,1.72399E+12,-121.4555968,37.710579100100105,1
-17.8,-96.8,320, 9:32:19.676,32:19.7,1.72399E+12,-121.4555918,37.71058159578736,1
-13.4,-89.6,320, 9:32:20.684,32:20.7,1.72399E+12,-121.455589,37.710583,1
-13.4,-89.6,320, 9:32:21.407,32:21.4,1.72399E+12,-121.455589,37.710583,1
-14.4,-90.1,320, 9:32:21.933,32:21.9,1.72399E+12,-121.455589,37.710583,1
-14.4,-90.1,320, 9:32:22.934,32:22.9,1.72399E+12,-121.455589,37.710583,1
-13.2,-89.4,320, 9:32:24.184,32:24.2,1.72399E+12,-121.4555807,37.710583,1
-12.5,-88.3,320, 9:32:24.921,32:24.9,1.72399E+12,-121.4555749,37.710583,1
-8.6,-86.3,320, 9:32:25.927,32:25.9,1.72399E+12,-121.4555605,37.710583,1
-9.1,-84.4,320, 9:32:27.932,32:27.9,1.72399E+12,-121.4555368,37.710583,1
-11.3,-83.3,320, 9:32:28.678,32:28.7,1.72399E+12,-121.455536,37.710583,1
-15.3,-84,320, 9:32:30.334,32:30.3,1.72399E+12,-121.455536,37.710583,1
-10.2,-84,320, 9:32:30.929,32:30.9,1.72399E+12,-121.455536,37.710583,1
-13.8,-83.6,320, 9:32:32.625,32:32.6,1.72399E+12,-121.455536,37.710583,1
-13.9,-80.8,320, 9:32:33.196,32:33.2,1.72399E+12,-121.455536,37.710583,1
-14,-87.2,320, 9:32:33.809,32:33.8,1.72399E+12,-121.455536,37.710583,1
-14.6,-85,320, 9:32:34.439,32:34.4,1.72399E+12,-121.455536,37.710583,1
-11.1,-73.6,320, 9:32:35.184,32:35.2,1.72399E+12,-121.455536,37.710583,1
-10.9,-73.5,320, 9:32:35.721,32:35.7,1.72399E+12,-121.455536,37.710583,1
-10.2,-73.8,320, 9:32:36.270,32:36.3,1.72399E+12,-121.455536,37.710583,1
-17,-80.2,320, 9:32:36.997,32:37.0,1.72399E+12,-121.455536,37.710583,1
-15.8,-82.6,320, 9:32:37.605,32:37.6,1.72399E+12,-121.455536,37.710583,1
-16.9,-76.4,320, 9:32:38.309,32:38.3,1.72399E+12,-121.455536,37.710583,1
-16.9,-76.3,320, 9:32:38.998,32:39.0,1.72399E+12,-121.455536,37.710583,1
-13.7,-84.4,320, 9:32:39.671,32:39.7,1.72399E+12,-121.455536,37.710583,1
-18.7,-87.6,320, 9:32:40.172,32:40.2,1.72399E+12,-121.455536,37.710583,1
-18.7,-87.6,320, 9:32:40.676,32:40.7,1.72399E+12,-121.455536,37.710583,1
-14.8,-85,320, 9:32:41.924,32:41.9,1.72399E+12,-121.4555226,37.71057942,1
-11.6,-82.4,320, 9:32:43.405,32:43.4,1.72399E+12,-121.4554963,37.710583,1
-9.3,-83.6,320, 9:32:44.127,32:44.1,1.72399E+12,-121.4554799,37.710583,1
-13.4,-82.9,320, 9:32:44.672,32:44.7,1.72399E+12,-121.4554678,37.710583,1
-14.3,-84,320, 9:32:46.674,32:46.7,1.72399E+12,-121.4554395,37.71058559642147,1
-13.9,-83.8,320, 9:32:47.674,32:47.7,1.72399E+12,-121.455437,37.710587,1
-11.8,-85.1,320, 9:32:48.927,32:48.9,1.72399E+12,-121.455437,37.710587,1
-14.2,-85,320, 9:32:50.407,32:50.4,1.72399E+12,-121.455437,37.710587,1
-11.8,-84.9,320, 9:32:52.311,32:52.3,1.72399E+12,-121.455437,37.710587,1
-15.3,-86.2,320, 9:32:52.913,32:52.9,1.72399E+12,-121.455437,37.710587,1
-15.1,-89.1,320, 9:32:53.659,32:53.7,1.72399E+12,-121.455437,37.710587,1
-12.9,-76.9,320, 9:32:54.216,32:54.2,1.72399E+12,-121.4554355,37.71058553453453,1
-20.9,-89.1,320, 9:32:54.861,32:54.9,1.72399E+12,-121.4554304,37.710580369369374,1
-20.9,-89.1,320, 9:32:55.425,32:55.4,1.72399E+12,-121.4554231,37.710579,1
-14.9,-75.1,320, 9:32:56.025,32:56.0,1.72399E+12,-121.4554141,37.710579,1
-16.6,-88.4,320, 9:32:56.558,32:56.6,1.72399E+12,-121.4554061,37.710579,1
-15.6,-83.9,320, 9:32:57.407,32:57.4,1.72399E+12,-121.4553929,37.710579,1
-16.2,-82.2,320, 9:32:57.997,32:58.0,1.72399E+12,-121.4553835,37.710579,1
-12.8,-84.5,320, 9:32:58.603,32:58.6,1.72399E+12,-121.4553744,37.710579,1
-15.2,-82.7,320, 9:32:59.350,32:59.3,1.72399E+12,-121.4553654,37.710579,1
-12.3,-85.9,320, 9:32:59.924,32:59.9,1.72399E+12,-121.4553607,37.710579,1
-17.3,-96.9,320, 9:33:00.567,33:00.6,1.72399E+12,-121.4553562,37.71058118434093,1
-16.1,-90.8,320, 9:33:01.118,33:01.1,1.72399E+12,-121.4553523,37.71058262948207,1
-16.1,-90.8,320, 9:33:01.871,33:01.9,1.72399E+12,-121.4553463,37.710579629482076,1
-15.1,-87.8,320, 9:33:02.569,33:02.6,1.72399E+12,-121.4553412,37.71058115353938,1
-13.3,-88.9,320, 9:33:04.867,33:04.9,1.72399E+12,-121.455338,37.710583,1
-14.4,-87.9,320, 9:33:06.365,33:06.4,1.72399E+12,-121.455338,37.710583,1
-12.4,-88.1,320, 9:33:07.118,33:07.1,1.72399E+12,-121.455338,37.710583,1
-10.6,-87.5,320, 9:33:08.244,33:08.2,1.72399E+12,-121.455338,37.710583,1
-13.3,-88.6,320, 9:33:10.371,33:10.4,1.72399E+12,-121.4553248,37.710583,1
-14,-88.8,320, 9:33:11.370,33:11.4,1.72399E+12,-121.4553094,37.710583,1
-11,-88.1,320, 9:33:12.868,33:12.9,1.72399E+12,-121.4552864,37.710583,1
-15.3,-86,320, 9:33:13.870,33:13.9,1.72399E+12,-121.4552714,37.710583,1.842
-10.4,-80.9,320, 9:33:14.835,33:14.8,1.72399E+12,-121.4552569,37.710583,2
-11.4,-81.9,320, 9:33:16.116,33:16.1,1.72399E+12,-121.455254,37.710583,2
-12.3,-84.2,320, 9:33:17.343,33:17.3,1.72399E+12,-121.455254,37.710583,2
-11.3,-84.8,320, 9:33:19.366,33:19.4,1.72399E+12,-121.4552513,37.710583,2
-9.6,-84.8,320, 9:33:20.164,33:20.2,1.72399E+12,-121.4552439,37.710583,2
-15.1,-82.9,320, 9:33:20.758,33:20.8,1.72399E+12,-121.455235,37.710583,2
-14.6,-83.1,320, 9:33:21.434,33:21.4,1.72399E+12,-121.4552277,37.71058463980099,2
-14.6,-82.4,320, 9:33:21.937,33:21.9,1.72399E+12,-121.4552237,37.71058664179104,2
-15.6,-82.5,320, 9:33:22.597,33:22.6,1.72399E+12,-121.4552144,37.710584717717715,2
-8.8,-77.6,320, 9:33:23.238,33:23.2,1.72399E+12,-121.4552048,37.710583,2
-11.8,-77,320, 9:33:23.974,33:24.0,1.72399E+12,-121.4551938,37.710583,2
-16.4,-85.9,320, 9:33:24.619,33:24.6,1.72399E+12,-121.4551835,37.710583,2
-11.1,-79,320, 9:33:25.232,33:25.2,1.72399E+12,-121.455177,37.710583826216485,2
-11.9,-79.6,320, 9:33:25.898,33:25.9,1.72399E+12,-121.455177,37.71058647169811,2
-16.8,-79.1,320, 9:33:26.416,33:26.4,1.72399E+12,-121.455177,37.710587,2
-15.2,-79.5,320, 9:33:27.182,33:27.2,1.72399E+12,-121.455177,37.710587,2
-10.1,-85.6,320, 9:33:27.991,33:28.0,1.72399E+12,-121.455177,37.710587,2
-11.6,-86.4,320, 9:33:28.921,33:28.9,1.72399E+12,-121.455177,37.710587,2
-13.9,-85.3,320, 9:33:29.676,33:29.7,1.72399E+12,-121.455177,37.710587,2
-14.8,-85.7,320, 9:33:31.682,33:31.7,1.72399E+12,-121.455177,37.710587,2
-10.3,-84.8,320, 9:33:32.244,33:32.2,1.72399E+12,-121.4551738,37.71058613426853,1.783567134268537
-13.8,-84.1,320, 9:33:34.244,33:34.2,1.72399E+12,-121.4551438,37.71058385055166,1
-15.1,-82.8,320, 9:33:35.248,33:35.2,1.72399E+12,-121.4551285,37.710586122244486,1
-10.7,-84.8,320, 9:33:36.641,33:36.6,1.72399E+12,-121.4551117,37.710585446215134,1
-16.4,-85.8,320, 9:33:38.242,33:38.2,1.72399E+12,-121.4550978,37.710587,1
-9.3,-83.3,320, 9:33:39.407,33:39.4,1.72399E+12,-121.455083,37.710587,1
-9.8,-83.2,320, 9:33:40.941,33:40.9,1.72399E+12,-121.4550707,37.710587,1
-12.6,-81.5,320, 9:33:42.241,33:42.2,1.72399E+12,-121.4550535,37.710587,1.2114803625377644
-10.4,-80.8,320, 9:33:43.242,33:43.2,1.72399E+12,-121.4550445,37.710587,2
-13.8,-81.6,320, 9:33:44.242,33:44.2,1.72399E+12,-121.4550288,37.710587,1.7865731462925851
-7.9,-82.1,320, 9:33:45.443,33:45.4,1.72399E+12,-121.4550137,37.710587,1
-10.9,-83.2,320, 9:33:47.246,33:47.2,1.72399E+12,-121.4549907,37.710587,1
-14.5,-85.6,320, 9:33:48.685,33:48.7,1.72399E+12,-121.4549737,37.710587,1
-10.1,-87.8,320, 9:33:49.443,33:49.4,1.72399E+12,-121.4549681,37.710587,1
-10.8,-83.2,320, 9:33:49.992,33:50.0,1.72399E+12,-121.4549642,37.710587,1
-8.5,-83.3,320, 9:33:52.246,33:52.2,1.72399E+12,-121.454964,37.710587,1
-10.6,-82.5,320, 9:33:53.240,33:53.2,1.72399E+12,-121.454964,37.710587,1
-8.6,-84.5,320, 9:33:54.441,33:54.4,1.72399E+12,-121.454964,37.710587,1
-12.2,-82.8,320, 9:33:55.801,33:55.8,1.72399E+12,-121.4549578,37.710587,1
-11,-82.6,320, 9:33:56.693,33:56.7,1.72399E+12,-121.454956,37.710587,1
-10.9,-81.3,320, 9:33:58.996,33:59.0,1.72399E+12,-121.454956,37.710587,1
-10.5,-81.4,320, 9:34:00.249,34:00.2,1.72399E+12,-121.4549526,37.710587,1
-15.2,-81.1,320, 9:34:01.243,34:01.2,1.72399E+12,-121.4549377,37.710587,1
-10.9,-82.9,320, 9:34:02.242,34:02.2,1.72399E+12,-121.4549209,37.710587,1
-11.3,-82.9,320, 9:34:03.445,34:03.4,1.72399E+12,-121.4548963,37.710587,1
-11.8,-82.1,320, 9:34:04.997,34:05.0,1.72399E+12,-121.4548657,37.710587,1
-10.1,-82.1,320, 9:34:05.695,34:05.7,1.72399E+12,-121.4548498,37.710587,1
-18.1,-82.9,320, 9:34:07.570,34:07.6,1.72399E+12,-121.4548024,37.710587,1
-12.5,-87.3,320, 9:34:08.310,34:08.3,1.72399E+12,-121.4547797,37.710587,1
-12.9,-85,320, 9:34:08.823,34:08.8,1.72399E+12,-121.4547641,37.710587,1
-9.5,-86.7,320, 9:34:09.407,34:09.4,1.72399E+12,-121.4547435,37.710587,1
-10.8,-83.3,320, 9:34:09.954,34:10.0,1.72399E+12,-121.4547228,37.710587,1
-10.8,-77.8,320, 9:34:10.582,34:10.6,1.72399E+12,-121.4547028,37.710587,1
-13.8,-78.3,320, 9:34:11.406,34:11.4,1.72399E+12,-121.4546745,37.710587,1
-13.8,-78.3,320, 9:34:11.995,34:12.0,1.72399E+12,-121.4546521,37.710587,1
-14,-84.2,320, 9:34:12.500,34:12.5,1.72399E+12,-121.4546291,37.710587,1
-14,-84.2,320, 9:34:13.250,34:13.2,1.72399E+12,-121.4545948,37.710587,1
-14.3,-80.9,320, 9:34:13.975,34:14.0,1.72399E+12,-121.4545614,37.710587,1
-7.9,-80.7,431, 9:34:14.476,34:14.5,1.72399E+12,-121.4545387,37.710587,1
-14.4,-84.1,431, 9:34:15.069,34:15.1,1.72399E+12,-121.4545119,37.710587,1
-7.5,-82.6,431, 9:34:15.721,34:15.7,1.72399E+12,-121.4544821,37.710587,1
-10.3,-91.1,402, 9:34:16.768,34:16.8,1.72399E+12,-121.4544398,37.710587,1
-15.1,-98.1,402, 9:34:19.270,34:19.3,1.72399E+12,-121.4543367,37.710587,1
-12.9,-94.3,402, 9:34:20.409,34:20.4,1.72399E+12,-121.4542961,37.710587,1
-13.1,-95.7,402, 9:34:21.520,34:21.5,1.72399E+12,-121.4542656,37.710587,1
-13.3,-95.9,402, 9:34:23.275,34:23.3,1.72399E+12,-121.4542252,37.710587,1.2524850894632207
-18,-99.1,402, 9:34:24.268,34:24.3,1.72399E+12,-121.4542024,37.710587,2
-16.5,-99,402, 9:34:24.995,34:25.0,1.72399E+12,-121.4541856,37.710587,2
-14.9,-96.9,402, 9:34:26.767,34:26.8,1.72399E+12,-121.4541529,37.71058402811245,2
-13.3,-95.1,402, 9:34:28.272,34:28.3,1.72399E+12,-121.4541203,37.710583,2
-12.2,-91.2,402, 9:34:29.524,34:29.5,1.72399E+12,-121.4540976,37.710583,2
-11.3,-90.9,402, 9:34:30.585,34:30.6,1.72399E+12,-121.4540733,37.710583,2
-13.3,-91.5,402, 9:34:32.270,34:32.3,1.72399E+12,-121.4540355,37.710583,2
-12.4,-95.9,402, 9:34:33.521,34:33.5,1.72399E+12,-121.4540066,37.710584975903615,2
-13.4,-94.8,402, 9:34:34.677,34:34.7,1.72399E+12,-121.4539748,37.710587,2
-14.1,-95.7,402, 9:34:35.690,34:35.7,1.72399E+12,-121.4539441,37.71058434934935,2
-13.5,-94.9,402, 9:34:36.996,34:37.0,1.72399E+12,-121.4539116,37.710583,2
-12.7,-93.1,402, 9:34:37.519,34:37.5,1.72399E+12,-121.4539036,37.71058497407776,2
-12.8,-94.1,402, 9:34:39.537,34:39.5,1.72399E+12,-121.4538649,37.710587,2
-13.4,-93.2,402, 9:34:40.519,34:40.5,1.72399E+12,-121.4538496,37.710587,2
-11.3,-93.5,402, 9:34:42.467,34:42.5,1.72399E+12,-121.4538315,37.710587,2
-12.8,-92.8,402, 9:34:43.685,34:43.7,1.72399E+12,-121.4538217,37.710587,2
-12.6,-89.7,402, 9:34:44.677,34:44.7,1.72399E+12,-121.4538092,37.710587,2
-10.9,-92.4,402, 9:34:45.256,34:45.3,1.72399E+12,-121.4538005,37.710587,2
-12.5,-95.8,402, 9:34:47.409,34:47.4,1.72399E+12,-121.4537645,37.710587,2
-13.8,-98.4,402, 9:34:47.954,34:48.0,1.72399E+12,-121.4537526,37.710587,2
-22.1,-107.1,402, 9:34:48.486,34:48.5,1.72399E+12,-121.4537436,37.710587,2
-20.9,-106.6,402, 9:34:49.059,34:49.1,1.72399E+12,-121.4537344,37.71058711653386,2
-20.4,-109.8,85, 9:34:49.566,34:49.6,1.72399E+12,-121.4537268,37.71058863,2
-20.1,-105.3,85, 9:34:50.097,34:50.1,1.72399E+12,-121.4537194,37.71058978165504,2
-17.9,-107.9,85, 9:34:50.626,34:50.6,1.72399E+12,-121.4537152,37.71058819940179,2
-18.6,-103.9,85, 9:34:51.214,34:51.2,1.72399E+12,-121.453712,37.710587,2
-17.5,-103.8,85, 9:34:51.767,34:51.8,1.72399E+12,-121.453712,37.710587,2
-17.4,-104.4,85, 9:34:52.299,34:52.3,1.72399E+12,-121.4537101,37.71058591091091,2
-17.9,-104.4,85, 9:34:52.975,34:53.0,1.72399E+12,-121.4537054,37.710583204204205,2
-14.5,-99.4,449, 9:34:53.476,34:53.5,1.72399E+12,-121.4537014,37.710583,2
-15.4,-99.3,449, 9:34:54.124,34:54.1,1.72399E+12,-121.4536955,37.71058339564787,2
-14.9,-101.2,449, 9:34:54.668,34:54.7,1.72399E+12,-121.4536874,37.71058555,2
-18.8,-103.3,449, 9:34:55.210,34:55.2,1.72399E+12,-121.4536794,37.710587,2
-16.2,-100.3,449, 9:34:55.782,34:55.8,1.72399E+12,-121.4536707,37.710587,2
-16.1,-99.1,449, 9:34:56.282,34:56.3,1.72399E+12,-121.4536611,37.710587,2
-16.4,-100.7,449, 9:34:56.875,34:56.9,1.72399E+12,-121.4536474,37.710587,2
-15.8,-101.1,449, 9:34:57.411,34:57.4,1.72399E+12,-121.4536351,37.710587,2
-16.1,-101.3,449, 9:34:57.957,34:58.0,1.72399E+12,-121.4536226,37.710587,2
-17.3,-102.3,449, 9:34:58.521,34:58.5,1.72399E+12,-121.4536096,37.710587,2
-17.2,-101.4,449, 9:34:59.307,34:59.3,1.72399E+12,-121.4535938,37.710587,2
-17.8,-101.2,449, 9:34:59.864,34:59.9,1.72399E+12,-121.4535854,37.710587,2
-20.9,-104.6,449, 9:35:00.449,35:00.4,1.72399E+12,-121.4535766,37.710587,2
-21.3,-104.4,449, 9:35:00.950,35:00.9,1.72399E+12,-121.453569,37.710587,2
-15.4,-98.1,402, 9:35:01.472,35:01.5,1.72399E+12,-121.4535607,37.710587,2
-14.9,-95.9,402, 9:35:02.108,35:02.1,1.72399E+12,-121.4535499,37.710587,2
-15.1,-99.8,402, 9:35:02.669,35:02.7,1.72399E+12,-121.4535371,37.710587,2
-15.9,-100.7,402, 9:35:03.407,35:03.4,1.72399E+12,-121.4535175,37.710587,2
-21,-106.8,402, 9:35:05.103,35:05.1,1.72399E+12,-121.4534742,37.710587,2
-21.6,-109.8,85, 9:35:05.686,35:05.7,1.72399E+12,-121.4534607,37.710587,2
-21.5,-111.8,85, 9:35:07.688,35:07.7,1.72399E+12,-121.4534228,37.710587,2
-24.3,-112.1,85, 9:35:08.684,35:08.7,1.72399E+12,-121.4534052,37.710587,2
-16.6,-106.5,449, 9:35:09.941,35:09.9,1.72399E+12,-121.4533854,37.710587,2
-17.1,-107.1,449, 9:35:11.577,35:11.6,1.72399E+12,-121.4533688,37.710585194194195,3
-20.2,-109.7,449, 9:35:12.937,35:12.9,1.72399E+12,-121.4533475,37.710587,3
-24,-110.9,449, 9:35:14.185,35:14.2,1.72399E+12,-121.453346,37.710587,2
-19.7,-110.5,449, 9:35:14.938,35:14.9,1.72399E+12,-121.453346,37.710587,2
-19,-108.9,449, 9:35:15.474,35:15.5,1.72399E+12,-121.453346,37.710587,2
-19.4,-108.1,358, 9:35:15.998,35:16.0,1.72399E+12,-121.453346,37.710587,2
-17.2,-105.8,358, 9:35:16.571,35:16.6,1.72399E+12,-121.453346,37.710587,2
-19.3,-108.3,358, 9:35:17.317,35:17.3,1.72399E+12,-121.453346,37.710587,2
-18.5,-108,358, 9:35:19.201,35:19.2,1.72399E+12,-121.453346,37.710587,2
-20.4,-109.6,449, 9:35:19.888,35:19.9,1.72399E+12,-121.453346,37.710587,2
-19.5,-108.8,449, 9:35:20.428,35:20.4,1.72399E+12,-121.4533432,37.71058538,2
-19.1,-109.1,449, 9:35:21.138,35:21.1,1.72399E+12,-121.4533372,37.710583453731346,2
-14.9,-101.8,320, 9:35:22.370,35:22.4,1.72399E+12,-121.4533179,37.710587,2
-13.9,-102.4,320, 9:35:24.886,35:24.9,1.72399E+12,-121.4532801,37.710587,2
-11.9,-101.2,320, 9:35:25.888,35:25.9,1.72399E+12,-121.4532643,37.71058357313433,2
-15.1,-98.9,320, 9:35:26.642,35:26.6,1.72399E+12,-121.4532577,37.710583,2.6130653266331656
-9.9,-97.5,320, 9:35:28.588,35:28.6,1.72399E+12,-121.4532351,37.710583,3
-12.2,-98.8,320, 9:35:29.388,35:29.4,1.72399E+12,-121.453232,37.710583,3
-10.9,-92.9,320, 9:35:29.888,35:29.9,1.72399E+12,-121.453232,37.710583,3
-14.3,-93.5,320, 9:35:31.639,35:31.6,1.72399E+12,-121.4532271,37.710583,3
-10.9,-95.1,320, 9:35:32.909,35:32.9,1.72399E+12,-121.4532106,37.710583,3
-12.3,-91.7,320, 9:35:33.442,35:33.4,1.72399E+12,-121.4532026,37.710583,3
-16.2,-96.7,320, 9:35:34.007,35:34.0,1.72399E+12,-121.4531942,37.710583,3
-17.6,-102.8,320, 9:35:34.568,35:34.6,1.72399E+12,-121.4531853,37.710583,3
-15.1,-94.1,320, 9:35:36.076,35:36.1,1.72399E+12,-121.4531552,37.71058319698493,2
-14.9,-100.4,320, 9:35:36.589,35:36.6,1.72399E+12,-121.453147,37.71058525929648,2
-14.1,-95.6,320, 9:35:37.347,35:37.3,1.72399E+12,-121.45314,37.710587,2
-10.2,-94.8,320, 9:35:37.985,35:38.0,1.72399E+12,-121.45314,37.710587,2
-12.3,-94.3,320, 9:35:38.519,35:38.5,1.72399E+12,-121.4531326,37.710587,2
-14.8,-95.8,320, 9:35:39.121,35:39.1,1.72399E+12,-121.4531237,37.710587,2
-17.4,-102.4,320, 9:35:39.825,35:39.8,1.72399E+12,-121.453113,37.710587,2
-17.4,-102.4,320, 9:35:40.329,35:40.3,1.72399E+12,-121.4531005,37.71058577844311,2
-11.9,-99.1,320, 9:35:41.682,35:41.7,1.72399E+12,-121.4530542,37.71057777014925,2.653731343283582
-16.8,-100.9,320, 9:35:43.077,35:43.1,1.72399E+12,-121.4530012,37.71055439558233,3
-16.2,-104.3,320, 9:35:43.599,35:43.6,1.72399E+12,-121.4529813,37.710536576305216,3
-13.9,-101.4,320, 9:35:44.191,35:44.2,1.72399E+12,-121.4529612,37.71051504914744,3
-11.1,-102.2,320, 9:35:44.706,35:44.7,1.72399E+12,-121.4529493,37.71049335406219,3
-13.9,-103.3,320, 9:35:45.252,35:45.3,1.72399E+12,-121.4529402,37.71046770775347,3
-15.6,-102.8,320, 9:35:45.756,35:45.8,1.72399E+12,-121.4529362,37.71044065407555,3
-15.6,-102.6,320, 9:35:46.595,35:46.6,1.72399E+12,-121.452934,37.710387279678066,3
-13.5,-102.4,320, 9:35:47.245,35:47.2,1.72399E+12,-121.4529358,37.71034031075697,3.2211155378486054
-14.2,-102.9,320, 9:35:47.754,35:47.8,1.72399E+12,-121.4529398,37.71029975298805,3.7280876494023905
-15.4,-103.8,320, 9:35:48.532,35:48.5,1.72399E+12,-121.452942,37.71023163273453,4
-18.6,-103.2,320, 9:35:49.250,35:49.2,1.72399E+12,-121.452942,37.71016314558233,4
-14.6,-103.2,320, 9:35:49.751,35:49.8,1.72399E+12,-121.452942,37.71011133534137,4
-16.6,-101.1,320, 9:35:50.437,35:50.4,1.72399E+12,-121.452942,37.71003584337349,4
-14.8,-99.8,320, 9:35:50.986,35:51.0,1.72399E+12,-121.452942,37.70997301,4
-13.1,-99.1,320, 9:35:52.262,35:52.3,1.72399E+12,-121.4529401,37.7098165,4
-12.7,-102.4,320, 9:35:52.822,35:52.8,1.72399E+12,-121.4529356,37.7097465,4
-15.1,-101.4,320, 9:35:53.355,35:53.4,1.72399E+12,-121.452934,37.709675733798605,4
-11.1,-100.7,320, 9:35:53.920,35:53.9,1.72399E+12,-121.452934,37.70959799700898,4
-13.6,-102.5,320, 9:35:54.475,35:54.5,1.72399E+12,-121.452934,37.70951973440644,4.448692152917505
-13.6,-102.5,320, 9:35:54.996,35:55.0,1.72399E+12,-121.452934,37.709445829979884,4.972837022132797
-14.3,-97.7,320, 9:35:55.555,35:55.6,1.72399E+12,-121.452934,37.70936470541082,5
-9.7,-94.9,320, 9:35:56.294,35:56.3,1.72399E+12,-121.452934,37.709256645833335,5
-10.8,-95.8,320, 9:35:56.933,35:56.9,1.72399E+12,-121.452934,37.70916219047619,5
-15.7,-95.5,320, 9:35:58.034,35:58.0,1.72399E+12,-121.452934,37.70899474525474,6
-14.1,-102.8,320, 9:35:58.640,35:58.6,1.72399E+12,-121.452934,37.7088997,6
-13.6,-97.3,431, 9:35:59.333,35:59.3,1.72399E+12,-121.452934,37.70878984337349,5.692771084337349
-13,-96.6,431, 9:36:00.060,36:00.1,1.72399E+12,-121.4529337,37.708672925925924,5
-10.9,-96.4,431, 9:36:00.707,36:00.7,1.72399E+12,-121.4529292,37.70856671171171,5
-20,-111.4,208, 9:36:01.494,36:01.5,1.72399E+12,-121.452927,37.70843601992032,5.470119522
-16.7,-90.9,314, 9:36:01.994,36:02.0,1.72399E+12,-121.452927,37.70835235458168,5.968127490039841
-16.4,-96.7,314, 9:36:03.557,36:03.6,1.72399E+12,-121.4529228,37.70809611904762,6
-12.5,-94.8,314, 9:36:05.689,36:05.7,1.72399E+12,-121.452919,37.70774038530288,6
-9.2,-93.3,314, 9:36:06.810,36:06.8,1.72399E+12,-121.452919,37.70755239719157,6
-8.4,-96.1,314, 9:36:08.004,36:08.0,1.72399E+12,-121.452919,37.70734845418327,6
-14.4,-92.9,314, 9:36:08.685,36:08.7,1.72399E+12,-121.452919,37.70723054582074,6
-11.3,-90.6,314, 9:36:10.305,36:10.3,1.72399E+12,-121.452919,37.70694267298106,7
-14.6,-92.6,314, 9:36:11.683,36:11.7,1.72399E+12,-121.452919,37.7066964,7
-15.3,-103.7,314, 9:36:12.305,36:12.3,1.72399E+12,-121.452919,37.70658366,7.279
-13.6,-106.8,314, 9:36:14.310,36:14.3,1.72399E+12,-121.4529167,37.706211337349394,8
-17.9,-108.7,314, 9:36:15.479,36:15.5,1.72399E+12,-121.452911,37.705991094999995,8
-17.4,-106.6,320, 9:36:16.005,36:16.0,1.72399E+12,-121.452911,37.705890628999995,8
-17.4,-108.4,320, 9:36:17.673,36:17.7,1.72399E+12,-121.452911,37.705579426865675,9
-15.3,-105.6,320, 9:36:19.408,36:19.4,1.72399E+12,-121.452911,37.705256756756754,9.378378378378379
-12.4,-103.1,320, 9:36:20.666,36:20.7,1.72399E+12,-121.452911,37.70502596084337,10
-18.1,-108.8,320, 9:36:21.307,36:21.3,1.72399E+12,-121.452911,37.70491041758242,10
-14.9,-103.7,320, 9:36:23.303,36:23.3,1.72399E+12,-121.452911,37.70455903815261,10.279116465863455
-14,-101.3,320, 9:36:23.809,36:23.8,1.72399E+12,-121.452911,37.704468100401606,10.78714859437751
-17.8,-105.4,320, 9:36:26.003,36:26.0,1.72399E+12,-121.452911,37.70408130496454,11
-14.4,-108.6,320, 9:36:26.803,36:26.8,1.72399E+12,-121.452911,37.70394213043478,11
-15.3,-106.3,320, 9:36:28.303,36:28.3,1.72399E+12,-121.452911,37.70368116,12
-14.1,-105.8,320, 9:36:29.786,36:29.8,1.72399E+12,-121.4529171,37.70342846046046,12
-16.1,-103.7,320, 9:36:31.196,36:31.2,1.72399E+12,-121.4529282,37.70318839078156,13
-15.9,-105.3,320, 9:36:31.700,36:31.7,1.72399E+12,-121.4529317,37.70310152905812,13
-14.9,-105.9,320, 9:36:32.215,36:32.2,1.72399E+12,-121.4529355,37.70301149,13
-12.4,-105.5,320, 9:36:32.782,36:32.8,1.72399E+12,-121.45294,37.7029099,13
-15.1,-103.6,320, 9:36:33.424,36:33.4,1.72399E+12,-121.452942,37.702795706237424,13
-16.5,-103,320, 9:36:33.987,36:34.0,1.72399E+12,-121.452942,37.70269602012072,13
-18.1,-102.2,320, 9:36:34.542,36:34.5,1.72399E+12,-121.4529378,37.70259627236181,13
-12.7,-103.4,320, 9:36:35.190,36:35.2,1.72399E+12,-121.452934,37.70247956663376,13
-14.1,-105.2,320, 9:36:35.969,36:36.0,1.72399E+12,-121.452934,37.70233883909181,13
-16,-103.4,320, 9:36:36.476,36:36.5,1.72399E+12,-121.4529308,37.70224365,13
-12.5,-102.9,320, 9:36:37.026,36:37.0,1.72399E+12,-121.452927,37.70213991071428,13.005952380952381
-17.1,-105.4,320, 9:36:37.789,36:37.8,1.72399E+12,-121.4529209,37.70200138988095,13.762896825396826
-12.2,-101.7,320, 9:36:38.388,36:38.4,1.72399E+12,-121.4529161,37.70188993124368,14
-11.1,-98.8,320, 9:36:38.996,36:39.0,1.72399E+12,-121.4529112,37.701774970677455,14
-11.4,-101.8,320, 9:36:39.626,36:39.6,1.72399E+12,-121.452911,37.70165514442231,14
-16.3,-104.3,320, 9:36:40.322,36:40.3,1.72399E+12,-121.452911,37.70152239378758,14.301603206412826
-16.3,-104.3,320, 9:36:41.247,36:41.2,1.72399E+12,-121.452911,37.701345723276724,15
-15.8,-106.8,320, 9:36:41.995,36:42.0,1.72399E+12,-121.452911,37.701203745254745,15
-19.4,-110.1,320, 9:36:43.686,36:43.7,1.72399E+12,-121.452904,37.70087331605184,15.660019940179462
-16.8,-109.8,320, 9:36:44.250,36:44.2,1.72399E+12,-121.4529022,37.70076255844156,16
-15.3,-106.2,320, 9:36:46.254,36:46.3,1.72399E+12,-121.452896,37.70036366,16.229
-14.8,-105,320, 9:36:47.996,36:48.0,1.72399E+12,-121.452896,37.70001408391608,17
-15,-102.6,320, 9:36:48.696,36:48.7,1.72399E+12,-121.452896,37.69987252452452,17
-14.9,-107.2,320, 9:36:49.249,36:49.2,1.72399E+12,-121.452896,37.699759763527055,17
-17.7,-108.3,320, 9:36:50.999,36:51.0,1.72399E+12,-121.452896,37.69940343768694,17.97308075772682
-15.3,-106,320, 9:36:52.632,36:52.6,1.72399E+12,-121.452896,37.699069131923466,18
-16.8,-107.8,320, 9:36:53.155,36:53.2,1.72399E+12,-121.4528949,37.69896285055166,18.134403209628886
-15.8,-104.5,320, 9:36:53.691,36:53.7,1.72399E+12,-121.4528906,37.698854252758274,18.67201604814443
-15.7,-105.4,320, 9:36:54.209,36:54.2,1.72399E+12,-121.452888,37.69874968619662,19
-15,-104.5,320, 9:36:54.949,36:54.9,1.72399E+12,-121.452888,37.698601245283015,19
-17.5,-105.9,320, 9:36:55.482,36:55.5,1.72399E+12,-121.452888,37.69849514785214,19
-14,-104.2,320, 9:36:56.090,36:56.1,1.72399E+12,-121.4528885,37.69837430260521,19.064128256513026
-14.6,-102.3,320, 9:36:56.630,36:56.6,1.72399E+12,-121.4528928,37.69826716833667,19.605210420841683
-12,-102.1,320, 9:36:57.413,36:57.4,1.72399E+12,-121.4528929,37.69811315,20
-16.8,-102.3,320, 9:36:58.083,36:58.1,1.72399E+12,-121.452888,37.69798273,20
-16.6,-105.8,320, 9:36:58.695,36:58.7,1.72399E+12,-121.452888,37.69786584,20
-16.6,-105.8,320, 9:36:59.379,36:59.4,1.72399E+12,-121.452888,37.69773697,20
-16,-103.7,320, 9:36:59.931,36:59.9,1.72399E+12,-121.452888,37.697634298000004,20
-15,-105.6,320, 9:37:00.676,37:00.7,1.72399E+12,-121.452888,37.69749786593843,20.64746772591857
-15,-105.6,320, 9:37:01.929,37:01.9,1.72399E+12,-121.4528817,37.69727193587175,21
-16.6,-105.6,320, 9:37:02.990,37:03.0,1.72399E+12,-121.452881,37.69708215284715,21
-16.4,-113.2,413, 9:37:03.578,37:03.6,1.72399E+12,-121.4528766,37.69697787210473,21.551863041289025
-22.9,-119,413, 9:37:05.179,37:05.2,1.72399E+12,-121.452873,37.696708050847455,22
-19.9,-118.3,413, 9:37:05.933,37:05.9,1.72399E+12,-121.452873,37.696590026919246,22
-15.4,-113.5,413, 9:37:08.407,37:08.4,1.72399E+12,-121.452866,37.69629221656687,23
-11.7,-108.1,413, 9:37:08.927,37:08.9,1.72399E+12,-121.452866,37.69624499101796,23
-12.9,-107.6,413, 9:37:10.933,37:10.9,1.72399E+12,-121.452866,37.69607178,23
-12.7,-110.9,413, 9:37:11.933,37:11.9,1.72399E+12,-121.452866,37.69598076190476,23
-13.6,-109.5,413, 9:37:12.668,37:12.7,1.72399E+12,-121.452866,37.69590816448032,23
-14.3,-113.7,413, 9:37:13.171,37:13.2,1.72399E+12,-121.452866,37.69585746253746,23
-12.3,-106.6,413, 9:37:13.732,37:13.7,1.72399E+12,-121.452866,37.69579973726274,23
-12.1,-111.8,413, 9:37:14.344,37:14.3,1.72399E+12,-121.452866,37.695733324701195,23
-16.1,-115.8,413, 9:37:14.995,37:15.0,1.72399E+12,-121.452866,37.69565941,23
-19.5,-117.9,413, 9:37:15.556,37:15.6,1.72399E+12,-121.452866,37.69559334,23
-16.4,-116.3,413, 9:37:16.129,37:16.1,1.72399E+12,-121.452866,37.6955249,23
-9.4,-103.3,413, 9:37:16.997,37:17.0,1.72399E+12,-121.452866,37.69541553,23
-15.3,-116.9,413, 9:37:17.541,37:17.5,1.72399E+12,-121.452866,37.695340217741936,23
-17.1,-117.6,413, 9:37:18.197,37:18.2,1.72399E+12,-121.452866,37.69524810714285,23
-13.8,-114.6,413, 9:37:18.697,37:18.7,1.72399E+12,-121.452866,37.69517618253968,23
-15.9,-115.5,413, 9:37:19.261,37:19.3,1.72399E+12,-121.452866,37.69509400200401,23.236472945891784
-13.9,-112.4,413, 9:37:19.828,37:19.8,1.72399E+12,-121.452866,37.69500991783567,23.804609218436873
-14.6,-115.8,476, 9:37:20.371,37:20.4,1.72399E+12,-121.452866,37.69492636,24
-19.1,-120.8,476, 9:37:20.946,37:20.9,1.72399E+12,-121.452866,37.69483609,24
-20.2,-122.1,476, 9:37:21.481,37:21.5,1.72399E+12,-121.452866,37.69474851055276,24
-21.9,-123.9,476, 9:37:22.008,37:22.0,1.72399E+12,-121.452866,37.69466164824121,24
-17.6,-117.5,476, 9:37:22.590,37:22.6,1.72399E+12,-121.452866,37.69456257768924,24
-16.8,-116.9,476, 9:37:23.205,37:23.2,1.72399E+12,-121.452866,37.694457110891086,24
-14.1,-103.3,314, 9:37:23.777,37:23.8,1.72399E+12,-121.452866,37.69435743564357,24
-14.1,-101.1,314, 9:37:24.378,37:24.4,1.72399E+12,-121.452866,37.69425081726908,24.347389558232933
-12.7,-101.4,314, 9:37:25.116,37:25.1,1.72399E+12,-121.4528653,37.69411792814371,25
-11.4,-102.4,314, 9:37:26.364,37:26.4,1.72399E+12,-121.452858,37.69388778340081,25.338056680161944
-15.9,-101.1,314, 9:37:27.569,37:27.6,1.72399E+12,-121.4528624,37.69366346859422,26
-15.9,-101.1,314, 9:37:28.488,37:28.5,1.72399E+12,-121.452866,37.69349332028113,26
-19.9,-107.9,247, 9:37:29.040,37:29.0,1.72399E+12,-121.452866,37.69338971613546,26
-17.3,-108.1,247, 9:37:29.644,37:29.6,1.72399E+12,-121.452866,37.69327721812749,26
-19.1,-107.8,247, 9:37:30.223,37:30.2,1.72399E+12,-121.452866,37.69316945129225,26
-20.6,-109.4,247, 9:37:30.798,37:30.8,1.72399E+12,-121.452866,37.69306256759443,26
-17.4,-107.6,247, 9:37:31.321,37:31.3,1.72399E+12,-121.4528636,37.69296435425101,26
-16.9,-108.4,247, 9:37:31.821,37:31.8,1.72399E+12,-121.4528596,37.692869718623484,26
-18.6,-108.9,247, 9:37:32.383,37:32.4,1.72399E+12,-121.452858,37.69276445816733,26
-20.8,-112.2,247, 9:37:32.899,37:32.9,1.72399E+12,-121.452858,37.692668350597614,26
-21.2,-110.8,247, 9:37:33.517,37:33.5,1.72399E+12,-121.452858,37.69255893706294,26.4975025
-22.4,-111.4,247, 9:37:34.021,37:34.0,1.72399E+12,-121.452858,37.69247082,27
-22.1,-109.4,247, 9:37:34.528,37:34.5,1.72399E+12,-121.4528539,37.69238159,27
-15.6,-101.9,328, 9:37:35.039,37:35.0,1.72399E+12,-121.45285,37.69229170138889,27.018849206349206
-14.8,-98,328, 9:37:35.908,37:35.9,1.72399E+12,-121.45285,37.69214083333333,27.88095238095238
-14.1,-95.6,328, 9:37:36.444,37:36.4,1.72399E+12,-121.45285,37.69204873306773,28
-14.4,-93,328, 9:37:37.157,37:37.2,1.72399E+12,-121.45285,37.69192630474268,28
-12.3,-90.5,328, 9:37:37.854,37:37.9,1.72399E+12,-121.45285,37.69180533198789,28
-12.8,-92.8,328, 9:37:38.411,37:38.4,1.72399E+12,-121.45285,37.69170985044865,28
-14.4,-96.6,328, 9:37:39.069,37:39.1,1.72399E+12,-121.45285,37.69159741683367,28
-11.8,-96.3,328, 9:37:39.573,37:39.6,1.72399E+12,-121.45285,37.69150853507014,28
-16.3,-105.8,328, 9:37:40.688,37:40.7,1.72399E+12,-121.45285,37.691315360199006,28.660696517412937
-11.4,-92.5,328, 9:37:42.357,37:42.4,1.72399E+12,-121.45285,37.69101821435693,29
-11.4,-92.5,328, 9:37:42.872,37:42.9,1.72399E+12,-121.45285,37.690926305084744,29
-13.6,-94.1,328, 9:37:44.118,37:44.1,1.72399E+12,-121.452843,37.69069387912088,29.096903096903098
-10.9,-93.1,328, 9:37:45.077,37:45.1,1.72399E+12,-121.452843,37.69051434065934,30
-12,-88.1,328, 9:37:45.704,37:45.7,1.72399E+12,-121.452843,37.690392824175824,30
-14.1,-87.9,328, 9:37:46.207,37:46.2,1.72399E+12,-121.452843,37.690294647416415,30
-13.4,-91,328, 9:37:46.775,37:46.8,1.72399E+12,-121.452843,37.69018242857143,30
-10.7,-86.2,328, 9:37:47.392,37:47.4,1.72399E+12,-121.452843,37.69006170137525,30
-11.3,-86.6,328, 9:37:47.949,37:47.9,1.72399E+12,-121.452843,37.68995337,30
-14.3,-86.8,328, 9:37:48.494,37:48.5,1.72399E+12,-121.452843,37.689841811623246,30
-12.2,-93.5,328, 9:37:49.233,37:49.2,1.72399E+12,-121.452843,37.689689143718596,30.208040201005026
-11.6,-86.8,328, 9:37:49.875,37:49.9,1.72399E+12,-121.452843,37.68955622713568,30.85326633165829
-15.2,-82.5,328, 9:37:50.407,37:50.4,1.72399E+12,-121.452843,37.689444858858856,31
-12.4,-83.3,328, 9:37:51.001,37:51.0,1.72399E+12,-121.452843,37.68931999399399,31
-14.4,-92.7,328, 9:37:51.770,37:51.8,1.72399E+12,-121.452843,37.68915379761905,31
-11.3,-91.3,328, 9:37:52.392,37:52.4,1.72399E+12,-121.452843,37.68901756,31.364
-14,-92.9,328, 9:37:52.940,37:52.9,1.72399E+12,-121.452843,37.68889645,31.912
-11.9,-94.6,328, 9:37:53.682,37:53.7,1.72399E+12,-121.4528377,37.688730710526315,32
-16.1,-94.4,328, 9:37:55.407,37:55.4,1.72399E+12,-121.452835,37.68834407847083,33
-15.1,-96.7,328, 9:37:56.407,37:56.4,1.72399E+12,-121.452835,37.68811669,33
-19.8,-105.8,328, 9:37:58.199,37:58.2,1.72399E+12,-121.4528336,37.687703089808274,34.17558022199798
-14.8,-101.1,328, 9:37:59.406,37:59.4,1.72399E+12,-121.452827,37.68741941791045,35
-14.1,-90.6,328, 9:38:00.190,38:00.2,1.72399E+12,-121.452827,37.68723511,35
-10.6,-92.4,328, 9:38:02.194,38:02.2,1.72399E+12,-121.4528258,37.68675724075924,36
-14,-93.3,328, 9:38:03.196,38:03.2,1.72399E+12,-121.45282,37.68651648358209,36
-11.1,-97.3,328, 9:38:04.675,38:04.7,1.72399E+12,-121.45282,37.6861555,36
-16.2,-99.6,328, 9:38:05.392,38:05.4,1.72399E+12,-121.45282,37.68598190192114,36.369059656218404
-13.2,-93.9,328, 9:38:05.943,38:05.9,1.72399E+12,-121.45282,37.685850419615775,36.92618806875632
-16.7,-89.4,328, 9:38:06.453,38:06.5,1.72399E+12,-121.45282,37.68572874552684,37
-16.6,-82.1,328, 9:38:06.996,38:07.0,1.72399E+12,-121.45282,37.6855992,37
-17.1,-92.1,328, 9:38:07.519,38:07.5,1.72399E+12,-121.45282,37.685475797014924,37.494527363184076
-13.5,-83.8,328, 9:38:08.163,38:08.2,1.72399E+12,-121.45282,37.68532378,38
-10.8,-81.9,328, 9:38:08.924,38:08.9,1.72399E+12,-121.45282,37.68514345783132,38
-19.1,-89.6,328, 9:38:09.577,38:09.6,1.72399E+12,-121.45282,37.68498948508946,38.55069583
-20.9,-93.6,328, 9:38:10.199,38:10.2,1.72399E+12,-121.45282,37.68484283983984,39
-14.3,-87.3,328, 9:38:10.840,38:10.8,1.72399E+12,-121.45282,37.68469141241241,39
-16,-88.2,328, 9:38:11.406,38:11.4,1.72399E+12,-121.45282,37.684558660982944,39
-15.7,-83.2,328, 9:38:12.126,38:12.1,1.72399E+12,-121.45282,37.68439041983968,39.10120240480962
-11.3,-88.4,91, 9:38:12.653,38:12.7,1.72399E+12,-121.45282,37.68426738276553,39.62925851703407
-9.3,-90.4,91, 9:38:13.241,38:13.2,1.72399E+12,-121.4528183,37.68413185170341,40
-13.1,-92.9,91, 9:38:13.955,38:14.0,1.72399E+12,-121.4528125,37.68397087975952,40
-12.1,-91.4,91, 9:38:14.604,38:14.6,1.72399E+12,-121.452812,37.68382521734796,40.581256231306085
-9.3,-89.9,91, 9:38:15.133,38:15.1,1.72399E+12,-121.452812,37.68370720422536,41
-13.8,-91.9,91, 9:38:15.950,38:15.9,1.72399E+12,-121.452812,37.68352884507043,41
-10.8,-90.3,91, 9:38:16.548,38:16.5,1.72399E+12,-121.452812,37.68339983003953,41
-10.4,-89.7,91, 9:38:17.202,38:17.2,1.72399E+12,-121.452812,37.68325966197183,41
-12.1,-91.5,91, 9:38:17.702,38:17.7,1.72399E+12,-121.452812,37.683154028169014,41
-10.1,-90,91, 9:38:18.247,38:18.2,1.72399E+12,-121.452812,37.683038922222224,41.22525252525253
-12.1,-91.9,91, 9:38:18.994,38:19.0,1.72399E+12,-121.452812,37.68288122222222,41.97979797979798
-12.2,-90.5,91, 9:38:19.602,38:19.6,1.72399E+12,-121.452812,37.68275635458167,42
-18.1,-98.8,298, 9:38:20.287,38:20.3,1.72399E+12,-121.4528101,37.682615971201585,42.267130089374376
-19.9,-101.4,298, 9:38:22.433,38:22.4,1.72399E+12,-121.452805,37.682183630434785,43
-18.9,-100.1,298, 9:38:23.366,38:23.4,1.72399E+12,-121.452805,37.682002743256746,43
-23,-102.3,298, 9:38:24.259,38:24.3,1.72399E+12,-121.452805,37.68183298,43.23541247484909
-22.9,-103.3,298, 9:38:25.883,38:25.9,1.72399E+12,-121.452805,37.681536875247524,44
-22.4,-102.8,298, 9:38:27.255,38:27.3,1.72399E+12,-121.452805,37.68129972727273,44.23376623376623
-24.9,-104,298, 9:38:28.996,38:29.0,1.72399E+12,-121.452805,37.68101190039841,45
-22.4,-100.1,298, 9:38:30.012,38:30.0,1.72399E+12,-121.452805,37.680848765295885,45.98896690070211
-25.4,-103.6,298, 9:38:31.258,38:31.3,1.72399E+12,-121.452805,37.68065483912612,46
-25.5,-101.2,298, 9:38:32.542,38:32.5,1.72399E+12,-121.452805,37.680458688956435,46
-27.6,-104.6,298, 9:38:33.064,38:33.1,1.72399E+12,-121.452805,37.68037820456802,46.04965243296922
-26.1,-105.1,298, 9:38:33.684,38:33.7,1.72399E+12,-121.452805,37.680281541211514,46.665342601787486
-24.6,-104.9,40, 9:38:34.192,38:34.2,1.72399E+12,-121.452805,37.680202456716415,47
-21.9,-102.7,40, 9:38:34.728,38:34.7,1.72399E+12,-121.452805,37.68011925671642,47
-24.9,-95.1,40, 9:38:35.394,38:35.4,1.72399E+12,-121.452805,37.68001493366834,47
-24.9,-95.3,40, 9:38:35.996,38:36.0,1.72399E+12,-121.452805,37.679919944723615,47
-16.3,-95.6,40, 9:38:36.554,38:36.6,1.72399E+12,-121.452805,37.67983131281033,47
-20.1,-99.1,40, 9:38:37.356,38:37.4,1.72399E+12,-121.452805,37.679702989898985,47.33131313131313
-16.6,-93.8,40, 9:38:37.886,38:37.9,1.72399E+12,-121.452805,37.67961733333333,47.86666666666667
-21.7,-101.1,40, 9:38:38.465,38:38.5,1.72399E+12,-121.452805,37.67952291,48
-18.9,-98.1,40, 9:38:38.973,38:39.0,1.72399E+12,-121.452805,37.679439848454635,48
-18.7,-97.4,40, 9:38:39.666,38:39.7,1.72399E+12,-121.4528095,37.67932342284569,48
-19.1,-97.9,40, 9:38:40.245,38:40.2,1.72399E+12,-121.452812,37.67922497188755,48
-18.1,-97.6,40, 9:38:40.858,38:40.9,1.72399E+12,-121.452812,37.67911911,48
-19.4,-97.6,40, 9:38:41.524,38:41.5,1.72399E+12,-121.452812,37.67900599,48.50296442687747
-18.1,-98.3,40, 9:38:42.277,38:42.3,1.72399E+12,-121.452814,37.678876689828805,49
-17.2,-96.6,40, 9:38:43.776,38:43.8,1.72399E+12,-121.45282,37.67861034925373,49
-20.5,-105.6,40, 9:38:44.279,38:44.3,1.72399E+12,-121.45282,37.67852076,49
-20.5,-105.6,40, 9:38:45.282,38:45.3,1.72399E+12,-121.45282,37.67834069879518,49
-21.8,-105.9,40, 9:38:45.995,38:46.0,1.72399E+12,-121.45282,37.67820969578313,49
-21.8,-105.9,40, 9:38:46.580,38:46.6,1.72399E+12,-121.45282,37.67810185971944,49
-20.1,-107.9,40, 9:38:48.276,38:48.3,1.72399E+12,-121.452829,37.67778860221551,50
-14.6,-98.7,40, 9:38:49.278,38:49.3,1.72399E+12,-121.4528408,37.677603749253734,50
-16.4,-105.7,40, 9:38:50.406,38:50.4,1.72399E+12,-121.4528667,37.67739958441558,50
-18.1,-104.1,40, 9:38:51.282,38:51.3,1.72399E+12,-121.4528886,37.67724161,50.25352112676056
-27.2,-117.2,40, 9:38:52.746,38:52.7,1.72399E+12,-121.4529443,37.67696944,51
-22.4,-112.8,298, 9:38:53.786,38:53.8,1.72399E+12,-121.4529981,37.67677561232604,51
-22.9,-113.1,298, 9:38:54.407,38:54.4,1.72399E+12,-121.4530343,37.676659538615844,51
-18,-108.1,298, 9:38:54.966,38:55.0,1.72399E+12,-121.4530685,37.67655469107322,51
-14.6,-99,81, 9:38:55.502,38:55.5,1.72399E+12,-121.4531084,37.67645107,51
-10.5,-96.4,81, 9:38:56.282,38:56.3,1.72399E+12,-121.4531696,37.67630077711443,51
-10.6,-97.3,81, 9:38:56.996,38:57.0,1.72399E+12,-121.4532293,37.67616508159204,51
-9.6,-95.8,81, 9:38:57.607,38:57.6,1.72399E+12,-121.4532852,37.676049633333335,51
-8.1,-89.8,81, 9:38:58.274,38:58.3,1.72399E+12,-121.4533483,37.67592566172107,51.253214638971315
-9.7,-85.3,81, 9:38:58.782,38:58.8,1.72399E+12,-121.4533986,37.67583370919881,51.75568743818002
-6.1,-84.8,81, 9:38:59.539,38:59.5,1.72399E+12,-121.4534817,37.675696880928356,52
-8.7,-88.6,81, 9:39:00.143,39:00.1,1.72399E+12,-121.4535508,37.67558911549852,52.12142152023692
-7.9,-88.3,81, 9:39:00.824,39:00.8,1.72399E+12,-121.4536275,37.67547348667325,52.79368213228035
-11.1,-82,81, 9:39:02.367,39:02.4,1.72399E+12,-121.4538153,37.67521359,53
-11.1,-82,81, 9:39:03.230,39:03.2,1.72399E+12,-121.4539222,37.67507352475248,53.2029703
-9.5,-93.9,327, 9:39:03.874,39:03.9,1.72399E+12,-121.4540044,37.67497150495049,53.84059405940594
-9.8,-95,327, 9:39:05.866,39:05.9,1.72399E+12,-121.4542781,37.67466781618382,54
-9.5,-91.9,327, 9:39:06.372,39:06.4,1.72399E+12,-121.4543502,37.67459521,54
-11.5,-96.7,327, 9:39:08.576,39:08.6,1.72399E+12,-121.4546613,37.67430872272272,55
-11.1,-89.1,327, 9:39:09.368,39:09.4,1.72399E+12,-121.4547639,37.67421760219342,55.33998005982054
-10.1,-87.4,327, 9:39:10.867,39:10.9,1.72399E+12,-121.4549521,37.674057918181816,56
-10.5,-89.4,327, 9:39:12.373,39:12.4,1.72399E+12,-121.4551463,37.673908142276424,56
-9.1,-82.2,327, 9:39:12.927,39:12.9,1.72399E+12,-121.4552195,37.67385184146341,56
-6.6,-80.4,327, 9:39:13.560,39:13.6,1.72399E+12,-121.4552966,37.67379189655173,56.53793103448276
-8.1,-81.9,327, 9:39:14.176,39:14.2,1.72399E+12,-121.4553698,37.673733978915664,57
-8.6,-81.2,327, 9:39:14.828,39:14.8,1.72399E+12,-121.4554445,37.67367179016065,57
-9.1,-81.4,327, 9:39:15.406,39:15.4,1.72399E+12,-121.4555135,37.67361795,57
-13,-81.3,327, 9:39:15.931,39:15.9,1.72399E+12,-121.4555775,37.67356965,57
-8.8,-82.4,327, 9:39:16.573,39:16.6,1.72399E+12,-121.4556473,37.67351302,57
-11.5,-85.2,327, 9:39:17.403,39:17.4,1.72399E+12,-121.455739,37.67344045135406,57.37412236710131
-9.9,-85.3,327, 9:39:17.995,39:18.0,1.72399E+12,-121.4558073,37.67338879237713,57.96790371
-9.1,-84.9,327, 9:39:18.926,39:18.9,1.72399E+12,-121.4559135,37.67331048,58
-9.9,-84.9,327, 9:39:19.603,39:19.6,1.72399E+12,-121.4559908,37.67325351903808,58.57715430861723
-8.1,-83.8,327, 9:39:20.157,39:20.2,1.72399E+12,-121.4560531,37.673206395604396,59
-8.1,-83.8,327, 9:39:20.902,39:20.9,1.72399E+12,-121.4561327,37.673140901098904,59
-11.7,-88.3,327, 9:39:21.653,39:21.7,1.72399E+12,-121.4562132,37.673077279279276,59
-11.4,-88,327, 9:39:23.679,39:23.7,1.72399E+12,-121.4564369,37.67290315,60
-13.1,-83.7,327, 9:39:24.402,39:24.4,1.72399E+12,-121.4565172,37.67284129,60.376
-11.7,-83.1,327, 9:39:26.656,39:26.7,1.72399E+12,-121.45678,37.672639044865406,61
-9.4,-84.4,327, 9:39:27.587,39:27.6,1.72399E+12,-121.4568895,37.67255239,61
-16.5,-98.9,327, 9:39:28.903,39:28.9,1.72399E+12,-121.4570402,37.67243203306613,61
-16.7,-99.3,327, 9:39:30.402,39:30.4,1.72399E+12,-121.4572116,37.672301594974876,61
-9.4,-84.8,327, 9:39:31.157,39:31.2,1.72399E+12,-121.4572961,37.672238907444665,61.13279678
-11.6,-86.9,327, 9:39:32.405,39:32.4,1.72399E+12,-121.4574175,37.672147884884886,62
-11.1,-85.5,327, 9:39:32.921,39:32.9,1.72399E+12,-121.4574651,37.67211431131131,62
-8.8,-88.7,327, 9:39:33.554,39:33.6,1.72399E+12,-121.4575102,37.67207709741551,62
-11.8,-88.7,327, 9:39:34.081,39:34.1,1.72399E+12,-121.4575455,37.672047434999996,62
-12.6,-93.2,327, 9:39:34.858,39:34.9,1.72399E+12,-121.4575929,37.67201247,62
-11.5,-94.5,327, 9:39:35.409,39:35.4,1.72399E+12,-121.457618,37.671993100697904,62
-8.3,-86.7,327, 9:39:36.202,39:36.2,1.72399E+12,-121.4576487,37.671968739478956,62
-13.1,-93.6,327, 9:39:36.737,39:36.7,1.72399E+12,-121.457669,37.671952657314634,62
-15.7,-97.2,327, 9:39:37.403,39:37.4,1.72399E+12,-121.4576887,37.67192519402985,62
-11.6,-95.7,327, 9:39:38.144,39:38.1,1.72399E+12,-121.4577021,37.67188703903904,62
-12.8,-91.6,327, 9:39:38.782,39:38.8,1.72399E+12,-121.457697,37.67184808208208,62
-9.6,-88.7,327, 9:39:39.407,39:39.4,1.72399E+12,-121.4576832,37.671806786934674,62
-8.4,-82,327, 9:39:39.997,39:40.0,1.72399E+12,-121.4576648,37.67176587236181,62
-11.4,-86.1,327, 9:39:40.684,39:40.7,1.72399E+12,-121.4576139,37.67172382035928,62
-11.3,-90.6,327, 9:39:41.779,39:41.8,1.72399E+12,-121.4575073,37.671666029058116,62
-14.4,-93.3,327, 9:39:42.416,39:42.4,1.72399E+12,-121.4574269,37.67163268277945,61.605236656596176
-13.4,-92.4,327, 9:39:43.026,39:43.0,1.72399E+12,-121.4573427,37.671599523952096,60.99101796407186
-17.1,-92.8,327, 9:39:43.541,39:43.5,1.72399E+12,-121.4572682,37.67157228343313,60.477045908183634
-11.9,-91.7,327, 9:39:44.199,39:44.2,1.72399E+12,-121.4571677,37.67153608548708,59.82107355864811
-12.5,-90.7,327, 9:39:44.916,39:44.9,1.72399E+12,-121.457043,37.671492609343936,59.10834990059642
-11.2,-84.9,327, 9:39:45.458,39:45.5,1.72399E+12,-121.456945,37.67145793918245,58.56829511465603
-11.2,-84.8,327, 9:39:46.199,39:46.2,1.72399E+12,-121.4568055,37.67140911782477,57.82779456193354
-12.3,-84.7,327, 9:39:46.840,39:46.8,1.72399E+12,-121.4566725,37.67136457703928,57.18227593152064
-8.7,-87.5,327, 9:39:47.407,39:47.4,1.72399E+12,-121.45655,37.671319833333335,56.23412698412698
-9.1,-87.8,327, 9:39:47.954,39:48.0,1.72399E+12,-121.4564295,37.671274249999996,55.148809523809526
-11,-91.1,327, 9:39:48.682,39:48.7,1.72399E+12,-121.4562632,37.67121369238477,54.34569138276553
-11,-91.8,327, 9:39:49.406,39:49.4,1.72399E+12,-121.4560942,37.67114846987952,53.619477911646584
-14.1,-96.7,327, 9:39:50.579,39:50.6,1.72399E+12,-121.4558129,37.67103417529881,52.44621513944223
-13.8,-99.6,327, 9:39:51.641,39:51.6,1.72399E+12,-121.4555537,37.67091979338014,52
-12.2,-100.7,327, 9:39:52.796,39:52.8,1.72399E+12,-121.4552714,37.67078132801595,52
-17.4,-103.1,327, 9:39:53.323,39:53.3,1.72399E+12,-121.4551446,37.67071331451613,51.70161290322581
-20,-101,327, 9:39:54.159,39:54.2,1.72399E+12,-121.454944,37.670600972222225,51
-15.6,-97.8,327, 9:39:54.807,39:54.8,1.72399E+12,-121.454782,37.670512900793646,51
-17.4,-98.3,327, 9:39:55.618,39:55.6,1.72399E+12,-121.4545773,37.670401032160804,51
-16.4,-99.2,327, 9:39:56.406,39:56.4,1.72399E+12,-121.454373,37.67028959701492,51
-19.1,-103.1,327, 9:39:56.979,39:57.0,1.72399E+12,-121.4542208,37.67020692537314,51
-17.1,-100.5,327, 9:39:57.666,39:57.7,1.72399E+12,-121.4540413,37.67009961329305,51
-17.1,-100.5,327, 9:39:58.229,39:58.2,1.72399E+12,-121.4538917,37.67001066001994,51
-11.8,-96.6,327, 9:39:58.962,39:59.0,1.72399E+12,-121.4536907,37.66989373080758,51
-14.8,-99.8,327, 9:39:59.553,39:59.6,1.72399E+12,-121.4535283,37.669798944834504,51
-12.6,-102.4,327, 9:40:00.106,40:00.1,1.72399E+12,-121.4533765,37.66970966666667,51.08531746031746
-11.9,-101.3,327, 9:40:02.100,40:02.1,1.72399E+12,-121.4528131,37.66937040438247,52
-14.5,-100.3,327, 9:40:03.100,40:03.1,1.72399E+12,-121.4525316,37.66919632270917,52
-14.5,-100.3,327, 9:40:03.608,40:03.6,1.72399E+12,-121.4523849,37.66910929482072,52
-12.7,-100.5,327, 9:40:04.353,40:04.4,1.72399E+12,-121.4521714,37.66898110865191,52
-13.7,-101.5,327, 9:40:06.355,40:06.4,1.72399E+12,-121.4516025,37.66863603803804,52.329329329329326
-13.9,-98.4,327, 9:40:07.585,40:07.6,1.72399E+12,-121.4512459,37.668421872255486,53
-15.3,-100,327, 9:40:08.854,40:08.9,1.72399E+12,-121.4508716,37.66820747542628,53
-14.2,-104.8,327, 9:40:09.671,40:09.7,1.72399E+12,-121.4506245,37.668065581673304,53
-14.5,-98.2,327, 9:40:11.353,40:11.4,1.72399E+12,-121.4501207,37.667770329670326,53
-12.5,-98.8,327, 9:40:12.107,40:12.1,1.72399E+12,-121.4498967,37.66763739879154,53
-11.5,-93.5,327, 9:40:12.751,40:12.8,1.72399E+12,-121.4497034,37.667521310171196,53
-8.5,-87.9,327, 9:40:13.289,40:13.3,1.72399E+12,-121.4495409,37.66742562,53
-8.3,-91,327, 9:40:13.906,40:13.9,1.72399E+12,-121.4493533,37.66731735493519,53
-11.4,-90.6,327, 9:40:14.409,40:14.4,1.72399E+12,-121.4492034,37.66722814015905,53
-9.1,-86.6,327, 9:40:15.025,40:15.0,1.72399E+12,-121.4490209,37.66711853379722,53
-8.3,-86.6,327, 9:40:15.707,40:15.7,1.72399E+12,-121.4488175,37.66699324,53.68172690763052
-11.2,-89.1,327, 9:40:16.414,40:16.4,1.72399E+12,-121.4486046,37.66686398507463,54
-14.4,-84.5,327, 9:40:16.928,40:16.9,1.72399E+12,-121.4484487,37.66677039104478,54
-15,-85.5,327, 9:40:17.756,40:17.8,1.72399E+12,-121.4482005,37.66661842,54
-8.9,-84,327, 9:40:18.395,40:18.4,1.72399E+12,-121.4480099,37.666502266533065,54
-8,-82.1,327, 9:40:18.930,40:18.9,1.72399E+12,-121.4478507,37.66640577,54
-9.3,-86.1,327, 9:40:19.614,40:19.6,1.72399E+12,-121.4476464,37.66628289267803,54.592778335005015
-10.5,-84.3,327, 9:40:20.166,40:20.2,1.72399E+12,-121.447483,37.666184073412694,55
-8.8,-87.1,327, 9:40:21.169,40:21.2,1.72399E+12,-121.447193,37.66600565963855,55
-10.9,-84.3,327, 9:40:22.584,40:22.6,1.72399E+12,-121.4467716,37.665751501495514,55
-8.4,-84.5,327, 9:40:23.162,40:23.2,1.72399E+12,-121.4465997,37.66564835135135,55
-8.4,-84.5,327, 9:40:24.167,40:24.2,1.72399E+12,-121.4463013,37.66547176,55
-8.4,-81.9,327, 9:40:24.669,40:24.7,1.72399E+12,-121.4461562,37.665381903000004,55
-10.7,-81.9,327, 9:40:26.665,40:26.7,1.72399E+12,-121.4455641,37.66502332532533,55
-8.4,-83,327, 9:40:27.663,40:27.7,1.72399E+12,-121.4452666,37.664844274824475,55
-14.3,-81.9,327, 9:40:29.196,40:29.2,1.72399E+12,-121.4448112,37.66456624165824,55.17087967644085
-9.6,-77.3,327, 9:40:29.806,40:29.8,1.72399E+12,-121.4446281,37.66445522042467,55.78766430738119
-9.6,-77.5,327, 9:40:30.371,40:30.4,1.72399E+12,-121.4444604,37.664352741839764,56
-11.4,-77.1,327, 9:40:30.947,40:30.9,1.72399E+12,-121.4442906,37.66424848071217,56
-11.6,-76.8,327, 9:40:31.472,40:31.5,1.72399E+12,-121.4441328,37.664153131979695,56
-11.6,-76.8,327, 9:40:31.975,40:32.0,1.72399E+12,-121.4439812,37.66406172385786,56
-11,-77.3,327, 9:40:32.703,40:32.7,1.72399E+12,-121.4437617,37.66393004644269,56
-10.1,-77.4,327, 9:40:33.410,40:33.4,1.72399E+12,-121.4435466,37.663799673346695,56
-11.6,-78.7,327, 9:40:34.222,40:34.2,1.72399E+12,-121.4432984,37.66364782306163,56
-10.8,-78.3,327, 9:40:34.860,40:34.9,1.72399E+12,-121.4431049,37.66352922862823,56
-8.8,-76.6,327, 9:40:35.410,40:35.4,1.72399E+12,-121.4429374,37.663426494494495,56
-10.4,-75.7,327, 9:40:36.085,40:36.1,1.72399E+12,-121.4427307,37.66329983266129,56
-9.9,-74.6,327, 9:40:36.633,40:36.6,1.72399E+12,-121.4425578,37.663194320564514,56
-11.8,-75.8,327, 9:40:37.585,40:37.6,1.72399E+12,-121.4422599,37.66301310139165,56
-12.2,-75.1,327, 9:40:38.390,40:38.4,1.72399E+12,-121.4420091,37.66286029,56
-12.2,-75.1,327, 9:40:39.138,40:39.1,1.72399E+12,-121.4417748,37.66271748155533,56
-10.7,-75.1,327, 9:40:40.885,40:40.9,1.72399E+12,-121.4412218,37.66238431,55.143
-8.3,-74.8,327, 9:40:41.888,40:41.9,1.72399E+12,-121.4409015,37.66219343643643,55
-10.5,-73.9,327, 9:40:42.584,40:42.6,1.72399E+12,-121.4406768,37.662059755040325,55
-9.6,-76.6,327, 9:40:44.635,40:44.6,1.72399E+12,-121.4400292,37.66166724,55
-9.2,-77.4,327, 9:40:45.637,40:45.6,1.72399E+12,-121.4397079,37.66147212612613,55
-8.9,-79.5,327, 9:40:46.824,40:46.8,1.72399E+12,-121.4393256,37.66124285412475,55
-9.6,-72.8,327, 9:40:47.360,40:47.4,1.72399E+12,-121.4391562,37.661139234000004,55
-8.5,-71.3,327, 9:40:48.010,40:48.0,1.72399E+12,-121.4389534,37.66101313,55
-7.9,-69.4,327, 9:40:48.652,40:48.7,1.72399E+12,-121.4387477,37.6608906,54.36963036963037
-10.9,-71,327, 9:40:49.389,40:49.4,1.72399E+12,-121.4385114,37.66074836336337,54
-10.6,-66.2,327, 9:40:49.996,40:50.0,1.72399E+12,-121.438317,37.660629879879885,54
-9.2,-68.1,327, 9:40:50.772,40:50.8,1.72399E+12,-121.4380689,37.66048287848606,54
-7.6,-66.6,327, 9:40:51.467,40:51.5,1.72399E+12,-121.4378458,37.66034837688442,54
-9.3,-65.9,327, 9:40:52.036,40:52.0,1.72399E+12,-121.4376629,37.6602369,54
-9.3,-69.6,327, 9:40:52.631,40:52.6,1.72399E+12,-121.4374719,37.66012147,54
-8.6,-61,289, 9:40:53.144,40:53.1,1.72399E+12,-121.4373086,37.66002250396826,54
-5.5,-56.3,289, 9:40:53.996,40:54.0,1.72399E+12,-121.4370449,37.659861063492066,54
-9.8,-61.9,289, 9:40:54.555,40:54.6,1.72399E+12,-121.436865,37.65975383718593,54
-7.4,-67.2,327, 9:40:55.099,40:55.1,1.72399E+12,-121.43669,37.65964943083004,54
-10.5,-66.5,327, 9:40:56.919,40:56.9,1.72399E+12,-121.4361131,37.65929499492386,53.10253807106599
-11.2,-67.1,327, 9:40:57.689,40:57.7,1.72399E+12,-121.4358669,37.65914560219342,53
-10.8,-70.8,327, 9:40:59.557,40:59.6,1.72399E+12,-121.435277,37.65878614343029,53
-16.5,-71.8,327, 9:41:00.686,41:00.7,1.72399E+12,-121.4349151,37.65856650649351,53
-9.1,-73.5,327, 9:41:02.586,41:02.6,1.72399E+12,-121.4343106,37.65820261044177,52
-18.8,-89.4,327, 9:41:03.681,41:03.7,1.72399E+12,-121.4339633,37.657991663346614,52
-18.4,-85.7,327, 9:41:04.730,41:04.7,1.72399E+12,-121.4336264,37.65778689134809,52
-4.5,-72.1,328, 9:41:05.433,41:05.4,1.72399E+12,-121.4334012,37.65765035586481,51.589463220675945
-8.1,-69.4,328, 9:41:06.673,41:06.7,1.72399E+12,-121.4330095,37.65740984,51
-12.3,-71.6,328, 9:41:08.680,41:08.7,1.72399E+12,-121.4323684,37.65702098495486,51
-10.6,-66.1,328, 9:41:09.673,41:09.7,1.72399E+12,-121.4320505,37.65682936653387,51
-10.5,-69.3,328, 9:41:11.098,41:11.1,1.72399E+12,-121.4315943,37.65655532935324,51
-11.4,-70.3,328, 9:41:12.652,41:12.7,1.72399E+12,-121.4311034,37.65625351256281,50.37185929648241
-12.9,-67.6,328, 9:41:13.227,41:13.2,1.72399E+12,-121.4309184,37.656141229999996,50
-10.9,-68.6,328, 9:41:13.731,41:13.7,1.72399E+12,-121.4307571,37.65604345,50
-6.8,-68.3,328, 9:41:14.359,41:14.4,1.72399E+12,-121.4305556,37.65592095477387,50
-11.8,-65.3,328, 9:41:14.979,41:15.0,1.72399E+12,-121.4303562,37.65579944723618,50
-14.3,-65.6,328, 9:41:15.659,41:15.7,1.72399E+12,-121.4301394,37.65566831777557,50
-14.1,-66.9,328, 9:41:16.227,41:16.2,1.72399E+12,-121.429958,37.655559188188185,50
-6,-67.6,328, 9:41:16.826,41:16.8,1.72399E+12,-121.4297661,37.655444664664664,50
-6.3,-68.3,328, 9:41:17.581,41:17.6,1.72399E+12,-121.4295241,37.6552983,50
-8.3,-70.7,328, 9:41:18.093,41:18.1,1.72399E+12,-121.4293604,37.655198837349396,50
-10.6,-71.6,328, 9:41:18.751,41:18.8,1.72399E+12,-121.4291543,37.65507331526105,50
-8.4,-76.4,293, 9:41:19.283,41:19.3,1.72399E+12,-121.4289854,37.65497061222445,50.263527054108216
-5.1,-77.4,293, 9:41:19.931,41:19.9,1.72399E+12,-121.428777,37.654844,50.912825651302605
-12.7,-72.2,293, 9:41:20.495,41:20.5,1.72399E+12,-121.4285979,37.65473679504951,51
-13.4,-71.7,293, 9:41:21.205,41:21.2,1.72399E+12,-121.4283731,37.65460135015137,51
-10.8,-71.3,293, 9:41:21.847,41:21.8,1.72399E+12,-121.4281703,37.65447567103936,51
-8.1,-71.3,293, 9:41:22.409,41:22.4,1.72399E+12,-121.4279916,37.654367954274356,51.387673956262425
-7.8,-74.4,293, 9:41:22.983,41:23.0,1.72399E+12,-121.4278084,37.65425897415507,51.95825049701789
-6.6,-73.9,293, 9:41:23.674,41:23.7,1.72399E+12,-121.4275919,37.654124715145436,52
-11.8,-79.5,293, 9:41:24.408,41:24.4,1.72399E+12,-121.42736,37.65398378649454,52
-11.8,-79.5,293, 9:41:24.938,41:24.9,1.72399E+12,-121.427191,37.65388326017875,52
-10,-80.4,293, 9:41:26.572,41:26.6,1.72399E+12,-121.4266676,37.653567759720836,53
-11.8,-78.3,293, 9:41:27.189,41:27.2,1.72399E+12,-121.4264711,37.65344993286573,53
-7.1,-79.1,293, 9:41:28.920,41:28.9,1.72399E+12,-121.4259214,37.65311494,53
-8.8,-79.9,293, 9:41:30.938,41:30.9,1.72399E+12,-121.4252835,37.65272375,54
-11,-79.2,293, 9:41:31.939,41:31.9,1.72399E+12,-121.4249623,37.65252910621243,54
-6.8,-80.1,293, 9:41:33.196,41:33.2,1.72399E+12,-121.4245567,37.652282428571425,55
-15.2,-80.3,293, 9:41:33.943,41:33.9,1.72399E+12,-121.4243137,37.65213569642857,55
-10.1,-79.1,293, 9:41:35.581,41:35.6,1.72399E+12,-121.4237878,37.65181658648111,55.55367793240557
-6.8,-78.6,293, 9:41:36.937,41:36.9,1.72399E+12,-121.4233506,37.651550623732255,56
-9.9,-77.8,293, 9:41:37.887,41:37.9,1.72399E+12,-121.4230462,37.651365663010964,56
-10.1,-78.3,293, 9:41:38.406,41:38.4,1.72399E+12,-121.4228773,37.65126507185629,56.38622754491018
-10.1,-78.3,293, 9:41:39.406,41:39.4,1.72399E+12,-121.4225528,37.65107093,57
-9.9,-78.1,293, 9:41:39.943,41:39.9,1.72399E+12,-121.422381,37.65096621,57
-6.6,-79.7,293, 9:41:42.188,41:42.2,1.72399E+12,-121.4216629,37.65052586491935,57.162298387096776
-16.4,-80,293, 9:41:42.937,41:42.9,1.72399E+12,-121.4214205,37.65037636693548,57.917338709677416
-6.9,-81.7,293, 9:41:44.672,41:44.7,1.72399E+12,-121.420858,37.65003925,58
-6.9,-81.9,293, 9:41:45.942,41:45.9,1.72399E+12,-121.4204457,37.649792492537316,58
-10.2,-82.3,293, 9:41:46.936,41:46.9,1.72399E+12,-121.4201274,37.64959673505976,58
-9.9,-82.2,293, 9:41:48.677,41:48.7,1.72399E+12,-121.4195613,37.64925485957874,58
-10.5,-82.8,293, 9:41:49.189,41:49.2,1.72399E+12,-121.419396,37.64915301994018,58
-7.5,-84.3,293, 9:41:51.190,41:51.2,1.72399E+12,-121.4187458,37.648759297297296,58
-16.6,-84.4,293, 9:41:51.943,41:51.9,1.72399E+12,-121.4184986,37.64861005405405,58
-10.8,-87.8,293, 9:41:52.877,41:52.9,1.72399E+12,-121.4181974,37.648424086519114,58
-18.5,-85.4,293, 9:41:53.429,41:53.4,1.72399E+12,-121.4180185,37.64831664851485,58
-17,-96.6,293, 9:41:54.019,41:54.0,1.72399E+12,-121.4178269,37.64820273762376,58
-10.9,-87.9,293, 9:41:54.756,41:54.8,1.72399E+12,-121.4175882,37.64805555,58
-15.9,-87.8,293, 9:41:55.313,41:55.3,1.72399E+12,-121.4174073,37.647946125000004,58
-15.3,-87.2,293, 9:41:56.021,41:56.0,1.72399E+12,-121.417177,37.64780916071428,58
-12.4,-87.3,293, 9:41:56.607,41:56.6,1.72399E+12,-121.4169881,37.64769235045317,57.41591138
-10.9,-87.6,293, 9:41:57.322,41:57.3,1.72399E+12,-121.4167565,37.64755146,57
-15.7,-86.4,293, 9:41:57.995,41:58.0,1.72399E+12,-121.4165371,37.647421008946324,57
-14.9,-85.6,293, 9:41:58.516,41:58.5,1.72399E+12,-121.4163656,37.64731955823294,57
-14.6,-86.7,293, 9:41:59.318,41:59.3,1.72399E+12,-121.4161041,37.647162154845155,57
-14.8,-87.1,293, 9:41:59.910,41:59.9,1.72399E+12,-121.4159142,37.64704446453546,57
-20.4,-97.6,293, 9:42:00.413,42:00.4,1.72399E+12,-121.4157538,37.64694671641791,57
-11.3,-90.3,293, 9:42:02.686,42:02.7,1.72399E+12,-121.415018,37.64650090150754,57
-9.9,-89.3,293, 9:42:03.962,42:04.0,1.72399E+12,-121.4146091,37.646248524475524,57
-15.8,-88.4,293, 9:42:04.482,42:04.5,1.72399E+12,-121.4144424,37.646147430569435,57
-17.1,-87.2,293, 9:42:05.215,42:05.2,1.72399E+12,-121.4142057,37.64600438994975,56.81005025125628
-17.1,-86.9,293, 9:42:06.147,42:06.1,1.72399E+12,-121.4138998,37.64581952788844,56
-14.7,-89.1,293, 9:42:06.698,42:06.7,1.72399E+12,-121.4137242,37.64571251095617,56
-13.9,-89.9,293, 9:42:07.218,42:07.2,1.72399E+12,-121.4135581,37.64561070941884,56
-14.1,-90.3,293, 9:42:07.864,42:07.9,1.72399E+12,-121.413351,37.64548254509018,56
-14.1,-90.4,293, 9:42:08.409,42:08.4,1.72399E+12,-121.413173,37.645375730000005,56
-14,-89.9,293, 9:42:09.962,42:10.0,1.72399E+12,-121.4126708,37.64507307792208,56
-15,-89.6,293, 9:42:10.557,42:10.6,1.72399E+12,-121.4124811,37.644955886454184,56
-15.8,-91.7,293, 9:42:11.274,42:11.3,1.72399E+12,-121.4122501,37.64481513239719,56
-16.3,-95.4,293, 9:42:11.841,42:11.8,1.72399E+12,-121.4120635,37.64470480341023,56
-16.3,-95.4,293, 9:42:12.664,42:12.7,1.72399E+12,-121.4117966,37.644543642857144,55.357142857142854
-15.1,-93.6,293, 9:42:13.177,42:13.2,1.72399E+12,-121.4116302,37.644443190000004,55
-16.6,-93.4,293, 9:42:13.777,42:13.8,1.72399E+12,-121.4114334,37.64432619,55
-16.4,-93.4,293, 9:42:14.498,42:14.5,1.72399E+12,-121.4112016,37.644186628230614,55
-14.2,-91.1,293, 9:42:15.277,42:15.3,1.72399E+12,-121.4109515,37.644035203592814,55
-13.4,-91.4,293, 9:42:15.985,42:16.0,1.72399E+12,-121.4107197,37.643895299401194,55
-14.9,-91.3,293, 9:42:16.946,42:16.9,1.72399E+12,-121.4104098,37.64370338453815,55
-14.5,-92,293, 9:42:17.464,42:17.5,1.72399E+12,-121.4102442,37.643602616766465,55
-13.1,-91.5,293, 9:42:18.230,42:18.2,1.72399E+12,-121.4099995,37.64345336752988,55
-10.3,-90.6,293, 9:42:18.771,42:18.8,1.72399E+12,-121.4098265,37.64334614,55
-16.8,-90.8,293, 9:42:19.405,42:19.4,1.72399E+12,-121.4096204,37.64322040280561,55
-15.4,-89.4,293, 9:42:19.995,42:20.0,1.72399E+12,-121.4094265,37.643103348697394,55
-12.8,-93.1,293, 9:42:20.581,42:20.6,1.72399E+12,-121.4092385,37.64298886186186,55
-13.4,-93.5,293, 9:42:21.086,42:21.1,1.72399E+12,-121.4090767,37.64289031325301,55
-9.9,-92.3,293, 9:42:22.995,42:23.0,1.72399E+12,-121.4084565,37.64251864371258,55
-11.9,-92.8,293, 9:42:24.083,42:24.1,1.72399E+12,-121.4081077,37.64230701204819,56
-11.7,-92.3,293, 9:42:24.993,42:25.0,1.72399E+12,-121.4078144,37.64212519477911,56
-10.8,-92,293, 9:42:27.086,42:27.1,1.72399E+12,-121.4071369,37.641714247011954,56
-12.6,-93.4,293, 9:42:27.796,42:27.8,1.72399E+12,-121.4069099,37.64157705577689,56
-10.3,-93.6,293, 9:42:29.570,42:29.6,1.72399E+12,-121.4063381,37.64122861861862,56
-10.6,-92.6,293, 9:42:30.084,42:30.1,1.72399E+12,-121.4061697,37.64112826479438,56.060180541624874
-15.4,-91.6,293, 9:42:31.849,42:31.8,1.72399E+12,-121.4055974,37.640784848454636,57
-12,-90.4,293, 9:42:32.850,42:32.8,1.72399E+12,-121.4052735,37.64058863104839,57
-10.4,-87.6,293, 9:42:33.413,42:33.4,1.72399E+12,-121.4050945,37.640478326086956,57.39229249011858
-8,-88.3,293, 9:42:34.405,42:34.4,1.72399E+12,-121.404778,37.64028389,58
-8.5,-87.3,293, 9:42:34.922,42:34.9,1.72399E+12,-121.4046107,37.64018226,58
-9.2,-85.4,293, 9:42:35.488,42:35.5,1.72399E+12,-121.4044303,37.64007283912612,58.46474677259186
-8.2,-85.1,293, 9:42:35.997,42:36.0,1.72399E+12,-121.4042685,37.639974779543195,58.97020854021847
-13.7,-85.4,293, 9:42:36.647,42:36.6,1.72399E+12,-121.4040548,37.639847614457835,59
-8.1,-84.6,293, 9:42:37.282,42:37.3,1.72399E+12,-121.4038479,37.6397238,59.25874125874126
-8.9,-84.1,293, 9:42:38.477,42:38.5,1.72399E+12,-121.4034645,37.63949131024096,60
-9.3,-84.7,293, 9:42:38.996,42:39.0,1.72399E+12,-121.4032977,37.63938969879518,60
-9,-85.7,293, 9:42:39.612,42:39.6,1.72399E+12,-121.4031009,37.63926836716418,60.58905472636816
-7.1,-85.9,293, 9:42:40.582,42:40.6,1.72399E+12,-121.4027908,37.63907839,61
-7.1,-85.9,293, 9:42:41.110,42:41.1,1.72399E+12,-121.4026217,37.63897517,61.085
-9.9,-86.9,293, 9:42:42.357,42:42.4,1.72399E+12,-121.4022218,37.63872694,62
-13,-88.2,293, 9:42:43.112,42:43.1,1.72399E+12,-121.4019807,37.63857437311936,62.08726178535607
-8.6,-90.8,293, 9:42:44.995,42:45.0,1.72399E+12,-121.4013846,37.638196952143566,63
-12.6,-89.9,293, 9:42:46.106,42:46.1,1.72399E+12,-121.4010278,37.6379767,64
-10.9,-87.2,293, 9:42:47.583,42:47.6,1.72399E+12,-121.4005551,37.63768329458918,64.55911823647294
-10.9,-89.5,293, 9:42:48.361,42:48.4,1.72399E+12,-121.4003057,37.63752920958084,65
-14.6,-94.5,293, 9:42:49.358,42:49.4,1.72399E+12,-121.3999837,37.637333,65.33333333333333
-11.8,-96.6,293, 9:42:51.355,42:51.4,1.72399E+12,-121.3993395,37.63693959,66.32867132867133
-13.5,-93.8,293, 9:42:52.277,42:52.3,1.72399E+12,-121.3990419,37.63675745145145,67
-14.4,-90.9,377, 9:42:52.782,42:52.8,1.72399E+12,-121.3988761,37.63665938338338,67
-12.8,-91.9,377, 9:42:53.481,42:53.5,1.72399E+12,-121.3986503,37.63652318618619,67
-12.9,-92.3,377, 9:42:54.280,42:54.3,1.72399E+12,-121.3983924,37.63636651,67
-14.1,-92.4,377, 9:42:54.783,42:54.8,1.72399E+12,-121.3982274,37.63626692,67
-10.5,-96.4,377, 9:42:55.554,42:55.6,1.72399E+12,-121.3979748,37.63611605,67
-18.7,-102.2,377, 9:42:56.153,42:56.2,1.72399E+12,-121.3977794,37.63599895180723,67
-13.6,-103.1,377, 9:42:56.699,42:56.7,1.72399E+12,-121.3976034,37.635890409638556,67
-21.4,-114,377, 9:42:57.889,42:57.9,1.72399E+12,-121.3972135,37.63565367035176,67
-28.9,-120.2,377, 9:42:58.389,42:58.4,1.72399E+12,-121.39705,37.635554611332005,66.63121272365805
-19.6,-104.7,143, 9:43:00.595,43:00.6,1.72399E+12,-121.3963337,37.63511706593407,66
-28.8,-115.9,143, 9:43:01.713,43:01.7,1.72399E+12,-121.3959736,37.63489867097416,66
-11.8,-94.9,328, 9:43:03.107,43:03.1,1.72399E+12,-121.3955188,37.63462351596806,66
-18.8,-105.1,328, 9:43:05.357,43:05.4,1.72399E+12,-121.3947896,37.63418020556107,65.66434955
-18.9,-103.1,328, 9:43:06.573,43:06.6,1.72399E+12,-121.3943967,37.63394134874372,65
-18.5,-105.8,328, 9:43:07.360,43:07.4,1.72399E+12,-121.3941413,37.63378734458789,65
-21.4,-111,328, 9:43:08.107,43:08.1,1.72399E+12,-121.393903,37.633640247494995,65
-21.4,-111,328, 9:43:08.678,43:08.7,1.72399E+12,-121.3937147,37.63352639078156,65
-25.1,-110.9,328, 9:43:09.356,43:09.4,1.72399E+12,-121.3934942,37.633392851703405,64.66933867735472
-25.1,-110.9,328, 9:43:10.354,43:10.4,1.72399E+12,-121.3931746,37.63319746107784,64
-23.6,-109.9,328, 9:43:10.995,43:11.0,1.72399E+12,-121.3929699,37.63307015668662,64
-23.4,-108.9,328, 9:43:12.805,43:12.8,1.72399E+12,-121.3923791,37.63271321212121,64
-22.8,-109.6,328, 9:43:13.308,43:13.3,1.72399E+12,-121.3922153,37.63261438446215,64
-24.6,-111.3,328, 9:43:13.891,43:13.9,1.72399E+12,-121.3920248,37.632501733067734,64
-26.8,-113.4,328, 9:43:14.446,43:14.4,1.72399E+12,-121.3918446,37.63239090780142,63.56737588652482
-26.9,-113.5,328, 9:43:14.997,43:15.0,1.72399E+12,-121.3916659,37.632279814589666,63.00911854103344
-19,-104,379, 9:43:15.501,43:15.5,1.72399E+12,-121.3915058,37.63218105637982,63
-12.6,-95.2,379, 9:43:16.075,43:16.1,1.72399E+12,-121.391323,37.632068550348954,62.94217347956132
-18.3,-101.1,379, 9:43:16.677,43:16.7,1.72399E+12,-121.3911262,37.631949710867396,62.34197408
-14.3,-98.6,379, 9:43:17.331,43:17.3,1.72399E+12,-121.3909148,37.631821536390824,62
-19.6,-102.9,379, 9:43:17.996,43:18.0,1.72399E+12,-121.3907026,37.63169224925224,62
-14.6,-98.9,379, 9:43:18.588,43:18.6,1.72399E+12,-121.3905066,37.63157388574317,61.42871587462083
-13.5,-98.2,191, 9:43:19.124,43:19.1,1.72399E+12,-121.3903297,37.631467418972335,61
-18,-102.4,191, 9:43:19.645,43:19.6,1.72399E+12,-121.3901608,37.63136702865612,61
-19,-101.3,191, 9:43:20.286,43:20.3,1.72399E+12,-121.3899539,37.631242123999996,60.738
-16.6,-95.9,191, 9:43:20.962,43:21.0,1.72399E+12,-121.3897369,37.63110828,60.062
-16.6,-95.9,191, 9:43:21.841,43:21.8,1.72399E+12,-121.3894506,37.630937635188864,60
-17.4,-103.4,42, 9:43:22.579,43:22.6,1.72399E+12,-121.3892115,37.6307912,60
-28.4,-113.4,42, 9:43:23.967,43:24.0,1.72399E+12,-121.3887602,37.63051943638171,59.058648111332005
-23.2,-110.6,42, 9:43:25.217,43:25.2,1.72399E+12,-121.3883591,37.63027631419939,59
-25.2,-117.8,42, 9:43:26.666,43:26.7,1.72399E+12,-121.3878878,37.62998984653962,59
-22.9,-113.9,42, 9:43:27.300,43:27.3,1.72399E+12,-121.3876824,37.62986571683169,59.27920792079208
-22.9,-113.9,42, 9:43:28.214,43:28.2,1.72399E+12,-121.3873908,37.62968628947368,60
-23.9,-111.7,42, 9:43:28.966,43:29.0,1.72399E+12,-121.3871472,37.62953786842105,60
-28.1,-115.1,42, 9:43:29.670,43:29.7,1.72399E+12,-121.3869231,37.629401732673266,60
-28.1,-115.1,42, 9:43:30.970,43:31.0,1.72399E+12,-121.3865058,37.62915238,60.95065458207452
-17.4,-105.5,328, 9:43:32.220,43:32.2,1.72399E+12,-121.3861063,37.628910013986015,61.19580419580419
-14.1,-103.9,328, 9:43:33.409,43:33.4,1.72399E+12,-121.3857264,37.62867926946108,62.383233532934135
-19.6,-102.9,328, 9:43:33.965,43:34.0,1.72399E+12,-121.3855488,37.628571065868265,62.93812375249501
-20.7,-106.7,328, 9:43:35.946,43:35.9,1.72399E+12,-121.3849141,37.62818617131474,63.918326693227094
-27.5,-109.2,328, 9:43:37.060,43:37.1,1.72399E+12,-121.3845567,37.62796878578578,65
-13.8,-92.1,42, 9:43:37.687,43:37.7,1.72399E+12,-121.3843559,37.627847026026025,65
-16.8,-93.9,42, 9:43:39.165,43:39.2,1.72399E+12,-121.3838812,37.62755884,66.14
-16.8,-94.9,42, 9:43:39.700,43:39.7,1.72399E+12,-121.38371,37.62745505,66.675
-18.7,-95.4,42, 9:43:40.208,43:40.2,1.72399E+12,-121.3835476,37.627355655688625,67
-17.6,-94.5,42, 9:43:40.838,43:40.8,1.72399E+12,-121.3833464,37.62723053592814,67
-18.6,-94.6,42, 9:43:41.425,43:41.4,1.72399E+12,-121.3831572,37.62711677016129,67.40120967741936
-19.8,-95.1,42, 9:43:42.217,43:42.2,1.72399E+12,-121.3829003,37.62696375498008,68.19721115537848
-22.4,-95.9,42, 9:43:42.786,43:42.8,1.72399E+12,-121.3827144,37.62685098,68.76394422310757
-27.4,-104.3,42, 9:43:43.356,43:43.4,1.72399E+12,-121.3825304,37.6267394,69
-14.6,-92.4,272, 9:43:43.875,43:43.9,1.72399E+12,-121.3823644,37.62663871,69
-13,-90.1,272, 9:43:44.419,43:44.4,1.72399E+12,-121.38219,37.626531274725274,69.3956044
-13,-90.1,272, 9:43:45.196,43:45.2,1.72399E+12,-121.3819411,37.626377698602795,70.17165668662675
-14.4,-90.6,272, 9:43:45.737,43:45.7,1.72399E+12,-121.3817683,37.62627295409181,70.71157684630738
-13.7,-90.3,272, 9:43:46.284,43:46.3,1.72399E+12,-121.3815912,37.62616581362725,71
-15.2,-91.9,272, 9:43:46.807,43:46.8,1.72399E+12,-121.3814193,37.62606205210421,71
-13.9,-90.4,272, 9:43:47.368,43:47.4,1.72399E+12,-121.3812378,37.62595205389221,71.34331337
-14.1,-91.1,272, 9:43:48.104,43:48.1,1.72399E+12,-121.3810013,37.625808728915665,72
-16.5,-92.6,272, 9:43:50.106,43:50.1,1.72399E+12,-121.380353,37.625418962000005,73
-20.1,-93.2,272, 9:43:51.141,43:51.1,1.72399E+12,-121.3800199,37.625213892892894,73.11611611611612
-13.6,-95.4,377, 9:43:52.280,43:52.3,1.72399E+12,-121.3796467,37.624987528455286,74
-16.8,-95,377, 9:43:53.416,43:53.4,1.72399E+12,-121.3792803,37.624765227722776,74.40396039603961
-15.8,-94.6,377, 9:43:53.977,43:54.0,1.72399E+12,-121.379102,37.624656915841584,74.95940594059405
-15.8,-94.8,377, 9:43:54.488,43:54.5,1.72399E+12,-121.3789364,37.62455686138614,75
-15.9,-95,377, 9:43:55.050,43:55.0,1.72399E+12,-121.3787539,37.62444667975831,75
-14.9,-91.3,377, 9:43:55.606,43:55.6,1.72399E+12,-121.3785747,37.62433749546828,75
-15.3,-91.9,377, 9:43:56.405,43:56.4,1.72399E+12,-121.3783179,37.62418157842158,75.38361638361638
-19.9,-98.8,377, 9:43:57.092,43:57.1,1.72399E+12,-121.378097,37.62404807,76
-18.5,-94.2,377, 9:43:57.639,43:57.6,1.72399E+12,-121.3779176,37.62393922,76
-20.6,-97.6,377, 9:43:58.358,43:58.4,1.72399E+12,-121.377685,37.623798140298504,76.33432835820895
-19.3,-99,377, 9:43:58.919,43:58.9,1.72399E+12,-121.3775064,37.62368984776119,76.89253731343284
-20.9,-98.1,377, 9:43:59.552,43:59.6,1.72399E+12,-121.3773021,37.623563682459675,77
-19,-96.6,377, 9:44:00.238,44:00.2,1.72399E+12,-121.3770798,37.62342789296333,77.21704658077304
-19,-96.6,377, 9:44:00.945,44:00.9,1.72399E+12,-121.37685,37.62329195837462,77.91774034
-19,-96.6,377, 9:44:01.578,44:01.6,1.72399E+12,-121.376647,37.62316655,78
-19.2,-98.1,377, 9:44:02.944,44:02.9,1.72399E+12,-121.3762099,37.622895631999995,78
-19.3,-98.1,377, 9:44:03.983,44:04.0,1.72399E+12,-121.3758733,37.62269089393939,78.96464646464646
-16.1,-92.8,272, 9:44:04.664,44:04.7,1.72399E+12,-121.3756507,37.62255905084746,79
-18.2,-94.9,272, 9:44:05.949,44:05.9,1.72399E+12,-121.3752376,37.62230662275449,79.92614770459082
-17.1,-94.8,272, 9:44:07.945,44:07.9,1.72399E+12,-121.3745902,37.621914215568864,80.92315369261478
-19.6,-99.6,272, 9:44:09.408,44:09.4,1.72399E+12,-121.3741301,37.621623057286435,81.38090452261306
-21.3,-98.3,272, 9:44:10.224,44:10.2,1.72399E+12,-121.3738698,37.62145704572565,82
-21.4,-97.8,272, 9:44:10.949,44:10.9,1.72399E+12,-121.3736442,37.62130858648111,82
-21.4,-97.8,272, 9:44:11.680,44:11.7,1.72399E+12,-121.3734139,37.62115439919355,82
-15.6,-97.1,268, 9:44:12.307,44:12.3,1.72399E+12,-121.3732161,37.62102166733871,82
-17.8,-89.3,268, 9:44:13.544,44:13.5,1.72399E+12,-121.3728296,37.62076254347826,82
-20.4,-91.1,268, 9:44:14.376,44:14.4,1.72399E+12,-121.3725736,37.62058787462387,82
-20.4,-91.1,268, 9:44:14.994,44:15.0,1.72399E+12,-121.3723839,37.620455224674025,82
-20.2,-92.8,268, 9:44:15.675,44:15.7,1.72399E+12,-121.3721769,37.62030807968127,82
-19.1,-93.9,268, 9:44:16.337,44:16.3,1.72399E+12,-121.3719746,37.62016380625631,81.68718466195762
-18.6,-95.3,268, 9:44:16.981,44:17.0,1.72399E+12,-121.3717764,37.62002213925328,81.03733602421796
-17.3,-94.8,268, 9:44:17.516,44:17.5,1.72399E+12,-121.3716186,37.61990503168317,81
-17.2,-93.7,268, 9:44:18.255,44:18.3,1.72399E+12,-121.3713983,37.619743592778335,81
-17.2,-93.7,268, 9:44:18.875,44:18.9,1.72399E+12,-121.371208,37.619608647943835,81
-16.8,-95.7,268, 9:44:19.437,44:19.4,1.72399E+12,-121.3710395,37.619484444444446,80.58758758758759
-16.6,-99.4,268, 9:44:20.017,44:20.0,1.72399E+12,-121.3708671,37.61935555555556,80.00700701
-16.6,-99.4,268, 9:44:20.861,44:20.9,1.72399E+12,-121.3706161,37.61916605,80
-14.4,-98.4,268, 9:44:21.365,44:21.4,1.72399E+12,-121.370466,37.61905249548646,80
-15.8,-102.4,268, 9:44:22.585,44:22.6,1.72399E+12,-121.3701075,37.61877792821535,80
-15.8,-102.4,268, 9:44:23.361,44:23.4,1.72399E+12,-121.369883,37.61860378,79.66566866267465
-17.4,-103.5,268, 9:44:24.563,44:24.6,1.72399E+12,-121.3695349,37.61833149,79
-21.5,-106.2,268, 9:44:25.670,44:25.7,1.72399E+12,-121.3692077,37.618079824120606,79
-20.1,-105.6,377, 9:44:26.196,44:26.2,1.72399E+12,-121.369052,37.617961075000004,79
-21.1,-104.3,377, 9:44:26.860,44:26.9,1.72399E+12,-121.3688601,37.61781168,79
-22.6,-102.8,377, 9:44:27.360,44:27.4,1.72399E+12,-121.3687151,37.61769902304609,78.66232465
-9.1,-91.6,437, 9:44:27.884,44:27.9,1.72399E+12,-121.3685628,37.617580886773546,78.13727455
-15.4,-93.1,437, 9:44:28.432,44:28.4,1.72399E+12,-121.3684008,37.61745770958084,78
-15.4,-93.1,437, 9:44:28.934,44:28.9,1.72399E+12,-121.3682515,37.61734498502994,78
-9.3,-93.5,437, 9:44:29.519,44:29.5,1.72399E+12,-121.3680804,37.61721483316583,78
-9.4,-93.3,437, 9:44:30.064,44:30.1,1.72399E+12,-121.3679214,37.617093732142855,77.95436507936508
-8.3,-88.4,437, 9:44:30.649,44:30.6,1.72399E+12,-121.3677491,37.61696315178571,77.37400793650794
-8.3,-89.9,437, 9:44:31.383,44:31.4,1.72399E+12,-121.3675344,37.616798237237234,77
-8.6,-91.3,437, 9:44:32.126,44:32.1,1.72399E+12,-121.3673186,37.61663016080402,77
-10.8,-96.8,437, 9:44:32.682,44:32.7,1.72399E+12,-121.3671565,37.61650443,77
-13.1,-97.8,437, 9:44:33.232,44:33.2,1.72399E+12,-121.3669953,37.61638063157895,77
-11.5,-100.6,437, 9:44:34.012,44:34.0,1.72399E+12,-121.3667644,37.616206351539226,77
-10,-96,437, 9:44:34.585,44:34.6,1.72399E+12,-121.3665975,37.61607694578313,77
-10,-96.3,437, 9:44:35.277,44:35.3,1.72399E+12,-121.3663944,37.61592175350701,76.74549098196393
-10.9,-96.1,437, 9:44:35.820,44:35.8,1.72399E+12,-121.3662328,37.61580151002004,76.20140280561122
-12.3,-93.8,437, 9:44:36.363,44:36.4,1.72399E+12,-121.3660735,37.61567981845537,76
-13.3,-97.3,437, 9:44:36.994,44:37.0,1.72399E+12,-121.36589,37.61553741624875,76
-11.8,-91.8,437, 9:44:37.546,44:37.5,1.72399E+12,-121.3657314,37.615414376237624,76
-11.7,-90.4,437, 9:44:38.136,44:38.1,1.72399E+12,-121.3655616,37.61528262688064,76
-10.4,-91.1,437, 9:44:38.704,44:38.7,1.72399E+12,-121.3653964,37.61515444232698,76
-13.4,-102,437, 9:44:39.313,44:39.3,1.72399E+12,-121.3652171,37.61501713513513,75.71171171171171
-14,-101.6,437, 9:44:39.815,44:39.8,1.72399E+12,-121.3650673,37.61490407207207,75.20920921
-10.1,-97.8,437, 9:44:40.684,44:40.7,1.72399E+12,-121.3648139,37.61470820240481,75
-13.6,-99.5,437, 9:44:41.300,44:41.3,1.72399E+12,-121.3646357,37.61456969920319,75
-13.6,-99.5,437, 9:44:42.684,44:42.7,1.72399E+12,-121.3642352,37.61425895,74.342
-12.1,-96.2,437, 9:44:43.680,44:43.7,1.72399E+12,-121.3639415,37.61403449101797,74
-18.1,-104.7,437, 9:44:44.996,44:45.0,1.72399E+12,-121.3635508,37.61373841758242,74
-8.6,-90.9,437, 9:44:46.014,44:46.0,1.72399E+12,-121.3632539,37.613508261306535,73.01005025125629
-11.3,-98.8,437, 9:44:47.816,44:47.8,1.72399E+12,-121.3627254,37.61310309821429,73
-14.6,-103.3,437, 9:44:48.812,44:48.8,1.72399E+12,-121.3624354,37.61287938,73
-18.8,-103.5,437, 9:44:49.313,44:49.3,1.72399E+12,-121.3622898,37.61276645636911,73
-28.6,-112.7,437, 9:44:51.441,44:51.4,1.72399E+12,-121.3616652,37.61228725,72
-9.4,-101.6,304, 9:44:51.996,44:52.0,1.72399E+12,-121.3615036,37.612161873493974,72
-10.8,-101.5,304, 9:44:53.199,44:53.2,1.72399E+12,-121.3611529,37.61189076523476,71.82117882117882
-11.2,-104,304, 9:44:53.816,44:53.8,1.72399E+12,-121.3609698,37.61175207892108,71.2047952
-11.4,-103.5,304, 9:44:54.402,44:54.4,1.72399E+12,-121.3607984,37.61162018918919,71
-11.3,-101.8,304, 9:44:55.171,44:55.2,1.72399E+12,-121.3605753,37.611447092814366,71
-11.1,-101.6,304, 9:44:55.813,44:55.8,1.72399E+12,-121.3603895,37.61130293113772,71
-10.3,-102.3,304, 9:44:56.408,44:56.4,1.72399E+12,-121.3602164,37.61116862575452,71
-9.8,-101.8,304, 9:44:57.002,44:57.0,1.72399E+12,-121.3600431,37.61103416901408,71
-10.5,-100.8,304, 9:44:57.640,44:57.6,1.72399E+12,-121.3598556,37.610892538461535,71
-10.8,-101.9,304, 9:44:58.381,44:58.4,1.72399E+12,-121.3596385,37.610726114803626,71
-11.3,-102.6,304, 9:44:58.950,44:58.9,1.72399E+12,-121.3594723,37.61059661,71
-11.3,-102.6,304, 9:44:59.555,44:59.6,1.72399E+12,-121.3592925,37.61045993981946,71
-14.1,-105.8,304, 9:45:00.125,45:00.1,1.72399E+12,-121.3591237,37.61033147,70.89541832669323
-12.5,-106.9,304, 9:45:00.680,45:00.7,1.72399E+12,-121.3589634,37.61020709163346,70.34262948207171
-9.8,-103.9,304, 9:45:01.973,45:02.0,1.72399E+12,-121.3585882,37.60991604709419,70
-9.8,-103.9,304, 9:45:03.225,45:03.2,1.72399E+12,-121.3582183,37.60963602,70
-9.6,-104.3,304, 9:45:04.224,45:04.2,1.72399E+12,-121.3579285,37.60941427108434,70
-10.9,-105.3,304, 9:45:05.684,45:05.7,1.72399E+12,-121.3575054,37.60908534730539,70
-13.9,-105.7,304, 9:45:06.227,45:06.2,1.72399E+12,-121.3573485,37.60896359741551,70
-20.8,-108.8,301, 9:45:07.430,45:07.4,1.72399E+12,-121.3569972,37.608693547738696,70
-21.4,-103.8,301, 9:45:08.681,45:08.7,1.72399E+12,-121.3566284,37.60841308,70
-24.3,-108.5,301, 9:45:10.579,45:10.6,1.72399E+12,-121.3560784,37.607987402010046,70.55376884422111
-26.8,-109.8,301, 9:45:11.979,45:12.0,1.72399E+12,-121.3556731,37.60767297014925,71
-25.1,-110.8,301, 9:45:12.995,45:13.0,1.72399E+12,-121.3553781,37.60744333165829,71
-26.8,-109.7,301, 9:45:13.679,45:13.7,1.72399E+12,-121.3551803,37.60729245762712,71
-14.8,-92.3,42, 9:45:16.570,45:16.6,1.72399E+12,-121.3543319,37.60664519402985,71
-12.7,-92,42, 9:45:17.081,45:17.1,1.72399E+12,-121.3541844,37.60653035685885,71
-11.6,-94.6,42, 9:45:17.909,45:17.9,1.72399E+12,-121.3539457,37.606345167992046,71
-9.6,-91.9,42, 9:45:18.517,45:18.5,1.72399E+12,-121.3537698,37.60620863536464,71
-15.1,-95.7,42, 9:45:19.201,45:19.2,1.72399E+12,-121.3535703,37.60605481081081,71
-14.9,-97.4,42, 9:45:19.818,45:19.8,1.72399E+12,-121.3533868,37.60591584684685,71
-16.6,-97.1,42, 9:45:20.417,45:20.4,1.72399E+12,-121.3532112,37.605780671686745,71
-13.2,-92.4,42, 9:45:21.026,45:21.0,1.72399E+12,-121.3530338,37.60564309638554,71
-13.2,-92.4,42, 9:45:21.761,45:21.8,1.72399E+12,-121.3528198,37.60547705722891,71
-12.5,-97.6,42, 9:45:22.361,45:22.4,1.72399E+12,-121.3526462,37.60534236146971,71
-15.7,-99.3,42, 9:45:23.579,45:23.6,1.72399E+12,-121.3522903,37.60506700700701,71
-20.1,-103.1,42, 9:45:24.141,45:24.1,1.72399E+12,-121.3521241,37.60493872754491,71
-17.8,-99.8,42, 9:45:25.659,45:25.7,1.72399E+12,-121.351679,37.60459728957916,71
-16.6,-100.6,42, 9:45:26.910,45:26.9,1.72399E+12,-121.3513136,37.60431604790419,71
-14.5,-99.2,42, 9:45:28.576,45:28.6,1.72399E+12,-121.3508258,37.603940574999996,70.447
-15.6,-103.3,42, 9:45:29.160,45:29.2,1.72399E+12,-121.3506535,37.60380935884692,70
-19.1,-107.3,42, 9:45:31.165,45:31.2,1.72399E+12,-121.3500648,37.60335883,70
-20.3,-109.8,42, 9:45:32.663,45:32.7,1.72399E+12,-121.3496296,37.60302114385614,69.36063936063935
-23.9,-111.6,42, 9:45:33.693,45:33.7,1.72399E+12,-121.3493265,37.602789625374626,69
-25.8,-111.9,42, 9:45:34.658,45:34.7,1.72399E+12,-121.3490433,37.602571078470824,69
-10.1,-92.4,356, 9:45:35.266,45:35.3,1.72399E+12,-121.3488667,37.60243370149254,69
-7.8,-91,356, 9:45:37.164,45:37.2,1.72399E+12,-121.3483105,37.60200759421735,69
-9,-93.2,356, 9:45:38.157,45:38.2,1.72399E+12,-121.3480233,37.60178477922078,68.87012987012987
-8.7,-92.3,356, 9:45:40.406,45:40.4,1.72399E+12,-121.3473671,37.60127801705115,67.61785356068205
-8.9,-92.4,356, 9:45:41.658,45:41.7,1.72399E+12,-121.3469982,37.60099561322646,67
-11.5,-91.6,356, 9:45:42.585,45:42.6,1.72399E+12,-121.3467257,37.60078726,66.43668993020937
-9.3,-92.3,356, 9:45:43.640,45:43.6,1.72399E+12,-121.3464172,37.60054784815185,66
-10.9,-95.2,356, 9:45:44.910,45:44.9,1.72399E+12,-121.3460428,37.60026124626121,65.11665004985045
-10.5,-94.4,356, 9:45:46.658,45:46.7,1.72399E+12,-121.345531,37.59986833333333,64.37037037037037
-10.7,-96,356, 9:45:47.161,45:47.2,1.72399E+12,-121.3453824,37.599755015030055,64
-9,-95.6,356, 9:45:48.993,45:49.0,1.72399E+12,-121.34485,37.59934198897796,63.03106212
-10.9,-94.6,356, 9:45:49.659,45:49.7,1.72399E+12,-121.3446514,37.599191838677356,63
-7.6,-93.3,356, 9:45:51.572,45:51.6,1.72399E+12,-121.3440907,37.598761700000004,62
-10.2,-95.8,356, 9:45:52.633,45:52.6,1.72399E+12,-121.3437731,37.598521256048386,61.386088709677416
-9.1,-93.1,356, 9:45:53.147,45:53.1,1.72399E+12,-121.3436204,37.59840475892857,60.870039682539684
-5.9,-90.1,356, 9:45:53.648,45:53.6,1.72399E+12,-121.3434768,37.598292928571425,60.37301587301587
-6.8,-88.9,356, 9:45:54.229,45:54.2,1.72399E+12,-121.3433094,37.598162782565126,60
-7.6,-86.9,356, 9:45:54.925,45:54.9,1.72399E+12,-121.3431072,37.598005868737474,60
-8,-86.4,356, 9:45:55.633,45:55.6,1.72399E+12,-121.3429029,37.59784734493042,59.39264413518887
-8.1,-86.7,356, 9:45:56.215,45:56.2,1.72399E+12,-121.342733,37.59771671356784,59
-10.3,-89.7,356, 9:45:56.781,45:56.8,1.72399E+12,-121.3425635,37.597588723618095,59
-9.1,-89,356, 9:45:57.402,45:57.4,1.72399E+12,-121.3423813,37.59744889520958,58.62175648702595
-9.2,-85.5,356, 9:45:58.722,45:58.7,1.72399E+12,-121.3419934,37.59714890672016,58
-7.6,-85.1,356, 9:45:59.230,45:59.2,1.72399E+12,-121.3418433,37.597032917505025,57.79074447
-8.2,-85.8,356, 9:45:59.981,46:00.0,1.72399E+12,-121.3416242,37.59686292253521,57.03521126760563
-7.3,-85.6,356, 9:46:00.582,46:00.6,1.72399E+12,-121.341452,37.59672928430405,57
-7.6,-88.4,356, 9:46:01.232,46:01.2,1.72399E+12,-121.3412645,37.59658386363636,56.79494949494949
-7.4,-86.8,356, 9:46:02.528,46:02.5,1.72399E+12,-121.3408837,37.596291496531215,56
-5.9,-86.2,356, 9:46:03.334,46:03.3,1.72399E+12,-121.3406465,37.59611059475806,56
-5.8,-86.9,356, 9:46:03.970,46:04.0,1.72399E+12,-121.3404606,37.59596634,56
-8.8,-88.8,356, 9:46:04.636,46:04.6,1.72399E+12,-121.3402685,37.59581681455633,55.385842472582254
-7.9,-86.8,356, 9:46:05.221,46:05.2,1.72399E+12,-121.3400994,37.59568531594785,55
-8.3,-90.2,356, 9:46:05.900,46:05.9,1.72399E+12,-121.3399019,37.59553208124373,55
-8.2,-86.3,356, 9:46:06.409,46:06.4,1.72399E+12,-121.339752,37.59541971329365,55
-6.3,-85.6,356, 9:46:07.181,46:07.2,1.72399E+12,-121.3395246,37.59524942,54.847
-7.1,-83.4,356, 9:46:07.688,46:07.7,1.72399E+12,-121.3393776,37.59513484,54.34
-5.3,-83.4,356, 9:46:08.274,46:08.3,1.72399E+12,-121.3392074,37.59500248345035,54
-9.6,-86.1,301, 9:46:08.912,46:08.9,1.72399E+12,-121.3390219,37.59485850150452,54
-7.8,-86.9,301, 9:46:09.721,46:09.7,1.72399E+12,-121.3387872,37.594676400000004,54
-13.8,-86.9,301, 9:46:10.282,46:10.3,1.72399E+12,-121.3386243,37.594550059118234,54
-8.5,-85,301, 9:46:11.994,46:12.0,1.72399E+12,-121.3381278,37.59416797895791,54
-7.1,-83.2,301, 9:46:13.679,46:13.7,1.72399E+12,-121.3376409,37.59379031991951,54
-8.3,-83.9,301, 9:46:14.790,46:14.8,1.72399E+12,-121.3373104,37.593541743202415,54
-9.5,-84.3,301, 9:46:16.285,46:16.3,1.72399E+12,-121.3368793,37.5932181,54
-7.4,-81.5,301, 9:46:17.535,46:17.5,1.72399E+12,-121.3365272,37.592955662337666,54
-9.9,-81.1,301, 9:46:18.409,46:18.4,1.72399E+12,-121.3362826,37.59277615943491,54
-9.3,-89.3,301, 9:46:19.479,46:19.5,1.72399E+12,-121.3359837,37.59255654045954,54
-9.3,-81.5,301, 9:46:20.993,46:21.0,1.72399E+12,-121.3355717,37.592248852147854,54
-9.5,-78.6,301, 9:46:22.285,46:22.3,1.72399E+12,-121.3352295,37.59198562275449,54
-7.3,-78.8,301, 9:46:23.280,46:23.3,1.72399E+12,-121.3349717,37.59178880358923,54
-7.4,-81.3,301, 9:46:25.280,46:25.3,1.72399E+12,-121.3344505,37.59138937,54
-7.4,-85.2,301, 9:46:26.281,46:26.3,1.72399E+12,-121.334191,37.59118797802198,54
-7.5,-84.4,301, 9:46:27.685,46:27.7,1.72399E+12,-121.3338279,37.59090761,54
-15.3,-84.3,301, 9:46:28.679,46:28.7,1.72399E+12,-121.3335698,37.59070885728643,54
-15.1,-78,301, 9:46:29.279,46:29.3,1.72399E+12,-121.333412,37.59058982035928,54.25848303393214
-7.8,-78.1,301, 9:46:31.528,46:31.5,1.72399E+12,-121.3328233,37.59014209731877,55.50446871896723
-15.1,-76.4,301, 9:46:32.279,46:32.3,1.72399E+12,-121.3326312,37.589991853266326,56
-9.5,-77.2,301, 9:46:33.995,46:34.0,1.72399E+12,-121.3321993,37.58965153,56.96719681908549
-7.3,-77.4,301, 9:46:34.533,46:34.5,1.72399E+12,-121.3320641,37.58954693193193,57
-8.9,-77,301, 9:46:36.674,46:36.7,1.72399E+12,-121.3315228,37.58913478888889,58
-9.8,-77.8,301, 9:46:37.686,46:37.7,1.72399E+12,-121.3312739,37.58894476534653,58.66435643564356
-10.1,-74.6,301, 9:46:38.994,46:39.0,1.72399E+12,-121.3309544,37.58869696482412,59
-7.9,-78.2,301, 9:46:40.284,46:40.3,1.72399E+12,-121.3306498,37.58846150801603,60
-6.9,-72,301, 9:46:41.234,46:41.2,1.72399E+12,-121.3304253,37.58828908548708,60.209741550695824
-8.9,-78.4,301, 9:46:42.994,46:43.0,1.72399E+12,-121.3300157,37.58797622233401,61
-10.2,-78.1,301, 9:46:43.530,46:43.5,1.72399E+12,-121.3298942,37.587882388282026,61.50347567030784
-7.9,-81,301, 9:46:45.532,46:45.5,1.72399E+12,-121.3294436,37.587537310621244,62.50400801603207
-7.7,-81.8,301, 9:46:46.782,46:46.8,1.72399E+12,-121.3291623,37.58732148743719,63
-8.1,-79.6,301, 9:46:47.995,46:48.0,1.72399E+12,-121.3288873,37.58711057,63
-8.2,-75.6,301, 9:46:49.281,46:49.3,1.72399E+12,-121.3286,37.58688394532803,64
-7.2,-73.3,301, 9:46:49.994,46:50.0,1.72399E+12,-121.3284377,37.586759914512925,64
-7.6,-72.6,301, 9:46:50.543,46:50.5,1.72399E+12,-121.3283114,37.586662812877265,64.51810865191148
-10.9,-73.2,301, 9:46:51.405,46:51.4,1.72399E+12,-121.328111,37.58650971613546,65
-10.1,-75.3,301, 9:46:52.013,46:52.0,1.72399E+12,-121.3279681,37.586401317729084,65
-9.3,-67.8,301, 9:46:52.619,46:52.6,1.72399E+12,-121.3278236,37.58628982595573,65.59657947686117
-8,-68.6,301, 9:46:53.131,46:53.1,1.72399E+12,-121.327702,37.586195828202584,66.11022840119166
-8.3,-70.5,301, 9:46:53.727,46:53.7,1.72399E+12,-121.3275623,37.58608752,66.70208540218471
-6.1,-70.7,301, 9:46:54.336,46:54.3,1.72399E+12,-121.3274159,37.58597469223007,67
-9.6,-70.4,301, 9:46:54.977,46:55.0,1.72399E+12,-121.3272581,37.585853736629666,67
-7.7,-74.4,301, 9:46:55.623,46:55.6,1.72399E+12,-121.3271004,37.58573331573705,67.60258964143426
-9.4,-72.7,301, 9:46:56.226,46:56.2,1.72399E+12,-121.3269532,37.58562004,68
-13.1,-73.9,301, 9:46:56.971,46:57.0,1.72399E+12,-121.3267714,37.58547774,68
-9,-71.8,301, 9:46:57.859,46:57.9,1.72399E+12,-121.3265493,37.585309287425154,68.83532934131736
-9,-71.8,301, 9:46:58.406,46:58.4,1.72399E+12,-121.3264125,37.58520410119048,69
-8.1,-73.5,301, 9:46:58.971,46:59.0,1.72399E+12,-121.3262713,37.585094800595236,69
-10.4,-81.4,301, 9:46:59.512,46:59.5,1.72399E+12,-121.3261299,37.584987,69.48484848484848
-8.4,-81.2,301, 9:47:00.269,47:00.3,1.72399E+12,-121.3259321,37.5848359,70
-8.9,-81.8,301, 9:47:00.996,47:01.0,1.72399E+12,-121.325744,37.58469136763237,70
-9.8,-81.3,301, 9:47:03.513,47:03.5,1.72399E+12,-121.3250852,37.58418228942116,72
-11.4,-83.3,301, 9:47:04.668,47:04.7,1.72399E+12,-121.3247803,37.583944308617234,72.63927855711422
-20.5,-88.3,301, 9:47:05.755,47:05.8,1.72399E+12,-121.3244897,37.583723,73
-13,-89.5,360, 9:47:06.352,47:06.4,1.72399E+12,-121.3243325,37.58360208634539,73.32630522088354
-10.3,-80.9,360, 9:47:07.994,47:08.0,1.72399E+12,-121.3238977,37.58326809538153,74
-11.6,-84.5,360, 9:47:09.996,47:10.0,1.72399E+12,-121.3233867,37.582868142857144,74
-12.3,-86.7,360, 9:47:10.516,47:10.5,1.72399E+12,-121.3232523,37.58276380715706,74
-12.6,-87.4,360, 9:47:12.269,47:12.3,1.72399E+12,-121.3227982,37.582415152304605,74
-10.3,-80.8,360, 9:47:13.678,47:13.7,1.72399E+12,-121.3224367,37.58214034939759,74
-12.5,-79.4,360, 9:47:14.993,47:15.0,1.72399E+12,-121.3220978,37.58188093406593,73.02997002997003
-9.8,-79.9,360, 9:47:16.267,47:16.3,1.72399E+12,-121.3217764,37.58163236779324,72.75447316
-8.9,-78,360, 9:47:16.995,47:17.0,1.72399E+12,-121.3215947,37.58149197813121,72.03081510934393
-10.3,-81.9,360, 9:47:18.776,47:18.8,1.72399E+12,-121.3211377,37.581142252747256,71.24875124875125
-9.6,-82.3,360, 9:47:19.519,47:19.5,1.72399E+12,-121.3209472,37.58099479,70.50649350649351
-13.8,-93.6,360, 9:47:20.266,47:20.3,1.72399E+12,-121.3207532,37.58084503030303,70
-11.4,-85.4,360, 9:47:21.764,47:21.8,1.72399E+12,-121.3203648,37.58054269565217,69.26086956521739
-9.6,-83,360, 9:47:23.689,47:23.7,1.72399E+12,-121.3198536,37.58015054654654,68.33933933933933
-15.8,-82.8,360, 9:47:25.265,47:25.3,1.72399E+12,-121.3194222,37.57982028656716,67.75721393034826
-8.9,-80.6,360, 9:47:25.995,47:26.0,1.72399E+12,-121.3192225,37.57966557014925,67.03084577114429
-8.4,-80,360, 9:47:27.993,47:28.0,1.72399E+12,-121.3186665,37.57923438247012,66
-10.9,-81.1,360, 9:47:28.517,47:28.5,1.72399E+12,-121.3185183,37.57912024297189,65.50803212851406
-15.9,-81.1,360, 9:47:30.519,47:30.5,1.72399E+12,-121.3179531,37.57868016582915,64.50753768844221
-11.6,-83,360, 9:47:31.696,47:31.7,1.72399E+12,-121.3176139,37.578417915492956,63.32394366197183
-10.2,-84.9,360, 9:47:32.283,47:32.3,1.72399E+12,-121.3174436,37.57828778429424,63
-10.2,-82.9,360, 9:47:32.834,47:32.8,1.72399E+12,-121.3172848,37.578166739562626,63
-9.6,-82.4,360, 9:47:33.449,47:33.4,1.72399E+12,-121.3171061,37.57803231155779,62.57286432160804
-8.4,-82.9,360, 9:47:33.989,47:34.0,1.72399E+12,-121.3169487,37.57791454271357,62.030150753768844
-10.9,-82.3,360, 9:47:34.517,47:34.5,1.72399E+12,-121.316793,37.57779810337972,62
-12.7,-82.6,360, 9:47:35.246,47:35.2,1.72399E+12,-121.3165804,37.57763711011011,61.77877877877878
-9.7,-83.7,360, 9:47:35.787,47:35.8,1.72399E+12,-121.3164271,37.57751742942943,61.23723723723724
-13.2,-83.6,360, 9:47:36.416,47:36.4,1.72399E+12,-121.3162465,37.577376623246494,60.607214428857716
-9.6,-83.3,360, 9:47:37.116,47:37.1,1.72399E+12,-121.3160437,37.57721882882883,60
-10.4,-83.7,360, 9:47:37.623,47:37.6,1.72399E+12,-121.3158965,37.57710463963964,60
-10.3,-83.4,360, 9:47:38.138,47:38.1,1.72399E+12,-121.3157465,37.57698893564357,60
-8.6,-83.1,360, 9:47:39.374,47:39.4,1.72399E+12,-121.3153821,37.576713120689654,59.65212981744422
-10.4,-83.1,360, 9:47:39.973,47:40.0,1.72399E+12,-121.3152059,37.57657886206896,59.04462475
-9.2,-82.4,360, 9:47:40.490,47:40.5,1.72399E+12,-121.3150565,37.57646310447761,59
-9.8,-84.1,360, 9:47:41.338,47:41.3,1.72399E+12,-121.3148115,37.576272726546904,59
-8.2,-81.3,360, 9:47:41.899,47:41.9,1.72399E+12,-121.3146492,37.57614619361278,59
-8.6,-82.1,360, 9:47:42.535,47:42.5,1.72399E+12,-121.3144699,37.576005854021844,59
-10.7,-78.5,360, 9:47:43.161,47:43.2,1.72399E+12,-121.3142929,37.57586745454545,59
-9.5,-78.7,360, 9:47:43.741,47:43.7,1.72399E+12,-121.314123,37.57573563636363,59
-7.9,-79.8,360, 9:47:44.421,47:44.4,1.72399E+12,-121.3139251,37.57558368831169,59
-9.4,-79.7,360, 9:47:45.007,47:45.0,1.72399E+12,-121.3137553,37.57545431168831,59
-8.1,-81.4,360, 9:47:45.819,47:45.8,1.72399E+12,-121.3135215,37.57527608738828,59
-13.3,-81,360, 9:47:46.435,47:46.4,1.72399E+12,-121.3133423,37.57513914112903,59.409274193548384
-8.6,-82.8,360, 9:47:47.002,47:47.0,1.72399E+12,-121.3131766,37.57501225201612,59.98084677419355
-9.5,-83.9,360, 9:47:47.579,47:47.6,1.72399E+12,-121.3130146,37.57488319880716,60.55467196819085
-9,-84.6,360, 9:47:48.151,47:48.2,1.72399E+12,-121.3128532,37.57475570517928,61
-11.1,-84.4,360, 9:47:48.893,47:48.9,1.72399E+12,-121.3126389,37.574592376494024,61
-12.3,-81.8,360, 9:47:49.539,47:49.5,1.72399E+12,-121.3124514,37.57444950701402,61.50901803607214
-9.9,-81.8,360, 9:47:50.146,47:50.1,1.72399E+12,-121.312276,37.57431514,62.117
-9.1,-82.9,360, 9:47:50.895,47:50.9,1.72399E+12,-121.3120648,37.57414961,62.866
-9.1,-82.4,360, 9:47:51.457,47:51.5,1.72399E+12,-121.3119028,37.574024888888886,63.428428428428425
-11,-86.4,360, 9:47:52.144,47:52.1,1.72399E+12,-121.3117031,37.57387213118063,64.11705348
-9.9,-83.9,360, 9:47:52.860,47:52.9,1.72399E+12,-121.3114935,37.57371245812311,64.83955600403633
-13.3,-83.5,360, 9:47:53.505,47:53.5,1.72399E+12,-121.3113073,37.57356862537166,65.48166501486621
-10.3,-83,360, 9:47:54.395,47:54.4,1.72399E+12,-121.3110505,37.57337081181181,66
-9.1,-81.7,360, 9:47:54.895,47:54.9,1.72399E+12,-121.3109053,37.5732602,66
-11.6,-84.2,360, 9:47:55.542,47:55.5,1.72399E+12,-121.3107172,37.573114776328985,66.51654964894684
-11.6,-84.2,360, 9:47:56.377,47:56.4,1.72399E+12,-121.3104744,37.57292641583166,67.35370741482966
-10.2,-85,360, 9:47:56.895,47:56.9,1.72399E+12,-121.3103239,37.57280963226453,67.87274549098197
-13.9,-84.9,360, 9:47:57.539,47:57.5,1.72399E+12,-121.3101379,37.572664907185626,68.51596806387225
-10.3,-84.9,360, 9:47:58.147,47:58.1,1.72399E+12,-121.3099625,37.572528802788845,69.12250996015936
-9.8,-84.5,360, 9:47:58.898,47:58.9,1.72399E+12,-121.3097455,37.572362745019916,69.87051792828686
-9.9,-82.6,360, 9:47:59.459,47:59.5,1.72399E+12,-121.309582,37.572236242943546,70.43447580645162
-12.4,-83.6,360, 9:48:00.139,48:00.1,1.72399E+12,-121.3093837,37.572082831840795,71.11840796019901
-9.8,-83.5,360, 9:48:01.139,48:01.1,1.72399E+12,-121.309094,37.571862298597196,72.11422845691382
-9.6,-83.8,360, 9:48:02.143,48:02.1,1.72399E+12,-121.3087951,37.57163591875627,73
-10,-85.3,360, 9:48:03.363,48:03.4,1.72399E+12,-121.3084399,37.57136035915493,73.34507042253522
-8.8,-82.2,360, 9:48:03.876,48:03.9,1.72399E+12,-121.3082903,37.571244237424544,73.86116700201207
-10.2,-82.7,360, 9:48:04.597,48:04.6,1.72399E+12,-121.3080837,37.57108350839092,74.57551826258637
-9,-83.2,360, 9:48:05.340,48:05.3,1.72399E+12,-121.3078672,37.570917149899394,75
-8.9,-83.4,360, 9:48:05.890,48:05.9,1.72399E+12,-121.3077023,37.570792652917504,75
-9.3,-83.5,360, 9:48:06.504,48:06.5,1.72399E+12,-121.3075238,37.570654973161034,75.48011928429423
-8.6,-84.2,360, 9:48:07.146,48:07.1,1.72399E+12,-121.3073385,37.57051125174825,76.11888111888112
-8.7,-84.3,360, 9:48:07.885,48:07.9,1.72399E+12,-121.3071244,37.57034514285714,76.85714285714286
-10.2,-84.6,360, 9:48:08.391,48:08.4,1.72399E+12,-121.3069771,37.57023047,77
-8.8,-84.4,360, 9:48:08.994,48:09.0,1.72399E+12,-121.3068012,37.570093366197185,77
-8.9,-85.1,360, 9:48:09.654,48:09.7,1.72399E+12,-121.3066057,37.56994508383234,77.63073852295409
-10.3,-84.6,360, 9:48:10.394,48:10.4,1.72399E+12,-121.3063891,37.56977908167331,78.36852589641434
-9.4,-84.4,360, 9:48:12.395,48:12.4,1.72399E+12,-121.3058004,37.569328492537316,79.37114427860696
-8.9,-86.1,360, 9:48:13.645,48:13.6,1.72399E+12,-121.3054381,37.569044909638556,80
-13.7,-88.8,360, 9:48:14.391,48:14.4,1.72399E+12,-121.3052207,37.56887478,80
-10.2,-90.6,360, 9:48:15.897,48:15.9,1.72399E+12,-121.3047772,37.56853191008991,80
-10.4,-91.9,360, 9:48:17.237,48:17.2,1.72399E+12,-121.3043878,37.568231265936255,80
-11.4,-93.8,360, 9:48:18.140,48:18.1,1.72399E+12,-121.3041197,37.56802835,80
-11.9,-95.9,360, 9:48:20.392,48:20.4,1.72399E+12,-121.3034583,37.56751722891566,79
-13.1,-96.6,360, 9:48:21.391,48:21.4,1.72399E+12,-121.303163,37.567289243243245,79
-12.9,-98.1,360, 9:48:22.584,48:22.6,1.72399E+12,-121.3028127,37.567020423847694,79
-14.8,-97.6,360, 9:48:23.148,48:23.1,1.72399E+12,-121.3026454,37.566893352647355,79
-14.2,-98.4,360, 9:48:24.891,48:24.9,1.72399E+12,-121.3021336,37.56650098496994,79
-17.5,-100.2,360, 9:48:25.408,48:25.4,1.72399E+12,-121.3019825,37.56638451351351,78.61561561561561
-16.3,-98.8,360, 9:48:25.929,48:25.9,1.72399E+12,-121.3018313,37.56626717117117,78.09409409409409
-17.4,-99.9,360, 9:48:26.493,48:26.5,1.72399E+12,-121.3016645,37.56613879880478,78
-18.3,-100.1,360, 9:48:27.018,48:27.0,1.72399E+12,-121.3015087,37.566019052788846,78
-19.3,-104.1,360, 9:48:29.015,48:29.0,1.72399E+12,-121.300922,37.56556925,78
-20.6,-102.1,360, 9:48:29.561,48:29.6,1.72399E+12,-121.3007631,37.56544388665998,78
-22.8,-104.1,360, 9:48:30.209,48:30.2,1.72399E+12,-121.3005749,37.56529605084746,78
-22.1,-102.4,360, 9:48:30.960,48:31.0,1.72399E+12,-121.3003578,37.56512758125623,78
-17.8,-102,360, 9:48:31.611,48:31.6,1.72399E+12,-121.3001673,37.56497981818182,77.40808080808081
-16.9,-100.5,360, 9:48:32.210,48:32.2,1.72399E+12,-121.2999932,37.56484391806516,77
-20.8,-105,360, 9:48:33.498,48:33.5,1.72399E+12,-121.2996181,37.56455261167002,77
-18.3,-103.1,360, 9:48:34.088,48:34.1,1.72399E+12,-121.2994418,37.564419355421684,77
-17.4,-102.8,360, 9:48:34.588,48:34.6,1.72399E+12,-121.2992962,37.564308411646586,77
-15.1,-99.9,360, 9:48:35.146,48:35.1,1.72399E+12,-121.299134,37.56418422877123,77.12787212787212
-15.1,-100.9,360, 9:48:35.882,48:35.9,1.72399E+12,-121.2989216,37.56401879420579,77.86313686313686
-17.8,-100.1,360, 9:48:36.494,48:36.5,1.72399E+12,-121.2987405,37.56388255,78
-16.7,-100.4,360, 9:48:37.133,48:37.1,1.72399E+12,-121.298551,37.56374042671984,78.11365902
-13.4,-96.5,360, 9:48:37.871,48:37.9,1.72399E+12,-121.2983377,37.563574873379864,78.84945165
-12.3,-94.2,360, 9:48:38.389,48:38.4,1.72399E+12,-121.2981876,37.56345989,79
-13.8,-94.9,360, 9:48:39.127,48:39.1,1.72399E+12,-121.2979742,37.56329667839196,79.10552763819095
-13.9,-92.9,360, 9:48:39.793,48:39.8,1.72399E+12,-121.2977855,37.56314875276382,79.77487437
-10.9,-92.3,360, 9:48:40.378,48:40.4,1.72399E+12,-121.2976182,37.56301849950446,80.35777998017839
-11,-91.2,360, 9:48:40.995,48:41.0,1.72399E+12,-121.2974409,37.562880912784934,80.96927651139742
-9.1,-92.3,360, 9:48:41.578,48:41.6,1.72399E+12,-121.2972759,37.562749426278835,81
-11.9,-93.9,360, 9:48:42.128,48:42.1,1.72399E+12,-121.2971196,37.56262544566301,81
-16.7,-92,360, 9:48:44.381,48:44.4,1.72399E+12,-121.2964587,37.562121853683145,82
-9.9,-92.1,360, 9:48:45.387,48:45.4,1.72399E+12,-121.2961658,37.561894611940296,82
-10.9,-93.8,360, 9:48:47.130,48:47.1,1.72399E+12,-121.2956622,37.56150440963855,82
-11.8,-95.6,360, 9:48:48.579,48:48.6,1.72399E+12,-121.2952348,37.5611777,82
-14.5,-97.3,360, 9:48:49.440,48:49.4,1.72399E+12,-121.2949853,37.560982517482515,82
-15.8,-99.9,360, 9:48:50.381,48:50.4,1.72399E+12,-121.2947098,37.560768336008024,82
-20.1,-102.4,360, 9:48:52.080,48:52.1,1.72399E+12,-121.2942104,37.5603845,81.94105894105894
-12.6,-94.4,226, 9:48:52.632,48:52.6,1.72399E+12,-121.2940461,37.56025822077922,81.38961039
-8.4,-92.1,226, 9:48:53.680,48:53.7,1.72399E+12,-121.2937396,37.560021245508985,81
-7.6,-93.6,226, 9:48:54.350,48:54.3,1.72399E+12,-121.2935434,37.55987079640719,81
-8.3,-94,226, 9:48:54.995,48:55.0,1.72399E+12,-121.2933522,37.559725961077845,81
-9.2,-94.6,226, 9:48:55.611,48:55.6,1.72399E+12,-121.2931735,37.55958750649351,81
-12.4,-94.6,226, 9:48:56.355,48:56.4,1.72399E+12,-121.2929548,37.55941851055277,80.67035175879397
-9.1,-93.1,226, 9:48:56.932,48:56.9,1.72399E+12,-121.292782,37.559285713567846,80.09045226130654
-7.8,-91.7,226, 9:48:57.515,48:57.5,1.72399E+12,-121.2926125,37.55915440677966,80
-9.2,-93.8,226, 9:48:58.276,48:58.3,1.72399E+12,-121.2923918,37.55898223216081,80
-8.6,-93.2,226, 9:48:58.855,48:58.9,1.72399E+12,-121.2922231,37.55884897487437,80
-10.3,-94.3,226, 9:48:59.435,48:59.4,1.72399E+12,-121.2920522,37.558717997011954,80
-8.6,-93.6,226, 9:49:00.140,49:00.1,1.72399E+12,-121.2918443,37.55855938276553,79.88376753507013
-12.9,-91.7,226, 9:49:00.682,49:00.7,1.72399E+12,-121.2916868,37.558435016032064,79.34068136272545
-8.6,-92.7,226, 9:49:01.405,49:01.4,1.72399E+12,-121.2914772,37.55827099700599,79
-9.8,-93.8,226, 9:49:03.404,49:03.4,1.72399E+12,-121.2908895,37.55782125373134,78.61890547263681
-10.4,-92.5,226, 9:49:05.190,49:05.2,1.72399E+12,-121.2903651,37.557419835820895,78
-12.3,-91.4,226, 9:49:06.406,49:06.4,1.72399E+12,-121.2900129,37.557146577039276,78
-9.3,-90.7,226, 9:49:07.689,49:07.7,1.72399E+12,-121.2896359,37.55685767164179,77.33631840796019
-8.8,-89.4,226, 9:49:08.945,49:08.9,1.72399E+12,-121.2892698,37.55657545,77
-8.9,-89.4,226, 9:49:10.195,49:10.2,1.72399E+12,-121.2888966,37.55629210956175,77
-8.7,-88.6,226, 9:49:11.405,49:11.4,1.72399E+12,-121.2885465,37.55602051351351,76.61561561561561
-10.8,-86.9,226, 9:49:12.194,49:12.2,1.72399E+12,-121.2883175,37.55584263663663,76
-8.8,-87.5,226, 9:49:12.942,49:12.9,1.72399E+12,-121.2881004,37.55567341941942,76
-6.9,-83.3,226, 9:49:13.447,49:13.4,1.72399E+12,-121.2879544,37.555560083665334,76
-6.7,-83.8,226, 9:49:13.997,49:14.0,1.72399E+12,-121.2877955,37.555436826693224,76
-8.9,-85.8,226, 9:49:14.858,49:14.9,1.72399E+12,-121.2875454,37.555242748496994,76
-11.3,-84.1,226, 9:49:15.406,49:15.4,1.72399E+12,-121.287384,37.555118098703886,75.61615155
-8.3,-83.9,226, 9:49:16.145,49:16.1,1.72399E+12,-121.2871659,37.55494974774775,75
-12.8,-83.8,226, 9:49:16.675,49:16.7,1.72399E+12,-121.287012,37.55483037837838,75
-13.9,-84.1,226, 9:49:17.397,49:17.4,1.72399E+12,-121.2868026,37.55466793406593,75
-11.1,-84.3,226, 9:49:18.385,49:18.4,1.72399E+12,-121.2865159,37.55444544879518,74.63755020080322
-15.3,-81.9,226, 9:49:18.895,49:18.9,1.72399E+12,-121.2863674,37.55433023795181,74.12550200803213
-9.5,-81.4,226, 9:49:19.564,49:19.6,1.72399E+12,-121.2861693,37.554181655655654,74
-8.1,-80.9,226, 9:49:20.239,49:20.2,1.72399E+12,-121.2859703,37.554031598802396,74
-6.3,-79.1,226, 9:49:20.995,49:21.0,1.72399E+12,-121.2857515,37.55386183832336,74
-8.1,-82.6,226, 9:49:21.675,49:21.7,1.72399E+12,-121.2855499,37.553709436254984,73.34860557768924
-10.4,-83.4,226, 9:49:23.540,49:23.5,1.72399E+12,-121.2850065,37.553287939819455,73
-10.4,-83.4,226, 9:49:24.294,49:24.3,1.72399E+12,-121.2847876,37.553117288135596,73
-10.6,-83.6,226, 9:49:25.288,49:25.3,1.72399E+12,-121.2844998,37.55289687261786,72.73721163490471
-12.8,-82.8,226, 9:49:25.994,49:26.0,1.72399E+12,-121.2842944,37.55273754463391,72.02908726178535
-10.5,-84.8,226, 9:49:28.290,49:28.3,1.72399E+12,-121.2836143,37.552221513131315,72
-10.8,-85.8,226, 9:49:29.540,49:29.5,1.72399E+12,-121.283251,37.55194225049702,72
-10.4,-85.3,226, 9:49:30.545,49:30.5,1.72399E+12,-121.282962,37.551717589870904,72
-10,-84.2,226, 9:49:31.991,49:32.0,1.72399E+12,-121.2825396,37.55139382758621,72.97363083
-11,-84.9,226, 9:49:32.686,49:32.7,1.72399E+12,-121.2823374,37.55123702,73
-7.4,-84.2,226, 9:49:34.543,49:34.5,1.72399E+12,-121.2818006,37.55082213,73
-7.4,-85.3,226, 9:49:35.684,49:35.7,1.72399E+12,-121.2814706,37.55056749551346,73
-7.6,-83.9,226, 9:49:36.995,49:37.0,1.72399E+12,-121.2810881,37.55027077,73
-7.9,-84.1,226, 9:49:38.537,49:38.5,1.72399E+12,-121.2806364,37.549929684684685,74
-7.1,-84.1,226, 9:49:39.405,49:39.4,1.72399E+12,-121.280385,37.54973461653386,74
-7.8,-82.2,226, 9:49:40.995,49:41.0,1.72399E+12,-121.2799243,37.54937720720721,74
-8.1,-80.3,226, 9:49:41.674,49:41.7,1.72399E+12,-121.2797279,37.54922486041875,74
-8.4,-79.7,226, 9:49:43.544,49:43.5,1.72399E+12,-121.2791836,37.548802559880244,75
-7.8,-78.3,226, 9:49:44.539,49:44.5,1.72399E+12,-121.2788957,37.54857913173653,75
-7.8,-76.8,226, 9:49:45.994,49:46.0,1.72399E+12,-121.2784669,37.54825078678678,75
-7.8,-75.9,226, 9:49:47.542,49:47.5,1.72399E+12,-121.2780179,37.547902566433564,75.51748251748252
-7.8,-73.2,226, 9:49:48.407,49:48.4,1.72399E+12,-121.2777673,37.54770813586414,76
-15.6,-74.3,226, 9:49:49.546,49:49.5,1.72399E+12,-121.2774337,37.54745246613546,75.48207171
-8.9,-72.9,226, 9:49:50.678,49:50.7,1.72399E+12,-121.2771017,37.54719531062124,75
-11.2,-72.8,226, 9:49:52.293,49:52.3,1.72399E+12,-121.2766247,37.54682815160643,74.72991967871486
-9,-71.3,226, 9:49:52.995,49:53.0,1.72399E+12,-121.2764203,37.54666674799197,74.02510040160642
-5.7,-69.7,226, 9:49:53.620,49:53.6,1.72399E+12,-121.2762349,37.54652653784861,73.40239043824701
-6.3,-78.6,226, 9:49:54.211,49:54.2,1.72399E+12,-121.276061,37.54639318,73
-6.6,-71.1,226, 9:49:54.903,49:54.9,1.72399E+12,-121.275861,37.546234709000004,73
-7.4,-73.8,226, 9:49:55.694,49:55.7,1.72399E+12,-121.2756259,37.546055947895795,72.32865731462925
-7.4,-73.8,226, 9:49:56.272,49:56.3,1.72399E+12,-121.2754536,37.545924864271456,71.750499
-7.8,-72,226, 9:49:56.854,49:56.9,1.72399E+12,-121.2752806,37.54579185229541,71.16966067864271
-7.4,-70.2,226, 9:49:57.527,49:57.5,1.72399E+12,-121.2750797,37.54563762374245,70.49396378269617
-7.8,-69.5,226, 9:49:58.084,49:58.1,1.72399E+12,-121.2749139,37.545510209163346,70
-7.7,-68.1,226, 9:49:58.686,49:58.7,1.72399E+12,-121.2747401,37.54537529880478,70
-6.9,-66.9,226, 9:49:59.333,49:59.3,1.72399E+12,-121.2745499,37.54522943172691,69.68775100401606
-7.6,-66.7,226, 9:49:59.839,49:59.8,1.72399E+12,-121.2743986,37.54511461646586,69.17971888
-9.7,-68.8,226, 9:50:00.452,50:00.5,1.72399E+12,-121.2742198,37.54497554029851,68.5681592
-6.4,-73.3,226, 9:50:01.088,50:01.1,1.72399E+12,-121.2740363,37.544831476663354,67.93545183714002
-11.8,-73.8,226, 9:50:01.850,50:01.8,1.72399E+12,-121.2738177,37.54466121847071,67.17874875868918
-10.6,-73,226, 9:50:02.616,50:02.6,1.72399E+12,-121.2735898,37.544487361251264,66.40867810292633
-7.8,-74.4,226, 9:50:03.340,50:03.3,1.72399E+12,-121.273376,37.54432262985075,66
-8.3,-85.5,226, 9:50:03.972,50:04.0,1.72399E+12,-121.2731936,37.54417925074627,66
-9.1,-90,226, 9:50:04.672,50:04.7,1.72399E+12,-121.2729846,37.54401983,65.34879032258064
-8,-80.1,226, 9:50:05.330,50:05.3,1.72399E+12,-121.2727904,37.543870729729726,64.68768768768768
-8.6,-83.6,226, 9:50:05.841,50:05.8,1.72399E+12,-121.2726421,37.54375563963964,64.17617617617617
-10.2,-81.1,226, 9:50:06.489,50:06.5,1.72399E+12,-121.2724551,37.54361053823238,64
-10.9,-83.7,226, 9:50:07.183,50:07.2,1.72399E+12,-121.272255,37.54345529640719,63.84131736526946
-14.6,-77.9,226, 9:50:07.930,50:07.9,1.72399E+12,-121.2720388,37.54328755688623,63.09580838323353
-14.6,-77.9,226, 9:50:08.619,50:08.6,1.72399E+12,-121.2718385,37.54312979438315,62.405215646940825
-22.2,-87.9,226, 9:50:09.135,50:09.1,1.72399E+12,-121.2716885,37.54301222322322,61.887887887887885
-22.2,-87.9,226, 9:50:10.113,50:10.1,1.72399E+12,-121.271404,37.542795586241276,61
-9.3,-73.6,30, 9:50:10.677,50:10.7,1.72399E+12,-121.2712364,37.54266906580259,61
-14.3,-81,30, 9:50:12.677,50:12.7,1.72399E+12,-121.270654,37.54221856281407,59.344723618090455
-11.1,-68.9,30, 9:50:13.229,50:13.2,1.72399E+12,-121.2704918,37.54209402197802,59
-8.9,-68.6,30, 9:50:13.802,50:13.8,1.72399E+12,-121.2703212,37.54196522577423,59
-8.1,-69.2,30, 9:50:14.496,50:14.5,1.72399E+12,-121.2701188,37.54180955079681,59
-7.7,-67.6,30, 9:50:15.169,50:15.2,1.72399E+12,-121.2699242,37.541658567567566,59
-8.1,-67.5,30, 9:50:15.900,50:15.9,1.72399E+12,-121.269712,37.54149392792793,59
-7.8,-67.2,30, 9:50:16.406,50:16.4,1.72399E+12,-121.2695653,37.54138166233766,59
-7.8,-67.1,30, 9:50:17.015,50:17.0,1.72399E+12,-121.2693889,37.54124720779221,59
-8.3,-68.9,30, 9:50:17.606,50:17.6,1.72399E+12,-121.2692173,37.54111588888889,59
-7.7,-71.3,30, 9:50:18.152,50:18.2,1.72399E+12,-121.2690599,37.540994683683685,59
-8.1,-69.9,30, 9:50:18.794,50:18.8,1.72399E+12,-121.2688786,37.54085265965966,59
-8.5,-73.3,30, 9:50:19.406,50:19.4,1.72399E+12,-121.2687088,37.540718972027975,59.38261738261738
-8.4,-75,30, 9:50:19.910,50:19.9,1.72399E+12,-121.2685703,37.54060971328671,59.88611388611388
-14.7,-75.1,30, 9:50:20.558,50:20.6,1.72399E+12,-121.2683877,37.54047014974874,60
-14.2,-72.3,30, 9:50:21.794,50:21.8,1.72399E+12,-121.2680517,37.540206466269844,60.76884920634921
-6.9,-76.9,30, 9:50:22.560,50:22.6,1.72399E+12,-121.2678433,37.540043357357355,61
-6.5,-76.6,30, 9:50:23.679,50:23.7,1.72399E+12,-121.267535,37.539806042253524,61
-6.5,-76.6,30, 9:50:24.565,50:24.6,1.72399E+12,-121.2672922,37.539620345580936,61
-7.2,-76.3,30, 9:50:25.681,50:25.7,1.72399E+12,-121.266981,37.53938624674022,61
-6.6,-75.5,30, 9:50:26.674,50:26.7,1.72399E+12,-121.2667101,37.53917722645291,60.34869739478958
-14.4,-72,30, 9:50:28.004,50:28.0,1.72399E+12,-121.2663472,37.538895042957044,60
-8.7,-73.1,30, 9:50:29.309,50:29.3,1.72399E+12,-121.2659878,37.5386166,59.71643286573146
-8.9,-74.6,30, 9:50:30.814,50:30.8,1.72399E+12,-121.2655685,37.53829494,59
-7.1,-75.6,30, 9:50:31.556,50:31.6,1.72399E+12,-121.2653606,37.53813467132867,59
-10.1,-74.8,30, 9:50:32.308,50:32.3,1.72399E+12,-121.2651477,37.537970933601606,58.71529175050302
-10.1,-74.8,30, 9:50:33.065,50:33.1,1.72399E+12,-121.2649328,37.53780491468254,58
-10,-77.9,30, 9:50:33.583,50:33.6,1.72399E+12,-121.2647837,37.537691345238095,58
-10.3,-78.4,30, 9:50:34.186,50:34.2,1.72399E+12,-121.264611,37.53755923,57.84052156469408
-7.7,-76.9,30, 9:50:34.893,50:34.9,1.72399E+12,-121.2644111,37.537404643931794,57.131394182547645
-7.9,-77.1,30, 9:50:35.407,50:35.4,1.72399E+12,-121.2642634,37.53729169422311,57
-7.7,-77.8,30, 9:50:36.176,50:36.2,1.72399E+12,-121.264041,37.53712222645291,57
-8,-78.7,30, 9:50:36.819,50:36.8,1.72399E+12,-121.2638542,37.536979838677354,57
-16,-79.6,30, 9:50:37.464,50:37.5,1.72399E+12,-121.2636667,37.536835252505014,56.56112224448898
-8.1,-76.6,30, 9:50:38.655,50:38.7,1.72399E+12,-121.2633262,37.53656968831169,56
-7.9,-76.6,30, 9:50:39.378,50:39.4,1.72399E+12,-121.2631194,37.53640841583166,56
-14.1,-77.7,30, 9:50:39.967,50:40.0,1.72399E+12,-121.2629483,37.53627563,56
-9.7,-79.5,30, 9:50:40.514,50:40.5,1.72399E+12,-121.2627899,37.53615225548902,56
-8.2,-78.6,30, 9:50:41.266,50:41.3,1.72399E+12,-121.2625718,37.53598255722891,56
-7.2,-78.7,30, 9:50:43.678,50:43.7,1.72399E+12,-121.2618723,37.53544247,56
-7.1,-79.1,30, 9:50:44.670,50:44.7,1.72399E+12,-121.2615847,37.53522065000001,56
-15.8,-80.8,30, 9:50:45.265,50:45.3,1.72399E+12,-121.2614118,37.53508753,56
-10.8,-76.8,30, 9:50:46.413,50:46.4,1.72399E+12,-121.2610779,37.53483148648649,56
-10.2,-81.4,30, 9:50:47.010,50:47.0,1.72399E+12,-121.2609046,37.53469702702703,56
-7.8,-78.5,30, 9:50:47.714,50:47.7,1.72399E+12,-121.2607009,37.534541017964074,56
-7.3,-78.2,30, 9:50:48.244,50:48.2,1.72399E+12,-121.2605472,37.53442257286432,56.22412060301507
-9.1,-81.9,30, 9:50:48.947,50:48.9,1.72399E+12,-121.260343,37.53426360301507,56.93065326633166
-8.3,-80.8,30, 9:50:49.621,50:49.6,1.72399E+12,-121.2601528,37.53411268687873,57
-8.7,-77.3,30, 9:50:50.247,50:50.2,1.72399E+12,-121.259976,37.53397106,57.22681451612903
-9.6,-79.9,30, 9:50:50.993,50:51.0,1.72399E+12,-121.259764,37.53379884778226,57.97883064516129
-8.7,-80.8,30, 9:50:51.526,50:51.5,1.72399E+12,-121.2596145,37.53367796023857,58
-14.9,-81.5,30, 9:50:52.106,50:52.1,1.72399E+12,-121.2594517,37.53354596,58.086
-12.9,-86.6,30, 9:50:52.813,50:52.8,1.72399E+12,-121.2592516,37.53338123,58.793
-16.6,-86.3,30, 9:50:53.354,50:53.4,1.72399E+12,-121.2591022,37.533257121031745,59
-9.1,-84.8,30, 9:50:54.013,50:54.0,1.72399E+12,-121.2589231,37.53310740773809,59
-8.3,-83.6,30, 9:50:54.806,50:54.8,1.72399E+12,-121.258699,37.5329198,59
-14.9,-81.1,30, 9:50:55.605,50:55.6,1.72399E+12,-121.2584731,37.532732965897694,59.577733199598796
-8.3,-80.1,30, 9:50:56.310,50:56.3,1.72399E+12,-121.2582756,37.53256829435484,60
-8.3,-80.1,30, 9:50:56.995,50:57.0,1.72399E+12,-121.2580864,37.53240740221774,60
-9.3,-79.5,30, 9:50:57.623,50:57.6,1.72399E+12,-121.2579088,37.53226104,60
-8,-80.1,30, 9:50:58.306,50:58.3,1.72399E+12,-121.2577179,37.53210089579159,60.28857715430862
-8.8,-81.8,30, 9:50:58.993,50:59.0,1.72399E+12,-121.2575293,37.53193843887776,60.976953907815634
-9.4,-83.6,30, 9:51:00.404,51:00.4,1.72399E+12,-121.2571404,37.53160992,61.381709741550694
-9.4,-83.6,30, 9:51:00.937,51:00.9,1.72399E+12,-121.2569909,37.53148487872763,61.911530815109344
-9,-87.3,30, 9:51:02.584,51:02.6,1.72399E+12,-121.2565361,37.53109405882353,62
-9.9,-89.3,30, 9:51:03.406,51:03.4,1.72399E+12,-121.256308,37.53090026420738,62
-9.9,-89.3,30, 9:51:03.943,51:03.9,1.72399E+12,-121.2561571,37.530773375872386,62
-11.9,-89.2,30, 9:51:05.191,51:05.2,1.72399E+12,-121.2558112,37.53047850050454,62
-12.3,-87.8,30, 9:51:06.674,51:06.7,1.72399E+12,-121.2553971,37.53012801288404,62
-12.5,-90.8,30, 9:51:07.941,51:07.9,1.72399E+12,-121.2550429,37.52982354054054,61.08108108108108
-10.4,-91.6,30, 9:51:08.678,51:08.7,1.72399E+12,-121.2548391,37.52964871815446,61
-11.3,-93.3,30, 9:51:10.407,51:10.4,1.72399E+12,-121.2543535,37.529237798418976,60
-16.9,-94.8,30, 9:51:11.527,51:11.5,1.72399E+12,-121.2540396,37.52897214414415,59.4984985
-14.8,-96.2,76, 9:51:12.184,51:12.2,1.72399E+12,-121.2538538,37.528815648241206,59
-19.1,-100.7,76, 9:51:13.479,51:13.5,1.72399E+12,-121.2534905,37.52850589221556,58.541916167664674
-19.1,-98.6,76, 9:51:14.079,51:14.1,1.72399E+12,-121.2533259,37.52836427672327,58
-17.9,-98.7,76, 9:51:14.631,51:14.6,1.72399E+12,-121.2531698,37.528231377622376,58
-17,-99.6,76, 9:51:15.147,51:15.1,1.72399E+12,-121.2530251,37.52810779441118,57.87624750499002
-18.1,-100.6,76, 9:51:15.926,51:15.9,1.72399E+12,-121.2528121,37.52792431736527,57.09880239520958
-20.8,-102.1,76, 9:51:16.480,51:16.5,1.72399E+12,-121.2526558,37.52779284052156,56.54363089267803
-17.6,-101.5,76, 9:51:17.175,51:17.2,1.72399E+12,-121.2524604,37.52762817857143,56
-17.6,-101.5,76, 9:51:17.709,51:17.7,1.72399E+12,-121.2523153,37.52750315,56
-19.3,-102.7,76, 9:51:18.403,51:18.4,1.72399E+12,-121.252122,37.527337745983935,55.62550200803213
-20.1,-103.7,76, 9:51:19.142,51:19.1,1.72399E+12,-121.2519132,37.5271596,55
-17.1,-102.3,76, 9:51:19.688,51:19.7,1.72399E+12,-121.2517634,37.52703061161161,55
-18.7,-103.8,76, 9:51:20.265,51:20.3,1.72399E+12,-121.2516033,37.52689406306306,54.75975975975976
-17.6,-102.3,76, 9:51:21.102,51:21.1,1.72399E+12,-121.2513675,37.52669586773547,54
-16.4,-102.6,76, 9:51:23.351,51:23.4,1.72399E+12,-121.2507421,37.52616783249749,54
-15.1,-101.3,76, 9:51:24.348,51:24.3,1.72399E+12,-121.2504676,37.52593326919242,54
-13.9,-99.9,76, 9:51:25.846,51:25.8,1.72399E+12,-121.2500566,37.525584323647294,54
-13.1,-97.6,76, 9:51:26.674,51:26.7,1.72399E+12,-121.2498293,37.52538967065868,54.6497006
-13.9,-96.5,76, 9:51:28.354,51:28.4,1.72399E+12,-121.2493669,37.524996565868264,55
-11.4,-95.1,76, 9:51:29.441,51:29.4,1.72399E+12,-121.2490691,37.524742352000004,55.418
-12.3,-93.8,76, 9:51:30.548,51:30.5,1.72399E+12,-121.2487615,37.52448316,56
-11.3,-92.6,76, 9:51:32.351,51:32.4,1.72399E+12,-121.2482621,37.52406183702213,56
-11.3,-92.2,76, 9:51:33.577,51:33.6,1.72399E+12,-121.247925,37.52377151693227,56.55478087649402
-10.7,-91.2,76, 9:51:34.097,51:34.1,1.72399E+12,-121.2477823,37.52364875475475,57
-8.4,-89.3,76, 9:51:35.405,51:35.4,1.72399E+12,-121.2474152,37.52333937537537,57
-11.7,-88.6,76, 9:51:35.937,51:35.9,1.72399E+12,-121.2472693,37.52321316516517,57
-14.6,-87.7,76, 9:51:36.600,51:36.6,1.72399E+12,-121.2470866,37.523058500501506,57
-10.8,-88.9,76, 9:51:37.263,51:37.3,1.72399E+12,-121.2469021,37.52290305611223,57.24448897795591
-12.1,-89.7,76, 9:51:37.970,51:38.0,1.72399E+12,-121.2467023,37.52273516132264,57.952905811623246
-11.2,-90.2,76, 9:51:38.577,51:38.6,1.72399E+12,-121.2465348,37.522591707707704,58
-8.2,-89.1,76, 9:51:39.106,51:39.1,1.72399E+12,-121.2463895,37.52246677611941,58
-12.3,-88,76, 9:51:39.731,51:39.7,1.72399E+12,-121.2462191,37.52231939,58
-10.6,-88.8,76, 9:51:40.507,51:40.5,1.72399E+12,-121.246003,37.52213676095617,58
-9.4,-88.1,76, 9:51:41.215,51:41.2,1.72399E+12,-121.2458035,37.521969301397206,58
-11.9,-88.2,76, 9:51:42.184,51:42.2,1.72399E+12,-121.2455305,37.52173613065327,58.15778894472362
-12.2,-87.7,76, 9:51:42.689,51:42.7,1.72399E+12,-121.2453874,37.52161432160804,58.665326633165826
-12.8,-87.1,76, 9:51:43.254,51:43.3,1.72399E+12,-121.2452272,37.521477278557114,59
-8.1,-90.3,76, 9:51:43.992,51:44.0,1.72399E+12,-121.2450179,37.52129684569138,59
-12.4,-90.1,76, 9:51:46.498,51:46.5,1.72399E+12,-121.2442938,37.52068956175299,59.473107569721115
-10.8,-90.1,76, 9:51:47.686,51:47.7,1.72399E+12,-121.2439491,37.520396911646586,60
-15.1,-90.3,76, 9:51:48.679,51:48.7,1.72399E+12,-121.2436661,37.52015357370518,60
-15,-89.6,76, 9:51:49.501,51:49.5,1.72399E+12,-121.2434271,37.519953228228225,60
-15.4,-90,76, 9:51:50.993,51:51.0,1.72399E+12,-121.2429944,37.519581778904666,60.98073022312373
-10.9,-90.2,76, 9:51:52.697,51:52.7,1.72399E+12,-121.2425045,37.51916536218905,61
-12.4,-89.3,76, 9:51:53.229,51:53.2,1.72399E+12,-121.2423506,37.51903505210421,61.201402805611224
-10.1,-87.9,76, 9:51:53.917,51:53.9,1.72399E+12,-121.2421507,37.51886408617234,61.890781563126254
-11.8,-87.3,76, 9:51:54.879,51:54.9,1.72399E+12,-121.2418716,37.51862887,62
-10.9,-89.2,76, 9:51:55.415,51:55.4,1.72399E+12,-121.2417161,37.51849643143143,62.389389389389386
-12.7,-88.8,76, 9:51:56.162,51:56.2,1.72399E+12,-121.2414992,37.51831147141424,63.137412236710134
-9.1,-88.4,76, 9:51:56.696,51:56.7,1.72399E+12,-121.2413438,37.51818078335005,63.673019057171516
-11.4,-86.3,76, 9:51:57.406,51:57.4,1.72399E+12,-121.2411384,37.51800642999007,64
-11.3,-86.6,76, 9:51:57.906,51:57.9,1.72399E+12,-121.2409944,37.51788329195631,64
-9.8,-85.9,76, 9:51:58.480,51:58.5,1.72399E+12,-121.2408278,37.51774262487463,64.45235707121364
-11.4,-84.9,76, 9:51:59.137,51:59.1,1.72399E+12,-121.2406366,37.51758127794562,65.11178248
-11.6,-92.3,447, 9:51:59.647,51:59.6,1.72399E+12,-121.2404876,37.517453906344414,65.62537764350454
-10.8,-92,447, 9:52:00.315,52:00.3,1.72399E+12,-121.2402934,37.51728781,66.29511466
-12.3,-91.1,447, 9:52:00.882,52:00.9,1.72399E+12,-121.2401295,37.51714761615155,66.86041874376869
-11.7,-91.6,447, 9:52:01.419,52:01.4,1.72399E+12,-121.2399734,37.517015742971886,67
-10.6,-88,76, 9:52:01.993,52:02.0,1.72399E+12,-121.2398063,37.51687512449799,67
-14.1,-90.6,76, 9:52:04.376,52:04.4,1.72399E+12,-121.2391189,37.51628651155779,68.34874371859297
-12.6,-91.4,76, 9:52:05.579,52:05.6,1.72399E+12,-121.2387694,37.51598763473054,69
-13.2,-93.4,76, 9:52:06.883,52:06.9,1.72399E+12,-121.2383912,37.51566768268268,69.85785785785785
-13.2,-95.4,76, 9:52:08.135,52:08.1,1.72399E+12,-121.2380206,37.51535816232465,70
-15.8,-93.9,76, 9:52:08.918,52:08.9,1.72399E+12,-121.2377931,37.51516358917836,70
-13.9,-95,76, 9:52:10.633,52:10.6,1.72399E+12,-121.2372913,37.51473780482897,70
-15.1,-96.6,76, 9:52:11.376,52:11.4,1.72399E+12,-121.2370725,37.51455331075697,70.35358565737052
-15.8,-98.8,76, 9:52:13.058,52:13.1,1.72399E+12,-121.2365787,37.514137063999996,71
-20.1,-99.2,76, 9:52:13.579,52:13.6,1.72399E+12,-121.2364276,37.51400786,71
-18.9,-99.9,76, 9:52:14.992,52:15.0,1.72399E+12,-121.2360078,37.5136555,71
-19.5,-100.8,76, 9:52:16.827,52:16.8,1.72399E+12,-121.2354758,37.513197529588766,70.19257773
-21.2,-102.1,76, 9:52:17.894,52:17.9,1.72399E+12,-121.2351593,37.512931347041125,70
-13.6,-94.7,244, 9:52:18.877,52:18.9,1.72399E+12,-121.234875,37.51268639126117,70
-12.9,-94.3,244, 9:52:20.381,52:20.4,1.72399E+12,-121.2344321,37.51231002,69
-17,-97.3,244, 9:52:22.376,52:22.4,1.72399E+12,-121.23385,37.51181035341366,67.64658634538152
-22.4,-98.8,244, 9:52:23.150,52:23.2,1.72399E+12,-121.2336193,37.51161776,66.87
-12.4,-91.1,194, 9:52:23.695,52:23.7,1.72399E+12,-121.2334569,37.5114826,66.325
-15.3,-91.1,194, 9:52:24.412,52:24.4,1.72399E+12,-121.233244,37.51130360956175,65.60956175298804
-12.8,-90.9,194, 9:52:25.155,52:25.2,1.72399E+12,-121.2330251,37.51111757684631,64.86926147704591
-12.9,-85.3,194, 9:52:25.815,52:25.8,1.72399E+12,-121.2328341,37.51095422355289,64.21057884231537
-12.1,-86.2,194, 9:52:26.406,52:26.4,1.72399E+12,-121.2326594,37.510806332998996,63.61885656970913
-12.1,-86.8,194, 9:52:26.916,52:26.9,1.72399E+12,-121.232507,37.51067793781344,63.10732196589769
-12.8,-84.2,194, 9:52:27.423,52:27.4,1.72399E+12,-121.2323592,37.510550401197605,62.600798403193615
-11.8,-84,194, 9:52:27.974,52:28.0,1.72399E+12,-121.2321998,37.51041182634731,62.050898203592816
-11.4,-86.9,194, 9:52:28.474,52:28.5,1.72399E+12,-121.2320514,37.51028563,61.5501002
-10.2,-86.4,194, 9:52:28.977,52:29.0,1.72399E+12,-121.2319017,37.510158615230466,61.04609218436874
-12.8,-88.4,62, 9:52:29.558,52:29.6,1.72399E+12,-121.2317329,37.51001432,60.465
-12.6,-86.9,62, 9:52:30.227,52:30.2,1.72399E+12,-121.2315373,37.50984764335664,59.7962038
-12.3,-83.3,62, 9:52:30.961,52:31.0,1.72399E+12,-121.2313188,37.50966286013986,59.06293706293706
-11.1,-90.4,62, 9:52:32.211,52:32.2,1.72399E+12,-121.230955,37.50935309255534,57.814889336016094
-11.4,-89.4,62, 9:52:32.963,52:33.0,1.72399E+12,-121.2307303,37.509165470824954,57.05835010060362
-12.4,-89.9,62, 9:52:33.492,52:33.5,1.72399E+12,-121.2305718,37.509032065392354,56.52615694
-12.9,-91.6,62, 9:52:34.010,52:34.0,1.72399E+12,-121.2304165,37.50890126257545,56.00503018108652
-14.6,-93.1,62, 9:52:34.513,52:34.5,1.72399E+12,-121.2302716,37.50877933,56
-13.9,-89.6,62, 9:52:35.170,52:35.2,1.72399E+12,-121.2300824,37.50861947860697,55.85273631840796
-15,-90.9,62, 9:52:35.685,52:35.7,1.72399E+12,-121.2299343,37.50849239402985,55.340298507462684
-14,-91.9,62, 9:52:36.237,52:36.2,1.72399E+12,-121.2297745,37.50835539,55
-14.6,-91.6,62, 9:52:36.892,52:36.9,1.72399E+12,-121.2295826,37.50819131313131,55
-14.8,-92.9,62, 9:52:37.420,52:37.4,1.72399E+12,-121.2294304,37.50806233926805,54.60138476755687
-14.7,-91.8,62, 9:52:38.153,52:38.2,1.72399E+12,-121.2292196,37.50788440822467,54
-13.6,-91.4,62, 9:52:38.711,52:38.7,1.72399E+12,-121.2290573,37.50774784653962,54
-14.6,-92.4,62, 9:52:39.405,52:39.4,1.72399E+12,-121.2288579,37.50757781407035,54
-16.1,-96.3,62, 9:52:39.930,52:39.9,1.72399E+12,-121.2287086,37.50744907035176,54
-11.8,-93.7,62, 9:52:40.672,52:40.7,1.72399E+12,-121.2284999,37.50726854581673,54
-16.7,-97.1,62, 9:52:42.198,52:42.2,1.72399E+12,-121.2280612,37.506896647058824,54
-14.2,-95.1,62, 9:52:42.917,52:42.9,1.72399E+12,-121.2278591,37.50672460319043,54
-14.2,-95.1,62, 9:52:43.915,52:43.9,1.72399E+12,-121.2275775,37.506484054054056,54
-15.8,-96,62, 9:52:44.997,52:45.0,1.72399E+12,-121.2272705,37.506223536609824,54
-15.1,-98.1,62, 9:52:46.405,52:46.4,1.72399E+12,-121.2268662,37.50588737537537,53
-16.3,-96.1,62, 9:52:47.405,52:47.4,1.72399E+12,-121.2265845,37.505648012935325,53
-15.3,-97.1,62, 9:52:48.405,52:48.4,1.72399E+12,-121.2263033,37.505407324324324,53
-20.4,-103.5,62, 9:52:49.665,52:49.7,1.72399E+12,-121.2259453,37.50510509090909,53
-20.4,-103.3,62, 9:52:50.406,52:50.4,1.72399E+12,-121.2257352,37.504928143712576,53
-13.3,-93.9,369, 9:52:50.916,52:50.9,1.72399E+12,-121.2255917,37.504808023952094,53
-17,-104.5,369, 9:52:52.664,52:52.7,1.72399E+12,-121.2250864,37.50440111422846,53
-12.2,-96.4,369, 9:52:54.169,52:54.2,1.72399E+12,-121.2246502,37.504052412298385,52.85584677419355
-13.8,-97.6,369, 9:52:55.172,52:55.2,1.72399E+12,-121.2243517,37.50381859086395,52
-16.8,-96.9,369, 9:52:56.571,52:56.6,1.72399E+12,-121.2239433,37.50350297,52
-15.6,-101.2,369, 9:52:58.167,52:58.2,1.72399E+12,-121.223468,37.50314153731343,52
-16.1,-96.5,369, 9:52:58.671,52:58.7,1.72399E+12,-121.2233186,37.50302870149254,52
-17.9,-101.4,369, 9:53:00.120,53:00.1,1.72399E+12,-121.2228784,37.50270195431976,52
-17.8,-101.9,369, 9:53:00.667,53:00.7,1.72399E+12,-121.2227165,37.50258136444886,52
-17.8,-101.9,369, 9:53:01.629,53:01.6,1.72399E+12,-121.2224253,37.50236815492958,51.394366197183096
-14.7,-107.4,23, 9:53:02.165,53:02.2,1.72399E+12,-121.222261,37.50224968937876,51
-15.3,-109.3,23, 9:53:04.405,53:04.4,1.72399E+12,-121.2215856,37.501761205438065,51
-18.1,-110.8,23, 9:53:05.406,53:05.4,1.72399E+12,-121.2212824,37.50153971329365,51
-16.9,-108,23, 9:53:06.404,53:06.4,1.72399E+12,-121.2209839,37.50131990461848,51
-20.5,-113.9,23, 9:53:07.667,53:07.7,1.72399E+12,-121.2206029,37.50103987,51
-19.6,-112.8,23, 9:53:09.406,53:09.4,1.72399E+12,-121.2200744,37.50065476341948,50.614314115308154
-17.8,-112.2,23, 9:53:09.918,53:09.9,1.72399E+12,-121.2199191,37.500542286282304,50.10536779324055
-18.4,-110.9,23, 9:53:11.266,53:11.3,1.72399E+12,-121.2195069,37.50023876047904,50
-26.1,-118.9,23, 9:53:11.865,53:11.9,1.72399E+12,-121.2193239,37.50010425449102,50
-19.8,-111.3,190, 9:53:12.380,53:12.4,1.72399E+12,-121.2191667,37.499989444444445,50.35835835835836
-23.9,-114.9,190, 9:53:12.958,53:13.0,1.72399E+12,-121.2189902,37.499861,50.93693693693694
-18.8,-111.9,190, 9:53:13.481,53:13.5,1.72399E+12,-121.2188313,37.49974391,51
-18.6,-111.8,190, 9:53:14.051,53:14.1,1.72399E+12,-121.218658,37.49961620181635,51
-24,-118.8,190, 9:53:14.577,53:14.6,1.72399E+12,-121.2184961,37.49949890010091,51
-13.8,-99.4,177, 9:53:15.141,53:15.1,1.72399E+12,-121.2183236,37.49937273366834,51
-16.2,-103.3,177, 9:53:15.665,53:15.7,1.72399E+12,-121.2181666,37.49925424120603,51
-14.3,-102.6,177, 9:53:16.178,53:16.2,1.72399E+12,-121.2180129,37.499140331692914,51
-20.1,-106.2,177, 9:53:16.760,53:16.8,1.72399E+12,-121.2178382,37.49901603,51
-14.3,-101,177, 9:53:17.308,53:17.3,1.72399E+12,-121.2176742,37.49889749598393,51
-15.8,-103.6,177, 9:53:17.997,53:18.0,1.72399E+12,-121.2174688,37.498746690763056,51
-21.8,-110.3,177, 9:53:18.696,53:18.7,1.72399E+12,-121.2172612,37.498592859561754,51
-21.8,-110.3,177, 9:53:19.207,53:19.2,1.72399E+12,-121.2171091,37.49848113017154,51
-18.4,-108.6,177, 9:53:19.993,53:20.0,1.72399E+12,-121.2168735,37.49831139858728,51
-18.4,-105.8,177, 9:53:20.572,53:20.6,1.72399E+12,-121.2167057,37.49818823353293,51
-14.3,-100,177, 9:53:21.191,53:21.2,1.72399E+12,-121.2165262,37.49805622211055,51
-12.6,-100.3,177, 9:53:22.021,53:22.0,1.72399E+12,-121.2162843,37.49787775494071,51
-15,-100,177, 9:53:22.540,53:22.5,1.72399E+12,-121.2161356,37.49777005731225,51
-15,-100,177, 9:53:23.340,53:23.3,1.72399E+12,-121.2159074,37.49760301,51
-15,-97.2,244, 9:53:24.016,53:24.0,1.72399E+12,-121.215716,37.497460475903615,51
-17.5,-102.6,244, 9:53:25.680,53:25.7,1.72399E+12,-121.2152363,37.49711335470942,51.66332665330661
-17.9,-99.6,244, 9:53:26.306,53:26.3,1.72399E+12,-121.2150597,37.496984616302186,52
-17,-103.4,455, 9:53:26.843,53:26.8,1.72399E+12,-121.2149092,37.49687465407555,52
-20.9,-104.2,455, 9:53:27.994,53:28.0,1.72399E+12,-121.2145843,37.49663736673347,52
-12,-95.4,177, 9:53:28.671,53:28.7,1.72399E+12,-121.2143922,37.49649487863591,52
-19.7,-106.3,177, 9:53:31.131,53:31.1,1.72399E+12,-121.2136998,37.495987799999995,52
-15.8,-99.4,177, 9:53:32.339,53:32.3,1.72399E+12,-121.213367,37.4957437,52
-15.9,-99.8,177, 9:53:33.266,53:33.3,1.72399E+12,-121.2131056,37.49555147557328,52
-13.3,-99.3,177, 9:53:33.847,53:33.8,1.72399E+12,-121.2129463,37.495432147557324,52
-17.2,-106.5,177, 9:53:34.428,53:34.4,1.72399E+12,-121.2127844,37.49531298507463,52.40298507462686
-13.9,-101.8,177, 9:53:35.126,53:35.1,1.72399E+12,-121.212589,37.49516942,53
-14,-103.8,177, 9:53:35.662,53:35.7,1.72399E+12,-121.2124417,37.49505686,53
-14.8,-102.2,177, 9:53:36.401,53:36.4,1.72399E+12,-121.2122382,37.494898195171025,53
-18.9,-107.4,177, 9:53:37.028,53:37.0,1.72399E+12,-121.2120654,37.49476067,53
-18.5,-105.4,177, 9:53:37.597,53:37.6,1.72399E+12,-121.2119135,37.49463493,53
-18.5,-105.4,177, 9:53:38.218,53:38.2,1.72399E+12,-121.211746,37.49449759719439,53
-22.4,-111.3,177, 9:53:38.736,53:38.7,1.72399E+12,-121.2116033,37.49438288977956,53
-14.1,-104.3,455, 9:53:39.368,53:39.4,1.72399E+12,-121.2114347,37.494241543086176,53
-12.6,-102.4,455, 9:53:39.960,53:40.0,1.72399E+12,-121.2112811,37.49410807615231,53
-18.6,-103.6,455, 9:53:40.577,53:40.6,1.72399E+12,-121.2111179,37.493968004960315,53
-19.6,-108,455, 9:53:41.334,53:41.3,1.72399E+12,-121.2109213,37.49379539739739,53
-8.8,-100.1,455, 9:53:42.327,53:42.3,1.72399E+12,-121.2106727,37.49356728427419,53.30443548387097
-18.2,-105.3,455, 9:53:43.833,53:43.8,1.72399E+12,-121.2103039,37.493225131474105,54
-9.1,-98.9,455, 9:53:45.330,53:45.3,1.72399E+12,-121.2099499,37.492885551204814,54
-12.8,-90.8,455, 9:53:46.078,53:46.1,1.72399E+12,-121.209772,37.49271658,54
-12.3,-90.9,455, 9:53:47.992,53:48.0,1.72399E+12,-121.2093275,37.49228638071571,54
-17.7,-90.5,455, 9:53:49.326,53:49.3,1.72399E+12,-121.209021,37.491983996003995,55
-13.8,-92.9,455, 9:53:50.036,53:50.0,1.72399E+12,-121.2088586,37.49182155466399,54.98495486459378
-12.4,-89.8,455, 9:53:51.318,53:51.3,1.72399E+12,-121.2085651,37.49152695238095,54.29761904761905
-11.3,-93.3,455, 9:53:52.827,53:52.8,1.72399E+12,-121.208215,37.49117718018018,55
-8,-91.2,455, 9:53:54.327,53:54.3,1.72399E+12,-121.2078665,37.490822722891565,55
-13.1,-90.7,455, 9:53:55.078,53:55.1,1.72399E+12,-121.2076886,37.49064737213931,55
-10,-92.6,455, 9:53:56.829,53:56.8,1.72399E+12,-121.2072695,37.49023092814371,55
-16.4,-95.4,455, 9:53:57.329,53:57.3,1.72399E+12,-121.2071469,37.490109904137235,55.30776992936428
-15.8,-96.1,369, 9:53:58.533,53:58.5,1.72399E+12,-121.2068471,37.48981422768305,56
-11.4,-98.6,369, 9:53:59.240,53:59.2,1.72399E+12,-121.2066705,37.489641251497005,56
-11.4,-98.6,369, 9:53:59.916,53:59.9,1.72399E+12,-121.2065059,37.48947596207585,56
-14.9,-98.5,369, 9:54:00.562,54:00.6,1.72399E+12,-121.2063457,37.489317840078975,56
-19.4,-100.9,369, 9:54:01.191,54:01.2,1.72399E+12,-121.2061885,37.48916312361809,56
-15.5,-101.6,369, 9:54:01.835,54:01.8,1.72399E+12,-121.2060254,37.48900260904523,56
-15.8,-102.1,369, 9:54:02.407,54:02.4,1.72399E+12,-121.2058811,37.48885907422267,56.38615847542628
-15.8,-102.2,369, 9:54:03.022,54:03.0,1.72399E+12,-121.2057262,37.48870425896415,57
-15.6,-102.4,369, 9:54:03.537,54:03.5,1.72399E+12,-121.205597,37.48857704780877,57
-14.4,-101.1,369, 9:54:04.252,54:04.3,1.72399E+12,-121.2054169,37.488398885196375,57.230614300100704
-17.6,-103.3,369, 9:54:04.795,54:04.8,1.72399E+12,-121.2052791,37.488261084592146,57.77744209466264
-15.5,-101.6,369, 9:54:05.534,54:05.5,1.72399E+12,-121.2050899,37.488073444444446,58.513888888888886
-14.3,-99.1,369, 9:54:06.290,54:06.3,1.72399E+12,-121.204897,37.487882234000004,59.266
-20.2,-103.8,369, 9:54:07.540,54:07.5,1.72399E+12,-121.2045813,37.48756524020101,60.51859296482412
-20.2,-103.8,369, 9:54:08.156,54:08.2,1.72399E+12,-121.2044255,37.48740699800399,61
-21.6,-105.5,369, 9:54:08.787,54:08.8,1.72399E+12,-121.2042669,37.48724578443114,61
-21.6,-105.5,369, 9:54:09.540,54:09.5,1.72399E+12,-121.204074,37.48705612063809,61.51744765702891
-22.4,-105.8,369, 9:54:10.707,54:10.7,1.72399E+12,-121.2037769,37.48676561600001,62.683
-27.1,-112.3,369, 9:54:12.007,54:12.0,1.72399E+12,-121.2034483,37.486438289156624,63.98694779116466
-19.6,-106.7,369, 9:54:12.993,54:13.0,1.72399E+12,-121.2032015,37.48619441774676,64.97008973080757
-14.4,-102.8,369, 9:54:13.509,54:13.5,1.72399E+12,-121.2030709,37.48606586633166,65.48844221105527
-10.6,-100.6,369, 9:54:14.271,54:14.3,1.72399E+12,-121.2028803,37.48587727,66
-10.6,-100.7,369, 9:54:14.905,54:14.9,1.72399E+12,-121.2027256,37.48572257,66
-10.3,-101.8,369, 9:54:15.437,54:15.4,1.72399E+12,-121.2025956,37.48559087975952,66.41983967935872
-12.1,-98.6,369, 9:54:16.194,54:16.2,1.72399E+12,-121.2024105,37.48540365469062,67.17764471057885
-9.5,-97,369, 9:54:16.793,54:16.8,1.72399E+12,-121.202264,37.48525779041916,67.77544910179641
-7.1,-94.1,369, 9:54:17.491,54:17.5,1.72399E+12,-121.2020905,37.485087818363276,68.47205588822355
-9.4,-95.1,369, 9:54:17.993,54:18.0,1.72399E+12,-121.2019648,37.48496557,68.97305389221557
-10.1,-94.8,369, 9:54:18.582,54:18.6,1.72399E+12,-121.201821,37.48482200899101,69.56143856143856
-11.3,-95.9,369, 9:54:19.139,54:19.1,1.72399E+12,-121.201685,37.48468603206413,70.11823647
-15.5,-106.2,23, 9:54:19.646,54:19.6,1.72399E+12,-121.2015606,37.48456156813627,70.62625250501002
-15,-106.1,23, 9:54:20.277,54:20.3,1.72399E+12,-121.2014042,37.484406984984986,71
-14.1,-104.6,23, 9:54:20.992,54:21.0,1.72399E+12,-121.2012245,37.48423235035035,71
-15.8,-102.7,23, 9:54:21.670,54:21.7,1.72399E+12,-121.2010592,37.48406722954092,71.6506986
-14.9,-99.1,23, 9:54:23.927,54:23.9,1.72399E+12,-121.2005081,37.48351711,73.90528414755732
-14.8,-98.6,23, 9:54:24.607,54:24.6,1.72399E+12,-121.200337,37.48335068674699,74
-13.4,-93.8,23, 9:54:26.405,54:26.4,1.72399E+12,-121.1998933,37.48291147642929,75.38114343029088
-12.6,-93.6,23, 9:54:27.406,54:27.4,1.72399E+12,-121.1996441,37.48266295808383,76
-11.9,-95.6,23, 9:54:28.926,54:28.9,1.72399E+12,-121.199267,37.48228315,76
-13.1,-93.3,23, 9:54:30.176,54:30.2,1.72399E+12,-121.198959,37.481972447154476,76.15142276422765
-12.5,-91.2,23, 9:54:30.919,54:30.9,1.72399E+12,-121.1987695,37.48178518699187,76.90650406504065
-11.7,-90.3,23, 9:54:31.671,54:31.7,1.72399E+12,-121.198581,37.481597,77
-11.1,-91.3,23, 9:54:33.283,54:33.3,1.72399E+12,-121.1981695,37.48119351004016,77
-10.3,-97.1,23, 9:54:33.916,54:33.9,1.72399E+12,-121.1980093,37.48103589558233,77
-11.7,-97.9,23, 9:54:34.450,54:34.4,1.72399E+12,-121.1978783,37.48090357285429,77
-11.6,-96.2,23, 9:54:34.958,54:35.0,1.72399E+12,-121.1977546,37.48077784031936,77
-11.1,-94.7,23, 9:54:35.565,54:35.6,1.72399E+12,-121.1976024,37.480628146706586,77
-11.1,-94.7,23, 9:54:36.243,54:36.2,1.72399E+12,-121.1974315,37.48046036016096,77
-12.9,-94.2,23, 9:54:36.993,54:37.0,1.72399E+12,-121.1972413,37.48027323742455,77
-9.4,-91.5,23, 9:54:37.631,54:37.6,1.72399E+12,-121.1970807,37.480115127872125,77
-8.6,-93.3,23, 9:54:38.246,54:38.2,1.72399E+12,-121.1969274,37.47996247791165,77
-13.9,-98.9,23, 9:54:38.947,54:38.9,1.72399E+12,-121.1967557,37.479787931726904,77
-10.8,-97.7,23, 9:54:39.500,54:39.5,1.72399E+12,-121.1966169,37.47965084015984,77.48451548451548
-14.3,-95.6,23, 9:54:40.163,54:40.2,1.72399E+12,-121.1964503,37.47948676143141,78
-11.6,-97.6,23, 9:54:40.680,54:40.7,1.72399E+12,-121.1963213,37.479359310139166,78
-11,-94.8,23, 9:54:41.946,54:41.9,1.72399E+12,-121.1960036,37.479046305389225,78
-14.5,-95.1,23, 9:54:44.005,54:44.0,1.72399E+12,-121.1954933,37.47853228671329,78
-13.6,-94.6,23, 9:54:44.669,54:44.7,1.72399E+12,-121.1953253,37.47836431325301,78
-12.9,-99.9,23, 9:54:46.280,54:46.3,1.72399E+12,-121.1949188,37.47795952988048,78
-11.5,-96.8,23, 9:54:46.809,54:46.8,1.72399E+12,-121.1947865,37.477828860557764,78
-11.9,-97.3,23, 9:54:47.388,54:47.4,1.72399E+12,-121.1946407,37.47768520762287,78
-13.1,-98.9,23, 9:54:48.161,54:48.2,1.72399E+12,-121.1944468,37.47749324055666,78
-15.1,-102.7,23, 9:54:48.879,54:48.9,1.72399E+12,-121.1942727,37.47731623856859,78
-27.1,-119.4,23, 9:54:49.436,54:49.4,1.72399E+12,-121.1941334,37.47717965897693,78
-20.2,-116.8,23, 9:54:50.158,54:50.2,1.72399E+12,-121.1939528,37.47700269,77.86404833836858
-16.6,-102.6,405, 9:54:50.739,54:50.7,1.72399E+12,-121.1938141,37.476859343403824,77.27895266868076
-17.5,-102.1,405, 9:54:51.242,54:51.2,1.72399E+12,-121.193693,37.47673686826347,77
-14.9,-95.1,194, 9:54:51.965,54:52.0,1.72399E+12,-121.1935169,37.47656369461078,77
-12.2,-96.1,194, 9:54:52.485,54:52.5,1.72399E+12,-121.1933913,37.47644198714144,76.53808110781405
-14.4,-94.3,194, 9:54:53.140,54:53.1,1.72399E+12,-121.1932336,37.476288980885315,76
-11.3,-87.3,194, 9:54:53.692,54:53.7,1.72399E+12,-121.1931026,37.47615958853119,76
-19.3,-101.8,194, 9:54:54.404,54:54.4,1.72399E+12,-121.1929371,37.47599509860558,76
-20.8,-105.4,194, 9:54:54.947,54:54.9,1.72399E+12,-121.1928132,37.47587124701195,76
-17.8,-102.4,194, 9:54:55.805,54:55.8,1.72399E+12,-121.1926141,37.47567212,76
-16.3,-94.8,194, 9:54:56.333,54:56.3,1.72399E+12,-121.1924963,37.47555305206287,75.68467583497053
-19.3,-93.8,194, 9:54:57.025,54:57.0,1.72399E+12,-121.1923461,37.47540010510806,75.00491159
-18.4,-93.4,194, 9:54:57.668,54:57.7,1.72399E+12,-121.1922028,37.47525999799197,75
-18.4,-93.4,194, 9:54:58.263,54:58.3,1.72399E+12,-121.1920703,37.475130924471294,75
-16.8,-88.6,194, 9:54:58.993,54:59.0,1.72399E+12,-121.1919078,37.47497360322255,75
-20.3,-93.4,194, 9:54:59.572,54:59.6,1.72399E+12,-121.1917875,37.47484906331658,74.44422110552763
-15.8,-89.1,194, 9:55:00.181,55:00.2,1.72399E+12,-121.1916609,37.47471951086956,74
-15.2,-88.4,194, 9:55:00.682,55:00.7,1.72399E+12,-121.1915554,37.47461604347826,74
-16.5,-90.6,194, 9:55:01.254,55:01.3,1.72399E+12,-121.1914323,37.47449615915916,74
-16.5,-90.6,194, 9:55:01.901,55:01.9,1.72399E+12,-121.1912886,37.47435756256256,74
-13.2,-91.3,394, 9:55:02.567,55:02.6,1.72399E+12,-121.1911449,37.47421213078471,73.45472837022133
-12.3,-90.6,394, 9:55:04.507,55:04.5,1.72399E+12,-121.1907183,37.47379021521522,73
-15,-103.9,394, 9:55:05.756,55:05.8,1.72399E+12,-121.1904426,37.47351587537388,73
-14.9,-95.7,394, 9:55:06.679,55:06.7,1.72399E+12,-121.1902379,37.47330828269618,72.33903420523139
-12.3,-91.8,394, 9:55:08.406,55:08.4,1.72399E+12,-121.1898498,37.47292125373134,72
-8.8,-86.7,394, 9:55:09.507,55:09.5,1.72399E+12,-121.1895983,37.4726712,71.51616161616161
-9,-85.6,394, 9:55:11.256,55:11.3,1.72399E+12,-121.1891937,37.47227001404213,71
-19.6,-105.4,394, 9:55:12.188,55:12.2,1.72399E+12,-121.1889786,37.47205312787213,70.83316683316683
-13.9,-103.4,184, 9:55:12.993,55:13.0,1.72399E+12,-121.1887888,37.471865750249755,70.02897102897103
-14,-98.2,184, 9:55:14.996,55:15.0,1.72399E+12,-121.1883224,37.47140327218345,69.02691924227318
-10.8,-96.4,184, 9:55:15.670,55:15.7,1.72399E+12,-121.1881633,37.471246896000004,69
-14.8,-95.1,184, 9:55:17.672,55:17.7,1.72399E+12,-121.1877027,37.4707851,68.35235235235236
-15.3,-94.4,184, 9:55:18.504,55:18.5,1.72399E+12,-121.1875087,37.47059308,68
-14.5,-95.9,184, 9:55:19.256,55:19.3,1.72399E+12,-121.1873327,37.47042071213641,68
-13.1,-102.3,184, 9:55:20.755,55:20.8,1.72399E+12,-121.1869884,37.47007640822468,67.26379137412236
-17.2,-107.2,184, 9:55:22.672,55:22.7,1.72399E+12,-121.1865504,37.46964498696088,67
-14.6,-102.4,184, 9:55:23.993,55:24.0,1.72399E+12,-121.1862556,37.46934774325674,66.02997002997003
-12.4,-95.8,184, 9:55:24.677,55:24.7,1.72399E+12,-121.1861037,37.46919573969849,66
-12.7,-91.1,184, 9:55:25.256,55:25.3,1.72399E+12,-121.1859734,37.46906639639639,66
-12.7,-91.1,184, 9:55:26.258,55:26.3,1.72399E+12,-121.185744,37.46884189830509,66
-13.6,-102.8,184, 9:55:27.506,55:27.5,1.72399E+12,-121.185463,37.46856508565737,65.51593625498008
-13.3,-100.9,184, 9:55:28.993,55:29.0,1.72399E+12,-121.1851269,37.46822687687688,65
-14.3,-86.3,184, 9:55:29.704,55:29.7,1.72399E+12,-121.1849641,37.468066775000004,64.319
-12.5,-86.3,184, 9:55:31.681,55:31.7,1.72399E+12,-121.1845058,37.46761245837513,64
-14.3,-86.7,184, 9:55:32.995,55:33.0,1.72399E+12,-121.1841963,37.46730427960199,63.03084577114428
-12.3,-98.2,184, 9:55:33.572,55:33.6,1.72399E+12,-121.1840583,37.4671685,63
-15.4,-99.6,184, 9:55:34.099,55:34.1,1.72399E+12,-121.1839324,37.46704408,63
-16.2,-100.6,184, 9:55:34.901,55:34.9,1.72399E+12,-121.1837431,37.466851600000005,63
-13.9,-95.6,184, 9:55:35.521,55:35.5,1.72399E+12,-121.1835927,37.466702173173175,62.49449449
-11.9,-94.3,184, 9:55:36.276,55:36.3,1.72399E+12,-121.1834087,37.46652073359841,62
-11.9,-93.4,184, 9:55:36.923,55:36.9,1.72399E+12,-121.1832518,37.46636637972167,62
-9.7,-100.5,184, 9:55:37.666,55:37.7,1.72399E+12,-121.1830709,37.46618655864811,62
-9,-101.6,184, 9:55:38.204,55:38.2,1.72399E+12,-121.1829396,37.466055594974875,61.82211055276382
-10.9,-94.3,184, 9:55:38.774,55:38.8,1.72399E+12,-121.1827998,37.46591582,61.24924623115578
-13.9,-97.8,184, 9:55:39.404,55:39.4,1.72399E+12,-121.1826423,37.46575988353413,61
-9.9,-95.4,184, 9:55:39.992,55:40.0,1.72399E+12,-121.1824936,37.46561347389558,61
-10.6,-98,184, 9:55:40.523,55:40.5,1.72399E+12,-121.1823608,37.46547823505976,60.49701195219124
-10.4,-95.3,184, 9:55:41.995,55:42.0,1.72399E+12,-121.1819828,37.46510555855856,60
-12.4,-97.5,184, 9:55:42.673,55:42.7,1.72399E+12,-121.1818128,37.464933237288136,60
-14.7,-102.4,184, 9:55:44.507,55:44.5,1.72399E+12,-121.181341,37.464463960843375,59
-14.4,-99.1,184, 9:55:45.436,55:45.4,1.72399E+12,-121.1810984,37.464220190716446,59
-14.6,-99.8,184, 9:55:46.993,55:47.0,1.72399E+12,-121.180694,37.46380910667996,59
-13.1,-101.8,184, 9:55:47.758,55:47.8,1.72399E+12,-121.1805014,37.46360534730539,59
-14.3,-99.1,184, 9:55:49.506,55:49.5,1.72399E+12,-121.1800652,37.46313167670683,59
-11.1,-91.8,184, 9:55:50.568,55:50.6,1.72399E+12,-121.1798103,37.46284002492523,59.54536390827518
-10.8,-89.9,184, 9:55:51.637,55:51.6,1.72399E+12,-121.1795571,37.462541439759036,60
-12.1,-91.3,184, 9:55:53.254,55:53.3,1.72399E+12,-121.1791834,37.46208307207207,60.234234234234236
-10.3,-91.4,184, 9:55:53.850,55:53.9,1.72399E+12,-121.1790467,37.46191005905906,60.830830830830834
-10.4,-95.9,184, 9:55:54.542,55:54.5,1.72399E+12,-121.1788931,37.46171231411531,61
-12.9,-92.5,184, 9:55:55.998,55:56.0,1.72399E+12,-121.178564,37.461292547547544,61
-12.5,-91.3,184, 9:55:56.786,55:56.8,1.72399E+12,-121.1783955,37.4610638,61
-12.5,-91.3,184, 9:55:57.302,55:57.3,1.72399E+12,-121.1782875,37.460914089999996,61.279
-12.9,-95.6,184, 9:55:57.993,55:58.0,1.72399E+12,-121.1781452,37.4607137,61.97
-12.9,-95.6,184, 9:55:58.664,55:58.7,1.72399E+12,-121.1780067,37.46051873747495,62
-12.6,-91.9,184, 9:55:59.294,55:59.3,1.72399E+12,-121.1778768,37.460336921999996,62.273
-12.7,-92.3,184, 9:55:59.993,56:00.0,1.72399E+12,-121.1777328,37.460137008000004,62.972
-11.5,-90.8,184, 9:56:00.566,56:00.6,1.72399E+12,-121.1776224,37.45997398994975,63
-11.1,-92.3,184, 9:56:01.095,56:01.1,1.72399E+12,-121.1775206,37.45982400789733,63.077986179664364
-11.1,-92.3,184, 9:56:01.843,56:01.8,1.72399E+12,-121.1773744,37.45961577887463,63.816386969397826
-13.1,-89.8,184, 9:56:03.405,56:03.4,1.72399E+12,-121.1770674,37.45918386432161,64.37688442211055
-13.7,-92.3,184, 9:56:04.676,56:04.7,1.72399E+12,-121.1768239,37.45883489,65
-11.5,-94.5,184, 9:56:05.849,56:05.8,1.72399E+12,-121.1766001,37.45851596613546,65.82669322709164
-14.5,-90.8,184, 9:56:06.680,56:06.7,1.72399E+12,-121.176441,37.45829287650602,66.65963855421687
-10.9,-91.7,184, 9:56:08.099,56:08.1,1.72399E+12,-121.1761789,37.457914667670686,67.07730924
-15.1,-92.8,184, 9:56:09.675,56:09.7,1.72399E+12,-121.17589,37.457502176646706,68
-12.3,-93.6,184, 9:56:10.342,56:10.3,1.72399E+12,-121.1757683,37.457328567298106,68.32103689
-13.5,-94.1,184, 9:56:12.673,56:12.7,1.72399E+12,-121.1753393,37.45672174074074,69.64964964964965
-11,-94.4,184, 9:56:13.992,56:14.0,1.72399E+12,-121.1751005,37.45637881,70
-11.6,-95.6,184, 9:56:14.841,56:14.8,1.72399E+12,-121.1749446,37.45615930239521,70
-13.1,-96.4,184, 9:56:15.347,56:15.3,1.72399E+12,-121.1748515,37.45602872910372,70
-15.8,-96.4,184, 9:56:17.095,56:17.1,1.72399E+12,-121.1745319,37.45557840777667,71
-15.9,-96.3,184, 9:56:17.674,56:17.7,1.72399E+12,-121.1744262,37.45542889531406,71
-15.9,-96.3,184, 9:56:18.670,56:18.7,1.72399E+12,-121.174244,37.45517039239239,71
-16.2,-98.8,184, 9:56:19.345,56:19.3,1.72399E+12,-121.1741206,37.454994007984034,71
-13.2,-102,184, 9:56:21.274,56:21.3,1.72399E+12,-121.1737591,37.45448980060423,70.74924471299093
-13.7,-99.8,184, 9:56:21.840,56:21.8,1.72399E+12,-121.1736548,37.45433932326284,70.17925478
-13.3,-100.8,184, 9:56:22.364,56:22.4,1.72399E+12,-121.1735587,37.45420109290709,70
-14.3,-101.6,184, 9:56:22.991,56:23.0,1.72399E+12,-121.1734441,37.45403635664336,70
-14.8,-104.6,184, 9:56:23.558,56:23.6,1.72399E+12,-121.1733363,37.45388537425149,70
-16.1,-103.3,184, 9:56:24.358,56:24.4,1.72399E+12,-121.1731863,37.45367193093093,70
-12.6,-99.8,184, 9:56:24.879,56:24.9,1.72399E+12,-121.1730908,37.45353268468468,70
-16.3,-100.4,184, 9:56:25.434,56:25.4,1.72399E+12,-121.1729857,37.453382468405216,70
-13.3,-100.4,184, 9:56:25.960,56:26.0,1.72399E+12,-121.1728849,37.45323949348044,70
-13.6,-100.6,184, 9:56:26.577,56:26.6,1.72399E+12,-121.1727674,37.45307418036072,70
-16.2,-102.4,184, 9:56:27.137,56:27.1,1.72399E+12,-121.172661,37.45292388055281,70
-15.3,-99.7,184, 9:56:27.874,56:27.9,1.72399E+12,-121.172522,37.45272381,70
-12.1,-101.1,184, 9:56:28.449,56:28.4,1.72399E+12,-121.1724089,37.45256729767912,70
-14.6,-101.6,184, 9:56:29.249,56:29.2,1.72399E+12,-121.1722512,37.45234900199203,70
-17.1,-103,184, 9:56:29.992,56:30.0,1.72399E+12,-121.1721099,37.45214549103586,70
-16.6,-104,184, 9:56:30.566,56:30.6,1.72399E+12,-121.1719958,37.451988958752516,69.45372233400403
-19.9,-97.2,66, 9:56:31.251,56:31.3,1.72399E+12,-121.1718612,37.451801521042086,69
-20.6,-97.8,66, 9:56:32.992,56:33.0,1.72399E+12,-121.1715295,37.451324898608355,69
-19.3,-95,66, 9:56:33.547,56:33.5,1.72399E+12,-121.1714202,37.451172782652044,69
-17.5,-94.9,66, 9:56:34.222,56:34.2,1.72399E+12,-121.1712883,37.45098706586826,69
-18.9,-94.6,66, 9:56:34.795,56:34.8,1.72399E+12,-121.171179,37.45082808982036,69
-22.1,-97.9,66, 9:56:35.692,56:35.7,1.72399E+12,-121.1710021,37.45057669,69
-21.9,-99.2,66, 9:56:36.316,56:36.3,1.72399E+12,-121.1708778,37.45040223876124,69
-21.4,-98,66, 9:56:36.897,56:36.9,1.72399E+12,-121.1707623,37.45024088211788,69
-22.3,-97.6,66, 9:56:37.421,56:37.4,1.72399E+12,-121.1706582,37.45009450451354,69
-23.4,-98.8,66, 9:56:38.037,56:38.0,1.72399E+12,-121.1705358,37.44992228031809,68.97912524850895
-22.2,-97.4,66, 9:56:38.565,56:38.6,1.72399E+12,-121.1704314,37.44977847117296,68.45427435387674
-24.6,-100.9,66, 9:56:39.171,56:39.2,1.72399E+12,-121.1703103,37.44961298398399,68.14914914914915
-23.9,-101.1,66, 9:56:39.680,56:39.7,1.72399E+12,-121.1702053,37.44947286886887,68.65865865865865
-22.3,-98.9,66, 9:56:40.485,56:40.5,1.72399E+12,-121.1700434,37.44924993120638,69
-17,-95.4,241, 9:56:41.962,56:42.0,1.72399E+12,-121.1697436,37.44884648648649,69
-21.1,-98.9,241, 9:56:43.233,56:43.2,1.72399E+12,-121.169491,37.44849690140845,69
-20.9,-96.3,241, 9:56:44.382,56:44.4,1.72399E+12,-121.1692618,37.44818118381618,69
-19.6,-100.8,394, 9:56:44.987,56:45.0,1.72399E+12,-121.1691421,37.44801739260739,69
-15.9,-96.6,394, 9:56:46.236,56:46.2,1.72399E+12,-121.1688876,37.447676071428575,69
-17.1,-94.5,394, 9:56:47.943,56:47.9,1.72399E+12,-121.1685416,37.447206757575756,69.92424242424242
-16.3,-104.9,184, 9:56:48.664,56:48.7,1.72399E+12,-121.1683935,37.447011631474105,70
-12.8,-99.6,184, 9:56:50.986,56:51.0,1.72399E+12,-121.1679216,37.44637412060302,70
-9.9,-104.6,184, 9:56:52.237,56:52.2,1.72399E+12,-121.1676658,37.446037352056166,70
-16.4,-108.9,184, 9:56:53.403,56:53.4,1.72399E+12,-121.1674282,37.44571454,70
-20.3,-111.4,184, 9:56:54.576,56:54.6,1.72399E+12,-121.1671912,37.44538957171515,70
-25.8,-118.7,184, 9:56:55.434,56:55.4,1.72399E+12,-121.167014,37.44515017034068,70
-27.8,-122.3,184, 9:56:57.235,56:57.2,1.72399E+12,-121.1666429,37.444646293999995,69.786
-15.7,-115.3,184, 9:56:57.989,56:58.0,1.72399E+12,-121.1664876,37.44443593,69.032
-21.8,-115.4,184, 9:56:59.678,56:59.7,1.72399E+12,-121.1661275,37.44396029,69
-26.9,-115.7,184, 9:57:00.984,57:01.0,1.72399E+12,-121.1658552,37.44359090963856,69
-16.5,-108.9,184, 9:57:02.406,57:02.4,1.72399E+12,-121.1655546,37.44318930079681,68.61454183266932
-18.5,-110.1,184, 9:57:03.662,57:03.7,1.72399E+12,-121.1652918,37.44283306306306,68
-24,-115.1,184, 9:57:04.438,57:04.4,1.72399E+12,-121.1651296,37.44261303888335,67.58524427
-18.3,-116.1,184, 9:57:05.070,57:05.1,1.72399E+12,-121.1649997,37.44243521385542,67
-18.3,-116.1,184, 9:57:06.235,57:06.2,1.72399E+12,-121.1647572,37.442104591591594,67
-16.7,-120.9,184, 9:57:06.984,57:07.0,1.72399E+12,-121.1645967,37.44189316216216,67
-26.9,-118.9,184, 9:57:07.674,57:07.7,1.72399E+12,-121.1644553,37.441700035714284,67
-26.9,-118.9,184, 9:57:08.665,57:08.7,1.72399E+12,-121.1642454,37.44142166,66.35721493440968
-27.2,-118.4,184, 9:57:09.312,57:09.3,1.72399E+12,-121.1641084,37.441239042168675,66
-20.9,-112.7,441, 9:57:10.556,57:10.6,1.72399E+12,-121.1638519,37.44088789431705,66
-19.6,-113.8,441, 9:57:11.156,57:11.2,1.72399E+12,-121.1637277,37.44071906281157,66
-20,-112.1,441, 9:57:11.659,57:11.7,1.72399E+12,-121.1636209,37.44057713958126,66
-19,-111.5,441, 9:57:12.194,57:12.2,1.72399E+12,-121.1635084,37.44042700199601,66
-21.7,-112.6,441, 9:57:12.721,57:12.7,1.72399E+12,-121.1634001,37.44028078842315,66
-22.1,-114.2,441, 9:57:13.270,57:13.3,1.72399E+12,-121.163287,37.440127206412825,65.75250501002004
-15.9,-95.9,405, 9:57:13.775,57:13.8,1.72399E+12,-121.1631828,37.43998451102204,65.24649298597194
-18.3,-96.8,405, 9:57:14.312,57:14.3,1.72399E+12,-121.163072,37.43983256456457,65
-16.3,-94,405, 9:57:14.837,57:14.8,1.72399E+12,-121.1629637,37.43968384084084,65
-15.1,-95.8,405, 9:57:15.602,57:15.6,1.72399E+12,-121.1628063,37.43947052694611,65
-18.3,-97.9,405, 9:57:16.268,57:16.3,1.72399E+12,-121.1626709,37.439284419257774,65
-28.3,-106.2,405, 9:57:16.818,57:16.8,1.72399E+12,-121.1625611,37.43912885255767,65
-16.1,-100.1,193, 9:57:17.572,57:17.6,1.72399E+12,-121.1624168,37.43891674305556,65
-10.6,-100.9,193, 9:57:18.178,57:18.2,1.72399E+12,-121.1623031,37.43874655510617,65
-12.5,-100,193, 9:57:18.809,57:18.8,1.72399E+12,-121.1621863,37.43856918604651,65
-8.7,-99.9,193, 9:57:19.429,57:19.4,1.72399E+12,-121.1620757,37.438396346268654,65.41094527363184
-10.8,-100.6,193, 9:57:19.935,57:19.9,1.72399E+12,-121.1619871,37.43825587462686,65.91442786069652
-8.3,-101.5,193, 9:57:20.610,57:20.6,1.72399E+12,-121.1618682,37.43806947633434,66
-12.8,-102.6,193, 9:57:21.196,57:21.2,1.72399E+12,-121.1617679,37.43790897,66
-13.7,-101.6,193, 9:57:21.993,57:22.0,1.72399E+12,-121.1616403,37.43769427335984,66
-13.7,-101.6,193, 9:57:22.497,57:22.5,1.72399E+12,-121.1615596,37.4375576,66.47747747747748
-17.1,-98.1,66, 9:57:23.115,57:23.1,1.72399E+12,-121.1614614,37.43739034234234,67
-20.1,-99.5,66, 9:57:25.246,57:25.2,1.72399E+12,-121.1611462,37.43682154716981,67.22641509433963
-21.8,-101.9,66, 9:57:26.248,57:26.2,1.72399E+12,-121.1610033,37.43655640959041,68
-22.6,-102.6,66, 9:57:26.991,57:27.0,1.72399E+12,-121.1609008,37.436361195804196,68
-22.6,-102.6,66, 9:57:28.250,57:28.2,1.72399E+12,-121.1607293,37.43602874774775,68.22822822822823
-20.9,-103.8,66, 9:57:29.253,57:29.3,1.72399E+12,-121.1605991,37.43576410578842,69
-24,-104.8,66, 9:57:30.195,57:30.2,1.72399E+12,-121.1604775,37.435517228140704,69
-26.4,-106.8,66, 9:57:30.749,57:30.7,1.72399E+12,-121.1604051,37.43537302110553,69
-26.4,-106.8,66, 9:57:31.463,57:31.5,1.72399E+12,-121.1603122,37.435187415584416,69.44455544455545
-28.7,-109.3,66, 9:57:31.991,57:32.0,1.72399E+12,-121.1602436,37.435050272727274,69.97202797202797
-28.7,-109.3,66, 9:57:33.062,57:33.1,1.72399E+12,-121.1601048,37.434773448345034,70
-22.1,-102.3,346, 9:57:33.585,57:33.6,1.72399E+12,-121.1600372,37.43463548545637,70
-20.3,-99.2,346, 9:57:35.567,57:35.6,1.72399E+12,-121.1597727,37.43411412,70.545
-21.1,-99.3,346, 9:57:37.244,57:37.2,1.72399E+12,-121.1595541,37.43366870189431,71
-19.2,-99.1,346, 9:57:37.872,57:37.9,1.72399E+12,-121.1594683,37.43350152741775,71
-19.9,-101.4,346, 9:57:38.493,57:38.5,1.72399E+12,-121.1593828,37.43333385885886,71.46546546546547
-19.9,-101.4,346, 9:57:39.677,57:39.7,1.72399E+12,-121.1592192,37.43300684274193,72
-23.3,-103.7,346, 9:57:40.250,57:40.3,1.72399E+12,-121.1591401,37.432846096676734,72
-22.1,-101.9,346, 9:57:42.246,57:42.2,1.72399E+12,-121.1588645,37.43229175278622,73
-21.3,-100.7,346, 9:57:43.245,57:43.2,1.72399E+12,-121.1587204,37.43201071386139,73
-19.9,-96.5,346, 9:57:44.571,57:44.6,1.72399E+12,-121.1585356,37.4316363,73.54790419161677
-21.7,-97.6,346, 9:57:45.111,57:45.1,1.72399E+12,-121.1584573,37.43148159214502,74
-22.1,-98.1,346, 9:57:45.668,57:45.7,1.72399E+12,-121.158376,37.43131892346425,74
-19.5,-99.9,346, 9:57:46.286,57:46.3,1.72399E+12,-121.1582881,37.43113883366733,74
-18.5,-98.4,346, 9:57:46.812,57:46.8,1.72399E+12,-121.1582159,37.43098598797595,74
-15.5,-99.9,293, 9:57:47.315,57:47.3,1.72399E+12,-121.1581447,37.43083953731343,74
-19.6,-105.9,293, 9:57:47.882,57:47.9,1.72399E+12,-121.1580629,37.43067423283582,74
-19.8,-110.7,293, 9:57:48.393,57:48.4,1.72399E+12,-121.1579855,37.43052345362903,74
-20.3,-112.8,293, 9:57:48.972,57:49.0,1.72399E+12,-121.1578962,37.43035185483871,74
-21.5,-111.8,293, 9:57:49.503,57:49.5,1.72399E+12,-121.1578192,37.430194409950246,74.48855721393035
-16.4,-110.2,336, 9:57:50.093,57:50.1,1.72399E+12,-121.1577335,37.43001951792829,74.92430278884463
-16.8,-109.7,336, 9:57:50.662,57:50.7,1.72399E+12,-121.1576474,37.42985119820717,74.35756972111554
-16.3,-107.4,336, 9:57:51.179,57:51.2,1.72399E+12,-121.1575688,37.42969671342685,74
-18.5,-108.2,336, 9:57:51.695,57:51.7,1.72399E+12,-121.1574897,37.429539018036074,74
-18.3,-107.9,336, 9:57:52.402,57:52.4,1.72399E+12,-121.1573821,37.42932350099404,74
-12.4,-99.1,159, 9:57:53.006,57:53.0,1.72399E+12,-121.1572909,37.42913977932405,74
-14.6,-100.3,159, 9:57:53.519,57:53.5,1.72399E+12,-121.1572123,37.42898302805611,73.50501002004007
-20.9,-105.5,159, 9:57:54.072,57:54.1,1.72399E+12,-121.1571274,37.428813934475805,73
-28.9,-113.1,159, 9:57:54.651,57:54.7,1.72399E+12,-121.1570381,37.42863591532258,73
-12,-90.7,37, 9:57:55.838,57:55.8,1.72399E+12,-121.1568577,37.42827120974155,72.18190854870775
-15.2,-98.7,37, 9:57:56.345,57:56.3,1.72399E+12,-121.1567803,37.42811458274824,71.67502507522568
-20.2,-105,37, 9:57:56.986,57:57.0,1.72399E+12,-121.1566819,37.42791591775326,71.03209629
-29.6,-116.9,37, 9:57:57.527,57:57.5,1.72399E+12,-121.1565998,37.42774903293413,70.49201596806387
-10.6,-94.1,364, 9:57:58.756,57:58.8,1.72399E+12,-121.1564067,37.427367091816365,69.26546906187625
-11.6,-91.1,364, 9:57:59.286,57:59.3,1.72399E+12,-121.1563238,37.42720234234234,68.73573573573573
-10.9,-89.1,364, 9:57:59.790,57:59.8,1.72399E+12,-121.1562471,37.42704645045045,68.23123123123123
-11,-86.7,364, 9:58:00.441,58:00.4,1.72399E+12,-121.1561481,37.42684419402985,67.58208955223881
-10.9,-78.3,364, 9:58:01.037,58:01.0,1.72399E+12,-121.1560573,37.42665858,66.98893360160966
-10.1,-74.9,364, 9:58:01.649,58:01.6,1.72399E+12,-121.1559637,37.42646833098591,66.37323943661971
-9.9,-74.9,364, 9:58:02.195,58:02.2,1.72399E+12,-121.155879,37.426299300893746,65.82621648460774
-10.5,-74.6,364, 9:58:02.993,58:03.0,1.72399E+12,-121.1557514,37.42605443296921,65.03376365441906
-11.8,-76.3,364, 9:58:03.618,58:03.6,1.72399E+12,-121.1556558,37.42586064759036,64.40662651
-12.2,-74.4,364, 9:58:04.291,58:04.3,1.72399E+12,-121.155551,37.42565121643287,63.73146293
-11.9,-74.3,364, 9:58:05.000,58:05.0,1.72399E+12,-121.1554374,37.425429565130266,63.021042084168336
-9.8,-76.8,364, 9:58:05.513,58:05.5,1.72399E+12,-121.1553589,37.425271275449106,62.50898203592814
-9.4,-76.1,364, 9:58:06.178,58:06.2,1.72399E+12,-121.1552573,37.42506605705706,61.84484484484484
-9.8,-73.1,364, 9:58:06.931,58:06.9,1.72399E+12,-121.1551419,37.42483314714715,61.091091091091094
-11.2,-78.8,390, 9:58:08.180,58:08.2,1.72399E+12,-121.1549434,37.424449891891896,60
-12.6,-79.5,390, 9:58:09.876,58:09.9,1.72399E+12,-121.1546851,37.42392662649402,59.14442231075697
-13.4,-78.7,390, 9:58:11.679,58:11.7,1.72399E+12,-121.1544073,37.4233747,58.34
-15.2,-80.1,390, 9:58:12.179,58:12.2,1.72399E+12,-121.1543337,37.423221854870775,58
-13.1,-83.3,390, 9:58:12.932,58:12.9,1.72399E+12,-121.1542191,37.42299056560636,58
-13.2,-83.3,390, 9:58:13.487,58:13.5,1.72399E+12,-121.1541346,37.422820665997996,58
-9.9,-78.6,390, 9:58:14.021,58:14.0,1.72399E+12,-121.1540532,37.42265730591775,58
-12.3,-81.1,390, 9:58:14.656,58:14.7,1.72399E+12,-121.1539557,37.42246304814443,58
-13.7,-86.8,390, 9:58:15.334,58:15.3,1.72399E+12,-121.153852,37.42225658375125,58.315947843530594
-14.3,-88.9,390, 9:58:15.920,58:15.9,1.72399E+12,-121.1537626,37.42207907923771,58.90371113
-19.3,-97.6,390, 9:58:16.585,58:16.6,1.72399E+12,-121.1536613,37.421877146414346,59
-23.5,-98.3,390, 9:58:17.171,58:17.2,1.72399E+12,-121.1535718,37.42169880641926,59
-18.7,-97.1,346, 9:58:17.702,58:17.7,1.72399E+12,-121.1534903,37.421536364092276,59
-17.3,-96.7,346, 9:58:18.360,58:18.4,1.72399E+12,-121.1533924,37.42133706580259,59.34197408
-17.8,-98.9,346, 9:58:18.986,58:19.0,1.72399E+12,-121.1533019,37.421149203389824,59.96610169491525
-16.9,-96.7,346, 9:58:19.614,58:19.6,1.72399E+12,-121.153207,37.420958371884346,60.59222333000997
-18.1,-95.6,346, 9:58:20.174,58:20.2,1.72399E+12,-121.1531219,37.42078784015984,61.15084915084915
-14,-92.4,346, 9:58:20.894,58:20.9,1.72399E+12,-121.1530119,37.420567740259735,61.87012987012987
-13.5,-92,346, 9:58:21.672,58:21.7,1.72399E+12,-121.1528933,37.420332561122244,62.64929859719439
-16.9,-97.4,346, 9:58:22.206,58:22.2,1.72399E+12,-121.1528118,37.42017088,63.184
-16.9,-97.4,346, 9:58:23.015,58:23.0,1.72399E+12,-121.1526881,37.41992414,63.993
-20.9,-110,346, 9:58:24.406,58:24.4,1.72399E+12,-121.1524756,37.41949983168317,64.38415841584158
-23.5,-112.8,346, 9:58:25.214,58:25.2,1.72399E+12,-121.1523535,37.41925491273821,65.18655967903712
-18.2,-106.4,346, 9:58:26.958,58:27.0,1.72399E+12,-121.1520856,37.41871449646107,66
-18.4,-111.7,390, 9:58:28.687,58:28.7,1.72399E+12,-121.1518227,37.418188666666666,67.66666666666667
-14.2,-104.3,390, 9:58:30.210,58:30.2,1.72399E+12,-121.1515896,37.417721904522615,69
-12.7,-98.9,390, 9:58:32.211,58:32.2,1.72399E+12,-121.1512777,37.417107156312625,70
-11.1,-78.4,390, 9:58:32.742,58:32.7,1.72399E+12,-121.1511968,37.41694487675351,70
-10.9,-79,390, 9:58:33.284,58:33.3,1.72399E+12,-121.1511136,37.41677737145749,70
-11.8,-84.6,390, 9:58:33.787,58:33.8,1.72399E+12,-121.1510357,37.416620056680166,70
-11.8,-84.8,390, 9:58:34.540,58:34.5,1.72399E+12,-121.1509169,37.416389617296225,70
-12.3,-79.5,390, 9:58:35.274,58:35.3,1.72399E+12,-121.150804,37.41616682703778,70
-14.1,-80.2,390, 9:58:35.922,58:35.9,1.72399E+12,-121.1507106,37.41596972166998,70
-13.5,-83,390, 9:58:36.490,58:36.5,1.72399E+12,-121.1506246,37.41579670729271,70
-14.5,-84.9,390, 9:58:37.186,58:37.2,1.72399E+12,-121.1505184,37.415584589999995,70
-16.6,-85.3,390, 9:58:37.844,58:37.8,1.72399E+12,-121.1504184,37.4153839,70
-14,-84.8,172, 9:58:38.393,58:38.4,1.72399E+12,-121.1503345,37.415214864864865,69.63063063063063
-13.6,-81.2,172, 9:58:38.932,58:38.9,1.72399E+12,-121.1502519,37.41504814714715,69.09109109109109
-11.1,-80.3,172, 9:58:39.440,58:39.4,1.72399E+12,-121.1501707,37.414893470766124,69
-12,-79.4,172, 9:58:40.235,58:40.2,1.72399E+12,-121.1500429,37.41465194820717,69
-10.2,-79.3,172, 9:58:40.988,58:41.0,1.72399E+12,-121.1499229,37.414422448207176,69
-11.2,-78.9,172, 9:58:41.885,58:41.9,1.72399E+12,-121.1497868,37.41415491485149,68.14257425742574
-13.5,-83.6,172, 9:58:42.437,58:42.4,1.72399E+12,-121.1496996,37.413987310621245,68
-13.5,-83.6,172, 9:58:43.405,58:43.4,1.72399E+12,-121.1495412,37.41369390361446,67.62048192771084
-14.8,-104.7,172, 9:58:44.311,58:44.3,1.72399E+12,-121.1493884,37.413423034170854,66.71055276
-22.3,-108.8,172, 9:58:44.857,58:44.9,1.72399E+12,-121.1492962,37.413260057286436,66.16180904522614
-26.4,-113,172, 9:58:45.383,58:45.4,1.72399E+12,-121.1492076,37.41310301202405,65.63426853707415
-17.8,-103.9,291, 9:58:46.022,58:46.0,1.72399E+12,-121.1491,37.41291224,65
-19.2,-105.9,291, 9:58:46.557,58:46.6,1.72399E+12,-121.1490063,37.41275549,65
-21.5,-106.1,291, 9:58:47.086,58:47.1,1.72399E+12,-121.1489138,37.41260088107037,64.93062438057483
-21.1,-106.8,291, 9:58:47.619,58:47.6,1.72399E+12,-121.1488208,37.412447689791875,64.40237859266601
-22.4,-107.7,291, 9:58:48.346,58:48.3,1.72399E+12,-121.1486933,37.41223836024218,63.67608476286579
-22.9,-110.1,291, 9:58:48.856,58:48.9,1.72399E+12,-121.1486033,37.41209117558022,63.16145307769929
-18.5,-107.8,162, 9:58:49.408,58:49.4,1.72399E+12,-121.1485039,37.411935053518334,63
-17.6,-106.2,162, 9:58:49.941,58:49.9,1.72399E+12,-121.1484072,37.41178555996036,63
-25.1,-112.2,162, 9:58:50.551,58:50.6,1.72399E+12,-121.1482956,37.41161351951952,62.473473473473476
-17.2,-103.6,291, 9:58:51.405,58:51.4,1.72399E+12,-121.148142,37.41137532967033,61.61938061938062
-15.4,-97.9,291, 9:58:51.943,58:51.9,1.72399E+12,-121.1480474,37.411227527472526,61.08191808191808
-27.9,-95.6,291, 9:58:52.573,58:52.6,1.72399E+12,-121.1479324,37.41105439618857,60.45035105315948
-27.9,-95.6,291, 9:58:53.594,58:53.6,1.72399E+12,-121.1477409,37.410776142857145,60
-21.1,-87.8,291, 9:58:54.130,58:54.1,1.72399E+12,-121.147639,37.41063041122449,59.89081632653061
-21.1,-87.8,291, 9:58:54.685,58:54.7,1.72399E+12,-121.1475354,37.410476936734696,59.32448979591837
-11.7,-80.4,172, 9:58:55.196,58:55.2,1.72399E+12,-121.1474411,37.41033731719368,58.809288537549406
-11.6,-81.2,172, 9:58:55.949,58:55.9,1.72399E+12,-121.1473049,37.41013567391304,58.06521739130435
-12.3,-81.6,172, 9:58:56.681,58:56.7,1.72399E+12,-121.1471714,37.40994053293413,57.33532934131736
-14.3,-84.4,172, 9:58:57.273,58:57.3,1.72399E+12,-121.1470631,37.409782579579584,56.74374374374374
-12,-80,172, 9:58:57.899,58:57.9,1.72399E+12,-121.1469484,37.40961527027027,56.11711711711712
-11.8,-78.9,172, 9:58:58.703,58:58.7,1.72399E+12,-121.1468025,37.40939966633663,56
-7.2,-85.1,172, 9:58:59.401,58:59.4,1.72399E+12,-121.1466718,37.40921206754032,55.621975806451616
-15.4,-85.9,172, 9:59:00.137,59:00.1,1.72399E+12,-121.1465305,37.40901400694444,54.88194444444444
-11.3,-87.8,172, 9:59:00.709,59:00.7,1.72399E+12,-121.1464221,37.40886022519841,54.31448412698413
-13.9,-87.8,172, 9:59:01.389,59:01.4,1.72399E+12,-121.1462926,37.40867603319919,53.63480885311871
-10.5,-91.9,172, 9:59:02.084,59:02.1,1.72399E+12,-121.1461593,37.40848631411531,53
-7.1,-88.2,172, 9:59:02.827,59:02.8,1.72399E+12,-121.1460124,37.408280992047715,53
-10.6,-78.8,172, 9:59:03.833,59:03.8,1.72399E+12,-121.1458176,37.40799984475806,52.18649193548387
-14.1,-81.4,172, 9:59:04.574,59:04.6,1.72399E+12,-121.1456679,37.40779127888446,51.44621513944223
-10.8,-81.4,172, 9:59:06.405,59:06.4,1.72399E+12,-121.1453029,37.40727452716298,50
-11.3,-82.9,172, 9:59:06.993,59:07.0,1.72399E+12,-121.1451858,37.407105344064384,50
-9.6,-81.3,172, 9:59:08.826,59:08.8,1.72399E+12,-121.144823,37.40658591351889,49
-10.7,-83.2,172, 9:59:10.566,59:10.6,1.72399E+12,-121.1444849,37.40609125050101,49
-8.7,-86,172, 9:59:11.076,59:11.1,1.72399E+12,-121.1443841,37.40594534,48.948
-8.1,-82.8,172, 9:59:13.080,59:13.1,1.72399E+12,-121.1439946,37.40538084305835,48
-8.3,-82.4,172, 9:59:13.650,59:13.6,1.72399E+12,-121.1438851,37.40522085311871,48
-7.9,-82.4,172, 9:59:14.154,59:14.2,1.72399E+12,-121.1437875,37.40508022355289,48
-9.7,-80.7,172, 9:59:14.892,59:14.9,1.72399E+12,-121.1436417,37.40487767864271,48
-10.7,-80.4,172, 9:59:15.603,59:15.6,1.72399E+12,-121.1435048,37.40468481563126,48
-11.7,-83.8,172, 9:59:16.228,59:16.2,1.72399E+12,-121.1433869,37.404516352705414,47.791583166332664
-10.2,-82.4,172, 9:59:16.968,59:17.0,1.72399E+12,-121.1432512,37.40431837675351,47.0501002
-12.8,-86,172, 9:59:17.728,59:17.7,1.72399E+12,-121.1431121,37.40411756,47
-10.4,-86.9,172, 9:59:18.233,59:18.2,1.72399E+12,-121.1430198,37.40398548155533,47
-15.1,-82.3,172, 9:59:19.411,59:19.4,1.72399E+12,-121.1428076,37.403682557768924,47
-13.7,-81.8,172, 9:59:20.172,59:20.2,1.72399E+12,-121.142674,37.40348873030303,47
-8.3,-86.6,172, 9:59:20.979,59:21.0,1.72399E+12,-121.1425314,37.40328412727273,47
-13.6,-83.3,172, 9:59:23.430,59:23.4,1.72399E+12,-121.1421014,37.402676662650606,46
-10.3,-83.3,172, 9:59:24.404,59:24.4,1.72399E+12,-121.1419302,37.40243491,46
-10.2,-84,172, 9:59:25.666,59:25.7,1.72399E+12,-121.1417097,37.40212076716418,46
-13.6,-85.6,172, 9:59:26.979,59:27.0,1.72399E+12,-121.1414792,37.401789373493976,46
-11.1,-84.7,172, 9:59:28.228,59:28.2,1.72399E+12,-121.1412624,37.40147649698189,45.798792756539235
-15.4,-83.5,172, 9:59:29.230,59:29.2,1.72399E+12,-121.1410907,37.40122181162325,45
-9.9,-84.5,172, 9:59:29.983,59:30.0,1.72399E+12,-121.1409518,37.40102563927856,45
-9.4,-81.4,172, 9:59:31.679,59:31.7,1.72399E+12,-121.1406489,37.40059162,45
-14.1,-89.1,172, 9:59:32.771,59:32.8,1.72399E+12,-121.1404498,37.40031081429991,45
-13.6,-88.5,172, 9:59:33.439,59:33.4,1.72399E+12,-121.1403276,37.40013740562249,45
-9.6,-85.6,172, 9:59:34.146,59:34.1,1.72399E+12,-121.1401979,37.39995283118173,44.873882820258196
-12.3,-84.6,172, 9:59:34.819,59:34.8,1.72399E+12,-121.1400756,37.399777062562066,44.20556107249255
-10.8,-84.4,172, 9:59:35.406,59:35.4,1.72399E+12,-121.1399679,37.399622859719436,44
-11.6,-84.8,172, 9:59:35.993,59:36.0,1.72399E+12,-121.1398597,37.399468169338675,44
-14.9,-87.8,172, 9:59:36.606,59:36.6,1.72399E+12,-121.139747,37.39930616482412,44
-11.1,-86,172, 9:59:37.382,59:37.4,1.72399E+12,-121.1396049,37.39910164477612,44
-9.4,-85,172, 9:59:37.942,59:37.9,1.72399E+12,-121.1395029,37.398954540298504,44
-8.6,-84.9,172, 9:59:38.542,59:38.5,1.72399E+12,-121.139393,37.39879856913828,44.519038076152306
-8.4,-84.3,172, 9:59:39.050,59:39.0,1.72399E+12,-121.1393001,37.3986668,45
-12.6,-88.5,172, 9:59:39.671,59:39.7,1.72399E+12,-121.1391909,37.39850702110553,45
-11.1,-86.6,172, 9:59:40.296,59:40.3,1.72399E+12,-121.1390808,37.39834678378378,45
-9.9,-83.8,172, 9:59:42.498,59:42.5,1.72399E+12,-121.1386991,37.39779501,46
-9.9,-84.5,172, 9:59:43.543,59:43.5,1.72399E+12,-121.1385239,37.397540526263626,46.51833499
-10.6,-81.9,172, 9:59:45.001,59:45.0,1.72399E+12,-121.1382869,37.39719171084337,47
-10.6,-88.5,172, 9:59:45.876,59:45.9,1.72399E+12,-121.1381403,37.396985564870256,47.849301397205586
-13,-90.8,172, 9:59:47.299,59:47.3,1.72399E+12,-121.1379032,37.39665317724069,49
-11.1,-87.8,172, 9:59:48.992,59:49.0,1.72399E+12,-121.137623,37.39625368674699,49.975903614457835
-15.8,-87.8,172, 9:59:49.543,59:49.5,1.72399E+12,-121.1375315,37.396126665019764,50
-14,-87.3,172, 9:59:51.296,59:51.3,1.72399E+12,-121.1372365,37.39570861,51.276616915422885
-13.8,-88.6,172, 9:59:52.536,59:52.5,1.72399E+12,-121.1370292,37.39541111923848,52
-14,-89.1,172, 9:59:53.505,59:53.5,1.72399E+12,-121.1368673,37.39517684126984,52.48015873015873
-18.1,-94.4,172, 9:59:54.018,59:54.0,1.72399E+12,-121.1367818,37.39505266269841,52.989087301587304
-17.1,-92.8,172, 9:59:54.706,59:54.7,1.72399E+12,-121.1366602,37.39488126,53
-8.8,-86,172, 9:59:55.470,59:55.5,1.72399E+12,-121.136529,37.39469128128128,53.446446446446444
-11.7,-86.1,172, 9:59:56.200,59:56.2,1.72399E+12,-121.1364051,37.39450944055944,54
-15.5,-89.1,172, 9:59:56.849,59:56.8,1.72399E+12,-121.1362916,37.394346055944055,54
-11.6,-90.3,172, 9:59:57.552,59:57.6,1.72399E+12,-121.1361684,37.39416709018036,54.52905811623246
-13.8,-91.6,172, 9:59:58.405,59:58.4,1.72399E+12,-121.1360157,37.39395068,55
-11.6,-93.7,172, 9:59:58.947,59:58.9,1.72399E+12,-121.1359161,37.393814365269456,55
