"GeoID_Description","GeoID_Name","SitsinState","GeoID","GeoID_Formatted","rpopden","TimeFrame","GeoVintage","Source","Location"
"Census Tract","04001942600","AZ","04001942600","=""04001942600""","2.43","2019-2023","2022","Census","Arizona (State)"
"Census Tract","04001942700","AZ","04001942700","=""04001942700""","4.21","2019-2023","2022","Census","Arizona (State)"
"Census Tract","04001944000","AZ","04001944000","=""04001944000""","18.60","2019-2023","2022","Census","Arizona (State)"
"Census Tract","04001944100","AZ","04001944100","=""04001944100""","8.52","2019-2023","2022","Census","Arizona (State)"
"Census Tract","04001944201","AZ","04001944201","=""04001944201""","21.63","2019-2023","2022","Census","Arizona (State)"
"Census Tract","04001944202","AZ","04001944202","=""04001944202""","21.69","2019-2023","2022","Census","Arizona (State)"
"Census Tract","04001944301","AZ","04001944301","=""04001944301""","6.04","2019-2023","2022","Census","Arizona (State)"
"Census Tract","04001944302","AZ","04001944302","=""04001944302""","5.03","2019-2023","2022","Census","Arizona (State)"
"Census Tract","04001944901","AZ","04001944901","=""04001944901""","6.17","2019-2023","2022","Census","Arizona (State)"
"Census Tract","04001944902","AZ","04001944902","=""04001944902""","3.98","2019-2023","2022","Census","Arizona (State)"
"Census Tract","04001945001","AZ","04001945001","=""04001945001""","89.43","2019-2023","2022","Census","Arizona (State)"
"Census Tract","04001945002","AZ","04001945002","=""04001945002""","7.53","2019-2023","2022","Census","Arizona (State)"
"Census Tract","04001945100","AZ","04001945100","=""04001945100""","4.08","2019-2023","2022","Census","Arizona (State)"
"Census Tract","04001970201","AZ","04001970201","=""04001970201""","4.03","2019-2023","2022","Census","Arizona (State)"
"Census Tract","04001970202","AZ","04001970202","=""04001970202""","1.53","2019-2023","2022","Census","Arizona (State)"
"Census Tract","04001970300","AZ","04001970300","=""04001970300""","5.53","2019-2023","2022","Census","Arizona (State)"
"Census Tract","04001970501","AZ","04001970501","=""04001970501""","678.98","2019-2023","2022","Census","Arizona (State)"
"Census Tract","04001970502","AZ","04001970502","=""04001970502""","2.83","2019-2023","2022","Census","Arizona (State)"
"Census Tract","04003000101","AZ","04003000101","=""04003000101""","1.41","2019-2023","2022","Census","Arizona (State)"
"Census Tract","04003000102","AZ","04003000102","=""04003000102""","1.30","2019-2023","2022","Census","Arizona (State)"
"Census Tract","04003000201","AZ","04003000201","=""04003000201""","10.28","2019-2023","2022","Census","Arizona (State)"
"Census Tract","04003000202","AZ","04003000202","=""04003000202""","64.34","2019-2023","2022","Census","Arizona (State)"
"Census Tract","04003000203","AZ","04003000203","=""04003000203""","7.64","2019-2023","2022","Census","Arizona (State)"
"Census Tract","04003000301","AZ","04003000301","=""04003000301""","559.90","2019-2023","2022","Census","Arizona (State)"
"Census Tract","04003000303","AZ","04003000303","=""04003000303""","5.38","2019-2023","2022","Census","Arizona (State)"
"Census Tract","04003000304","AZ","04003000304","=""04003000304""","14.69","2019-2023","2022","Census","Arizona (State)"
"Census Tract","04003000305","AZ","04003000305","=""04003000305""","18.90","2019-2023","2022","Census","Arizona (State)"
"Census Tract","04003000400","AZ","04003000400","=""04003000400""","5.11","2019-2023","2022","Census","Arizona (State)"
"Census Tract","04003000501","AZ","04003000501","=""04003000501""","1.22","2019-2023","2022","Census","Arizona (State)"
"Census Tract","04003000502","AZ","04003000502","=""04003000502""","5.56","2019-2023","2022","Census","Arizona (State)"
"Census Tract","04003000503","AZ","04003000503","=""04003000503""","57.04","2019-2023","2022","Census","Arizona (State)"
"Census Tract","04003000600","AZ","04003000600","=""04003000600""","15.20","2019-2023","2022","Census","Arizona (State)"
"Census Tract","04003000700","AZ","04003000700","=""04003000700""","353.19","2019-2023","2022","Census","Arizona (State)"
"Census Tract","04003000800","AZ","04003000800","=""04003000800""","563.00","2019-2023","2022","Census","Arizona (State)"
"Census Tract","04003000901","AZ","04003000901","=""04003000901""","3936.49","2019-2023","2022","Census","Arizona (State)"
"Census Tract","04003000902","AZ","04003000902","=""04003000902""","2727.09","2019-2023","2022","Census","Arizona (State)"
"Census Tract","04003001000","AZ","04003001000","=""04003001000""","10.70","2019-2023","2022","Census","Arizona (State)"
"Census Tract","04003001100","AZ","04003001100","=""04003001100""","55.24","2019-2023","2022","Census","Arizona (State)"
"Census Tract","04003001200","AZ","04003001200","=""04003001200""","24.50","2019-2023","2022","Census","Arizona (State)"
"Census Tract","04003001301","AZ","04003001301","=""04003001301""","25.17","2019-2023","2022","Census","Arizona (State)"
"Census Tract","04003001302","AZ","04003001302","=""04003001302""","41.21","2019-2023","2022","Census","Arizona (State)"
"Census Tract","04003001401","AZ","04003001401","=""04003001401""","50.31","2019-2023","2022","Census","Arizona (State)"
"Census Tract","04003001402","AZ","04003001402","=""04003001402""","26.54","2019-2023","2022","Census","Arizona (State)"
"Census Tract","04003001501","AZ","04003001501","=""04003001501""","4105.13","2019-2023","2022","Census","Arizona (State)"
"Census Tract","04003001502","AZ","04003001502","=""04003001502""","3824.04","2019-2023","2022","Census","Arizona (State)"
"Census Tract","04003001601","AZ","04003001601","=""04003001601""","3905.23","2019-2023","2022","Census","Arizona (State)"
"Census Tract","04003001602","AZ","04003001602","=""04003001602""","2004.69","2019-2023","2022","Census","Arizona (State)"
"Census Tract","04003001701","AZ","04003001701","=""04003001701""","3964.50","2019-2023","2022","Census","Arizona (State)"
"Census Tract","04003001702","AZ","04003001702","=""04003001702""","139.48","2019-2023","2022","Census","Arizona (State)"
"Census Tract","04003001703","AZ","04003001703","=""04003001703""","686.95","2019-2023","2022","Census","Arizona (State)"
"Census Tract","04003001801","AZ","04003001801","=""04003001801""","1988.98","2019-2023","2022","Census","Arizona (State)"
"Census Tract","04003001802","AZ","04003001802","=""04003001802""","1871.22","2019-2023","2022","Census","Arizona (State)"
"Census Tract","04003001900","AZ","04003001900","=""04003001900""","983.76","2019-2023","2022","Census","Arizona (State)"
"Census Tract","04003002001","AZ","04003002001","=""04003002001""","557.99","2019-2023","2022","Census","Arizona (State)"
"Census Tract","04003002002","AZ","04003002002","=""04003002002""","88.32","2019-2023","2022","Census","Arizona (State)"
"Census Tract","04003002100","AZ","04003002100","=""04003002100""","23.14","2019-2023","2022","Census","Arizona (State)"
"Census Tract","04005000100","AZ","04005000100","=""04005000100""","1125.24","2019-2023","2022","Census","Arizona (State)"
"Census Tract","04005000200","AZ","04005000200","=""04005000200""","980.17","2019-2023","2022","Census","Arizona (State)"
"Census Tract","04005000301","AZ","04005000301","=""04005000301""","3366.53","2019-2023","2022","Census","Arizona (State)"
"Census Tract","04005000302","AZ","04005000302","=""04005000302""","3924.54","2019-2023","2022","Census","Arizona (State)"
"Census Tract","04005000400","AZ","04005000400","=""04005000400""","4541.68","2019-2023","2022","Census","Arizona (State)"
"Census Tract","04005000500","AZ","04005000500","=""04005000500""","1146.72","2019-2023","2022","Census","Arizona (State)"
"Census Tract","04005000601","AZ","04005000601","=""04005000601""","1834.64","2019-2023","2022","Census","Arizona (State)"
"Census Tract","04005000602","AZ","04005000602","=""04005000602""","148.08","2019-2023","2022","Census","Arizona (State)"
"Census Tract","04005000700","AZ","04005000700","=""04005000700""","1902.82","2019-2023","2022","Census","Arizona (State)"
"Census Tract","04005000800","AZ","04005000800","=""04005000800""","2591.04","2019-2023","2022","Census","Arizona (State)"
"Census Tract","04005000901","AZ","04005000901","=""04005000901""","1139.21","2019-2023","2022","Census","Arizona (State)"
"Census Tract","04005000902","AZ","04005000902","=""04005000902""","351.26","2019-2023","2022","Census","Arizona (State)"
"Census Tract","04005001000","AZ","04005001000","=""04005001000""","11407.67","2019-2023","2022","Census","Arizona (State)"
"Census Tract","04005001101","AZ","04005001101","=""04005001101""","1849.69","2019-2023","2022","Census","Arizona (State)"
"Census Tract","04005001103","AZ","04005001103","=""04005001103""","4435.24","2019-2023","2022","Census","Arizona (State)"
"Census Tract","04005001104","AZ","04005001104","=""04005001104""","3045.97","2019-2023","2022","Census","Arizona (State)"
"Census Tract","04005001201","AZ","04005001201","=""04005001201""","1027.93","2019-2023","2022","Census","Arizona (State)"
"Census Tract","04005001301","AZ","04005001301","=""04005001301""","253.15","2019-2023","2022","Census","Arizona (State)"
"Census Tract","04005001302","AZ","04005001302","=""04005001302""","18.36","2019-2023","2022","Census","Arizona (State)"
"Census Tract","04005001500","AZ","04005001500","=""04005001500""","1.29","2019-2023","2022","Census","Arizona (State)"
"Census Tract","04005001601","AZ","04005001601","=""04005001601""","94.18","2019-2023","2022","Census","Arizona (State)"
"Census Tract","04005001602","AZ","04005001602","=""04005001602""","37.61","2019-2023","2022","Census","Arizona (State)"
"Census Tract","04005001700","AZ","04005001700","=""04005001700""","37.49","2019-2023","2022","Census","Arizona (State)"
"Census Tract","04005002000","AZ","04005002000","=""04005002000""","0.76","2019-2023","2022","Census","Arizona (State)"
"Census Tract","04005002101","AZ","04005002101","=""04005002101""","449.37","2019-2023","2022","Census","Arizona (State)"
"Census Tract","04005002102","AZ","04005002102","=""04005002102""","242.96","2019-2023","2022","Census","Arizona (State)"
"Census Tract","04005002201","AZ","04005002201","=""04005002201""","2.31","2019-2023","2022","Census","Arizona (State)"
"Census Tract","04005002202","AZ","04005002202","=""04005002202""","457.25","2019-2023","2022","Census","Arizona (State)"
"Census Tract","04005002301","AZ","04005002301","=""04005002301""","1.00","2019-2023","2022","Census","Arizona (State)"
"Census Tract","04005002302","AZ","04005002302","=""04005002302""","5.28","2019-2023","2022","Census","Arizona (State)"
"Census Tract","04005942201","AZ","04005942201","=""04005942201""","3.64","2019-2023","2022","Census","Arizona (State)"
"Census Tract","04005942202","AZ","04005942202","=""04005942202""","2.96","2019-2023","2022","Census","Arizona (State)"
"Census Tract","04005944900","AZ","04005944900","=""04005944900""","48.12","2019-2023","2022","Census","Arizona (State)"
"Census Tract","04005945000","AZ","04005945000","=""04005945000""","2.47","2019-2023","2022","Census","Arizona (State)"
"Census Tract","04005945100","AZ","04005945100","=""04005945100""","1.54","2019-2023","2022","Census","Arizona (State)"
"Census Tract","04005945200","AZ","04005945200","=""04005945200""","834.52","2019-2023","2022","Census","Arizona (State)"
"Census Tract","04005980000","AZ","04005980000","=""04005980000""","0.22","2019-2023","2022","Census","Arizona (State)"
"Census Tract","04005980100","AZ","04005980100","=""04005980100""","0.09","2019-2023","2022","Census","Arizona (State)"
"Census Tract","04005980200","AZ","04005980200","=""04005980200""","0.00","2019-2023","2022","Census","Arizona (State)"
"Census Tract","04007000100","AZ","04007000100","=""04007000100""","15.66","2019-2023","2022","Census","Arizona (State)"
"Census Tract","04007000200","AZ","04007000200","=""04007000200""","11.10","2019-2023","2022","Census","Arizona (State)"
"Census Tract","04007000301","AZ","04007000301","=""04007000301""","1650.83","2019-2023","2022","Census","Arizona (State)"
"Census Tract","04007000302","AZ","04007000302","=""04007000302""","10.97","2019-2023","2022","Census","Arizona (State)"
"Census Tract","04007000400","AZ","04007000400","=""04007000400""","172.55","2019-2023","2022","Census","Arizona (State)"
"Census Tract","04007000500","AZ","04007000500","=""04007000500""","48.90","2019-2023","2022","Census","Arizona (State)"
"Census Tract","04007000600","AZ","04007000600","=""04007000600""","3.01","2019-2023","2022","Census","Arizona (State)"
"Census Tract","04007000700","AZ","04007000700","=""04007000700""","2.12","2019-2023","2022","Census","Arizona (State)"
"Census Tract","04007000800","AZ","04007000800","=""04007000800""","4.36","2019-2023","2022","Census","Arizona (State)"
"Census Tract","04007000900","AZ","04007000900","=""04007000900""","328.83","2019-2023","2022","Census","Arizona (State)"
"Census Tract","04007001000","AZ","04007001000","=""04007001000""","12.55","2019-2023","2022","Census","Arizona (State)"
"Census Tract","04007001100","AZ","04007001100","=""04007001100""","378.13","2019-2023","2022","Census","Arizona (State)"
"Census Tract","04007001200","AZ","04007001200","=""04007001200""","73.87","2019-2023","2022","Census","Arizona (State)"
"Census Tract","04007001300","AZ","04007001300","=""04007001300""","6.91","2019-2023","2022","Census","Arizona (State)"
"Census Tract","04007940200","AZ","04007940200","=""04007940200""","2.72","2019-2023","2022","Census","Arizona (State)"
"Census Tract","04007940400","AZ","04007940400","=""04007940400""","5.87","2019-2023","2022","Census","Arizona (State)"
"Census Tract","04009940500","AZ","04009940500","=""04009940500""","2.75","2019-2023","2022","Census","Arizona (State)"
"Census Tract","04009961100","AZ","04009961100","=""04009961100""","9.34","2019-2023","2022","Census","Arizona (State)"
"Census Tract","04009961201","AZ","04009961201","=""04009961201""","360.38","2019-2023","2022","Census","Arizona (State)"
"Census Tract","04009961202","AZ","04009961202","=""04009961202""","172.19","2019-2023","2022","Census","Arizona (State)"
"Census Tract","04009961300","AZ","04009961300","=""04009961300""","2431.14","2019-2023","2022","Census","Arizona (State)"
"Census Tract","04009961400","AZ","04009961400","=""04009961400""","2517.74","2019-2023","2022","Census","Arizona (State)"
"Census Tract","04009961500","AZ","04009961500","=""04009961500""","6.57","2019-2023","2022","Census","Arizona (State)"
"Census Tract","04009961600","AZ","04009961600","=""04009961600""","2.15","2019-2023","2022","Census","Arizona (State)"
"Census Tract","04009961700","AZ","04009961700","=""04009961700""","17.21","2019-2023","2022","Census","Arizona (State)"
"Census Tract","04011960100","AZ","04011960100","=""04011960100""","1.87","2019-2023","2022","Census","Arizona (State)"
"Census Tract","04011960200","AZ","04011960200","=""04011960200""","32.07","2019-2023","2022","Census","Arizona (State)"
"Census Tract","04011960300","AZ","04011960300","=""04011960300""","7.00","2019-2023","2022","Census","Arizona (State)"
"Census Tract","04012020101","AZ","04012020101","=""04012020101""","0.86","2019-2023","2022","Census","Arizona (State)"
"Census Tract","04012020102","AZ","04012020102","=""04012020102""","1.11","2019-2023","2022","Census","Arizona (State)"
"Census Tract","04012020201","AZ","04012020201","=""04012020201""","87.53","2019-2023","2022","Census","Arizona (State)"
"Census Tract","04012020202","AZ","04012020202","=""04012020202""","4.47","2019-2023","2022","Census","Arizona (State)"
"Census Tract","04012020501","AZ","04012020501","=""04012020501""","2.98","2019-2023","2022","Census","Arizona (State)"
"Census Tract","04012020503","AZ","04012020503","=""04012020503""","6.44","2019-2023","2022","Census","Arizona (State)"
"Census Tract","04012020504","AZ","04012020504","=""04012020504""","4.82","2019-2023","2022","Census","Arizona (State)"
"Census Tract","04012020505","AZ","04012020505","=""04012020505""","5.79","2019-2023","2022","Census","Arizona (State)"
"Census Tract","04012020602","AZ","04012020602","=""04012020602""","3.97","2019-2023","2022","Census","Arizona (State)"
"Census Tract","04012940200","AZ","04012940200","=""04012940200""","2141.17","2019-2023","2022","Census","Arizona (State)"
"Census Tract","04012940300","AZ","04012940300","=""04012940300""","9.20","2019-2023","2022","Census","Arizona (State)"
"Census Tract","04012980000","AZ","04012980000","=""04012980000""","0.00","2019-2023","2022","Census","Arizona (State)"
"Census Tract","04013010102","AZ","04013010102","=""04013010102""","5.99","2019-2023","2022","Census","Arizona (State)"
"Census Tract","04013010103","AZ","04013010103","=""04013010103""","253.24","2019-2023","2022","Census","Arizona (State)"
"Census Tract","04013010104","AZ","04013010104","=""04013010104""","493.31","2019-2023","2022","Census","Arizona (State)"
"Census Tract","04013030401","AZ","04013030401","=""04013030401""","463.02","2019-2023","2022","Census","Arizona (State)"
"Census Tract","04013030402","AZ","04013030402","=""04013030402""","184.52","2019-2023","2022","Census","Arizona (State)"
"Census Tract","04013040502","AZ","04013040502","=""04013040502""","554.84","2019-2023","2022","Census","Arizona (State)"
"Census Tract","04013040506","AZ","04013040506","=""04013040506""","2273.47","2019-2023","2022","Census","Arizona (State)"
"Census Tract","04013040507","AZ","04013040507","=""04013040507""","2231.77","2019-2023","2022","Census","Arizona (State)"
"Census Tract","04013040512","AZ","04013040512","=""04013040512""","2061.31","2019-2023","2022","Census","Arizona (State)"
"Census Tract","04013040513","AZ","04013040513","=""04013040513""","1910.33","2019-2023","2022","Census","Arizona (State)"
"Census Tract","04013040514","AZ","04013040514","=""04013040514""","1893.54","2019-2023","2022","Census","Arizona (State)"
"Census Tract","04013040515","AZ","04013040515","=""04013040515""","5.82","2019-2023","2022","Census","Arizona (State)"
"Census Tract","04013040516","AZ","04013040516","=""04013040516""","64.03","2019-2023","2022","Census","Arizona (State)"
"Census Tract","04013040522","AZ","04013040522","=""04013040522""","2515.81","2019-2023","2022","Census","Arizona (State)"
"Census Tract","04013040523","AZ","04013040523","=""04013040523""","1835.22","2019-2023","2022","Census","Arizona (State)"
"Census Tract","04013040524","AZ","04013040524","=""04013040524""","1975.76","2019-2023","2022","Census","Arizona (State)"
"Census Tract","04013040525","AZ","04013040525","=""04013040525""","2184.05","2019-2023","2022","Census","Arizona (State)"
"Census Tract","04013040526","AZ","04013040526","=""04013040526""","2581.48","2019-2023","2022","Census","Arizona (State)"
"Census Tract","04013040527","AZ","04013040527","=""04013040527""","4894.65","2019-2023","2022","Census","Arizona (State)"
"Census Tract","04013040528","AZ","04013040528","=""04013040528""","1924.65","2019-2023","2022","Census","Arizona (State)"
"Census Tract","04013040529","AZ","04013040529","=""04013040529""","2148.67","2019-2023","2022","Census","Arizona (State)"
"Census Tract","04013040530","AZ","04013040530","=""04013040530""","5669.22","2019-2023","2022","Census","Arizona (State)"
"Census Tract","04013040531","AZ","04013040531","=""04013040531""","3640.17","2019-2023","2022","Census","Arizona (State)"
"Census Tract","04013040532","AZ","04013040532","=""04013040532""","783.74","2019-2023","2022","Census","Arizona (State)"
"Census Tract","04013040533","AZ","04013040533","=""04013040533""","663.28","2019-2023","2022","Census","Arizona (State)"
"Census Tract","04013040534","AZ","04013040534","=""04013040534""","1618.91","2019-2023","2022","Census","Arizona (State)"
"Census Tract","04013040535","AZ","04013040535","=""04013040535""","72.76","2019-2023","2022","Census","Arizona (State)"
"Census Tract","04013040536","AZ","04013040536","=""04013040536""","2498.50","2019-2023","2022","Census","Arizona (State)"
"Census Tract","04013040537","AZ","04013040537","=""04013040537""","561.80","2019-2023","2022","Census","Arizona (State)"
"Census Tract","04013040538","AZ","04013040538","=""04013040538""","513.70","2019-2023","2022","Census","Arizona (State)"
"Census Tract","04013040539","AZ","04013040539","=""04013040539""","44.29","2019-2023","2022","Census","Arizona (State)"
"Census Tract","04013040540","AZ","04013040540","=""04013040540""","199.84","2019-2023","2022","Census","Arizona (State)"
"Census Tract","04013040541","AZ","04013040541","=""04013040541""","195.53","2019-2023","2022","Census","Arizona (State)"
"Census Tract","04013050603","AZ","04013050603","=""04013050603""","4.29","2019-2023","2022","Census","Arizona (State)"
"Census Tract","04013050604","AZ","04013050604","=""04013050604""","30.05","2019-2023","2022","Census","Arizona (State)"
"Census Tract","04013050609","AZ","04013050609","=""04013050609""","1244.11","2019-2023","2022","Census","Arizona (State)"
"Census Tract","04013050611","AZ","04013050611","=""04013050611""","295.27","2019-2023","2022","Census","Arizona (State)"
"Census Tract","04013050612","AZ","04013050612","=""04013050612""","1790.02","2019-2023","2022","Census","Arizona (State)"
"Census Tract","04013050613","AZ","04013050613","=""04013050613""","733.68","2019-2023","2022","Census","Arizona (State)"
"Census Tract","04013050614","AZ","04013050614","=""04013050614""","2818.96","2019-2023","2022","Census","Arizona (State)"
"Census Tract","04013050615","AZ","04013050615","=""04013050615""","1529.10","2019-2023","2022","Census","Arizona (State)"
"Census Tract","04013050616","AZ","04013050616","=""04013050616""","1294.89","2019-2023","2022","Census","Arizona (State)"
"Census Tract","04013050617","AZ","04013050617","=""04013050617""","178.16","2019-2023","2022","Census","Arizona (State)"
"Census Tract","04013050618","AZ","04013050618","=""04013050618""","5450.85","2019-2023","2022","Census","Arizona (State)"
"Census Tract","04013050619","AZ","04013050619","=""04013050619""","1044.34","2019-2023","2022","Census","Arizona (State)"
"Census Tract","04013050620","AZ","04013050620","=""04013050620""","57.05","2019-2023","2022","Census","Arizona (State)"
"Census Tract","04013050621","AZ","04013050621","=""04013050621""","92.32","2019-2023","2022","Census","Arizona (State)"
"Census Tract","04013050701","AZ","04013050701","=""04013050701""","2707.46","2019-2023","2022","Census","Arizona (State)"
"Census Tract","04013050702","AZ","04013050702","=""04013050702""","2103.53","2019-2023","2022","Census","Arizona (State)"
"Census Tract","04013060801","AZ","04013060801","=""04013060801""","3714.70","2019-2023","2022","Census","Arizona (State)"
"Census Tract","04013060802","AZ","04013060802","=""04013060802""","2088.82","2019-2023","2022","Census","Arizona (State)"
"Census Tract","04013060901","AZ","04013060901","=""04013060901""","7167.75","2019-2023","2022","Census","Arizona (State)"
"Census Tract","04013060902","AZ","04013060902","=""04013060902""","7247.66","2019-2023","2022","Census","Arizona (State)"
"Census Tract","04013060903","AZ","04013060903","=""04013060903""","11021.23","2019-2023","2022","Census","Arizona (State)"
"Census Tract","04013060904","AZ","04013060904","=""04013060904""","7107.96","2019-2023","2022","Census","Arizona (State)"
"Census Tract","04013061010","AZ","04013061010","=""04013061010""","2491.86","2019-2023","2022","Census","Arizona (State)"
"Census Tract","04013061011","AZ","04013061011","=""04013061011""","1393.92","2019-2023","2022","Census","Arizona (State)"
"Census Tract","04013061013","AZ","04013061013","=""04013061013""","4123.98","2019-2023","2022","Census","Arizona (State)"
"Census Tract","04013061014","AZ","04013061014","=""04013061014""","4112.30","2019-2023","2022","Census","Arizona (State)"
"Census Tract","04013061015","AZ","04013061015","=""04013061015""","5677.81","2019-2023","2022","Census","Arizona (State)"
"Census Tract","04013061017","AZ","04013061017","=""04013061017""","3629.39","2019-2023","2022","Census","Arizona (State)"
"Census Tract","04013061018","AZ","04013061018","=""04013061018""","2079.32","2019-2023","2022","Census","Arizona (State)"
"Census Tract","04013061020","AZ","04013061020","=""04013061020""","3782.10","2019-2023","2022","Census","Arizona (State)"
"Census Tract","04013061021","AZ","04013061021","=""04013061021""","2832.94","2019-2023","2022","Census","Arizona (State)"
"Census Tract","04013061024","AZ","04013061024","=""04013061024""","445.38","2019-2023","2022","Census","Arizona (State)"
"Census Tract","04013061026","AZ","04013061026","=""04013061026""","6621.42","2019-2023","2022","Census","Arizona (State)"
"Census Tract","04013061027","AZ","04013061027","=""04013061027""","6596.65","2019-2023","2022","Census","Arizona (State)"
"Census Tract","04013061028","AZ","04013061028","=""04013061028""","1487.43","2019-2023","2022","Census","Arizona (State)"
"Census Tract","04013061029","AZ","04013061029","=""04013061029""","4659.71","2019-2023","2022","Census","Arizona (State)"
"Census Tract","04013061031","AZ","04013061031","=""04013061031""","923.06","2019-2023","2022","Census","Arizona (State)"
"Census Tract","04013061032","AZ","04013061032","=""04013061032""","6956.25","2019-2023","2022","Census","Arizona (State)"
"Census Tract","04013061033","AZ","04013061033","=""04013061033""","5773.07","2019-2023","2022","Census","Arizona (State)"
"Census Tract","04013061034","AZ","04013061034","=""04013061034""","8383.56","2019-2023","2022","Census","Arizona (State)"
"Census Tract","04013061035","AZ","04013061035","=""04013061035""","7119.94","2019-2023","2022","Census","Arizona (State)"
"Census Tract","04013061036","AZ","04013061036","=""04013061036""","5283.59","2019-2023","2022","Census","Arizona (State)"
"Census Tract","04013061037","AZ","04013061037","=""04013061037""","6410.65","2019-2023","2022","Census","Arizona (State)"
"Census Tract","04013061038","AZ","04013061038","=""04013061038""","5151.60","2019-2023","2022","Census","Arizona (State)"
"Census Tract","04013061039","AZ","04013061039","=""04013061039""","1518.72","2019-2023","2022","Census","Arizona (State)"
"Census Tract","04013061040","AZ","04013061040","=""04013061040""","10349.93","2019-2023","2022","Census","Arizona (State)"
"Census Tract","04013061041","AZ","04013061041","=""04013061041""","9016.58","2019-2023","2022","Census","Arizona (State)"
"Census Tract","04013061042","AZ","04013061042","=""04013061042""","2930.77","2019-2023","2022","Census","Arizona (State)"
"Census Tract","04013061043","AZ","04013061043","=""04013061043""","447.18","2019-2023","2022","Census","Arizona (State)"
"Census Tract","04013061044","AZ","04013061044","=""04013061044""","674.73","2019-2023","2022","Census","Arizona (State)"
"Census Tract","04013061045","AZ","04013061045","=""04013061045""","551.83","2019-2023","2022","Census","Arizona (State)"
"Census Tract","04013061046","AZ","04013061046","=""04013061046""","6266.63","2019-2023","2022","Census","Arizona (State)"
"Census Tract","04013061047","AZ","04013061047","=""04013061047""","4253.09","2019-2023","2022","Census","Arizona (State)"
"Census Tract","04013061048","AZ","04013061048","=""04013061048""","2886.51","2019-2023","2022","Census","Arizona (State)"
"Census Tract","04013061049","AZ","04013061049","=""04013061049""","5329.58","2019-2023","2022","Census","Arizona (State)"
"Census Tract","04013061050","AZ","04013061050","=""04013061050""","3389.97","2019-2023","2022","Census","Arizona (State)"
"Census Tract","04013061051","AZ","04013061051","=""04013061051""","4733.37","2019-2023","2022","Census","Arizona (State)"
"Census Tract","04013061052","AZ","04013061052","=""04013061052""","4689.33","2019-2023","2022","Census","Arizona (State)"
"Census Tract","04013061053","AZ","04013061053","=""04013061053""","3598.16","2019-2023","2022","Census","Arizona (State)"
"Census Tract","04013061054","AZ","04013061054","=""04013061054""","2121.50","2019-2023","2022","Census","Arizona (State)"
"Census Tract","04013061055","AZ","04013061055","=""04013061055""","2397.58","2019-2023","2022","Census","Arizona (State)"
"Census Tract","04013061056","AZ","04013061056","=""04013061056""","665.87","2019-2023","2022","Census","Arizona (State)"
"Census Tract","04013061057","AZ","04013061057","=""04013061057""","1200.09","2019-2023","2022","Census","Arizona (State)"
"Census Tract","04013061058","AZ","04013061058","=""04013061058""","265.96","2019-2023","2022","Census","Arizona (State)"
"Census Tract","04013061059","AZ","04013061059","=""04013061059""","6811.71","2019-2023","2022","Census","Arizona (State)"
"Census Tract","04013061060","AZ","04013061060","=""04013061060""","4609.39","2019-2023","2022","Census","Arizona (State)"
"Census Tract","04013061061","AZ","04013061061","=""04013061061""","10468.53","2019-2023","2022","Census","Arizona (State)"
"Census Tract","04013061062","AZ","04013061062","=""04013061062""","5745.54","2019-2023","2022","Census","Arizona (State)"
"Census Tract","04013061063","AZ","04013061063","=""04013061063""","1344.26","2019-2023","2022","Census","Arizona (State)"
"Census Tract","04013061064","AZ","04013061064","=""04013061064""","2310.13","2019-2023","2022","Census","Arizona (State)"
"Census Tract","04013061100","AZ","04013061100","=""04013061100""","708.48","2019-2023","2022","Census","Arizona (State)"
"Census Tract","04013061200","AZ","04013061200","=""04013061200""","3677.86","2019-2023","2022","Census","Arizona (State)"
"Census Tract","04013061300","AZ","04013061300","=""04013061300""","1652.95","2019-2023","2022","Census","Arizona (State)"
"Census Tract","04013061401","AZ","04013061401","=""04013061401""","7409.76","2019-2023","2022","Census","Arizona (State)"
"Census Tract","04013061402","AZ","04013061402","=""04013061402""","6714.61","2019-2023","2022","Census","Arizona (State)"
"Census Tract","04013071503","AZ","04013071503","=""04013071503""","2917.28","2019-2023","2022","Census","Arizona (State)"
"Census Tract","04013071504","AZ","04013071504","=""04013071504""","2571.35","2019-2023","2022","Census","Arizona (State)"
"Census Tract","04013071505","AZ","04013071505","=""04013071505""","2832.90","2019-2023","2022","Census","Arizona (State)"
"Census Tract","04013071506","AZ","04013071506","=""04013071506""","2691.98","2019-2023","2022","Census","Arizona (State)"
"Census Tract","04013071509","AZ","04013071509","=""04013071509""","3035.31","2019-2023","2022","Census","Arizona (State)"
"Census Tract","04013071510","AZ","04013071510","=""04013071510""","4321.29","2019-2023","2022","Census","Arizona (State)"
"Census Tract","04013071511","AZ","04013071511","=""04013071511""","4530.90","2019-2023","2022","Census","Arizona (State)"
"Census Tract","04013071512","AZ","04013071512","=""04013071512""","6186.33","2019-2023","2022","Census","Arizona (State)"
"Census Tract","04013071513","AZ","04013071513","=""04013071513""","1611.64","2019-2023","2022","Census","Arizona (State)"
"Census Tract","04013071514","AZ","04013071514","=""04013071514""","3840.91","2019-2023","2022","Census","Arizona (State)"
"Census Tract","04013071515","AZ","04013071515","=""04013071515""","3763.80","2019-2023","2022","Census","Arizona (State)"
"Census Tract","04013071516","AZ","04013071516","=""04013071516""","4520.21","2019-2023","2022","Census","Arizona (State)"
"Census Tract","04013071517","AZ","04013071517","=""04013071517""","4098.52","2019-2023","2022","Census","Arizona (State)"
"Census Tract","04013071600","AZ","04013071600","=""04013071600""","3884.04","2019-2023","2022","Census","Arizona (State)"
"Census Tract","04013071701","AZ","04013071701","=""04013071701""","4517.40","2019-2023","2022","Census","Arizona (State)"
"Census Tract","04013071702","AZ","04013071702","=""04013071702""","2305.90","2019-2023","2022","Census","Arizona (State)"
"Census Tract","04013071801","AZ","04013071801","=""04013071801""","2304.78","2019-2023","2022","Census","Arizona (State)"
"Census Tract","04013071802","AZ","04013071802","=""04013071802""","2881.67","2019-2023","2022","Census","Arizona (State)"
"Census Tract","04013071903","AZ","04013071903","=""04013071903""","6530.38","2019-2023","2022","Census","Arizona (State)"
"Census Tract","04013071906","AZ","04013071906","=""04013071906""","4548.88","2019-2023","2022","Census","Arizona (State)"
"Census Tract","04013071909","AZ","04013071909","=""04013071909""","5263.97","2019-2023","2022","Census","Arizona (State)"
"Census Tract","04013071910","AZ","04013071910","=""04013071910""","7061.01","2019-2023","2022","Census","Arizona (State)"
"Census Tract","04013071911","AZ","04013071911","=""04013071911""","3830.15","2019-2023","2022","Census","Arizona (State)"
"Census Tract","04013071912","AZ","04013071912","=""04013071912""","7542.43","2019-2023","2022","Census","Arizona (State)"
"Census Tract","04013071913","AZ","04013071913","=""04013071913""","7613.23","2019-2023","2022","Census","Arizona (State)"
"Census Tract","04013071914","AZ","04013071914","=""04013071914""","6383.68","2019-2023","2022","Census","Arizona (State)"
"Census Tract","04013071915","AZ","04013071915","=""04013071915""","7156.24","2019-2023","2022","Census","Arizona (State)"
"Census Tract","04013082002","AZ","04013082002","=""04013082002""","6667.95","2019-2023","2022","Census","Arizona (State)"
"Census Tract","04013082007","AZ","04013082007","=""04013082007""","8138.22","2019-2023","2022","Census","Arizona (State)"
"Census Tract","04013082008","AZ","04013082008","=""04013082008""","10454.97","2019-2023","2022","Census","Arizona (State)"
"Census Tract","04013082009","AZ","04013082009","=""04013082009""","9788.38","2019-2023","2022","Census","Arizona (State)"
"Census Tract","04013082010","AZ","04013082010","=""04013082010""","11378.76","2019-2023","2022","Census","Arizona (State)"
"Census Tract","04013082012","AZ","04013082012","=""04013082012""","6055.60","2019-2023","2022","Census","Arizona (State)"
"Census Tract","04013082016","AZ","04013082016","=""04013082016""","2092.52","2019-2023","2022","Census","Arizona (State)"
"Census Tract","04013082017","AZ","04013082017","=""04013082017""","4822.28","2019-2023","2022","Census","Arizona (State)"
"Census Tract","04013082018","AZ","04013082018","=""04013082018""","10163.02","2019-2023","2022","Census","Arizona (State)"
"Census Tract","04013082019","AZ","04013082019","=""04013082019""","3484.48","2019-2023","2022","Census","Arizona (State)"
"Census Tract","04013082020","AZ","04013082020","=""04013082020""","6484.75","2019-2023","2022","Census","Arizona (State)"
"Census Tract","04013082021","AZ","04013082021","=""04013082021""","2380.43","2019-2023","2022","Census","Arizona (State)"
"Census Tract","04013082022","AZ","04013082022","=""04013082022""","3794.70","2019-2023","2022","Census","Arizona (State)"
"Census Tract","04013082023","AZ","04013082023","=""04013082023""","4844.00","2019-2023","2022","Census","Arizona (State)"
"Census Tract","04013082024","AZ","04013082024","=""04013082024""","3683.54","2019-2023","2022","Census","Arizona (State)"
"Census Tract","04013082025","AZ","04013082025","=""04013082025""","2531.91","2019-2023","2022","Census","Arizona (State)"
"Census Tract","04013082026","AZ","04013082026","=""04013082026""","7581.59","2019-2023","2022","Census","Arizona (State)"
"Census Tract","04013082027","AZ","04013082027","=""04013082027""","2550.80","2019-2023","2022","Census","Arizona (State)"
"Census Tract","04013082028","AZ","04013082028","=""04013082028""","8728.26","2019-2023","2022","Census","Arizona (State)"
"Census Tract","04013082204","AZ","04013082204","=""04013082204""","2097.13","2019-2023","2022","Census","Arizona (State)"
"Census Tract","04013082205","AZ","04013082205","=""04013082205""","6913.53","2019-2023","2022","Census","Arizona (State)"
"Census Tract","04013082206","AZ","04013082206","=""04013082206""","1658.40","2019-2023","2022","Census","Arizona (State)"
"Census Tract","04013082207","AZ","04013082207","=""04013082207""","881.12","2019-2023","2022","Census","Arizona (State)"
"Census Tract","04013082208","AZ","04013082208","=""04013082208""","495.49","2019-2023","2022","Census","Arizona (State)"
"Census Tract","04013082209","AZ","04013082209","=""04013082209""","7791.25","2019-2023","2022","Census","Arizona (State)"
"Census Tract","04013082210","AZ","04013082210","=""04013082210""","6048.12","2019-2023","2022","Census","Arizona (State)"
"Census Tract","04013082211","AZ","04013082211","=""04013082211""","5027.12","2019-2023","2022","Census","Arizona (State)"
"Census Tract","04013082212","AZ","04013082212","=""04013082212""","6871.39","2019-2023","2022","Census","Arizona (State)"
"Census Tract","04013082213","AZ","04013082213","=""04013082213""","6873.48","2019-2023","2022","Census","Arizona (State)"
"Census Tract","04013083000","AZ","04013083000","=""04013083000""","1529.58","2019-2023","2022","Census","Arizona (State)"
"Census Tract","04013092305","AZ","04013092305","=""04013092305""","5330.05","2019-2023","2022","Census","Arizona (State)"
"Census Tract","04013092306","AZ","04013092306","=""04013092306""","5664.06","2019-2023","2022","Census","Arizona (State)"
"Census Tract","04013092307","AZ","04013092307","=""04013092307""","6319.74","2019-2023","2022","Census","Arizona (State)"
"Census Tract","04013092308","AZ","04013092308","=""04013092308""","7076.21","2019-2023","2022","Census","Arizona (State)"
"Census Tract","04013092309","AZ","04013092309","=""04013092309""","5971.80","2019-2023","2022","Census","Arizona (State)"
"Census Tract","04013092311","AZ","04013092311","=""04013092311""","10720.97","2019-2023","2022","Census","Arizona (State)"
"Census Tract","04013092312","AZ","04013092312","=""04013092312""","9402.67","2019-2023","2022","Census","Arizona (State)"
"Census Tract","04013092401","AZ","04013092401","=""04013092401""","7909.50","2019-2023","2022","Census","Arizona (State)"
"Census Tract","04013092402","AZ","04013092402","=""04013092402""","7049.72","2019-2023","2022","Census","Arizona (State)"
"Census Tract","04013092500","AZ","04013092500","=""04013092500""","4582.32","2019-2023","2022","Census","Arizona (State)"
"Census Tract","04013092600","AZ","04013092600","=""04013092600""","3408.11","2019-2023","2022","Census","Arizona (State)"
"Census Tract","04013092705","AZ","04013092705","=""04013092705""","4678.58","2019-2023","2022","Census","Arizona (State)"
"Census Tract","04013092708","AZ","04013092708","=""04013092708""","1886.50","2019-2023","2022","Census","Arizona (State)"
"Census Tract","04013092709","AZ","04013092709","=""04013092709""","4595.18","2019-2023","2022","Census","Arizona (State)"
"Census Tract","04013092710","AZ","04013092710","=""04013092710""","5659.19","2019-2023","2022","Census","Arizona (State)"
"Census Tract","04013092711","AZ","04013092711","=""04013092711""","3755.05","2019-2023","2022","Census","Arizona (State)"
"Census Tract","04013092712","AZ","04013092712","=""04013092712""","5010.42","2019-2023","2022","Census","Arizona (State)"
"Census Tract","04013092713","AZ","04013092713","=""04013092713""","5162.14","2019-2023","2022","Census","Arizona (State)"
"Census Tract","04013092715","AZ","04013092715","=""04013092715""","9829.84","2019-2023","2022","Census","Arizona (State)"
"Census Tract","04013092716","AZ","04013092716","=""04013092716""","7898.69","2019-2023","2022","Census","Arizona (State)"
"Census Tract","04013092717","AZ","04013092717","=""04013092717""","12735.20","2019-2023","2022","Census","Arizona (State)"
"Census Tract","04013092718","AZ","04013092718","=""04013092718""","9071.86","2019-2023","2022","Census","Arizona (State)"
"Census Tract","04013092719","AZ","04013092719","=""04013092719""","5436.13","2019-2023","2022","Census","Arizona (State)"
"Census Tract","04013092720","AZ","04013092720","=""04013092720""","924.58","2019-2023","2022","Census","Arizona (State)"
"Census Tract","04013092721","AZ","04013092721","=""04013092721""","4102.55","2019-2023","2022","Census","Arizona (State)"
"Census Tract","04013092723","AZ","04013092723","=""04013092723""","4378.00","2019-2023","2022","Census","Arizona (State)"
"Census Tract","04013092724","AZ","04013092724","=""04013092724""","4932.35","2019-2023","2022","Census","Arizona (State)"
"Census Tract","04013092801","AZ","04013092801","=""04013092801""","12264.99","2019-2023","2022","Census","Arizona (State)"
"Census Tract","04013092802","AZ","04013092802","=""04013092802""","11745.49","2019-2023","2022","Census","Arizona (State)"
"Census Tract","04013092900","AZ","04013092900","=""04013092900""","3463.09","2019-2023","2022","Census","Arizona (State)"
"Census Tract","04013093001","AZ","04013093001","=""04013093001""","11097.98","2019-2023","2022","Census","Arizona (State)"
"Census Tract","04013093002","AZ","04013093002","=""04013093002""","9770.43","2019-2023","2022","Census","Arizona (State)"
"Census Tract","04013093101","AZ","04013093101","=""04013093101""","11859.41","2019-2023","2022","Census","Arizona (State)"
"Census Tract","04013093104","AZ","04013093104","=""04013093104""","3502.08","2019-2023","2022","Census","Arizona (State)"
"Census Tract","04013093105","AZ","04013093105","=""04013093105""","11029.96","2019-2023","2022","Census","Arizona (State)"
"Census Tract","04013093106","AZ","04013093106","=""04013093106""","8572.26","2019-2023","2022","Census","Arizona (State)"
"Census Tract","04013093200","AZ","04013093200","=""04013093200""","2362.91","2019-2023","2022","Census","Arizona (State)"
"Census Tract","04013103205","AZ","04013103205","=""04013103205""","2404.73","2019-2023","2022","Census","Arizona (State)"
"Census Tract","04013103206","AZ","04013103206","=""04013103206""","2298.37","2019-2023","2022","Census","Arizona (State)"
"Census Tract","04013103207","AZ","04013103207","=""04013103207""","2370.05","2019-2023","2022","Census","Arizona (State)"
"Census Tract","04013103208","AZ","04013103208","=""04013103208""","3502.36","2019-2023","2022","Census","Arizona (State)"
"Census Tract","04013103209","AZ","04013103209","=""04013103209""","1984.15","2019-2023","2022","Census","Arizona (State)"
"Census Tract","04013103210","AZ","04013103210","=""04013103210""","8815.89","2019-2023","2022","Census","Arizona (State)"
"Census Tract","04013103211","AZ","04013103211","=""04013103211""","4527.84","2019-2023","2022","Census","Arizona (State)"
"Census Tract","04013103212","AZ","04013103212","=""04013103212""","4314.92","2019-2023","2022","Census","Arizona (State)"
"Census Tract","04013103214","AZ","04013103214","=""04013103214""","3801.90","2019-2023","2022","Census","Arizona (State)"
"Census Tract","04013103215","AZ","04013103215","=""04013103215""","2927.62","2019-2023","2022","Census","Arizona (State)"
"Census Tract","04013103216","AZ","04013103216","=""04013103216""","5565.42","2019-2023","2022","Census","Arizona (State)"
"Census Tract","04013103217","AZ","04013103217","=""04013103217""","5631.07","2019-2023","2022","Census","Arizona (State)"
"Census Tract","04013103219","AZ","04013103219","=""04013103219""","3444.41","2019-2023","2022","Census","Arizona (State)"
"Census Tract","04013103220","AZ","04013103220","=""04013103220""","3362.78","2019-2023","2022","Census","Arizona (State)"
"Census Tract","04013103302","AZ","04013103302","=""04013103302""","6245.91","2019-2023","2022","Census","Arizona (State)"
"Census Tract","04013103303","AZ","04013103303","=""04013103303""","3983.82","2019-2023","2022","Census","Arizona (State)"
"Census Tract","04013103304","AZ","04013103304","=""04013103304""","11951.52","2019-2023","2022","Census","Arizona (State)"
"Census Tract","04013103305","AZ","04013103305","=""04013103305""","11923.40","2019-2023","2022","Census","Arizona (State)"
"Census Tract","04013103306","AZ","04013103306","=""04013103306""","14145.55","2019-2023","2022","Census","Arizona (State)"
"Census Tract","04013103400","AZ","04013103400","=""04013103400""","4036.68","2019-2023","2022","Census","Arizona (State)"
"Census Tract","04013103501","AZ","04013103501","=""04013103501""","4064.38","2019-2023","2022","Census","Arizona (State)"
"Census Tract","04013103502","AZ","04013103502","=""04013103502""","3577.32","2019-2023","2022","Census","Arizona (State)"
"Census Tract","04013103604","AZ","04013103604","=""04013103604""","3547.69","2019-2023","2022","Census","Arizona (State)"
"Census Tract","04013103605","AZ","04013103605","=""04013103605""","2563.80","2019-2023","2022","Census","Arizona (State)"
"Census Tract","04013103606","AZ","04013103606","=""04013103606""","5214.69","2019-2023","2022","Census","Arizona (State)"
"Census Tract","04013103607","AZ","04013103607","=""04013103607""","4449.99","2019-2023","2022","Census","Arizona (State)"
"Census Tract","04013103608","AZ","04013103608","=""04013103608""","4561.76","2019-2023","2022","Census","Arizona (State)"
"Census Tract","04013103609","AZ","04013103609","=""04013103609""","6422.46","2019-2023","2022","Census","Arizona (State)"
"Census Tract","04013103611","AZ","04013103611","=""04013103611""","2480.69","2019-2023","2022","Census","Arizona (State)"
"Census Tract","04013103612","AZ","04013103612","=""04013103612""","7279.19","2019-2023","2022","Census","Arizona (State)"
"Census Tract","04013103614","AZ","04013103614","=""04013103614""","3790.89","2019-2023","2022","Census","Arizona (State)"
"Census Tract","04013103615","AZ","04013103615","=""04013103615""","1991.49","2019-2023","2022","Census","Arizona (State)"
"Census Tract","04013103701","AZ","04013103701","=""04013103701""","4980.02","2019-2023","2022","Census","Arizona (State)"
"Census Tract","04013103702","AZ","04013103702","=""04013103702""","1952.95","2019-2023","2022","Census","Arizona (State)"
"Census Tract","04013103900","AZ","04013103900","=""04013103900""","6703.88","2019-2023","2022","Census","Arizona (State)"
"Census Tract","04013104000","AZ","04013104000","=""04013104000""","7513.57","2019-2023","2022","Census","Arizona (State)"
"Census Tract","04013104100","AZ","04013104100","=""04013104100""","7522.52","2019-2023","2022","Census","Arizona (State)"
"Census Tract","04013104202","AZ","04013104202","=""04013104202""","5017.53","2019-2023","2022","Census","Arizona (State)"
"Census Tract","04013104203","AZ","04013104203","=""04013104203""","7395.38","2019-2023","2022","Census","Arizona (State)"
"Census Tract","04013104204","AZ","04013104204","=""04013104204""","5319.17","2019-2023","2022","Census","Arizona (State)"
"Census Tract","04013104205","AZ","04013104205","=""04013104205""","5288.75","2019-2023","2022","Census","Arizona (State)"
"Census Tract","04013104206","AZ","04013104206","=""04013104206""","6287.09","2019-2023","2022","Census","Arizona (State)"
"Census Tract","04013104207","AZ","04013104207","=""04013104207""","4302.84","2019-2023","2022","Census","Arizona (State)"
"Census Tract","04013104212","AZ","04013104212","=""04013104212""","6445.85","2019-2023","2022","Census","Arizona (State)"
"Census Tract","04013104214","AZ","04013104214","=""04013104214""","2458.43","2019-2023","2022","Census","Arizona (State)"
"Census Tract","04013104215","AZ","04013104215","=""04013104215""","4799.60","2019-2023","2022","Census","Arizona (State)"
"Census Tract","04013104216","AZ","04013104216","=""04013104216""","4834.62","2019-2023","2022","Census","Arizona (State)"
"Census Tract","04013104217","AZ","04013104217","=""04013104217""","5279.07","2019-2023","2022","Census","Arizona (State)"
"Census Tract","04013104218","AZ","04013104218","=""04013104218""","3931.77","2019-2023","2022","Census","Arizona (State)"
"Census Tract","04013104219","AZ","04013104219","=""04013104219""","4256.81","2019-2023","2022","Census","Arizona (State)"
"Census Tract","04013104221","AZ","04013104221","=""04013104221""","5462.87","2019-2023","2022","Census","Arizona (State)"
"Census Tract","04013104222","AZ","04013104222","=""04013104222""","7189.25","2019-2023","2022","Census","Arizona (State)"
"Census Tract","04013104223","AZ","04013104223","=""04013104223""","2303.36","2019-2023","2022","Census","Arizona (State)"
"Census Tract","04013104224","AZ","04013104224","=""04013104224""","6741.62","2019-2023","2022","Census","Arizona (State)"
"Census Tract","04013104225","AZ","04013104225","=""04013104225""","3950.35","2019-2023","2022","Census","Arizona (State)"
"Census Tract","04013104226","AZ","04013104226","=""04013104226""","4570.95","2019-2023","2022","Census","Arizona (State)"
"Census Tract","04013104227","AZ","04013104227","=""04013104227""","4876.02","2019-2023","2022","Census","Arizona (State)"
"Census Tract","04013104301","AZ","04013104301","=""04013104301""","6864.51","2019-2023","2022","Census","Arizona (State)"
"Census Tract","04013104302","AZ","04013104302","=""04013104302""","9951.51","2019-2023","2022","Census","Arizona (State)"
"Census Tract","04013104401","AZ","04013104401","=""04013104401""","5777.08","2019-2023","2022","Census","Arizona (State)"
"Census Tract","04013104402","AZ","04013104402","=""04013104402""","2467.21","2019-2023","2022","Census","Arizona (State)"
"Census Tract","04013104501","AZ","04013104501","=""04013104501""","8609.97","2019-2023","2022","Census","Arizona (State)"
"Census Tract","04013104502","AZ","04013104502","=""04013104502""","10529.14","2019-2023","2022","Census","Arizona (State)"
"Census Tract","04013104600","AZ","04013104600","=""04013104600""","3966.25","2019-2023","2022","Census","Arizona (State)"
"Census Tract","04013104701","AZ","04013104701","=""04013104701""","6616.91","2019-2023","2022","Census","Arizona (State)"
"Census Tract","04013104702","AZ","04013104702","=""04013104702""","6542.64","2019-2023","2022","Census","Arizona (State)"
"Census Tract","04013104801","AZ","04013104801","=""04013104801""","1711.43","2019-2023","2022","Census","Arizona (State)"
"Census Tract","04013104802","AZ","04013104802","=""04013104802""","4419.42","2019-2023","2022","Census","Arizona (State)"
"Census Tract","04013104900","AZ","04013104900","=""04013104900""","4301.66","2019-2023","2022","Census","Arizona (State)"
"Census Tract","04013105002","AZ","04013105002","=""04013105002""","788.03","2019-2023","2022","Census","Arizona (State)"
"Census Tract","04013105003","AZ","04013105003","=""04013105003""","1047.00","2019-2023","2022","Census","Arizona (State)"
"Census Tract","04013105004","AZ","04013105004","=""04013105004""","708.46","2019-2023","2022","Census","Arizona (State)"
"Census Tract","04013105101","AZ","04013105101","=""04013105101""","1848.26","2019-2023","2022","Census","Arizona (State)"
"Census Tract","04013105102","AZ","04013105102","=""04013105102""","634.96","2019-2023","2022","Census","Arizona (State)"
"Census Tract","04013105103","AZ","04013105103","=""04013105103""","744.53","2019-2023","2022","Census","Arizona (State)"
"Census Tract","04013105200","AZ","04013105200","=""04013105200""","3772.24","2019-2023","2022","Census","Arizona (State)"
"Census Tract","04013105300","AZ","04013105300","=""04013105300""","4614.85","2019-2023","2022","Census","Arizona (State)"
"Census Tract","04013105400","AZ","04013105400","=""04013105400""","3765.06","2019-2023","2022","Census","Arizona (State)"
"Census Tract","04013105501","AZ","04013105501","=""04013105501""","4662.97","2019-2023","2022","Census","Arizona (State)"
"Census Tract","04013105502","AZ","04013105502","=""04013105502""","7557.39","2019-2023","2022","Census","Arizona (State)"
"Census Tract","04013105503","AZ","04013105503","=""04013105503""","17225.65","2019-2023","2022","Census","Arizona (State)"
"Census Tract","04013105601","AZ","04013105601","=""04013105601""","8261.76","2019-2023","2022","Census","Arizona (State)"
"Census Tract","04013105602","AZ","04013105602","=""04013105602""","13153.91","2019-2023","2022","Census","Arizona (State)"
"Census Tract","04013105701","AZ","04013105701","=""04013105701""","6945.15","2019-2023","2022","Census","Arizona (State)"
"Census Tract","04013105702","AZ","04013105702","=""04013105702""","8519.71","2019-2023","2022","Census","Arizona (State)"
"Census Tract","04013105800","AZ","04013105800","=""04013105800""","6713.08","2019-2023","2022","Census","Arizona (State)"
"Census Tract","04013105900","AZ","04013105900","=""04013105900""","5260.45","2019-2023","2022","Census","Arizona (State)"
"Census Tract","04013106001","AZ","04013106001","=""04013106001""","6827.46","2019-2023","2022","Census","Arizona (State)"
"Census Tract","04013106002","AZ","04013106002","=""04013106002""","7869.04","2019-2023","2022","Census","Arizona (State)"
"Census Tract","04013106003","AZ","04013106003","=""04013106003""","10611.69","2019-2023","2022","Census","Arizona (State)"
"Census Tract","04013106100","AZ","04013106100","=""04013106100""","5883.07","2019-2023","2022","Census","Arizona (State)"
"Census Tract","04013106200","AZ","04013106200","=""04013106200""","3363.77","2019-2023","2022","Census","Arizona (State)"
"Census Tract","04013106300","AZ","04013106300","=""04013106300""","5410.90","2019-2023","2022","Census","Arizona (State)"
"Census Tract","04013106400","AZ","04013106400","=""04013106400""","3378.77","2019-2023","2022","Census","Arizona (State)"
"Census Tract","04013106501","AZ","04013106501","=""04013106501""","6543.60","2019-2023","2022","Census","Arizona (State)"
"Census Tract","04013106502","AZ","04013106502","=""04013106502""","7664.54","2019-2023","2022","Census","Arizona (State)"
"Census Tract","04013106600","AZ","04013106600","=""04013106600""","3657.46","2019-2023","2022","Census","Arizona (State)"
"Census Tract","04013106701","AZ","04013106701","=""04013106701""","17665.48","2019-2023","2022","Census","Arizona (State)"
"Census Tract","04013106702","AZ","04013106702","=""04013106702""","5276.72","2019-2023","2022","Census","Arizona (State)"
"Census Tract","04013106703","AZ","04013106703","=""04013106703""","4888.90","2019-2023","2022","Census","Arizona (State)"
"Census Tract","04013106801","AZ","04013106801","=""04013106801""","16877.96","2019-2023","2022","Census","Arizona (State)"
"Census Tract","04013106802","AZ","04013106802","=""04013106802""","4804.96","2019-2023","2022","Census","Arizona (State)"
"Census Tract","04013106900","AZ","04013106900","=""04013106900""","7534.74","2019-2023","2022","Census","Arizona (State)"
"Census Tract","04013107001","AZ","04013107001","=""04013107001""","9422.22","2019-2023","2022","Census","Arizona (State)"
"Census Tract","04013107002","AZ","04013107002","=""04013107002""","7669.98","2019-2023","2022","Census","Arizona (State)"
"Census Tract","04013107101","AZ","04013107101","=""04013107101""","10237.43","2019-2023","2022","Census","Arizona (State)"
"Census Tract","04013107102","AZ","04013107102","=""04013107102""","8903.40","2019-2023","2022","Census","Arizona (State)"
"Census Tract","04013107201","AZ","04013107201","=""04013107201""","9733.80","2019-2023","2022","Census","Arizona (State)"
"Census Tract","04013107202","AZ","04013107202","=""04013107202""","10280.39","2019-2023","2022","Census","Arizona (State)"
"Census Tract","04013107300","AZ","04013107300","=""04013107300""","6565.38","2019-2023","2022","Census","Arizona (State)"
"Census Tract","04013107401","AZ","04013107401","=""04013107401""","4957.48","2019-2023","2022","Census","Arizona (State)"
"Census Tract","04013107402","AZ","04013107402","=""04013107402""","11036.38","2019-2023","2022","Census","Arizona (State)"
"Census Tract","04013107403","AZ","04013107403","=""04013107403""","18877.51","2019-2023","2022","Census","Arizona (State)"
"Census Tract","04013107404","AZ","04013107404","=""04013107404""","6037.14","2019-2023","2022","Census","Arizona (State)"
"Census Tract","04013107500","AZ","04013107500","=""04013107500""","3493.80","2019-2023","2022","Census","Arizona (State)"
"Census Tract","04013107601","AZ","04013107601","=""04013107601""","6278.84","2019-2023","2022","Census","Arizona (State)"
"Census Tract","04013107602","AZ","04013107602","=""04013107602""","5620.23","2019-2023","2022","Census","Arizona (State)"
"Census Tract","04013107700","AZ","04013107700","=""04013107700""","3858.37","2019-2023","2022","Census","Arizona (State)"
"Census Tract","04013107800","AZ","04013107800","=""04013107800""","1751.71","2019-2023","2022","Census","Arizona (State)"
"Census Tract","04013107900","AZ","04013107900","=""04013107900""","1175.81","2019-2023","2022","Census","Arizona (State)"
"Census Tract","04013108000","AZ","04013108000","=""04013108000""","2136.37","2019-2023","2022","Census","Arizona (State)"
"Census Tract","04013108100","AZ","04013108100","=""04013108100""","3841.91","2019-2023","2022","Census","Arizona (State)"
"Census Tract","04013108200","AZ","04013108200","=""04013108200""","5593.56","2019-2023","2022","Census","Arizona (State)"
"Census Tract","04013108301","AZ","04013108301","=""04013108301""","4314.89","2019-2023","2022","Census","Arizona (State)"
"Census Tract","04013108302","AZ","04013108302","=""04013108302""","5220.51","2019-2023","2022","Census","Arizona (State)"
"Census Tract","04013108400","AZ","04013108400","=""04013108400""","5759.04","2019-2023","2022","Census","Arizona (State)"
"Census Tract","04013108501","AZ","04013108501","=""04013108501""","5443.07","2019-2023","2022","Census","Arizona (State)"
"Census Tract","04013108502","AZ","04013108502","=""04013108502""","7478.21","2019-2023","2022","Census","Arizona (State)"
"Census Tract","04013108601","AZ","04013108601","=""04013108601""","7773.87","2019-2023","2022","Census","Arizona (State)"
"Census Tract","04013108602","AZ","04013108602","=""04013108602""","9280.01","2019-2023","2022","Census","Arizona (State)"
"Census Tract","04013108802","AZ","04013108802","=""04013108802""","5553.12","2019-2023","2022","Census","Arizona (State)"
"Census Tract","04013108901","AZ","04013108901","=""04013108901""","6289.14","2019-2023","2022","Census","Arizona (State)"
"Census Tract","04013108902","AZ","04013108902","=""04013108902""","8973.07","2019-2023","2022","Census","Arizona (State)"
"Census Tract","04013109001","AZ","04013109001","=""04013109001""","21220.60","2019-2023","2022","Census","Arizona (State)"
"Census Tract","04013109002","AZ","04013109002","=""04013109002""","10728.68","2019-2023","2022","Census","Arizona (State)"
"Census Tract","04013109003","AZ","04013109003","=""04013109003""","17126.32","2019-2023","2022","Census","Arizona (State)"
"Census Tract","04013109101","AZ","04013109101","=""04013109101""","7302.67","2019-2023","2022","Census","Arizona (State)"
"Census Tract","04013109102","AZ","04013109102","=""04013109102""","14169.69","2019-2023","2022","Census","Arizona (State)"
"Census Tract","04013109200","AZ","04013109200","=""04013109200""","4698.11","2019-2023","2022","Census","Arizona (State)"
"Census Tract","04013109300","AZ","04013109300","=""04013109300""","4508.59","2019-2023","2022","Census","Arizona (State)"
"Census Tract","04013109401","AZ","04013109401","=""04013109401""","6419.86","2019-2023","2022","Census","Arizona (State)"
"Census Tract","04013109402","AZ","04013109402","=""04013109402""","9216.89","2019-2023","2022","Census","Arizona (State)"
"Census Tract","04013109500","AZ","04013109500","=""04013109500""","6214.03","2019-2023","2022","Census","Arizona (State)"
"Census Tract","04013109601","AZ","04013109601","=""04013109601""","9424.63","2019-2023","2022","Census","Arizona (State)"
"Census Tract","04013109602","AZ","04013109602","=""04013109602""","14061.25","2019-2023","2022","Census","Arizona (State)"
"Census Tract","04013109603","AZ","04013109603","=""04013109603""","7570.25","2019-2023","2022","Census","Arizona (State)"
"Census Tract","04013109604","AZ","04013109604","=""04013109604""","10258.06","2019-2023","2022","Census","Arizona (State)"
"Census Tract","04013109702","AZ","04013109702","=""04013109702""","10265.08","2019-2023","2022","Census","Arizona (State)"
"Census Tract","04013109703","AZ","04013109703","=""04013109703""","6028.22","2019-2023","2022","Census","Arizona (State)"
"Census Tract","04013109704","AZ","04013109704","=""04013109704""","10763.94","2019-2023","2022","Census","Arizona (State)"
"Census Tract","04013109705","AZ","04013109705","=""04013109705""","8499.24","2019-2023","2022","Census","Arizona (State)"
"Census Tract","04013109706","AZ","04013109706","=""04013109706""","13715.64","2019-2023","2022","Census","Arizona (State)"
"Census Tract","04013109707","AZ","04013109707","=""04013109707""","18818.85","2019-2023","2022","Census","Arizona (State)"
"Census Tract","04013109801","AZ","04013109801","=""04013109801""","9753.39","2019-2023","2022","Census","Arizona (State)"
"Census Tract","04013109802","AZ","04013109802","=""04013109802""","8637.05","2019-2023","2022","Census","Arizona (State)"
"Census Tract","04013109900","AZ","04013109900","=""04013109900""","7162.76","2019-2023","2022","Census","Arizona (State)"
"Census Tract","04013110001","AZ","04013110001","=""04013110001""","8641.17","2019-2023","2022","Census","Arizona (State)"
"Census Tract","04013110002","AZ","04013110002","=""04013110002""","11157.43","2019-2023","2022","Census","Arizona (State)"
"Census Tract","04013110100","AZ","04013110100","=""04013110100""","6898.25","2019-2023","2022","Census","Arizona (State)"
"Census Tract","04013110400","AZ","04013110400","=""04013110400""","5527.34","2019-2023","2022","Census","Arizona (State)"
"Census Tract","04013110501","AZ","04013110501","=""04013110501""","6920.62","2019-2023","2022","Census","Arizona (State)"
"Census Tract","04013110502","AZ","04013110502","=""04013110502""","7731.72","2019-2023","2022","Census","Arizona (State)"
"Census Tract","04013110600","AZ","04013110600","=""04013110600""","4946.09","2019-2023","2022","Census","Arizona (State)"
"Census Tract","04013110701","AZ","04013110701","=""04013110701""","6752.75","2019-2023","2022","Census","Arizona (State)"
"Census Tract","04013110702","AZ","04013110702","=""04013110702""","6640.41","2019-2023","2022","Census","Arizona (State)"
"Census Tract","04013110801","AZ","04013110801","=""04013110801""","9871.33","2019-2023","2022","Census","Arizona (State)"
"Census Tract","04013110802","AZ","04013110802","=""04013110802""","4885.98","2019-2023","2022","Census","Arizona (State)"
"Census Tract","04013110901","AZ","04013110901","=""04013110901""","7298.81","2019-2023","2022","Census","Arizona (State)"
"Census Tract","04013110902","AZ","04013110902","=""04013110902""","9082.45","2019-2023","2022","Census","Arizona (State)"
"Census Tract","04013111000","AZ","04013111000","=""04013111000""","4532.86","2019-2023","2022","Census","Arizona (State)"
"Census Tract","04013111100","AZ","04013111100","=""04013111100""","3838.87","2019-2023","2022","Census","Arizona (State)"
"Census Tract","04013111201","AZ","04013111201","=""04013111201""","8640.94","2019-2023","2022","Census","Arizona (State)"
"Census Tract","04013111202","AZ","04013111202","=""04013111202""","5153.82","2019-2023","2022","Census","Arizona (State)"
"Census Tract","04013111203","AZ","04013111203","=""04013111203""","13540.62","2019-2023","2022","Census","Arizona (State)"
"Census Tract","04013111204","AZ","04013111204","=""04013111204""","1433.80","2019-2023","2022","Census","Arizona (State)"
"Census Tract","04013111300","AZ","04013111300","=""04013111300""","5954.67","2019-2023","2022","Census","Arizona (State)"
"Census Tract","04013111401","AZ","04013111401","=""04013111401""","8446.27","2019-2023","2022","Census","Arizona (State)"
"Census Tract","04013111402","AZ","04013111402","=""04013111402""","6974.15","2019-2023","2022","Census","Arizona (State)"
"Census Tract","04013111501","AZ","04013111501","=""04013111501""","7428.26","2019-2023","2022","Census","Arizona (State)"
"Census Tract","04013111502","AZ","04013111502","=""04013111502""","7937.63","2019-2023","2022","Census","Arizona (State)"
"Census Tract","04013111601","AZ","04013111601","=""04013111601""","6952.49","2019-2023","2022","Census","Arizona (State)"
"Census Tract","04013111602","AZ","04013111602","=""04013111602""","7988.78","2019-2023","2022","Census","Arizona (State)"
"Census Tract","04013111700","AZ","04013111700","=""04013111700""","4735.33","2019-2023","2022","Census","Arizona (State)"
"Census Tract","04013111800","AZ","04013111800","=""04013111800""","4368.73","2019-2023","2022","Census","Arizona (State)"
"Census Tract","04013111900","AZ","04013111900","=""04013111900""","2542.50","2019-2023","2022","Census","Arizona (State)"
"Census Tract","04013112100","AZ","04013112100","=""04013112100""","3919.20","2019-2023","2022","Census","Arizona (State)"
"Census Tract","04013112201","AZ","04013112201","=""04013112201""","7890.83","2019-2023","2022","Census","Arizona (State)"
"Census Tract","04013112202","AZ","04013112202","=""04013112202""","10036.59","2019-2023","2022","Census","Arizona (State)"
"Census Tract","04013112301","AZ","04013112301","=""04013112301""","11223.22","2019-2023","2022","Census","Arizona (State)"
"Census Tract","04013112302","AZ","04013112302","=""04013112302""","13835.70","2019-2023","2022","Census","Arizona (State)"
"Census Tract","04013112401","AZ","04013112401","=""04013112401""","12235.95","2019-2023","2022","Census","Arizona (State)"
"Census Tract","04013112402","AZ","04013112402","=""04013112402""","11562.11","2019-2023","2022","Census","Arizona (State)"
"Census Tract","04013112502","AZ","04013112502","=""04013112502""","11229.53","2019-2023","2022","Census","Arizona (State)"
"Census Tract","04013112504","AZ","04013112504","=""04013112504""","7620.83","2019-2023","2022","Census","Arizona (State)"
"Census Tract","04013112507","AZ","04013112507","=""04013112507""","6139.32","2019-2023","2022","Census","Arizona (State)"
"Census Tract","04013112508","AZ","04013112508","=""04013112508""","3412.83","2019-2023","2022","Census","Arizona (State)"
"Census Tract","04013112510","AZ","04013112510","=""04013112510""","1157.82","2019-2023","2022","Census","Arizona (State)"
"Census Tract","04013112512","AZ","04013112512","=""04013112512""","180.51","2019-2023","2022","Census","Arizona (State)"
"Census Tract","04013112514","AZ","04013112514","=""04013112514""","648.49","2019-2023","2022","Census","Arizona (State)"
"Census Tract","04013112515","AZ","04013112515","=""04013112515""","4729.08","2019-2023","2022","Census","Arizona (State)"
"Census Tract","04013112516","AZ","04013112516","=""04013112516""","2247.25","2019-2023","2022","Census","Arizona (State)"
"Census Tract","04013112517","AZ","04013112517","=""04013112517""","5149.74","2019-2023","2022","Census","Arizona (State)"
"Census Tract","04013112518","AZ","04013112518","=""04013112518""","1350.31","2019-2023","2022","Census","Arizona (State)"
"Census Tract","04013112519","AZ","04013112519","=""04013112519""","9126.54","2019-2023","2022","Census","Arizona (State)"
"Census Tract","04013112520","AZ","04013112520","=""04013112520""","8877.35","2019-2023","2022","Census","Arizona (State)"
"Census Tract","04013112521","AZ","04013112521","=""04013112521""","14610.44","2019-2023","2022","Census","Arizona (State)"
"Census Tract","04013112522","AZ","04013112522","=""04013112522""","8308.65","2019-2023","2022","Census","Arizona (State)"
"Census Tract","04013112523","AZ","04013112523","=""04013112523""","4228.33","2019-2023","2022","Census","Arizona (State)"
"Census Tract","04013112524","AZ","04013112524","=""04013112524""","4428.74","2019-2023","2022","Census","Arizona (State)"
"Census Tract","04013112601","AZ","04013112601","=""04013112601""","11803.12","2019-2023","2022","Census","Arizona (State)"
"Census Tract","04013112602","AZ","04013112602","=""04013112602""","11672.51","2019-2023","2022","Census","Arizona (State)"
"Census Tract","04013112700","AZ","04013112700","=""04013112700""","7441.69","2019-2023","2022","Census","Arizona (State)"
"Census Tract","04013112900","AZ","04013112900","=""04013112900""","4497.09","2019-2023","2022","Census","Arizona (State)"
"Census Tract","04013113000","AZ","04013113000","=""04013113000""","8662.06","2019-2023","2022","Census","Arizona (State)"
"Census Tract","04013113100","AZ","04013113100","=""04013113100""","13126.30","2019-2023","2022","Census","Arizona (State)"
"Census Tract","04013113201","AZ","04013113201","=""04013113201""","8408.23","2019-2023","2022","Census","Arizona (State)"
"Census Tract","04013113202","AZ","04013113202","=""04013113202""","8009.55","2019-2023","2022","Census","Arizona (State)"
"Census Tract","04013113204","AZ","04013113204","=""04013113204""","3730.88","2019-2023","2022","Census","Arizona (State)"
"Census Tract","04013113301","AZ","04013113301","=""04013113301""","4158.52","2019-2023","2022","Census","Arizona (State)"
"Census Tract","04013113502","AZ","04013113502","=""04013113502""","11157.26","2019-2023","2022","Census","Arizona (State)"
"Census Tract","04013113503","AZ","04013113503","=""04013113503""","7385.19","2019-2023","2022","Census","Arizona (State)"
"Census Tract","04013113601","AZ","04013113601","=""04013113601""","6794.41","2019-2023","2022","Census","Arizona (State)"
"Census Tract","04013113602","AZ","04013113602","=""04013113602""","11197.61","2019-2023","2022","Census","Arizona (State)"
"Census Tract","04013113701","AZ","04013113701","=""04013113701""","12652.09","2019-2023","2022","Census","Arizona (State)"
"Census Tract","04013113702","AZ","04013113702","=""04013113702""","4993.83","2019-2023","2022","Census","Arizona (State)"
"Census Tract","04013113800","AZ","04013113800","=""04013113800""","374.20","2019-2023","2022","Census","Arizona (State)"
"Census Tract","04013113900","AZ","04013113900","=""04013113900""","1292.37","2019-2023","2022","Census","Arizona (State)"
"Census Tract","04013114000","AZ","04013114000","=""04013114000""","1782.02","2019-2023","2022","Census","Arizona (State)"
"Census Tract","04013114100","AZ","04013114100","=""04013114100""","5150.78","2019-2023","2022","Census","Arizona (State)"
"Census Tract","04013114200","AZ","04013114200","=""04013114200""","1899.32","2019-2023","2022","Census","Arizona (State)"
"Census Tract","04013114301","AZ","04013114301","=""04013114301""","1777.03","2019-2023","2022","Census","Arizona (State)"
"Census Tract","04013114302","AZ","04013114302","=""04013114302""","5120.25","2019-2023","2022","Census","Arizona (State)"
"Census Tract","04013114401","AZ","04013114401","=""04013114401""","3060.70","2019-2023","2022","Census","Arizona (State)"
"Census Tract","04013114402","AZ","04013114402","=""04013114402""","4107.77","2019-2023","2022","Census","Arizona (State)"
"Census Tract","04013114500","AZ","04013114500","=""04013114500""","3913.34","2019-2023","2022","Census","Arizona (State)"
"Census Tract","04013114600","AZ","04013114600","=""04013114600""","1759.83","2019-2023","2022","Census","Arizona (State)"
"Census Tract","04013114704","AZ","04013114704","=""04013114704""","4034.43","2019-2023","2022","Census","Arizona (State)"
"Census Tract","04013114705","AZ","04013114705","=""04013114705""","7553.64","2019-2023","2022","Census","Arizona (State)"
"Census Tract","04013114800","AZ","04013114800","=""04013114800""","1452.64","2019-2023","2022","Census","Arizona (State)"
"Census Tract","04013114900","AZ","04013114900","=""04013114900""","2756.34","2019-2023","2022","Census","Arizona (State)"
"Census Tract","04013115200","AZ","04013115200","=""04013115200""","1264.75","2019-2023","2022","Census","Arizona (State)"
"Census Tract","04013115300","AZ","04013115300","=""04013115300""","1601.91","2019-2023","2022","Census","Arizona (State)"
"Census Tract","04013115400","AZ","04013115400","=""04013115400""","1764.14","2019-2023","2022","Census","Arizona (State)"
"Census Tract","04013115500","AZ","04013115500","=""04013115500""","3699.35","2019-2023","2022","Census","Arizona (State)"
"Census Tract","04013115600","AZ","04013115600","=""04013115600""","5212.13","2019-2023","2022","Census","Arizona (State)"
"Census Tract","04013115700","AZ","04013115700","=""04013115700""","7702.73","2019-2023","2022","Census","Arizona (State)"
"Census Tract","04013115801","AZ","04013115801","=""04013115801""","7480.83","2019-2023","2022","Census","Arizona (State)"
"Census Tract","04013115802","AZ","04013115802","=""04013115802""","7204.52","2019-2023","2022","Census","Arizona (State)"
"Census Tract","04013115900","AZ","04013115900","=""04013115900""","5896.09","2019-2023","2022","Census","Arizona (State)"
"Census Tract","04013116000","AZ","04013116000","=""04013116000""","6739.77","2019-2023","2022","Census","Arizona (State)"
"Census Tract","04013116100","AZ","04013116100","=""04013116100""","5058.70","2019-2023","2022","Census","Arizona (State)"
"Census Tract","04013116202","AZ","04013116202","=""04013116202""","8723.41","2019-2023","2022","Census","Arizona (State)"
"Census Tract","04013116203","AZ","04013116203","=""04013116203""","2229.47","2019-2023","2022","Census","Arizona (State)"
"Census Tract","04013116204","AZ","04013116204","=""04013116204""","4278.77","2019-2023","2022","Census","Arizona (State)"
"Census Tract","04013116205","AZ","04013116205","=""04013116205""","8439.43","2019-2023","2022","Census","Arizona (State)"
"Census Tract","04013116300","AZ","04013116300","=""04013116300""","5794.22","2019-2023","2022","Census","Arizona (State)"
"Census Tract","04013116400","AZ","04013116400","=""04013116400""","5791.20","2019-2023","2022","Census","Arizona (State)"
"Census Tract","04013116500","AZ","04013116500","=""04013116500""","4813.33","2019-2023","2022","Census","Arizona (State)"
"Census Tract","04013116605","AZ","04013116605","=""04013116605""","7167.45","2019-2023","2022","Census","Arizona (State)"
"Census Tract","04013116606","AZ","04013116606","=""04013116606""","6257.71","2019-2023","2022","Census","Arizona (State)"
"Census Tract","04013116607","AZ","04013116607","=""04013116607""","4129.68","2019-2023","2022","Census","Arizona (State)"
"Census Tract","04013116610","AZ","04013116610","=""04013116610""","3727.14","2019-2023","2022","Census","Arizona (State)"
"Census Tract","04013116611","AZ","04013116611","=""04013116611""","893.51","2019-2023","2022","Census","Arizona (State)"
"Census Tract","04013116612","AZ","04013116612","=""04013116612""","2365.58","2019-2023","2022","Census","Arizona (State)"
"Census Tract","04013116614","AZ","04013116614","=""04013116614""","7243.33","2019-2023","2022","Census","Arizona (State)"
"Census Tract","04013116615","AZ","04013116615","=""04013116615""","8070.58","2019-2023","2022","Census","Arizona (State)"
"Census Tract","04013116616","AZ","04013116616","=""04013116616""","5096.87","2019-2023","2022","Census","Arizona (State)"
"Census Tract","04013116617","AZ","04013116617","=""04013116617""","1861.62","2019-2023","2022","Census","Arizona (State)"
"Census Tract","04013116618","AZ","04013116618","=""04013116618""","2774.24","2019-2023","2022","Census","Arizona (State)"
"Census Tract","04013116619","AZ","04013116619","=""04013116619""","1540.86","2019-2023","2022","Census","Arizona (State)"
"Census Tract","04013116620","AZ","04013116620","=""04013116620""","3841.55","2019-2023","2022","Census","Arizona (State)"
"Census Tract","04013116621","AZ","04013116621","=""04013116621""","4746.33","2019-2023","2022","Census","Arizona (State)"
"Census Tract","04013116703","AZ","04013116703","=""04013116703""","3934.84","2019-2023","2022","Census","Arizona (State)"
"Census Tract","04013116707","AZ","04013116707","=""04013116707""","6132.34","2019-2023","2022","Census","Arizona (State)"
"Census Tract","04013116708","AZ","04013116708","=""04013116708""","4216.45","2019-2023","2022","Census","Arizona (State)"
"Census Tract","04013116709","AZ","04013116709","=""04013116709""","7116.29","2019-2023","2022","Census","Arizona (State)"
"Census Tract","04013116710","AZ","04013116710","=""04013116710""","3532.89","2019-2023","2022","Census","Arizona (State)"
"Census Tract","04013116711","AZ","04013116711","=""04013116711""","4815.86","2019-2023","2022","Census","Arizona (State)"
"Census Tract","04013116712","AZ","04013116712","=""04013116712""","4714.71","2019-2023","2022","Census","Arizona (State)"
"Census Tract","04013116713","AZ","04013116713","=""04013116713""","6172.03","2019-2023","2022","Census","Arizona (State)"
"Census Tract","04013116714","AZ","04013116714","=""04013116714""","3423.22","2019-2023","2022","Census","Arizona (State)"
"Census Tract","04013116715","AZ","04013116715","=""04013116715""","4957.49","2019-2023","2022","Census","Arizona (State)"
"Census Tract","04013116717","AZ","04013116717","=""04013116717""","8291.79","2019-2023","2022","Census","Arizona (State)"
"Census Tract","04013116718","AZ","04013116718","=""04013116718""","7110.21","2019-2023","2022","Census","Arizona (State)"
"Census Tract","04013116719","AZ","04013116719","=""04013116719""","5176.30","2019-2023","2022","Census","Arizona (State)"
"Census Tract","04013116720","AZ","04013116720","=""04013116720""","6031.07","2019-2023","2022","Census","Arizona (State)"
"Census Tract","04013116721","AZ","04013116721","=""04013116721""","4012.89","2019-2023","2022","Census","Arizona (State)"
"Census Tract","04013116725","AZ","04013116725","=""04013116725""","3113.64","2019-2023","2022","Census","Arizona (State)"
"Census Tract","04013116727","AZ","04013116727","=""04013116727""","2168.64","2019-2023","2022","Census","Arizona (State)"
"Census Tract","04013116728","AZ","04013116728","=""04013116728""","2231.96","2019-2023","2022","Census","Arizona (State)"
"Census Tract","04013116729","AZ","04013116729","=""04013116729""","2589.17","2019-2023","2022","Census","Arizona (State)"
"Census Tract","04013116730","AZ","04013116730","=""04013116730""","1072.17","2019-2023","2022","Census","Arizona (State)"
"Census Tract","04013116731","AZ","04013116731","=""04013116731""","2745.44","2019-2023","2022","Census","Arizona (State)"
"Census Tract","04013116732","AZ","04013116732","=""04013116732""","1609.75","2019-2023","2022","Census","Arizona (State)"
"Census Tract","04013116733","AZ","04013116733","=""04013116733""","0.32","2019-2023","2022","Census","Arizona (State)"
"Census Tract","04013116734","AZ","04013116734","=""04013116734""","4180.19","2019-2023","2022","Census","Arizona (State)"
"Census Tract","04013116735","AZ","04013116735","=""04013116735""","5980.75","2019-2023","2022","Census","Arizona (State)"
"Census Tract","04013116736","AZ","04013116736","=""04013116736""","6610.15","2019-2023","2022","Census","Arizona (State)"
"Census Tract","04013116737","AZ","04013116737","=""04013116737""","2898.50","2019-2023","2022","Census","Arizona (State)"
"Census Tract","04013116738","AZ","04013116738","=""04013116738""","3220.64","2019-2023","2022","Census","Arizona (State)"
"Census Tract","04013116800","AZ","04013116800","=""04013116800""","1222.72","2019-2023","2022","Census","Arizona (State)"
"Census Tract","04013116900","AZ","04013116900","=""04013116900""","2256.54","2019-2023","2022","Census","Arizona (State)"
"Census Tract","04013117000","AZ","04013117000","=""04013117000""","8635.69","2019-2023","2022","Census","Arizona (State)"
"Census Tract","04013117100","AZ","04013117100","=""04013117100""","4919.47","2019-2023","2022","Census","Arizona (State)"
"Census Tract","04013117200","AZ","04013117200","=""04013117200""","395.85","2019-2023","2022","Census","Arizona (State)"
"Census Tract","04013117300","AZ","04013117300","=""04013117300""","732.91","2019-2023","2022","Census","Arizona (State)"
"Census Tract","04013216806","AZ","04013216806","=""04013216806""","3937.50","2019-2023","2022","Census","Arizona (State)"
"Census Tract","04013216807","AZ","04013216807","=""04013216807""","3739.20","2019-2023","2022","Census","Arizona (State)"
"Census Tract","04013216809","AZ","04013216809","=""04013216809""","1284.00","2019-2023","2022","Census","Arizona (State)"
"Census Tract","04013216810","AZ","04013216810","=""04013216810""","1792.59","2019-2023","2022","Census","Arizona (State)"
"Census Tract","04013216813","AZ","04013216813","=""04013216813""","2575.08","2019-2023","2022","Census","Arizona (State)"
"Census Tract","04013216816","AZ","04013216816","=""04013216816""","1046.81","2019-2023","2022","Census","Arizona (State)"
"Census Tract","04013216819","AZ","04013216819","=""04013216819""","715.06","2019-2023","2022","Census","Arizona (State)"
"Census Tract","04013216820","AZ","04013216820","=""04013216820""","2229.25","2019-2023","2022","Census","Arizona (State)"
"Census Tract","04013216821","AZ","04013216821","=""04013216821""","952.31","2019-2023","2022","Census","Arizona (State)"
"Census Tract","04013216822","AZ","04013216822","=""04013216822""","537.92","2019-2023","2022","Census","Arizona (State)"
"Census Tract","04013216826","AZ","04013216826","=""04013216826""","5026.01","2019-2023","2022","Census","Arizona (State)"
"Census Tract","04013216829","AZ","04013216829","=""04013216829""","155.32","2019-2023","2022","Census","Arizona (State)"
"Census Tract","04013216830","AZ","04013216830","=""04013216830""","2978.65","2019-2023","2022","Census","Arizona (State)"
"Census Tract","04013216831","AZ","04013216831","=""04013216831""","1371.30","2019-2023","2022","Census","Arizona (State)"
"Census Tract","04013216832","AZ","04013216832","=""04013216832""","3633.77","2019-2023","2022","Census","Arizona (State)"
"Census Tract","04013216833","AZ","04013216833","=""04013216833""","3097.80","2019-2023","2022","Census","Arizona (State)"
"Census Tract","04013216834","AZ","04013216834","=""04013216834""","2971.08","2019-2023","2022","Census","Arizona (State)"
"Census Tract","04013216835","AZ","04013216835","=""04013216835""","2707.00","2019-2023","2022","Census","Arizona (State)"
"Census Tract","04013216836","AZ","04013216836","=""04013216836""","2337.99","2019-2023","2022","Census","Arizona (State)"
"Census Tract","04013216837","AZ","04013216837","=""04013216837""","5019.08","2019-2023","2022","Census","Arizona (State)"
"Census Tract","04013216838","AZ","04013216838","=""04013216838""","5601.56","2019-2023","2022","Census","Arizona (State)"
"Census Tract","04013216839","AZ","04013216839","=""04013216839""","2958.87","2019-2023","2022","Census","Arizona (State)"
"Census Tract","04013216840","AZ","04013216840","=""04013216840""","1438.53","2019-2023","2022","Census","Arizona (State)"
"Census Tract","04013216841","AZ","04013216841","=""04013216841""","2168.12","2019-2023","2022","Census","Arizona (State)"
"Census Tract","04013216842","AZ","04013216842","=""04013216842""","2288.87","2019-2023","2022","Census","Arizona (State)"
"Census Tract","04013216843","AZ","04013216843","=""04013216843""","403.25","2019-2023","2022","Census","Arizona (State)"
"Census Tract","04013216844","AZ","04013216844","=""04013216844""","1483.29","2019-2023","2022","Census","Arizona (State)"
"Census Tract","04013216845","AZ","04013216845","=""04013216845""","1152.55","2019-2023","2022","Census","Arizona (State)"
"Census Tract","04013216849","AZ","04013216849","=""04013216849""","489.60","2019-2023","2022","Census","Arizona (State)"
"Census Tract","04013216850","AZ","04013216850","=""04013216850""","7073.38","2019-2023","2022","Census","Arizona (State)"
"Census Tract","04013216851","AZ","04013216851","=""04013216851""","196.77","2019-2023","2022","Census","Arizona (State)"
"Census Tract","04013216852","AZ","04013216852","=""04013216852""","8698.10","2019-2023","2022","Census","Arizona (State)"
"Census Tract","04013216853","AZ","04013216853","=""04013216853""","8100.74","2019-2023","2022","Census","Arizona (State)"
"Census Tract","04013216854","AZ","04013216854","=""04013216854""","2803.63","2019-2023","2022","Census","Arizona (State)"
"Census Tract","04013216855","AZ","04013216855","=""04013216855""","2012.32","2019-2023","2022","Census","Arizona (State)"
"Census Tract","04013216856","AZ","04013216856","=""04013216856""","1253.24","2019-2023","2022","Census","Arizona (State)"
"Census Tract","04013216857","AZ","04013216857","=""04013216857""","4008.98","2019-2023","2022","Census","Arizona (State)"
"Census Tract","04013216858","AZ","04013216858","=""04013216858""","0.00","2019-2023","2022","Census","Arizona (State)"
"Census Tract","04013216859","AZ","04013216859","=""04013216859""","1491.96","2019-2023","2022","Census","Arizona (State)"
"Census Tract","04013216860","AZ","04013216860","=""04013216860""","1892.43","2019-2023","2022","Census","Arizona (State)"
"Census Tract","04013216861","AZ","04013216861","=""04013216861""","3307.03","2019-2023","2022","Census","Arizona (State)"
"Census Tract","04013216901","AZ","04013216901","=""04013216901""","3154.87","2019-2023","2022","Census","Arizona (State)"
"Census Tract","04013216902","AZ","04013216902","=""04013216902""","3444.43","2019-2023","2022","Census","Arizona (State)"
"Census Tract","04013217001","AZ","04013217001","=""04013217001""","4059.13","2019-2023","2022","Census","Arizona (State)"
"Census Tract","04013217002","AZ","04013217002","=""04013217002""","4529.41","2019-2023","2022","Census","Arizona (State)"
"Census Tract","04013217101","AZ","04013217101","=""04013217101""","4854.05","2019-2023","2022","Census","Arizona (State)"
"Census Tract","04013217102","AZ","04013217102","=""04013217102""","5883.94","2019-2023","2022","Census","Arizona (State)"
"Census Tract","04013217201","AZ","04013217201","=""04013217201""","2737.36","2019-2023","2022","Census","Arizona (State)"
"Census Tract","04013217203","AZ","04013217203","=""04013217203""","7902.41","2019-2023","2022","Census","Arizona (State)"
"Census Tract","04013217204","AZ","04013217204","=""04013217204""","12382.25","2019-2023","2022","Census","Arizona (State)"
"Census Tract","04013217300","AZ","04013217300","=""04013217300""","4898.25","2019-2023","2022","Census","Arizona (State)"
"Census Tract","04013217400","AZ","04013217400","=""04013217400""","4127.29","2019-2023","2022","Census","Arizona (State)"
"Census Tract","04013217501","AZ","04013217501","=""04013217501""","8086.73","2019-2023","2022","Census","Arizona (State)"
"Census Tract","04013217502","AZ","04013217502","=""04013217502""","12512.21","2019-2023","2022","Census","Arizona (State)"
"Census Tract","04013217600","AZ","04013217600","=""04013217600""","6141.58","2019-2023","2022","Census","Arizona (State)"
"Census Tract","04013217700","AZ","04013217700","=""04013217700""","4536.34","2019-2023","2022","Census","Arizona (State)"
"Census Tract","04013217800","AZ","04013217800","=""04013217800""","5936.30","2019-2023","2022","Census","Arizona (State)"
"Census Tract","04013217900","AZ","04013217900","=""04013217900""","3893.84","2019-2023","2022","Census","Arizona (State)"
"Census Tract","04013218000","AZ","04013218000","=""04013218000""","5061.54","2019-2023","2022","Census","Arizona (State)"
"Census Tract","04013218100","AZ","04013218100","=""04013218100""","5870.78","2019-2023","2022","Census","Arizona (State)"
"Census Tract","04013218200","AZ","04013218200","=""04013218200""","7093.12","2019-2023","2022","Census","Arizona (State)"
"Census Tract","04013218300","AZ","04013218300","=""04013218300""","5015.84","2019-2023","2022","Census","Arizona (State)"
"Census Tract","04013318400","AZ","04013318400","=""04013318400""","1791.58","2019-2023","2022","Census","Arizona (State)"
"Census Tract","04013318501","AZ","04013318501","=""04013318501""","7286.16","2019-2023","2022","Census","Arizona (State)"
"Census Tract","04013318700","AZ","04013318700","=""04013318700""","5967.18","2019-2023","2022","Census","Arizona (State)"
"Census Tract","04013318800","AZ","04013318800","=""04013318800""","7860.66","2019-2023","2022","Census","Arizona (State)"
"Census Tract","04013318900","AZ","04013318900","=""04013318900""","6430.25","2019-2023","2022","Census","Arizona (State)"
"Census Tract","04013319001","AZ","04013319001","=""04013319001""","10147.93","2019-2023","2022","Census","Arizona (State)"
"Census Tract","04013319002","AZ","04013319002","=""04013319002""","8251.47","2019-2023","2022","Census","Arizona (State)"
"Census Tract","04013319101","AZ","04013319101","=""04013319101""","28543.23","2019-2023","2022","Census","Arizona (State)"
"Census Tract","04013319103","AZ","04013319103","=""04013319103""","13612.16","2019-2023","2022","Census","Arizona (State)"
"Census Tract","04013319104","AZ","04013319104","=""04013319104""","14538.10","2019-2023","2022","Census","Arizona (State)"
"Census Tract","04013319201","AZ","04013319201","=""04013319201""","14800.03","2019-2023","2022","Census","Arizona (State)"
"Census Tract","04013319202","AZ","04013319202","=""04013319202""","7375.06","2019-2023","2022","Census","Arizona (State)"
"Census Tract","04013319300","AZ","04013319300","=""04013319300""","5501.33","2019-2023","2022","Census","Arizona (State)"
"Census Tract","04013319401","AZ","04013319401","=""04013319401""","6555.60","2019-2023","2022","Census","Arizona (State)"
"Census Tract","04013319402","AZ","04013319402","=""04013319402""","4046.72","2019-2023","2022","Census","Arizona (State)"
"Census Tract","04013319403","AZ","04013319403","=""04013319403""","4593.39","2019-2023","2022","Census","Arizona (State)"
"Census Tract","04013319404","AZ","04013319404","=""04013319404""","4878.78","2019-2023","2022","Census","Arizona (State)"
"Census Tract","04013319500","AZ","04013319500","=""04013319500""","6587.92","2019-2023","2022","Census","Arizona (State)"
"Census Tract","04013319600","AZ","04013319600","=""04013319600""","5891.17","2019-2023","2022","Census","Arizona (State)"
"Census Tract","04013319705","AZ","04013319705","=""04013319705""","2686.91","2019-2023","2022","Census","Arizona (State)"
"Census Tract","04013319706","AZ","04013319706","=""04013319706""","11134.45","2019-2023","2022","Census","Arizona (State)"
"Census Tract","04013319707","AZ","04013319707","=""04013319707""","0.00","2019-2023","2022","Census","Arizona (State)"
"Census Tract","04013319708","AZ","04013319708","=""04013319708""","5395.82","2019-2023","2022","Census","Arizona (State)"
"Census Tract","04013319709","AZ","04013319709","=""04013319709""","0.00","2019-2023","2022","Census","Arizona (State)"
"Census Tract","04013319710","AZ","04013319710","=""04013319710""","1038.38","2019-2023","2022","Census","Arizona (State)"
"Census Tract","04013319801","AZ","04013319801","=""04013319801""","6339.68","2019-2023","2022","Census","Arizona (State)"
"Census Tract","04013319802","AZ","04013319802","=""04013319802""","7209.95","2019-2023","2022","Census","Arizona (State)"
"Census Tract","04013319902","AZ","04013319902","=""04013319902""","2824.87","2019-2023","2022","Census","Arizona (State)"
"Census Tract","04013319903","AZ","04013319903","=""04013319903""","5560.32","2019-2023","2022","Census","Arizona (State)"
"Census Tract","04013319904","AZ","04013319904","=""04013319904""","5066.13","2019-2023","2022","Census","Arizona (State)"
"Census Tract","04013319905","AZ","04013319905","=""04013319905""","4684.08","2019-2023","2022","Census","Arizona (State)"
"Census Tract","04013319906","AZ","04013319906","=""04013319906""","3325.27","2019-2023","2022","Census","Arizona (State)"
"Census Tract","04013319907","AZ","04013319907","=""04013319907""","2491.32","2019-2023","2022","Census","Arizona (State)"
"Census Tract","04013319908","AZ","04013319908","=""04013319908""","2268.15","2019-2023","2022","Census","Arizona (State)"
"Census Tract","04013319909","AZ","04013319909","=""04013319909""","2555.02","2019-2023","2022","Census","Arizona (State)"
"Census Tract","04013319910","AZ","04013319910","=""04013319910""","1849.29","2019-2023","2022","Census","Arizona (State)"
"Census Tract","04013320001","AZ","04013320001","=""04013320001""","7425.53","2019-2023","2022","Census","Arizona (State)"
"Census Tract","04013320002","AZ","04013320002","=""04013320002""","6624.47","2019-2023","2022","Census","Arizona (State)"
"Census Tract","04013320007","AZ","04013320007","=""04013320007""","8826.59","2019-2023","2022","Census","Arizona (State)"
"Census Tract","04013320100","AZ","04013320100","=""04013320100""","2137.89","2019-2023","2022","Census","Arizona (State)"
"Census Tract","04013420104","AZ","04013420104","=""04013420104""","1866.92","2019-2023","2022","Census","Arizona (State)"
"Census Tract","04013420105","AZ","04013420105","=""04013420105""","2125.12","2019-2023","2022","Census","Arizona (State)"
"Census Tract","04013420107","AZ","04013420107","=""04013420107""","2176.85","2019-2023","2022","Census","Arizona (State)"
"Census Tract","04013420108","AZ","04013420108","=""04013420108""","453.72","2019-2023","2022","Census","Arizona (State)"
"Census Tract","04013420109","AZ","04013420109","=""04013420109""","2028.92","2019-2023","2022","Census","Arizona (State)"
"Census Tract","04013420110","AZ","04013420110","=""04013420110""","596.11","2019-2023","2022","Census","Arizona (State)"
"Census Tract","04013420111","AZ","04013420111","=""04013420111""","4399.95","2019-2023","2022","Census","Arizona (State)"
"Census Tract","04013420112","AZ","04013420112","=""04013420112""","4306.13","2019-2023","2022","Census","Arizona (State)"
"Census Tract","04013420113","AZ","04013420113","=""04013420113""","6735.09","2019-2023","2022","Census","Arizona (State)"
"Census Tract","04013420114","AZ","04013420114","=""04013420114""","3731.72","2019-2023","2022","Census","Arizona (State)"
"Census Tract","04013420115","AZ","04013420115","=""04013420115""","4162.65","2019-2023","2022","Census","Arizona (State)"
"Census Tract","04013420116","AZ","04013420116","=""04013420116""","4248.16","2019-2023","2022","Census","Arizona (State)"
"Census Tract","04013420202","AZ","04013420202","=""04013420202""","5525.71","2019-2023","2022","Census","Arizona (State)"
"Census Tract","04013420206","AZ","04013420206","=""04013420206""","646.70","2019-2023","2022","Census","Arizona (State)"
"Census Tract","04013420207","AZ","04013420207","=""04013420207""","2132.68","2019-2023","2022","Census","Arizona (State)"
"Census Tract","04013420208","AZ","04013420208","=""04013420208""","5854.96","2019-2023","2022","Census","Arizona (State)"
"Census Tract","04013420209","AZ","04013420209","=""04013420209""","4132.52","2019-2023","2022","Census","Arizona (State)"
"Census Tract","04013420210","AZ","04013420210","=""04013420210""","5301.28","2019-2023","2022","Census","Arizona (State)"
"Census Tract","04013420211","AZ","04013420211","=""04013420211""","4274.31","2019-2023","2022","Census","Arizona (State)"
"Census Tract","04013420212","AZ","04013420212","=""04013420212""","2810.58","2019-2023","2022","Census","Arizona (State)"
"Census Tract","04013420213","AZ","04013420213","=""04013420213""","3968.58","2019-2023","2022","Census","Arizona (State)"
"Census Tract","04013420214","AZ","04013420214","=""04013420214""","4674.89","2019-2023","2022","Census","Arizona (State)"
"Census Tract","04013420215","AZ","04013420215","=""04013420215""","3550.75","2019-2023","2022","Census","Arizona (State)"
"Census Tract","04013420216","AZ","04013420216","=""04013420216""","3780.96","2019-2023","2022","Census","Arizona (State)"
"Census Tract","04013420301","AZ","04013420301","=""04013420301""","2910.73","2019-2023","2022","Census","Arizona (State)"
"Census Tract","04013420302","AZ","04013420302","=""04013420302""","4914.52","2019-2023","2022","Census","Arizona (State)"
"Census Tract","04013420303","AZ","04013420303","=""04013420303""","4619.18","2019-2023","2022","Census","Arizona (State)"
"Census Tract","04013420304","AZ","04013420304","=""04013420304""","413.04","2019-2023","2022","Census","Arizona (State)"
"Census Tract","04013420401","AZ","04013420401","=""04013420401""","3316.63","2019-2023","2022","Census","Arizona (State)"
"Census Tract","04013420402","AZ","04013420402","=""04013420402""","1380.04","2019-2023","2022","Census","Arizona (State)"
"Census Tract","04013420503","AZ","04013420503","=""04013420503""","6803.74","2019-2023","2022","Census","Arizona (State)"
"Census Tract","04013420504","AZ","04013420504","=""04013420504""","7022.76","2019-2023","2022","Census","Arizona (State)"
"Census Tract","04013420505","AZ","04013420505","=""04013420505""","5832.21","2019-2023","2022","Census","Arizona (State)"
"Census Tract","04013420506","AZ","04013420506","=""04013420506""","6589.73","2019-2023","2022","Census","Arizona (State)"
"Census Tract","04013420602","AZ","04013420602","=""04013420602""","4820.01","2019-2023","2022","Census","Arizona (State)"
"Census Tract","04013420603","AZ","04013420603","=""04013420603""","4163.74","2019-2023","2022","Census","Arizona (State)"
"Census Tract","04013420604","AZ","04013420604","=""04013420604""","5180.23","2019-2023","2022","Census","Arizona (State)"
"Census Tract","04013420704","AZ","04013420704","=""04013420704""","5543.38","2019-2023","2022","Census","Arizona (State)"
"Census Tract","04013420705","AZ","04013420705","=""04013420705""","1728.19","2019-2023","2022","Census","Arizona (State)"
"Census Tract","04013420706","AZ","04013420706","=""04013420706""","5206.08","2019-2023","2022","Census","Arizona (State)"
"Census Tract","04013420707","AZ","04013420707","=""04013420707""","4150.13","2019-2023","2022","Census","Arizona (State)"
"Census Tract","04013420708","AZ","04013420708","=""04013420708""","7216.13","2019-2023","2022","Census","Arizona (State)"
"Census Tract","04013420709","AZ","04013420709","=""04013420709""","6366.54","2019-2023","2022","Census","Arizona (State)"
"Census Tract","04013420710","AZ","04013420710","=""04013420710""","6615.17","2019-2023","2022","Census","Arizona (State)"
"Census Tract","04013420800","AZ","04013420800","=""04013420800""","5239.46","2019-2023","2022","Census","Arizona (State)"
"Census Tract","04013420901","AZ","04013420901","=""04013420901""","6592.70","2019-2023","2022","Census","Arizona (State)"
"Census Tract","04013420902","AZ","04013420902","=""04013420902""","7814.45","2019-2023","2022","Census","Arizona (State)"
"Census Tract","04013421001","AZ","04013421001","=""04013421001""","8117.78","2019-2023","2022","Census","Arizona (State)"
"Census Tract","04013421002","AZ","04013421002","=""04013421002""","6561.77","2019-2023","2022","Census","Arizona (State)"
"Census Tract","04013421101","AZ","04013421101","=""04013421101""","5061.38","2019-2023","2022","Census","Arizona (State)"
"Census Tract","04013421102","AZ","04013421102","=""04013421102""","6473.60","2019-2023","2022","Census","Arizona (State)"
"Census Tract","04013421201","AZ","04013421201","=""04013421201""","3177.16","2019-2023","2022","Census","Arizona (State)"
"Census Tract","04013421202","AZ","04013421202","=""04013421202""","6208.68","2019-2023","2022","Census","Arizona (State)"
"Census Tract","04013421302","AZ","04013421302","=""04013421302""","6224.25","2019-2023","2022","Census","Arizona (State)"
"Census Tract","04013421303","AZ","04013421303","=""04013421303""","7627.69","2019-2023","2022","Census","Arizona (State)"
"Census Tract","04013421304","AZ","04013421304","=""04013421304""","4237.65","2019-2023","2022","Census","Arizona (State)"
"Census Tract","04013421400","AZ","04013421400","=""04013421400""","2801.98","2019-2023","2022","Census","Arizona (State)"
"Census Tract","04013421501","AZ","04013421501","=""04013421501""","8788.98","2019-2023","2022","Census","Arizona (State)"
"Census Tract","04013421502","AZ","04013421502","=""04013421502""","6998.86","2019-2023","2022","Census","Arizona (State)"
"Census Tract","04013421601","AZ","04013421601","=""04013421601""","5658.47","2019-2023","2022","Census","Arizona (State)"
"Census Tract","04013421602","AZ","04013421602","=""04013421602""","9179.93","2019-2023","2022","Census","Arizona (State)"
"Census Tract","04013421701","AZ","04013421701","=""04013421701""","11219.63","2019-2023","2022","Census","Arizona (State)"
"Census Tract","04013421702","AZ","04013421702","=""04013421702""","7290.03","2019-2023","2022","Census","Arizona (State)"
"Census Tract","04013421801","AZ","04013421801","=""04013421801""","5766.30","2019-2023","2022","Census","Arizona (State)"
"Census Tract","04013421802","AZ","04013421802","=""04013421802""","9081.76","2019-2023","2022","Census","Arizona (State)"
"Census Tract","04013421901","AZ","04013421901","=""04013421901""","8763.05","2019-2023","2022","Census","Arizona (State)"
"Census Tract","04013421902","AZ","04013421902","=""04013421902""","12665.91","2019-2023","2022","Census","Arizona (State)"
"Census Tract","04013422001","AZ","04013422001","=""04013422001""","8965.41","2019-2023","2022","Census","Arizona (State)"
"Census Tract","04013422002","AZ","04013422002","=""04013422002""","7656.49","2019-2023","2022","Census","Arizona (State)"
"Census Tract","04013422102","AZ","04013422102","=""04013422102""","8843.74","2019-2023","2022","Census","Arizona (State)"
"Census Tract","04013422103","AZ","04013422103","=""04013422103""","17731.20","2019-2023","2022","Census","Arizona (State)"
"Census Tract","04013422104","AZ","04013422104","=""04013422104""","9905.64","2019-2023","2022","Census","Arizona (State)"
"Census Tract","04013422105","AZ","04013422105","=""04013422105""","6390.14","2019-2023","2022","Census","Arizona (State)"
"Census Tract","04013422106","AZ","04013422106","=""04013422106""","13761.89","2019-2023","2022","Census","Arizona (State)"
"Census Tract","04013422107","AZ","04013422107","=""04013422107""","17316.60","2019-2023","2022","Census","Arizona (State)"
"Census Tract","04013422203","AZ","04013422203","=""04013422203""","5421.52","2019-2023","2022","Census","Arizona (State)"
"Census Tract","04013422209","AZ","04013422209","=""04013422209""","7597.41","2019-2023","2022","Census","Arizona (State)"
"Census Tract","04013422210","AZ","04013422210","=""04013422210""","5766.12","2019-2023","2022","Census","Arizona (State)"
"Census Tract","04013422211","AZ","04013422211","=""04013422211""","2825.17","2019-2023","2022","Census","Arizona (State)"
"Census Tract","04013422212","AZ","04013422212","=""04013422212""","5016.90","2019-2023","2022","Census","Arizona (State)"
"Census Tract","04013422213","AZ","04013422213","=""04013422213""","4945.96","2019-2023","2022","Census","Arizona (State)"
"Census Tract","04013422215","AZ","04013422215","=""04013422215""","4556.65","2019-2023","2022","Census","Arizona (State)"
"Census Tract","04013422216","AZ","04013422216","=""04013422216""","5500.87","2019-2023","2022","Census","Arizona (State)"
"Census Tract","04013422217","AZ","04013422217","=""04013422217""","7132.52","2019-2023","2022","Census","Arizona (State)"
"Census Tract","04013422218","AZ","04013422218","=""04013422218""","5551.10","2019-2023","2022","Census","Arizona (State)"
"Census Tract","04013422219","AZ","04013422219","=""04013422219""","7295.29","2019-2023","2022","Census","Arizona (State)"
"Census Tract","04013422220","AZ","04013422220","=""04013422220""","3925.17","2019-2023","2022","Census","Arizona (State)"
"Census Tract","04013422221","AZ","04013422221","=""04013422221""","5640.56","2019-2023","2022","Census","Arizona (State)"
"Census Tract","04013422222","AZ","04013422222","=""04013422222""","5827.76","2019-2023","2022","Census","Arizona (State)"
"Census Tract","04013422223","AZ","04013422223","=""04013422223""","6290.90","2019-2023","2022","Census","Arizona (State)"
"Census Tract","04013422224","AZ","04013422224","=""04013422224""","0.00","2019-2023","2022","Census","Arizona (State)"
"Census Tract","04013422225","AZ","04013422225","=""04013422225""","0.00","2019-2023","2022","Census","Arizona (State)"
"Census Tract","04013422226","AZ","04013422226","=""04013422226""","0.00","2019-2023","2022","Census","Arizona (State)"
"Census Tract","04013422227","AZ","04013422227","=""04013422227""","4079.55","2019-2023","2022","Census","Arizona (State)"
"Census Tract","04013422301","AZ","04013422301","=""04013422301""","3002.57","2019-2023","2022","Census","Arizona (State)"
"Census Tract","04013422302","AZ","04013422302","=""04013422302""","5269.23","2019-2023","2022","Census","Arizona (State)"
"Census Tract","04013422304","AZ","04013422304","=""04013422304""","2562.34","2019-2023","2022","Census","Arizona (State)"
"Census Tract","04013422305","AZ","04013422305","=""04013422305""","7240.29","2019-2023","2022","Census","Arizona (State)"
"Census Tract","04013422307","AZ","04013422307","=""04013422307""","1412.27","2019-2023","2022","Census","Arizona (State)"
"Census Tract","04013422308","AZ","04013422308","=""04013422308""","5063.67","2019-2023","2022","Census","Arizona (State)"
"Census Tract","04013422309","AZ","04013422309","=""04013422309""","5218.36","2019-2023","2022","Census","Arizona (State)"
"Census Tract","04013422401","AZ","04013422401","=""04013422401""","4076.88","2019-2023","2022","Census","Arizona (State)"
"Census Tract","04013422402","AZ","04013422402","=""04013422402""","5422.14","2019-2023","2022","Census","Arizona (State)"
"Census Tract","04013422403","AZ","04013422403","=""04013422403""","4545.41","2019-2023","2022","Census","Arizona (State)"
"Census Tract","04013422404","AZ","04013422404","=""04013422404""","4541.33","2019-2023","2022","Census","Arizona (State)"
"Census Tract","04013422501","AZ","04013422501","=""04013422501""","6049.85","2019-2023","2022","Census","Arizona (State)"
"Census Tract","04013422502","AZ","04013422502","=""04013422502""","6339.13","2019-2023","2022","Census","Arizona (State)"
"Census Tract","04013422503","AZ","04013422503","=""04013422503""","6116.56","2019-2023","2022","Census","Arizona (State)"
"Census Tract","04013422504","AZ","04013422504","=""04013422504""","5236.90","2019-2023","2022","Census","Arizona (State)"
"Census Tract","04013422506","AZ","04013422506","=""04013422506""","5565.96","2019-2023","2022","Census","Arizona (State)"
"Census Tract","04013422507","AZ","04013422507","=""04013422507""","4387.35","2019-2023","2022","Census","Arizona (State)"
"Census Tract","04013422508","AZ","04013422508","=""04013422508""","3881.31","2019-2023","2022","Census","Arizona (State)"
"Census Tract","04013422509","AZ","04013422509","=""04013422509""","5007.37","2019-2023","2022","Census","Arizona (State)"
"Census Tract","04013422510","AZ","04013422510","=""04013422510""","2869.09","2019-2023","2022","Census","Arizona (State)"
"Census Tract","04013422511","AZ","04013422511","=""04013422511""","2854.09","2019-2023","2022","Census","Arizona (State)"
"Census Tract","04013422512","AZ","04013422512","=""04013422512""","5393.02","2019-2023","2022","Census","Arizona (State)"
"Census Tract","04013422513","AZ","04013422513","=""04013422513""","5100.78","2019-2023","2022","Census","Arizona (State)"
"Census Tract","04013422514","AZ","04013422514","=""04013422514""","5057.58","2019-2023","2022","Census","Arizona (State)"
"Census Tract","04013422607","AZ","04013422607","=""04013422607""","4011.44","2019-2023","2022","Census","Arizona (State)"
"Census Tract","04013422609","AZ","04013422609","=""04013422609""","4430.86","2019-2023","2022","Census","Arizona (State)"
"Census Tract","04013422610","AZ","04013422610","=""04013422610""","2957.96","2019-2023","2022","Census","Arizona (State)"
"Census Tract","04013422615","AZ","04013422615","=""04013422615""","3684.98","2019-2023","2022","Census","Arizona (State)"
"Census Tract","04013422617","AZ","04013422617","=""04013422617""","5555.65","2019-2023","2022","Census","Arizona (State)"
"Census Tract","04013422618","AZ","04013422618","=""04013422618""","3160.97","2019-2023","2022","Census","Arizona (State)"
"Census Tract","04013422620","AZ","04013422620","=""04013422620""","3202.32","2019-2023","2022","Census","Arizona (State)"
"Census Tract","04013422621","AZ","04013422621","=""04013422621""","4581.12","2019-2023","2022","Census","Arizona (State)"
"Census Tract","04013422622","AZ","04013422622","=""04013422622""","4431.46","2019-2023","2022","Census","Arizona (State)"
"Census Tract","04013422623","AZ","04013422623","=""04013422623""","4307.13","2019-2023","2022","Census","Arizona (State)"
"Census Tract","04013422624","AZ","04013422624","=""04013422624""","4931.69","2019-2023","2022","Census","Arizona (State)"
"Census Tract","04013422625","AZ","04013422625","=""04013422625""","5458.06","2019-2023","2022","Census","Arizona (State)"
"Census Tract","04013422626","AZ","04013422626","=""04013422626""","3708.81","2019-2023","2022","Census","Arizona (State)"
"Census Tract","04013422627","AZ","04013422627","=""04013422627""","4326.13","2019-2023","2022","Census","Arizona (State)"
"Census Tract","04013422628","AZ","04013422628","=""04013422628""","5365.31","2019-2023","2022","Census","Arizona (State)"
"Census Tract","04013422629","AZ","04013422629","=""04013422629""","5374.62","2019-2023","2022","Census","Arizona (State)"
"Census Tract","04013422630","AZ","04013422630","=""04013422630""","6345.42","2019-2023","2022","Census","Arizona (State)"
"Census Tract","04013422632","AZ","04013422632","=""04013422632""","3980.39","2019-2023","2022","Census","Arizona (State)"
"Census Tract","04013422633","AZ","04013422633","=""04013422633""","2799.25","2019-2023","2022","Census","Arizona (State)"
"Census Tract","04013422634","AZ","04013422634","=""04013422634""","4962.38","2019-2023","2022","Census","Arizona (State)"
"Census Tract","04013422636","AZ","04013422636","=""04013422636""","3608.94","2019-2023","2022","Census","Arizona (State)"
"Census Tract","04013422637","AZ","04013422637","=""04013422637""","6421.27","2019-2023","2022","Census","Arizona (State)"
"Census Tract","04013422638","AZ","04013422638","=""04013422638""","3783.26","2019-2023","2022","Census","Arizona (State)"
"Census Tract","04013422639","AZ","04013422639","=""04013422639""","1572.16","2019-2023","2022","Census","Arizona (State)"
"Census Tract","04013422640","AZ","04013422640","=""04013422640""","4947.78","2019-2023","2022","Census","Arizona (State)"
"Census Tract","04013422642","AZ","04013422642","=""04013422642""","5561.68","2019-2023","2022","Census","Arizona (State)"
"Census Tract","04013422643","AZ","04013422643","=""04013422643""","2930.60","2019-2023","2022","Census","Arizona (State)"
"Census Tract","04013422647","AZ","04013422647","=""04013422647""","2537.82","2019-2023","2022","Census","Arizona (State)"
"Census Tract","04013422648","AZ","04013422648","=""04013422648""","6278.94","2019-2023","2022","Census","Arizona (State)"
"Census Tract","04013422649","AZ","04013422649","=""04013422649""","7454.03","2019-2023","2022","Census","Arizona (State)"
"Census Tract","04013422650","AZ","04013422650","=""04013422650""","3185.23","2019-2023","2022","Census","Arizona (State)"
"Census Tract","04013422651","AZ","04013422651","=""04013422651""","5012.03","2019-2023","2022","Census","Arizona (State)"
"Census Tract","04013422652","AZ","04013422652","=""04013422652""","1471.59","2019-2023","2022","Census","Arizona (State)"
"Census Tract","04013422653","AZ","04013422653","=""04013422653""","3213.14","2019-2023","2022","Census","Arizona (State)"
"Census Tract","04013422654","AZ","04013422654","=""04013422654""","2877.22","2019-2023","2022","Census","Arizona (State)"
"Census Tract","04013422655","AZ","04013422655","=""04013422655""","3594.63","2019-2023","2022","Census","Arizona (State)"
"Census Tract","04013422656","AZ","04013422656","=""04013422656""","2781.06","2019-2023","2022","Census","Arizona (State)"
"Census Tract","04013422657","AZ","04013422657","=""04013422657""","3635.61","2019-2023","2022","Census","Arizona (State)"
"Census Tract","04013422658","AZ","04013422658","=""04013422658""","4451.78","2019-2023","2022","Census","Arizona (State)"
"Census Tract","04013422659","AZ","04013422659","=""04013422659""","4383.46","2019-2023","2022","Census","Arizona (State)"
"Census Tract","04013422660","AZ","04013422660","=""04013422660""","3259.10","2019-2023","2022","Census","Arizona (State)"
"Census Tract","04013522801","AZ","04013522801","=""04013522801""","13.14","2019-2023","2022","Census","Arizona (State)"
"Census Tract","04013522802","AZ","04013522802","=""04013522802""","593.52","2019-2023","2022","Census","Arizona (State)"
"Census Tract","04013522901","AZ","04013522901","=""04013522901""","5051.12","2019-2023","2022","Census","Arizona (State)"
"Census Tract","04013522903","AZ","04013522903","=""04013522903""","10687.76","2019-2023","2022","Census","Arizona (State)"
"Census Tract","04013522904","AZ","04013522904","=""04013522904""","9880.37","2019-2023","2022","Census","Arizona (State)"
"Census Tract","04013523002","AZ","04013523002","=""04013523002""","5655.49","2019-2023","2022","Census","Arizona (State)"
"Census Tract","04013523005","AZ","04013523005","=""04013523005""","5244.26","2019-2023","2022","Census","Arizona (State)"
"Census Tract","04013523006","AZ","04013523006","=""04013523006""","5792.89","2019-2023","2022","Census","Arizona (State)"
"Census Tract","04013523007","AZ","04013523007","=""04013523007""","6328.38","2019-2023","2022","Census","Arizona (State)"
"Census Tract","04013523008","AZ","04013523008","=""04013523008""","6385.23","2019-2023","2022","Census","Arizona (State)"
"Census Tract","04013523102","AZ","04013523102","=""04013523102""","6172.74","2019-2023","2022","Census","Arizona (State)"
"Census Tract","04013523103","AZ","04013523103","=""04013523103""","6165.79","2019-2023","2022","Census","Arizona (State)"
"Census Tract","04013523104","AZ","04013523104","=""04013523104""","6649.07","2019-2023","2022","Census","Arizona (State)"
"Census Tract","04013610001","AZ","04013610001","=""04013610001""","65.13","2019-2023","2022","Census","Arizona (State)"
"Census Tract","04013610002","AZ","04013610002","=""04013610002""","78.16","2019-2023","2022","Census","Arizona (State)"
"Census Tract","04013610100","AZ","04013610100","=""04013610100""","85.13","2019-2023","2022","Census","Arizona (State)"
"Census Tract","04013610201","AZ","04013610201","=""04013610201""","2490.02","2019-2023","2022","Census","Arizona (State)"
"Census Tract","04013610202","AZ","04013610202","=""04013610202""","1459.72","2019-2023","2022","Census","Arizona (State)"
"Census Tract","04013610301","AZ","04013610301","=""04013610301""","2584.09","2019-2023","2022","Census","Arizona (State)"
"Census Tract","04013610302","AZ","04013610302","=""04013610302""","4204.11","2019-2023","2022","Census","Arizona (State)"
"Census Tract","04013610400","AZ","04013610400","=""04013610400""","4449.05","2019-2023","2022","Census","Arizona (State)"
"Census Tract","04013610500","AZ","04013610500","=""04013610500""","624.54","2019-2023","2022","Census","Arizona (State)"
"Census Tract","04013610600","AZ","04013610600","=""04013610600""","1692.99","2019-2023","2022","Census","Arizona (State)"
"Census Tract","04013610700","AZ","04013610700","=""04013610700""","199.09","2019-2023","2022","Census","Arizona (State)"
"Census Tract","04013610800","AZ","04013610800","=""04013610800""","357.45","2019-2023","2022","Census","Arizona (State)"
"Census Tract","04013610901","AZ","04013610901","=""04013610901""","1396.08","2019-2023","2022","Census","Arizona (State)"
"Census Tract","04013610902","AZ","04013610902","=""04013610902""","1380.20","2019-2023","2022","Census","Arizona (State)"
"Census Tract","04013610903","AZ","04013610903","=""04013610903""","1259.20","2019-2023","2022","Census","Arizona (State)"
"Census Tract","04013611000","AZ","04013611000","=""04013611000""","1719.76","2019-2023","2022","Census","Arizona (State)"
"Census Tract","04013611100","AZ","04013611100","=""04013611100""","2023.06","2019-2023","2022","Census","Arizona (State)"
"Census Tract","04013611200","AZ","04013611200","=""04013611200""","3837.69","2019-2023","2022","Census","Arizona (State)"
"Census Tract","04013611300","AZ","04013611300","=""04013611300""","328.95","2019-2023","2022","Census","Arizona (State)"
"Census Tract","04013611400","AZ","04013611400","=""04013611400""","3271.22","2019-2023","2022","Census","Arizona (State)"
"Census Tract","04013611500","AZ","04013611500","=""04013611500""","3662.98","2019-2023","2022","Census","Arizona (State)"
"Census Tract","04013611600","AZ","04013611600","=""04013611600""","1793.32","2019-2023","2022","Census","Arizona (State)"
"Census Tract","04013611700","AZ","04013611700","=""04013611700""","2158.77","2019-2023","2022","Census","Arizona (State)"
"Census Tract","04013611800","AZ","04013611800","=""04013611800""","7092.18","2019-2023","2022","Census","Arizona (State)"
"Census Tract","04013611900","AZ","04013611900","=""04013611900""","840.21","2019-2023","2022","Census","Arizona (State)"
"Census Tract","04013612000","AZ","04013612000","=""04013612000""","765.30","2019-2023","2022","Census","Arizona (State)"
"Census Tract","04013612200","AZ","04013612200","=""04013612200""","860.03","2019-2023","2022","Census","Arizona (State)"
"Census Tract","04013612301","AZ","04013612301","=""04013612301""","632.13","2019-2023","2022","Census","Arizona (State)"
"Census Tract","04013612302","AZ","04013612302","=""04013612302""","3464.80","2019-2023","2022","Census","Arizona (State)"
"Census Tract","04013612401","AZ","04013612401","=""04013612401""","3139.43","2019-2023","2022","Census","Arizona (State)"
"Census Tract","04013612402","AZ","04013612402","=""04013612402""","246.08","2019-2023","2022","Census","Arizona (State)"
"Census Tract","04013612500","AZ","04013612500","=""04013612500""","1640.67","2019-2023","2022","Census","Arizona (State)"
"Census Tract","04013612600","AZ","04013612600","=""04013612600""","4197.94","2019-2023","2022","Census","Arizona (State)"
"Census Tract","04013612700","AZ","04013612700","=""04013612700""","2510.30","2019-2023","2022","Census","Arizona (State)"
"Census Tract","04013612800","AZ","04013612800","=""04013612800""","2848.85","2019-2023","2022","Census","Arizona (State)"
"Census Tract","04013612900","AZ","04013612900","=""04013612900""","2845.78","2019-2023","2022","Census","Arizona (State)"
"Census Tract","04013613000","AZ","04013613000","=""04013613000""","1575.13","2019-2023","2022","Census","Arizona (State)"
"Census Tract","04013613100","AZ","04013613100","=""04013613100""","1326.87","2019-2023","2022","Census","Arizona (State)"
"Census Tract","04013613200","AZ","04013613200","=""04013613200""","1012.56","2019-2023","2022","Census","Arizona (State)"
"Census Tract","04013613300","AZ","04013613300","=""04013613300""","498.65","2019-2023","2022","Census","Arizona (State)"
"Census Tract","04013613400","AZ","04013613400","=""04013613400""","2692.23","2019-2023","2022","Census","Arizona (State)"
"Census Tract","04013613500","AZ","04013613500","=""04013613500""","4689.38","2019-2023","2022","Census","Arizona (State)"
"Census Tract","04013613601","AZ","04013613601","=""04013613601""","3903.72","2019-2023","2022","Census","Arizona (State)"
"Census Tract","04013613602","AZ","04013613602","=""04013613602""","4347.42","2019-2023","2022","Census","Arizona (State)"
"Census Tract","04013613700","AZ","04013613700","=""04013613700""","6480.34","2019-2023","2022","Census","Arizona (State)"
"Census Tract","04013613800","AZ","04013613800","=""04013613800""","3070.14","2019-2023","2022","Census","Arizona (State)"
"Census Tract","04013613900","AZ","04013613900","=""04013613900""","3639.86","2019-2023","2022","Census","Arizona (State)"
"Census Tract","04013614000","AZ","04013614000","=""04013614000""","4209.79","2019-2023","2022","Census","Arizona (State)"
"Census Tract","04013614100","AZ","04013614100","=""04013614100""","5384.67","2019-2023","2022","Census","Arizona (State)"
"Census Tract","04013614200","AZ","04013614200","=""04013614200""","2328.87","2019-2023","2022","Census","Arizona (State)"
"Census Tract","04013614300","AZ","04013614300","=""04013614300""","624.67","2019-2023","2022","Census","Arizona (State)"
"Census Tract","04013614400","AZ","04013614400","=""04013614400""","4194.62","2019-2023","2022","Census","Arizona (State)"
"Census Tract","04013614500","AZ","04013614500","=""04013614500""","3241.93","2019-2023","2022","Census","Arizona (State)"
"Census Tract","04013614601","AZ","04013614601","=""04013614601""","6198.85","2019-2023","2022","Census","Arizona (State)"
"Census Tract","04013614602","AZ","04013614602","=""04013614602""","4813.84","2019-2023","2022","Census","Arizona (State)"
"Census Tract","04013614700","AZ","04013614700","=""04013614700""","576.47","2019-2023","2022","Census","Arizona (State)"
"Census Tract","04013614800","AZ","04013614800","=""04013614800""","5739.21","2019-2023","2022","Census","Arizona (State)"
"Census Tract","04013614900","AZ","04013614900","=""04013614900""","1730.95","2019-2023","2022","Census","Arizona (State)"
"Census Tract","04013615001","AZ","04013615001","=""04013615001""","3043.63","2019-2023","2022","Census","Arizona (State)"
"Census Tract","04013615002","AZ","04013615002","=""04013615002""","1437.06","2019-2023","2022","Census","Arizona (State)"
"Census Tract","04013615100","AZ","04013615100","=""04013615100""","5388.41","2019-2023","2022","Census","Arizona (State)"
"Census Tract","04013615201","AZ","04013615201","=""04013615201""","823.24","2019-2023","2022","Census","Arizona (State)"
"Census Tract","04013615202","AZ","04013615202","=""04013615202""","1960.20","2019-2023","2022","Census","Arizona (State)"
"Census Tract","04013615300","AZ","04013615300","=""04013615300""","2323.30","2019-2023","2022","Census","Arizona (State)"
"Census Tract","04013615400","AZ","04013615400","=""04013615400""","2982.62","2019-2023","2022","Census","Arizona (State)"
"Census Tract","04013615500","AZ","04013615500","=""04013615500""","2846.96","2019-2023","2022","Census","Arizona (State)"
"Census Tract","04013615600","AZ","04013615600","=""04013615600""","2854.22","2019-2023","2022","Census","Arizona (State)"
"Census Tract","04013615700","AZ","04013615700","=""04013615700""","3952.05","2019-2023","2022","Census","Arizona (State)"
"Census Tract","04013615800","AZ","04013615800","=""04013615800""","4825.39","2019-2023","2022","Census","Arizona (State)"
"Census Tract","04013615900","AZ","04013615900","=""04013615900""","4752.35","2019-2023","2022","Census","Arizona (State)"
"Census Tract","04013616000","AZ","04013616000","=""04013616000""","2450.13","2019-2023","2022","Census","Arizona (State)"
"Census Tract","04013616100","AZ","04013616100","=""04013616100""","7329.17","2019-2023","2022","Census","Arizona (State)"
"Census Tract","04013616200","AZ","04013616200","=""04013616200""","7680.26","2019-2023","2022","Census","Arizona (State)"
"Census Tract","04013616300","AZ","04013616300","=""04013616300""","1818.77","2019-2023","2022","Census","Arizona (State)"
"Census Tract","04013616400","AZ","04013616400","=""04013616400""","5639.87","2019-2023","2022","Census","Arizona (State)"
"Census Tract","04013616500","AZ","04013616500","=""04013616500""","4742.75","2019-2023","2022","Census","Arizona (State)"
"Census Tract","04013616600","AZ","04013616600","=""04013616600""","6123.77","2019-2023","2022","Census","Arizona (State)"
"Census Tract","04013616700","AZ","04013616700","=""04013616700""","5185.24","2019-2023","2022","Census","Arizona (State)"
"Census Tract","04013616800","AZ","04013616800","=""04013616800""","6531.08","2019-2023","2022","Census","Arizona (State)"
"Census Tract","04013616900","AZ","04013616900","=""04013616900""","4453.51","2019-2023","2022","Census","Arizona (State)"
"Census Tract","04013617001","AZ","04013617001","=""04013617001""","0.00","2019-2023","2022","Census","Arizona (State)"
"Census Tract","04013617002","AZ","04013617002","=""04013617002""","5201.11","2019-2023","2022","Census","Arizona (State)"
"Census Tract","04013617100","AZ","04013617100","=""04013617100""","4390.51","2019-2023","2022","Census","Arizona (State)"
"Census Tract","04013617200","AZ","04013617200","=""04013617200""","6671.30","2019-2023","2022","Census","Arizona (State)"
"Census Tract","04013617300","AZ","04013617300","=""04013617300""","6940.96","2019-2023","2022","Census","Arizona (State)"
"Census Tract","04013617400","AZ","04013617400","=""04013617400""","2678.73","2019-2023","2022","Census","Arizona (State)"
"Census Tract","04013617500","AZ","04013617500","=""04013617500""","2996.26","2019-2023","2022","Census","Arizona (State)"
"Census Tract","04013617600","AZ","04013617600","=""04013617600""","6202.71","2019-2023","2022","Census","Arizona (State)"
"Census Tract","04013617700","AZ","04013617700","=""04013617700""","3137.80","2019-2023","2022","Census","Arizona (State)"
"Census Tract","04013617800","AZ","04013617800","=""04013617800""","2421.29","2019-2023","2022","Census","Arizona (State)"
"Census Tract","04013617900","AZ","04013617900","=""04013617900""","3185.00","2019-2023","2022","Census","Arizona (State)"
"Census Tract","04013618000","AZ","04013618000","=""04013618000""","3922.26","2019-2023","2022","Census","Arizona (State)"
"Census Tract","04013618100","AZ","04013618100","=""04013618100""","4295.64","2019-2023","2022","Census","Arizona (State)"
"Census Tract","04013618200","AZ","04013618200","=""04013618200""","7921.55","2019-2023","2022","Census","Arizona (State)"
"Census Tract","04013618300","AZ","04013618300","=""04013618300""","5259.46","2019-2023","2022","Census","Arizona (State)"
"Census Tract","04013618400","AZ","04013618400","=""04013618400""","7043.90","2019-2023","2022","Census","Arizona (State)"
"Census Tract","04013618500","AZ","04013618500","=""04013618500""","7233.09","2019-2023","2022","Census","Arizona (State)"
"Census Tract","04013618600","AZ","04013618600","=""04013618600""","5504.75","2019-2023","2022","Census","Arizona (State)"
"Census Tract","04013618700","AZ","04013618700","=""04013618700""","6046.69","2019-2023","2022","Census","Arizona (State)"
"Census Tract","04013618800","AZ","04013618800","=""04013618800""","12185.16","2019-2023","2022","Census","Arizona (State)"
"Census Tract","04013618900","AZ","04013618900","=""04013618900""","7374.83","2019-2023","2022","Census","Arizona (State)"
"Census Tract","04013619000","AZ","04013619000","=""04013619000""","5590.16","2019-2023","2022","Census","Arizona (State)"
"Census Tract","04013619100","AZ","04013619100","=""04013619100""","28062.88","2019-2023","2022","Census","Arizona (State)"
"Census Tract","04013619200","AZ","04013619200","=""04013619200""","16961.79","2019-2023","2022","Census","Arizona (State)"
"Census Tract","04013619300","AZ","04013619300","=""04013619300""","8881.40","2019-2023","2022","Census","Arizona (State)"
"Census Tract","04013619400","AZ","04013619400","=""04013619400""","9303.86","2019-2023","2022","Census","Arizona (State)"
"Census Tract","04013619500","AZ","04013619500","=""04013619500""","5885.22","2019-2023","2022","Census","Arizona (State)"
"Census Tract","04013619601","AZ","04013619601","=""04013619601""","0.00","2019-2023","2022","Census","Arizona (State)"
"Census Tract","04013619602","AZ","04013619602","=""04013619602""","2696.78","2019-2023","2022","Census","Arizona (State)"
"Census Tract","04013619700","AZ","04013619700","=""04013619700""","5872.21","2019-2023","2022","Census","Arizona (State)"
"Census Tract","04013619800","AZ","04013619800","=""04013619800""","8793.21","2019-2023","2022","Census","Arizona (State)"
"Census Tract","04013619900","AZ","04013619900","=""04013619900""","4971.56","2019-2023","2022","Census","Arizona (State)"
"Census Tract","04013723304","AZ","04013723304","=""04013723304""","24.73","2019-2023","2022","Census","Arizona (State)"
"Census Tract","04013723305","AZ","04013723305","=""04013723305""","4.71","2019-2023","2022","Census","Arizona (State)"
"Census Tract","04013723306","AZ","04013723306","=""04013723306""","6.89","2019-2023","2022","Census","Arizona (State)"
"Census Tract","04013723307","AZ","04013723307","=""04013723307""","369.70","2019-2023","2022","Census","Arizona (State)"
"Census Tract","04013723309","AZ","04013723309","=""04013723309""","533.54","2019-2023","2022","Census","Arizona (State)"
"Census Tract","04013723310","AZ","04013723310","=""04013723310""","2005.94","2019-2023","2022","Census","Arizona (State)"
"Census Tract","04013723311","AZ","04013723311","=""04013723311""","890.49","2019-2023","2022","Census","Arizona (State)"
"Census Tract","04013810000","AZ","04013810000","=""04013810000""","3128.34","2019-2023","2022","Census","Arizona (State)"
"Census Tract","04013810100","AZ","04013810100","=""04013810100""","3293.38","2019-2023","2022","Census","Arizona (State)"
"Census Tract","04013810200","AZ","04013810200","=""04013810200""","6576.99","2019-2023","2022","Census","Arizona (State)"
"Census Tract","04013810300","AZ","04013810300","=""04013810300""","6298.75","2019-2023","2022","Census","Arizona (State)"
"Census Tract","04013810400","AZ","04013810400","=""04013810400""","2589.56","2019-2023","2022","Census","Arizona (State)"
"Census Tract","04013810500","AZ","04013810500","=""04013810500""","4327.58","2019-2023","2022","Census","Arizona (State)"
"Census Tract","04013810600","AZ","04013810600","=""04013810600""","5265.35","2019-2023","2022","Census","Arizona (State)"
"Census Tract","04013810700","AZ","04013810700","=""04013810700""","7709.71","2019-2023","2022","Census","Arizona (State)"
"Census Tract","04013810800","AZ","04013810800","=""04013810800""","4296.10","2019-2023","2022","Census","Arizona (State)"
"Census Tract","04013810900","AZ","04013810900","=""04013810900""","5614.29","2019-2023","2022","Census","Arizona (State)"
"Census Tract","04013811000","AZ","04013811000","=""04013811000""","2997.94","2019-2023","2022","Census","Arizona (State)"
"Census Tract","04013811100","AZ","04013811100","=""04013811100""","4025.92","2019-2023","2022","Census","Arizona (State)"
"Census Tract","04013811200","AZ","04013811200","=""04013811200""","3026.75","2019-2023","2022","Census","Arizona (State)"
"Census Tract","04013811300","AZ","04013811300","=""04013811300""","6164.22","2019-2023","2022","Census","Arizona (State)"
"Census Tract","04013811400","AZ","04013811400","=""04013811400""","5355.96","2019-2023","2022","Census","Arizona (State)"
"Census Tract","04013811500","AZ","04013811500","=""04013811500""","5114.89","2019-2023","2022","Census","Arizona (State)"
"Census Tract","04013811600","AZ","04013811600","=""04013811600""","4357.26","2019-2023","2022","Census","Arizona (State)"
"Census Tract","04013811700","AZ","04013811700","=""04013811700""","4729.60","2019-2023","2022","Census","Arizona (State)"
"Census Tract","04013811800","AZ","04013811800","=""04013811800""","1875.88","2019-2023","2022","Census","Arizona (State)"
"Census Tract","04013811900","AZ","04013811900","=""04013811900""","5330.96","2019-2023","2022","Census","Arizona (State)"
"Census Tract","04013812000","AZ","04013812000","=""04013812000""","4930.87","2019-2023","2022","Census","Arizona (State)"
"Census Tract","04013812100","AZ","04013812100","=""04013812100""","4220.07","2019-2023","2022","Census","Arizona (State)"
"Census Tract","04013812200","AZ","04013812200","=""04013812200""","3826.32","2019-2023","2022","Census","Arizona (State)"
"Census Tract","04013812300","AZ","04013812300","=""04013812300""","5412.44","2019-2023","2022","Census","Arizona (State)"
"Census Tract","04013812400","AZ","04013812400","=""04013812400""","1304.32","2019-2023","2022","Census","Arizona (State)"
"Census Tract","04013812500","AZ","04013812500","=""04013812500""","4807.42","2019-2023","2022","Census","Arizona (State)"
"Census Tract","04013812600","AZ","04013812600","=""04013812600""","4394.60","2019-2023","2022","Census","Arizona (State)"
"Census Tract","04013812700","AZ","04013812700","=""04013812700""","6106.64","2019-2023","2022","Census","Arizona (State)"
"Census Tract","04013812801","AZ","04013812801","=""04013812801""","3341.98","2019-2023","2022","Census","Arizona (State)"
"Census Tract","04013812802","AZ","04013812802","=""04013812802""","5992.20","2019-2023","2022","Census","Arizona (State)"
"Census Tract","04013812900","AZ","04013812900","=""04013812900""","4569.43","2019-2023","2022","Census","Arizona (State)"
"Census Tract","04013813000","AZ","04013813000","=""04013813000""","2657.83","2019-2023","2022","Census","Arizona (State)"
"Census Tract","04013813100","AZ","04013813100","=""04013813100""","4103.43","2019-2023","2022","Census","Arizona (State)"
"Census Tract","04013813200","AZ","04013813200","=""04013813200""","4715.17","2019-2023","2022","Census","Arizona (State)"
"Census Tract","04013813300","AZ","04013813300","=""04013813300""","3117.10","2019-2023","2022","Census","Arizona (State)"
"Census Tract","04013813400","AZ","04013813400","=""04013813400""","2359.23","2019-2023","2022","Census","Arizona (State)"
"Census Tract","04013813500","AZ","04013813500","=""04013813500""","2312.25","2019-2023","2022","Census","Arizona (State)"
"Census Tract","04013813600","AZ","04013813600","=""04013813600""","2314.17","2019-2023","2022","Census","Arizona (State)"
"Census Tract","04013813700","AZ","04013813700","=""04013813700""","2419.13","2019-2023","2022","Census","Arizona (State)"
"Census Tract","04013813800","AZ","04013813800","=""04013813800""","2882.29","2019-2023","2022","Census","Arizona (State)"
"Census Tract","04013813900","AZ","04013813900","=""04013813900""","6169.55","2019-2023","2022","Census","Arizona (State)"
"Census Tract","04013814000","AZ","04013814000","=""04013814000""","2780.88","2019-2023","2022","Census","Arizona (State)"
"Census Tract","04013814100","AZ","04013814100","=""04013814100""","6216.66","2019-2023","2022","Census","Arizona (State)"
"Census Tract","04013814200","AZ","04013814200","=""04013814200""","5427.20","2019-2023","2022","Census","Arizona (State)"
"Census Tract","04013814300","AZ","04013814300","=""04013814300""","4511.94","2019-2023","2022","Census","Arizona (State)"
"Census Tract","04013814400","AZ","04013814400","=""04013814400""","6142.59","2019-2023","2022","Census","Arizona (State)"
"Census Tract","04013814500","AZ","04013814500","=""04013814500""","5043.51","2019-2023","2022","Census","Arizona (State)"
"Census Tract","04013814600","AZ","04013814600","=""04013814600""","3005.09","2019-2023","2022","Census","Arizona (State)"
"Census Tract","04013814700","AZ","04013814700","=""04013814700""","4407.50","2019-2023","2022","Census","Arizona (State)"
"Census Tract","04013814801","AZ","04013814801","=""04013814801""","3682.14","2019-2023","2022","Census","Arizona (State)"
"Census Tract","04013814802","AZ","04013814802","=""04013814802""","6487.95","2019-2023","2022","Census","Arizona (State)"
"Census Tract","04013814900","AZ","04013814900","=""04013814900""","2154.60","2019-2023","2022","Census","Arizona (State)"
"Census Tract","04013815000","AZ","04013815000","=""04013815000""","4758.74","2019-2023","2022","Census","Arizona (State)"
"Census Tract","04013815100","AZ","04013815100","=""04013815100""","5417.01","2019-2023","2022","Census","Arizona (State)"
"Census Tract","04013815201","AZ","04013815201","=""04013815201""","5413.96","2019-2023","2022","Census","Arizona (State)"
"Census Tract","04013815202","AZ","04013815202","=""04013815202""","6853.44","2019-2023","2022","Census","Arizona (State)"
"Census Tract","04013815203","AZ","04013815203","=""04013815203""","8208.47","2019-2023","2022","Census","Arizona (State)"
"Census Tract","04013815300","AZ","04013815300","=""04013815300""","2496.18","2019-2023","2022","Census","Arizona (State)"
"Census Tract","04013815401","AZ","04013815401","=""04013815401""","1456.05","2019-2023","2022","Census","Arizona (State)"
"Census Tract","04013815402","AZ","04013815402","=""04013815402""","4169.57","2019-2023","2022","Census","Arizona (State)"
"Census Tract","04013815501","AZ","04013815501","=""04013815501""","3852.46","2019-2023","2022","Census","Arizona (State)"
"Census Tract","04013815502","AZ","04013815502","=""04013815502""","4689.60","2019-2023","2022","Census","Arizona (State)"
"Census Tract","04013815601","AZ","04013815601","=""04013815601""","1374.71","2019-2023","2022","Census","Arizona (State)"
"Census Tract","04013815602","AZ","04013815602","=""04013815602""","6604.14","2019-2023","2022","Census","Arizona (State)"
"Census Tract","04013815700","AZ","04013815700","=""04013815700""","6385.43","2019-2023","2022","Census","Arizona (State)"
"Census Tract","04013815800","AZ","04013815800","=""04013815800""","6235.06","2019-2023","2022","Census","Arizona (State)"
"Census Tract","04013815901","AZ","04013815901","=""04013815901""","2141.77","2019-2023","2022","Census","Arizona (State)"
"Census Tract","04013815902","AZ","04013815902","=""04013815902""","3018.70","2019-2023","2022","Census","Arizona (State)"
"Census Tract","04013816001","AZ","04013816001","=""04013816001""","2499.23","2019-2023","2022","Census","Arizona (State)"
"Census Tract","04013816002","AZ","04013816002","=""04013816002""","2849.44","2019-2023","2022","Census","Arizona (State)"
"Census Tract","04013816003","AZ","04013816003","=""04013816003""","1544.84","2019-2023","2022","Census","Arizona (State)"
"Census Tract","04013816004","AZ","04013816004","=""04013816004""","4562.92","2019-2023","2022","Census","Arizona (State)"
"Census Tract","04013816005","AZ","04013816005","=""04013816005""","1725.96","2019-2023","2022","Census","Arizona (State)"
"Census Tract","04013816100","AZ","04013816100","=""04013816100""","6560.73","2019-2023","2022","Census","Arizona (State)"
"Census Tract","04013816200","AZ","04013816200","=""04013816200""","6067.67","2019-2023","2022","Census","Arizona (State)"
"Census Tract","04013816301","AZ","04013816301","=""04013816301""","2558.62","2019-2023","2022","Census","Arizona (State)"
"Census Tract","04013816302","AZ","04013816302","=""04013816302""","4253.05","2019-2023","2022","Census","Arizona (State)"
"Census Tract","04013816401","AZ","04013816401","=""04013816401""","4161.15","2019-2023","2022","Census","Arizona (State)"
"Census Tract","04013816402","AZ","04013816402","=""04013816402""","2493.84","2019-2023","2022","Census","Arizona (State)"
"Census Tract","04013816501","AZ","04013816501","=""04013816501""","2882.00","2019-2023","2022","Census","Arizona (State)"
"Census Tract","04013816502","AZ","04013816502","=""04013816502""","1063.45","2019-2023","2022","Census","Arizona (State)"
"Census Tract","04013816600","AZ","04013816600","=""04013816600""","4732.05","2019-2023","2022","Census","Arizona (State)"
"Census Tract","04013816700","AZ","04013816700","=""04013816700""","2773.26","2019-2023","2022","Census","Arizona (State)"
"Census Tract","04013816800","AZ","04013816800","=""04013816800""","3050.99","2019-2023","2022","Census","Arizona (State)"
"Census Tract","04013816901","AZ","04013816901","=""04013816901""","2628.53","2019-2023","2022","Census","Arizona (State)"
"Census Tract","04013816902","AZ","04013816902","=""04013816902""","1880.85","2019-2023","2022","Census","Arizona (State)"
"Census Tract","04013816903","AZ","04013816903","=""04013816903""","4150.04","2019-2023","2022","Census","Arizona (State)"
"Census Tract","04013816904","AZ","04013816904","=""04013816904""","997.31","2019-2023","2022","Census","Arizona (State)"
"Census Tract","04013817000","AZ","04013817000","=""04013817000""","1345.59","2019-2023","2022","Census","Arizona (State)"
"Census Tract","04013817101","AZ","04013817101","=""04013817101""","3326.95","2019-2023","2022","Census","Arizona (State)"
"Census Tract","04013817102","AZ","04013817102","=""04013817102""","7219.63","2019-2023","2022","Census","Arizona (State)"
"Census Tract","04013817103","AZ","04013817103","=""04013817103""","5457.81","2019-2023","2022","Census","Arizona (State)"
"Census Tract","04013817200","AZ","04013817200","=""04013817200""","874.69","2019-2023","2022","Census","Arizona (State)"
"Census Tract","04013817300","AZ","04013817300","=""04013817300""","2726.86","2019-2023","2022","Census","Arizona (State)"
"Census Tract","04013817400","AZ","04013817400","=""04013817400""","2824.27","2019-2023","2022","Census","Arizona (State)"
"Census Tract","04013817500","AZ","04013817500","=""04013817500""","2705.18","2019-2023","2022","Census","Arizona (State)"
"Census Tract","04013817600","AZ","04013817600","=""04013817600""","426.32","2019-2023","2022","Census","Arizona (State)"
"Census Tract","04013940700","AZ","04013940700","=""04013940700""","0.00","2019-2023","2022","Census","Arizona (State)"
"Census Tract","04013941000","AZ","04013941000","=""04013941000""","29.49","2019-2023","2022","Census","Arizona (State)"
"Census Tract","04013941100","AZ","04013941100","=""04013941100""","0.43","2019-2023","2022","Census","Arizona (State)"
"Census Tract","04013941200","AZ","04013941200","=""04013941200""","27.69","2019-2023","2022","Census","Arizona (State)"
"Census Tract","04013941300","AZ","04013941300","=""04013941300""","66.81","2019-2023","2022","Census","Arizona (State)"
"Census Tract","04013980100","AZ","04013980100","=""04013980100""","0.01","2019-2023","2022","Census","Arizona (State)"
"Census Tract","04013980400","AZ","04013980400","=""04013980400""","7.28","2019-2023","2022","Census","Arizona (State)"
"Census Tract","04013980500","AZ","04013980500","=""04013980500""","0.00","2019-2023","2022","Census","Arizona (State)"
"Census Tract","04013980700","AZ","04013980700","=""04013980700""","0.00","2019-2023","2022","Census","Arizona (State)"
"Census Tract","04013980900","AZ","04013980900","=""04013980900""","14.26","2019-2023","2022","Census","Arizona (State)"
"Census Tract","04013981000","AZ","04013981000","=""04013981000""","2801.08","2019-2023","2022","Census","Arizona (State)"
"Census Tract","04015940400","AZ","04015940400","=""04015940400""","1.96","2019-2023","2022","Census","Arizona (State)"
"Census Tract","04015940501","AZ","04015940501","=""04015940501""","95.95","2019-2023","2022","Census","Arizona (State)"
"Census Tract","04015950101","AZ","04015950101","=""04015950101""","0.77","2019-2023","2022","Census","Arizona (State)"
"Census Tract","04015950102","AZ","04015950102","=""04015950102""","696.73","2019-2023","2022","Census","Arizona (State)"
"Census Tract","04015950103","AZ","04015950103","=""04015950103""","8.30","2019-2023","2022","Census","Arizona (State)"
"Census Tract","04015950401","AZ","04015950401","=""04015950401""","6.02","2019-2023","2022","Census","Arizona (State)"
"Census Tract","04015950403","AZ","04015950403","=""04015950403""","1.65","2019-2023","2022","Census","Arizona (State)"
"Census Tract","04015950404","AZ","04015950404","=""04015950404""","4.30","2019-2023","2022","Census","Arizona (State)"
"Census Tract","04015950500","AZ","04015950500","=""04015950500""","2.75","2019-2023","2022","Census","Arizona (State)"
"Census Tract","04015950601","AZ","04015950601","=""04015950601""","22.57","2019-2023","2022","Census","Arizona (State)"
"Census Tract","04015950602","AZ","04015950602","=""04015950602""","48.67","2019-2023","2022","Census","Arizona (State)"
"Census Tract","04015950603","AZ","04015950603","=""04015950603""","236.17","2019-2023","2022","Census","Arizona (State)"
"Census Tract","04015950703","AZ","04015950703","=""04015950703""","3947.23","2019-2023","2022","Census","Arizona (State)"
"Census Tract","04015950705","AZ","04015950705","=""04015950705""","1448.62","2019-2023","2022","Census","Arizona (State)"
"Census Tract","04015950706","AZ","04015950706","=""04015950706""","3172.55","2019-2023","2022","Census","Arizona (State)"
"Census Tract","04015950707","AZ","04015950707","=""04015950707""","143.64","2019-2023","2022","Census","Arizona (State)"
"Census Tract","04015950708","AZ","04015950708","=""04015950708""","56.27","2019-2023","2022","Census","Arizona (State)"
"Census Tract","04015951401","AZ","04015951401","=""04015951401""","781.78","2019-2023","2022","Census","Arizona (State)"
"Census Tract","04015951403","AZ","04015951403","=""04015951403""","59.56","2019-2023","2022","Census","Arizona (State)"
"Census Tract","04015951404","AZ","04015951404","=""04015951404""","245.58","2019-2023","2022","Census","Arizona (State)"
"Census Tract","04015951501","AZ","04015951501","=""04015951501""","1774.92","2019-2023","2022","Census","Arizona (State)"
"Census Tract","04015951503","AZ","04015951503","=""04015951503""","379.03","2019-2023","2022","Census","Arizona (State)"
"Census Tract","04015951504","AZ","04015951504","=""04015951504""","538.31","2019-2023","2022","Census","Arizona (State)"
"Census Tract","04015951601","AZ","04015951601","=""04015951601""","4657.84","2019-2023","2022","Census","Arizona (State)"
"Census Tract","04015951602","AZ","04015951602","=""04015951602""","4688.83","2019-2023","2022","Census","Arizona (State)"
"Census Tract","04015951701","AZ","04015951701","=""04015951701""","3291.12","2019-2023","2022","Census","Arizona (State)"
"Census Tract","04015951702","AZ","04015951702","=""04015951702""","5390.59","2019-2023","2022","Census","Arizona (State)"
"Census Tract","04015951800","AZ","04015951800","=""04015951800""","2425.69","2019-2023","2022","Census","Arizona (State)"
"Census Tract","04015951900","AZ","04015951900","=""04015951900""","1122.23","2019-2023","2022","Census","Arizona (State)"
"Census Tract","04015952001","AZ","04015952001","=""04015952001""","1054.01","2019-2023","2022","Census","Arizona (State)"
"Census Tract","04015952003","AZ","04015952003","=""04015952003""","350.48","2019-2023","2022","Census","Arizona (State)"
"Census Tract","04015952004","AZ","04015952004","=""04015952004""","905.98","2019-2023","2022","Census","Arizona (State)"
"Census Tract","04015952005","AZ","04015952005","=""04015952005""","11.35","2019-2023","2022","Census","Arizona (State)"
"Census Tract","04015952006","AZ","04015952006","=""04015952006""","1380.92","2019-2023","2022","Census","Arizona (State)"
"Census Tract","04015952007","AZ","04015952007","=""04015952007""","333.29","2019-2023","2022","Census","Arizona (State)"
"Census Tract","04015952400","AZ","04015952400","=""04015952400""","28.54","2019-2023","2022","Census","Arizona (State)"
"Census Tract","04015952501","AZ","04015952501","=""04015952501""","395.08","2019-2023","2022","Census","Arizona (State)"
"Census Tract","04015952502","AZ","04015952502","=""04015952502""","1253.79","2019-2023","2022","Census","Arizona (State)"
"Census Tract","04015952600","AZ","04015952600","=""04015952600""","1049.60","2019-2023","2022","Census","Arizona (State)"
"Census Tract","04015952701","AZ","04015952701","=""04015952701""","3504.93","2019-2023","2022","Census","Arizona (State)"
"Census Tract","04015952702","AZ","04015952702","=""04015952702""","2554.42","2019-2023","2022","Census","Arizona (State)"
"Census Tract","04015952801","AZ","04015952801","=""04015952801""","748.92","2019-2023","2022","Census","Arizona (State)"
"Census Tract","04015952802","AZ","04015952802","=""04015952802""","2001.44","2019-2023","2022","Census","Arizona (State)"
"Census Tract","04015952901","AZ","04015952901","=""04015952901""","3116.23","2019-2023","2022","Census","Arizona (State)"
"Census Tract","04015952902","AZ","04015952902","=""04015952902""","2408.29","2019-2023","2022","Census","Arizona (State)"
"Census Tract","04015953001","AZ","04015953001","=""04015953001""","2943.71","2019-2023","2022","Census","Arizona (State)"
"Census Tract","04015953002","AZ","04015953002","=""04015953002""","2051.75","2019-2023","2022","Census","Arizona (State)"
"Census Tract","04015953100","AZ","04015953100","=""04015953100""","3212.48","2019-2023","2022","Census","Arizona (State)"
"Census Tract","04015953200","AZ","04015953200","=""04015953200""","637.22","2019-2023","2022","Census","Arizona (State)"
"Census Tract","04015953301","AZ","04015953301","=""04015953301""","2846.27","2019-2023","2022","Census","Arizona (State)"
"Census Tract","04015953302","AZ","04015953302","=""04015953302""","2524.34","2019-2023","2022","Census","Arizona (State)"
"Census Tract","04015953403","AZ","04015953403","=""04015953403""","2468.09","2019-2023","2022","Census","Arizona (State)"
"Census Tract","04015953404","AZ","04015953404","=""04015953404""","1430.36","2019-2023","2022","Census","Arizona (State)"
"Census Tract","04015953405","AZ","04015953405","=""04015953405""","402.07","2019-2023","2022","Census","Arizona (State)"
"Census Tract","04015953406","AZ","04015953406","=""04015953406""","10.86","2019-2023","2022","Census","Arizona (State)"
"Census Tract","04015953602","AZ","04015953602","=""04015953602""","316.46","2019-2023","2022","Census","Arizona (State)"
"Census Tract","04015953603","AZ","04015953603","=""04015953603""","1342.75","2019-2023","2022","Census","Arizona (State)"
"Census Tract","04015953604","AZ","04015953604","=""04015953604""","787.12","2019-2023","2022","Census","Arizona (State)"
"Census Tract","04015953800","AZ","04015953800","=""04015953800""","2498.00","2019-2023","2022","Census","Arizona (State)"
"Census Tract","04015953901","AZ","04015953901","=""04015953901""","2231.79","2019-2023","2022","Census","Arizona (State)"
"Census Tract","04015953902","AZ","04015953902","=""04015953902""","396.42","2019-2023","2022","Census","Arizona (State)"
"Census Tract","04015954801","AZ","04015954801","=""04015954801""","1.69","2019-2023","2022","Census","Arizona (State)"
"Census Tract","04015954802","AZ","04015954802","=""04015954802""","2.14","2019-2023","2022","Census","Arizona (State)"
"Census Tract","04015954900","AZ","04015954900","=""04015954900""","437.09","2019-2023","2022","Census","Arizona (State)"
"Census Tract","04015955001","AZ","04015955001","=""04015955001""","150.06","2019-2023","2022","Census","Arizona (State)"
"Census Tract","04015955002","AZ","04015955002","=""04015955002""","150.23","2019-2023","2022","Census","Arizona (State)"
"Census Tract","04017940008","AZ","04017940008","=""04017940008""","2.58","2019-2023","2022","Census","Arizona (State)"
"Census Tract","04017940010","AZ","04017940010","=""04017940010""","17.95","2019-2023","2022","Census","Arizona (State)"
"Census Tract","04017940011","AZ","04017940011","=""04017940011""","7.98","2019-2023","2022","Census","Arizona (State)"
"Census Tract","04017940012","AZ","04017940012","=""04017940012""","3.30","2019-2023","2022","Census","Arizona (State)"
"Census Tract","04017940013","AZ","04017940013","=""04017940013""","4.85","2019-2023","2022","Census","Arizona (State)"
"Census Tract","04017940014","AZ","04017940014","=""04017940014""","3.76","2019-2023","2022","Census","Arizona (State)"
"Census Tract","04017940015","AZ","04017940015","=""04017940015""","4.95","2019-2023","2022","Census","Arizona (State)"
"Census Tract","04017940100","AZ","04017940100","=""04017940100""","5.58","2019-2023","2022","Census","Arizona (State)"
"Census Tract","04017940301","AZ","04017940301","=""04017940301""","507.32","2019-2023","2022","Census","Arizona (State)"
"Census Tract","04017940302","AZ","04017940302","=""04017940302""","22.04","2019-2023","2022","Census","Arizona (State)"
"Census Tract","04017942300","AZ","04017942300","=""04017942300""","2.84","2019-2023","2022","Census","Arizona (State)"
"Census Tract","04017942400","AZ","04017942400","=""04017942400""","2.49","2019-2023","2022","Census","Arizona (State)"
"Census Tract","04017942500","AZ","04017942500","=""04017942500""","166.71","2019-2023","2022","Census","Arizona (State)"
"Census Tract","04017960100","AZ","04017960100","=""04017960100""","8.23","2019-2023","2022","Census","Arizona (State)"
"Census Tract","04017960200","AZ","04017960200","=""04017960200""","8.48","2019-2023","2022","Census","Arizona (State)"
"Census Tract","04017960400","AZ","04017960400","=""04017960400""","26.98","2019-2023","2022","Census","Arizona (State)"
"Census Tract","04017960500","AZ","04017960500","=""04017960500""","4.43","2019-2023","2022","Census","Arizona (State)"
"Census Tract","04017960600","AZ","04017960600","=""04017960600""","126.85","2019-2023","2022","Census","Arizona (State)"
"Census Tract","04017961300","AZ","04017961300","=""04017961300""","580.53","2019-2023","2022","Census","Arizona (State)"
"Census Tract","04017961701","AZ","04017961701","=""04017961701""","337.82","2019-2023","2022","Census","Arizona (State)"
"Census Tract","04017961702","AZ","04017961702","=""04017961702""","433.08","2019-2023","2022","Census","Arizona (State)"
"Census Tract","04017962501","AZ","04017962501","=""04017962501""","646.72","2019-2023","2022","Census","Arizona (State)"
"Census Tract","04017962502","AZ","04017962502","=""04017962502""","350.33","2019-2023","2022","Census","Arizona (State)"
"Census Tract","04017963300","AZ","04017963300","=""04017963300""","18.39","2019-2023","2022","Census","Arizona (State)"
"Census Tract","04017963400","AZ","04017963400","=""04017963400""","17.62","2019-2023","2022","Census","Arizona (State)"
"Census Tract","04017963700","AZ","04017963700","=""04017963700""","301.50","2019-2023","2022","Census","Arizona (State)"
"Census Tract","04017963800","AZ","04017963800","=""04017963800""","30.15","2019-2023","2022","Census","Arizona (State)"
"Census Tract","04017964201","AZ","04017964201","=""04017964201""","253.73","2019-2023","2022","Census","Arizona (State)"
"Census Tract","04017964202","AZ","04017964202","=""04017964202""","2.32","2019-2023","2022","Census","Arizona (State)"
"Census Tract","04017964801","AZ","04017964801","=""04017964801""","43.49","2019-2023","2022","Census","Arizona (State)"
"Census Tract","04017964802","AZ","04017964802","=""04017964802""","220.73","2019-2023","2022","Census","Arizona (State)"
"Census Tract","04017964901","AZ","04017964901","=""04017964901""","375.61","2019-2023","2022","Census","Arizona (State)"
"Census Tract","04017964902","AZ","04017964902","=""04017964902""","170.07","2019-2023","2022","Census","Arizona (State)"
"Census Tract","04017965201","AZ","04017965201","=""04017965201""","864.06","2019-2023","2022","Census","Arizona (State)"
"Census Tract","04017965202","AZ","04017965202","=""04017965202""","851.66","2019-2023","2022","Census","Arizona (State)"
"Census Tract","04017965301","AZ","04017965301","=""04017965301""","22.77","2019-2023","2022","Census","Arizona (State)"
"Census Tract","04017965302","AZ","04017965302","=""04017965302""","27.29","2019-2023","2022","Census","Arizona (State)"
"Census Tract","04019000100","AZ","04019000100","=""04019000100""","3397.00","2019-2023","2022","Census","Arizona (State)"
"Census Tract","04019000200","AZ","04019000200","=""04019000200""","5736.17","2019-2023","2022","Census","Arizona (State)"
"Census Tract","04019000300","AZ","04019000300","=""04019000300""","2717.24","2019-2023","2022","Census","Arizona (State)"
"Census Tract","04019000401","AZ","04019000401","=""04019000401""","5881.74","2019-2023","2022","Census","Arizona (State)"
"Census Tract","04019000402","AZ","04019000402","=""04019000402""","4322.77","2019-2023","2022","Census","Arizona (State)"
"Census Tract","04019000501","AZ","04019000501","=""04019000501""","19301.29","2019-2023","2022","Census","Arizona (State)"
"Census Tract","04019000502","AZ","04019000502","=""04019000502""","12253.48","2019-2023","2022","Census","Arizona (State)"
"Census Tract","04019000600","AZ","04019000600","=""04019000600""","4717.02","2019-2023","2022","Census","Arizona (State)"
"Census Tract","04019000700","AZ","04019000700","=""04019000700""","4374.49","2019-2023","2022","Census","Arizona (State)"
"Census Tract","04019000800","AZ","04019000800","=""04019000800""","1468.71","2019-2023","2022","Census","Arizona (State)"
"Census Tract","04019001100","AZ","04019001100","=""04019001100""","5333.99","2019-2023","2022","Census","Arizona (State)"
"Census Tract","04019001200","AZ","04019001200","=""04019001200""","2197.77","2019-2023","2022","Census","Arizona (State)"
"Census Tract","04019001302","AZ","04019001302","=""04019001302""","3256.56","2019-2023","2022","Census","Arizona (State)"
"Census Tract","04019001303","AZ","04019001303","=""04019001303""","7735.70","2019-2023","2022","Census","Arizona (State)"
"Census Tract","04019001304","AZ","04019001304","=""04019001304""","7568.79","2019-2023","2022","Census","Arizona (State)"
"Census Tract","04019001400","AZ","04019001400","=""04019001400""","8429.72","2019-2023","2022","Census","Arizona (State)"
"Census Tract","04019001500","AZ","04019001500","=""04019001500""","6292.62","2019-2023","2022","Census","Arizona (State)"
"Census Tract","04019001600","AZ","04019001600","=""04019001600""","4003.55","2019-2023","2022","Census","Arizona (State)"
"Census Tract","04019001700","AZ","04019001700","=""04019001700""","5487.47","2019-2023","2022","Census","Arizona (State)"
"Census Tract","04019001801","AZ","04019001801","=""04019001801""","5211.27","2019-2023","2022","Census","Arizona (State)"
"Census Tract","04019001802","AZ","04019001802","=""04019001802""","6370.70","2019-2023","2022","Census","Arizona (State)"
"Census Tract","04019001900","AZ","04019001900","=""04019001900""","1884.76","2019-2023","2022","Census","Arizona (State)"
"Census Tract","04019002000","AZ","04019002000","=""04019002000""","3413.47","2019-2023","2022","Census","Arizona (State)"
"Census Tract","04019002100","AZ","04019002100","=""04019002100""","2577.90","2019-2023","2022","Census","Arizona (State)"
"Census Tract","04019002201","AZ","04019002201","=""04019002201""","2421.78","2019-2023","2022","Census","Arizona (State)"
"Census Tract","04019002202","AZ","04019002202","=""04019002202""","1824.35","2019-2023","2022","Census","Arizona (State)"
"Census Tract","04019002300","AZ","04019002300","=""04019002300""","4480.44","2019-2023","2022","Census","Arizona (State)"
"Census Tract","04019002400","AZ","04019002400","=""04019002400""","4130.60","2019-2023","2022","Census","Arizona (State)"
"Census Tract","04019002503","AZ","04019002503","=""04019002503""","3507.07","2019-2023","2022","Census","Arizona (State)"
"Census Tract","04019002504","AZ","04019002504","=""04019002504""","8100.78","2019-2023","2022","Census","Arizona (State)"
"Census Tract","04019002505","AZ","04019002505","=""04019002505""","6944.06","2019-2023","2022","Census","Arizona (State)"
"Census Tract","04019002507","AZ","04019002507","=""04019002507""","1543.47","2019-2023","2022","Census","Arizona (State)"
"Census Tract","04019002508","AZ","04019002508","=""04019002508""","8156.74","2019-2023","2022","Census","Arizona (State)"
"Census Tract","04019002509","AZ","04019002509","=""04019002509""","1654.65","2019-2023","2022","Census","Arizona (State)"
"Census Tract","04019002602","AZ","04019002602","=""04019002602""","5833.03","2019-2023","2022","Census","Arizona (State)"
"Census Tract","04019002603","AZ","04019002603","=""04019002603""","8870.63","2019-2023","2022","Census","Arizona (State)"
"Census Tract","04019002604","AZ","04019002604","=""04019002604""","3977.84","2019-2023","2022","Census","Arizona (State)"
"Census Tract","04019002702","AZ","04019002702","=""04019002702""","4107.73","2019-2023","2022","Census","Arizona (State)"
"Census Tract","04019002703","AZ","04019002703","=""04019002703""","5752.93","2019-2023","2022","Census","Arizona (State)"
"Census Tract","04019002704","AZ","04019002704","=""04019002704""","5533.16","2019-2023","2022","Census","Arizona (State)"
"Census Tract","04019002801","AZ","04019002801","=""04019002801""","3767.60","2019-2023","2022","Census","Arizona (State)"
"Census Tract","04019002802","AZ","04019002802","=""04019002802""","7994.79","2019-2023","2022","Census","Arizona (State)"
"Census Tract","04019002803","AZ","04019002803","=""04019002803""","8467.65","2019-2023","2022","Census","Arizona (State)"
"Census Tract","04019002901","AZ","04019002901","=""04019002901""","5952.03","2019-2023","2022","Census","Arizona (State)"
"Census Tract","04019002904","AZ","04019002904","=""04019002904""","3254.80","2019-2023","2022","Census","Arizona (State)"
"Census Tract","04019002905","AZ","04019002905","=""04019002905""","5341.98","2019-2023","2022","Census","Arizona (State)"
"Census Tract","04019002906","AZ","04019002906","=""04019002906""","2668.86","2019-2023","2022","Census","Arizona (State)"
"Census Tract","04019003002","AZ","04019003002","=""04019003002""","5001.16","2019-2023","2022","Census","Arizona (State)"
"Census Tract","04019003003","AZ","04019003003","=""04019003003""","5271.55","2019-2023","2022","Census","Arizona (State)"
"Census Tract","04019003004","AZ","04019003004","=""04019003004""","2270.72","2019-2023","2022","Census","Arizona (State)"
"Census Tract","04019003102","AZ","04019003102","=""04019003102""","4779.81","2019-2023","2022","Census","Arizona (State)"
"Census Tract","04019003103","AZ","04019003103","=""04019003103""","5589.33","2019-2023","2022","Census","Arizona (State)"
"Census Tract","04019003104","AZ","04019003104","=""04019003104""","6947.67","2019-2023","2022","Census","Arizona (State)"
"Census Tract","04019003201","AZ","04019003201","=""04019003201""","4437.75","2019-2023","2022","Census","Arizona (State)"
"Census Tract","04019003202","AZ","04019003202","=""04019003202""","7343.00","2019-2023","2022","Census","Arizona (State)"
"Census Tract","04019003302","AZ","04019003302","=""04019003302""","4164.27","2019-2023","2022","Census","Arizona (State)"
"Census Tract","04019003303","AZ","04019003303","=""04019003303""","3752.12","2019-2023","2022","Census","Arizona (State)"
"Census Tract","04019003304","AZ","04019003304","=""04019003304""","4520.37","2019-2023","2022","Census","Arizona (State)"
"Census Tract","04019003400","AZ","04019003400","=""04019003400""","4573.62","2019-2023","2022","Census","Arizona (State)"
"Census Tract","04019003502","AZ","04019003502","=""04019003502""","3771.30","2019-2023","2022","Census","Arizona (State)"
"Census Tract","04019003503","AZ","04019003503","=""04019003503""","7233.32","2019-2023","2022","Census","Arizona (State)"
"Census Tract","04019003504","AZ","04019003504","=""04019003504""","5693.08","2019-2023","2022","Census","Arizona (State)"
"Census Tract","04019003505","AZ","04019003505","=""04019003505""","5410.67","2019-2023","2022","Census","Arizona (State)"
"Census Tract","04019003506","AZ","04019003506","=""04019003506""","6432.11","2019-2023","2022","Census","Arizona (State)"
"Census Tract","04019003601","AZ","04019003601","=""04019003601""","1945.73","2019-2023","2022","Census","Arizona (State)"
"Census Tract","04019003702","AZ","04019003702","=""04019003702""","7146.12","2019-2023","2022","Census","Arizona (State)"
"Census Tract","04019003704","AZ","04019003704","=""04019003704""","7471.58","2019-2023","2022","Census","Arizona (State)"
"Census Tract","04019003705","AZ","04019003705","=""04019003705""","4880.59","2019-2023","2022","Census","Arizona (State)"
"Census Tract","04019003706","AZ","04019003706","=""04019003706""","12322.59","2019-2023","2022","Census","Arizona (State)"
"Census Tract","04019003707","AZ","04019003707","=""04019003707""","6427.28","2019-2023","2022","Census","Arizona (State)"
"Census Tract","04019003801","AZ","04019003801","=""04019003801""","6098.45","2019-2023","2022","Census","Arizona (State)"
"Census Tract","04019003802","AZ","04019003802","=""04019003802""","4610.40","2019-2023","2022","Census","Arizona (State)"
"Census Tract","04019003901","AZ","04019003901","=""04019003901""","2699.08","2019-2023","2022","Census","Arizona (State)"
"Census Tract","04019003902","AZ","04019003902","=""04019003902""","2510.99","2019-2023","2022","Census","Arizona (State)"
"Census Tract","04019003903","AZ","04019003903","=""04019003903""","3701.07","2019-2023","2022","Census","Arizona (State)"
"Census Tract","04019004008","AZ","04019004008","=""04019004008""","4844.12","2019-2023","2022","Census","Arizona (State)"
"Census Tract","04019004010","AZ","04019004010","=""04019004010""","4271.33","2019-2023","2022","Census","Arizona (State)"
"Census Tract","04019004026","AZ","04019004026","=""04019004026""","1013.91","2019-2023","2022","Census","Arizona (State)"
"Census Tract","04019004029","AZ","04019004029","=""04019004029""","4648.25","2019-2023","2022","Census","Arizona (State)"
"Census Tract","04019004030","AZ","04019004030","=""04019004030""","1256.45","2019-2023","2022","Census","Arizona (State)"
"Census Tract","04019004031","AZ","04019004031","=""04019004031""","4633.30","2019-2023","2022","Census","Arizona (State)"
"Census Tract","04019004032","AZ","04019004032","=""04019004032""","3091.12","2019-2023","2022","Census","Arizona (State)"
"Census Tract","04019004033","AZ","04019004033","=""04019004033""","7797.35","2019-2023","2022","Census","Arizona (State)"
"Census Tract","04019004034","AZ","04019004034","=""04019004034""","7701.37","2019-2023","2022","Census","Arizona (State)"
"Census Tract","04019004035","AZ","04019004035","=""04019004035""","5050.83","2019-2023","2022","Census","Arizona (State)"
"Census Tract","04019004036","AZ","04019004036","=""04019004036""","6305.60","2019-2023","2022","Census","Arizona (State)"
"Census Tract","04019004037","AZ","04019004037","=""04019004037""","5283.30","2019-2023","2022","Census","Arizona (State)"
"Census Tract","04019004038","AZ","04019004038","=""04019004038""","6161.45","2019-2023","2022","Census","Arizona (State)"
"Census Tract","04019004039","AZ","04019004039","=""04019004039""","5236.91","2019-2023","2022","Census","Arizona (State)"
"Census Tract","04019004042","AZ","04019004042","=""04019004042""","5739.05","2019-2023","2022","Census","Arizona (State)"
"Census Tract","04019004043","AZ","04019004043","=""04019004043""","3827.83","2019-2023","2022","Census","Arizona (State)"
"Census Tract","04019004044","AZ","04019004044","=""04019004044""","973.24","2019-2023","2022","Census","Arizona (State)"
"Census Tract","04019004046","AZ","04019004046","=""04019004046""","5856.64","2019-2023","2022","Census","Arizona (State)"
"Census Tract","04019004047","AZ","04019004047","=""04019004047""","3005.32","2019-2023","2022","Census","Arizona (State)"
"Census Tract","04019004048","AZ","04019004048","=""04019004048""","4283.60","2019-2023","2022","Census","Arizona (State)"
"Census Tract","04019004049","AZ","04019004049","=""04019004049""","3268.24","2019-2023","2022","Census","Arizona (State)"
"Census Tract","04019004050","AZ","04019004050","=""04019004050""","671.86","2019-2023","2022","Census","Arizona (State)"
"Census Tract","04019004051","AZ","04019004051","=""04019004051""","386.59","2019-2023","2022","Census","Arizona (State)"
"Census Tract","04019004052","AZ","04019004052","=""04019004052""","7.41","2019-2023","2022","Census","Arizona (State)"
"Census Tract","04019004053","AZ","04019004053","=""04019004053""","1103.70","2019-2023","2022","Census","Arizona (State)"
"Census Tract","04019004054","AZ","04019004054","=""04019004054""","917.71","2019-2023","2022","Census","Arizona (State)"
"Census Tract","04019004055","AZ","04019004055","=""04019004055""","1147.51","2019-2023","2022","Census","Arizona (State)"
"Census Tract","04019004056","AZ","04019004056","=""04019004056""","2794.65","2019-2023","2022","Census","Arizona (State)"
"Census Tract","04019004057","AZ","04019004057","=""04019004057""","3437.96","2019-2023","2022","Census","Arizona (State)"
"Census Tract","04019004058","AZ","04019004058","=""04019004058""","1857.54","2019-2023","2022","Census","Arizona (State)"
"Census Tract","04019004061","AZ","04019004061","=""04019004061""","15.09","2019-2023","2022","Census","Arizona (State)"
"Census Tract","04019004062","AZ","04019004062","=""04019004062""","605.18","2019-2023","2022","Census","Arizona (State)"
"Census Tract","04019004063","AZ","04019004063","=""04019004063""","1051.41","2019-2023","2022","Census","Arizona (State)"
"Census Tract","04019004065","AZ","04019004065","=""04019004065""","6832.51","2019-2023","2022","Census","Arizona (State)"
"Census Tract","04019004066","AZ","04019004066","=""04019004066""","6266.69","2019-2023","2022","Census","Arizona (State)"
"Census Tract","04019004067","AZ","04019004067","=""04019004067""","4027.58","2019-2023","2022","Census","Arizona (State)"
"Census Tract","04019004068","AZ","04019004068","=""04019004068""","2771.07","2019-2023","2022","Census","Arizona (State)"
"Census Tract","04019004069","AZ","04019004069","=""04019004069""","4542.67","2019-2023","2022","Census","Arizona (State)"
"Census Tract","04019004070","AZ","04019004070","=""04019004070""","6474.78","2019-2023","2022","Census","Arizona (State)"
"Census Tract","04019004071","AZ","04019004071","=""04019004071""","8523.47","2019-2023","2022","Census","Arizona (State)"
"Census Tract","04019004072","AZ","04019004072","=""04019004072""","5636.92","2019-2023","2022","Census","Arizona (State)"
"Census Tract","04019004073","AZ","04019004073","=""04019004073""","740.46","2019-2023","2022","Census","Arizona (State)"
"Census Tract","04019004074","AZ","04019004074","=""04019004074""","451.30","2019-2023","2022","Census","Arizona (State)"
"Census Tract","04019004075","AZ","04019004075","=""04019004075""","4183.02","2019-2023","2022","Census","Arizona (State)"
"Census Tract","04019004076","AZ","04019004076","=""04019004076""","6230.57","2019-2023","2022","Census","Arizona (State)"
"Census Tract","04019004077","AZ","04019004077","=""04019004077""","4958.19","2019-2023","2022","Census","Arizona (State)"
"Census Tract","04019004078","AZ","04019004078","=""04019004078""","3987.65","2019-2023","2022","Census","Arizona (State)"
"Census Tract","04019004079","AZ","04019004079","=""04019004079""","1454.40","2019-2023","2022","Census","Arizona (State)"
"Census Tract","04019004080","AZ","04019004080","=""04019004080""","1505.84","2019-2023","2022","Census","Arizona (State)"
"Census Tract","04019004081","AZ","04019004081","=""04019004081""","429.39","2019-2023","2022","Census","Arizona (State)"
"Census Tract","04019004082","AZ","04019004082","=""04019004082""","2860.23","2019-2023","2022","Census","Arizona (State)"
"Census Tract","04019004109","AZ","04019004109","=""04019004109""","19.22","2019-2023","2022","Census","Arizona (State)"
"Census Tract","04019004110","AZ","04019004110","=""04019004110""","5374.03","2019-2023","2022","Census","Arizona (State)"
"Census Tract","04019004112","AZ","04019004112","=""04019004112""","3479.50","2019-2023","2022","Census","Arizona (State)"
"Census Tract","04019004114","AZ","04019004114","=""04019004114""","96.15","2019-2023","2022","Census","Arizona (State)"
"Census Tract","04019004115","AZ","04019004115","=""04019004115""","6305.93","2019-2023","2022","Census","Arizona (State)"
"Census Tract","04019004116","AZ","04019004116","=""04019004116""","5893.61","2019-2023","2022","Census","Arizona (State)"
"Census Tract","04019004117","AZ","04019004117","=""04019004117""","2684.94","2019-2023","2022","Census","Arizona (State)"
"Census Tract","04019004118","AZ","04019004118","=""04019004118""","1005.62","2019-2023","2022","Census","Arizona (State)"
"Census Tract","04019004122","AZ","04019004122","=""04019004122""","3160.76","2019-2023","2022","Census","Arizona (State)"
"Census Tract","04019004126","AZ","04019004126","=""04019004126""","1118.55","2019-2023","2022","Census","Arizona (State)"
"Census Tract","04019004127","AZ","04019004127","=""04019004127""","33.09","2019-2023","2022","Census","Arizona (State)"
"Census Tract","04019004128","AZ","04019004128","=""04019004128""","1885.65","2019-2023","2022","Census","Arizona (State)"
"Census Tract","04019004129","AZ","04019004129","=""04019004129""","43.78","2019-2023","2022","Census","Arizona (State)"
"Census Tract","04019004130","AZ","04019004130","=""04019004130""","776.02","2019-2023","2022","Census","Arizona (State)"
"Census Tract","04019004131","AZ","04019004131","=""04019004131""","692.93","2019-2023","2022","Census","Arizona (State)"
"Census Tract","04019004132","AZ","04019004132","=""04019004132""","1188.16","2019-2023","2022","Census","Arizona (State)"
"Census Tract","04019004133","AZ","04019004133","=""04019004133""","3872.15","2019-2023","2022","Census","Arizona (State)"
"Census Tract","04019004307","AZ","04019004307","=""04019004307""","1520.50","2019-2023","2022","Census","Arizona (State)"
"Census Tract","04019004310","AZ","04019004310","=""04019004310""","647.19","2019-2023","2022","Census","Arizona (State)"
"Census Tract","04019004311","AZ","04019004311","=""04019004311""","848.12","2019-2023","2022","Census","Arizona (State)"
"Census Tract","04019004312","AZ","04019004312","=""04019004312""","2798.82","2019-2023","2022","Census","Arizona (State)"
"Census Tract","04019004313","AZ","04019004313","=""04019004313""","74.26","2019-2023","2022","Census","Arizona (State)"
"Census Tract","04019004316","AZ","04019004316","=""04019004316""","2.61","2019-2023","2022","Census","Arizona (State)"
"Census Tract","04019004317","AZ","04019004317","=""04019004317""","1941.89","2019-2023","2022","Census","Arizona (State)"
"Census Tract","04019004320","AZ","04019004320","=""04019004320""","1135.47","2019-2023","2022","Census","Arizona (State)"
"Census Tract","04019004321","AZ","04019004321","=""04019004321""","5590.96","2019-2023","2022","Census","Arizona (State)"
"Census Tract","04019004322","AZ","04019004322","=""04019004322""","3073.33","2019-2023","2022","Census","Arizona (State)"
"Census Tract","04019004323","AZ","04019004323","=""04019004323""","1202.86","2019-2023","2022","Census","Arizona (State)"
"Census Tract","04019004324","AZ","04019004324","=""04019004324""","322.09","2019-2023","2022","Census","Arizona (State)"
"Census Tract","04019004325","AZ","04019004325","=""04019004325""","47.09","2019-2023","2022","Census","Arizona (State)"
"Census Tract","04019004326","AZ","04019004326","=""04019004326""","630.33","2019-2023","2022","Census","Arizona (State)"
"Census Tract","04019004327","AZ","04019004327","=""04019004327""","133.50","2019-2023","2022","Census","Arizona (State)"
"Census Tract","04019004328","AZ","04019004328","=""04019004328""","276.44","2019-2023","2022","Census","Arizona (State)"
"Census Tract","04019004330","AZ","04019004330","=""04019004330""","1811.14","2019-2023","2022","Census","Arizona (State)"
"Census Tract","04019004332","AZ","04019004332","=""04019004332""","921.49","2019-2023","2022","Census","Arizona (State)"
"Census Tract","04019004333","AZ","04019004333","=""04019004333""","592.12","2019-2023","2022","Census","Arizona (State)"
"Census Tract","04019004335","AZ","04019004335","=""04019004335""","6187.88","2019-2023","2022","Census","Arizona (State)"
"Census Tract","04019004336","AZ","04019004336","=""04019004336""","2408.39","2019-2023","2022","Census","Arizona (State)"
"Census Tract","04019004337","AZ","04019004337","=""04019004337""","2932.68","2019-2023","2022","Census","Arizona (State)"
"Census Tract","04019004338","AZ","04019004338","=""04019004338""","1076.13","2019-2023","2022","Census","Arizona (State)"
"Census Tract","04019004339","AZ","04019004339","=""04019004339""","1945.65","2019-2023","2022","Census","Arizona (State)"
"Census Tract","04019004340","AZ","04019004340","=""04019004340""","494.47","2019-2023","2022","Census","Arizona (State)"
"Census Tract","04019004404","AZ","04019004404","=""04019004404""","2776.67","2019-2023","2022","Census","Arizona (State)"
"Census Tract","04019004407","AZ","04019004407","=""04019004407""","4283.20","2019-2023","2022","Census","Arizona (State)"
"Census Tract","04019004412","AZ","04019004412","=""04019004412""","1457.01","2019-2023","2022","Census","Arizona (State)"
"Census Tract","04019004413","AZ","04019004413","=""04019004413""","3261.56","2019-2023","2022","Census","Arizona (State)"
"Census Tract","04019004414","AZ","04019004414","=""04019004414""","4286.01","2019-2023","2022","Census","Arizona (State)"
"Census Tract","04019004415","AZ","04019004415","=""04019004415""","471.43","2019-2023","2022","Census","Arizona (State)"
"Census Tract","04019004418","AZ","04019004418","=""04019004418""","356.63","2019-2023","2022","Census","Arizona (State)"
"Census Tract","04019004419","AZ","04019004419","=""04019004419""","177.70","2019-2023","2022","Census","Arizona (State)"
"Census Tract","04019004422","AZ","04019004422","=""04019004422""","340.56","2019-2023","2022","Census","Arizona (State)"
"Census Tract","04019004423","AZ","04019004423","=""04019004423""","165.11","2019-2023","2022","Census","Arizona (State)"
"Census Tract","04019004424","AZ","04019004424","=""04019004424""","31.35","2019-2023","2022","Census","Arizona (State)"
"Census Tract","04019004425","AZ","04019004425","=""04019004425""","15.92","2019-2023","2022","Census","Arizona (State)"
"Census Tract","04019004426","AZ","04019004426","=""04019004426""","1437.85","2019-2023","2022","Census","Arizona (State)"
"Census Tract","04019004428","AZ","04019004428","=""04019004428""","90.77","2019-2023","2022","Census","Arizona (State)"
"Census Tract","04019004430","AZ","04019004430","=""04019004430""","160.27","2019-2023","2022","Census","Arizona (State)"
"Census Tract","04019004431","AZ","04019004431","=""04019004431""","530.71","2019-2023","2022","Census","Arizona (State)"
"Census Tract","04019004432","AZ","04019004432","=""04019004432""","9169.10","2019-2023","2022","Census","Arizona (State)"
"Census Tract","04019004433","AZ","04019004433","=""04019004433""","793.28","2019-2023","2022","Census","Arizona (State)"
"Census Tract","04019004434","AZ","04019004434","=""04019004434""","169.05","2019-2023","2022","Census","Arizona (State)"
"Census Tract","04019004435","AZ","04019004435","=""04019004435""","672.03","2019-2023","2022","Census","Arizona (State)"
"Census Tract","04019004436","AZ","04019004436","=""04019004436""","1583.27","2019-2023","2022","Census","Arizona (State)"
"Census Tract","04019004437","AZ","04019004437","=""04019004437""","1509.89","2019-2023","2022","Census","Arizona (State)"
"Census Tract","04019004438","AZ","04019004438","=""04019004438""","3626.26","2019-2023","2022","Census","Arizona (State)"
"Census Tract","04019004439","AZ","04019004439","=""04019004439""","1634.05","2019-2023","2022","Census","Arizona (State)"
"Census Tract","04019004440","AZ","04019004440","=""04019004440""","2137.59","2019-2023","2022","Census","Arizona (State)"
"Census Tract","04019004505","AZ","04019004505","=""04019004505""","4918.86","2019-2023","2022","Census","Arizona (State)"
"Census Tract","04019004506","AZ","04019004506","=""04019004506""","3902.10","2019-2023","2022","Census","Arizona (State)"
"Census Tract","04019004508","AZ","04019004508","=""04019004508""","3693.59","2019-2023","2022","Census","Arizona (State)"
"Census Tract","04019004510","AZ","04019004510","=""04019004510""","4706.96","2019-2023","2022","Census","Arizona (State)"
"Census Tract","04019004511","AZ","04019004511","=""04019004511""","6711.56","2019-2023","2022","Census","Arizona (State)"
"Census Tract","04019004512","AZ","04019004512","=""04019004512""","3162.66","2019-2023","2022","Census","Arizona (State)"
"Census Tract","04019004513","AZ","04019004513","=""04019004513""","7855.11","2019-2023","2022","Census","Arizona (State)"
"Census Tract","04019004514","AZ","04019004514","=""04019004514""","3609.60","2019-2023","2022","Census","Arizona (State)"
"Census Tract","04019004515","AZ","04019004515","=""04019004515""","1307.65","2019-2023","2022","Census","Arizona (State)"
"Census Tract","04019004610","AZ","04019004610","=""04019004610""","4373.98","2019-2023","2022","Census","Arizona (State)"
"Census Tract","04019004613","AZ","04019004613","=""04019004613""","2720.16","2019-2023","2022","Census","Arizona (State)"
"Census Tract","04019004614","AZ","04019004614","=""04019004614""","1665.78","2019-2023","2022","Census","Arizona (State)"
"Census Tract","04019004615","AZ","04019004615","=""04019004615""","1319.79","2019-2023","2022","Census","Arizona (State)"
"Census Tract","04019004616","AZ","04019004616","=""04019004616""","2566.60","2019-2023","2022","Census","Arizona (State)"
"Census Tract","04019004617","AZ","04019004617","=""04019004617""","3386.88","2019-2023","2022","Census","Arizona (State)"
"Census Tract","04019004618","AZ","04019004618","=""04019004618""","2630.07","2019-2023","2022","Census","Arizona (State)"
"Census Tract","04019004619","AZ","04019004619","=""04019004619""","1552.60","2019-2023","2022","Census","Arizona (State)"
"Census Tract","04019004620","AZ","04019004620","=""04019004620""","1511.63","2019-2023","2022","Census","Arizona (State)"
"Census Tract","04019004621","AZ","04019004621","=""04019004621""","2237.77","2019-2023","2022","Census","Arizona (State)"
"Census Tract","04019004622","AZ","04019004622","=""04019004622""","2125.46","2019-2023","2022","Census","Arizona (State)"
"Census Tract","04019004623","AZ","04019004623","=""04019004623""","2964.46","2019-2023","2022","Census","Arizona (State)"
"Census Tract","04019004624","AZ","04019004624","=""04019004624""","4297.86","2019-2023","2022","Census","Arizona (State)"
"Census Tract","04019004625","AZ","04019004625","=""04019004625""","2731.54","2019-2023","2022","Census","Arizona (State)"
"Census Tract","04019004626","AZ","04019004626","=""04019004626""","4899.88","2019-2023","2022","Census","Arizona (State)"
"Census Tract","04019004627","AZ","04019004627","=""04019004627""","5291.09","2019-2023","2022","Census","Arizona (State)"
"Census Tract","04019004628","AZ","04019004628","=""04019004628""","1218.83","2019-2023","2022","Census","Arizona (State)"
"Census Tract","04019004630","AZ","04019004630","=""04019004630""","1015.50","2019-2023","2022","Census","Arizona (State)"
"Census Tract","04019004631","AZ","04019004631","=""04019004631""","2699.04","2019-2023","2022","Census","Arizona (State)"
"Census Tract","04019004632","AZ","04019004632","=""04019004632""","1973.48","2019-2023","2022","Census","Arizona (State)"
"Census Tract","04019004633","AZ","04019004633","=""04019004633""","1886.63","2019-2023","2022","Census","Arizona (State)"
"Census Tract","04019004634","AZ","04019004634","=""04019004634""","369.93","2019-2023","2022","Census","Arizona (State)"
"Census Tract","04019004635","AZ","04019004635","=""04019004635""","1900.34","2019-2023","2022","Census","Arizona (State)"
"Census Tract","04019004636","AZ","04019004636","=""04019004636""","2538.36","2019-2023","2022","Census","Arizona (State)"
"Census Tract","04019004639","AZ","04019004639","=""04019004639""","341.73","2019-2023","2022","Census","Arizona (State)"
"Census Tract","04019004640","AZ","04019004640","=""04019004640""","809.55","2019-2023","2022","Census","Arizona (State)"
"Census Tract","04019004641","AZ","04019004641","=""04019004641""","1453.13","2019-2023","2022","Census","Arizona (State)"
"Census Tract","04019004642","AZ","04019004642","=""04019004642""","780.16","2019-2023","2022","Census","Arizona (State)"
"Census Tract","04019004643","AZ","04019004643","=""04019004643""","386.49","2019-2023","2022","Census","Arizona (State)"
"Census Tract","04019004644","AZ","04019004644","=""04019004644""","1550.39","2019-2023","2022","Census","Arizona (State)"
"Census Tract","04019004645","AZ","04019004645","=""04019004645""","4467.61","2019-2023","2022","Census","Arizona (State)"
"Census Tract","04019004646","AZ","04019004646","=""04019004646""","2505.78","2019-2023","2022","Census","Arizona (State)"
"Census Tract","04019004647","AZ","04019004647","=""04019004647""","3787.47","2019-2023","2022","Census","Arizona (State)"
"Census Tract","04019004648","AZ","04019004648","=""04019004648""","159.10","2019-2023","2022","Census","Arizona (State)"
"Census Tract","04019004649","AZ","04019004649","=""04019004649""","91.62","2019-2023","2022","Census","Arizona (State)"
"Census Tract","04019004650","AZ","04019004650","=""04019004650""","1466.74","2019-2023","2022","Census","Arizona (State)"
"Census Tract","04019004710","AZ","04019004710","=""04019004710""","2360.51","2019-2023","2022","Census","Arizona (State)"
"Census Tract","04019004711","AZ","04019004711","=""04019004711""","1105.60","2019-2023","2022","Census","Arizona (State)"
"Census Tract","04019004712","AZ","04019004712","=""04019004712""","929.36","2019-2023","2022","Census","Arizona (State)"
"Census Tract","04019004713","AZ","04019004713","=""04019004713""","999.29","2019-2023","2022","Census","Arizona (State)"
"Census Tract","04019004714","AZ","04019004714","=""04019004714""","1482.63","2019-2023","2022","Census","Arizona (State)"
"Census Tract","04019004715","AZ","04019004715","=""04019004715""","829.72","2019-2023","2022","Census","Arizona (State)"
"Census Tract","04019004717","AZ","04019004717","=""04019004717""","1128.43","2019-2023","2022","Census","Arizona (State)"
"Census Tract","04019004718","AZ","04019004718","=""04019004718""","2313.09","2019-2023","2022","Census","Arizona (State)"
"Census Tract","04019004720","AZ","04019004720","=""04019004720""","1071.72","2019-2023","2022","Census","Arizona (State)"
"Census Tract","04019004721","AZ","04019004721","=""04019004721""","1880.00","2019-2023","2022","Census","Arizona (State)"
"Census Tract","04019004722","AZ","04019004722","=""04019004722""","988.55","2019-2023","2022","Census","Arizona (State)"
"Census Tract","04019004723","AZ","04019004723","=""04019004723""","3067.61","2019-2023","2022","Census","Arizona (State)"
"Census Tract","04019004724","AZ","04019004724","=""04019004724""","872.64","2019-2023","2022","Census","Arizona (State)"
"Census Tract","04019004725","AZ","04019004725","=""04019004725""","1780.34","2019-2023","2022","Census","Arizona (State)"
"Census Tract","04019004726","AZ","04019004726","=""04019004726""","1177.38","2019-2023","2022","Census","Arizona (State)"
"Census Tract","04019004727","AZ","04019004727","=""04019004727""","90.88","2019-2023","2022","Census","Arizona (State)"
"Census Tract","04019004728","AZ","04019004728","=""04019004728""","37.58","2019-2023","2022","Census","Arizona (State)"
"Census Tract","04019004729","AZ","04019004729","=""04019004729""","892.36","2019-2023","2022","Census","Arizona (State)"
"Census Tract","04019004730","AZ","04019004730","=""04019004730""","1042.23","2019-2023","2022","Census","Arizona (State)"
"Census Tract","04019005200","AZ","04019005200","=""04019005200""","2.57","2019-2023","2022","Census","Arizona (State)"
"Census Tract","04019005300","AZ","04019005300","=""04019005300""","519.49","2019-2023","2022","Census","Arizona (State)"
"Census Tract","04019005400","AZ","04019005400","=""04019005400""","3582.91","2019-2023","2022","Census","Arizona (State)"
"Census Tract","04019940800","AZ","04019940800","=""04019940800""","2.26","2019-2023","2022","Census","Arizona (State)"
"Census Tract","04019940900","AZ","04019940900","=""04019940900""","21.88","2019-2023","2022","Census","Arizona (State)"
"Census Tract","04019941000","AZ","04019941000","=""04019941000""","953.47","2019-2023","2022","Census","Arizona (State)"
"Census Tract","04019941100","AZ","04019941100","=""04019941100""","1.17","2019-2023","2022","Census","Arizona (State)"
"Census Tract","04019980001","AZ","04019980001","=""04019980001""","0.00","2019-2023","2022","Census","Arizona (State)"
"Census Tract","04019980002","AZ","04019980002","=""04019980002""","0.00","2019-2023","2022","Census","Arizona (State)"
"Census Tract","04019980100","AZ","04019980100","=""04019980100""","1695.01","2019-2023","2022","Census","Arizona (State)"
"Census Tract","04019980200","AZ","04019980200","=""04019980200""","4417.23","2019-2023","2022","Census","Arizona (State)"
"Census Tract","04019980300","AZ","04019980300","=""04019980300""","0.39","2019-2023","2022","Census","Arizona (State)"
"Census Tract","04019980400","AZ","04019980400","=""04019980400""","10025.03","2019-2023","2022","Census","Arizona (State)"
"Census Tract","04021000201","AZ","04021000201","=""04021000201""","22.00","2019-2023","2022","Census","Arizona (State)"
"Census Tract","04021000204","AZ","04021000204","=""04021000204""","1327.17","2019-2023","2022","Census","Arizona (State)"
"Census Tract","04021000206","AZ","04021000206","=""04021000206""","1100.68","2019-2023","2022","Census","Arizona (State)"
"Census Tract","04021000208","AZ","04021000208","=""04021000208""","205.13","2019-2023","2022","Census","Arizona (State)"
"Census Tract","04021000211","AZ","04021000211","=""04021000211""","2444.40","2019-2023","2022","Census","Arizona (State)"
"Census Tract","04021000212","AZ","04021000212","=""04021000212""","1873.42","2019-2023","2022","Census","Arizona (State)"
"Census Tract","04021000215","AZ","04021000215","=""04021000215""","139.59","2019-2023","2022","Census","Arizona (State)"
"Census Tract","04021000216","AZ","04021000216","=""04021000216""","3676.78","2019-2023","2022","Census","Arizona (State)"
"Census Tract","04021000217","AZ","04021000217","=""04021000217""","75.92","2019-2023","2022","Census","Arizona (State)"
"Census Tract","04021000218","AZ","04021000218","=""04021000218""","8868.48","2019-2023","2022","Census","Arizona (State)"
"Census Tract","04021000219","AZ","04021000219","=""04021000219""","5451.96","2019-2023","2022","Census","Arizona (State)"
"Census Tract","04021000220","AZ","04021000220","=""04021000220""","8375.07","2019-2023","2022","Census","Arizona (State)"
"Census Tract","04021000221","AZ","04021000221","=""04021000221""","4673.29","2019-2023","2022","Census","Arizona (State)"
"Census Tract","04021000222","AZ","04021000222","=""04021000222""","4380.44","2019-2023","2022","Census","Arizona (State)"
"Census Tract","04021000223","AZ","04021000223","=""04021000223""","2566.84","2019-2023","2022","Census","Arizona (State)"
"Census Tract","04021000224","AZ","04021000224","=""04021000224""","4974.17","2019-2023","2022","Census","Arizona (State)"
"Census Tract","04021000225","AZ","04021000225","=""04021000225""","4907.99","2019-2023","2022","Census","Arizona (State)"
"Census Tract","04021000226","AZ","04021000226","=""04021000226""","1751.16","2019-2023","2022","Census","Arizona (State)"
"Census Tract","04021000227","AZ","04021000227","=""04021000227""","5729.42","2019-2023","2022","Census","Arizona (State)"
"Census Tract","04021000228","AZ","04021000228","=""04021000228""","2770.41","2019-2023","2022","Census","Arizona (State)"
"Census Tract","04021000229","AZ","04021000229","=""04021000229""","1039.95","2019-2023","2022","Census","Arizona (State)"
"Census Tract","04021000307","AZ","04021000307","=""04021000307""","235.04","2019-2023","2022","Census","Arizona (State)"
"Census Tract","04021000309","AZ","04021000309","=""04021000309""","2003.22","2019-2023","2022","Census","Arizona (State)"
"Census Tract","04021000310","AZ","04021000310","=""04021000310""","885.14","2019-2023","2022","Census","Arizona (State)"
"Census Tract","04021000311","AZ","04021000311","=""04021000311""","614.23","2019-2023","2022","Census","Arizona (State)"
"Census Tract","04021000312","AZ","04021000312","=""04021000312""","4386.60","2019-2023","2022","Census","Arizona (State)"
"Census Tract","04021000313","AZ","04021000313","=""04021000313""","4160.96","2019-2023","2022","Census","Arizona (State)"
"Census Tract","04021000315","AZ","04021000315","=""04021000315""","2906.84","2019-2023","2022","Census","Arizona (State)"
"Census Tract","04021000316","AZ","04021000316","=""04021000316""","593.30","2019-2023","2022","Census","Arizona (State)"
"Census Tract","04021000317","AZ","04021000317","=""04021000317""","1173.28","2019-2023","2022","Census","Arizona (State)"
"Census Tract","04021000319","AZ","04021000319","=""04021000319""","51.08","2019-2023","2022","Census","Arizona (State)"
"Census Tract","04021000320","AZ","04021000320","=""04021000320""","4305.71","2019-2023","2022","Census","Arizona (State)"
"Census Tract","04021000321","AZ","04021000321","=""04021000321""","3019.16","2019-2023","2022","Census","Arizona (State)"
"Census Tract","04021000322","AZ","04021000322","=""04021000322""","5014.25","2019-2023","2022","Census","Arizona (State)"
"Census Tract","04021000323","AZ","04021000323","=""04021000323""","5452.80","2019-2023","2022","Census","Arizona (State)"
"Census Tract","04021000324","AZ","04021000324","=""04021000324""","5730.07","2019-2023","2022","Census","Arizona (State)"
"Census Tract","04021000325","AZ","04021000325","=""04021000325""","2751.58","2019-2023","2022","Census","Arizona (State)"
"Census Tract","04021000400","AZ","04021000400","=""04021000400""","68.02","2019-2023","2022","Census","Arizona (State)"
"Census Tract","04021000603","AZ","04021000603","=""04021000603""","1770.82","2019-2023","2022","Census","Arizona (State)"
"Census Tract","04021000604","AZ","04021000604","=""04021000604""","120.63","2019-2023","2022","Census","Arizona (State)"
"Census Tract","04021000700","AZ","04021000700","=""04021000700""","157.65","2019-2023","2022","Census","Arizona (State)"
"Census Tract","04021000802","AZ","04021000802","=""04021000802""","7.35","2019-2023","2022","Census","Arizona (State)"
"Census Tract","04021000804","AZ","04021000804","=""04021000804""","58.39","2019-2023","2022","Census","Arizona (State)"
"Census Tract","04021000805","AZ","04021000805","=""04021000805""","740.66","2019-2023","2022","Census","Arizona (State)"
"Census Tract","04021000806","AZ","04021000806","=""04021000806""","776.72","2019-2023","2022","Census","Arizona (State)"
"Census Tract","04021000807","AZ","04021000807","=""04021000807""","1260.17","2019-2023","2022","Census","Arizona (State)"
"Census Tract","04021000808","AZ","04021000808","=""04021000808""","74.73","2019-2023","2022","Census","Arizona (State)"
"Census Tract","04021000902","AZ","04021000902","=""04021000902""","875.38","2019-2023","2022","Census","Arizona (State)"
"Census Tract","04021000903","AZ","04021000903","=""04021000903""","12342.88","2019-2023","2022","Census","Arizona (State)"
"Census Tract","04021000904","AZ","04021000904","=""04021000904""","259.57","2019-2023","2022","Census","Arizona (State)"
"Census Tract","04021001000","AZ","04021001000","=""04021001000""","358.62","2019-2023","2022","Census","Arizona (State)"
"Census Tract","04021001100","AZ","04021001100","=""04021001100""","571.42","2019-2023","2022","Census","Arizona (State)"
"Census Tract","04021001200","AZ","04021001200","=""04021001200""","58.41","2019-2023","2022","Census","Arizona (State)"
"Census Tract","04021001303","AZ","04021001303","=""04021001303""","93.30","2019-2023","2022","Census","Arizona (State)"
"Census Tract","04021001305","AZ","04021001305","=""04021001305""","1556.15","2019-2023","2022","Census","Arizona (State)"
"Census Tract","04021001306","AZ","04021001306","=""04021001306""","3144.88","2019-2023","2022","Census","Arizona (State)"
"Census Tract","04021001307","AZ","04021001307","=""04021001307""","1230.32","2019-2023","2022","Census","Arizona (State)"
"Census Tract","04021001308","AZ","04021001308","=""04021001308""","424.01","2019-2023","2022","Census","Arizona (State)"
"Census Tract","04021001309","AZ","04021001309","=""04021001309""","1052.24","2019-2023","2022","Census","Arizona (State)"
"Census Tract","04021001310","AZ","04021001310","=""04021001310""","681.08","2019-2023","2022","Census","Arizona (State)"
"Census Tract","04021001403","AZ","04021001403","=""04021001403""","5714.42","2019-2023","2022","Census","Arizona (State)"
"Census Tract","04021001404","AZ","04021001404","=""04021001404""","3516.02","2019-2023","2022","Census","Arizona (State)"
"Census Tract","04021001405","AZ","04021001405","=""04021001405""","2114.44","2019-2023","2022","Census","Arizona (State)"
"Census Tract","04021001406","AZ","04021001406","=""04021001406""","745.91","2019-2023","2022","Census","Arizona (State)"
"Census Tract","04021001407","AZ","04021001407","=""04021001407""","254.29","2019-2023","2022","Census","Arizona (State)"
"Census Tract","04021001408","AZ","04021001408","=""04021001408""","351.48","2019-2023","2022","Census","Arizona (State)"
"Census Tract","04021001500","AZ","04021001500","=""04021001500""","293.20","2019-2023","2022","Census","Arizona (State)"
"Census Tract","04021001600","AZ","04021001600","=""04021001600""","54.46","2019-2023","2022","Census","Arizona (State)"
"Census Tract","04021001701","AZ","04021001701","=""04021001701""","31.19","2019-2023","2022","Census","Arizona (State)"
"Census Tract","04021001704","AZ","04021001704","=""04021001704""","4236.24","2019-2023","2022","Census","Arizona (State)"
"Census Tract","04021001705","AZ","04021001705","=""04021001705""","6081.56","2019-2023","2022","Census","Arizona (State)"
"Census Tract","04021001706","AZ","04021001706","=""04021001706""","5577.89","2019-2023","2022","Census","Arizona (State)"
"Census Tract","04021001707","AZ","04021001707","=""04021001707""","6038.90","2019-2023","2022","Census","Arizona (State)"
"Census Tract","04021001709","AZ","04021001709","=""04021001709""","3964.43","2019-2023","2022","Census","Arizona (State)"
"Census Tract","04021001712","AZ","04021001712","=""04021001712""","805.39","2019-2023","2022","Census","Arizona (State)"
"Census Tract","04021001713","AZ","04021001713","=""04021001713""","2997.50","2019-2023","2022","Census","Arizona (State)"
"Census Tract","04021001714","AZ","04021001714","=""04021001714""","272.46","2019-2023","2022","Census","Arizona (State)"
"Census Tract","04021001715","AZ","04021001715","=""04021001715""","1014.46","2019-2023","2022","Census","Arizona (State)"
"Census Tract","04021001716","AZ","04021001716","=""04021001716""","5827.69","2019-2023","2022","Census","Arizona (State)"
"Census Tract","04021001717","AZ","04021001717","=""04021001717""","1989.52","2019-2023","2022","Census","Arizona (State)"
"Census Tract","04021001900","AZ","04021001900","=""04021001900""","64.27","2019-2023","2022","Census","Arizona (State)"
"Census Tract","04021002001","AZ","04021002001","=""04021002001""","238.71","2019-2023","2022","Census","Arizona (State)"
"Census Tract","04021002004","AZ","04021002004","=""04021002004""","603.13","2019-2023","2022","Census","Arizona (State)"
"Census Tract","04021002005","AZ","04021002005","=""04021002005""","366.53","2019-2023","2022","Census","Arizona (State)"
"Census Tract","04021002104","AZ","04021002104","=""04021002104""","1827.05","2019-2023","2022","Census","Arizona (State)"
"Census Tract","04021002105","AZ","04021002105","=""04021002105""","1571.10","2019-2023","2022","Census","Arizona (State)"
"Census Tract","04021002106","AZ","04021002106","=""04021002106""","12.30","2019-2023","2022","Census","Arizona (State)"
"Census Tract","04021002107","AZ","04021002107","=""04021002107""","15.08","2019-2023","2022","Census","Arizona (State)"
"Census Tract","04021002200","AZ","04021002200","=""04021002200""","7.29","2019-2023","2022","Census","Arizona (State)"
"Census Tract","04021002300","AZ","04021002300","=""04021002300""","6.89","2019-2023","2022","Census","Arizona (State)"
"Census Tract","04021002400","AZ","04021002400","=""04021002400""","2.81","2019-2023","2022","Census","Arizona (State)"
"Census Tract","04021941200","AZ","04021941200","=""04021941200""","37.14","2019-2023","2022","Census","Arizona (State)"
"Census Tract","04021941300","AZ","04021941300","=""04021941300""","12.71","2019-2023","2022","Census","Arizona (State)"
"Census Tract","04021941401","AZ","04021941401","=""04021941401""","57.03","2019-2023","2022","Census","Arizona (State)"
"Census Tract","04021941402","AZ","04021941402","=""04021941402""","3.86","2019-2023","2022","Census","Arizona (State)"
"Census Tract","04023966000","AZ","04023966000","=""04023966000""","6.03","2019-2023","2022","Census","Arizona (State)"
"Census Tract","04023966101","AZ","04023966101","=""04023966101""","16.31","2019-2023","2022","Census","Arizona (State)"
"Census Tract","04023966103","AZ","04023966103","=""04023966103""","275.72","2019-2023","2022","Census","Arizona (State)"
"Census Tract","04023966106","AZ","04023966106","=""04023966106""","8.47","2019-2023","2022","Census","Arizona (State)"
"Census Tract","04023966107","AZ","04023966107","=""04023966107""","204.33","2019-2023","2022","Census","Arizona (State)"
"Census Tract","04023966108","AZ","04023966108","=""04023966108""","847.87","2019-2023","2022","Census","Arizona (State)"
"Census Tract","04023966109","AZ","04023966109","=""04023966109""","17.43","2019-2023","2022","Census","Arizona (State)"
"Census Tract","04023966110","AZ","04023966110","=""04023966110""","200.47","2019-2023","2022","Census","Arizona (State)"
"Census Tract","04023966111","AZ","04023966111","=""04023966111""","460.26","2019-2023","2022","Census","Arizona (State)"
"Census Tract","04023966200","AZ","04023966200","=""04023966200""","721.20","2019-2023","2022","Census","Arizona (State)"
"Census Tract","04023966301","AZ","04023966301","=""04023966301""","203.95","2019-2023","2022","Census","Arizona (State)"
"Census Tract","04023966302","AZ","04023966302","=""04023966302""","1672.98","2019-2023","2022","Census","Arizona (State)"
"Census Tract","04023966401","AZ","04023966401","=""04023966401""","1155.17","2019-2023","2022","Census","Arizona (State)"
"Census Tract","04023966402","AZ","04023966402","=""04023966402""","4052.45","2019-2023","2022","Census","Arizona (State)"
"Census Tract","04025000205","AZ","04025000205","=""04025000205""","838.44","2019-2023","2022","Census","Arizona (State)"
"Census Tract","04025000206","AZ","04025000206","=""04025000206""","152.63","2019-2023","2022","Census","Arizona (State)"
"Census Tract","04025000207","AZ","04025000207","=""04025000207""","16.30","2019-2023","2022","Census","Arizona (State)"
"Census Tract","04025000208","AZ","04025000208","=""04025000208""","1230.16","2019-2023","2022","Census","Arizona (State)"
"Census Tract","04025000209","AZ","04025000209","=""04025000209""","98.60","2019-2023","2022","Census","Arizona (State)"
"Census Tract","04025000210","AZ","04025000210","=""04025000210""","12.88","2019-2023","2022","Census","Arizona (State)"
"Census Tract","04025000211","AZ","04025000211","=""04025000211""","239.45","2019-2023","2022","Census","Arizona (State)"
"Census Tract","04025000301","AZ","04025000301","=""04025000301""","563.29","2019-2023","2022","Census","Arizona (State)"
"Census Tract","04025000302","AZ","04025000302","=""04025000302""","206.86","2019-2023","2022","Census","Arizona (State)"
"Census Tract","04025000403","AZ","04025000403","=""04025000403""","3603.19","2019-2023","2022","Census","Arizona (State)"
"Census Tract","04025000404","AZ","04025000404","=""04025000404""","2571.20","2019-2023","2022","Census","Arizona (State)"
"Census Tract","04025000405","AZ","04025000405","=""04025000405""","1984.04","2019-2023","2022","Census","Arizona (State)"
"Census Tract","04025000406","AZ","04025000406","=""04025000406""","1730.17","2019-2023","2022","Census","Arizona (State)"
"Census Tract","04025000407","AZ","04025000407","=""04025000407""","2285.34","2019-2023","2022","Census","Arizona (State)"
"Census Tract","04025000501","AZ","04025000501","=""04025000501""","178.51","2019-2023","2022","Census","Arizona (State)"
"Census Tract","04025000502","AZ","04025000502","=""04025000502""","331.38","2019-2023","2022","Census","Arizona (State)"
"Census Tract","04025000604","AZ","04025000604","=""04025000604""","4607.72","2019-2023","2022","Census","Arizona (State)"
"Census Tract","04025000608","AZ","04025000608","=""04025000608""","2028.77","2019-2023","2022","Census","Arizona (State)"
"Census Tract","04025000609","AZ","04025000609","=""04025000609""","3994.39","2019-2023","2022","Census","Arizona (State)"
"Census Tract","04025000611","AZ","04025000611","=""04025000611""","5226.61","2019-2023","2022","Census","Arizona (State)"
"Census Tract","04025000612","AZ","04025000612","=""04025000612""","4383.31","2019-2023","2022","Census","Arizona (State)"
"Census Tract","04025000613","AZ","04025000613","=""04025000613""","2228.93","2019-2023","2022","Census","Arizona (State)"
"Census Tract","04025000614","AZ","04025000614","=""04025000614""","6208.56","2019-2023","2022","Census","Arizona (State)"
"Census Tract","04025000615","AZ","04025000615","=""04025000615""","2184.07","2019-2023","2022","Census","Arizona (State)"
"Census Tract","04025000616","AZ","04025000616","=""04025000616""","1417.53","2019-2023","2022","Census","Arizona (State)"
"Census Tract","04025000617","AZ","04025000617","=""04025000617""","618.19","2019-2023","2022","Census","Arizona (State)"
"Census Tract","04025000618","AZ","04025000618","=""04025000618""","335.71","2019-2023","2022","Census","Arizona (State)"
"Census Tract","04025000619","AZ","04025000619","=""04025000619""","425.10","2019-2023","2022","Census","Arizona (State)"
"Census Tract","04025000701","AZ","04025000701","=""04025000701""","25.82","2019-2023","2022","Census","Arizona (State)"
"Census Tract","04025000702","AZ","04025000702","=""04025000702""","107.25","2019-2023","2022","Census","Arizona (State)"
"Census Tract","04025000802","AZ","04025000802","=""04025000802""","650.46","2019-2023","2022","Census","Arizona (State)"
"Census Tract","04025000803","AZ","04025000803","=""04025000803""","3910.26","2019-2023","2022","Census","Arizona (State)"
"Census Tract","04025000804","AZ","04025000804","=""04025000804""","1389.96","2019-2023","2022","Census","Arizona (State)"
"Census Tract","04025000901","AZ","04025000901","=""04025000901""","1787.89","2019-2023","2022","Census","Arizona (State)"
"Census Tract","04025000902","AZ","04025000902","=""04025000902""","3167.05","2019-2023","2022","Census","Arizona (State)"
"Census Tract","04025001002","AZ","04025001002","=""04025001002""","106.31","2019-2023","2022","Census","Arizona (State)"
"Census Tract","04025001003","AZ","04025001003","=""04025001003""","1804.93","2019-2023","2022","Census","Arizona (State)"
"Census Tract","04025001004","AZ","04025001004","=""04025001004""","978.51","2019-2023","2022","Census","Arizona (State)"
"Census Tract","04025001103","AZ","04025001103","=""04025001103""","200.00","2019-2023","2022","Census","Arizona (State)"
"Census Tract","04025001104","AZ","04025001104","=""04025001104""","2139.54","2019-2023","2022","Census","Arizona (State)"
"Census Tract","04025001105","AZ","04025001105","=""04025001105""","207.74","2019-2023","2022","Census","Arizona (State)"
"Census Tract","04025001106","AZ","04025001106","=""04025001106""","3219.54","2019-2023","2022","Census","Arizona (State)"
"Census Tract","04025001201","AZ","04025001201","=""04025001201""","5.02","2019-2023","2022","Census","Arizona (State)"
"Census Tract","04025001202","AZ","04025001202","=""04025001202""","8.77","2019-2023","2022","Census","Arizona (State)"
"Census Tract","04025001300","AZ","04025001300","=""04025001300""","5.79","2019-2023","2022","Census","Arizona (State)"
"Census Tract","04025001401","AZ","04025001401","=""04025001401""","29.84","2019-2023","2022","Census","Arizona (State)"
"Census Tract","04025001402","AZ","04025001402","=""04025001402""","3.48","2019-2023","2022","Census","Arizona (State)"
"Census Tract","04025001403","AZ","04025001403","=""04025001403""","4.41","2019-2023","2022","Census","Arizona (State)"
"Census Tract","04025001501","AZ","04025001501","=""04025001501""","3.56","2019-2023","2022","Census","Arizona (State)"
"Census Tract","04025001502","AZ","04025001502","=""04025001502""","39.30","2019-2023","2022","Census","Arizona (State)"
"Census Tract","04025001601","AZ","04025001601","=""04025001601""","333.58","2019-2023","2022","Census","Arizona (State)"
"Census Tract","04025001602","AZ","04025001602","=""04025001602""","12.77","2019-2023","2022","Census","Arizona (State)"
"Census Tract","04025001604","AZ","04025001604","=""04025001604""","35.41","2019-2023","2022","Census","Arizona (State)"
"Census Tract","04025001605","AZ","04025001605","=""04025001605""","81.08","2019-2023","2022","Census","Arizona (State)"
"Census Tract","04025001701","AZ","04025001701","=""04025001701""","144.13","2019-2023","2022","Census","Arizona (State)"
"Census Tract","04025001703","AZ","04025001703","=""04025001703""","215.68","2019-2023","2022","Census","Arizona (State)"
"Census Tract","04025001704","AZ","04025001704","=""04025001704""","23.71","2019-2023","2022","Census","Arizona (State)"
"Census Tract","04025001705","AZ","04025001705","=""04025001705""","1466.31","2019-2023","2022","Census","Arizona (State)"
"Census Tract","04025001801","AZ","04025001801","=""04025001801""","236.82","2019-2023","2022","Census","Arizona (State)"
"Census Tract","04025001803","AZ","04025001803","=""04025001803""","13.22","2019-2023","2022","Census","Arizona (State)"
"Census Tract","04025001804","AZ","04025001804","=""04025001804""","186.53","2019-2023","2022","Census","Arizona (State)"
"Census Tract","04025001901","AZ","04025001901","=""04025001901""","1209.46","2019-2023","2022","Census","Arizona (State)"
"Census Tract","04025001902","AZ","04025001902","=""04025001902""","7.87","2019-2023","2022","Census","Arizona (State)"
"Census Tract","04025001903","AZ","04025001903","=""04025001903""","526.08","2019-2023","2022","Census","Arizona (State)"
"Census Tract","04025001904","AZ","04025001904","=""04025001904""","86.01","2019-2023","2022","Census","Arizona (State)"
"Census Tract","04025002001","AZ","04025002001","=""04025002001""","2315.13","2019-2023","2022","Census","Arizona (State)"
"Census Tract","04025002002","AZ","04025002002","=""04025002002""","531.45","2019-2023","2022","Census","Arizona (State)"
"Census Tract","04025002003","AZ","04025002003","=""04025002003""","1404.65","2019-2023","2022","Census","Arizona (State)"
"Census Tract","04025002005","AZ","04025002005","=""04025002005""","64.62","2019-2023","2022","Census","Arizona (State)"
"Census Tract","04025002006","AZ","04025002006","=""04025002006""","2441.82","2019-2023","2022","Census","Arizona (State)"
"Census Tract","04025002007","AZ","04025002007","=""04025002007""","2001.96","2019-2023","2022","Census","Arizona (State)"
"Census Tract","04025002100","AZ","04025002100","=""04025002100""","1.88","2019-2023","2022","Census","Arizona (State)"
"Census Tract","04027000100","AZ","04027000100","=""04027000100""","1554.88","2019-2023","2022","Census","Arizona (State)"
"Census Tract","04027000200","AZ","04027000200","=""04027000200""","4841.43","2019-2023","2022","Census","Arizona (State)"
"Census Tract","04027000301","AZ","04027000301","=""04027000301""","2495.71","2019-2023","2022","Census","Arizona (State)"
"Census Tract","04027000302","AZ","04027000302","=""04027000302""","5256.36","2019-2023","2022","Census","Arizona (State)"
"Census Tract","04027000402","AZ","04027000402","=""04027000402""","3082.98","2019-2023","2022","Census","Arizona (State)"
"Census Tract","04027000403","AZ","04027000403","=""04027000403""","3631.45","2019-2023","2022","Census","Arizona (State)"
"Census Tract","04027000404","AZ","04027000404","=""04027000404""","5043.93","2019-2023","2022","Census","Arizona (State)"
"Census Tract","04027000501","AZ","04027000501","=""04027000501""","5833.93","2019-2023","2022","Census","Arizona (State)"
"Census Tract","04027000502","AZ","04027000502","=""04027000502""","3702.57","2019-2023","2022","Census","Arizona (State)"
"Census Tract","04027000600","AZ","04027000600","=""04027000600""","6131.57","2019-2023","2022","Census","Arizona (State)"
"Census Tract","04027000700","AZ","04027000700","=""04027000700""","3145.98","2019-2023","2022","Census","Arizona (State)"
"Census Tract","04027000800","AZ","04027000800","=""04027000800""","6209.12","2019-2023","2022","Census","Arizona (State)"
"Census Tract","04027000901","AZ","04027000901","=""04027000901""","5845.46","2019-2023","2022","Census","Arizona (State)"
"Census Tract","04027000902","AZ","04027000902","=""04027000902""","4607.67","2019-2023","2022","Census","Arizona (State)"
"Census Tract","04027000903","AZ","04027000903","=""04027000903""","4713.19","2019-2023","2022","Census","Arizona (State)"
"Census Tract","04027000907","AZ","04027000907","=""04027000907""","3357.59","2019-2023","2022","Census","Arizona (State)"
"Census Tract","04027000908","AZ","04027000908","=""04027000908""","472.35","2019-2023","2022","Census","Arizona (State)"
"Census Tract","04027000909","AZ","04027000909","=""04027000909""","6046.49","2019-2023","2022","Census","Arizona (State)"
"Census Tract","04027000910","AZ","04027000910","=""04027000910""","4539.68","2019-2023","2022","Census","Arizona (State)"
"Census Tract","04027001001","AZ","04027001001","=""04027001001""","748.10","2019-2023","2022","Census","Arizona (State)"
"Census Tract","04027001003","AZ","04027001003","=""04027001003""","2665.81","2019-2023","2022","Census","Arizona (State)"
"Census Tract","04027001004","AZ","04027001004","=""04027001004""","4028.97","2019-2023","2022","Census","Arizona (State)"
"Census Tract","04027001100","AZ","04027001100","=""04027001100""","7148.44","2019-2023","2022","Census","Arizona (State)"
"Census Tract","04027001200","AZ","04027001200","=""04027001200""","1811.11","2019-2023","2022","Census","Arizona (State)"
"Census Tract","04027010907","AZ","04027010907","=""04027010907""","1421.91","2019-2023","2022","Census","Arizona (State)"
"Census Tract","04027010910","AZ","04027010910","=""04027010910""","79.31","2019-2023","2022","Census","Arizona (State)"
"Census Tract","04027010911","AZ","04027010911","=""04027010911""","965.74","2019-2023","2022","Census","Arizona (State)"
"Census Tract","04027010913","AZ","04027010913","=""04027010913""","109.47","2019-2023","2022","Census","Arizona (State)"
"Census Tract","04027010914","AZ","04027010914","=""04027010914""","7.19","2019-2023","2022","Census","Arizona (State)"
"Census Tract","04027010915","AZ","04027010915","=""04027010915""","5476.32","2019-2023","2022","Census","Arizona (State)"
"Census Tract","04027010916","AZ","04027010916","=""04027010916""","260.99","2019-2023","2022","Census","Arizona (State)"
"Census Tract","04027011000","AZ","04027011000","=""04027011000""","56.93","2019-2023","2022","Census","Arizona (State)"
"Census Tract","04027011107","AZ","04027011107","=""04027011107""","278.24","2019-2023","2022","Census","Arizona (State)"
"Census Tract","04027011108","AZ","04027011108","=""04027011108""","3822.34","2019-2023","2022","Census","Arizona (State)"
"Census Tract","04027011112","AZ","04027011112","=""04027011112""","2551.75","2019-2023","2022","Census","Arizona (State)"
"Census Tract","04027011114","AZ","04027011114","=""04027011114""","3255.29","2019-2023","2022","Census","Arizona (State)"
"Census Tract","04027011116","AZ","04027011116","=""04027011116""","2510.90","2019-2023","2022","Census","Arizona (State)"
"Census Tract","04027011117","AZ","04027011117","=""04027011117""","1154.16","2019-2023","2022","Census","Arizona (State)"
"Census Tract","04027011118","AZ","04027011118","=""04027011118""","2042.97","2019-2023","2022","Census","Arizona (State)"
"Census Tract","04027011119","AZ","04027011119","=""04027011119""","1944.98","2019-2023","2022","Census","Arizona (State)"
"Census Tract","04027011120","AZ","04027011120","=""04027011120""","1512.76","2019-2023","2022","Census","Arizona (State)"
"Census Tract","04027011121","AZ","04027011121","=""04027011121""","1043.23","2019-2023","2022","Census","Arizona (State)"
"Census Tract","04027011122","AZ","04027011122","=""04027011122""","3173.95","2019-2023","2022","Census","Arizona (State)"
"Census Tract","04027011123","AZ","04027011123","=""04027011123""","160.36","2019-2023","2022","Census","Arizona (State)"
"Census Tract","04027011124","AZ","04027011124","=""04027011124""","2684.29","2019-2023","2022","Census","Arizona (State)"
"Census Tract","04027011125","AZ","04027011125","=""04027011125""","174.18","2019-2023","2022","Census","Arizona (State)"
"Census Tract","04027011202","AZ","04027011202","=""04027011202""","6.34","2019-2023","2022","Census","Arizona (State)"
"Census Tract","04027011203","AZ","04027011203","=""04027011203""","177.56","2019-2023","2022","Census","Arizona (State)"
"Census Tract","04027011204","AZ","04027011204","=""04027011204""","13.24","2019-2023","2022","Census","Arizona (State)"
"Census Tract","04027011403","AZ","04027011403","=""04027011403""","4351.34","2019-2023","2022","Census","Arizona (State)"
"Census Tract","04027011405","AZ","04027011405","=""04027011405""","8044.37","2019-2023","2022","Census","Arizona (State)"
"Census Tract","04027011407","AZ","04027011407","=""04027011407""","1751.00","2019-2023","2022","Census","Arizona (State)"
"Census Tract","04027011408","AZ","04027011408","=""04027011408""","1043.92","2019-2023","2022","Census","Arizona (State)"
"Census Tract","04027011501","AZ","04027011501","=""04027011501""","58.03","2019-2023","2022","Census","Arizona (State)"
"Census Tract","04027011503","AZ","04027011503","=""04027011503""","3987.01","2019-2023","2022","Census","Arizona (State)"
"Census Tract","04027011505","AZ","04027011505","=""04027011505""","1674.35","2019-2023","2022","Census","Arizona (State)"
"Census Tract","04027011506","AZ","04027011506","=""04027011506""","7969.72","2019-2023","2022","Census","Arizona (State)"
"Census Tract","04027011601","AZ","04027011601","=""04027011601""","1167.62","2019-2023","2022","Census","Arizona (State)"
"Census Tract","04027011602","AZ","04027011602","=""04027011602""","313.55","2019-2023","2022","Census","Arizona (State)"
"Census Tract","04027011700","AZ","04027011700","=""04027011700""","1452.00","2019-2023","2022","Census","Arizona (State)"
"Census Tract","04027011801","AZ","04027011801","=""04027011801""","120.86","2019-2023","2022","Census","Arizona (State)"
"Census Tract","04027011802","AZ","04027011802","=""04027011802""","408.82","2019-2023","2022","Census","Arizona (State)"
"Census Tract","04027012100","AZ","04027012100","=""04027012100""","0.34","2019-2023","2022","Census","Arizona (State)"
"Census Tract","04027980003","AZ","04027980003","=""04027980003""","0.00","2019-2023","2022","Census","Arizona (State)"
"Census Tract","04027980004","AZ","04027980004","=""04027980004""","0.00","2019-2023","2022","Census","Arizona (State)"
"Census Tract","04027980005","AZ","04027980005","=""04027980005""","9.47","2019-2023","2022","Census","Arizona (State)"
"Census Tract","04027980006","AZ","04027980006","=""04027980006""","624.13","2019-2023","2022","Census","Arizona (State)"
