"Geography Type Description","Geography Name","Sits in State","GeoID","Formatted GeoID","Population Density","Data Time Period","Geographic Vintage","Data Source","Selected Location"
"GeoID_Description","GeoID_Name","SitsinState","GeoID","GeoID_Formatted","rpopden","TimeFrame","GeoVintage","Source","Location"
"Census Tract","47001020100","TN","47001020100","=""47001020100""","595.36","2019-2023","2022","Census","Tennessee (State)"
"Census Tract","47001020201","TN","47001020201","=""47001020201""","512.95","2019-2023","2022","Census","Tennessee (State)"
"Census Tract","47001020202","TN","47001020202","=""47001020202""","1293.36","2019-2023","2022","Census","Tennessee (State)"
"Census Tract","47001020300","TN","47001020300","=""47001020300""","2260.52","2019-2023","2022","Census","Tennessee (State)"
"Census Tract","47001020400","TN","47001020400","=""47001020400""","1142.65","2019-2023","2022","Census","Tennessee (State)"
"Census Tract","47001020500","TN","47001020500","=""47001020500""","2187.93","2019-2023","2022","Census","Tennessee (State)"
"Census Tract","47001020600","TN","47001020600","=""47001020600""","1621.16","2019-2023","2022","Census","Tennessee (State)"
"Census Tract","47001020700","TN","47001020700","=""47001020700""","16.14","2019-2023","2022","Census","Tennessee (State)"
"Census Tract","47001020800","TN","47001020800","=""47001020800""","326.95","2019-2023","2022","Census","Tennessee (State)"
"Census Tract","47001020901","TN","47001020901","=""47001020901""","153.11","2019-2023","2022","Census","Tennessee (State)"
"Census Tract","47001020902","TN","47001020902","=""47001020902""","181.08","2019-2023","2022","Census","Tennessee (State)"
"Census Tract","47001021001","TN","47001021001","=""47001021001""","64.60","2019-2023","2022","Census","Tennessee (State)"
"Census Tract","47001021002","TN","47001021002","=""47001021002""","555.45","2019-2023","2022","Census","Tennessee (State)"
"Census Tract","47001021100","TN","47001021100","=""47001021100""","434.55","2019-2023","2022","Census","Tennessee (State)"
"Census Tract","47001021201","TN","47001021201","=""47001021201""","244.13","2019-2023","2022","Census","Tennessee (State)"
"Census Tract","47001021202","TN","47001021202","=""47001021202""","1326.50","2019-2023","2022","Census","Tennessee (State)"
"Census Tract","47001021301","TN","47001021301","=""47001021301""","312.54","2019-2023","2022","Census","Tennessee (State)"
"Census Tract","47001021303","TN","47001021303","=""47001021303""","360.21","2019-2023","2022","Census","Tennessee (State)"
"Census Tract","47001021304","TN","47001021304","=""47001021304""","372.37","2019-2023","2022","Census","Tennessee (State)"
"Census Tract","47001980100","TN","47001980100","=""47001980100""","0.00","2019-2023","2022","Census","Tennessee (State)"
"Census Tract","47003950100","TN","47003950100","=""47003950100""","60.41","2019-2023","2022","Census","Tennessee (State)"
"Census Tract","47003950201","TN","47003950201","=""47003950201""","75.10","2019-2023","2022","Census","Tennessee (State)"
"Census Tract","47003950202","TN","47003950202","=""47003950202""","101.90","2019-2023","2022","Census","Tennessee (State)"
"Census Tract","47003950300","TN","47003950300","=""47003950300""","36.84","2019-2023","2022","Census","Tennessee (State)"
"Census Tract","47003950401","TN","47003950401","=""47003950401""","310.66","2019-2023","2022","Census","Tennessee (State)"
"Census Tract","47003950402","TN","47003950402","=""47003950402""","325.55","2019-2023","2022","Census","Tennessee (State)"
"Census Tract","47003950500","TN","47003950500","=""47003950500""","601.13","2019-2023","2022","Census","Tennessee (State)"
"Census Tract","47003950600","TN","47003950600","=""47003950600""","654.77","2019-2023","2022","Census","Tennessee (State)"
"Census Tract","47003950700","TN","47003950700","=""47003950700""","58.93","2019-2023","2022","Census","Tennessee (State)"
"Census Tract","47003950800","TN","47003950800","=""47003950800""","36.48","2019-2023","2022","Census","Tennessee (State)"
"Census Tract","47005963000","TN","47005963000","=""47005963000""","25.81","2019-2023","2022","Census","Tennessee (State)"
"Census Tract","47005963100","TN","47005963100","=""47005963100""","60.50","2019-2023","2022","Census","Tennessee (State)"
"Census Tract","47005963200","TN","47005963200","=""47005963200""","18.39","2019-2023","2022","Census","Tennessee (State)"
"Census Tract","47005963300","TN","47005963300","=""47005963300""","508.86","2019-2023","2022","Census","Tennessee (State)"
"Census Tract","47005963400","TN","47005963400","=""47005963400""","40.51","2019-2023","2022","Census","Tennessee (State)"
"Census Tract","47007953000","TN","47007953000","=""47007953000""","35.66","2019-2023","2022","Census","Tennessee (State)"
"Census Tract","47007953101","TN","47007953101","=""47007953101""","29.43","2019-2023","2022","Census","Tennessee (State)"
"Census Tract","47007953102","TN","47007953102","=""47007953102""","66.42","2019-2023","2022","Census","Tennessee (State)"
"Census Tract","47007953200","TN","47007953200","=""47007953200""","27.93","2019-2023","2022","Census","Tennessee (State)"
"Census Tract","47009010100","TN","47009010100","=""47009010100""","1263.85","2019-2023","2022","Census","Tennessee (State)"
"Census Tract","47009010200","TN","47009010200","=""47009010200""","1119.57","2019-2023","2022","Census","Tennessee (State)"
"Census Tract","47009010301","TN","47009010301","=""47009010301""","818.25","2019-2023","2022","Census","Tennessee (State)"
"Census Tract","47009010302","TN","47009010302","=""47009010302""","423.14","2019-2023","2022","Census","Tennessee (State)"
"Census Tract","47009010400","TN","47009010400","=""47009010400""","257.91","2019-2023","2022","Census","Tennessee (State)"
"Census Tract","47009010500","TN","47009010500","=""47009010500""","2019.44","2019-2023","2022","Census","Tennessee (State)"
"Census Tract","47009010600","TN","47009010600","=""47009010600""","2294.94","2019-2023","2022","Census","Tennessee (State)"
"Census Tract","47009010700","TN","47009010700","=""47009010700""","2515.85","2019-2023","2022","Census","Tennessee (State)"
"Census Tract","47009010800","TN","47009010800","=""47009010800""","3399.48","2019-2023","2022","Census","Tennessee (State)"
"Census Tract","47009010900","TN","47009010900","=""47009010900""","679.64","2019-2023","2022","Census","Tennessee (State)"
"Census Tract","47009011001","TN","47009011001","=""47009011001""","920.39","2019-2023","2022","Census","Tennessee (State)"
"Census Tract","47009011002","TN","47009011002","=""47009011002""","333.02","2019-2023","2022","Census","Tennessee (State)"
"Census Tract","47009011101","TN","47009011101","=""47009011101""","795.43","2019-2023","2022","Census","Tennessee (State)"
"Census Tract","47009011102","TN","47009011102","=""47009011102""","1764.31","2019-2023","2022","Census","Tennessee (State)"
"Census Tract","47009011201","TN","47009011201","=""47009011201""","1081.52","2019-2023","2022","Census","Tennessee (State)"
"Census Tract","47009011202","TN","47009011202","=""47009011202""","1394.62","2019-2023","2022","Census","Tennessee (State)"
"Census Tract","47009011301","TN","47009011301","=""47009011301""","339.39","2019-2023","2022","Census","Tennessee (State)"
"Census Tract","47009011302","TN","47009011302","=""47009011302""","187.34","2019-2023","2022","Census","Tennessee (State)"
"Census Tract","47009011401","TN","47009011401","=""47009011401""","48.60","2019-2023","2022","Census","Tennessee (State)"
"Census Tract","47009011403","TN","47009011403","=""47009011403""","101.70","2019-2023","2022","Census","Tennessee (State)"
"Census Tract","47009011404","TN","47009011404","=""47009011404""","86.28","2019-2023","2022","Census","Tennessee (State)"
"Census Tract","47009011501","TN","47009011501","=""47009011501""","34.72","2019-2023","2022","Census","Tennessee (State)"
"Census Tract","47009011502","TN","47009011502","=""47009011502""","166.32","2019-2023","2022","Census","Tennessee (State)"
"Census Tract","47009011503","TN","47009011503","=""47009011503""","291.33","2019-2023","2022","Census","Tennessee (State)"
"Census Tract","47009011603","TN","47009011603","=""47009011603""","235.53","2019-2023","2022","Census","Tennessee (State)"
"Census Tract","47009011604","TN","47009011604","=""47009011604""","311.26","2019-2023","2022","Census","Tennessee (State)"
"Census Tract","47009011605","TN","47009011605","=""47009011605""","186.74","2019-2023","2022","Census","Tennessee (State)"
"Census Tract","47009011606","TN","47009011606","=""47009011606""","319.43","2019-2023","2022","Census","Tennessee (State)"
"Census Tract","47009011607","TN","47009011607","=""47009011607""","686.91","2019-2023","2022","Census","Tennessee (State)"
"Census Tract","47009980100","TN","47009980100","=""47009980100""","1.21","2019-2023","2022","Census","Tennessee (State)"
"Census Tract","47009980200","TN","47009980200","=""47009980200""","0.03","2019-2023","2022","Census","Tennessee (State)"
"Census Tract","47011010100","TN","47011010100","=""47011010100""","1657.64","2019-2023","2022","Census","Tennessee (State)"
"Census Tract","47011010201","TN","47011010201","=""47011010201""","2755.60","2019-2023","2022","Census","Tennessee (State)"
"Census Tract","47011010202","TN","47011010202","=""47011010202""","1371.74","2019-2023","2022","Census","Tennessee (State)"
"Census Tract","47011010300","TN","47011010300","=""47011010300""","953.32","2019-2023","2022","Census","Tennessee (State)"
"Census Tract","47011010400","TN","47011010400","=""47011010400""","3871.18","2019-2023","2022","Census","Tennessee (State)"
"Census Tract","47011010500","TN","47011010500","=""47011010500""","4344.04","2019-2023","2022","Census","Tennessee (State)"
"Census Tract","47011010600","TN","47011010600","=""47011010600""","2366.75","2019-2023","2022","Census","Tennessee (State)"
"Census Tract","47011010700","TN","47011010700","=""47011010700""","2045.90","2019-2023","2022","Census","Tennessee (State)"
"Census Tract","47011010800","TN","47011010800","=""47011010800""","2300.85","2019-2023","2022","Census","Tennessee (State)"
"Census Tract","47011010900","TN","47011010900","=""47011010900""","647.46","2019-2023","2022","Census","Tennessee (State)"
"Census Tract","47011011000","TN","47011011000","=""47011011000""","1868.82","2019-2023","2022","Census","Tennessee (State)"
"Census Tract","47011011101","TN","47011011101","=""47011011101""","408.01","2019-2023","2022","Census","Tennessee (State)"
"Census Tract","47011011102","TN","47011011102","=""47011011102""","111.59","2019-2023","2022","Census","Tennessee (State)"
"Census Tract","47011011201","TN","47011011201","=""47011011201""","311.06","2019-2023","2022","Census","Tennessee (State)"
"Census Tract","47011011203","TN","47011011203","=""47011011203""","307.57","2019-2023","2022","Census","Tennessee (State)"
"Census Tract","47011011204","TN","47011011204","=""47011011204""","1272.02","2019-2023","2022","Census","Tennessee (State)"
"Census Tract","47011011301","TN","47011011301","=""47011011301""","122.01","2019-2023","2022","Census","Tennessee (State)"
"Census Tract","47011011302","TN","47011011302","=""47011011302""","129.49","2019-2023","2022","Census","Tennessee (State)"
"Census Tract","47011011402","TN","47011011402","=""47011011402""","753.03","2019-2023","2022","Census","Tennessee (State)"
"Census Tract","47011011403","TN","47011011403","=""47011011403""","581.38","2019-2023","2022","Census","Tennessee (State)"
"Census Tract","47011011404","TN","47011011404","=""47011011404""","671.59","2019-2023","2022","Census","Tennessee (State)"
"Census Tract","47011011501","TN","47011011501","=""47011011501""","145.28","2019-2023","2022","Census","Tennessee (State)"
"Census Tract","47011011502","TN","47011011502","=""47011011502""","121.70","2019-2023","2022","Census","Tennessee (State)"
"Census Tract","47011011601","TN","47011011601","=""47011011601""","255.01","2019-2023","2022","Census","Tennessee (State)"
"Census Tract","47011011602","TN","47011011602","=""47011011602""","113.55","2019-2023","2022","Census","Tennessee (State)"
"Census Tract","47013950100","TN","47013950100","=""47013950100""","15.30","2019-2023","2022","Census","Tennessee (State)"
"Census Tract","47013950200","TN","47013950200","=""47013950200""","294.87","2019-2023","2022","Census","Tennessee (State)"
"Census Tract","47013950300","TN","47013950300","=""47013950300""","30.01","2019-2023","2022","Census","Tennessee (State)"
"Census Tract","47013950400","TN","47013950400","=""47013950400""","43.11","2019-2023","2022","Census","Tennessee (State)"
"Census Tract","47013950500","TN","47013950500","=""47013950500""","688.90","2019-2023","2022","Census","Tennessee (State)"
"Census Tract","47013950601","TN","47013950601","=""47013950601""","802.06","2019-2023","2022","Census","Tennessee (State)"
"Census Tract","47013950602","TN","47013950602","=""47013950602""","1133.83","2019-2023","2022","Census","Tennessee (State)"
"Census Tract","47013950701","TN","47013950701","=""47013950701""","438.76","2019-2023","2022","Census","Tennessee (State)"
"Census Tract","47013950702","TN","47013950702","=""47013950702""","1259.66","2019-2023","2022","Census","Tennessee (State)"
"Census Tract","47013950800","TN","47013950800","=""47013950800""","79.46","2019-2023","2022","Census","Tennessee (State)"
"Census Tract","47013950900","TN","47013950900","=""47013950900""","114.62","2019-2023","2022","Census","Tennessee (State)"
"Census Tract","47013951000","TN","47013951000","=""47013951000""","110.89","2019-2023","2022","Census","Tennessee (State)"
"Census Tract","47013951100","TN","47013951100","=""47013951100""","168.33","2019-2023","2022","Census","Tennessee (State)"
"Census Tract","47015960100","TN","47015960100","=""47015960100""","37.47","2019-2023","2022","Census","Tennessee (State)"
"Census Tract","47015960201","TN","47015960201","=""47015960201""","402.26","2019-2023","2022","Census","Tennessee (State)"
"Census Tract","47015960202","TN","47015960202","=""47015960202""","48.76","2019-2023","2022","Census","Tennessee (State)"
"Census Tract","47015960300","TN","47015960300","=""47015960300""","63.28","2019-2023","2022","Census","Tennessee (State)"
"Census Tract","47017962000","TN","47017962000","=""47017962000""","47.09","2019-2023","2022","Census","Tennessee (State)"
"Census Tract","47017962101","TN","47017962101","=""47017962101""","40.07","2019-2023","2022","Census","Tennessee (State)"
"Census Tract","47017962102","TN","47017962102","=""47017962102""","105.61","2019-2023","2022","Census","Tennessee (State)"
"Census Tract","47017962201","TN","47017962201","=""47017962201""","85.39","2019-2023","2022","Census","Tennessee (State)"
"Census Tract","47017962202","TN","47017962202","=""47017962202""","151.31","2019-2023","2022","Census","Tennessee (State)"
"Census Tract","47017962300","TN","47017962300","=""47017962300""","45.32","2019-2023","2022","Census","Tennessee (State)"
"Census Tract","47017962400","TN","47017962400","=""47017962400""","29.42","2019-2023","2022","Census","Tennessee (State)"
"Census Tract","47017962500","TN","47017962500","=""47017962500""","21.30","2019-2023","2022","Census","Tennessee (State)"
"Census Tract","47017980100","TN","47017980100","=""47017980100""","0.00","2019-2023","2022","Census","Tennessee (State)"
"Census Tract","47019070100","TN","47019070100","=""47019070100""","2226.50","2019-2023","2022","Census","Tennessee (State)"
"Census Tract","47019070200","TN","47019070200","=""47019070200""","812.13","2019-2023","2022","Census","Tennessee (State)"
"Census Tract","47019070300","TN","47019070300","=""47019070300""","1687.22","2019-2023","2022","Census","Tennessee (State)"
"Census Tract","47019070400","TN","47019070400","=""47019070400""","1197.05","2019-2023","2022","Census","Tennessee (State)"
"Census Tract","47019070500","TN","47019070500","=""47019070500""","271.68","2019-2023","2022","Census","Tennessee (State)"
"Census Tract","47019070600","TN","47019070600","=""47019070600""","342.30","2019-2023","2022","Census","Tennessee (State)"
"Census Tract","47019070700","TN","47019070700","=""47019070700""","244.66","2019-2023","2022","Census","Tennessee (State)"
"Census Tract","47019070800","TN","47019070800","=""47019070800""","840.88","2019-2023","2022","Census","Tennessee (State)"
"Census Tract","47019070900","TN","47019070900","=""47019070900""","1355.53","2019-2023","2022","Census","Tennessee (State)"
"Census Tract","47019071000","TN","47019071000","=""47019071000""","378.21","2019-2023","2022","Census","Tennessee (State)"
"Census Tract","47019071100","TN","47019071100","=""47019071100""","183.27","2019-2023","2022","Census","Tennessee (State)"
"Census Tract","47019071200","TN","47019071200","=""47019071200""","256.64","2019-2023","2022","Census","Tennessee (State)"
"Census Tract","47019071301","TN","47019071301","=""47019071301""","90.90","2019-2023","2022","Census","Tennessee (State)"
"Census Tract","47019071302","TN","47019071302","=""47019071302""","121.51","2019-2023","2022","Census","Tennessee (State)"
"Census Tract","47019071400","TN","47019071400","=""47019071400""","159.00","2019-2023","2022","Census","Tennessee (State)"
"Census Tract","47019071500","TN","47019071500","=""47019071500""","46.42","2019-2023","2022","Census","Tennessee (State)"
"Census Tract","47019071600","TN","47019071600","=""47019071600""","20.04","2019-2023","2022","Census","Tennessee (State)"
"Census Tract","47019071700","TN","47019071700","=""47019071700""","72.13","2019-2023","2022","Census","Tennessee (State)"
"Census Tract","47021070102","TN","47021070102","=""47021070102""","70.18","2019-2023","2022","Census","Tennessee (State)"
"Census Tract","47021070103","TN","47021070103","=""47021070103""","227.23","2019-2023","2022","Census","Tennessee (State)"
"Census Tract","47021070104","TN","47021070104","=""47021070104""","164.57","2019-2023","2022","Census","Tennessee (State)"
"Census Tract","47021070201","TN","47021070201","=""47021070201""","395.19","2019-2023","2022","Census","Tennessee (State)"
"Census Tract","47021070202","TN","47021070202","=""47021070202""","153.39","2019-2023","2022","Census","Tennessee (State)"
"Census Tract","47021070203","TN","47021070203","=""47021070203""","80.83","2019-2023","2022","Census","Tennessee (State)"
"Census Tract","47021070300","TN","47021070300","=""47021070300""","496.09","2019-2023","2022","Census","Tennessee (State)"
"Census Tract","47021070401","TN","47021070401","=""47021070401""","55.75","2019-2023","2022","Census","Tennessee (State)"
"Census Tract","47021070402","TN","47021070402","=""47021070402""","185.41","2019-2023","2022","Census","Tennessee (State)"
"Census Tract","47023970101","TN","47023970101","=""47023970101""","66.93","2019-2023","2022","Census","Tennessee (State)"
"Census Tract","47023970102","TN","47023970102","=""47023970102""","32.03","2019-2023","2022","Census","Tennessee (State)"
"Census Tract","47023970200","TN","47023970200","=""47023970200""","881.51","2019-2023","2022","Census","Tennessee (State)"
"Census Tract","47023970301","TN","47023970301","=""47023970301""","27.74","2019-2023","2022","Census","Tennessee (State)"
"Census Tract","47023970302","TN","47023970302","=""47023970302""","53.21","2019-2023","2022","Census","Tennessee (State)"
"Census Tract","47025970100","TN","47025970100","=""47025970100""","62.24","2019-2023","2022","Census","Tennessee (State)"
"Census Tract","47025970200","TN","47025970200","=""47025970200""","590.00","2019-2023","2022","Census","Tennessee (State)"
"Census Tract","47025970300","TN","47025970300","=""47025970300""","110.90","2019-2023","2022","Census","Tennessee (State)"
"Census Tract","47025970400","TN","47025970400","=""47025970400""","9.73","2019-2023","2022","Census","Tennessee (State)"
"Census Tract","47025970500","TN","47025970500","=""47025970500""","49.65","2019-2023","2022","Census","Tennessee (State)"
"Census Tract","47025970600","TN","47025970600","=""47025970600""","71.02","2019-2023","2022","Census","Tennessee (State)"
"Census Tract","47025970700","TN","47025970700","=""47025970700""","230.13","2019-2023","2022","Census","Tennessee (State)"
"Census Tract","47025970800","TN","47025970800","=""47025970800""","76.36","2019-2023","2022","Census","Tennessee (State)"
"Census Tract","47025970900","TN","47025970900","=""47025970900""","59.25","2019-2023","2022","Census","Tennessee (State)"
"Census Tract","47027955000","TN","47027955000","=""47027955000""","34.48","2019-2023","2022","Census","Tennessee (State)"
"Census Tract","47027955100","TN","47027955100","=""47027955100""","28.36","2019-2023","2022","Census","Tennessee (State)"
"Census Tract","47029920100","TN","47029920100","=""47029920100""","59.17","2019-2023","2022","Census","Tennessee (State)"
"Census Tract","47029920200","TN","47029920200","=""47029920200""","202.25","2019-2023","2022","Census","Tennessee (State)"
"Census Tract","47029920300","TN","47029920300","=""47029920300""","75.43","2019-2023","2022","Census","Tennessee (State)"
"Census Tract","47029920400","TN","47029920400","=""47029920400""","20.27","2019-2023","2022","Census","Tennessee (State)"
"Census Tract","47029920501","TN","47029920501","=""47029920501""","204.48","2019-2023","2022","Census","Tennessee (State)"
"Census Tract","47029920502","TN","47029920502","=""47029920502""","109.77","2019-2023","2022","Census","Tennessee (State)"
"Census Tract","47029920600","TN","47029920600","=""47029920600""","537.29","2019-2023","2022","Census","Tennessee (State)"
"Census Tract","47029920700","TN","47029920700","=""47029920700""","72.24","2019-2023","2022","Census","Tennessee (State)"
"Census Tract","47029980100","TN","47029980100","=""47029980100""","0.00","2019-2023","2022","Census","Tennessee (State)"
"Census Tract","47031970100","TN","47031970100","=""47031970100""","48.33","2019-2023","2022","Census","Tennessee (State)"
"Census Tract","47031970201","TN","47031970201","=""47031970201""","135.56","2019-2023","2022","Census","Tennessee (State)"
"Census Tract","47031970202","TN","47031970202","=""47031970202""","139.98","2019-2023","2022","Census","Tennessee (State)"
"Census Tract","47031970300","TN","47031970300","=""47031970300""","41.59","2019-2023","2022","Census","Tennessee (State)"
"Census Tract","47031970401","TN","47031970401","=""47031970401""","52.46","2019-2023","2022","Census","Tennessee (State)"
"Census Tract","47031970402","TN","47031970402","=""47031970402""","390.69","2019-2023","2022","Census","Tennessee (State)"
"Census Tract","47031970501","TN","47031970501","=""47031970501""","1287.79","2019-2023","2022","Census","Tennessee (State)"
"Census Tract","47031970502","TN","47031970502","=""47031970502""","1474.78","2019-2023","2022","Census","Tennessee (State)"
"Census Tract","47031970600","TN","47031970600","=""47031970600""","193.19","2019-2023","2022","Census","Tennessee (State)"
"Census Tract","47031970700","TN","47031970700","=""47031970700""","57.71","2019-2023","2022","Census","Tennessee (State)"
"Census Tract","47031970801","TN","47031970801","=""47031970801""","1234.99","2019-2023","2022","Census","Tennessee (State)"
"Census Tract","47031970803","TN","47031970803","=""47031970803""","94.15","2019-2023","2022","Census","Tennessee (State)"
"Census Tract","47031970804","TN","47031970804","=""47031970804""","769.48","2019-2023","2022","Census","Tennessee (State)"
"Census Tract","47031970900","TN","47031970900","=""47031970900""","1095.38","2019-2023","2022","Census","Tennessee (State)"
"Census Tract","47031971001","TN","47031971001","=""47031971001""","332.84","2019-2023","2022","Census","Tennessee (State)"
"Census Tract","47031971002","TN","47031971002","=""47031971002""","1450.60","2019-2023","2022","Census","Tennessee (State)"
"Census Tract","47031980100","TN","47031980100","=""47031980100""","0.45","2019-2023","2022","Census","Tennessee (State)"
"Census Tract","47033961000","TN","47033961000","=""47033961000""","42.43","2019-2023","2022","Census","Tennessee (State)"
"Census Tract","47033961100","TN","47033961100","=""47033961100""","69.92","2019-2023","2022","Census","Tennessee (State)"
"Census Tract","47033961200","TN","47033961200","=""47033961200""","34.43","2019-2023","2022","Census","Tennessee (State)"
"Census Tract","47033961300","TN","47033961300","=""47033961300""","32.78","2019-2023","2022","Census","Tennessee (State)"
"Census Tract","47033961400","TN","47033961400","=""47033961400""","104.34","2019-2023","2022","Census","Tennessee (State)"
"Census Tract","47035970101","TN","47035970101","=""47035970101""","174.10","2019-2023","2022","Census","Tennessee (State)"
"Census Tract","47035970103","TN","47035970103","=""47035970103""","406.60","2019-2023","2022","Census","Tennessee (State)"
"Census Tract","47035970104","TN","47035970104","=""47035970104""","144.92","2019-2023","2022","Census","Tennessee (State)"
"Census Tract","47035970201","TN","47035970201","=""47035970201""","80.09","2019-2023","2022","Census","Tennessee (State)"
"Census Tract","47035970202","TN","47035970202","=""47035970202""","26.96","2019-2023","2022","Census","Tennessee (State)"
"Census Tract","47035970301","TN","47035970301","=""47035970301""","71.08","2019-2023","2022","Census","Tennessee (State)"
"Census Tract","47035970302","TN","47035970302","=""47035970302""","61.20","2019-2023","2022","Census","Tennessee (State)"
"Census Tract","47035970401","TN","47035970401","=""47035970401""","753.08","2019-2023","2022","Census","Tennessee (State)"
"Census Tract","47035970402","TN","47035970402","=""47035970402""","128.79","2019-2023","2022","Census","Tennessee (State)"
"Census Tract","47035970501","TN","47035970501","=""47035970501""","320.11","2019-2023","2022","Census","Tennessee (State)"
"Census Tract","47035970502","TN","47035970502","=""47035970502""","529.00","2019-2023","2022","Census","Tennessee (State)"
"Census Tract","47035970601","TN","47035970601","=""47035970601""","531.40","2019-2023","2022","Census","Tennessee (State)"
"Census Tract","47035970602","TN","47035970602","=""47035970602""","339.19","2019-2023","2022","Census","Tennessee (State)"
"Census Tract","47035970603","TN","47035970603","=""47035970603""","112.71","2019-2023","2022","Census","Tennessee (State)"
"Census Tract","47035970701","TN","47035970701","=""47035970701""","287.81","2019-2023","2022","Census","Tennessee (State)"
"Census Tract","47035970702","TN","47035970702","=""47035970702""","38.33","2019-2023","2022","Census","Tennessee (State)"
"Census Tract","47035970800","TN","47035970800","=""47035970800""","24.44","2019-2023","2022","Census","Tennessee (State)"
"Census Tract","47037010103","TN","47037010103","=""47037010103""","131.56","2019-2023","2022","Census","Tennessee (State)"
"Census Tract","47037010104","TN","47037010104","=""47037010104""","110.63","2019-2023","2022","Census","Tennessee (State)"
"Census Tract","47037010105","TN","47037010105","=""47037010105""","478.43","2019-2023","2022","Census","Tennessee (State)"
"Census Tract","47037010106","TN","47037010106","=""47037010106""","318.11","2019-2023","2022","Census","Tennessee (State)"
"Census Tract","47037010201","TN","47037010201","=""47037010201""","479.70","2019-2023","2022","Census","Tennessee (State)"
"Census Tract","47037010202","TN","47037010202","=""47037010202""","154.77","2019-2023","2022","Census","Tennessee (State)"
"Census Tract","47037010301","TN","47037010301","=""47037010301""","1343.29","2019-2023","2022","Census","Tennessee (State)"
"Census Tract","47037010302","TN","47037010302","=""47037010302""","1206.58","2019-2023","2022","Census","Tennessee (State)"
"Census Tract","47037010303","TN","47037010303","=""47037010303""","2815.79","2019-2023","2022","Census","Tennessee (State)"
"Census Tract","47037010401","TN","47037010401","=""47037010401""","1358.31","2019-2023","2022","Census","Tennessee (State)"
"Census Tract","47037010403","TN","47037010403","=""47037010403""","5483.01","2019-2023","2022","Census","Tennessee (State)"
"Census Tract","47037010404","TN","47037010404","=""47037010404""","4928.89","2019-2023","2022","Census","Tennessee (State)"
"Census Tract","47037010501","TN","47037010501","=""47037010501""","954.07","2019-2023","2022","Census","Tennessee (State)"
"Census Tract","47037010502","TN","47037010502","=""47037010502""","1757.52","2019-2023","2022","Census","Tennessee (State)"
"Census Tract","47037010601","TN","47037010601","=""47037010601""","816.67","2019-2023","2022","Census","Tennessee (State)"
"Census Tract","47037010602","TN","47037010602","=""47037010602""","3041.31","2019-2023","2022","Census","Tennessee (State)"
"Census Tract","47037010701","TN","47037010701","=""47037010701""","3160.02","2019-2023","2022","Census","Tennessee (State)"
"Census Tract","47037010702","TN","47037010702","=""47037010702""","3542.07","2019-2023","2022","Census","Tennessee (State)"
"Census Tract","47037010801","TN","47037010801","=""47037010801""","2381.49","2019-2023","2022","Census","Tennessee (State)"
"Census Tract","47037010802","TN","47037010802","=""47037010802""","1676.22","2019-2023","2022","Census","Tennessee (State)"
"Census Tract","47037010901","TN","47037010901","=""47037010901""","1707.73","2019-2023","2022","Census","Tennessee (State)"
"Census Tract","47037010903","TN","47037010903","=""47037010903""","2945.84","2019-2023","2022","Census","Tennessee (State)"
"Census Tract","47037010904","TN","47037010904","=""47037010904""","3000.28","2019-2023","2022","Census","Tennessee (State)"
"Census Tract","47037011001","TN","47037011001","=""47037011001""","2485.03","2019-2023","2022","Census","Tennessee (State)"
"Census Tract","47037011002","TN","47037011002","=""47037011002""","1830.88","2019-2023","2022","Census","Tennessee (State)"
"Census Tract","47037011100","TN","47037011100","=""47037011100""","2607.67","2019-2023","2022","Census","Tennessee (State)"
"Census Tract","47037011200","TN","47037011200","=""47037011200""","3662.25","2019-2023","2022","Census","Tennessee (State)"
"Census Tract","47037011300","TN","47037011300","=""47037011300""","3589.97","2019-2023","2022","Census","Tennessee (State)"
"Census Tract","47037011400","TN","47037011400","=""47037011400""","5316.90","2019-2023","2022","Census","Tennessee (State)"
"Census Tract","47037011500","TN","47037011500","=""47037011500""","2577.55","2019-2023","2022","Census","Tennessee (State)"
"Census Tract","47037011600","TN","47037011600","=""47037011600""","1561.19","2019-2023","2022","Census","Tennessee (State)"
"Census Tract","47037011700","TN","47037011700","=""47037011700""","4881.35","2019-2023","2022","Census","Tennessee (State)"
"Census Tract","47037011800","TN","47037011800","=""47037011800""","4895.43","2019-2023","2022","Census","Tennessee (State)"
"Census Tract","47037011900","TN","47037011900","=""47037011900""","5680.32","2019-2023","2022","Census","Tennessee (State)"
"Census Tract","47037012100","TN","47037012100","=""47037012100""","5158.28","2019-2023","2022","Census","Tennessee (State)"
"Census Tract","47037012200","TN","47037012200","=""47037012200""","2233.55","2019-2023","2022","Census","Tennessee (State)"
"Census Tract","47037012600","TN","47037012600","=""47037012600""","3605.02","2019-2023","2022","Census","Tennessee (State)"
"Census Tract","47037012701","TN","47037012701","=""47037012701""","1888.04","2019-2023","2022","Census","Tennessee (State)"
"Census Tract","47037012702","TN","47037012702","=""47037012702""","1687.47","2019-2023","2022","Census","Tennessee (State)"
"Census Tract","47037012801","TN","47037012801","=""47037012801""","1602.13","2019-2023","2022","Census","Tennessee (State)"
"Census Tract","47037012802","TN","47037012802","=""47037012802""","743.82","2019-2023","2022","Census","Tennessee (State)"
"Census Tract","47037013001","TN","47037013001","=""47037013001""","116.57","2019-2023","2022","Census","Tennessee (State)"
"Census Tract","47037013002","TN","47037013002","=""47037013002""","457.32","2019-2023","2022","Census","Tennessee (State)"
"Census Tract","47037013100","TN","47037013100","=""47037013100""","64.06","2019-2023","2022","Census","Tennessee (State)"
"Census Tract","47037013201","TN","47037013201","=""47037013201""","3836.28","2019-2023","2022","Census","Tennessee (State)"
"Census Tract","47037013202","TN","47037013202","=""47037013202""","3337.64","2019-2023","2022","Census","Tennessee (State)"
"Census Tract","47037013300","TN","47037013300","=""47037013300""","5033.73","2019-2023","2022","Census","Tennessee (State)"
"Census Tract","47037013400","TN","47037013400","=""47037013400""","3248.26","2019-2023","2022","Census","Tennessee (State)"
"Census Tract","47037013500","TN","47037013500","=""47037013500""","4420.40","2019-2023","2022","Census","Tennessee (State)"
"Census Tract","47037013600","TN","47037013600","=""47037013600""","3229.66","2019-2023","2022","Census","Tennessee (State)"
"Census Tract","47037013701","TN","47037013701","=""47037013701""","3743.79","2019-2023","2022","Census","Tennessee (State)"
"Census Tract","47037013702","TN","47037013702","=""47037013702""","2044.27","2019-2023","2022","Census","Tennessee (State)"
"Census Tract","47037013800","TN","47037013800","=""47037013800""","5560.96","2019-2023","2022","Census","Tennessee (State)"
"Census Tract","47037013900","TN","47037013900","=""47037013900""","4703.83","2019-2023","2022","Census","Tennessee (State)"
"Census Tract","47037014200","TN","47037014200","=""47037014200""","5701.81","2019-2023","2022","Census","Tennessee (State)"
"Census Tract","47037014300","TN","47037014300","=""47037014300""","3351.18","2019-2023","2022","Census","Tennessee (State)"
"Census Tract","47037014400","TN","47037014400","=""47037014400""","3855.47","2019-2023","2022","Census","Tennessee (State)"
"Census Tract","47037014800","TN","47037014800","=""47037014800""","18377.75","2019-2023","2022","Census","Tennessee (State)"
"Census Tract","47037015100","TN","47037015100","=""47037015100""","1342.50","2019-2023","2022","Census","Tennessee (State)"
"Census Tract","47037015200","TN","47037015200","=""47037015200""","1695.49","2019-2023","2022","Census","Tennessee (State)"
"Census Tract","47037015300","TN","47037015300","=""47037015300""","852.39","2019-2023","2022","Census","Tennessee (State)"
"Census Tract","47037015401","TN","47037015401","=""47037015401""","1436.40","2019-2023","2022","Census","Tennessee (State)"
"Census Tract","47037015402","TN","47037015402","=""47037015402""","1519.91","2019-2023","2022","Census","Tennessee (State)"
"Census Tract","47037015404","TN","47037015404","=""47037015404""","1713.38","2019-2023","2022","Census","Tennessee (State)"
"Census Tract","47037015405","TN","47037015405","=""47037015405""","3345.37","2019-2023","2022","Census","Tennessee (State)"
"Census Tract","47037015501","TN","47037015501","=""47037015501""","1489.17","2019-2023","2022","Census","Tennessee (State)"
"Census Tract","47037015502","TN","47037015502","=""47037015502""","2063.45","2019-2023","2022","Census","Tennessee (State)"
"Census Tract","47037015609","TN","47037015609","=""47037015609""","2481.61","2019-2023","2022","Census","Tennessee (State)"
"Census Tract","47037015613","TN","47037015613","=""47037015613""","1517.37","2019-2023","2022","Census","Tennessee (State)"
"Census Tract","47037015614","TN","47037015614","=""47037015614""","5231.48","2019-2023","2022","Census","Tennessee (State)"
"Census Tract","47037015615","TN","47037015615","=""47037015615""","7503.24","2019-2023","2022","Census","Tennessee (State)"
"Census Tract","47037015617","TN","47037015617","=""47037015617""","2207.84","2019-2023","2022","Census","Tennessee (State)"
"Census Tract","47037015618","TN","47037015618","=""47037015618""","4990.14","2019-2023","2022","Census","Tennessee (State)"
"Census Tract","47037015619","TN","47037015619","=""47037015619""","1975.66","2019-2023","2022","Census","Tennessee (State)"
"Census Tract","47037015620","TN","47037015620","=""47037015620""","5190.25","2019-2023","2022","Census","Tennessee (State)"
"Census Tract","47037015622","TN","47037015622","=""47037015622""","1472.96","2019-2023","2022","Census","Tennessee (State)"
"Census Tract","47037015623","TN","47037015623","=""47037015623""","2750.67","2019-2023","2022","Census","Tennessee (State)"
"Census Tract","47037015624","TN","47037015624","=""47037015624""","3149.98","2019-2023","2022","Census","Tennessee (State)"
"Census Tract","47037015625","TN","47037015625","=""47037015625""","1602.91","2019-2023","2022","Census","Tennessee (State)"
"Census Tract","47037015626","TN","47037015626","=""47037015626""","5287.17","2019-2023","2022","Census","Tennessee (State)"
"Census Tract","47037015627","TN","47037015627","=""47037015627""","2312.81","2019-2023","2022","Census","Tennessee (State)"
"Census Tract","47037015628","TN","47037015628","=""47037015628""","5508.09","2019-2023","2022","Census","Tennessee (State)"
"Census Tract","47037015629","TN","47037015629","=""47037015629""","2538.11","2019-2023","2022","Census","Tennessee (State)"
"Census Tract","47037015630","TN","47037015630","=""47037015630""","1200.44","2019-2023","2022","Census","Tennessee (State)"
"Census Tract","47037015632","TN","47037015632","=""47037015632""","2805.77","2019-2023","2022","Census","Tennessee (State)"
"Census Tract","47037015633","TN","47037015633","=""47037015633""","890.83","2019-2023","2022","Census","Tennessee (State)"
"Census Tract","47037015634","TN","47037015634","=""47037015634""","2696.49","2019-2023","2022","Census","Tennessee (State)"
"Census Tract","47037015635","TN","47037015635","=""47037015635""","383.64","2019-2023","2022","Census","Tennessee (State)"
"Census Tract","47037015636","TN","47037015636","=""47037015636""","4335.12","2019-2023","2022","Census","Tennessee (State)"
"Census Tract","47037015637","TN","47037015637","=""47037015637""","902.80","2019-2023","2022","Census","Tennessee (State)"
"Census Tract","47037015700","TN","47037015700","=""47037015700""","1011.14","2019-2023","2022","Census","Tennessee (State)"
"Census Tract","47037015804","TN","47037015804","=""47037015804""","8124.86","2019-2023","2022","Census","Tennessee (State)"
"Census Tract","47037015805","TN","47037015805","=""47037015805""","3400.24","2019-2023","2022","Census","Tennessee (State)"
"Census Tract","47037015806","TN","47037015806","=""47037015806""","3686.69","2019-2023","2022","Census","Tennessee (State)"
"Census Tract","47037015900","TN","47037015900","=""47037015900""","1362.90","2019-2023","2022","Census","Tennessee (State)"
"Census Tract","47037016000","TN","47037016000","=""47037016000""","3575.35","2019-2023","2022","Census","Tennessee (State)"
"Census Tract","47037016100","TN","47037016100","=""47037016100""","1862.06","2019-2023","2022","Census","Tennessee (State)"
"Census Tract","47037016200","TN","47037016200","=""47037016200""","5147.57","2019-2023","2022","Census","Tennessee (State)"
"Census Tract","47037016300","TN","47037016300","=""47037016300""","6653.93","2019-2023","2022","Census","Tennessee (State)"
"Census Tract","47037016400","TN","47037016400","=""47037016400""","10070.27","2019-2023","2022","Census","Tennessee (State)"
"Census Tract","47037016500","TN","47037016500","=""47037016500""","7674.10","2019-2023","2022","Census","Tennessee (State)"
"Census Tract","47037016600","TN","47037016600","=""47037016600""","5980.11","2019-2023","2022","Census","Tennessee (State)"
"Census Tract","47037016700","TN","47037016700","=""47037016700""","4073.83","2019-2023","2022","Census","Tennessee (State)"
"Census Tract","47037016800","TN","47037016800","=""47037016800""","6023.93","2019-2023","2022","Census","Tennessee (State)"
"Census Tract","47037016900","TN","47037016900","=""47037016900""","4996.20","2019-2023","2022","Census","Tennessee (State)"
"Census Tract","47037017000","TN","47037017000","=""47037017000""","7593.15","2019-2023","2022","Census","Tennessee (State)"
"Census Tract","47037017100","TN","47037017100","=""47037017100""","5915.28","2019-2023","2022","Census","Tennessee (State)"
"Census Tract","47037017200","TN","47037017200","=""47037017200""","1092.06","2019-2023","2022","Census","Tennessee (State)"
"Census Tract","47037017300","TN","47037017300","=""47037017300""","3733.19","2019-2023","2022","Census","Tennessee (State)"
"Census Tract","47037017401","TN","47037017401","=""47037017401""","2807.44","2019-2023","2022","Census","Tennessee (State)"
"Census Tract","47037017402","TN","47037017402","=""47037017402""","4473.72","2019-2023","2022","Census","Tennessee (State)"
"Census Tract","47037017500","TN","47037017500","=""47037017500""","2623.30","2019-2023","2022","Census","Tennessee (State)"
"Census Tract","47037017701","TN","47037017701","=""47037017701""","1210.05","2019-2023","2022","Census","Tennessee (State)"
"Census Tract","47037017702","TN","47037017702","=""47037017702""","4262.10","2019-2023","2022","Census","Tennessee (State)"
"Census Tract","47037017800","TN","47037017800","=""47037017800""","3670.33","2019-2023","2022","Census","Tennessee (State)"
"Census Tract","47037017901","TN","47037017901","=""47037017901""","3008.29","2019-2023","2022","Census","Tennessee (State)"
"Census Tract","47037017902","TN","47037017902","=""47037017902""","3211.28","2019-2023","2022","Census","Tennessee (State)"
"Census Tract","47037018000","TN","47037018000","=""47037018000""","3007.45","2019-2023","2022","Census","Tennessee (State)"
"Census Tract","47037018101","TN","47037018101","=""47037018101""","3470.70","2019-2023","2022","Census","Tennessee (State)"
"Census Tract","47037018102","TN","47037018102","=""47037018102""","1310.30","2019-2023","2022","Census","Tennessee (State)"
"Census Tract","47037018201","TN","47037018201","=""47037018201""","1309.23","2019-2023","2022","Census","Tennessee (State)"
"Census Tract","47037018203","TN","47037018203","=""47037018203""","1199.85","2019-2023","2022","Census","Tennessee (State)"
"Census Tract","47037018204","TN","47037018204","=""47037018204""","3017.05","2019-2023","2022","Census","Tennessee (State)"
"Census Tract","47037018205","TN","47037018205","=""47037018205""","1189.89","2019-2023","2022","Census","Tennessee (State)"
"Census Tract","47037018302","TN","47037018302","=""47037018302""","150.50","2019-2023","2022","Census","Tennessee (State)"
"Census Tract","47037018303","TN","47037018303","=""47037018303""","215.62","2019-2023","2022","Census","Tennessee (State)"
"Census Tract","47037018304","TN","47037018304","=""47037018304""","349.71","2019-2023","2022","Census","Tennessee (State)"
"Census Tract","47037018404","TN","47037018404","=""47037018404""","723.37","2019-2023","2022","Census","Tennessee (State)"
"Census Tract","47037018405","TN","47037018405","=""47037018405""","1780.36","2019-2023","2022","Census","Tennessee (State)"
"Census Tract","47037018407","TN","47037018407","=""47037018407""","1772.62","2019-2023","2022","Census","Tennessee (State)"
"Census Tract","47037018408","TN","47037018408","=""47037018408""","1394.44","2019-2023","2022","Census","Tennessee (State)"
"Census Tract","47037018409","TN","47037018409","=""47037018409""","3583.24","2019-2023","2022","Census","Tennessee (State)"
"Census Tract","47037018410","TN","47037018410","=""47037018410""","6663.64","2019-2023","2022","Census","Tennessee (State)"
"Census Tract","47037018411","TN","47037018411","=""47037018411""","1925.46","2019-2023","2022","Census","Tennessee (State)"
"Census Tract","47037018412","TN","47037018412","=""47037018412""","3490.56","2019-2023","2022","Census","Tennessee (State)"
"Census Tract","47037018500","TN","47037018500","=""47037018500""","1254.53","2019-2023","2022","Census","Tennessee (State)"
"Census Tract","47037018601","TN","47037018601","=""47037018601""","534.30","2019-2023","2022","Census","Tennessee (State)"
"Census Tract","47037018602","TN","47037018602","=""47037018602""","660.56","2019-2023","2022","Census","Tennessee (State)"
"Census Tract","47037018700","TN","47037018700","=""47037018700""","462.83","2019-2023","2022","Census","Tennessee (State)"
"Census Tract","47037018801","TN","47037018801","=""47037018801""","1516.97","2019-2023","2022","Census","Tennessee (State)"
"Census Tract","47037018803","TN","47037018803","=""47037018803""","2973.63","2019-2023","2022","Census","Tennessee (State)"
"Census Tract","47037018804","TN","47037018804","=""47037018804""","2765.92","2019-2023","2022","Census","Tennessee (State)"
"Census Tract","47037018901","TN","47037018901","=""47037018901""","2414.29","2019-2023","2022","Census","Tennessee (State)"
"Census Tract","47037018902","TN","47037018902","=""47037018902""","2957.66","2019-2023","2022","Census","Tennessee (State)"
"Census Tract","47037018904","TN","47037018904","=""47037018904""","3165.80","2019-2023","2022","Census","Tennessee (State)"
"Census Tract","47037018905","TN","47037018905","=""47037018905""","5982.49","2019-2023","2022","Census","Tennessee (State)"
"Census Tract","47037019003","TN","47037019003","=""47037019003""","5406.37","2019-2023","2022","Census","Tennessee (State)"
"Census Tract","47037019004","TN","47037019004","=""47037019004""","4166.80","2019-2023","2022","Census","Tennessee (State)"
"Census Tract","47037019007","TN","47037019007","=""47037019007""","4250.64","2019-2023","2022","Census","Tennessee (State)"
"Census Tract","47037019008","TN","47037019008","=""47037019008""","6734.05","2019-2023","2022","Census","Tennessee (State)"
"Census Tract","47037019105","TN","47037019105","=""47037019105""","7631.14","2019-2023","2022","Census","Tennessee (State)"
"Census Tract","47037019106","TN","47037019106","=""47037019106""","5314.68","2019-2023","2022","Census","Tennessee (State)"
"Census Tract","47037019108","TN","47037019108","=""47037019108""","6259.40","2019-2023","2022","Census","Tennessee (State)"
"Census Tract","47037019109","TN","47037019109","=""47037019109""","6168.15","2019-2023","2022","Census","Tennessee (State)"
"Census Tract","47037019110","TN","47037019110","=""47037019110""","3639.09","2019-2023","2022","Census","Tennessee (State)"
"Census Tract","47037019111","TN","47037019111","=""47037019111""","6038.02","2019-2023","2022","Census","Tennessee (State)"
"Census Tract","47037019112","TN","47037019112","=""47037019112""","2123.30","2019-2023","2022","Census","Tennessee (State)"
"Census Tract","47037019115","TN","47037019115","=""47037019115""","1662.97","2019-2023","2022","Census","Tennessee (State)"
"Census Tract","47037019116","TN","47037019116","=""47037019116""","3397.88","2019-2023","2022","Census","Tennessee (State)"
"Census Tract","47037019117","TN","47037019117","=""47037019117""","1106.64","2019-2023","2022","Census","Tennessee (State)"
"Census Tract","47037019118","TN","47037019118","=""47037019118""","6419.14","2019-2023","2022","Census","Tennessee (State)"
"Census Tract","47037019119","TN","47037019119","=""47037019119""","846.25","2019-2023","2022","Census","Tennessee (State)"
"Census Tract","47037019120","TN","47037019120","=""47037019120""","4864.93","2019-2023","2022","Census","Tennessee (State)"
"Census Tract","47037019121","TN","47037019121","=""47037019121""","3315.46","2019-2023","2022","Census","Tennessee (State)"
"Census Tract","47037019200","TN","47037019200","=""47037019200""","5928.08","2019-2023","2022","Census","Tennessee (State)"
"Census Tract","47037019300","TN","47037019300","=""47037019300""","3183.70","2019-2023","2022","Census","Tennessee (State)"
"Census Tract","47037019401","TN","47037019401","=""47037019401""","4553.95","2019-2023","2022","Census","Tennessee (State)"
"Census Tract","47037019402","TN","47037019402","=""47037019402""","5808.73","2019-2023","2022","Census","Tennessee (State)"
"Census Tract","47037019501","TN","47037019501","=""47037019501""","8637.01","2019-2023","2022","Census","Tennessee (State)"
"Census Tract","47037019502","TN","47037019502","=""47037019502""","6597.56","2019-2023","2022","Census","Tennessee (State)"
"Census Tract","47037019503","TN","47037019503","=""47037019503""","4828.44","2019-2023","2022","Census","Tennessee (State)"
"Census Tract","47037019600","TN","47037019600","=""47037019600""","790.65","2019-2023","2022","Census","Tennessee (State)"
"Census Tract","47037980100","TN","47037980100","=""47037980100""","0.00","2019-2023","2022","Census","Tennessee (State)"
"Census Tract","47037980200","TN","47037980200","=""47037980200""","0.00","2019-2023","2022","Census","Tennessee (State)"
"Census Tract","47039955001","TN","47039955001","=""47039955001""","19.41","2019-2023","2022","Census","Tennessee (State)"
"Census Tract","47039955003","TN","47039955003","=""47039955003""","73.16","2019-2023","2022","Census","Tennessee (State)"
"Census Tract","47039955004","TN","47039955004","=""47039955004""","207.55","2019-2023","2022","Census","Tennessee (State)"
"Census Tract","47039955101","TN","47039955101","=""47039955101""","47.86","2019-2023","2022","Census","Tennessee (State)"
"Census Tract","47039955102","TN","47039955102","=""47039955102""","20.10","2019-2023","2022","Census","Tennessee (State)"
"Census Tract","47041920101","TN","47041920101","=""47041920101""","50.01","2019-2023","2022","Census","Tennessee (State)"
"Census Tract","47041920102","TN","47041920102","=""47041920102""","55.85","2019-2023","2022","Census","Tennessee (State)"
"Census Tract","47041920201","TN","47041920201","=""47041920201""","313.84","2019-2023","2022","Census","Tennessee (State)"
"Census Tract","47041920202","TN","47041920202","=""47041920202""","148.64","2019-2023","2022","Census","Tennessee (State)"
"Census Tract","47041920300","TN","47041920300","=""47041920300""","39.75","2019-2023","2022","Census","Tennessee (State)"
"Census Tract","47043060100","TN","47043060100","=""47043060100""","38.83","2019-2023","2022","Census","Tennessee (State)"
"Census Tract","47043060201","TN","47043060201","=""47043060201""","45.58","2019-2023","2022","Census","Tennessee (State)"
"Census Tract","47043060202","TN","47043060202","=""47043060202""","106.82","2019-2023","2022","Census","Tennessee (State)"
"Census Tract","47043060300","TN","47043060300","=""47043060300""","150.47","2019-2023","2022","Census","Tennessee (State)"
"Census Tract","47043060401","TN","47043060401","=""47043060401""","123.80","2019-2023","2022","Census","Tennessee (State)"
"Census Tract","47043060402","TN","47043060402","=""47043060402""","166.55","2019-2023","2022","Census","Tennessee (State)"
"Census Tract","47043060501","TN","47043060501","=""47043060501""","429.02","2019-2023","2022","Census","Tennessee (State)"
"Census Tract","47043060502","TN","47043060502","=""47043060502""","261.85","2019-2023","2022","Census","Tennessee (State)"
"Census Tract","47043060601","TN","47043060601","=""47043060601""","270.05","2019-2023","2022","Census","Tennessee (State)"
"Census Tract","47043060602","TN","47043060602","=""47043060602""","211.60","2019-2023","2022","Census","Tennessee (State)"
"Census Tract","47043060700","TN","47043060700","=""47043060700""","58.92","2019-2023","2022","Census","Tennessee (State)"
"Census Tract","47045964001","TN","47045964001","=""47045964001""","96.58","2019-2023","2022","Census","Tennessee (State)"
"Census Tract","47045964002","TN","47045964002","=""47045964002""","59.78","2019-2023","2022","Census","Tennessee (State)"
"Census Tract","47045964200","TN","47045964200","=""47045964200""","1255.05","2019-2023","2022","Census","Tennessee (State)"
"Census Tract","47045964300","TN","47045964300","=""47045964300""","558.20","2019-2023","2022","Census","Tennessee (State)"
"Census Tract","47045964401","TN","47045964401","=""47045964401""","818.35","2019-2023","2022","Census","Tennessee (State)"
"Census Tract","47045964402","TN","47045964402","=""47045964402""","188.94","2019-2023","2022","Census","Tennessee (State)"
"Census Tract","47045964500","TN","47045964500","=""47045964500""","55.13","2019-2023","2022","Census","Tennessee (State)"
"Census Tract","47045964600","TN","47045964600","=""47045964600""","36.02","2019-2023","2022","Census","Tennessee (State)"
"Census Tract","47045964800","TN","47045964800","=""47045964800""","11.62","2019-2023","2022","Census","Tennessee (State)"
"Census Tract","47045964900","TN","47045964900","=""47045964900""","104.05","2019-2023","2022","Census","Tennessee (State)"
"Census Tract","47047060300","TN","47047060300","=""47047060300""","33.17","2019-2023","2022","Census","Tennessee (State)"
"Census Tract","47047060401","TN","47047060401","=""47047060401""","169.22","2019-2023","2022","Census","Tennessee (State)"
"Census Tract","47047060402","TN","47047060402","=""47047060402""","260.54","2019-2023","2022","Census","Tennessee (State)"
"Census Tract","47047060403","TN","47047060403","=""47047060403""","95.52","2019-2023","2022","Census","Tennessee (State)"
"Census Tract","47047060404","TN","47047060404","=""47047060404""","403.54","2019-2023","2022","Census","Tennessee (State)"
"Census Tract","47047060501","TN","47047060501","=""47047060501""","117.36","2019-2023","2022","Census","Tennessee (State)"
"Census Tract","47047060502","TN","47047060502","=""47047060502""","40.47","2019-2023","2022","Census","Tennessee (State)"
"Census Tract","47047060600","TN","47047060600","=""47047060600""","21.79","2019-2023","2022","Census","Tennessee (State)"
"Census Tract","47047060701","TN","47047060701","=""47047060701""","39.44","2019-2023","2022","Census","Tennessee (State)"
"Census Tract","47047060702","TN","47047060702","=""47047060702""","92.07","2019-2023","2022","Census","Tennessee (State)"
"Census Tract","47047060800","TN","47047060800","=""47047060800""","16.36","2019-2023","2022","Census","Tennessee (State)"
"Census Tract","47049965000","TN","47049965000","=""47049965000""","17.18","2019-2023","2022","Census","Tennessee (State)"
"Census Tract","47049965100","TN","47049965100","=""47049965100""","133.22","2019-2023","2022","Census","Tennessee (State)"
"Census Tract","47049965201","TN","47049965201","=""47049965201""","32.81","2019-2023","2022","Census","Tennessee (State)"
"Census Tract","47049965202","TN","47049965202","=""47049965202""","44.36","2019-2023","2022","Census","Tennessee (State)"
"Census Tract","47049965300","TN","47049965300","=""47049965300""","46.84","2019-2023","2022","Census","Tennessee (State)"
"Census Tract","47051960100","TN","47051960100","=""47051960100""","51.53","2019-2023","2022","Census","Tennessee (State)"
"Census Tract","47051960201","TN","47051960201","=""47051960201""","147.12","2019-2023","2022","Census","Tennessee (State)"
"Census Tract","47051960202","TN","47051960202","=""47051960202""","125.65","2019-2023","2022","Census","Tennessee (State)"
"Census Tract","47051960300","TN","47051960300","=""47051960300""","57.27","2019-2023","2022","Census","Tennessee (State)"
"Census Tract","47051960401","TN","47051960401","=""47051960401""","1101.85","2019-2023","2022","Census","Tennessee (State)"
"Census Tract","47051960402","TN","47051960402","=""47051960402""","364.77","2019-2023","2022","Census","Tennessee (State)"
"Census Tract","47051960500","TN","47051960500","=""47051960500""","541.59","2019-2023","2022","Census","Tennessee (State)"
"Census Tract","47051960600","TN","47051960600","=""47051960600""","44.67","2019-2023","2022","Census","Tennessee (State)"
"Census Tract","47051960700","TN","47051960700","=""47051960700""","32.37","2019-2023","2022","Census","Tennessee (State)"
"Census Tract","47051960800","TN","47051960800","=""47051960800""","36.51","2019-2023","2022","Census","Tennessee (State)"
"Census Tract","47053966100","TN","47053966100","=""47053966100""","65.53","2019-2023","2022","Census","Tennessee (State)"
"Census Tract","47053966200","TN","47053966200","=""47053966200""","83.82","2019-2023","2022","Census","Tennessee (State)"
"Census Tract","47053966300","TN","47053966300","=""47053966300""","58.20","2019-2023","2022","Census","Tennessee (State)"
"Census Tract","47053966400","TN","47053966400","=""47053966400""","124.71","2019-2023","2022","Census","Tennessee (State)"
"Census Tract","47053966501","TN","47053966501","=""47053966501""","158.53","2019-2023","2022","Census","Tennessee (State)"
"Census Tract","47053966502","TN","47053966502","=""47053966502""","959.07","2019-2023","2022","Census","Tennessee (State)"
"Census Tract","47053966600","TN","47053966600","=""47053966600""","87.66","2019-2023","2022","Census","Tennessee (State)"
"Census Tract","47053966701","TN","47053966701","=""47053966701""","685.42","2019-2023","2022","Census","Tennessee (State)"
"Census Tract","47053966702","TN","47053966702","=""47053966702""","46.78","2019-2023","2022","Census","Tennessee (State)"
"Census Tract","47053966800","TN","47053966800","=""47053966800""","12.28","2019-2023","2022","Census","Tennessee (State)"
"Census Tract","47053966900","TN","47053966900","=""47053966900""","133.97","2019-2023","2022","Census","Tennessee (State)"
"Census Tract","47053967001","TN","47053967001","=""47053967001""","161.62","2019-2023","2022","Census","Tennessee (State)"
"Census Tract","47053967002","TN","47053967002","=""47053967002""","1308.72","2019-2023","2022","Census","Tennessee (State)"
"Census Tract","47053967100","TN","47053967100","=""47053967100""","371.29","2019-2023","2022","Census","Tennessee (State)"
"Census Tract","47053967300","TN","47053967300","=""47053967300""","15.07","2019-2023","2022","Census","Tennessee (State)"
"Census Tract","47053967400","TN","47053967400","=""47053967400""","32.67","2019-2023","2022","Census","Tennessee (State)"
"Census Tract","47053980100","TN","47053980100","=""47053980100""","0.00","2019-2023","2022","Census","Tennessee (State)"
"Census Tract","47055920100","TN","47055920100","=""47055920100""","28.32","2019-2023","2022","Census","Tennessee (State)"
"Census Tract","47055920200","TN","47055920200","=""47055920200""","61.05","2019-2023","2022","Census","Tennessee (State)"
"Census Tract","47055920301","TN","47055920301","=""47055920301""","106.00","2019-2023","2022","Census","Tennessee (State)"
"Census Tract","47055920302","TN","47055920302","=""47055920302""","22.45","2019-2023","2022","Census","Tennessee (State)"
"Census Tract","47055920400","TN","47055920400","=""47055920400""","81.77","2019-2023","2022","Census","Tennessee (State)"
"Census Tract","47055920500","TN","47055920500","=""47055920500""","92.20","2019-2023","2022","Census","Tennessee (State)"
"Census Tract","47055920600","TN","47055920600","=""47055920600""","37.59","2019-2023","2022","Census","Tennessee (State)"
"Census Tract","47055920700","TN","47055920700","=""47055920700""","27.53","2019-2023","2022","Census","Tennessee (State)"
"Census Tract","47055920800","TN","47055920800","=""47055920800""","50.29","2019-2023","2022","Census","Tennessee (State)"
"Census Tract","47057500100","TN","47057500100","=""47057500100""","46.57","2019-2023","2022","Census","Tennessee (State)"
"Census Tract","47057500200","TN","47057500200","=""47057500200""","89.87","2019-2023","2022","Census","Tennessee (State)"
"Census Tract","47057500301","TN","47057500301","=""47057500301""","69.01","2019-2023","2022","Census","Tennessee (State)"
"Census Tract","47057500302","TN","47057500302","=""47057500302""","116.40","2019-2023","2022","Census","Tennessee (State)"
"Census Tract","47057500401","TN","47057500401","=""47057500401""","105.62","2019-2023","2022","Census","Tennessee (State)"
"Census Tract","47057500402","TN","47057500402","=""47057500402""","187.77","2019-2023","2022","Census","Tennessee (State)"
"Census Tract","47059090100","TN","47059090100","=""47059090100""","332.94","2019-2023","2022","Census","Tennessee (State)"
"Census Tract","47059090200","TN","47059090200","=""47059090200""","454.50","2019-2023","2022","Census","Tennessee (State)"
"Census Tract","47059090300","TN","47059090300","=""47059090300""","729.46","2019-2023","2022","Census","Tennessee (State)"
"Census Tract","47059090400","TN","47059090400","=""47059090400""","797.61","2019-2023","2022","Census","Tennessee (State)"
"Census Tract","47059090501","TN","47059090501","=""47059090501""","602.64","2019-2023","2022","Census","Tennessee (State)"
"Census Tract","47059090502","TN","47059090502","=""47059090502""","117.85","2019-2023","2022","Census","Tennessee (State)"
"Census Tract","47059090600","TN","47059090600","=""47059090600""","94.15","2019-2023","2022","Census","Tennessee (State)"
"Census Tract","47059090700","TN","47059090700","=""47059090700""","245.98","2019-2023","2022","Census","Tennessee (State)"
"Census Tract","47059090800","TN","47059090800","=""47059090800""","94.10","2019-2023","2022","Census","Tennessee (State)"
"Census Tract","47059090900","TN","47059090900","=""47059090900""","120.76","2019-2023","2022","Census","Tennessee (State)"
"Census Tract","47059091001","TN","47059091001","=""47059091001""","46.05","2019-2023","2022","Census","Tennessee (State)"
"Census Tract","47059091002","TN","47059091002","=""47059091002""","162.71","2019-2023","2022","Census","Tennessee (State)"
"Census Tract","47059091100","TN","47059091100","=""47059091100""","45.43","2019-2023","2022","Census","Tennessee (State)"
"Census Tract","47059091200","TN","47059091200","=""47059091200""","57.57","2019-2023","2022","Census","Tennessee (State)"
"Census Tract","47059091300","TN","47059091300","=""47059091300""","94.24","2019-2023","2022","Census","Tennessee (State)"
"Census Tract","47059091400","TN","47059091400","=""47059091400""","51.02","2019-2023","2022","Census","Tennessee (State)"
"Census Tract","47059091500","TN","47059091500","=""47059091500""","67.69","2019-2023","2022","Census","Tennessee (State)"
"Census Tract","47061955000","TN","47061955000","=""47061955000""","19.35","2019-2023","2022","Census","Tennessee (State)"
"Census Tract","47061955100","TN","47061955100","=""47061955100""","26.94","2019-2023","2022","Census","Tennessee (State)"
"Census Tract","47061955200","TN","47061955200","=""47061955200""","45.77","2019-2023","2022","Census","Tennessee (State)"
"Census Tract","47061955300","TN","47061955300","=""47061955300""","77.14","2019-2023","2022","Census","Tennessee (State)"
"Census Tract","47063100100","TN","47063100100","=""47063100100""","1754.01","2019-2023","2022","Census","Tennessee (State)"
"Census Tract","47063100200","TN","47063100200","=""47063100200""","2275.01","2019-2023","2022","Census","Tennessee (State)"
"Census Tract","47063100300","TN","47063100300","=""47063100300""","2071.52","2019-2023","2022","Census","Tennessee (State)"
"Census Tract","47063100400","TN","47063100400","=""47063100400""","2218.17","2019-2023","2022","Census","Tennessee (State)"
"Census Tract","47063100500","TN","47063100500","=""47063100500""","250.48","2019-2023","2022","Census","Tennessee (State)"
"Census Tract","47063100600","TN","47063100600","=""47063100600""","674.55","2019-2023","2022","Census","Tennessee (State)"
"Census Tract","47063100700","TN","47063100700","=""47063100700""","158.74","2019-2023","2022","Census","Tennessee (State)"
"Census Tract","47063100800","TN","47063100800","=""47063100800""","213.39","2019-2023","2022","Census","Tennessee (State)"
"Census Tract","47063100900","TN","47063100900","=""47063100900""","1523.12","2019-2023","2022","Census","Tennessee (State)"
"Census Tract","47063101000","TN","47063101000","=""47063101000""","124.93","2019-2023","2022","Census","Tennessee (State)"
"Census Tract","47063101100","TN","47063101100","=""47063101100""","342.70","2019-2023","2022","Census","Tennessee (State)"
"Census Tract","47063101200","TN","47063101200","=""47063101200""","510.25","2019-2023","2022","Census","Tennessee (State)"
"Census Tract","47065000400","TN","47065000400","=""47065000400""","2257.23","2019-2023","2022","Census","Tennessee (State)"
"Census Tract","47065000600","TN","47065000600","=""47065000600""","3238.28","2019-2023","2022","Census","Tennessee (State)"
"Census Tract","47065000700","TN","47065000700","=""47065000700""","2656.31","2019-2023","2022","Census","Tennessee (State)"
"Census Tract","47065000800","TN","47065000800","=""47065000800""","2765.18","2019-2023","2022","Census","Tennessee (State)"
"Census Tract","47065001100","TN","47065001100","=""47065001100""","2587.71","2019-2023","2022","Census","Tennessee (State)"
"Census Tract","47065001200","TN","47065001200","=""47065001200""","3248.09","2019-2023","2022","Census","Tennessee (State)"
"Census Tract","47065001300","TN","47065001300","=""47065001300""","3454.84","2019-2023","2022","Census","Tennessee (State)"
"Census Tract","47065001400","TN","47065001400","=""47065001400""","2715.70","2019-2023","2022","Census","Tennessee (State)"
"Census Tract","47065001600","TN","47065001600","=""47065001600""","3197.95","2019-2023","2022","Census","Tennessee (State)"
"Census Tract","47065001800","TN","47065001800","=""47065001800""","1298.54","2019-2023","2022","Census","Tennessee (State)"
"Census Tract","47065001900","TN","47065001900","=""47065001900""","1211.02","2019-2023","2022","Census","Tennessee (State)"
"Census Tract","47065002000","TN","47065002000","=""47065002000""","1586.96","2019-2023","2022","Census","Tennessee (State)"
"Census Tract","47065002300","TN","47065002300","=""47065002300""","1062.49","2019-2023","2022","Census","Tennessee (State)"
"Census Tract","47065002400","TN","47065002400","=""47065002400""","4025.38","2019-2023","2022","Census","Tennessee (State)"
"Census Tract","47065002500","TN","47065002500","=""47065002500""","3178.69","2019-2023","2022","Census","Tennessee (State)"
"Census Tract","47065002600","TN","47065002600","=""47065002600""","2424.22","2019-2023","2022","Census","Tennessee (State)"
"Census Tract","47065002800","TN","47065002800","=""47065002800""","2920.46","2019-2023","2022","Census","Tennessee (State)"
"Census Tract","47065002900","TN","47065002900","=""47065002900""","3160.55","2019-2023","2022","Census","Tennessee (State)"
"Census Tract","47065003000","TN","47065003000","=""47065003000""","2220.50","2019-2023","2022","Census","Tennessee (State)"
"Census Tract","47065003100","TN","47065003100","=""47065003100""","2895.10","2019-2023","2022","Census","Tennessee (State)"
"Census Tract","47065003200","TN","47065003200","=""47065003200""","2436.93","2019-2023","2022","Census","Tennessee (State)"
"Census Tract","47065003300","TN","47065003300","=""47065003300""","2471.02","2019-2023","2022","Census","Tennessee (State)"
"Census Tract","47065003400","TN","47065003400","=""47065003400""","2305.62","2019-2023","2022","Census","Tennessee (State)"
"Census Tract","47065010101","TN","47065010101","=""47065010101""","530.60","2019-2023","2022","Census","Tennessee (State)"
"Census Tract","47065010103","TN","47065010103","=""47065010103""","161.60","2019-2023","2022","Census","Tennessee (State)"
"Census Tract","47065010104","TN","47065010104","=""47065010104""","94.61","2019-2023","2022","Census","Tennessee (State)"
"Census Tract","47065010201","TN","47065010201","=""47065010201""","284.55","2019-2023","2022","Census","Tennessee (State)"
"Census Tract","47065010202","TN","47065010202","=""47065010202""","116.11","2019-2023","2022","Census","Tennessee (State)"
"Census Tract","47065010303","TN","47065010303","=""47065010303""","1423.72","2019-2023","2022","Census","Tennessee (State)"
"Census Tract","47065010304","TN","47065010304","=""47065010304""","918.86","2019-2023","2022","Census","Tennessee (State)"
"Census Tract","47065010305","TN","47065010305","=""47065010305""","486.26","2019-2023","2022","Census","Tennessee (State)"
"Census Tract","47065010306","TN","47065010306","=""47065010306""","527.27","2019-2023","2022","Census","Tennessee (State)"
"Census Tract","47065010308","TN","47065010308","=""47065010308""","659.22","2019-2023","2022","Census","Tennessee (State)"
"Census Tract","47065010309","TN","47065010309","=""47065010309""","429.63","2019-2023","2022","Census","Tennessee (State)"
"Census Tract","47065010411","TN","47065010411","=""47065010411""","1200.40","2019-2023","2022","Census","Tennessee (State)"
"Census Tract","47065010412","TN","47065010412","=""47065010412""","1041.77","2019-2023","2022","Census","Tennessee (State)"
"Census Tract","47065010413","TN","47065010413","=""47065010413""","737.49","2019-2023","2022","Census","Tennessee (State)"
"Census Tract","47065010431","TN","47065010431","=""47065010431""","1139.55","2019-2023","2022","Census","Tennessee (State)"
"Census Tract","47065010432","TN","47065010432","=""47065010432""","1012.20","2019-2023","2022","Census","Tennessee (State)"
"Census Tract","47065010433","TN","47065010433","=""47065010433""","1994.09","2019-2023","2022","Census","Tennessee (State)"
"Census Tract","47065010434","TN","47065010434","=""47065010434""","317.97","2019-2023","2022","Census","Tennessee (State)"
"Census Tract","47065010435","TN","47065010435","=""47065010435""","969.67","2019-2023","2022","Census","Tennessee (State)"
"Census Tract","47065010501","TN","47065010501","=""47065010501""","1660.66","2019-2023","2022","Census","Tennessee (State)"
"Census Tract","47065010502","TN","47065010502","=""47065010502""","1749.06","2019-2023","2022","Census","Tennessee (State)"
"Census Tract","47065010600","TN","47065010600","=""47065010600""","2063.86","2019-2023","2022","Census","Tennessee (State)"
"Census Tract","47065010700","TN","47065010700","=""47065010700""","1704.55","2019-2023","2022","Census","Tennessee (State)"
"Census Tract","47065010800","TN","47065010800","=""47065010800""","2234.43","2019-2023","2022","Census","Tennessee (State)"
"Census Tract","47065010901","TN","47065010901","=""47065010901""","572.52","2019-2023","2022","Census","Tennessee (State)"
"Census Tract","47065010902","TN","47065010902","=""47065010902""","195.86","2019-2023","2022","Census","Tennessee (State)"
"Census Tract","47065010904","TN","47065010904","=""47065010904""","2151.42","2019-2023","2022","Census","Tennessee (State)"
"Census Tract","47065010905","TN","47065010905","=""47065010905""","1182.42","2019-2023","2022","Census","Tennessee (State)"
"Census Tract","47065011001","TN","47065011001","=""47065011001""","38.26","2019-2023","2022","Census","Tennessee (State)"
"Census Tract","47065011003","TN","47065011003","=""47065011003""","159.56","2019-2023","2022","Census","Tennessee (State)"
"Census Tract","47065011004","TN","47065011004","=""47065011004""","401.28","2019-2023","2022","Census","Tennessee (State)"
"Census Tract","47065011100","TN","47065011100","=""47065011100""","1404.76","2019-2023","2022","Census","Tennessee (State)"
"Census Tract","47065011203","TN","47065011203","=""47065011203""","582.44","2019-2023","2022","Census","Tennessee (State)"
"Census Tract","47065011204","TN","47065011204","=""47065011204""","261.46","2019-2023","2022","Census","Tennessee (State)"
"Census Tract","47065011205","TN","47065011205","=""47065011205""","728.23","2019-2023","2022","Census","Tennessee (State)"
"Census Tract","47065011206","TN","47065011206","=""47065011206""","516.80","2019-2023","2022","Census","Tennessee (State)"
"Census Tract","47065011311","TN","47065011311","=""47065011311""","1253.52","2019-2023","2022","Census","Tennessee (State)"
"Census Tract","47065011314","TN","47065011314","=""47065011314""","2155.37","2019-2023","2022","Census","Tennessee (State)"
"Census Tract","47065011321","TN","47065011321","=""47065011321""","1744.41","2019-2023","2022","Census","Tennessee (State)"
"Census Tract","47065011323","TN","47065011323","=""47065011323""","1570.84","2019-2023","2022","Census","Tennessee (State)"
"Census Tract","47065011324","TN","47065011324","=""47065011324""","1811.36","2019-2023","2022","Census","Tennessee (State)"
"Census Tract","47065011325","TN","47065011325","=""47065011325""","2300.90","2019-2023","2022","Census","Tennessee (State)"
"Census Tract","47065011326","TN","47065011326","=""47065011326""","2132.16","2019-2023","2022","Census","Tennessee (State)"
"Census Tract","47065011402","TN","47065011402","=""47065011402""","2429.46","2019-2023","2022","Census","Tennessee (State)"
"Census Tract","47065011411","TN","47065011411","=""47065011411""","869.69","2019-2023","2022","Census","Tennessee (State)"
"Census Tract","47065011413","TN","47065011413","=""47065011413""","1197.65","2019-2023","2022","Census","Tennessee (State)"
"Census Tract","47065011442","TN","47065011442","=""47065011442""","953.29","2019-2023","2022","Census","Tennessee (State)"
"Census Tract","47065011444","TN","47065011444","=""47065011444""","761.93","2019-2023","2022","Census","Tennessee (State)"
"Census Tract","47065011445","TN","47065011445","=""47065011445""","1387.59","2019-2023","2022","Census","Tennessee (State)"
"Census Tract","47065011446","TN","47065011446","=""47065011446""","2150.95","2019-2023","2022","Census","Tennessee (State)"
"Census Tract","47065011447","TN","47065011447","=""47065011447""","942.74","2019-2023","2022","Census","Tennessee (State)"
"Census Tract","47065011448","TN","47065011448","=""47065011448""","2033.05","2019-2023","2022","Census","Tennessee (State)"
"Census Tract","47065011449","TN","47065011449","=""47065011449""","667.66","2019-2023","2022","Census","Tennessee (State)"
"Census Tract","47065011600","TN","47065011600","=""47065011600""","2775.60","2019-2023","2022","Census","Tennessee (State)"
"Census Tract","47065011700","TN","47065011700","=""47065011700""","3750.39","2019-2023","2022","Census","Tennessee (State)"
"Census Tract","47065011800","TN","47065011800","=""47065011800""","3403.72","2019-2023","2022","Census","Tennessee (State)"
"Census Tract","47065011900","TN","47065011900","=""47065011900""","2859.93","2019-2023","2022","Census","Tennessee (State)"
"Census Tract","47065012000","TN","47065012000","=""47065012000""","1572.60","2019-2023","2022","Census","Tennessee (State)"
"Census Tract","47065012100","TN","47065012100","=""47065012100""","248.17","2019-2023","2022","Census","Tennessee (State)"
"Census Tract","47065012200","TN","47065012200","=""47065012200""","1804.58","2019-2023","2022","Census","Tennessee (State)"
"Census Tract","47065012300","TN","47065012300","=""47065012300""","902.55","2019-2023","2022","Census","Tennessee (State)"
"Census Tract","47065012400","TN","47065012400","=""47065012400""","5588.37","2019-2023","2022","Census","Tennessee (State)"
"Census Tract","47065980100","TN","47065980100","=""47065980100""","0.00","2019-2023","2022","Census","Tennessee (State)"
"Census Tract","47065980200","TN","47065980200","=""47065980200""","0.00","2019-2023","2022","Census","Tennessee (State)"
"Census Tract","47067960500","TN","47067960500","=""47067960500""","23.93","2019-2023","2022","Census","Tennessee (State)"
"Census Tract","47067960600","TN","47067960600","=""47067960600""","37.16","2019-2023","2022","Census","Tennessee (State)"
"Census Tract","47069950100","TN","47069950100","=""47069950100""","19.66","2019-2023","2022","Census","Tennessee (State)"
"Census Tract","47069950200","TN","47069950200","=""47069950200""","68.53","2019-2023","2022","Census","Tennessee (State)"
"Census Tract","47069950300","TN","47069950300","=""47069950300""","161.14","2019-2023","2022","Census","Tennessee (State)"
"Census Tract","47069950400","TN","47069950400","=""47069950400""","41.94","2019-2023","2022","Census","Tennessee (State)"
"Census Tract","47069950500","TN","47069950500","=""47069950500""","29.23","2019-2023","2022","Census","Tennessee (State)"
"Census Tract","47069950600","TN","47069950600","=""47069950600""","22.06","2019-2023","2022","Census","Tennessee (State)"
"Census Tract","47071920100","TN","47071920100","=""47071920100""","21.03","2019-2023","2022","Census","Tennessee (State)"
"Census Tract","47071920200","TN","47071920200","=""47071920200""","42.49","2019-2023","2022","Census","Tennessee (State)"
"Census Tract","47071920300","TN","47071920300","=""47071920300""","273.14","2019-2023","2022","Census","Tennessee (State)"
"Census Tract","47071920401","TN","47071920401","=""47071920401""","215.14","2019-2023","2022","Census","Tennessee (State)"
"Census Tract","47071920402","TN","47071920402","=""47071920402""","954.82","2019-2023","2022","Census","Tennessee (State)"
"Census Tract","47071920501","TN","47071920501","=""47071920501""","35.66","2019-2023","2022","Census","Tennessee (State)"
"Census Tract","47071920502","TN","47071920502","=""47071920502""","25.65","2019-2023","2022","Census","Tennessee (State)"
"Census Tract","47071920600","TN","47071920600","=""47071920600""","44.25","2019-2023","2022","Census","Tennessee (State)"
"Census Tract","47073050100","TN","47073050100","=""47073050100""","80.07","2019-2023","2022","Census","Tennessee (State)"
"Census Tract","47073050200","TN","47073050200","=""47073050200""","48.27","2019-2023","2022","Census","Tennessee (State)"
"Census Tract","47073050301","TN","47073050301","=""47073050301""","777.83","2019-2023","2022","Census","Tennessee (State)"
"Census Tract","47073050302","TN","47073050302","=""47073050302""","231.56","2019-2023","2022","Census","Tennessee (State)"
"Census Tract","47073050400","TN","47073050400","=""47073050400""","92.60","2019-2023","2022","Census","Tennessee (State)"
"Census Tract","47073050501","TN","47073050501","=""47073050501""","122.30","2019-2023","2022","Census","Tennessee (State)"
"Census Tract","47073050502","TN","47073050502","=""47073050502""","280.32","2019-2023","2022","Census","Tennessee (State)"
"Census Tract","47073050503","TN","47073050503","=""47073050503""","670.79","2019-2023","2022","Census","Tennessee (State)"
"Census Tract","47073050601","TN","47073050601","=""47073050601""","644.14","2019-2023","2022","Census","Tennessee (State)"
"Census Tract","47073050602","TN","47073050602","=""47073050602""","412.53","2019-2023","2022","Census","Tennessee (State)"
"Census Tract","47073050700","TN","47073050700","=""47073050700""","43.87","2019-2023","2022","Census","Tennessee (State)"
"Census Tract","47073050800","TN","47073050800","=""47073050800""","75.61","2019-2023","2022","Census","Tennessee (State)"
"Census Tract","47073050900","TN","47073050900","=""47073050900""","126.90","2019-2023","2022","Census","Tennessee (State)"
"Census Tract","47075930100","TN","47075930100","=""47075930100""","17.14","2019-2023","2022","Census","Tennessee (State)"
"Census Tract","47075930200","TN","47075930200","=""47075930200""","11.86","2019-2023","2022","Census","Tennessee (State)"
"Census Tract","47075930301","TN","47075930301","=""47075930301""","125.78","2019-2023","2022","Census","Tennessee (State)"
"Census Tract","47075930302","TN","47075930302","=""47075930302""","336.39","2019-2023","2022","Census","Tennessee (State)"
"Census Tract","47075930400","TN","47075930400","=""47075930400""","94.39","2019-2023","2022","Census","Tennessee (State)"
"Census Tract","47075930500","TN","47075930500","=""47075930500""","17.96","2019-2023","2022","Census","Tennessee (State)"
"Census Tract","47077975000","TN","47077975000","=""47077975000""","32.58","2019-2023","2022","Census","Tennessee (State)"
"Census Tract","47077975100","TN","47077975100","=""47077975100""","30.81","2019-2023","2022","Census","Tennessee (State)"
"Census Tract","47077975200","TN","47077975200","=""47077975200""","39.62","2019-2023","2022","Census","Tennessee (State)"
"Census Tract","47077975301","TN","47077975301","=""47077975301""","303.35","2019-2023","2022","Census","Tennessee (State)"
"Census Tract","47077975302","TN","47077975302","=""47077975302""","187.47","2019-2023","2022","Census","Tennessee (State)"
"Census Tract","47077975400","TN","47077975400","=""47077975400""","114.16","2019-2023","2022","Census","Tennessee (State)"
"Census Tract","47077975500","TN","47077975500","=""47077975500""","37.64","2019-2023","2022","Census","Tennessee (State)"
"Census Tract","47079969001","TN","47079969001","=""47079969001""","52.11","2019-2023","2022","Census","Tennessee (State)"
"Census Tract","47079969002","TN","47079969002","=""47079969002""","34.70","2019-2023","2022","Census","Tennessee (State)"
"Census Tract","47079969100","TN","47079969100","=""47079969100""","32.55","2019-2023","2022","Census","Tennessee (State)"
"Census Tract","47079969200","TN","47079969200","=""47079969200""","24.32","2019-2023","2022","Census","Tennessee (State)"
"Census Tract","47079969300","TN","47079969300","=""47079969300""","210.61","2019-2023","2022","Census","Tennessee (State)"
"Census Tract","47079969400","TN","47079969400","=""47079969400""","1733.36","2019-2023","2022","Census","Tennessee (State)"
"Census Tract","47079969501","TN","47079969501","=""47079969501""","1040.46","2019-2023","2022","Census","Tennessee (State)"
"Census Tract","47079969502","TN","47079969502","=""47079969502""","713.87","2019-2023","2022","Census","Tennessee (State)"
"Census Tract","47079969601","TN","47079969601","=""47079969601""","73.64","2019-2023","2022","Census","Tennessee (State)"
"Census Tract","47079969602","TN","47079969602","=""47079969602""","85.16","2019-2023","2022","Census","Tennessee (State)"
"Census Tract","47079969700","TN","47079969700","=""47079969700""","29.92","2019-2023","2022","Census","Tennessee (State)"
"Census Tract","47079969800","TN","47079969800","=""47079969800""","29.48","2019-2023","2022","Census","Tennessee (State)"
"Census Tract","47081950100","TN","47081950100","=""47081950100""","59.73","2019-2023","2022","Census","Tennessee (State)"
"Census Tract","47081950201","TN","47081950201","=""47081950201""","68.84","2019-2023","2022","Census","Tennessee (State)"
"Census Tract","47081950202","TN","47081950202","=""47081950202""","224.57","2019-2023","2022","Census","Tennessee (State)"
"Census Tract","47081950301","TN","47081950301","=""47081950301""","25.19","2019-2023","2022","Census","Tennessee (State)"
"Census Tract","47081950302","TN","47081950302","=""47081950302""","74.06","2019-2023","2022","Census","Tennessee (State)"
"Census Tract","47081950400","TN","47081950400","=""47081950400""","12.89","2019-2023","2022","Census","Tennessee (State)"
"Census Tract","47081950500","TN","47081950500","=""47081950500""","22.50","2019-2023","2022","Census","Tennessee (State)"
"Census Tract","47083120100","TN","47083120100","=""47083120100""","31.55","2019-2023","2022","Census","Tennessee (State)"
"Census Tract","47083120200","TN","47083120200","=""47083120200""","64.33","2019-2023","2022","Census","Tennessee (State)"
"Census Tract","47083120300","TN","47083120300","=""47083120300""","43.21","2019-2023","2022","Census","Tennessee (State)"
"Census Tract","47085130100","TN","47085130100","=""47085130100""","52.11","2019-2023","2022","Census","Tennessee (State)"
"Census Tract","47085130200","TN","47085130200","=""47085130200""","24.60","2019-2023","2022","Census","Tennessee (State)"
"Census Tract","47085130300","TN","47085130300","=""47085130300""","125.18","2019-2023","2022","Census","Tennessee (State)"
"Census Tract","47085130400","TN","47085130400","=""47085130400""","11.18","2019-2023","2022","Census","Tennessee (State)"
"Census Tract","47085130500","TN","47085130500","=""47085130500""","80.91","2019-2023","2022","Census","Tennessee (State)"
"Census Tract","47087960100","TN","47087960100","=""47087960100""","15.34","2019-2023","2022","Census","Tennessee (State)"
"Census Tract","47087960200","TN","47087960200","=""47087960200""","36.83","2019-2023","2022","Census","Tennessee (State)"
"Census Tract","47087960300","TN","47087960300","=""47087960300""","80.05","2019-2023","2022","Census","Tennessee (State)"
"Census Tract","47087960400","TN","47087960400","=""47087960400""","35.95","2019-2023","2022","Census","Tennessee (State)"
"Census Tract","47089070101","TN","47089070101","=""47089070101""","111.55","2019-2023","2022","Census","Tennessee (State)"
"Census Tract","47089070102","TN","47089070102","=""47089070102""","361.24","2019-2023","2022","Census","Tennessee (State)"
"Census Tract","47089070200","TN","47089070200","=""47089070200""","145.01","2019-2023","2022","Census","Tennessee (State)"
"Census Tract","47089070300","TN","47089070300","=""47089070300""","575.15","2019-2023","2022","Census","Tennessee (State)"
"Census Tract","47089070400","TN","47089070400","=""47089070400""","136.98","2019-2023","2022","Census","Tennessee (State)"
"Census Tract","47089070500","TN","47089070500","=""47089070500""","170.73","2019-2023","2022","Census","Tennessee (State)"
"Census Tract","47089070600","TN","47089070600","=""47089070600""","301.50","2019-2023","2022","Census","Tennessee (State)"
"Census Tract","47089070701","TN","47089070701","=""47089070701""","563.54","2019-2023","2022","Census","Tennessee (State)"
"Census Tract","47089070702","TN","47089070702","=""47089070702""","197.89","2019-2023","2022","Census","Tennessee (State)"
"Census Tract","47089070801","TN","47089070801","=""47089070801""","180.38","2019-2023","2022","Census","Tennessee (State)"
"Census Tract","47089070802","TN","47089070802","=""47089070802""","210.95","2019-2023","2022","Census","Tennessee (State)"
"Census Tract","47089070900","TN","47089070900","=""47089070900""","98.89","2019-2023","2022","Census","Tennessee (State)"
"Census Tract","47091956000","TN","47091956000","=""47091956000""","19.52","2019-2023","2022","Census","Tennessee (State)"
"Census Tract","47091956100","TN","47091956100","=""47091956100""","79.57","2019-2023","2022","Census","Tennessee (State)"
"Census Tract","47091956200","TN","47091956200","=""47091956200""","35.44","2019-2023","2022","Census","Tennessee (State)"
"Census Tract","47091956300","TN","47091956300","=""47091956300""","164.08","2019-2023","2022","Census","Tennessee (State)"
"Census Tract","47091956400","TN","47091956400","=""47091956400""","50.64","2019-2023","2022","Census","Tennessee (State)"
"Census Tract","47093000100","TN","47093000100","=""47093000100""","4668.76","2019-2023","2022","Census","Tennessee (State)"
"Census Tract","47093000800","TN","47093000800","=""47093000800""","4629.35","2019-2023","2022","Census","Tennessee (State)"
"Census Tract","47093000901","TN","47093000901","=""47093000901""","7604.36","2019-2023","2022","Census","Tennessee (State)"
"Census Tract","47093000902","TN","47093000902","=""47093000902""","5049.10","2019-2023","2022","Census","Tennessee (State)"
"Census Tract","47093001400","TN","47093001400","=""47093001400""","3532.38","2019-2023","2022","Census","Tennessee (State)"
"Census Tract","47093001500","TN","47093001500","=""47093001500""","2672.37","2019-2023","2022","Census","Tennessee (State)"
"Census Tract","47093001600","TN","47093001600","=""47093001600""","4481.36","2019-2023","2022","Census","Tennessee (State)"
"Census Tract","47093001700","TN","47093001700","=""47093001700""","3082.64","2019-2023","2022","Census","Tennessee (State)"
"Census Tract","47093001800","TN","47093001800","=""47093001800""","2352.68","2019-2023","2022","Census","Tennessee (State)"
"Census Tract","47093001900","TN","47093001900","=""47093001900""","1815.98","2019-2023","2022","Census","Tennessee (State)"
"Census Tract","47093002000","TN","47093002000","=""47093002000""","3580.20","2019-2023","2022","Census","Tennessee (State)"
"Census Tract","47093002100","TN","47093002100","=""47093002100""","855.15","2019-2023","2022","Census","Tennessee (State)"
"Census Tract","47093002200","TN","47093002200","=""47093002200""","1487.12","2019-2023","2022","Census","Tennessee (State)"
"Census Tract","47093002300","TN","47093002300","=""47093002300""","1784.20","2019-2023","2022","Census","Tennessee (State)"
"Census Tract","47093002400","TN","47093002400","=""47093002400""","2061.77","2019-2023","2022","Census","Tennessee (State)"
"Census Tract","47093002600","TN","47093002600","=""47093002600""","2166.77","2019-2023","2022","Census","Tennessee (State)"
"Census Tract","47093002700","TN","47093002700","=""47093002700""","2042.76","2019-2023","2022","Census","Tennessee (State)"
"Census Tract","47093002800","TN","47093002800","=""47093002800""","2418.87","2019-2023","2022","Census","Tennessee (State)"
"Census Tract","47093002900","TN","47093002900","=""47093002900""","2277.92","2019-2023","2022","Census","Tennessee (State)"
"Census Tract","47093003000","TN","47093003000","=""47093003000""","2196.95","2019-2023","2022","Census","Tennessee (State)"
"Census Tract","47093003100","TN","47093003100","=""47093003100""","1152.11","2019-2023","2022","Census","Tennessee (State)"
"Census Tract","47093003200","TN","47093003200","=""47093003200""","2308.67","2019-2023","2022","Census","Tennessee (State)"
"Census Tract","47093003300","TN","47093003300","=""47093003300""","1026.26","2019-2023","2022","Census","Tennessee (State)"
"Census Tract","47093003400","TN","47093003400","=""47093003400""","1340.25","2019-2023","2022","Census","Tennessee (State)"
"Census Tract","47093003501","TN","47093003501","=""47093003501""","648.68","2019-2023","2022","Census","Tennessee (State)"
"Census Tract","47093003502","TN","47093003502","=""47093003502""","1271.00","2019-2023","2022","Census","Tennessee (State)"
"Census Tract","47093003700","TN","47093003700","=""47093003700""","2049.19","2019-2023","2022","Census","Tennessee (State)"
"Census Tract","47093003801","TN","47093003801","=""47093003801""","2275.43","2019-2023","2022","Census","Tennessee (State)"
"Census Tract","47093003802","TN","47093003802","=""47093003802""","1420.06","2019-2023","2022","Census","Tennessee (State)"
"Census Tract","47093003901","TN","47093003901","=""47093003901""","1983.60","2019-2023","2022","Census","Tennessee (State)"
"Census Tract","47093003902","TN","47093003902","=""47093003902""","2388.00","2019-2023","2022","Census","Tennessee (State)"
"Census Tract","47093004000","TN","47093004000","=""47093004000""","4377.72","2019-2023","2022","Census","Tennessee (State)"
"Census Tract","47093004100","TN","47093004100","=""47093004100""","2378.50","2019-2023","2022","Census","Tennessee (State)"
"Census Tract","47093004200","TN","47093004200","=""47093004200""","2352.21","2019-2023","2022","Census","Tennessee (State)"
"Census Tract","47093004300","TN","47093004300","=""47093004300""","907.38","2019-2023","2022","Census","Tennessee (State)"
"Census Tract","47093004401","TN","47093004401","=""47093004401""","2468.75","2019-2023","2022","Census","Tennessee (State)"
"Census Tract","47093004403","TN","47093004403","=""47093004403""","2868.91","2019-2023","2022","Census","Tennessee (State)"
"Census Tract","47093004404","TN","47093004404","=""47093004404""","1888.02","2019-2023","2022","Census","Tennessee (State)"
"Census Tract","47093004501","TN","47093004501","=""47093004501""","2397.99","2019-2023","2022","Census","Tennessee (State)"
"Census Tract","47093004502","TN","47093004502","=""47093004502""","2977.59","2019-2023","2022","Census","Tennessee (State)"
"Census Tract","47093004606","TN","47093004606","=""47093004606""","2312.35","2019-2023","2022","Census","Tennessee (State)"
"Census Tract","47093004607","TN","47093004607","=""47093004607""","1838.72","2019-2023","2022","Census","Tennessee (State)"
"Census Tract","47093004608","TN","47093004608","=""47093004608""","1895.24","2019-2023","2022","Census","Tennessee (State)"
"Census Tract","47093004609","TN","47093004609","=""47093004609""","3329.84","2019-2023","2022","Census","Tennessee (State)"
"Census Tract","47093004610","TN","47093004610","=""47093004610""","3106.31","2019-2023","2022","Census","Tennessee (State)"
"Census Tract","47093004611","TN","47093004611","=""47093004611""","1528.48","2019-2023","2022","Census","Tennessee (State)"
"Census Tract","47093004612","TN","47093004612","=""47093004612""","2669.38","2019-2023","2022","Census","Tennessee (State)"
"Census Tract","47093004613","TN","47093004613","=""47093004613""","2542.91","2019-2023","2022","Census","Tennessee (State)"
"Census Tract","47093004614","TN","47093004614","=""47093004614""","4633.46","2019-2023","2022","Census","Tennessee (State)"
"Census Tract","47093004615","TN","47093004615","=""47093004615""","2364.46","2019-2023","2022","Census","Tennessee (State)"
"Census Tract","47093004700","TN","47093004700","=""47093004700""","2091.28","2019-2023","2022","Census","Tennessee (State)"
"Census Tract","47093004800","TN","47093004800","=""47093004800""","1439.70","2019-2023","2022","Census","Tennessee (State)"
"Census Tract","47093004900","TN","47093004900","=""47093004900""","2157.71","2019-2023","2022","Census","Tennessee (State)"
"Census Tract","47093005000","TN","47093005000","=""47093005000""","2030.01","2019-2023","2022","Census","Tennessee (State)"
"Census Tract","47093005100","TN","47093005100","=""47093005100""","1828.13","2019-2023","2022","Census","Tennessee (State)"
"Census Tract","47093005202","TN","47093005202","=""47093005202""","518.95","2019-2023","2022","Census","Tennessee (State)"
"Census Tract","47093005203","TN","47093005203","=""47093005203""","563.60","2019-2023","2022","Census","Tennessee (State)"
"Census Tract","47093005204","TN","47093005204","=""47093005204""","318.27","2019-2023","2022","Census","Tennessee (State)"
"Census Tract","47093005301","TN","47093005301","=""47093005301""","359.39","2019-2023","2022","Census","Tennessee (State)"
"Census Tract","47093005302","TN","47093005302","=""47093005302""","243.49","2019-2023","2022","Census","Tennessee (State)"
"Census Tract","47093005401","TN","47093005401","=""47093005401""","251.62","2019-2023","2022","Census","Tennessee (State)"
"Census Tract","47093005402","TN","47093005402","=""47093005402""","176.80","2019-2023","2022","Census","Tennessee (State)"
"Census Tract","47093005501","TN","47093005501","=""47093005501""","301.46","2019-2023","2022","Census","Tennessee (State)"
"Census Tract","47093005502","TN","47093005502","=""47093005502""","232.07","2019-2023","2022","Census","Tennessee (State)"
"Census Tract","47093005602","TN","47093005602","=""47093005602""","219.82","2019-2023","2022","Census","Tennessee (State)"
"Census Tract","47093005603","TN","47093005603","=""47093005603""","664.97","2019-2023","2022","Census","Tennessee (State)"
"Census Tract","47093005604","TN","47093005604","=""47093005604""","393.99","2019-2023","2022","Census","Tennessee (State)"
"Census Tract","47093005701","TN","47093005701","=""47093005701""","594.75","2019-2023","2022","Census","Tennessee (State)"
"Census Tract","47093005704","TN","47093005704","=""47093005704""","2731.23","2019-2023","2022","Census","Tennessee (State)"
"Census Tract","47093005706","TN","47093005706","=""47093005706""","1693.60","2019-2023","2022","Census","Tennessee (State)"
"Census Tract","47093005707","TN","47093005707","=""47093005707""","1255.19","2019-2023","2022","Census","Tennessee (State)"
"Census Tract","47093005708","TN","47093005708","=""47093005708""","2411.86","2019-2023","2022","Census","Tennessee (State)"
"Census Tract","47093005709","TN","47093005709","=""47093005709""","2774.99","2019-2023","2022","Census","Tennessee (State)"
"Census Tract","47093005710","TN","47093005710","=""47093005710""","520.09","2019-2023","2022","Census","Tennessee (State)"
"Census Tract","47093005711","TN","47093005711","=""47093005711""","2524.91","2019-2023","2022","Census","Tennessee (State)"
"Census Tract","47093005713","TN","47093005713","=""47093005713""","3120.15","2019-2023","2022","Census","Tennessee (State)"
"Census Tract","47093005714","TN","47093005714","=""47093005714""","2875.56","2019-2023","2022","Census","Tennessee (State)"
"Census Tract","47093005803","TN","47093005803","=""47093005803""","1198.14","2019-2023","2022","Census","Tennessee (State)"
"Census Tract","47093005807","TN","47093005807","=""47093005807""","1445.91","2019-2023","2022","Census","Tennessee (State)"
"Census Tract","47093005808","TN","47093005808","=""47093005808""","2508.26","2019-2023","2022","Census","Tennessee (State)"
"Census Tract","47093005809","TN","47093005809","=""47093005809""","1761.56","2019-2023","2022","Census","Tennessee (State)"
"Census Tract","47093005810","TN","47093005810","=""47093005810""","1205.39","2019-2023","2022","Census","Tennessee (State)"
"Census Tract","47093005811","TN","47093005811","=""47093005811""","1074.15","2019-2023","2022","Census","Tennessee (State)"
"Census Tract","47093005813","TN","47093005813","=""47093005813""","2017.42","2019-2023","2022","Census","Tennessee (State)"
"Census Tract","47093005814","TN","47093005814","=""47093005814""","1964.46","2019-2023","2022","Census","Tennessee (State)"
"Census Tract","47093005815","TN","47093005815","=""47093005815""","706.57","2019-2023","2022","Census","Tennessee (State)"
"Census Tract","47093005903","TN","47093005903","=""47093005903""","1893.77","2019-2023","2022","Census","Tennessee (State)"
"Census Tract","47093005906","TN","47093005906","=""47093005906""","321.02","2019-2023","2022","Census","Tennessee (State)"
"Census Tract","47093005907","TN","47093005907","=""47093005907""","1044.52","2019-2023","2022","Census","Tennessee (State)"
"Census Tract","47093005908","TN","47093005908","=""47093005908""","603.43","2019-2023","2022","Census","Tennessee (State)"
"Census Tract","47093005909","TN","47093005909","=""47093005909""","366.18","2019-2023","2022","Census","Tennessee (State)"
"Census Tract","47093005910","TN","47093005910","=""47093005910""","684.46","2019-2023","2022","Census","Tennessee (State)"
"Census Tract","47093005911","TN","47093005911","=""47093005911""","1064.67","2019-2023","2022","Census","Tennessee (State)"
"Census Tract","47093005912","TN","47093005912","=""47093005912""","1227.79","2019-2023","2022","Census","Tennessee (State)"
"Census Tract","47093006001","TN","47093006001","=""47093006001""","1488.56","2019-2023","2022","Census","Tennessee (State)"
"Census Tract","47093006002","TN","47093006002","=""47093006002""","912.86","2019-2023","2022","Census","Tennessee (State)"
"Census Tract","47093006003","TN","47093006003","=""47093006003""","1462.25","2019-2023","2022","Census","Tennessee (State)"
"Census Tract","47093006102","TN","47093006102","=""47093006102""","389.41","2019-2023","2022","Census","Tennessee (State)"
"Census Tract","47093006103","TN","47093006103","=""47093006103""","1786.44","2019-2023","2022","Census","Tennessee (State)"
"Census Tract","47093006104","TN","47093006104","=""47093006104""","926.60","2019-2023","2022","Census","Tennessee (State)"
"Census Tract","47093006202","TN","47093006202","=""47093006202""","1052.92","2019-2023","2022","Census","Tennessee (State)"
"Census Tract","47093006203","TN","47093006203","=""47093006203""","1504.82","2019-2023","2022","Census","Tennessee (State)"
"Census Tract","47093006205","TN","47093006205","=""47093006205""","1072.52","2019-2023","2022","Census","Tennessee (State)"
"Census Tract","47093006206","TN","47093006206","=""47093006206""","1082.64","2019-2023","2022","Census","Tennessee (State)"
"Census Tract","47093006207","TN","47093006207","=""47093006207""","1409.09","2019-2023","2022","Census","Tennessee (State)"
"Census Tract","47093006208","TN","47093006208","=""47093006208""","981.99","2019-2023","2022","Census","Tennessee (State)"
"Census Tract","47093006301","TN","47093006301","=""47093006301""","218.73","2019-2023","2022","Census","Tennessee (State)"
"Census Tract","47093006302","TN","47093006302","=""47093006302""","216.43","2019-2023","2022","Census","Tennessee (State)"
"Census Tract","47093006401","TN","47093006401","=""47093006401""","1038.53","2019-2023","2022","Census","Tennessee (State)"
"Census Tract","47093006402","TN","47093006402","=""47093006402""","343.10","2019-2023","2022","Census","Tennessee (State)"
"Census Tract","47093006403","TN","47093006403","=""47093006403""","485.72","2019-2023","2022","Census","Tennessee (State)"
"Census Tract","47093006501","TN","47093006501","=""47093006501""","162.14","2019-2023","2022","Census","Tennessee (State)"
"Census Tract","47093006502","TN","47093006502","=""47093006502""","185.79","2019-2023","2022","Census","Tennessee (State)"
"Census Tract","47093006600","TN","47093006600","=""47093006600""","3124.28","2019-2023","2022","Census","Tennessee (State)"
"Census Tract","47093006700","TN","47093006700","=""47093006700""","2701.07","2019-2023","2022","Census","Tennessee (State)"
"Census Tract","47093006800","TN","47093006800","=""47093006800""","3598.63","2019-2023","2022","Census","Tennessee (State)"
"Census Tract","47093006901","TN","47093006901","=""47093006901""","9230.48","2019-2023","2022","Census","Tennessee (State)"
"Census Tract","47093006902","TN","47093006902","=""47093006902""","40934.70","2019-2023","2022","Census","Tennessee (State)"
"Census Tract","47093006903","TN","47093006903","=""47093006903""","9825.83","2019-2023","2022","Census","Tennessee (State)"
"Census Tract","47093007000","TN","47093007000","=""47093007000""","2605.80","2019-2023","2022","Census","Tennessee (State)"
"Census Tract","47093007100","TN","47093007100","=""47093007100""","1666.31","2019-2023","2022","Census","Tennessee (State)"
"Census Tract","47095960100","TN","47095960100","=""47095960100""","58.70","2019-2023","2022","Census","Tennessee (State)"
"Census Tract","47095960200","TN","47095960200","=""47095960200""","25.38","2019-2023","2022","Census","Tennessee (State)"
"Census Tract","47097050100","TN","47097050100","=""47097050100""","15.78","2019-2023","2022","Census","Tennessee (State)"
"Census Tract","47097050200","TN","47097050200","=""47097050200""","53.32","2019-2023","2022","Census","Tennessee (State)"
"Census Tract","47097050300","TN","47097050300","=""47097050300""","53.08","2019-2023","2022","Census","Tennessee (State)"
"Census Tract","47097050400","TN","47097050400","=""47097050400""","58.46","2019-2023","2022","Census","Tennessee (State)"
"Census Tract","47097050503","TN","47097050503","=""47097050503""","108.95","2019-2023","2022","Census","Tennessee (State)"
"Census Tract","47097050504","TN","47097050504","=""47097050504""","628.00","2019-2023","2022","Census","Tennessee (State)"
"Census Tract","47097050505","TN","47097050505","=""47097050505""","439.71","2019-2023","2022","Census","Tennessee (State)"
"Census Tract","47097050506","TN","47097050506","=""47097050506""","91.97","2019-2023","2022","Census","Tennessee (State)"
"Census Tract","47097050600","TN","47097050600","=""47097050600""","42.23","2019-2023","2022","Census","Tennessee (State)"
"Census Tract","47099960100","TN","47099960100","=""47099960100""","81.48","2019-2023","2022","Census","Tennessee (State)"
"Census Tract","47099960200","TN","47099960200","=""47099960200""","27.19","2019-2023","2022","Census","Tennessee (State)"
"Census Tract","47099960300","TN","47099960300","=""47099960300""","74.25","2019-2023","2022","Census","Tennessee (State)"
"Census Tract","47099960401","TN","47099960401","=""47099960401""","305.92","2019-2023","2022","Census","Tennessee (State)"
"Census Tract","47099960402","TN","47099960402","=""47099960402""","218.70","2019-2023","2022","Census","Tennessee (State)"
"Census Tract","47099960501","TN","47099960501","=""47099960501""","307.05","2019-2023","2022","Census","Tennessee (State)"
"Census Tract","47099960502","TN","47099960502","=""47099960502""","75.88","2019-2023","2022","Census","Tennessee (State)"
"Census Tract","47099960600","TN","47099960600","=""47099960600""","23.39","2019-2023","2022","Census","Tennessee (State)"
"Census Tract","47099960700","TN","47099960700","=""47099960700""","68.07","2019-2023","2022","Census","Tennessee (State)"
"Census Tract","47099960800","TN","47099960800","=""47099960800""","60.84","2019-2023","2022","Census","Tennessee (State)"
"Census Tract","47099960900","TN","47099960900","=""47099960900""","34.15","2019-2023","2022","Census","Tennessee (State)"
"Census Tract","47101970100","TN","47101970100","=""47101970100""","23.98","2019-2023","2022","Census","Tennessee (State)"
"Census Tract","47101970200","TN","47101970200","=""47101970200""","94.59","2019-2023","2022","Census","Tennessee (State)"
"Census Tract","47103975000","TN","47103975000","=""47103975000""","19.50","2019-2023","2022","Census","Tennessee (State)"
"Census Tract","47103975100","TN","47103975100","=""47103975100""","28.74","2019-2023","2022","Census","Tennessee (State)"
"Census Tract","47103975200","TN","47103975200","=""47103975200""","20.92","2019-2023","2022","Census","Tennessee (State)"
"Census Tract","47103975300","TN","47103975300","=""47103975300""","185.91","2019-2023","2022","Census","Tennessee (State)"
"Census Tract","47103975400","TN","47103975400","=""47103975400""","117.10","2019-2023","2022","Census","Tennessee (State)"
"Census Tract","47103975500","TN","47103975500","=""47103975500""","52.41","2019-2023","2022","Census","Tennessee (State)"
"Census Tract","47103975601","TN","47103975601","=""47103975601""","235.10","2019-2023","2022","Census","Tennessee (State)"
"Census Tract","47103975602","TN","47103975602","=""47103975602""","125.83","2019-2023","2022","Census","Tennessee (State)"
"Census Tract","47103975700","TN","47103975700","=""47103975700""","43.05","2019-2023","2022","Census","Tennessee (State)"
"Census Tract","47105060100","TN","47105060100","=""47105060100""","163.82","2019-2023","2022","Census","Tennessee (State)"
"Census Tract","47105060201","TN","47105060201","=""47105060201""","437.91","2019-2023","2022","Census","Tennessee (State)"
"Census Tract","47105060203","TN","47105060203","=""47105060203""","2271.32","2019-2023","2022","Census","Tennessee (State)"
"Census Tract","47105060204","TN","47105060204","=""47105060204""","1381.20","2019-2023","2022","Census","Tennessee (State)"
"Census Tract","47105060301","TN","47105060301","=""47105060301""","551.48","2019-2023","2022","Census","Tennessee (State)"
"Census Tract","47105060303","TN","47105060303","=""47105060303""","766.13","2019-2023","2022","Census","Tennessee (State)"
"Census Tract","47105060304","TN","47105060304","=""47105060304""","261.94","2019-2023","2022","Census","Tennessee (State)"
"Census Tract","47105060400","TN","47105060400","=""47105060400""","126.11","2019-2023","2022","Census","Tennessee (State)"
"Census Tract","47105060502","TN","47105060502","=""47105060502""","195.22","2019-2023","2022","Census","Tennessee (State)"
"Census Tract","47105060503","TN","47105060503","=""47105060503""","259.63","2019-2023","2022","Census","Tennessee (State)"
"Census Tract","47105060504","TN","47105060504","=""47105060504""","517.81","2019-2023","2022","Census","Tennessee (State)"
"Census Tract","47105060505","TN","47105060505","=""47105060505""","900.51","2019-2023","2022","Census","Tennessee (State)"
"Census Tract","47105060600","TN","47105060600","=""47105060600""","326.68","2019-2023","2022","Census","Tennessee (State)"
"Census Tract","47105060700","TN","47105060700","=""47105060700""","49.51","2019-2023","2022","Census","Tennessee (State)"
"Census Tract","47107970102","TN","47107970102","=""47107970102""","135.57","2019-2023","2022","Census","Tennessee (State)"
"Census Tract","47107970103","TN","47107970103","=""47107970103""","69.71","2019-2023","2022","Census","Tennessee (State)"
"Census Tract","47107970104","TN","47107970104","=""47107970104""","64.89","2019-2023","2022","Census","Tennessee (State)"
"Census Tract","47107970201","TN","47107970201","=""47107970201""","346.98","2019-2023","2022","Census","Tennessee (State)"
"Census Tract","47107970202","TN","47107970202","=""47107970202""","693.63","2019-2023","2022","Census","Tennessee (State)"
"Census Tract","47107970300","TN","47107970300","=""47107970300""","1293.12","2019-2023","2022","Census","Tennessee (State)"
"Census Tract","47107970401","TN","47107970401","=""47107970401""","340.68","2019-2023","2022","Census","Tennessee (State)"
"Census Tract","47107970402","TN","47107970402","=""47107970402""","278.60","2019-2023","2022","Census","Tennessee (State)"
"Census Tract","47107970500","TN","47107970500","=""47107970500""","89.06","2019-2023","2022","Census","Tennessee (State)"
"Census Tract","47107970601","TN","47107970601","=""47107970601""","80.57","2019-2023","2022","Census","Tennessee (State)"
"Census Tract","47107970602","TN","47107970602","=""47107970602""","183.02","2019-2023","2022","Census","Tennessee (State)"
"Census Tract","47107970700","TN","47107970700","=""47107970700""","152.53","2019-2023","2022","Census","Tennessee (State)"
"Census Tract","47107970801","TN","47107970801","=""47107970801""","79.21","2019-2023","2022","Census","Tennessee (State)"
"Census Tract","47107970802","TN","47107970802","=""47107970802""","66.79","2019-2023","2022","Census","Tennessee (State)"
"Census Tract","47109930100","TN","47109930100","=""47109930100""","49.03","2019-2023","2022","Census","Tennessee (State)"
"Census Tract","47109930200","TN","47109930200","=""47109930200""","44.05","2019-2023","2022","Census","Tennessee (State)"
"Census Tract","47109930300","TN","47109930300","=""47109930300""","33.91","2019-2023","2022","Census","Tennessee (State)"
"Census Tract","47109930400","TN","47109930400","=""47109930400""","43.12","2019-2023","2022","Census","Tennessee (State)"
"Census Tract","47109930501","TN","47109930501","=""47109930501""","31.29","2019-2023","2022","Census","Tennessee (State)"
"Census Tract","47109930502","TN","47109930502","=""47109930502""","164.98","2019-2023","2022","Census","Tennessee (State)"
"Census Tract","47109930600","TN","47109930600","=""47109930600""","35.02","2019-2023","2022","Census","Tennessee (State)"
"Census Tract","47109930700","TN","47109930700","=""47109930700""","41.81","2019-2023","2022","Census","Tennessee (State)"
"Census Tract","47111970100","TN","47111970100","=""47111970100""","51.40","2019-2023","2022","Census","Tennessee (State)"
"Census Tract","47111970200","TN","47111970200","=""47111970200""","92.08","2019-2023","2022","Census","Tennessee (State)"
"Census Tract","47111970301","TN","47111970301","=""47111970301""","501.93","2019-2023","2022","Census","Tennessee (State)"
"Census Tract","47111970302","TN","47111970302","=""47111970302""","80.01","2019-2023","2022","Census","Tennessee (State)"
"Census Tract","47111970400","TN","47111970400","=""47111970400""","67.92","2019-2023","2022","Census","Tennessee (State)"
"Census Tract","47113000100","TN","47113000100","=""47113000100""","720.09","2019-2023","2022","Census","Tennessee (State)"
"Census Tract","47113000200","TN","47113000200","=""47113000200""","1545.74","2019-2023","2022","Census","Tennessee (State)"
"Census Tract","47113000300","TN","47113000300","=""47113000300""","1254.33","2019-2023","2022","Census","Tennessee (State)"
"Census Tract","47113000400","TN","47113000400","=""47113000400""","1862.55","2019-2023","2022","Census","Tennessee (State)"
"Census Tract","47113000500","TN","47113000500","=""47113000500""","2677.72","2019-2023","2022","Census","Tennessee (State)"
"Census Tract","47113000600","TN","47113000600","=""47113000600""","3520.61","2019-2023","2022","Census","Tennessee (State)"
"Census Tract","47113000700","TN","47113000700","=""47113000700""","3193.66","2019-2023","2022","Census","Tennessee (State)"
"Census Tract","47113000800","TN","47113000800","=""47113000800""","596.94","2019-2023","2022","Census","Tennessee (State)"
"Census Tract","47113000900","TN","47113000900","=""47113000900""","1958.53","2019-2023","2022","Census","Tennessee (State)"
"Census Tract","47113001000","TN","47113001000","=""47113001000""","1911.64","2019-2023","2022","Census","Tennessee (State)"
"Census Tract","47113001100","TN","47113001100","=""47113001100""","846.03","2019-2023","2022","Census","Tennessee (State)"
"Census Tract","47113001300","TN","47113001300","=""47113001300""","245.95","2019-2023","2022","Census","Tennessee (State)"
"Census Tract","47113001401","TN","47113001401","=""47113001401""","69.36","2019-2023","2022","Census","Tennessee (State)"
"Census Tract","47113001402","TN","47113001402","=""47113001402""","123.24","2019-2023","2022","Census","Tennessee (State)"
"Census Tract","47113001501","TN","47113001501","=""47113001501""","410.89","2019-2023","2022","Census","Tennessee (State)"
"Census Tract","47113001502","TN","47113001502","=""47113001502""","57.11","2019-2023","2022","Census","Tennessee (State)"
"Census Tract","47113001603","TN","47113001603","=""47113001603""","1996.33","2019-2023","2022","Census","Tennessee (State)"
"Census Tract","47113001604","TN","47113001604","=""47113001604""","1418.18","2019-2023","2022","Census","Tennessee (State)"
"Census Tract","47113001605","TN","47113001605","=""47113001605""","984.13","2019-2023","2022","Census","Tennessee (State)"
"Census Tract","47113001607","TN","47113001607","=""47113001607""","710.98","2019-2023","2022","Census","Tennessee (State)"
"Census Tract","47113001608","TN","47113001608","=""47113001608""","137.15","2019-2023","2022","Census","Tennessee (State)"
"Census Tract","47113001609","TN","47113001609","=""47113001609""","50.98","2019-2023","2022","Census","Tennessee (State)"
"Census Tract","47113001610","TN","47113001610","=""47113001610""","676.85","2019-2023","2022","Census","Tennessee (State)"
"Census Tract","47113001611","TN","47113001611","=""47113001611""","560.34","2019-2023","2022","Census","Tennessee (State)"
"Census Tract","47113001612","TN","47113001612","=""47113001612""","2505.71","2019-2023","2022","Census","Tennessee (State)"
"Census Tract","47113001700","TN","47113001700","=""47113001700""","20.58","2019-2023","2022","Census","Tennessee (State)"
"Census Tract","47113001800","TN","47113001800","=""47113001800""","31.72","2019-2023","2022","Census","Tennessee (State)"
"Census Tract","47113001900","TN","47113001900","=""47113001900""","53.07","2019-2023","2022","Census","Tennessee (State)"
"Census Tract","47115050101","TN","47115050101","=""47115050101""","43.18","2019-2023","2022","Census","Tennessee (State)"
"Census Tract","47115050102","TN","47115050102","=""47115050102""","70.57","2019-2023","2022","Census","Tennessee (State)"
"Census Tract","47115050201","TN","47115050201","=""47115050201""","65.28","2019-2023","2022","Census","Tennessee (State)"
"Census Tract","47115050203","TN","47115050203","=""47115050203""","31.88","2019-2023","2022","Census","Tennessee (State)"
"Census Tract","47115050204","TN","47115050204","=""47115050204""","183.55","2019-2023","2022","Census","Tennessee (State)"
"Census Tract","47115050301","TN","47115050301","=""47115050301""","197.14","2019-2023","2022","Census","Tennessee (State)"
"Census Tract","47115050302","TN","47115050302","=""47115050302""","25.82","2019-2023","2022","Census","Tennessee (State)"
"Census Tract","47117955000","TN","47117955000","=""47117955000""","120.93","2019-2023","2022","Census","Tennessee (State)"
"Census Tract","47117955100","TN","47117955100","=""47117955100""","63.95","2019-2023","2022","Census","Tennessee (State)"
"Census Tract","47117955200","TN","47117955200","=""47117955200""","93.20","2019-2023","2022","Census","Tennessee (State)"
"Census Tract","47117955300","TN","47117955300","=""47117955300""","1997.82","2019-2023","2022","Census","Tennessee (State)"
"Census Tract","47117955400","TN","47117955400","=""47117955400""","1281.92","2019-2023","2022","Census","Tennessee (State)"
"Census Tract","47117955500","TN","47117955500","=""47117955500""","36.26","2019-2023","2022","Census","Tennessee (State)"
"Census Tract","47119010100","TN","47119010100","=""47119010100""","32.68","2019-2023","2022","Census","Tennessee (State)"
"Census Tract","47119010201","TN","47119010201","=""47119010201""","219.34","2019-2023","2022","Census","Tennessee (State)"
"Census Tract","47119010203","TN","47119010203","=""47119010203""","550.10","2019-2023","2022","Census","Tennessee (State)"
"Census Tract","47119010204","TN","47119010204","=""47119010204""","1671.47","2019-2023","2022","Census","Tennessee (State)"
"Census Tract","47119010205","TN","47119010205","=""47119010205""","91.41","2019-2023","2022","Census","Tennessee (State)"
"Census Tract","47119010301","TN","47119010301","=""47119010301""","258.29","2019-2023","2022","Census","Tennessee (State)"
"Census Tract","47119010302","TN","47119010302","=""47119010302""","105.14","2019-2023","2022","Census","Tennessee (State)"
"Census Tract","47119010401","TN","47119010401","=""47119010401""","1340.46","2019-2023","2022","Census","Tennessee (State)"
"Census Tract","47119010402","TN","47119010402","=""47119010402""","251.78","2019-2023","2022","Census","Tennessee (State)"
"Census Tract","47119010500","TN","47119010500","=""47119010500""","422.54","2019-2023","2022","Census","Tennessee (State)"
"Census Tract","47119010600","TN","47119010600","=""47119010600""","1804.45","2019-2023","2022","Census","Tennessee (State)"
"Census Tract","47119010700","TN","47119010700","=""47119010700""","3013.19","2019-2023","2022","Census","Tennessee (State)"
"Census Tract","47119010801","TN","47119010801","=""47119010801""","1191.50","2019-2023","2022","Census","Tennessee (State)"
"Census Tract","47119010802","TN","47119010802","=""47119010802""","504.57","2019-2023","2022","Census","Tennessee (State)"
"Census Tract","47119010900","TN","47119010900","=""47119010900""","40.69","2019-2023","2022","Census","Tennessee (State)"
"Census Tract","47119011001","TN","47119011001","=""47119011001""","73.48","2019-2023","2022","Census","Tennessee (State)"
"Census Tract","47119011003","TN","47119011003","=""47119011003""","75.32","2019-2023","2022","Census","Tennessee (State)"
"Census Tract","47119011004","TN","47119011004","=""47119011004""","224.87","2019-2023","2022","Census","Tennessee (State)"
"Census Tract","47119011101","TN","47119011101","=""47119011101""","299.73","2019-2023","2022","Census","Tennessee (State)"
"Census Tract","47119011102","TN","47119011102","=""47119011102""","184.43","2019-2023","2022","Census","Tennessee (State)"
"Census Tract","47119011200","TN","47119011200","=""47119011200""","52.30","2019-2023","2022","Census","Tennessee (State)"
"Census Tract","47121960100","TN","47121960100","=""47121960100""","52.90","2019-2023","2022","Census","Tennessee (State)"
"Census Tract","47121960200","TN","47121960200","=""47121960200""","78.37","2019-2023","2022","Census","Tennessee (State)"
"Census Tract","47121960300","TN","47121960300","=""47121960300""","69.02","2019-2023","2022","Census","Tennessee (State)"
"Census Tract","47123925001","TN","47123925001","=""47123925001""","34.99","2019-2023","2022","Census","Tennessee (State)"
"Census Tract","47123925002","TN","47123925002","=""47123925002""","148.19","2019-2023","2022","Census","Tennessee (State)"
"Census Tract","47123925101","TN","47123925101","=""47123925101""","199.16","2019-2023","2022","Census","Tennessee (State)"
"Census Tract","47123925102","TN","47123925102","=""47123925102""","138.88","2019-2023","2022","Census","Tennessee (State)"
"Census Tract","47123925200","TN","47123925200","=""47123925200""","236.54","2019-2023","2022","Census","Tennessee (State)"
"Census Tract","47123925301","TN","47123925301","=""47123925301""","209.99","2019-2023","2022","Census","Tennessee (State)"
"Census Tract","47123925302","TN","47123925302","=""47123925302""","147.96","2019-2023","2022","Census","Tennessee (State)"
"Census Tract","47123925401","TN","47123925401","=""47123925401""","108.83","2019-2023","2022","Census","Tennessee (State)"
"Census Tract","47123925402","TN","47123925402","=""47123925402""","183.54","2019-2023","2022","Census","Tennessee (State)"
"Census Tract","47123925501","TN","47123925501","=""47123925501""","33.90","2019-2023","2022","Census","Tennessee (State)"
"Census Tract","47123925503","TN","47123925503","=""47123925503""","48.49","2019-2023","2022","Census","Tennessee (State)"
"Census Tract","47123925504","TN","47123925504","=""47123925504""","16.05","2019-2023","2022","Census","Tennessee (State)"
"Census Tract","47125100100","TN","47125100100","=""47125100100""","3095.74","2019-2023","2022","Census","Tennessee (State)"
"Census Tract","47125100200","TN","47125100200","=""47125100200""","1718.70","2019-2023","2022","Census","Tennessee (State)"
"Census Tract","47125100300","TN","47125100300","=""47125100300""","1636.80","2019-2023","2022","Census","Tennessee (State)"
"Census Tract","47125100500","TN","47125100500","=""47125100500""","1553.91","2019-2023","2022","Census","Tennessee (State)"
"Census Tract","47125100601","TN","47125100601","=""47125100601""","840.84","2019-2023","2022","Census","Tennessee (State)"
"Census Tract","47125100602","TN","47125100602","=""47125100602""","3053.30","2019-2023","2022","Census","Tennessee (State)"
"Census Tract","47125100800","TN","47125100800","=""47125100800""","2472.26","2019-2023","2022","Census","Tennessee (State)"
"Census Tract","47125100900","TN","47125100900","=""47125100900""","877.43","2019-2023","2022","Census","Tennessee (State)"
"Census Tract","47125101001","TN","47125101001","=""47125101001""","2545.12","2019-2023","2022","Census","Tennessee (State)"
"Census Tract","47125101002","TN","47125101002","=""47125101002""","1398.34","2019-2023","2022","Census","Tennessee (State)"
"Census Tract","47125101101","TN","47125101101","=""47125101101""","3322.58","2019-2023","2022","Census","Tennessee (State)"
"Census Tract","47125101102","TN","47125101102","=""47125101102""","1901.17","2019-2023","2022","Census","Tennessee (State)"
"Census Tract","47125101103","TN","47125101103","=""47125101103""","493.43","2019-2023","2022","Census","Tennessee (State)"
"Census Tract","47125101201","TN","47125101201","=""47125101201""","2415.82","2019-2023","2022","Census","Tennessee (State)"
"Census Tract","47125101202","TN","47125101202","=""47125101202""","1559.42","2019-2023","2022","Census","Tennessee (State)"
"Census Tract","47125101304","TN","47125101304","=""47125101304""","2214.03","2019-2023","2022","Census","Tennessee (State)"
"Census Tract","47125101305","TN","47125101305","=""47125101305""","1232.64","2019-2023","2022","Census","Tennessee (State)"
"Census Tract","47125101306","TN","47125101306","=""47125101306""","2040.69","2019-2023","2022","Census","Tennessee (State)"
"Census Tract","47125101307","TN","47125101307","=""47125101307""","4438.33","2019-2023","2022","Census","Tennessee (State)"
"Census Tract","47125101308","TN","47125101308","=""47125101308""","4529.01","2019-2023","2022","Census","Tennessee (State)"
"Census Tract","47125101309","TN","47125101309","=""47125101309""","3713.08","2019-2023","2022","Census","Tennessee (State)"
"Census Tract","47125101400","TN","47125101400","=""47125101400""","1049.60","2019-2023","2022","Census","Tennessee (State)"
"Census Tract","47125101501","TN","47125101501","=""47125101501""","194.95","2019-2023","2022","Census","Tennessee (State)"
"Census Tract","47125101502","TN","47125101502","=""47125101502""","79.78","2019-2023","2022","Census","Tennessee (State)"
"Census Tract","47125101600","TN","47125101600","=""47125101600""","175.10","2019-2023","2022","Census","Tennessee (State)"
"Census Tract","47125101701","TN","47125101701","=""47125101701""","45.09","2019-2023","2022","Census","Tennessee (State)"
"Census Tract","47125101702","TN","47125101702","=""47125101702""","83.56","2019-2023","2022","Census","Tennessee (State)"
"Census Tract","47125101803","TN","47125101803","=""47125101803""","974.56","2019-2023","2022","Census","Tennessee (State)"
"Census Tract","47125101805","TN","47125101805","=""47125101805""","374.26","2019-2023","2022","Census","Tennessee (State)"
"Census Tract","47125101806","TN","47125101806","=""47125101806""","190.34","2019-2023","2022","Census","Tennessee (State)"
"Census Tract","47125101807","TN","47125101807","=""47125101807""","182.29","2019-2023","2022","Census","Tennessee (State)"
"Census Tract","47125101808","TN","47125101808","=""47125101808""","722.16","2019-2023","2022","Census","Tennessee (State)"
"Census Tract","47125101902","TN","47125101902","=""47125101902""","870.45","2019-2023","2022","Census","Tennessee (State)"
"Census Tract","47125101904","TN","47125101904","=""47125101904""","188.08","2019-2023","2022","Census","Tennessee (State)"
"Census Tract","47125101905","TN","47125101905","=""47125101905""","1288.06","2019-2023","2022","Census","Tennessee (State)"
"Census Tract","47125101906","TN","47125101906","=""47125101906""","1288.67","2019-2023","2022","Census","Tennessee (State)"
"Census Tract","47125102001","TN","47125102001","=""47125102001""","1274.31","2019-2023","2022","Census","Tennessee (State)"
"Census Tract","47125102003","TN","47125102003","=""47125102003""","2780.66","2019-2023","2022","Census","Tennessee (State)"
"Census Tract","47125102004","TN","47125102004","=""47125102004""","3141.62","2019-2023","2022","Census","Tennessee (State)"
"Census Tract","47125102005","TN","47125102005","=""47125102005""","1523.73","2019-2023","2022","Census","Tennessee (State)"
"Census Tract","47125102007","TN","47125102007","=""47125102007""","923.84","2019-2023","2022","Census","Tennessee (State)"
"Census Tract","47125102008","TN","47125102008","=""47125102008""","1989.33","2019-2023","2022","Census","Tennessee (State)"
"Census Tract","47125102009","TN","47125102009","=""47125102009""","3239.87","2019-2023","2022","Census","Tennessee (State)"
"Census Tract","47125102010","TN","47125102010","=""47125102010""","634.30","2019-2023","2022","Census","Tennessee (State)"
"Census Tract","47125102100","TN","47125102100","=""47125102100""","2090.34","2019-2023","2022","Census","Tennessee (State)"
"Census Tract","47125980100","TN","47125980100","=""47125980100""","4.94","2019-2023","2022","Census","Tennessee (State)"
"Census Tract","47127930100","TN","47127930100","=""47127930100""","58.31","2019-2023","2022","Census","Tennessee (State)"
"Census Tract","47127930200","TN","47127930200","=""47127930200""","41.98","2019-2023","2022","Census","Tennessee (State)"
"Census Tract","47129110100","TN","47129110100","=""47129110100""","23.37","2019-2023","2022","Census","Tennessee (State)"
"Census Tract","47129110200","TN","47129110200","=""47129110200""","25.73","2019-2023","2022","Census","Tennessee (State)"
"Census Tract","47129110300","TN","47129110300","=""47129110300""","89.61","2019-2023","2022","Census","Tennessee (State)"
"Census Tract","47129110400","TN","47129110400","=""47129110400""","70.44","2019-2023","2022","Census","Tennessee (State)"
"Census Tract","47129110500","TN","47129110500","=""47129110500""","40.11","2019-2023","2022","Census","Tennessee (State)"
"Census Tract","47131965000","TN","47131965000","=""47131965000""","77.53","2019-2023","2022","Census","Tennessee (State)"
"Census Tract","47131965100","TN","47131965100","=""47131965100""","55.47","2019-2023","2022","Census","Tennessee (State)"
"Census Tract","47131965200","TN","47131965200","=""47131965200""","27.82","2019-2023","2022","Census","Tennessee (State)"
"Census Tract","47131965300","TN","47131965300","=""47131965300""","25.90","2019-2023","2022","Census","Tennessee (State)"
"Census Tract","47131965400","TN","47131965400","=""47131965400""","57.02","2019-2023","2022","Census","Tennessee (State)"
"Census Tract","47131965500","TN","47131965500","=""47131965500""","176.70","2019-2023","2022","Census","Tennessee (State)"
"Census Tract","47131965600","TN","47131965600","=""47131965600""","531.33","2019-2023","2022","Census","Tennessee (State)"
"Census Tract","47131965700","TN","47131965700","=""47131965700""","711.98","2019-2023","2022","Census","Tennessee (State)"
"Census Tract","47131965800","TN","47131965800","=""47131965800""","20.29","2019-2023","2022","Census","Tennessee (State)"
"Census Tract","47131965900","TN","47131965900","=""47131965900""","23.23","2019-2023","2022","Census","Tennessee (State)"
"Census Tract","47133950100","TN","47133950100","=""47133950100""","18.02","2019-2023","2022","Census","Tennessee (State)"
"Census Tract","47133950200","TN","47133950200","=""47133950200""","39.09","2019-2023","2022","Census","Tennessee (State)"
"Census Tract","47133950301","TN","47133950301","=""47133950301""","160.48","2019-2023","2022","Census","Tennessee (State)"
"Census Tract","47133950302","TN","47133950302","=""47133950302""","70.41","2019-2023","2022","Census","Tennessee (State)"
"Census Tract","47133950400","TN","47133950400","=""47133950400""","40.99","2019-2023","2022","Census","Tennessee (State)"
"Census Tract","47133950501","TN","47133950501","=""47133950501""","103.77","2019-2023","2022","Census","Tennessee (State)"
"Census Tract","47133950502","TN","47133950502","=""47133950502""","77.58","2019-2023","2022","Census","Tennessee (State)"
"Census Tract","47133950600","TN","47133950600","=""47133950600""","24.77","2019-2023","2022","Census","Tennessee (State)"
"Census Tract","47135930100","TN","47135930100","=""47135930100""","22.92","2019-2023","2022","Census","Tennessee (State)"
"Census Tract","47135930201","TN","47135930201","=""47135930201""","35.36","2019-2023","2022","Census","Tennessee (State)"
"Census Tract","47135930202","TN","47135930202","=""47135930202""","12.42","2019-2023","2022","Census","Tennessee (State)"
"Census Tract","47137925101","TN","47137925101","=""47137925101""","29.42","2019-2023","2022","Census","Tennessee (State)"
"Census Tract","47137925102","TN","47137925102","=""47137925102""","32.95","2019-2023","2022","Census","Tennessee (State)"
"Census Tract","47139950100","TN","47139950100","=""47139950100""","26.64","2019-2023","2022","Census","Tennessee (State)"
"Census Tract","47139950201","TN","47139950201","=""47139950201""","32.88","2019-2023","2022","Census","Tennessee (State)"
"Census Tract","47139950203","TN","47139950203","=""47139950203""","178.06","2019-2023","2022","Census","Tennessee (State)"
"Census Tract","47139950204","TN","47139950204","=""47139950204""","31.04","2019-2023","2022","Census","Tennessee (State)"
"Census Tract","47139950300","TN","47139950300","=""47139950300""","41.98","2019-2023","2022","Census","Tennessee (State)"
"Census Tract","47139950400","TN","47139950400","=""47139950400""","40.17","2019-2023","2022","Census","Tennessee (State)"
"Census Tract","47141000100","TN","47141000100","=""47141000100""","58.87","2019-2023","2022","Census","Tennessee (State)"
"Census Tract","47141000201","TN","47141000201","=""47141000201""","357.62","2019-2023","2022","Census","Tennessee (State)"
"Census Tract","47141000202","TN","47141000202","=""47141000202""","195.83","2019-2023","2022","Census","Tennessee (State)"
"Census Tract","47141000301","TN","47141000301","=""47141000301""","225.72","2019-2023","2022","Census","Tennessee (State)"
"Census Tract","47141000303","TN","47141000303","=""47141000303""","748.23","2019-2023","2022","Census","Tennessee (State)"
"Census Tract","47141000304","TN","47141000304","=""47141000304""","2749.22","2019-2023","2022","Census","Tennessee (State)"
"Census Tract","47141000305","TN","47141000305","=""47141000305""","1245.29","2019-2023","2022","Census","Tennessee (State)"
"Census Tract","47141000400","TN","47141000400","=""47141000400""","1740.95","2019-2023","2022","Census","Tennessee (State)"
"Census Tract","47141000500","TN","47141000500","=""47141000500""","1697.93","2019-2023","2022","Census","Tennessee (State)"
"Census Tract","47141000600","TN","47141000600","=""47141000600""","1019.55","2019-2023","2022","Census","Tennessee (State)"
"Census Tract","47141000700","TN","47141000700","=""47141000700""","1023.72","2019-2023","2022","Census","Tennessee (State)"
"Census Tract","47141000800","TN","47141000800","=""47141000800""","3777.44","2019-2023","2022","Census","Tennessee (State)"
"Census Tract","47141000900","TN","47141000900","=""47141000900""","376.98","2019-2023","2022","Census","Tennessee (State)"
"Census Tract","47141001000","TN","47141001000","=""47141001000""","54.00","2019-2023","2022","Census","Tennessee (State)"
"Census Tract","47141001100","TN","47141001100","=""47141001100""","135.03","2019-2023","2022","Census","Tennessee (State)"
"Census Tract","47141001201","TN","47141001201","=""47141001201""","411.68","2019-2023","2022","Census","Tennessee (State)"
"Census Tract","47141001202","TN","47141001202","=""47141001202""","165.98","2019-2023","2022","Census","Tennessee (State)"
"Census Tract","47141001300","TN","47141001300","=""47141001300""","59.49","2019-2023","2022","Census","Tennessee (State)"
"Census Tract","47143975000","TN","47143975000","=""47143975000""","67.10","2019-2023","2022","Census","Tennessee (State)"
"Census Tract","47143975100","TN","47143975100","=""47143975100""","64.31","2019-2023","2022","Census","Tennessee (State)"
"Census Tract","47143975200","TN","47143975200","=""47143975200""","68.33","2019-2023","2022","Census","Tennessee (State)"
"Census Tract","47143975300","TN","47143975300","=""47143975300""","134.62","2019-2023","2022","Census","Tennessee (State)"
"Census Tract","47143975401","TN","47143975401","=""47143975401""","536.35","2019-2023","2022","Census","Tennessee (State)"
"Census Tract","47143975402","TN","47143975402","=""47143975402""","321.96","2019-2023","2022","Census","Tennessee (State)"
"Census Tract","47145030100","TN","47145030100","=""47145030100""","528.71","2019-2023","2022","Census","Tennessee (State)"
"Census Tract","47145030203","TN","47145030203","=""47145030203""","406.40","2019-2023","2022","Census","Tennessee (State)"
"Census Tract","47145030204","TN","47145030204","=""47145030204""","905.34","2019-2023","2022","Census","Tennessee (State)"
"Census Tract","47145030205","TN","47145030205","=""47145030205""","111.20","2019-2023","2022","Census","Tennessee (State)"
"Census Tract","47145030206","TN","47145030206","=""47145030206""","134.01","2019-2023","2022","Census","Tennessee (State)"
"Census Tract","47145030301","TN","47145030301","=""47145030301""","107.69","2019-2023","2022","Census","Tennessee (State)"
"Census Tract","47145030302","TN","47145030302","=""47145030302""","46.60","2019-2023","2022","Census","Tennessee (State)"
"Census Tract","47145030401","TN","47145030401","=""47145030401""","139.39","2019-2023","2022","Census","Tennessee (State)"
"Census Tract","47145030402","TN","47145030402","=""47145030402""","209.51","2019-2023","2022","Census","Tennessee (State)"
"Census Tract","47145030500","TN","47145030500","=""47145030500""","148.00","2019-2023","2022","Census","Tennessee (State)"
"Census Tract","47145030600","TN","47145030600","=""47145030600""","251.92","2019-2023","2022","Census","Tennessee (State)"
"Census Tract","47145030700","TN","47145030700","=""47145030700""","212.46","2019-2023","2022","Census","Tennessee (State)"
"Census Tract","47145030801","TN","47145030801","=""47145030801""","698.38","2019-2023","2022","Census","Tennessee (State)"
"Census Tract","47145030802","TN","47145030802","=""47145030802""","414.33","2019-2023","2022","Census","Tennessee (State)"
"Census Tract","47145030900","TN","47145030900","=""47145030900""","153.18","2019-2023","2022","Census","Tennessee (State)"
"Census Tract","47145980100","TN","47145980100","=""47145980100""","0.00","2019-2023","2022","Census","Tennessee (State)"
"Census Tract","47147080101","TN","47147080101","=""47147080101""","65.93","2019-2023","2022","Census","Tennessee (State)"
"Census Tract","47147080103","TN","47147080103","=""47147080103""","646.19","2019-2023","2022","Census","Tennessee (State)"
"Census Tract","47147080104","TN","47147080104","=""47147080104""","163.96","2019-2023","2022","Census","Tennessee (State)"
"Census Tract","47147080200","TN","47147080200","=""47147080200""","44.61","2019-2023","2022","Census","Tennessee (State)"
"Census Tract","47147080301","TN","47147080301","=""47147080301""","535.35","2019-2023","2022","Census","Tennessee (State)"
"Census Tract","47147080302","TN","47147080302","=""47147080302""","2137.01","2019-2023","2022","Census","Tennessee (State)"
"Census Tract","47147080401","TN","47147080401","=""47147080401""","1617.27","2019-2023","2022","Census","Tennessee (State)"
"Census Tract","47147080402","TN","47147080402","=""47147080402""","1344.88","2019-2023","2022","Census","Tennessee (State)"
"Census Tract","47147080500","TN","47147080500","=""47147080500""","130.50","2019-2023","2022","Census","Tennessee (State)"
"Census Tract","47147080603","TN","47147080603","=""47147080603""","152.68","2019-2023","2022","Census","Tennessee (State)"
"Census Tract","47147080604","TN","47147080604","=""47147080604""","316.62","2019-2023","2022","Census","Tennessee (State)"
"Census Tract","47147080605","TN","47147080605","=""47147080605""","361.44","2019-2023","2022","Census","Tennessee (State)"
"Census Tract","47147080606","TN","47147080606","=""47147080606""","435.21","2019-2023","2022","Census","Tennessee (State)"
"Census Tract","47147080701","TN","47147080701","=""47147080701""","65.05","2019-2023","2022","Census","Tennessee (State)"
"Census Tract","47147080702","TN","47147080702","=""47147080702""","129.54","2019-2023","2022","Census","Tennessee (State)"
"Census Tract","47149040101","TN","47149040101","=""47149040101""","806.33","2019-2023","2022","Census","Tennessee (State)"
"Census Tract","47149040102","TN","47149040102","=""47149040102""","1304.52","2019-2023","2022","Census","Tennessee (State)"
"Census Tract","47149040104","TN","47149040104","=""47149040104""","2945.06","2019-2023","2022","Census","Tennessee (State)"
"Census Tract","47149040105","TN","47149040105","=""47149040105""","2195.35","2019-2023","2022","Census","Tennessee (State)"
"Census Tract","47149040106","TN","47149040106","=""47149040106""","6867.87","2019-2023","2022","Census","Tennessee (State)"
"Census Tract","47149040107","TN","47149040107","=""47149040107""","4343.33","2019-2023","2022","Census","Tennessee (State)"
"Census Tract","47149040200","TN","47149040200","=""47149040200""","971.63","2019-2023","2022","Census","Tennessee (State)"
"Census Tract","47149040303","TN","47149040303","=""47149040303""","2716.54","2019-2023","2022","Census","Tennessee (State)"
"Census Tract","47149040304","TN","47149040304","=""47149040304""","3618.70","2019-2023","2022","Census","Tennessee (State)"
"Census Tract","47149040305","TN","47149040305","=""47149040305""","3309.99","2019-2023","2022","Census","Tennessee (State)"
"Census Tract","47149040307","TN","47149040307","=""47149040307""","1299.94","2019-2023","2022","Census","Tennessee (State)"
"Census Tract","47149040308","TN","47149040308","=""47149040308""","3309.41","2019-2023","2022","Census","Tennessee (State)"
"Census Tract","47149040309","TN","47149040309","=""47149040309""","896.85","2019-2023","2022","Census","Tennessee (State)"
"Census Tract","47149040310","TN","47149040310","=""47149040310""","1509.47","2019-2023","2022","Census","Tennessee (State)"
"Census Tract","47149040311","TN","47149040311","=""47149040311""","3235.82","2019-2023","2022","Census","Tennessee (State)"
"Census Tract","47149040312","TN","47149040312","=""47149040312""","1812.26","2019-2023","2022","Census","Tennessee (State)"
"Census Tract","47149040404","TN","47149040404","=""47149040404""","1208.88","2019-2023","2022","Census","Tennessee (State)"
"Census Tract","47149040405","TN","47149040405","=""47149040405""","1642.93","2019-2023","2022","Census","Tennessee (State)"
"Census Tract","47149040501","TN","47149040501","=""47149040501""","316.12","2019-2023","2022","Census","Tennessee (State)"
"Census Tract","47149040502","TN","47149040502","=""47149040502""","110.21","2019-2023","2022","Census","Tennessee (State)"
"Census Tract","47149040600","TN","47149040600","=""47149040600""","65.11","2019-2023","2022","Census","Tennessee (State)"
"Census Tract","47149040702","TN","47149040702","=""47149040702""","154.31","2019-2023","2022","Census","Tennessee (State)"
"Census Tract","47149040703","TN","47149040703","=""47149040703""","661.79","2019-2023","2022","Census","Tennessee (State)"
"Census Tract","47149040704","TN","47149040704","=""47149040704""","170.06","2019-2023","2022","Census","Tennessee (State)"
"Census Tract","47149040806","TN","47149040806","=""47149040806""","611.91","2019-2023","2022","Census","Tennessee (State)"
"Census Tract","47149040807","TN","47149040807","=""47149040807""","390.09","2019-2023","2022","Census","Tennessee (State)"
"Census Tract","47149040808","TN","47149040808","=""47149040808""","448.44","2019-2023","2022","Census","Tennessee (State)"
"Census Tract","47149040809","TN","47149040809","=""47149040809""","124.41","2019-2023","2022","Census","Tennessee (State)"
"Census Tract","47149040810","TN","47149040810","=""47149040810""","71.95","2019-2023","2022","Census","Tennessee (State)"
"Census Tract","47149040811","TN","47149040811","=""47149040811""","734.91","2019-2023","2022","Census","Tennessee (State)"
"Census Tract","47149040812","TN","47149040812","=""47149040812""","1195.77","2019-2023","2022","Census","Tennessee (State)"
"Census Tract","47149040901","TN","47149040901","=""47149040901""","641.96","2019-2023","2022","Census","Tennessee (State)"
"Census Tract","47149040904","TN","47149040904","=""47149040904""","3173.22","2019-2023","2022","Census","Tennessee (State)"
"Census Tract","47149040906","TN","47149040906","=""47149040906""","4178.43","2019-2023","2022","Census","Tennessee (State)"
"Census Tract","47149040907","TN","47149040907","=""47149040907""","2824.97","2019-2023","2022","Census","Tennessee (State)"
"Census Tract","47149040908","TN","47149040908","=""47149040908""","6789.47","2019-2023","2022","Census","Tennessee (State)"
"Census Tract","47149040909","TN","47149040909","=""47149040909""","4068.88","2019-2023","2022","Census","Tennessee (State)"
"Census Tract","47149040910","TN","47149040910","=""47149040910""","2786.91","2019-2023","2022","Census","Tennessee (State)"
"Census Tract","47149040911","TN","47149040911","=""47149040911""","1898.50","2019-2023","2022","Census","Tennessee (State)"
"Census Tract","47149041000","TN","47149041000","=""47149041000""","455.60","2019-2023","2022","Census","Tennessee (State)"
"Census Tract","47149041102","TN","47149041102","=""47149041102""","210.66","2019-2023","2022","Census","Tennessee (State)"
"Census Tract","47149041103","TN","47149041103","=""47149041103""","1656.88","2019-2023","2022","Census","Tennessee (State)"
"Census Tract","47149041104","TN","47149041104","=""47149041104""","878.91","2019-2023","2022","Census","Tennessee (State)"
"Census Tract","47149041201","TN","47149041201","=""47149041201""","773.09","2019-2023","2022","Census","Tennessee (State)"
"Census Tract","47149041202","TN","47149041202","=""47149041202""","474.64","2019-2023","2022","Census","Tennessee (State)"
"Census Tract","47149041301","TN","47149041301","=""47149041301""","2133.57","2019-2023","2022","Census","Tennessee (State)"
"Census Tract","47149041302","TN","47149041302","=""47149041302""","1927.09","2019-2023","2022","Census","Tennessee (State)"
"Census Tract","47149041401","TN","47149041401","=""47149041401""","2532.50","2019-2023","2022","Census","Tennessee (State)"
"Census Tract","47149041404","TN","47149041404","=""47149041404""","5592.51","2019-2023","2022","Census","Tennessee (State)"
"Census Tract","47149041405","TN","47149041405","=""47149041405""","9859.63","2019-2023","2022","Census","Tennessee (State)"
"Census Tract","47149041406","TN","47149041406","=""47149041406""","5744.27","2019-2023","2022","Census","Tennessee (State)"
"Census Tract","47149041407","TN","47149041407","=""47149041407""","2932.97","2019-2023","2022","Census","Tennessee (State)"
"Census Tract","47149041500","TN","47149041500","=""47149041500""","3836.52","2019-2023","2022","Census","Tennessee (State)"
"Census Tract","47149041601","TN","47149041601","=""47149041601""","3728.90","2019-2023","2022","Census","Tennessee (State)"
"Census Tract","47149041602","TN","47149041602","=""47149041602""","3362.41","2019-2023","2022","Census","Tennessee (State)"
"Census Tract","47149041700","TN","47149041700","=""47149041700""","3372.49","2019-2023","2022","Census","Tennessee (State)"
"Census Tract","47149041800","TN","47149041800","=""47149041800""","717.65","2019-2023","2022","Census","Tennessee (State)"
"Census Tract","47149041900","TN","47149041900","=""47149041900""","4939.74","2019-2023","2022","Census","Tennessee (State)"
"Census Tract","47149042000","TN","47149042000","=""47149042000""","2103.90","2019-2023","2022","Census","Tennessee (State)"
"Census Tract","47149042101","TN","47149042101","=""47149042101""","2381.76","2019-2023","2022","Census","Tennessee (State)"
"Census Tract","47149042102","TN","47149042102","=""47149042102""","3382.90","2019-2023","2022","Census","Tennessee (State)"
"Census Tract","47149042200","TN","47149042200","=""47149042200""","731.51","2019-2023","2022","Census","Tennessee (State)"
"Census Tract","47149042301","TN","47149042301","=""47149042301""","1163.48","2019-2023","2022","Census","Tennessee (State)"
"Census Tract","47149042302","TN","47149042302","=""47149042302""","1210.70","2019-2023","2022","Census","Tennessee (State)"
"Census Tract","47151975000","TN","47151975000","=""47151975000""","31.71","2019-2023","2022","Census","Tennessee (State)"
"Census Tract","47151975101","TN","47151975101","=""47151975101""","198.71","2019-2023","2022","Census","Tennessee (State)"
"Census Tract","47151975102","TN","47151975102","=""47151975102""","38.62","2019-2023","2022","Census","Tennessee (State)"
"Census Tract","47151975200","TN","47151975200","=""47151975200""","114.30","2019-2023","2022","Census","Tennessee (State)"
"Census Tract","47151975300","TN","47151975300","=""47151975300""","21.96","2019-2023","2022","Census","Tennessee (State)"
"Census Tract","47151975400","TN","47151975400","=""47151975400""","23.41","2019-2023","2022","Census","Tennessee (State)"
"Census Tract","47153060102","TN","47153060102","=""47153060102""","21.60","2019-2023","2022","Census","Tennessee (State)"
"Census Tract","47153060103","TN","47153060103","=""47153060103""","279.41","2019-2023","2022","Census","Tennessee (State)"
"Census Tract","47153060104","TN","47153060104","=""47153060104""","210.94","2019-2023","2022","Census","Tennessee (State)"
"Census Tract","47153060200","TN","47153060200","=""47153060200""","42.60","2019-2023","2022","Census","Tennessee (State)"
"Census Tract","47155080101","TN","47155080101","=""47155080101""","274.40","2019-2023","2022","Census","Tennessee (State)"
"Census Tract","47155080103","TN","47155080103","=""47155080103""","407.55","2019-2023","2022","Census","Tennessee (State)"
"Census Tract","47155080104","TN","47155080104","=""47155080104""","393.14","2019-2023","2022","Census","Tennessee (State)"
"Census Tract","47155080202","TN","47155080202","=""47155080202""","448.02","2019-2023","2022","Census","Tennessee (State)"
"Census Tract","47155080203","TN","47155080203","=""47155080203""","863.63","2019-2023","2022","Census","Tennessee (State)"
"Census Tract","47155080204","TN","47155080204","=""47155080204""","457.91","2019-2023","2022","Census","Tennessee (State)"
"Census Tract","47155080300","TN","47155080300","=""47155080300""","847.60","2019-2023","2022","Census","Tennessee (State)"
"Census Tract","47155080401","TN","47155080401","=""47155080401""","99.29","2019-2023","2022","Census","Tennessee (State)"
"Census Tract","47155080402","TN","47155080402","=""47155080402""","168.93","2019-2023","2022","Census","Tennessee (State)"
"Census Tract","47155080500","TN","47155080500","=""47155080500""","639.92","2019-2023","2022","Census","Tennessee (State)"
"Census Tract","47155080601","TN","47155080601","=""47155080601""","259.16","2019-2023","2022","Census","Tennessee (State)"
"Census Tract","47155080603","TN","47155080603","=""47155080603""","232.35","2019-2023","2022","Census","Tennessee (State)"
"Census Tract","47155080604","TN","47155080604","=""47155080604""","205.27","2019-2023","2022","Census","Tennessee (State)"
"Census Tract","47155080701","TN","47155080701","=""47155080701""","221.84","2019-2023","2022","Census","Tennessee (State)"
"Census Tract","47155080702","TN","47155080702","=""47155080702""","89.05","2019-2023","2022","Census","Tennessee (State)"
"Census Tract","47155080801","TN","47155080801","=""47155080801""","636.58","2019-2023","2022","Census","Tennessee (State)"
"Census Tract","47155080803","TN","47155080803","=""47155080803""","844.44","2019-2023","2022","Census","Tennessee (State)"
"Census Tract","47155080804","TN","47155080804","=""47155080804""","857.39","2019-2023","2022","Census","Tennessee (State)"
"Census Tract","47155080901","TN","47155080901","=""47155080901""","76.78","2019-2023","2022","Census","Tennessee (State)"
"Census Tract","47155080903","TN","47155080903","=""47155080903""","112.77","2019-2023","2022","Census","Tennessee (State)"
"Census Tract","47155080904","TN","47155080904","=""47155080904""","169.65","2019-2023","2022","Census","Tennessee (State)"
"Census Tract","47155081001","TN","47155081001","=""47155081001""","261.71","2019-2023","2022","Census","Tennessee (State)"
"Census Tract","47155081002","TN","47155081002","=""47155081002""","264.39","2019-2023","2022","Census","Tennessee (State)"
"Census Tract","47155081101","TN","47155081101","=""47155081101""","171.86","2019-2023","2022","Census","Tennessee (State)"
"Census Tract","47155081103","TN","47155081103","=""47155081103""","480.06","2019-2023","2022","Census","Tennessee (State)"
"Census Tract","47155081104","TN","47155081104","=""47155081104""","124.99","2019-2023","2022","Census","Tennessee (State)"
"Census Tract","47155980100","TN","47155980100","=""47155980100""","0.00","2019-2023","2022","Census","Tennessee (State)"
"Census Tract","47157000100","TN","47157000100","=""47157000100""","3152.63","2019-2023","2022","Census","Tennessee (State)"
"Census Tract","47157000200","TN","47157000200","=""47157000200""","2691.55","2019-2023","2022","Census","Tennessee (State)"
"Census Tract","47157000300","TN","47157000300","=""47157000300""","648.87","2019-2023","2022","Census","Tennessee (State)"
"Census Tract","47157000400","TN","47157000400","=""47157000400""","1604.01","2019-2023","2022","Census","Tennessee (State)"
"Census Tract","47157000600","TN","47157000600","=""47157000600""","948.78","2019-2023","2022","Census","Tennessee (State)"
"Census Tract","47157000700","TN","47157000700","=""47157000700""","4014.29","2019-2023","2022","Census","Tennessee (State)"
"Census Tract","47157000800","TN","47157000800","=""47157000800""","2519.28","2019-2023","2022","Census","Tennessee (State)"
"Census Tract","47157000900","TN","47157000900","=""47157000900""","2353.11","2019-2023","2022","Census","Tennessee (State)"
"Census Tract","47157001100","TN","47157001100","=""47157001100""","5260.11","2019-2023","2022","Census","Tennessee (State)"
"Census Tract","47157001200","TN","47157001200","=""47157001200""","5093.30","2019-2023","2022","Census","Tennessee (State)"
"Census Tract","47157001300","TN","47157001300","=""47157001300""","5730.50","2019-2023","2022","Census","Tennessee (State)"
"Census Tract","47157001400","TN","47157001400","=""47157001400""","3111.43","2019-2023","2022","Census","Tennessee (State)"
"Census Tract","47157001500","TN","47157001500","=""47157001500""","3378.15","2019-2023","2022","Census","Tennessee (State)"
"Census Tract","47157001600","TN","47157001600","=""47157001600""","2672.29","2019-2023","2022","Census","Tennessee (State)"
"Census Tract","47157001700","TN","47157001700","=""47157001700""","6009.16","2019-2023","2022","Census","Tennessee (State)"
"Census Tract","47157001900","TN","47157001900","=""47157001900""","3134.80","2019-2023","2022","Census","Tennessee (State)"
"Census Tract","47157002000","TN","47157002000","=""47157002000""","3060.15","2019-2023","2022","Census","Tennessee (State)"
"Census Tract","47157002100","TN","47157002100","=""47157002100""","4826.12","2019-2023","2022","Census","Tennessee (State)"
"Census Tract","47157002400","TN","47157002400","=""47157002400""","3718.54","2019-2023","2022","Census","Tennessee (State)"
"Census Tract","47157002500","TN","47157002500","=""47157002500""","4348.09","2019-2023","2022","Census","Tennessee (State)"
"Census Tract","47157002600","TN","47157002600","=""47157002600""","5380.58","2019-2023","2022","Census","Tennessee (State)"
"Census Tract","47157002700","TN","47157002700","=""47157002700""","3315.71","2019-2023","2022","Census","Tennessee (State)"
"Census Tract","47157002800","TN","47157002800","=""47157002800""","3253.63","2019-2023","2022","Census","Tennessee (State)"
"Census Tract","47157002900","TN","47157002900","=""47157002900""","2752.23","2019-2023","2022","Census","Tennessee (State)"
"Census Tract","47157003000","TN","47157003000","=""47157003000""","3346.60","2019-2023","2022","Census","Tennessee (State)"
"Census Tract","47157003100","TN","47157003100","=""47157003100""","3145.48","2019-2023","2022","Census","Tennessee (State)"
"Census Tract","47157003200","TN","47157003200","=""47157003200""","6743.29","2019-2023","2022","Census","Tennessee (State)"
"Census Tract","47157003300","TN","47157003300","=""47157003300""","5330.71","2019-2023","2022","Census","Tennessee (State)"
"Census Tract","47157003400","TN","47157003400","=""47157003400""","6619.15","2019-2023","2022","Census","Tennessee (State)"
"Census Tract","47157003500","TN","47157003500","=""47157003500""","5881.24","2019-2023","2022","Census","Tennessee (State)"
"Census Tract","47157003600","TN","47157003600","=""47157003600""","2788.08","2019-2023","2022","Census","Tennessee (State)"
"Census Tract","47157003700","TN","47157003700","=""47157003700""","4662.33","2019-2023","2022","Census","Tennessee (State)"
"Census Tract","47157003800","TN","47157003800","=""47157003800""","2590.37","2019-2023","2022","Census","Tennessee (State)"
"Census Tract","47157003900","TN","47157003900","=""47157003900""","6388.76","2019-2023","2022","Census","Tennessee (State)"
"Census Tract","47157004200","TN","47157004200","=""47157004200""","4922.69","2019-2023","2022","Census","Tennessee (State)"
"Census Tract","47157004300","TN","47157004300","=""47157004300""","5622.74","2019-2023","2022","Census","Tennessee (State)"
"Census Tract","47157004500","TN","47157004500","=""47157004500""","3147.41","2019-2023","2022","Census","Tennessee (State)"
"Census Tract","47157004600","TN","47157004600","=""47157004600""","2768.79","2019-2023","2022","Census","Tennessee (State)"
"Census Tract","47157005000","TN","47157005000","=""47157005000""","2600.77","2019-2023","2022","Census","Tennessee (State)"
"Census Tract","47157005300","TN","47157005300","=""47157005300""","1314.71","2019-2023","2022","Census","Tennessee (State)"
"Census Tract","47157005500","TN","47157005500","=""47157005500""","1871.19","2019-2023","2022","Census","Tennessee (State)"
"Census Tract","47157005600","TN","47157005600","=""47157005600""","2276.24","2019-2023","2022","Census","Tennessee (State)"
"Census Tract","47157005700","TN","47157005700","=""47157005700""","3519.72","2019-2023","2022","Census","Tennessee (State)"
"Census Tract","47157005800","TN","47157005800","=""47157005800""","3430.68","2019-2023","2022","Census","Tennessee (State)"
"Census Tract","47157005900","TN","47157005900","=""47157005900""","3518.08","2019-2023","2022","Census","Tennessee (State)"
"Census Tract","47157006000","TN","47157006000","=""47157006000""","2615.51","2019-2023","2022","Census","Tennessee (State)"
"Census Tract","47157006200","TN","47157006200","=""47157006200""","2724.77","2019-2023","2022","Census","Tennessee (State)"
"Census Tract","47157006300","TN","47157006300","=""47157006300""","5370.23","2019-2023","2022","Census","Tennessee (State)"
"Census Tract","47157006400","TN","47157006400","=""47157006400""","4141.74","2019-2023","2022","Census","Tennessee (State)"
"Census Tract","47157006500","TN","47157006500","=""47157006500""","2533.42","2019-2023","2022","Census","Tennessee (State)"
"Census Tract","47157006600","TN","47157006600","=""47157006600""","2817.29","2019-2023","2022","Census","Tennessee (State)"
"Census Tract","47157006700","TN","47157006700","=""47157006700""","3452.80","2019-2023","2022","Census","Tennessee (State)"
"Census Tract","47157006800","TN","47157006800","=""47157006800""","4108.51","2019-2023","2022","Census","Tennessee (State)"
"Census Tract","47157006900","TN","47157006900","=""47157006900""","2900.77","2019-2023","2022","Census","Tennessee (State)"
"Census Tract","47157007000","TN","47157007000","=""47157007000""","4893.24","2019-2023","2022","Census","Tennessee (State)"
"Census Tract","47157007100","TN","47157007100","=""47157007100""","4082.12","2019-2023","2022","Census","Tennessee (State)"
"Census Tract","47157007200","TN","47157007200","=""47157007200""","3310.77","2019-2023","2022","Census","Tennessee (State)"
"Census Tract","47157007300","TN","47157007300","=""47157007300""","5255.27","2019-2023","2022","Census","Tennessee (State)"
"Census Tract","47157007400","TN","47157007400","=""47157007400""","5313.29","2019-2023","2022","Census","Tennessee (State)"
"Census Tract","47157007500","TN","47157007500","=""47157007500""","1933.40","2019-2023","2022","Census","Tennessee (State)"
"Census Tract","47157007810","TN","47157007810","=""47157007810""","758.44","2019-2023","2022","Census","Tennessee (State)"
"Census Tract","47157007821","TN","47157007821","=""47157007821""","3178.77","2019-2023","2022","Census","Tennessee (State)"
"Census Tract","47157007822","TN","47157007822","=""47157007822""","1471.12","2019-2023","2022","Census","Tennessee (State)"
"Census Tract","47157007900","TN","47157007900","=""47157007900""","4529.50","2019-2023","2022","Census","Tennessee (State)"
"Census Tract","47157008000","TN","47157008000","=""47157008000""","4373.00","2019-2023","2022","Census","Tennessee (State)"
"Census Tract","47157008110","TN","47157008110","=""47157008110""","2495.11","2019-2023","2022","Census","Tennessee (State)"
"Census Tract","47157008120","TN","47157008120","=""47157008120""","3379.75","2019-2023","2022","Census","Tennessee (State)"
"Census Tract","47157008200","TN","47157008200","=""47157008200""","6273.81","2019-2023","2022","Census","Tennessee (State)"
"Census Tract","47157008500","TN","47157008500","=""47157008500""","1658.19","2019-2023","2022","Census","Tennessee (State)"
"Census Tract","47157008600","TN","47157008600","=""47157008600""","2839.09","2019-2023","2022","Census","Tennessee (State)"
"Census Tract","47157008700","TN","47157008700","=""47157008700""","5230.99","2019-2023","2022","Census","Tennessee (State)"
"Census Tract","47157008800","TN","47157008800","=""47157008800""","7195.16","2019-2023","2022","Census","Tennessee (State)"
"Census Tract","47157008900","TN","47157008900","=""47157008900""","2000.34","2019-2023","2022","Census","Tennessee (State)"
"Census Tract","47157009100","TN","47157009100","=""47157009100""","2892.26","2019-2023","2022","Census","Tennessee (State)"
"Census Tract","47157009201","TN","47157009201","=""47157009201""","2687.76","2019-2023","2022","Census","Tennessee (State)"
"Census Tract","47157009202","TN","47157009202","=""47157009202""","2504.46","2019-2023","2022","Census","Tennessee (State)"
"Census Tract","47157009300","TN","47157009300","=""47157009300""","3206.97","2019-2023","2022","Census","Tennessee (State)"
"Census Tract","47157009400","TN","47157009400","=""47157009400""","4122.35","2019-2023","2022","Census","Tennessee (State)"
"Census Tract","47157009501","TN","47157009501","=""47157009501""","3715.27","2019-2023","2022","Census","Tennessee (State)"
"Census Tract","47157009502","TN","47157009502","=""47157009502""","2836.63","2019-2023","2022","Census","Tennessee (State)"
"Census Tract","47157009600","TN","47157009600","=""47157009600""","1756.20","2019-2023","2022","Census","Tennessee (State)"
"Census Tract","47157009700","TN","47157009700","=""47157009700""","4093.22","2019-2023","2022","Census","Tennessee (State)"
"Census Tract","47157009800","TN","47157009800","=""47157009800""","1830.16","2019-2023","2022","Census","Tennessee (State)"
"Census Tract","47157009901","TN","47157009901","=""47157009901""","420.42","2019-2023","2022","Census","Tennessee (State)"
"Census Tract","47157009902","TN","47157009902","=""47157009902""","1254.18","2019-2023","2022","Census","Tennessee (State)"
"Census Tract","47157010001","TN","47157010001","=""47157010001""","3456.78","2019-2023","2022","Census","Tennessee (State)"
"Census Tract","47157010002","TN","47157010002","=""47157010002""","2745.54","2019-2023","2022","Census","Tennessee (State)"
"Census Tract","47157010120","TN","47157010120","=""47157010120""","1827.30","2019-2023","2022","Census","Tennessee (State)"
"Census Tract","47157010121","TN","47157010121","=""47157010121""","2957.62","2019-2023","2022","Census","Tennessee (State)"
"Census Tract","47157010122","TN","47157010122","=""47157010122""","3639.92","2019-2023","2022","Census","Tennessee (State)"
"Census Tract","47157010210","TN","47157010210","=""47157010210""","4316.34","2019-2023","2022","Census","Tennessee (State)"
"Census Tract","47157010220","TN","47157010220","=""47157010220""","1635.28","2019-2023","2022","Census","Tennessee (State)"
"Census Tract","47157010300","TN","47157010300","=""47157010300""","681.90","2019-2023","2022","Census","Tennessee (State)"
"Census Tract","47157010500","TN","47157010500","=""47157010500""","1541.79","2019-2023","2022","Census","Tennessee (State)"
"Census Tract","47157010610","TN","47157010610","=""47157010610""","4225.72","2019-2023","2022","Census","Tennessee (State)"
"Census Tract","47157010620","TN","47157010620","=""47157010620""","5893.72","2019-2023","2022","Census","Tennessee (State)"
"Census Tract","47157010630","TN","47157010630","=""47157010630""","5738.49","2019-2023","2022","Census","Tennessee (State)"
"Census Tract","47157010710","TN","47157010710","=""47157010710""","2630.13","2019-2023","2022","Census","Tennessee (State)"
"Census Tract","47157010720","TN","47157010720","=""47157010720""","5723.20","2019-2023","2022","Census","Tennessee (State)"
"Census Tract","47157010810","TN","47157010810","=""47157010810""","7950.55","2019-2023","2022","Census","Tennessee (State)"
"Census Tract","47157010820","TN","47157010820","=""47157010820""","5479.19","2019-2023","2022","Census","Tennessee (State)"
"Census Tract","47157011010","TN","47157011010","=""47157011010""","3156.54","2019-2023","2022","Census","Tennessee (State)"
"Census Tract","47157011020","TN","47157011020","=""47157011020""","781.72","2019-2023","2022","Census","Tennessee (State)"
"Census Tract","47157011100","TN","47157011100","=""47157011100""","928.23","2019-2023","2022","Census","Tennessee (State)"
"Census Tract","47157011200","TN","47157011200","=""47157011200""","2022.44","2019-2023","2022","Census","Tennessee (State)"
"Census Tract","47157011300","TN","47157011300","=""47157011300""","1553.34","2019-2023","2022","Census","Tennessee (State)"
"Census Tract","47157011401","TN","47157011401","=""47157011401""","2941.32","2019-2023","2022","Census","Tennessee (State)"
"Census Tract","47157011402","TN","47157011402","=""47157011402""","5739.06","2019-2023","2022","Census","Tennessee (State)"
"Census Tract","47157011500","TN","47157011500","=""47157011500""","1855.54","2019-2023","2022","Census","Tennessee (State)"
"Census Tract","47157011600","TN","47157011600","=""47157011600""","3733.28","2019-2023","2022","Census","Tennessee (State)"
"Census Tract","47157011700","TN","47157011700","=""47157011700""","842.11","2019-2023","2022","Census","Tennessee (State)"
"Census Tract","47157011800","TN","47157011800","=""47157011800""","4277.93","2019-2023","2022","Census","Tennessee (State)"
"Census Tract","47157020101","TN","47157020101","=""47157020101""","73.06","2019-2023","2022","Census","Tennessee (State)"
"Census Tract","47157020102","TN","47157020102","=""47157020102""","93.66","2019-2023","2022","Census","Tennessee (State)"
"Census Tract","47157020210","TN","47157020210","=""47157020210""","240.89","2019-2023","2022","Census","Tennessee (State)"
"Census Tract","47157020221","TN","47157020221","=""47157020221""","145.42","2019-2023","2022","Census","Tennessee (State)"
"Census Tract","47157020222","TN","47157020222","=""47157020222""","222.24","2019-2023","2022","Census","Tennessee (State)"
"Census Tract","47157020301","TN","47157020301","=""47157020301""","482.36","2019-2023","2022","Census","Tennessee (State)"
"Census Tract","47157020302","TN","47157020302","=""47157020302""","1339.27","2019-2023","2022","Census","Tennessee (State)"
"Census Tract","47157020400","TN","47157020400","=""47157020400""","194.45","2019-2023","2022","Census","Tennessee (State)"
"Census Tract","47157020511","TN","47157020511","=""47157020511""","1741.47","2019-2023","2022","Census","Tennessee (State)"
"Census Tract","47157020521","TN","47157020521","=""47157020521""","1182.95","2019-2023","2022","Census","Tennessee (State)"
"Census Tract","47157020523","TN","47157020523","=""47157020523""","4177.51","2019-2023","2022","Census","Tennessee (State)"
"Census Tract","47157020524","TN","47157020524","=""47157020524""","2634.01","2019-2023","2022","Census","Tennessee (State)"
"Census Tract","47157020531","TN","47157020531","=""47157020531""","846.83","2019-2023","2022","Census","Tennessee (State)"
"Census Tract","47157020532","TN","47157020532","=""47157020532""","1911.08","2019-2023","2022","Census","Tennessee (State)"
"Census Tract","47157020541","TN","47157020541","=""47157020541""","2572.52","2019-2023","2022","Census","Tennessee (State)"
"Census Tract","47157020542","TN","47157020542","=""47157020542""","3000.84","2019-2023","2022","Census","Tennessee (State)"
"Census Tract","47157020543","TN","47157020543","=""47157020543""","1859.76","2019-2023","2022","Census","Tennessee (State)"
"Census Tract","47157020544","TN","47157020544","=""47157020544""","1450.82","2019-2023","2022","Census","Tennessee (State)"
"Census Tract","47157020610","TN","47157020610","=""47157020610""","1376.51","2019-2023","2022","Census","Tennessee (State)"
"Census Tract","47157020621","TN","47157020621","=""47157020621""","3346.12","2019-2023","2022","Census","Tennessee (State)"
"Census Tract","47157020622","TN","47157020622","=""47157020622""","2613.88","2019-2023","2022","Census","Tennessee (State)"
"Census Tract","47157020632","TN","47157020632","=""47157020632""","1419.27","2019-2023","2022","Census","Tennessee (State)"
"Census Tract","47157020633","TN","47157020633","=""47157020633""","1654.48","2019-2023","2022","Census","Tennessee (State)"
"Census Tract","47157020634","TN","47157020634","=""47157020634""","3320.56","2019-2023","2022","Census","Tennessee (State)"
"Census Tract","47157020635","TN","47157020635","=""47157020635""","3962.98","2019-2023","2022","Census","Tennessee (State)"
"Census Tract","47157020651","TN","47157020651","=""47157020651""","3987.86","2019-2023","2022","Census","Tennessee (State)"
"Census Tract","47157020652","TN","47157020652","=""47157020652""","3623.10","2019-2023","2022","Census","Tennessee (State)"
"Census Tract","47157020653","TN","47157020653","=""47157020653""","831.25","2019-2023","2022","Census","Tennessee (State)"
"Census Tract","47157020654","TN","47157020654","=""47157020654""","1213.40","2019-2023","2022","Census","Tennessee (State)"
"Census Tract","47157020655","TN","47157020655","=""47157020655""","4134.26","2019-2023","2022","Census","Tennessee (State)"
"Census Tract","47157020656","TN","47157020656","=""47157020656""","2112.04","2019-2023","2022","Census","Tennessee (State)"
"Census Tract","47157020657","TN","47157020657","=""47157020657""","2201.67","2019-2023","2022","Census","Tennessee (State)"
"Census Tract","47157020658","TN","47157020658","=""47157020658""","3363.43","2019-2023","2022","Census","Tennessee (State)"
"Census Tract","47157020700","TN","47157020700","=""47157020700""","62.40","2019-2023","2022","Census","Tennessee (State)"
"Census Tract","47157020833","TN","47157020833","=""47157020833""","1012.57","2019-2023","2022","Census","Tennessee (State)"
"Census Tract","47157020834","TN","47157020834","=""47157020834""","987.91","2019-2023","2022","Census","Tennessee (State)"
"Census Tract","47157020835","TN","47157020835","=""47157020835""","61.35","2019-2023","2022","Census","Tennessee (State)"
"Census Tract","47157020836","TN","47157020836","=""47157020836""","468.53","2019-2023","2022","Census","Tennessee (State)"
"Census Tract","47157020837","TN","47157020837","=""47157020837""","405.58","2019-2023","2022","Census","Tennessee (State)"
"Census Tract","47157020901","TN","47157020901","=""47157020901""","1442.63","2019-2023","2022","Census","Tennessee (State)"
"Census Tract","47157020902","TN","47157020902","=""47157020902""","996.07","2019-2023","2022","Census","Tennessee (State)"
"Census Tract","47157021020","TN","47157021020","=""47157021020""","245.63","2019-2023","2022","Census","Tennessee (State)"
"Census Tract","47157021021","TN","47157021021","=""47157021021""","1168.38","2019-2023","2022","Census","Tennessee (State)"
"Census Tract","47157021022","TN","47157021022","=""47157021022""","3014.21","2019-2023","2022","Census","Tennessee (State)"
"Census Tract","47157021023","TN","47157021023","=""47157021023""","462.73","2019-2023","2022","Census","Tennessee (State)"
"Census Tract","47157021111","TN","47157021111","=""47157021111""","1622.98","2019-2023","2022","Census","Tennessee (State)"
"Census Tract","47157021112","TN","47157021112","=""47157021112""","2995.79","2019-2023","2022","Census","Tennessee (State)"
"Census Tract","47157021113","TN","47157021113","=""47157021113""","2464.52","2019-2023","2022","Census","Tennessee (State)"
"Census Tract","47157021121","TN","47157021121","=""47157021121""","1822.28","2019-2023","2022","Census","Tennessee (State)"
"Census Tract","47157021122","TN","47157021122","=""47157021122""","5085.07","2019-2023","2022","Census","Tennessee (State)"
"Census Tract","47157021124","TN","47157021124","=""47157021124""","5131.34","2019-2023","2022","Census","Tennessee (State)"
"Census Tract","47157021125","TN","47157021125","=""47157021125""","2563.25","2019-2023","2022","Census","Tennessee (State)"
"Census Tract","47157021126","TN","47157021126","=""47157021126""","4175.08","2019-2023","2022","Census","Tennessee (State)"
"Census Tract","47157021135","TN","47157021135","=""47157021135""","3159.03","2019-2023","2022","Census","Tennessee (State)"
"Census Tract","47157021136","TN","47157021136","=""47157021136""","3365.88","2019-2023","2022","Census","Tennessee (State)"
"Census Tract","47157021138","TN","47157021138","=""47157021138""","1221.25","2019-2023","2022","Census","Tennessee (State)"
"Census Tract","47157021139","TN","47157021139","=""47157021139""","1356.76","2019-2023","2022","Census","Tennessee (State)"
"Census Tract","47157021140","TN","47157021140","=""47157021140""","2876.65","2019-2023","2022","Census","Tennessee (State)"
"Census Tract","47157021141","TN","47157021141","=""47157021141""","5027.26","2019-2023","2022","Census","Tennessee (State)"
"Census Tract","47157021142","TN","47157021142","=""47157021142""","1838.05","2019-2023","2022","Census","Tennessee (State)"
"Census Tract","47157021143","TN","47157021143","=""47157021143""","5026.18","2019-2023","2022","Census","Tennessee (State)"
"Census Tract","47157021144","TN","47157021144","=""47157021144""","2568.20","2019-2023","2022","Census","Tennessee (State)"
"Census Tract","47157021200","TN","47157021200","=""47157021200""","1698.28","2019-2023","2022","Census","Tennessee (State)"
"Census Tract","47157021311","TN","47157021311","=""47157021311""","1422.10","2019-2023","2022","Census","Tennessee (State)"
"Census Tract","47157021312","TN","47157021312","=""47157021312""","3095.65","2019-2023","2022","Census","Tennessee (State)"
"Census Tract","47157021320","TN","47157021320","=""47157021320""","2535.24","2019-2023","2022","Census","Tennessee (State)"
"Census Tract","47157021331","TN","47157021331","=""47157021331""","1744.66","2019-2023","2022","Census","Tennessee (State)"
"Census Tract","47157021333","TN","47157021333","=""47157021333""","2523.79","2019-2023","2022","Census","Tennessee (State)"
"Census Tract","47157021334","TN","47157021334","=""47157021334""","2931.52","2019-2023","2022","Census","Tennessee (State)"
"Census Tract","47157021341","TN","47157021341","=""47157021341""","2395.26","2019-2023","2022","Census","Tennessee (State)"
"Census Tract","47157021351","TN","47157021351","=""47157021351""","2692.29","2019-2023","2022","Census","Tennessee (State)"
"Census Tract","47157021352","TN","47157021352","=""47157021352""","2835.22","2019-2023","2022","Census","Tennessee (State)"
"Census Tract","47157021354","TN","47157021354","=""47157021354""","3212.13","2019-2023","2022","Census","Tennessee (State)"
"Census Tract","47157021355","TN","47157021355","=""47157021355""","1370.79","2019-2023","2022","Census","Tennessee (State)"
"Census Tract","47157021356","TN","47157021356","=""47157021356""","914.25","2019-2023","2022","Census","Tennessee (State)"
"Census Tract","47157021357","TN","47157021357","=""47157021357""","2315.88","2019-2023","2022","Census","Tennessee (State)"
"Census Tract","47157021410","TN","47157021410","=""47157021410""","3204.00","2019-2023","2022","Census","Tennessee (State)"
"Census Tract","47157021420","TN","47157021420","=""47157021420""","1909.57","2019-2023","2022","Census","Tennessee (State)"
"Census Tract","47157021430","TN","47157021430","=""47157021430""","2565.69","2019-2023","2022","Census","Tennessee (State)"
"Census Tract","47157021530","TN","47157021530","=""47157021530""","1402.44","2019-2023","2022","Census","Tennessee (State)"
"Census Tract","47157021541","TN","47157021541","=""47157021541""","2034.75","2019-2023","2022","Census","Tennessee (State)"
"Census Tract","47157021542","TN","47157021542","=""47157021542""","1797.24","2019-2023","2022","Census","Tennessee (State)"
"Census Tract","47157021543","TN","47157021543","=""47157021543""","416.37","2019-2023","2022","Census","Tennessee (State)"
"Census Tract","47157021544","TN","47157021544","=""47157021544""","3289.26","2019-2023","2022","Census","Tennessee (State)"
"Census Tract","47157021545","TN","47157021545","=""47157021545""","1233.31","2019-2023","2022","Census","Tennessee (State)"
"Census Tract","47157021546","TN","47157021546","=""47157021546""","668.44","2019-2023","2022","Census","Tennessee (State)"
"Census Tract","47157021547","TN","47157021547","=""47157021547""","1203.48","2019-2023","2022","Census","Tennessee (State)"
"Census Tract","47157021548","TN","47157021548","=""47157021548""","1626.47","2019-2023","2022","Census","Tennessee (State)"
"Census Tract","47157021611","TN","47157021611","=""47157021611""","2662.43","2019-2023","2022","Census","Tennessee (State)"
"Census Tract","47157021612","TN","47157021612","=""47157021612""","3543.52","2019-2023","2022","Census","Tennessee (State)"
"Census Tract","47157021613","TN","47157021613","=""47157021613""","2656.60","2019-2023","2022","Census","Tennessee (State)"
"Census Tract","47157021620","TN","47157021620","=""47157021620""","735.05","2019-2023","2022","Census","Tennessee (State)"
"Census Tract","47157021710","TN","47157021710","=""47157021710""","1907.64","2019-2023","2022","Census","Tennessee (State)"
"Census Tract","47157021721","TN","47157021721","=""47157021721""","6195.14","2019-2023","2022","Census","Tennessee (State)"
"Census Tract","47157021724","TN","47157021724","=""47157021724""","2632.68","2019-2023","2022","Census","Tennessee (State)"
"Census Tract","47157021725","TN","47157021725","=""47157021725""","9628.08","2019-2023","2022","Census","Tennessee (State)"
"Census Tract","47157021731","TN","47157021731","=""47157021731""","2579.22","2019-2023","2022","Census","Tennessee (State)"
"Census Tract","47157021744","TN","47157021744","=""47157021744""","5166.52","2019-2023","2022","Census","Tennessee (State)"
"Census Tract","47157021745","TN","47157021745","=""47157021745""","4147.93","2019-2023","2022","Census","Tennessee (State)"
"Census Tract","47157021746","TN","47157021746","=""47157021746""","3899.03","2019-2023","2022","Census","Tennessee (State)"
"Census Tract","47157021747","TN","47157021747","=""47157021747""","6486.80","2019-2023","2022","Census","Tennessee (State)"
"Census Tract","47157021751","TN","47157021751","=""47157021751""","3567.20","2019-2023","2022","Census","Tennessee (State)"
"Census Tract","47157021752","TN","47157021752","=""47157021752""","3511.54","2019-2023","2022","Census","Tennessee (State)"
"Census Tract","47157021753","TN","47157021753","=""47157021753""","3211.84","2019-2023","2022","Census","Tennessee (State)"
"Census Tract","47157021754","TN","47157021754","=""47157021754""","5140.87","2019-2023","2022","Census","Tennessee (State)"
"Census Tract","47157021755","TN","47157021755","=""47157021755""","17509.54","2019-2023","2022","Census","Tennessee (State)"
"Census Tract","47157021756","TN","47157021756","=""47157021756""","3495.31","2019-2023","2022","Census","Tennessee (State)"
"Census Tract","47157021757","TN","47157021757","=""47157021757""","3453.32","2019-2023","2022","Census","Tennessee (State)"
"Census Tract","47157021758","TN","47157021758","=""47157021758""","5227.33","2019-2023","2022","Census","Tennessee (State)"
"Census Tract","47157021759","TN","47157021759","=""47157021759""","5065.19","2019-2023","2022","Census","Tennessee (State)"
"Census Tract","47157021760","TN","47157021760","=""47157021760""","7118.48","2019-2023","2022","Census","Tennessee (State)"
"Census Tract","47157021900","TN","47157021900","=""47157021900""","793.69","2019-2023","2022","Census","Tennessee (State)"
"Census Tract","47157022023","TN","47157022023","=""47157022023""","4081.93","2019-2023","2022","Census","Tennessee (State)"
"Census Tract","47157022024","TN","47157022024","=""47157022024""","3304.59","2019-2023","2022","Census","Tennessee (State)"
"Census Tract","47157022025","TN","47157022025","=""47157022025""","8782.59","2019-2023","2022","Census","Tennessee (State)"
"Census Tract","47157022026","TN","47157022026","=""47157022026""","1456.07","2019-2023","2022","Census","Tennessee (State)"
"Census Tract","47157022111","TN","47157022111","=""47157022111""","3202.95","2019-2023","2022","Census","Tennessee (State)"
"Census Tract","47157022121","TN","47157022121","=""47157022121""","2843.86","2019-2023","2022","Census","Tennessee (State)"
"Census Tract","47157022122","TN","47157022122","=""47157022122""","4129.12","2019-2023","2022","Census","Tennessee (State)"
"Census Tract","47157022130","TN","47157022130","=""47157022130""","2890.61","2019-2023","2022","Census","Tennessee (State)"
"Census Tract","47157022131","TN","47157022131","=""47157022131""","4556.80","2019-2023","2022","Census","Tennessee (State)"
"Census Tract","47157022132","TN","47157022132","=""47157022132""","3793.75","2019-2023","2022","Census","Tennessee (State)"
"Census Tract","47157022210","TN","47157022210","=""47157022210""","554.74","2019-2023","2022","Census","Tennessee (State)"
"Census Tract","47157022220","TN","47157022220","=""47157022220""","1567.77","2019-2023","2022","Census","Tennessee (State)"
"Census Tract","47157022310","TN","47157022310","=""47157022310""","2116.67","2019-2023","2022","Census","Tennessee (State)"
"Census Tract","47157022321","TN","47157022321","=""47157022321""","2382.32","2019-2023","2022","Census","Tennessee (State)"
"Census Tract","47157022322","TN","47157022322","=""47157022322""","1997.58","2019-2023","2022","Census","Tennessee (State)"
"Census Tract","47157022330","TN","47157022330","=""47157022330""","3156.35","2019-2023","2022","Census","Tennessee (State)"
"Census Tract","47157022410","TN","47157022410","=""47157022410""","1215.44","2019-2023","2022","Census","Tennessee (State)"
"Census Tract","47157022500","TN","47157022500","=""47157022500""","789.78","2019-2023","2022","Census","Tennessee (State)"
"Census Tract","47157022600","TN","47157022600","=""47157022600""","275.58","2019-2023","2022","Census","Tennessee (State)"
"Census Tract","47157022700","TN","47157022700","=""47157022700""","2226.91","2019-2023","2022","Census","Tennessee (State)"
"Census Tract","47157980100","TN","47157980100","=""47157980100""","0.00","2019-2023","2022","Census","Tennessee (State)"
"Census Tract","47157980200","TN","47157980200","=""47157980200""","0.00","2019-2023","2022","Census","Tennessee (State)"
"Census Tract","47157980300","TN","47157980300","=""47157980300""","0.00","2019-2023","2022","Census","Tennessee (State)"
"Census Tract","47157980401","TN","47157980401","=""47157980401""","3083.09","2019-2023","2022","Census","Tennessee (State)"
"Census Tract","47157980402","TN","47157980402","=""47157980402""","0.00","2019-2023","2022","Census","Tennessee (State)"
"Census Tract","47159975000","TN","47159975000","=""47159975000""","35.98","2019-2023","2022","Census","Tennessee (State)"
"Census Tract","47159975100","TN","47159975100","=""47159975100""","418.05","2019-2023","2022","Census","Tennessee (State)"
"Census Tract","47159975200","TN","47159975200","=""47159975200""","84.56","2019-2023","2022","Census","Tennessee (State)"
"Census Tract","47159975300","TN","47159975300","=""47159975300""","40.21","2019-2023","2022","Census","Tennessee (State)"
"Census Tract","47159975400","TN","47159975400","=""47159975400""","68.75","2019-2023","2022","Census","Tennessee (State)"
"Census Tract","47161110201","TN","47161110201","=""47161110201""","61.24","2019-2023","2022","Census","Tennessee (State)"
"Census Tract","47161110202","TN","47161110202","=""47161110202""","36.02","2019-2023","2022","Census","Tennessee (State)"
"Census Tract","47161110600","TN","47161110600","=""47161110600""","32.43","2019-2023","2022","Census","Tennessee (State)"
"Census Tract","47161110700","TN","47161110700","=""47161110700""","42.98","2019-2023","2022","Census","Tennessee (State)"
"Census Tract","47161980100","TN","47161980100","=""47161980100""","0.00","2019-2023","2022","Census","Tennessee (State)"
"Census Tract","47161980200","TN","47161980200","=""47161980200""","0.00","2019-2023","2022","Census","Tennessee (State)"
"Census Tract","47163040200","TN","47163040200","=""47163040200""","614.00","2019-2023","2022","Census","Tennessee (State)"
"Census Tract","47163040300","TN","47163040300","=""47163040300""","4005.41","2019-2023","2022","Census","Tennessee (State)"
"Census Tract","47163040500","TN","47163040500","=""47163040500""","3329.02","2019-2023","2022","Census","Tennessee (State)"
"Census Tract","47163040600","TN","47163040600","=""47163040600""","2198.89","2019-2023","2022","Census","Tennessee (State)"
"Census Tract","47163040700","TN","47163040700","=""47163040700""","1449.89","2019-2023","2022","Census","Tennessee (State)"
"Census Tract","47163040800","TN","47163040800","=""47163040800""","1896.53","2019-2023","2022","Census","Tennessee (State)"
"Census Tract","47163040900","TN","47163040900","=""47163040900""","1452.02","2019-2023","2022","Census","Tennessee (State)"
"Census Tract","47163041000","TN","47163041000","=""47163041000""","623.86","2019-2023","2022","Census","Tennessee (State)"
"Census Tract","47163041100","TN","47163041100","=""47163041100""","1674.27","2019-2023","2022","Census","Tennessee (State)"
"Census Tract","47163041200","TN","47163041200","=""47163041200""","762.71","2019-2023","2022","Census","Tennessee (State)"
"Census Tract","47163041300","TN","47163041300","=""47163041300""","358.98","2019-2023","2022","Census","Tennessee (State)"
"Census Tract","47163041400","TN","47163041400","=""47163041400""","179.59","2019-2023","2022","Census","Tennessee (State)"
"Census Tract","47163041500","TN","47163041500","=""47163041500""","915.40","2019-2023","2022","Census","Tennessee (State)"
"Census Tract","47163041600","TN","47163041600","=""47163041600""","930.10","2019-2023","2022","Census","Tennessee (State)"
"Census Tract","47163041700","TN","47163041700","=""47163041700""","1268.92","2019-2023","2022","Census","Tennessee (State)"
"Census Tract","47163041800","TN","47163041800","=""47163041800""","1370.22","2019-2023","2022","Census","Tennessee (State)"
"Census Tract","47163041900","TN","47163041900","=""47163041900""","976.97","2019-2023","2022","Census","Tennessee (State)"
"Census Tract","47163042000","TN","47163042000","=""47163042000""","421.73","2019-2023","2022","Census","Tennessee (State)"
"Census Tract","47163042100","TN","47163042100","=""47163042100""","733.22","2019-2023","2022","Census","Tennessee (State)"
"Census Tract","47163042200","TN","47163042200","=""47163042200""","414.82","2019-2023","2022","Census","Tennessee (State)"
"Census Tract","47163042300","TN","47163042300","=""47163042300""","518.84","2019-2023","2022","Census","Tennessee (State)"
"Census Tract","47163042400","TN","47163042400","=""47163042400""","192.05","2019-2023","2022","Census","Tennessee (State)"
"Census Tract","47163042500","TN","47163042500","=""47163042500""","468.39","2019-2023","2022","Census","Tennessee (State)"
"Census Tract","47163042600","TN","47163042600","=""47163042600""","560.60","2019-2023","2022","Census","Tennessee (State)"
"Census Tract","47163042702","TN","47163042702","=""47163042702""","1144.09","2019-2023","2022","Census","Tennessee (State)"
"Census Tract","47163042703","TN","47163042703","=""47163042703""","3484.61","2019-2023","2022","Census","Tennessee (State)"
"Census Tract","47163042704","TN","47163042704","=""47163042704""","969.07","2019-2023","2022","Census","Tennessee (State)"
"Census Tract","47163042801","TN","47163042801","=""47163042801""","2008.68","2019-2023","2022","Census","Tennessee (State)"
"Census Tract","47163042802","TN","47163042802","=""47163042802""","2157.35","2019-2023","2022","Census","Tennessee (State)"
"Census Tract","47163042900","TN","47163042900","=""47163042900""","1090.70","2019-2023","2022","Census","Tennessee (State)"
"Census Tract","47163043000","TN","47163043000","=""47163043000""","341.06","2019-2023","2022","Census","Tennessee (State)"
"Census Tract","47163043100","TN","47163043100","=""47163043100""","47.05","2019-2023","2022","Census","Tennessee (State)"
"Census Tract","47163043201","TN","47163043201","=""47163043201""","279.47","2019-2023","2022","Census","Tennessee (State)"
"Census Tract","47163043202","TN","47163043202","=""47163043202""","109.15","2019-2023","2022","Census","Tennessee (State)"
"Census Tract","47163043301","TN","47163043301","=""47163043301""","341.36","2019-2023","2022","Census","Tennessee (State)"
"Census Tract","47163043302","TN","47163043302","=""47163043302""","166.25","2019-2023","2022","Census","Tennessee (State)"
"Census Tract","47163043401","TN","47163043401","=""47163043401""","341.15","2019-2023","2022","Census","Tennessee (State)"
"Census Tract","47163043402","TN","47163043402","=""47163043402""","497.49","2019-2023","2022","Census","Tennessee (State)"
"Census Tract","47163043500","TN","47163043500","=""47163043500""","167.50","2019-2023","2022","Census","Tennessee (State)"
"Census Tract","47163043600","TN","47163043600","=""47163043600""","498.54","2019-2023","2022","Census","Tennessee (State)"
"Census Tract","47165020101","TN","47165020101","=""47165020101""","127.22","2019-2023","2022","Census","Tennessee (State)"
"Census Tract","47165020102","TN","47165020102","=""47165020102""","98.54","2019-2023","2022","Census","Tennessee (State)"
"Census Tract","47165020203","TN","47165020203","=""47165020203""","118.79","2019-2023","2022","Census","Tennessee (State)"
"Census Tract","47165020204","TN","47165020204","=""47165020204""","236.04","2019-2023","2022","Census","Tennessee (State)"
"Census Tract","47165020205","TN","47165020205","=""47165020205""","493.44","2019-2023","2022","Census","Tennessee (State)"
"Census Tract","47165020206","TN","47165020206","=""47165020206""","161.66","2019-2023","2022","Census","Tennessee (State)"
"Census Tract","47165020207","TN","47165020207","=""47165020207""","165.28","2019-2023","2022","Census","Tennessee (State)"
"Census Tract","47165020208","TN","47165020208","=""47165020208""","209.39","2019-2023","2022","Census","Tennessee (State)"
"Census Tract","47165020209","TN","47165020209","=""47165020209""","108.35","2019-2023","2022","Census","Tennessee (State)"
"Census Tract","47165020300","TN","47165020300","=""47165020300""","948.65","2019-2023","2022","Census","Tennessee (State)"
"Census Tract","47165020403","TN","47165020403","=""47165020403""","96.41","2019-2023","2022","Census","Tennessee (State)"
"Census Tract","47165020404","TN","47165020404","=""47165020404""","140.20","2019-2023","2022","Census","Tennessee (State)"
"Census Tract","47165020405","TN","47165020405","=""47165020405""","382.25","2019-2023","2022","Census","Tennessee (State)"
"Census Tract","47165020406","TN","47165020406","=""47165020406""","361.34","2019-2023","2022","Census","Tennessee (State)"
"Census Tract","47165020407","TN","47165020407","=""47165020407""","811.56","2019-2023","2022","Census","Tennessee (State)"
"Census Tract","47165020501","TN","47165020501","=""47165020501""","920.32","2019-2023","2022","Census","Tennessee (State)"
"Census Tract","47165020502","TN","47165020502","=""47165020502""","451.05","2019-2023","2022","Census","Tennessee (State)"
"Census Tract","47165020503","TN","47165020503","=""47165020503""","127.04","2019-2023","2022","Census","Tennessee (State)"
"Census Tract","47165020601","TN","47165020601","=""47165020601""","90.66","2019-2023","2022","Census","Tennessee (State)"
"Census Tract","47165020602","TN","47165020602","=""47165020602""","106.17","2019-2023","2022","Census","Tennessee (State)"
"Census Tract","47165020603","TN","47165020603","=""47165020603""","118.56","2019-2023","2022","Census","Tennessee (State)"
"Census Tract","47165020700","TN","47165020700","=""47165020700""","2139.95","2019-2023","2022","Census","Tennessee (State)"
"Census Tract","47165020800","TN","47165020800","=""47165020800""","2242.62","2019-2023","2022","Census","Tennessee (State)"
"Census Tract","47165020901","TN","47165020901","=""47165020901""","209.36","2019-2023","2022","Census","Tennessee (State)"
"Census Tract","47165020903","TN","47165020903","=""47165020903""","860.40","2019-2023","2022","Census","Tennessee (State)"
"Census Tract","47165020904","TN","47165020904","=""47165020904""","1900.80","2019-2023","2022","Census","Tennessee (State)"
"Census Tract","47165020905","TN","47165020905","=""47165020905""","2536.49","2019-2023","2022","Census","Tennessee (State)"
"Census Tract","47165021002","TN","47165021002","=""47165021002""","668.04","2019-2023","2022","Census","Tennessee (State)"
"Census Tract","47165021004","TN","47165021004","=""47165021004""","487.20","2019-2023","2022","Census","Tennessee (State)"
"Census Tract","47165021005","TN","47165021005","=""47165021005""","303.55","2019-2023","2022","Census","Tennessee (State)"
"Census Tract","47165021006","TN","47165021006","=""47165021006""","334.05","2019-2023","2022","Census","Tennessee (State)"
"Census Tract","47165021007","TN","47165021007","=""47165021007""","1226.22","2019-2023","2022","Census","Tennessee (State)"
"Census Tract","47165021008","TN","47165021008","=""47165021008""","1059.80","2019-2023","2022","Census","Tennessee (State)"
"Census Tract","47165021009","TN","47165021009","=""47165021009""","1958.08","2019-2023","2022","Census","Tennessee (State)"
"Census Tract","47165021103","TN","47165021103","=""47165021103""","2564.85","2019-2023","2022","Census","Tennessee (State)"
"Census Tract","47165021104","TN","47165021104","=""47165021104""","2106.06","2019-2023","2022","Census","Tennessee (State)"
"Census Tract","47165021105","TN","47165021105","=""47165021105""","2313.47","2019-2023","2022","Census","Tennessee (State)"
"Census Tract","47165021106","TN","47165021106","=""47165021106""","1941.28","2019-2023","2022","Census","Tennessee (State)"
"Census Tract","47165021107","TN","47165021107","=""47165021107""","3863.35","2019-2023","2022","Census","Tennessee (State)"
"Census Tract","47165021201","TN","47165021201","=""47165021201""","1808.74","2019-2023","2022","Census","Tennessee (State)"
"Census Tract","47165021203","TN","47165021203","=""47165021203""","1006.36","2019-2023","2022","Census","Tennessee (State)"
"Census Tract","47165021204","TN","47165021204","=""47165021204""","2467.00","2019-2023","2022","Census","Tennessee (State)"
"Census Tract","47165021205","TN","47165021205","=""47165021205""","1303.45","2019-2023","2022","Census","Tennessee (State)"
"Census Tract","47167040100","TN","47167040100","=""47167040100""","55.58","2019-2023","2022","Census","Tennessee (State)"
"Census Tract","47167040200","TN","47167040200","=""47167040200""","77.77","2019-2023","2022","Census","Tennessee (State)"
"Census Tract","47167040302","TN","47167040302","=""47167040302""","718.50","2019-2023","2022","Census","Tennessee (State)"
"Census Tract","47167040303","TN","47167040303","=""47167040303""","402.67","2019-2023","2022","Census","Tennessee (State)"
"Census Tract","47167040304","TN","47167040304","=""47167040304""","243.54","2019-2023","2022","Census","Tennessee (State)"
"Census Tract","47167040400","TN","47167040400","=""47167040400""","54.08","2019-2023","2022","Census","Tennessee (State)"
"Census Tract","47167040500","TN","47167040500","=""47167040500""","249.81","2019-2023","2022","Census","Tennessee (State)"
"Census Tract","47167040601","TN","47167040601","=""47167040601""","160.84","2019-2023","2022","Census","Tennessee (State)"
"Census Tract","47167040602","TN","47167040602","=""47167040602""","98.12","2019-2023","2022","Census","Tennessee (State)"
"Census Tract","47167040700","TN","47167040700","=""47167040700""","1848.58","2019-2023","2022","Census","Tennessee (State)"
"Census Tract","47167040800","TN","47167040800","=""47167040800""","107.21","2019-2023","2022","Census","Tennessee (State)"
"Census Tract","47167040900","TN","47167040900","=""47167040900""","31.22","2019-2023","2022","Census","Tennessee (State)"
"Census Tract","47167041000","TN","47167041000","=""47167041000""","58.27","2019-2023","2022","Census","Tennessee (State)"
"Census Tract","47169090100","TN","47169090100","=""47169090100""","84.71","2019-2023","2022","Census","Tennessee (State)"
"Census Tract","47169090200","TN","47169090200","=""47169090200""","299.47","2019-2023","2022","Census","Tennessee (State)"
"Census Tract","47171080100","TN","47171080100","=""47171080100""","25.05","2019-2023","2022","Census","Tennessee (State)"
"Census Tract","47171080200","TN","47171080200","=""47171080200""","254.98","2019-2023","2022","Census","Tennessee (State)"
"Census Tract","47171080300","TN","47171080300","=""47171080300""","82.41","2019-2023","2022","Census","Tennessee (State)"
"Census Tract","47171080400","TN","47171080400","=""47171080400""","2160.84","2019-2023","2022","Census","Tennessee (State)"
"Census Tract","47173040101","TN","47173040101","=""47173040101""","139.94","2019-2023","2022","Census","Tennessee (State)"
"Census Tract","47173040102","TN","47173040102","=""47173040102""","85.41","2019-2023","2022","Census","Tennessee (State)"
"Census Tract","47173040201","TN","47173040201","=""47173040201""","180.71","2019-2023","2022","Census","Tennessee (State)"
"Census Tract","47173040202","TN","47173040202","=""47173040202""","124.40","2019-2023","2022","Census","Tennessee (State)"
"Census Tract","47173040300","TN","47173040300","=""47173040300""","31.03","2019-2023","2022","Census","Tennessee (State)"
"Census Tract","47175925000","TN","47175925000","=""47175925000""","16.69","2019-2023","2022","Census","Tennessee (State)"
"Census Tract","47175925200","TN","47175925200","=""47175925200""","36.40","2019-2023","2022","Census","Tennessee (State)"
"Census Tract","47177930100","TN","47177930100","=""47177930100""","45.73","2019-2023","2022","Census","Tennessee (State)"
"Census Tract","47177930201","TN","47177930201","=""47177930201""","68.47","2019-2023","2022","Census","Tennessee (State)"
"Census Tract","47177930202","TN","47177930202","=""47177930202""","78.65","2019-2023","2022","Census","Tennessee (State)"
"Census Tract","47177930300","TN","47177930300","=""47177930300""","62.73","2019-2023","2022","Census","Tennessee (State)"
"Census Tract","47177930400","TN","47177930400","=""47177930400""","534.14","2019-2023","2022","Census","Tennessee (State)"
"Census Tract","47177930500","TN","47177930500","=""47177930500""","895.01","2019-2023","2022","Census","Tennessee (State)"
"Census Tract","47177930600","TN","47177930600","=""47177930600""","246.77","2019-2023","2022","Census","Tennessee (State)"
"Census Tract","47177930700","TN","47177930700","=""47177930700""","392.14","2019-2023","2022","Census","Tennessee (State)"
"Census Tract","47177930800","TN","47177930800","=""47177930800""","71.67","2019-2023","2022","Census","Tennessee (State)"
"Census Tract","47177930900","TN","47177930900","=""47177930900""","22.91","2019-2023","2022","Census","Tennessee (State)"
"Census Tract","47179060100","TN","47179060100","=""47179060100""","3974.46","2019-2023","2022","Census","Tennessee (State)"
"Census Tract","47179060401","TN","47179060401","=""47179060401""","1622.85","2019-2023","2022","Census","Tennessee (State)"
"Census Tract","47179060402","TN","47179060402","=""47179060402""","1270.80","2019-2023","2022","Census","Tennessee (State)"
"Census Tract","47179060501","TN","47179060501","=""47179060501""","1134.37","2019-2023","2022","Census","Tennessee (State)"
"Census Tract","47179060503","TN","47179060503","=""47179060503""","1404.92","2019-2023","2022","Census","Tennessee (State)"
"Census Tract","47179060504","TN","47179060504","=""47179060504""","830.11","2019-2023","2022","Census","Tennessee (State)"
"Census Tract","47179060601","TN","47179060601","=""47179060601""","541.52","2019-2023","2022","Census","Tennessee (State)"
"Census Tract","47179060602","TN","47179060602","=""47179060602""","3166.38","2019-2023","2022","Census","Tennessee (State)"
"Census Tract","47179060700","TN","47179060700","=""47179060700""","5433.06","2019-2023","2022","Census","Tennessee (State)"
"Census Tract","47179060800","TN","47179060800","=""47179060800""","3259.97","2019-2023","2022","Census","Tennessee (State)"
"Census Tract","47179060901","TN","47179060901","=""47179060901""","2801.41","2019-2023","2022","Census","Tennessee (State)"
"Census Tract","47179060902","TN","47179060902","=""47179060902""","2527.63","2019-2023","2022","Census","Tennessee (State)"
"Census Tract","47179061000","TN","47179061000","=""47179061000""","2949.22","2019-2023","2022","Census","Tennessee (State)"
"Census Tract","47179061100","TN","47179061100","=""47179061100""","2200.78","2019-2023","2022","Census","Tennessee (State)"
"Census Tract","47179061200","TN","47179061200","=""47179061200""","304.79","2019-2023","2022","Census","Tennessee (State)"
"Census Tract","47179061301","TN","47179061301","=""47179061301""","870.44","2019-2023","2022","Census","Tennessee (State)"
"Census Tract","47179061302","TN","47179061302","=""47179061302""","1421.44","2019-2023","2022","Census","Tennessee (State)"
"Census Tract","47179061401","TN","47179061401","=""47179061401""","696.86","2019-2023","2022","Census","Tennessee (State)"
"Census Tract","47179061403","TN","47179061403","=""47179061403""","1046.35","2019-2023","2022","Census","Tennessee (State)"
"Census Tract","47179061404","TN","47179061404","=""47179061404""","442.20","2019-2023","2022","Census","Tennessee (State)"
"Census Tract","47179061500","TN","47179061500","=""47179061500""","570.45","2019-2023","2022","Census","Tennessee (State)"
"Census Tract","47179061601","TN","47179061601","=""47179061601""","269.15","2019-2023","2022","Census","Tennessee (State)"
"Census Tract","47179061603","TN","47179061603","=""47179061603""","187.92","2019-2023","2022","Census","Tennessee (State)"
"Census Tract","47179061604","TN","47179061604","=""47179061604""","188.37","2019-2023","2022","Census","Tennessee (State)"
"Census Tract","47179061701","TN","47179061701","=""47179061701""","491.98","2019-2023","2022","Census","Tennessee (State)"
"Census Tract","47179061703","TN","47179061703","=""47179061703""","493.36","2019-2023","2022","Census","Tennessee (State)"
"Census Tract","47179061704","TN","47179061704","=""47179061704""","611.58","2019-2023","2022","Census","Tennessee (State)"
"Census Tract","47179061800","TN","47179061800","=""47179061800""","111.85","2019-2023","2022","Census","Tennessee (State)"
"Census Tract","47179061902","TN","47179061902","=""47179061902""","153.08","2019-2023","2022","Census","Tennessee (State)"
"Census Tract","47179061903","TN","47179061903","=""47179061903""","174.08","2019-2023","2022","Census","Tennessee (State)"
"Census Tract","47179061904","TN","47179061904","=""47179061904""","110.61","2019-2023","2022","Census","Tennessee (State)"
"Census Tract","47179062000","TN","47179062000","=""47179062000""","2548.90","2019-2023","2022","Census","Tennessee (State)"
"Census Tract","47181950100","TN","47181950100","=""47181950100""","18.45","2019-2023","2022","Census","Tennessee (State)"
"Census Tract","47181950200","TN","47181950200","=""47181950200""","35.45","2019-2023","2022","Census","Tennessee (State)"
"Census Tract","47181950300","TN","47181950300","=""47181950300""","24.63","2019-2023","2022","Census","Tennessee (State)"
"Census Tract","47181950400","TN","47181950400","=""47181950400""","15.67","2019-2023","2022","Census","Tennessee (State)"
"Census Tract","47183968000","TN","47183968000","=""47183968000""","13.71","2019-2023","2022","Census","Tennessee (State)"
"Census Tract","47183968101","TN","47183968101","=""47183968101""","573.99","2019-2023","2022","Census","Tennessee (State)"
"Census Tract","47183968102","TN","47183968102","=""47183968102""","47.49","2019-2023","2022","Census","Tennessee (State)"
"Census Tract","47183968201","TN","47183968201","=""47183968201""","83.29","2019-2023","2022","Census","Tennessee (State)"
"Census Tract","47183968202","TN","47183968202","=""47183968202""","2270.53","2019-2023","2022","Census","Tennessee (State)"
"Census Tract","47183968203","TN","47183968203","=""47183968203""","921.74","2019-2023","2022","Census","Tennessee (State)"
"Census Tract","47183968300","TN","47183968300","=""47183968300""","48.72","2019-2023","2022","Census","Tennessee (State)"
"Census Tract","47183968400","TN","47183968400","=""47183968400""","57.83","2019-2023","2022","Census","Tennessee (State)"
"Census Tract","47183968500","TN","47183968500","=""47183968500""","43.33","2019-2023","2022","Census","Tennessee (State)"
"Census Tract","47183968600","TN","47183968600","=""47183968600""","45.78","2019-2023","2022","Census","Tennessee (State)"
"Census Tract","47183968700","TN","47183968700","=""47183968700""","17.54","2019-2023","2022","Census","Tennessee (State)"
"Census Tract","47185935000","TN","47185935000","=""47185935000""","26.42","2019-2023","2022","Census","Tennessee (State)"
"Census Tract","47185935100","TN","47185935100","=""47185935100""","71.36","2019-2023","2022","Census","Tennessee (State)"
"Census Tract","47185935200","TN","47185935200","=""47185935200""","65.09","2019-2023","2022","Census","Tennessee (State)"
"Census Tract","47185935300","TN","47185935300","=""47185935300""","236.11","2019-2023","2022","Census","Tennessee (State)"
"Census Tract","47185935400","TN","47185935400","=""47185935400""","355.78","2019-2023","2022","Census","Tennessee (State)"
"Census Tract","47185935500","TN","47185935500","=""47185935500""","86.72","2019-2023","2022","Census","Tennessee (State)"
"Census Tract","47187050102","TN","47187050102","=""47187050102""","980.38","2019-2023","2022","Census","Tennessee (State)"
"Census Tract","47187050103","TN","47187050103","=""47187050103""","145.88","2019-2023","2022","Census","Tennessee (State)"
"Census Tract","47187050104","TN","47187050104","=""47187050104""","1184.06","2019-2023","2022","Census","Tennessee (State)"
"Census Tract","47187050105","TN","47187050105","=""47187050105""","984.28","2019-2023","2022","Census","Tennessee (State)"
"Census Tract","47187050204","TN","47187050204","=""47187050204""","1587.93","2019-2023","2022","Census","Tennessee (State)"
"Census Tract","47187050205","TN","47187050205","=""47187050205""","1091.59","2019-2023","2022","Census","Tennessee (State)"
"Census Tract","47187050206","TN","47187050206","=""47187050206""","1269.05","2019-2023","2022","Census","Tennessee (State)"
"Census Tract","47187050207","TN","47187050207","=""47187050207""","941.01","2019-2023","2022","Census","Tennessee (State)"
"Census Tract","47187050209","TN","47187050209","=""47187050209""","1059.69","2019-2023","2022","Census","Tennessee (State)"
"Census Tract","47187050210","TN","47187050210","=""47187050210""","1141.78","2019-2023","2022","Census","Tennessee (State)"
"Census Tract","47187050211","TN","47187050211","=""47187050211""","2276.43","2019-2023","2022","Census","Tennessee (State)"
"Census Tract","47187050212","TN","47187050212","=""47187050212""","847.09","2019-2023","2022","Census","Tennessee (State)"
"Census Tract","47187050303","TN","47187050303","=""47187050303""","1351.73","2019-2023","2022","Census","Tennessee (State)"
"Census Tract","47187050304","TN","47187050304","=""47187050304""","919.78","2019-2023","2022","Census","Tennessee (State)"
"Census Tract","47187050305","TN","47187050305","=""47187050305""","643.12","2019-2023","2022","Census","Tennessee (State)"
"Census Tract","47187050306","TN","47187050306","=""47187050306""","639.17","2019-2023","2022","Census","Tennessee (State)"
"Census Tract","47187050307","TN","47187050307","=""47187050307""","1475.06","2019-2023","2022","Census","Tennessee (State)"
"Census Tract","47187050403","TN","47187050403","=""47187050403""","341.09","2019-2023","2022","Census","Tennessee (State)"
"Census Tract","47187050404","TN","47187050404","=""47187050404""","597.70","2019-2023","2022","Census","Tennessee (State)"
"Census Tract","47187050405","TN","47187050405","=""47187050405""","205.89","2019-2023","2022","Census","Tennessee (State)"
"Census Tract","47187050406","TN","47187050406","=""47187050406""","526.78","2019-2023","2022","Census","Tennessee (State)"
"Census Tract","47187050502","TN","47187050502","=""47187050502""","49.27","2019-2023","2022","Census","Tennessee (State)"
"Census Tract","47187050503","TN","47187050503","=""47187050503""","191.76","2019-2023","2022","Census","Tennessee (State)"
"Census Tract","47187050504","TN","47187050504","=""47187050504""","875.55","2019-2023","2022","Census","Tennessee (State)"
"Census Tract","47187050601","TN","47187050601","=""47187050601""","776.93","2019-2023","2022","Census","Tennessee (State)"
"Census Tract","47187050603","TN","47187050603","=""47187050603""","2743.65","2019-2023","2022","Census","Tennessee (State)"
"Census Tract","47187050604","TN","47187050604","=""47187050604""","495.36","2019-2023","2022","Census","Tennessee (State)"
"Census Tract","47187050701","TN","47187050701","=""47187050701""","2596.93","2019-2023","2022","Census","Tennessee (State)"
"Census Tract","47187050702","TN","47187050702","=""47187050702""","1030.82","2019-2023","2022","Census","Tennessee (State)"
"Census Tract","47187050801","TN","47187050801","=""47187050801""","4690.52","2019-2023","2022","Census","Tennessee (State)"
"Census Tract","47187050802","TN","47187050802","=""47187050802""","1925.09","2019-2023","2022","Census","Tennessee (State)"
"Census Tract","47187050904","TN","47187050904","=""47187050904""","2695.91","2019-2023","2022","Census","Tennessee (State)"
"Census Tract","47187050905","TN","47187050905","=""47187050905""","2890.12","2019-2023","2022","Census","Tennessee (State)"
"Census Tract","47187050906","TN","47187050906","=""47187050906""","2279.84","2019-2023","2022","Census","Tennessee (State)"
"Census Tract","47187050907","TN","47187050907","=""47187050907""","2354.95","2019-2023","2022","Census","Tennessee (State)"
"Census Tract","47187050908","TN","47187050908","=""47187050908""","1276.15","2019-2023","2022","Census","Tennessee (State)"
"Census Tract","47187050909","TN","47187050909","=""47187050909""","400.78","2019-2023","2022","Census","Tennessee (State)"
"Census Tract","47187051001","TN","47187051001","=""47187051001""","1278.50","2019-2023","2022","Census","Tennessee (State)"
"Census Tract","47187051002","TN","47187051002","=""47187051002""","529.05","2019-2023","2022","Census","Tennessee (State)"
"Census Tract","47187051100","TN","47187051100","=""47187051100""","107.64","2019-2023","2022","Census","Tennessee (State)"
"Census Tract","47187051203","TN","47187051203","=""47187051203""","37.52","2019-2023","2022","Census","Tennessee (State)"
"Census Tract","47187051204","TN","47187051204","=""47187051204""","360.95","2019-2023","2022","Census","Tennessee (State)"
"Census Tract","47187051205","TN","47187051205","=""47187051205""","1120.86","2019-2023","2022","Census","Tennessee (State)"
"Census Tract","47187051206","TN","47187051206","=""47187051206""","3797.74","2019-2023","2022","Census","Tennessee (State)"
"Census Tract","47187051207","TN","47187051207","=""47187051207""","4209.99","2019-2023","2022","Census","Tennessee (State)"
"Census Tract","47187051208","TN","47187051208","=""47187051208""","5185.69","2019-2023","2022","Census","Tennessee (State)"
"Census Tract","47189030102","TN","47189030102","=""47189030102""","99.69","2019-2023","2022","Census","Tennessee (State)"
"Census Tract","47189030103","TN","47189030103","=""47189030103""","168.99","2019-2023","2022","Census","Tennessee (State)"
"Census Tract","47189030104","TN","47189030104","=""47189030104""","178.68","2019-2023","2022","Census","Tennessee (State)"
"Census Tract","47189030105","TN","47189030105","=""47189030105""","502.99","2019-2023","2022","Census","Tennessee (State)"
"Census Tract","47189030202","TN","47189030202","=""47189030202""","479.51","2019-2023","2022","Census","Tennessee (State)"
"Census Tract","47189030203","TN","47189030203","=""47189030203""","602.38","2019-2023","2022","Census","Tennessee (State)"
"Census Tract","47189030205","TN","47189030205","=""47189030205""","200.57","2019-2023","2022","Census","Tennessee (State)"
"Census Tract","47189030206","TN","47189030206","=""47189030206""","358.35","2019-2023","2022","Census","Tennessee (State)"
"Census Tract","47189030207","TN","47189030207","=""47189030207""","266.12","2019-2023","2022","Census","Tennessee (State)"
"Census Tract","47189030303","TN","47189030303","=""47189030303""","989.99","2019-2023","2022","Census","Tennessee (State)"
"Census Tract","47189030304","TN","47189030304","=""47189030304""","938.64","2019-2023","2022","Census","Tennessee (State)"
"Census Tract","47189030305","TN","47189030305","=""47189030305""","2237.04","2019-2023","2022","Census","Tennessee (State)"
"Census Tract","47189030308","TN","47189030308","=""47189030308""","2500.50","2019-2023","2022","Census","Tennessee (State)"
"Census Tract","47189030309","TN","47189030309","=""47189030309""","1074.84","2019-2023","2022","Census","Tennessee (State)"
"Census Tract","47189030310","TN","47189030310","=""47189030310""","1200.54","2019-2023","2022","Census","Tennessee (State)"
"Census Tract","47189030311","TN","47189030311","=""47189030311""","480.18","2019-2023","2022","Census","Tennessee (State)"
"Census Tract","47189030401","TN","47189030401","=""47189030401""","1220.68","2019-2023","2022","Census","Tennessee (State)"
"Census Tract","47189030402","TN","47189030402","=""47189030402""","1425.42","2019-2023","2022","Census","Tennessee (State)"
"Census Tract","47189030500","TN","47189030500","=""47189030500""","1680.42","2019-2023","2022","Census","Tennessee (State)"
"Census Tract","47189030600","TN","47189030600","=""47189030600""","2635.82","2019-2023","2022","Census","Tennessee (State)"
"Census Tract","47189030700","TN","47189030700","=""47189030700""","1049.98","2019-2023","2022","Census","Tennessee (State)"
"Census Tract","47189030800","TN","47189030800","=""47189030800""","102.54","2019-2023","2022","Census","Tennessee (State)"
"Census Tract","47189030904","TN","47189030904","=""47189030904""","54.02","2019-2023","2022","Census","Tennessee (State)"
"Census Tract","47189030905","TN","47189030905","=""47189030905""","271.46","2019-2023","2022","Census","Tennessee (State)"
"Census Tract","47189030906","TN","47189030906","=""47189030906""","448.94","2019-2023","2022","Census","Tennessee (State)"
"Census Tract","47189030907","TN","47189030907","=""47189030907""","336.18","2019-2023","2022","Census","Tennessee (State)"
"Census Tract","47189030908","TN","47189030908","=""47189030908""","2679.14","2019-2023","2022","Census","Tennessee (State)"
"Census Tract","47189031000","TN","47189031000","=""47189031000""","45.31","2019-2023","2022","Census","Tennessee (State)"
