GeoID_Description,GeoID_Name,SitsinState,GeoID,GeoID_Formatted,rpopden,TimeFrame,GeoVintage,Source,Location
Census Tract,48001950100,TX,48001950100,"=""48001950100""",28.72,2019-2023,2022,Census,Texas (State)
Census Tract,48001950401,TX,48001950401,"=""48001950401""",658.27,2019-2023,2022,Census,Texas (State)
Census Tract,48001950402,TX,48001950402,"=""48001950402""",212.92,2019-2023,2022,Census,Texas (State)
Census Tract,48001950500,TX,48001950500,"=""48001950500""",508.77,2019-2023,2022,Census,Texas (State)
Census Tract,48001950600,TX,48001950600,"=""48001950600""",663.61,2019-2023,2022,Census,Texas (State)
Census Tract,48001950700,TX,48001950700,"=""48001950700""",906.37,2019-2023,2022,Census,Texas (State)
Census Tract,48001950800,TX,48001950800,"=""48001950800""",1582.89,2019-2023,2022,Census,Texas (State)
Census Tract,48001950901,TX,48001950901,"=""48001950901""",48.81,2019-2023,2022,Census,Texas (State)
Census Tract,48001950902,TX,48001950902,"=""48001950902""",32.53,2019-2023,2022,Census,Texas (State)
Census Tract,48001951001,TX,48001951001,"=""48001951001""",32.78,2019-2023,2022,Census,Texas (State)
Census Tract,48001951002,TX,48001951002,"=""48001951002""",36.42,2019-2023,2022,Census,Texas (State)
Census Tract,48001951100,TX,48001951100,"=""48001951100""",15.68,2019-2023,2022,Census,Texas (State)
Census Tract,48003950100,TX,48003950100,"=""48003950100""",2.48,2019-2023,2022,Census,Texas (State)
Census Tract,48003950200,TX,48003950200,"=""48003950200""",3862.71,2019-2023,2022,Census,Texas (State)
Census Tract,48003950300,TX,48003950300,"=""48003950300""",2295.6,2019-2023,2022,Census,Texas (State)
Census Tract,48003950400,TX,48003950400,"=""48003950400""",7.82,2019-2023,2022,Census,Texas (State)
Census Tract,48005000102,TX,48005000102,"=""48005000102""",90.21,2019-2023,2022,Census,Texas (State)
Census Tract,48005000103,TX,48005000103,"=""48005000103""",68.33,2019-2023,2022,Census,Texas (State)
Census Tract,48005000104,TX,48005000104,"=""48005000104""",61.56,2019-2023,2022,Census,Texas (State)
Census Tract,48005000201,TX,48005000201,"=""48005000201""",176.06,2019-2023,2022,Census,Texas (State)
Census Tract,48005000202,TX,48005000202,"=""48005000202""",93.66,2019-2023,2022,Census,Texas (State)
Census Tract,48005000301,TX,48005000301,"=""48005000301""",343.09,2019-2023,2022,Census,Texas (State)
Census Tract,48005000302,TX,48005000302,"=""48005000302""",251.55,2019-2023,2022,Census,Texas (State)
Census Tract,48005000400,TX,48005000400,"=""48005000400""",1054.73,2019-2023,2022,Census,Texas (State)
Census Tract,48005000500,TX,48005000500,"=""48005000500""",592.89,2019-2023,2022,Census,Texas (State)
Census Tract,48005000600,TX,48005000600,"=""48005000600""",1081.07,2019-2023,2022,Census,Texas (State)
Census Tract,48005000700,TX,48005000700,"=""48005000700""",3115.11,2019-2023,2022,Census,Texas (State)
Census Tract,48005000800,TX,48005000800,"=""48005000800""",804.95,2019-2023,2022,Census,Texas (State)
Census Tract,48005000902,TX,48005000902,"=""48005000902""",928.15,2019-2023,2022,Census,Texas (State)
Census Tract,48005000903,TX,48005000903,"=""48005000903""",1472.22,2019-2023,2022,Census,Texas (State)
Census Tract,48005000904,TX,48005000904,"=""48005000904""",1792.52,2019-2023,2022,Census,Texas (State)
Census Tract,48005001001,TX,48005001001,"=""48005001001""",164.1,2019-2023,2022,Census,Texas (State)
Census Tract,48005001002,TX,48005001002,"=""48005001002""",47.42,2019-2023,2022,Census,Texas (State)
Census Tract,48005001101,TX,48005001101,"=""48005001101""",125.35,2019-2023,2022,Census,Texas (State)
Census Tract,48005001102,TX,48005001102,"=""48005001102""",48.89,2019-2023,2022,Census,Texas (State)
Census Tract,48005001200,TX,48005001200,"=""48005001200""",15.97,2019-2023,2022,Census,Texas (State)
Census Tract,48005001300,TX,48005001300,"=""48005001300""",35.44,2019-2023,2022,Census,Texas (State)
Census Tract,48007950101,TX,48007950101,"=""48007950101""",9.36,2019-2023,2022,Census,Texas (State)
Census Tract,48007950102,TX,48007950102,"=""48007950102""",420.21,2019-2023,2022,Census,Texas (State)
Census Tract,48007950103,TX,48007950103,"=""48007950103""",447.48,2019-2023,2022,Census,Texas (State)
Census Tract,48007950200,TX,48007950200,"=""48007950200""",1036.59,2019-2023,2022,Census,Texas (State)
Census Tract,48007950301,TX,48007950301,"=""48007950301""",868.03,2019-2023,2022,Census,Texas (State)
Census Tract,48007950302,TX,48007950302,"=""48007950302""",1373.28,2019-2023,2022,Census,Texas (State)
Census Tract,48007950400,TX,48007950400,"=""48007950400""",1531.93,2019-2023,2022,Census,Texas (State)
Census Tract,48007950501,TX,48007950501,"=""48007950501""",51.96,2019-2023,2022,Census,Texas (State)
Census Tract,48007950502,TX,48007950502,"=""48007950502""",377.46,2019-2023,2022,Census,Texas (State)
Census Tract,48007950503,TX,48007950503,"=""48007950503""",277.65,2019-2023,2022,Census,Texas (State)
Census Tract,48007990000,TX,48007990000,"=""48007990000""",N/A,2019-2023,2022,Census,Texas (State)
Census Tract,48009020100,TX,48009020100,"=""48009020100""",42.74,2019-2023,2022,Census,Texas (State)
Census Tract,48009020200,TX,48009020200,"=""48009020200""",4.98,2019-2023,2022,Census,Texas (State)
Census Tract,48009020300,TX,48009020300,"=""48009020300""",10,2019-2023,2022,Census,Texas (State)
Census Tract,48011950100,TX,48011950100,"=""48011950100""",2.07,2019-2023,2022,Census,Texas (State)
Census Tract,48013960101,TX,48013960101,"=""48013960101""",52.05,2019-2023,2022,Census,Texas (State)
Census Tract,48013960102,TX,48013960102,"=""48013960102""",13.75,2019-2023,2022,Census,Texas (State)
Census Tract,48013960203,TX,48013960203,"=""48013960203""",311.37,2019-2023,2022,Census,Texas (State)
Census Tract,48013960204,TX,48013960204,"=""48013960204""",44.45,2019-2023,2022,Census,Texas (State)
Census Tract,48013960205,TX,48013960205,"=""48013960205""",84.46,2019-2023,2022,Census,Texas (State)
Census Tract,48013960206,TX,48013960206,"=""48013960206""",132.59,2019-2023,2022,Census,Texas (State)
Census Tract,48013960300,TX,48013960300,"=""48013960300""",365.53,2019-2023,2022,Census,Texas (State)
Census Tract,48013960401,TX,48013960401,"=""48013960401""",125.79,2019-2023,2022,Census,Texas (State)
Census Tract,48013960403,TX,48013960403,"=""48013960403""",866,2019-2023,2022,Census,Texas (State)
Census Tract,48013960404,TX,48013960404,"=""48013960404""",248.05,2019-2023,2022,Census,Texas (State)
Census Tract,48013960500,TX,48013960500,"=""48013960500""",9.45,2019-2023,2022,Census,Texas (State)
Census Tract,48013960601,TX,48013960601,"=""48013960601""",48.33,2019-2023,2022,Census,Texas (State)
Census Tract,48013960602,TX,48013960602,"=""48013960602""",15.52,2019-2023,2022,Census,Texas (State)
Census Tract,48015760100,TX,48015760100,"=""48015760100""",34.47,2019-2023,2022,Census,Texas (State)
Census Tract,48015760201,TX,48015760201,"=""48015760201""",85.34,2019-2023,2022,Census,Texas (State)
Census Tract,48015760202,TX,48015760202,"=""48015760202""",132.45,2019-2023,2022,Census,Texas (State)
Census Tract,48015760301,TX,48015760301,"=""48015760301""",73.43,2019-2023,2022,Census,Texas (State)
Census Tract,48015760302,TX,48015760302,"=""48015760302""",56.58,2019-2023,2022,Census,Texas (State)
Census Tract,48015760400,TX,48015760400,"=""48015760400""",17.41,2019-2023,2022,Census,Texas (State)
Census Tract,48015760501,TX,48015760501,"=""48015760501""",37.63,2019-2023,2022,Census,Texas (State)
Census Tract,48015760502,TX,48015760502,"=""48015760502""",73.42,2019-2023,2022,Census,Texas (State)
Census Tract,48017950101,TX,48017950101,"=""48017950101""",257.07,2019-2023,2022,Census,Texas (State)
Census Tract,48017950102,TX,48017950102,"=""48017950102""",3.38,2019-2023,2022,Census,Texas (State)
Census Tract,48019000101,TX,48019000101,"=""48019000101""",51.6,2019-2023,2022,Census,Texas (State)
Census Tract,48019000103,TX,48019000103,"=""48019000103""",40.86,2019-2023,2022,Census,Texas (State)
Census Tract,48019000104,TX,48019000104,"=""48019000104""",40.39,2019-2023,2022,Census,Texas (State)
Census Tract,48019000200,TX,48019000200,"=""48019000200""",5.36,2019-2023,2022,Census,Texas (State)
Census Tract,48019000301,TX,48019000301,"=""48019000301""",97.4,2019-2023,2022,Census,Texas (State)
Census Tract,48019000302,TX,48019000302,"=""48019000302""",62.45,2019-2023,2022,Census,Texas (State)
Census Tract,48019000400,TX,48019000400,"=""48019000400""",288.82,2019-2023,2022,Census,Texas (State)
Census Tract,48021950101,TX,48021950101,"=""48021950101""",82.92,2019-2023,2022,Census,Texas (State)
Census Tract,48021950102,TX,48021950102,"=""48021950102""",70.79,2019-2023,2022,Census,Texas (State)
Census Tract,48021950201,TX,48021950201,"=""48021950201""",682.93,2019-2023,2022,Census,Texas (State)
Census Tract,48021950202,TX,48021950202,"=""48021950202""",742.98,2019-2023,2022,Census,Texas (State)
Census Tract,48021950301,TX,48021950301,"=""48021950301""",166.26,2019-2023,2022,Census,Texas (State)
Census Tract,48021950302,TX,48021950302,"=""48021950302""",95.18,2019-2023,2022,Census,Texas (State)
Census Tract,48021950303,TX,48021950303,"=""48021950303""",188.33,2019-2023,2022,Census,Texas (State)
Census Tract,48021950401,TX,48021950401,"=""48021950401""",561.49,2019-2023,2022,Census,Texas (State)
Census Tract,48021950402,TX,48021950402,"=""48021950402""",866.27,2019-2023,2022,Census,Texas (State)
Census Tract,48021950403,TX,48021950403,"=""48021950403""",808.7,2019-2023,2022,Census,Texas (State)
Census Tract,48021950503,TX,48021950503,"=""48021950503""",49.75,2019-2023,2022,Census,Texas (State)
Census Tract,48021950504,TX,48021950504,"=""48021950504""",75.08,2019-2023,2022,Census,Texas (State)
Census Tract,48021950505,TX,48021950505,"=""48021950505""",128.6,2019-2023,2022,Census,Texas (State)
Census Tract,48021950506,TX,48021950506,"=""48021950506""",276.05,2019-2023,2022,Census,Texas (State)
Census Tract,48021950601,TX,48021950601,"=""48021950601""",22.52,2019-2023,2022,Census,Texas (State)
Census Tract,48021950602,TX,48021950602,"=""48021950602""",27.39,2019-2023,2022,Census,Texas (State)
Census Tract,48021950700,TX,48021950700,"=""48021950700""",479.17,2019-2023,2022,Census,Texas (State)
Census Tract,48021950803,TX,48021950803,"=""48021950803""",326.98,2019-2023,2022,Census,Texas (State)
Census Tract,48021950804,TX,48021950804,"=""48021950804""",139.69,2019-2023,2022,Census,Texas (State)
Census Tract,48021950805,TX,48021950805,"=""48021950805""",295.37,2019-2023,2022,Census,Texas (State)
Census Tract,48021950806,TX,48021950806,"=""48021950806""",72.39,2019-2023,2022,Census,Texas (State)
Census Tract,48023950301,TX,48023950301,"=""48023950301""",51.16,2019-2023,2022,Census,Texas (State)
Census Tract,48023950302,TX,48023950302,"=""48023950302""",2.65,2019-2023,2022,Census,Texas (State)
Census Tract,48025950100,TX,48025950100,"=""48025950100""",6.77,2019-2023,2022,Census,Texas (State)
Census Tract,48025950201,TX,48025950201,"=""48025950201""",52.65,2019-2023,2022,Census,Texas (State)
Census Tract,48025950203,TX,48025950203,"=""48025950203""",11.11,2019-2023,2022,Census,Texas (State)
Census Tract,48025950204,TX,48025950204,"=""48025950204""",19.54,2019-2023,2022,Census,Texas (State)
Census Tract,48025950300,TX,48025950300,"=""48025950300""",1363.98,2019-2023,2022,Census,Texas (State)
Census Tract,48025950400,TX,48025950400,"=""48025950400""",1077.5,2019-2023,2022,Census,Texas (State)
Census Tract,48025950501,TX,48025950501,"=""48025950501""",2126.29,2019-2023,2022,Census,Texas (State)
Census Tract,48025950502,TX,48025950502,"=""48025950502""",1411.18,2019-2023,2022,Census,Texas (State)
Census Tract,48025950600,TX,48025950600,"=""48025950600""",15.02,2019-2023,2022,Census,Texas (State)
Census Tract,48027020101,TX,48027020101,"=""48027020101""",118.04,2019-2023,2022,Census,Texas (State)
Census Tract,48027020102,TX,48027020102,"=""48027020102""",34.73,2019-2023,2022,Census,Texas (State)
Census Tract,48027020201,TX,48027020201,"=""48027020201""",1086.75,2019-2023,2022,Census,Texas (State)
Census Tract,48027020203,TX,48027020203,"=""48027020203""",324.26,2019-2023,2022,Census,Texas (State)
Census Tract,48027020204,TX,48027020204,"=""48027020204""",54.82,2019-2023,2022,Census,Texas (State)
Census Tract,48027020301,TX,48027020301,"=""48027020301""",1433.03,2019-2023,2022,Census,Texas (State)
Census Tract,48027020302,TX,48027020302,"=""48027020302""",341.81,2019-2023,2022,Census,Texas (State)
Census Tract,48027020401,TX,48027020401,"=""48027020401""",331.42,2019-2023,2022,Census,Texas (State)
Census Tract,48027020402,TX,48027020402,"=""48027020402""",155.02,2019-2023,2022,Census,Texas (State)
Census Tract,48027020500,TX,48027020500,"=""48027020500""",2069.36,2019-2023,2022,Census,Texas (State)
Census Tract,48027020600,TX,48027020600,"=""48027020600""",2787.5,2019-2023,2022,Census,Texas (State)
Census Tract,48027020701,TX,48027020701,"=""48027020701""",2167.99,2019-2023,2022,Census,Texas (State)
Census Tract,48027020702,TX,48027020702,"=""48027020702""",964.33,2019-2023,2022,Census,Texas (State)
Census Tract,48027020800,TX,48027020800,"=""48027020800""",279.73,2019-2023,2022,Census,Texas (State)
Census Tract,48027020900,TX,48027020900,"=""48027020900""",726.45,2019-2023,2022,Census,Texas (State)
Census Tract,48027021000,TX,48027021000,"=""48027021000""",2662.35,2019-2023,2022,Census,Texas (State)
Census Tract,48027021101,TX,48027021101,"=""48027021101""",3630.88,2019-2023,2022,Census,Texas (State)
Census Tract,48027021102,TX,48027021102,"=""48027021102""",4106.13,2019-2023,2022,Census,Texas (State)
Census Tract,48027021201,TX,48027021201,"=""48027021201""",2428.39,2019-2023,2022,Census,Texas (State)
Census Tract,48027021202,TX,48027021202,"=""48027021202""",2496.26,2019-2023,2022,Census,Texas (State)
Census Tract,48027021203,TX,48027021203,"=""48027021203""",814.44,2019-2023,2022,Census,Texas (State)
Census Tract,48027021301,TX,48027021301,"=""48027021301""",6009.44,2019-2023,2022,Census,Texas (State)
Census Tract,48027021302,TX,48027021302,"=""48027021302""",2024.29,2019-2023,2022,Census,Texas (State)
Census Tract,48027021304,TX,48027021304,"=""48027021304""",3683.3,2019-2023,2022,Census,Texas (State)
Census Tract,48027021305,TX,48027021305,"=""48027021305""",1015.51,2019-2023,2022,Census,Texas (State)
Census Tract,48027021400,TX,48027021400,"=""48027021400""",138.14,2019-2023,2022,Census,Texas (State)
Census Tract,48027021501,TX,48027021501,"=""48027021501""",1134.64,2019-2023,2022,Census,Texas (State)
Census Tract,48027021502,TX,48027021502,"=""48027021502""",237.72,2019-2023,2022,Census,Texas (State)
Census Tract,48027021601,TX,48027021601,"=""48027021601""",1212.67,2019-2023,2022,Census,Texas (State)
Census Tract,48027021602,TX,48027021602,"=""48027021602""",572.33,2019-2023,2022,Census,Texas (State)
Census Tract,48027021701,TX,48027021701,"=""48027021701""",1193.4,2019-2023,2022,Census,Texas (State)
Census Tract,48027021702,TX,48027021702,"=""48027021702""",1682.33,2019-2023,2022,Census,Texas (State)
Census Tract,48027021801,TX,48027021801,"=""48027021801""",637.43,2019-2023,2022,Census,Texas (State)
Census Tract,48027021802,TX,48027021802,"=""48027021802""",398.06,2019-2023,2022,Census,Texas (State)
Census Tract,48027021901,TX,48027021901,"=""48027021901""",1970.82,2019-2023,2022,Census,Texas (State)
Census Tract,48027021905,TX,48027021905,"=""48027021905""",2897.8,2019-2023,2022,Census,Texas (State)
Census Tract,48027021906,TX,48027021906,"=""48027021906""",3552.92,2019-2023,2022,Census,Texas (State)
Census Tract,48027021907,TX,48027021907,"=""48027021907""",5359.36,2019-2023,2022,Census,Texas (State)
Census Tract,48027021908,TX,48027021908,"=""48027021908""",1061.68,2019-2023,2022,Census,Texas (State)
Census Tract,48027022001,TX,48027022001,"=""48027022001""",2602.63,2019-2023,2022,Census,Texas (State)
Census Tract,48027022002,TX,48027022002,"=""48027022002""",297.52,2019-2023,2022,Census,Texas (State)
Census Tract,48027022101,TX,48027022101,"=""48027022101""",4857.93,2019-2023,2022,Census,Texas (State)
Census Tract,48027022103,TX,48027022103,"=""48027022103""",5721.9,2019-2023,2022,Census,Texas (State)
Census Tract,48027022104,TX,48027022104,"=""48027022104""",6547.74,2019-2023,2022,Census,Texas (State)
Census Tract,48027022105,TX,48027022105,"=""48027022105""",2888.31,2019-2023,2022,Census,Texas (State)
Census Tract,48027022200,TX,48027022200,"=""48027022200""",2012.49,2019-2023,2022,Census,Texas (State)
Census Tract,48027022300,TX,48027022300,"=""48027022300""",1292.31,2019-2023,2022,Census,Texas (State)
Census Tract,48027022401,TX,48027022401,"=""48027022401""",4301.78,2019-2023,2022,Census,Texas (State)
Census Tract,48027022402,TX,48027022402,"=""48027022402""",2947.53,2019-2023,2022,Census,Texas (State)
Census Tract,48027022403,TX,48027022403,"=""48027022403""",5403.68,2019-2023,2022,Census,Texas (State)
Census Tract,48027022405,TX,48027022405,"=""48027022405""",2627.77,2019-2023,2022,Census,Texas (State)
Census Tract,48027022406,TX,48027022406,"=""48027022406""",4180.51,2019-2023,2022,Census,Texas (State)
Census Tract,48027022407,TX,48027022407,"=""48027022407""",4275.66,2019-2023,2022,Census,Texas (State)
Census Tract,48027022501,TX,48027022501,"=""48027022501""",3874.78,2019-2023,2022,Census,Texas (State)
Census Tract,48027022503,TX,48027022503,"=""48027022503""",2554.76,2019-2023,2022,Census,Texas (State)
Census Tract,48027022504,TX,48027022504,"=""48027022504""",1285.02,2019-2023,2022,Census,Texas (State)
Census Tract,48027022600,TX,48027022600,"=""48027022600""",4694.77,2019-2023,2022,Census,Texas (State)
Census Tract,48027022801,TX,48027022801,"=""48027022801""",5905.03,2019-2023,2022,Census,Texas (State)
Census Tract,48027022900,TX,48027022900,"=""48027022900""",4545.79,2019-2023,2022,Census,Texas (State)
Census Tract,48027023001,TX,48027023001,"=""48027023001""",4189.77,2019-2023,2022,Census,Texas (State)
Census Tract,48027023002,TX,48027023002,"=""48027023002""",2515.81,2019-2023,2022,Census,Texas (State)
Census Tract,48027023103,TX,48027023103,"=""48027023103""",4494.27,2019-2023,2022,Census,Texas (State)
Census Tract,48027023104,TX,48027023104,"=""48027023104""",4030.66,2019-2023,2022,Census,Texas (State)
Census Tract,48027023109,TX,48027023109,"=""48027023109""",4441.96,2019-2023,2022,Census,Texas (State)
Census Tract,48027023110,TX,48027023110,"=""48027023110""",5481.39,2019-2023,2022,Census,Texas (State)
Census Tract,48027023111,TX,48027023111,"=""48027023111""",2582.98,2019-2023,2022,Census,Texas (State)
Census Tract,48027023112,TX,48027023112,"=""48027023112""",6375.31,2019-2023,2022,Census,Texas (State)
Census Tract,48027023113,TX,48027023113,"=""48027023113""",4529.95,2019-2023,2022,Census,Texas (State)
Census Tract,48027023114,TX,48027023114,"=""48027023114""",6680.44,2019-2023,2022,Census,Texas (State)
Census Tract,48027023115,TX,48027023115,"=""48027023115""",6437.05,2019-2023,2022,Census,Texas (State)
Census Tract,48027023116,TX,48027023116,"=""48027023116""",4156.4,2019-2023,2022,Census,Texas (State)
Census Tract,48027023117,TX,48027023117,"=""48027023117""",1885.17,2019-2023,2022,Census,Texas (State)
Census Tract,48027023118,TX,48027023118,"=""48027023118""",3635.65,2019-2023,2022,Census,Texas (State)
Census Tract,48027023201,TX,48027023201,"=""48027023201""",1093.31,2019-2023,2022,Census,Texas (State)
Census Tract,48027023202,TX,48027023202,"=""48027023202""",1426.9,2019-2023,2022,Census,Texas (State)
Census Tract,48027023203,TX,48027023203,"=""48027023203""",2496.45,2019-2023,2022,Census,Texas (State)
Census Tract,48027023204,TX,48027023204,"=""48027023204""",387.5,2019-2023,2022,Census,Texas (State)
Census Tract,48027023301,TX,48027023301,"=""48027023301""",64.13,2019-2023,2022,Census,Texas (State)
Census Tract,48027023302,TX,48027023302,"=""48027023302""",168.12,2019-2023,2022,Census,Texas (State)
Census Tract,48027023402,TX,48027023402,"=""48027023402""",36.81,2019-2023,2022,Census,Texas (State)
Census Tract,48027023404,TX,48027023404,"=""48027023404""",35.74,2019-2023,2022,Census,Texas (State)
Census Tract,48027023405,TX,48027023405,"=""48027023405""",89.02,2019-2023,2022,Census,Texas (State)
Census Tract,48027023406,TX,48027023406,"=""48027023406""",138.78,2019-2023,2022,Census,Texas (State)
Census Tract,48027023500,TX,48027023500,"=""48027023500""",3288.46,2019-2023,2022,Census,Texas (State)
Census Tract,48027980001,TX,48027980001,"=""48027980001""",9.65,2019-2023,2022,Census,Texas (State)
Census Tract,48027980002,TX,48027980002,"=""48027980002""",0,2019-2023,2022,Census,Texas (State)
Census Tract,48027980003,TX,48027980003,"=""48027980003""",0,2019-2023,2022,Census,Texas (State)
Census Tract,48029110100,TX,48029110100,"=""48029110100""",2617.25,2019-2023,2022,Census,Texas (State)
Census Tract,48029110300,TX,48029110300,"=""48029110300""",4491.28,2019-2023,2022,Census,Texas (State)
Census Tract,48029110500,TX,48029110500,"=""48029110500""",5729.8,2019-2023,2022,Census,Texas (State)
Census Tract,48029110600,TX,48029110600,"=""48029110600""",9550.18,2019-2023,2022,Census,Texas (State)
Census Tract,48029110700,TX,48029110700,"=""48029110700""",2326.57,2019-2023,2022,Census,Texas (State)
Census Tract,48029111000,TX,48029111000,"=""48029111000""",3676.22,2019-2023,2022,Census,Texas (State)
Census Tract,48029111100,TX,48029111100,"=""48029111100""",3827.82,2019-2023,2022,Census,Texas (State)
Census Tract,48029120100,TX,48029120100,"=""48029120100""",1210.04,2019-2023,2022,Census,Texas (State)
Census Tract,48029120301,TX,48029120301,"=""48029120301""",5143.12,2019-2023,2022,Census,Texas (State)
Census Tract,48029120302,TX,48029120302,"=""48029120302""",3464.35,2019-2023,2022,Census,Texas (State)
Census Tract,48029120401,TX,48029120401,"=""48029120401""",4087.29,2019-2023,2022,Census,Texas (State)
Census Tract,48029120402,TX,48029120402,"=""48029120402""",2751.32,2019-2023,2022,Census,Texas (State)
Census Tract,48029120502,TX,48029120502,"=""48029120502""",4172.98,2019-2023,2022,Census,Texas (State)
Census Tract,48029120503,TX,48029120503,"=""48029120503""",6580.44,2019-2023,2022,Census,Texas (State)
Census Tract,48029120504,TX,48029120504,"=""48029120504""",3166.97,2019-2023,2022,Census,Texas (State)
Census Tract,48029120601,TX,48029120601,"=""48029120601""",5434.48,2019-2023,2022,Census,Texas (State)
Census Tract,48029120602,TX,48029120602,"=""48029120602""",4945.6,2019-2023,2022,Census,Texas (State)
Census Tract,48029120701,TX,48029120701,"=""48029120701""",4048.61,2019-2023,2022,Census,Texas (State)
Census Tract,48029120702,TX,48029120702,"=""48029120702""",3753.86,2019-2023,2022,Census,Texas (State)
Census Tract,48029120800,TX,48029120800,"=""48029120800""",3787.6,2019-2023,2022,Census,Texas (State)
Census Tract,48029120901,TX,48029120901,"=""48029120901""",3184.07,2019-2023,2022,Census,Texas (State)
Census Tract,48029120902,TX,48029120902,"=""48029120902""",3781.98,2019-2023,2022,Census,Texas (State)
Census Tract,48029121000,TX,48029121000,"=""48029121000""",2788.42,2019-2023,2022,Census,Texas (State)
Census Tract,48029121110,TX,48029121110,"=""48029121110""",2984.64,2019-2023,2022,Census,Texas (State)
Census Tract,48029121111,TX,48029121111,"=""48029121111""",4700.92,2019-2023,2022,Census,Texas (State)
Census Tract,48029121112,TX,48029121112,"=""48029121112""",2198,2019-2023,2022,Census,Texas (State)
Census Tract,48029121115,TX,48029121115,"=""48029121115""",5005.87,2019-2023,2022,Census,Texas (State)
Census Tract,48029121116,TX,48029121116,"=""48029121116""",3996.07,2019-2023,2022,Census,Texas (State)
Census Tract,48029121117,TX,48029121117,"=""48029121117""",4884.65,2019-2023,2022,Census,Texas (State)
Census Tract,48029121118,TX,48029121118,"=""48029121118""",3138.82,2019-2023,2022,Census,Texas (State)
Census Tract,48029121119,TX,48029121119,"=""48029121119""",3103.82,2019-2023,2022,Census,Texas (State)
Census Tract,48029121120,TX,48029121120,"=""48029121120""",2737.66,2019-2023,2022,Census,Texas (State)
Census Tract,48029121121,TX,48029121121,"=""48029121121""",3309.35,2019-2023,2022,Census,Texas (State)
Census Tract,48029121122,TX,48029121122,"=""48029121122""",4353.55,2019-2023,2022,Census,Texas (State)
Census Tract,48029121123,TX,48029121123,"=""48029121123""",4918.03,2019-2023,2022,Census,Texas (State)
Census Tract,48029121124,TX,48029121124,"=""48029121124""",4472.6,2019-2023,2022,Census,Texas (State)
Census Tract,48029121203,TX,48029121203,"=""48029121203""",1534.78,2019-2023,2022,Census,Texas (State)
Census Tract,48029121204,TX,48029121204,"=""48029121204""",4825.19,2019-2023,2022,Census,Texas (State)
Census Tract,48029121205,TX,48029121205,"=""48029121205""",3362.62,2019-2023,2022,Census,Texas (State)
Census Tract,48029121206,TX,48029121206,"=""48029121206""",4735.96,2019-2023,2022,Census,Texas (State)
Census Tract,48029121300,TX,48029121300,"=""48029121300""",3042.68,2019-2023,2022,Census,Texas (State)
Census Tract,48029121402,TX,48029121402,"=""48029121402""",5925.35,2019-2023,2022,Census,Texas (State)
Census Tract,48029121403,TX,48029121403,"=""48029121403""",3040.68,2019-2023,2022,Census,Texas (State)
Census Tract,48029121404,TX,48029121404,"=""48029121404""",2228.58,2019-2023,2022,Census,Texas (State)
Census Tract,48029121501,TX,48029121501,"=""48029121501""",4022.96,2019-2023,2022,Census,Texas (State)
Census Tract,48029121504,TX,48029121504,"=""48029121504""",5584.79,2019-2023,2022,Census,Texas (State)
Census Tract,48029121505,TX,48029121505,"=""48029121505""",4312.13,2019-2023,2022,Census,Texas (State)
Census Tract,48029121506,TX,48029121506,"=""48029121506""",4846.39,2019-2023,2022,Census,Texas (State)
Census Tract,48029121507,TX,48029121507,"=""48029121507""",5094.02,2019-2023,2022,Census,Texas (State)
Census Tract,48029121508,TX,48029121508,"=""48029121508""",5098.45,2019-2023,2022,Census,Texas (State)
Census Tract,48029121601,TX,48029121601,"=""48029121601""",2894.89,2019-2023,2022,Census,Texas (State)
Census Tract,48029121604,TX,48029121604,"=""48029121604""",5084.03,2019-2023,2022,Census,Texas (State)
Census Tract,48029121605,TX,48029121605,"=""48029121605""",2056.83,2019-2023,2022,Census,Texas (State)
Census Tract,48029121606,TX,48029121606,"=""48029121606""",3432.58,2019-2023,2022,Census,Texas (State)
Census Tract,48029121701,TX,48029121701,"=""48029121701""",3903.53,2019-2023,2022,Census,Texas (State)
Census Tract,48029121702,TX,48029121702,"=""48029121702""",3132.27,2019-2023,2022,Census,Texas (State)
Census Tract,48029121802,TX,48029121802,"=""48029121802""",3146.26,2019-2023,2022,Census,Texas (State)
Census Tract,48029121803,TX,48029121803,"=""48029121803""",4127.84,2019-2023,2022,Census,Texas (State)
Census Tract,48029121804,TX,48029121804,"=""48029121804""",7136,2019-2023,2022,Census,Texas (State)
Census Tract,48029121808,TX,48029121808,"=""48029121808""",4502,2019-2023,2022,Census,Texas (State)
Census Tract,48029121809,TX,48029121809,"=""48029121809""",6510.98,2019-2023,2022,Census,Texas (State)
Census Tract,48029121810,TX,48029121810,"=""48029121810""",5565.71,2019-2023,2022,Census,Texas (State)
Census Tract,48029121811,TX,48029121811,"=""48029121811""",6127.08,2019-2023,2022,Census,Texas (State)
Census Tract,48029121812,TX,48029121812,"=""48029121812""",4943.18,2019-2023,2022,Census,Texas (State)
Census Tract,48029121813,TX,48029121813,"=""48029121813""",2107.17,2019-2023,2022,Census,Texas (State)
Census Tract,48029121903,TX,48029121903,"=""48029121903""",1785.17,2019-2023,2022,Census,Texas (State)
Census Tract,48029121904,TX,48029121904,"=""48029121904""",4749.79,2019-2023,2022,Census,Texas (State)
Census Tract,48029121905,TX,48029121905,"=""48029121905""",2267.46,2019-2023,2022,Census,Texas (State)
Census Tract,48029121906,TX,48029121906,"=""48029121906""",3237.96,2019-2023,2022,Census,Texas (State)
Census Tract,48029121908,TX,48029121908,"=""48029121908""",208.31,2019-2023,2022,Census,Texas (State)
Census Tract,48029121909,TX,48029121909,"=""48029121909""",2008.1,2019-2023,2022,Census,Texas (State)
Census Tract,48029121910,TX,48029121910,"=""48029121910""",735.57,2019-2023,2022,Census,Texas (State)
Census Tract,48029121911,TX,48029121911,"=""48029121911""",1697.39,2019-2023,2022,Census,Texas (State)
Census Tract,48029121912,TX,48029121912,"=""48029121912""",1164.41,2019-2023,2022,Census,Texas (State)
Census Tract,48029130200,TX,48029130200,"=""48029130200""",4225.51,2019-2023,2022,Census,Texas (State)
Census Tract,48029130300,TX,48029130300,"=""48029130300""",4971.98,2019-2023,2022,Census,Texas (State)
Census Tract,48029130401,TX,48029130401,"=""48029130401""",6273.21,2019-2023,2022,Census,Texas (State)
Census Tract,48029130402,TX,48029130402,"=""48029130402""",4186.16,2019-2023,2022,Census,Texas (State)
Census Tract,48029130500,TX,48029130500,"=""48029130500""",4044.2,2019-2023,2022,Census,Texas (State)
Census Tract,48029130600,TX,48029130600,"=""48029130600""",4574.06,2019-2023,2022,Census,Texas (State)
Census Tract,48029130700,TX,48029130700,"=""48029130700""",4097,2019-2023,2022,Census,Texas (State)
Census Tract,48029130800,TX,48029130800,"=""48029130800""",1766.35,2019-2023,2022,Census,Texas (State)
Census Tract,48029130900,TX,48029130900,"=""48029130900""",1679.87,2019-2023,2022,Census,Texas (State)
Census Tract,48029131000,TX,48029131000,"=""48029131000""",3028,2019-2023,2022,Census,Texas (State)
Census Tract,48029131100,TX,48029131100,"=""48029131100""",3899.38,2019-2023,2022,Census,Texas (State)
Census Tract,48029131200,TX,48029131200,"=""48029131200""",1498.2,2019-2023,2022,Census,Texas (State)
Census Tract,48029131300,TX,48029131300,"=""48029131300""",2780.19,2019-2023,2022,Census,Texas (State)
Census Tract,48029131401,TX,48029131401,"=""48029131401""",3892.16,2019-2023,2022,Census,Texas (State)
Census Tract,48029131402,TX,48029131402,"=""48029131402""",727.89,2019-2023,2022,Census,Texas (State)
Census Tract,48029131503,TX,48029131503,"=""48029131503""",4091.06,2019-2023,2022,Census,Texas (State)
Census Tract,48029131504,TX,48029131504,"=""48029131504""",2542.38,2019-2023,2022,Census,Texas (State)
Census Tract,48029131505,TX,48029131505,"=""48029131505""",10210.05,2019-2023,2022,Census,Texas (State)
Census Tract,48029131506,TX,48029131506,"=""48029131506""",1537.76,2019-2023,2022,Census,Texas (State)
Census Tract,48029131507,TX,48029131507,"=""48029131507""",7170.88,2019-2023,2022,Census,Texas (State)
Census Tract,48029131601,TX,48029131601,"=""48029131601""",415.48,2019-2023,2022,Census,Texas (State)
Census Tract,48029131606,TX,48029131606,"=""48029131606""",2807.79,2019-2023,2022,Census,Texas (State)
Census Tract,48029131608,TX,48029131608,"=""48029131608""",3987.14,2019-2023,2022,Census,Texas (State)
Census Tract,48029131609,TX,48029131609,"=""48029131609""",4390.17,2019-2023,2022,Census,Texas (State)
Census Tract,48029131610,TX,48029131610,"=""48029131610""",7075.6,2019-2023,2022,Census,Texas (State)
Census Tract,48029131612,TX,48029131612,"=""48029131612""",2844.71,2019-2023,2022,Census,Texas (State)
Census Tract,48029131614,TX,48029131614,"=""48029131614""",4676.21,2019-2023,2022,Census,Texas (State)
Census Tract,48029131615,TX,48029131615,"=""48029131615""",3369.12,2019-2023,2022,Census,Texas (State)
Census Tract,48029131616,TX,48029131616,"=""48029131616""",3656.56,2019-2023,2022,Census,Texas (State)
Census Tract,48029131700,TX,48029131700,"=""48029131700""",308.86,2019-2023,2022,Census,Texas (State)
Census Tract,48029131801,TX,48029131801,"=""48029131801""",88.38,2019-2023,2022,Census,Texas (State)
Census Tract,48029131802,TX,48029131802,"=""48029131802""",179.8,2019-2023,2022,Census,Texas (State)
Census Tract,48029140100,TX,48029140100,"=""48029140100""",4017.18,2019-2023,2022,Census,Texas (State)
Census Tract,48029140200,TX,48029140200,"=""48029140200""",2868.96,2019-2023,2022,Census,Texas (State)
Census Tract,48029140300,TX,48029140300,"=""48029140300""",4998.06,2019-2023,2022,Census,Texas (State)
Census Tract,48029140400,TX,48029140400,"=""48029140400""",6479.62,2019-2023,2022,Census,Texas (State)
Census Tract,48029140500,TX,48029140500,"=""48029140500""",5624.07,2019-2023,2022,Census,Texas (State)
Census Tract,48029140600,TX,48029140600,"=""48029140600""",6115.95,2019-2023,2022,Census,Texas (State)
Census Tract,48029140700,TX,48029140700,"=""48029140700""",6939.95,2019-2023,2022,Census,Texas (State)
Census Tract,48029140800,TX,48029140800,"=""48029140800""",6722.57,2019-2023,2022,Census,Texas (State)
Census Tract,48029140900,TX,48029140900,"=""48029140900""",3750.63,2019-2023,2022,Census,Texas (State)
Census Tract,48029141000,TX,48029141000,"=""48029141000""",5383.07,2019-2023,2022,Census,Texas (State)
Census Tract,48029141101,TX,48029141101,"=""48029141101""",3063.65,2019-2023,2022,Census,Texas (State)
Census Tract,48029141102,TX,48029141102,"=""48029141102""",7107.82,2019-2023,2022,Census,Texas (State)
Census Tract,48029141200,TX,48029141200,"=""48029141200""",5022.61,2019-2023,2022,Census,Texas (State)
Census Tract,48029141300,TX,48029141300,"=""48029141300""",2199.77,2019-2023,2022,Census,Texas (State)
Census Tract,48029141402,TX,48029141402,"=""48029141402""",2815.08,2019-2023,2022,Census,Texas (State)
Census Tract,48029141403,TX,48029141403,"=""48029141403""",6407.7,2019-2023,2022,Census,Texas (State)
Census Tract,48029141404,TX,48029141404,"=""48029141404""",4368.22,2019-2023,2022,Census,Texas (State)
Census Tract,48029141600,TX,48029141600,"=""48029141600""",3823.61,2019-2023,2022,Census,Texas (State)
Census Tract,48029141700,TX,48029141700,"=""48029141700""",355.24,2019-2023,2022,Census,Texas (State)
Census Tract,48029141800,TX,48029141800,"=""48029141800""",157.92,2019-2023,2022,Census,Texas (State)
Census Tract,48029141900,TX,48029141900,"=""48029141900""",124.16,2019-2023,2022,Census,Texas (State)
Census Tract,48029150100,TX,48029150100,"=""48029150100""",5031.06,2019-2023,2022,Census,Texas (State)
Census Tract,48029150300,TX,48029150300,"=""48029150300""",2934.2,2019-2023,2022,Census,Texas (State)
Census Tract,48029150400,TX,48029150400,"=""48029150400""",7017.17,2019-2023,2022,Census,Texas (State)
Census Tract,48029150501,TX,48029150501,"=""48029150501""",7942.73,2019-2023,2022,Census,Texas (State)
Census Tract,48029150502,TX,48029150502,"=""48029150502""",6528.41,2019-2023,2022,Census,Texas (State)
Census Tract,48029150600,TX,48029150600,"=""48029150600""",5738.13,2019-2023,2022,Census,Texas (State)
Census Tract,48029150700,TX,48029150700,"=""48029150700""",5785.63,2019-2023,2022,Census,Texas (State)
Census Tract,48029150800,TX,48029150800,"=""48029150800""",1705.58,2019-2023,2022,Census,Texas (State)
Census Tract,48029150900,TX,48029150900,"=""48029150900""",6592.5,2019-2023,2022,Census,Texas (State)
Census Tract,48029151000,TX,48029151000,"=""48029151000""",5445.38,2019-2023,2022,Census,Texas (State)
Census Tract,48029151100,TX,48029151100,"=""48029151100""",4930.3,2019-2023,2022,Census,Texas (State)
Census Tract,48029151200,TX,48029151200,"=""48029151200""",4329.16,2019-2023,2022,Census,Texas (State)
Census Tract,48029151301,TX,48029151301,"=""48029151301""",3937.78,2019-2023,2022,Census,Texas (State)
Census Tract,48029151302,TX,48029151302,"=""48029151302""",2858.87,2019-2023,2022,Census,Texas (State)
Census Tract,48029151400,TX,48029151400,"=""48029151400""",5980.32,2019-2023,2022,Census,Texas (State)
Census Tract,48029151500,TX,48029151500,"=""48029151500""",2900.78,2019-2023,2022,Census,Texas (State)
Census Tract,48029151600,TX,48029151600,"=""48029151600""",6961.08,2019-2023,2022,Census,Texas (State)
Census Tract,48029151700,TX,48029151700,"=""48029151700""",3297.39,2019-2023,2022,Census,Texas (State)
Census Tract,48029151900,TX,48029151900,"=""48029151900""",611.85,2019-2023,2022,Census,Texas (State)
Census Tract,48029152000,TX,48029152000,"=""48029152000""",160.02,2019-2023,2022,Census,Texas (State)
Census Tract,48029152100,TX,48029152100,"=""48029152100""",139.69,2019-2023,2022,Census,Texas (State)
Census Tract,48029152201,TX,48029152201,"=""48029152201""",239.82,2019-2023,2022,Census,Texas (State)
Census Tract,48029152202,TX,48029152202,"=""48029152202""",226.14,2019-2023,2022,Census,Texas (State)
Census Tract,48029160100,TX,48029160100,"=""48029160100""",7450.7,2019-2023,2022,Census,Texas (State)
Census Tract,48029160200,TX,48029160200,"=""48029160200""",6718.49,2019-2023,2022,Census,Texas (State)
Census Tract,48029160300,TX,48029160300,"=""48029160300""",8506.72,2019-2023,2022,Census,Texas (State)
Census Tract,48029160400,TX,48029160400,"=""48029160400""",4417.01,2019-2023,2022,Census,Texas (State)
Census Tract,48029160501,TX,48029160501,"=""48029160501""",8776.85,2019-2023,2022,Census,Texas (State)
Census Tract,48029160502,TX,48029160502,"=""48029160502""",5428.85,2019-2023,2022,Census,Texas (State)
Census Tract,48029160600,TX,48029160600,"=""48029160600""",5300.61,2019-2023,2022,Census,Texas (State)
Census Tract,48029160701,TX,48029160701,"=""48029160701""",3919.39,2019-2023,2022,Census,Texas (State)
Census Tract,48029160702,TX,48029160702,"=""48029160702""",4137.22,2019-2023,2022,Census,Texas (State)
Census Tract,48029160901,TX,48029160901,"=""48029160901""",2918.74,2019-2023,2022,Census,Texas (State)
Census Tract,48029160902,TX,48029160902,"=""48029160902""",3935.77,2019-2023,2022,Census,Texas (State)
Census Tract,48029161000,TX,48029161000,"=""48029161000""",1297.39,2019-2023,2022,Census,Texas (State)
Census Tract,48029161100,TX,48029161100,"=""48029161100""",2177.29,2019-2023,2022,Census,Texas (State)
Census Tract,48029161200,TX,48029161200,"=""48029161200""",230.32,2019-2023,2022,Census,Texas (State)
Census Tract,48029161302,TX,48029161302,"=""48029161302""",4265.04,2019-2023,2022,Census,Texas (State)
Census Tract,48029161303,TX,48029161303,"=""48029161303""",9512.03,2019-2023,2022,Census,Texas (State)
Census Tract,48029161304,TX,48029161304,"=""48029161304""",1764.33,2019-2023,2022,Census,Texas (State)
Census Tract,48029161400,TX,48029161400,"=""48029161400""",1741.26,2019-2023,2022,Census,Texas (State)
Census Tract,48029161501,TX,48029161501,"=""48029161501""",4711.15,2019-2023,2022,Census,Texas (State)
Census Tract,48029161503,TX,48029161503,"=""48029161503""",6327.07,2019-2023,2022,Census,Texas (State)
Census Tract,48029161504,TX,48029161504,"=""48029161504""",6532.26,2019-2023,2022,Census,Texas (State)
Census Tract,48029161600,TX,48029161600,"=""48029161600""",1920.21,2019-2023,2022,Census,Texas (State)
Census Tract,48029161801,TX,48029161801,"=""48029161801""",4176.39,2019-2023,2022,Census,Texas (State)
Census Tract,48029161802,TX,48029161802,"=""48029161802""",1277.71,2019-2023,2022,Census,Texas (State)
Census Tract,48029161901,TX,48029161901,"=""48029161901""",123.65,2019-2023,2022,Census,Texas (State)
Census Tract,48029161902,TX,48029161902,"=""48029161902""",372.77,2019-2023,2022,Census,Texas (State)
Census Tract,48029162001,TX,48029162001,"=""48029162001""",120.82,2019-2023,2022,Census,Texas (State)
Census Tract,48029162003,TX,48029162003,"=""48029162003""",333.47,2019-2023,2022,Census,Texas (State)
Census Tract,48029162004,TX,48029162004,"=""48029162004""",167.8,2019-2023,2022,Census,Texas (State)
Census Tract,48029170101,TX,48029170101,"=""48029170101""",7933.08,2019-2023,2022,Census,Texas (State)
Census Tract,48029170102,TX,48029170102,"=""48029170102""",7122.15,2019-2023,2022,Census,Texas (State)
Census Tract,48029170200,TX,48029170200,"=""48029170200""",6937.4,2019-2023,2022,Census,Texas (State)
Census Tract,48029170300,TX,48029170300,"=""48029170300""",7431.64,2019-2023,2022,Census,Texas (State)
Census Tract,48029170401,TX,48029170401,"=""48029170401""",8495.64,2019-2023,2022,Census,Texas (State)
Census Tract,48029170402,TX,48029170402,"=""48029170402""",7455.69,2019-2023,2022,Census,Texas (State)
Census Tract,48029170500,TX,48029170500,"=""48029170500""",4000.49,2019-2023,2022,Census,Texas (State)
Census Tract,48029170600,TX,48029170600,"=""48029170600""",4890.97,2019-2023,2022,Census,Texas (State)
Census Tract,48029170700,TX,48029170700,"=""48029170700""",6171.28,2019-2023,2022,Census,Texas (State)
Census Tract,48029170800,TX,48029170800,"=""48029170800""",5143.37,2019-2023,2022,Census,Texas (State)
Census Tract,48029170900,TX,48029170900,"=""48029170900""",6100,2019-2023,2022,Census,Texas (State)
Census Tract,48029171000,TX,48029171000,"=""48029171000""",9087.3,2019-2023,2022,Census,Texas (State)
Census Tract,48029171100,TX,48029171100,"=""48029171100""",4759.5,2019-2023,2022,Census,Texas (State)
Census Tract,48029171200,TX,48029171200,"=""48029171200""",4386.6,2019-2023,2022,Census,Texas (State)
Census Tract,48029171301,TX,48029171301,"=""48029171301""",7383.07,2019-2023,2022,Census,Texas (State)
Census Tract,48029171302,TX,48029171302,"=""48029171302""",5896.29,2019-2023,2022,Census,Texas (State)
Census Tract,48029171401,TX,48029171401,"=""48029171401""",5284.42,2019-2023,2022,Census,Texas (State)
Census Tract,48029171402,TX,48029171402,"=""48029171402""",7130.74,2019-2023,2022,Census,Texas (State)
Census Tract,48029171501,TX,48029171501,"=""48029171501""",3793.91,2019-2023,2022,Census,Texas (State)
Census Tract,48029171502,TX,48029171502,"=""48029171502""",5808.22,2019-2023,2022,Census,Texas (State)
Census Tract,48029171601,TX,48029171601,"=""48029171601""",2851.6,2019-2023,2022,Census,Texas (State)
Census Tract,48029171602,TX,48029171602,"=""48029171602""",1620.07,2019-2023,2022,Census,Texas (State)
Census Tract,48029171700,TX,48029171700,"=""48029171700""",2014.82,2019-2023,2022,Census,Texas (State)
Census Tract,48029171801,TX,48029171801,"=""48029171801""",6131.17,2019-2023,2022,Census,Texas (State)
Census Tract,48029171802,TX,48029171802,"=""48029171802""",6219.59,2019-2023,2022,Census,Texas (State)
Census Tract,48029171903,TX,48029171903,"=""48029171903""",4304.59,2019-2023,2022,Census,Texas (State)
Census Tract,48029171912,TX,48029171912,"=""48029171912""",2134.86,2019-2023,2022,Census,Texas (State)
Census Tract,48029171913,TX,48029171913,"=""48029171913""",6534.06,2019-2023,2022,Census,Texas (State)
Census Tract,48029171914,TX,48029171914,"=""48029171914""",6818.6,2019-2023,2022,Census,Texas (State)
Census Tract,48029171915,TX,48029171915,"=""48029171915""",3610.75,2019-2023,2022,Census,Texas (State)
Census Tract,48029171916,TX,48029171916,"=""48029171916""",5265.72,2019-2023,2022,Census,Texas (State)
Census Tract,48029171917,TX,48029171917,"=""48029171917""",7526.98,2019-2023,2022,Census,Texas (State)
Census Tract,48029171918,TX,48029171918,"=""48029171918""",2506.04,2019-2023,2022,Census,Texas (State)
Census Tract,48029171919,TX,48029171919,"=""48029171919""",7353.33,2019-2023,2022,Census,Texas (State)
Census Tract,48029171920,TX,48029171920,"=""48029171920""",3760.19,2019-2023,2022,Census,Texas (State)
Census Tract,48029171921,TX,48029171921,"=""48029171921""",8402.88,2019-2023,2022,Census,Texas (State)
Census Tract,48029171922,TX,48029171922,"=""48029171922""",5828.82,2019-2023,2022,Census,Texas (State)
Census Tract,48029171923,TX,48029171923,"=""48029171923""",6914.58,2019-2023,2022,Census,Texas (State)
Census Tract,48029171924,TX,48029171924,"=""48029171924""",3983,2019-2023,2022,Census,Texas (State)
Census Tract,48029171926,TX,48029171926,"=""48029171926""",2235.05,2019-2023,2022,Census,Texas (State)
Census Tract,48029171927,TX,48029171927,"=""48029171927""",7049.06,2019-2023,2022,Census,Texas (State)
Census Tract,48029171928,TX,48029171928,"=""48029171928""",5004.68,2019-2023,2022,Census,Texas (State)
Census Tract,48029171929,TX,48029171929,"=""48029171929""",6582.47,2019-2023,2022,Census,Texas (State)
Census Tract,48029172002,TX,48029172002,"=""48029172002""",1316.23,2019-2023,2022,Census,Texas (State)
Census Tract,48029172003,TX,48029172003,"=""48029172003""",4636.28,2019-2023,2022,Census,Texas (State)
Census Tract,48029172004,TX,48029172004,"=""48029172004""",1367.52,2019-2023,2022,Census,Texas (State)
Census Tract,48029172005,TX,48029172005,"=""48029172005""",4663.61,2019-2023,2022,Census,Texas (State)
Census Tract,48029172006,TX,48029172006,"=""48029172006""",1045.52,2019-2023,2022,Census,Texas (State)
Census Tract,48029172008,TX,48029172008,"=""48029172008""",2910.25,2019-2023,2022,Census,Texas (State)
Census Tract,48029172009,TX,48029172009,"=""48029172009""",2700.23,2019-2023,2022,Census,Texas (State)
Census Tract,48029180101,TX,48029180101,"=""48029180101""",5386.55,2019-2023,2022,Census,Texas (State)
Census Tract,48029180102,TX,48029180102,"=""48029180102""",4486.29,2019-2023,2022,Census,Texas (State)
Census Tract,48029180201,TX,48029180201,"=""48029180201""",6293.84,2019-2023,2022,Census,Texas (State)
Census Tract,48029180202,TX,48029180202,"=""48029180202""",6430.21,2019-2023,2022,Census,Texas (State)
Census Tract,48029180300,TX,48029180300,"=""48029180300""",4174.39,2019-2023,2022,Census,Texas (State)
Census Tract,48029180400,TX,48029180400,"=""48029180400""",5130.87,2019-2023,2022,Census,Texas (State)
Census Tract,48029180501,TX,48029180501,"=""48029180501""",4001.59,2019-2023,2022,Census,Texas (State)
Census Tract,48029180503,TX,48029180503,"=""48029180503""",5935.33,2019-2023,2022,Census,Texas (State)
Census Tract,48029180504,TX,48029180504,"=""48029180504""",7041.15,2019-2023,2022,Census,Texas (State)
Census Tract,48029180602,TX,48029180602,"=""48029180602""",6935.81,2019-2023,2022,Census,Texas (State)
Census Tract,48029180603,TX,48029180603,"=""48029180603""",5572.39,2019-2023,2022,Census,Texas (State)
Census Tract,48029180604,TX,48029180604,"=""48029180604""",4161.64,2019-2023,2022,Census,Texas (State)
Census Tract,48029180701,TX,48029180701,"=""48029180701""",3674.87,2019-2023,2022,Census,Texas (State)
Census Tract,48029180702,TX,48029180702,"=""48029180702""",5148.63,2019-2023,2022,Census,Texas (State)
Census Tract,48029180800,TX,48029180800,"=""48029180800""",3677,2019-2023,2022,Census,Texas (State)
Census Tract,48029180901,TX,48029180901,"=""48029180901""",4603.02,2019-2023,2022,Census,Texas (State)
Census Tract,48029180902,TX,48029180902,"=""48029180902""",7292.06,2019-2023,2022,Census,Texas (State)
Census Tract,48029181001,TX,48029181001,"=""48029181001""",3508.02,2019-2023,2022,Census,Texas (State)
Census Tract,48029181003,TX,48029181003,"=""48029181003""",11927.71,2019-2023,2022,Census,Texas (State)
Census Tract,48029181004,TX,48029181004,"=""48029181004""",9339.39,2019-2023,2022,Census,Texas (State)
Census Tract,48029181005,TX,48029181005,"=""48029181005""",10764.58,2019-2023,2022,Census,Texas (State)
Census Tract,48029181100,TX,48029181100,"=""48029181100""",4108.86,2019-2023,2022,Census,Texas (State)
Census Tract,48029181200,TX,48029181200,"=""48029181200""",3481.25,2019-2023,2022,Census,Texas (State)
Census Tract,48029181301,TX,48029181301,"=""48029181301""",8103.08,2019-2023,2022,Census,Texas (State)
Census Tract,48029181302,TX,48029181302,"=""48029181302""",5755.25,2019-2023,2022,Census,Texas (State)
Census Tract,48029181303,TX,48029181303,"=""48029181303""",4365.64,2019-2023,2022,Census,Texas (State)
Census Tract,48029181402,TX,48029181402,"=""48029181402""",2289.95,2019-2023,2022,Census,Texas (State)
Census Tract,48029181403,TX,48029181403,"=""48029181403""",16203.08,2019-2023,2022,Census,Texas (State)
Census Tract,48029181404,TX,48029181404,"=""48029181404""",5334.86,2019-2023,2022,Census,Texas (State)
Census Tract,48029181503,TX,48029181503,"=""48029181503""",10557.16,2019-2023,2022,Census,Texas (State)
Census Tract,48029181504,TX,48029181504,"=""48029181504""",11106.4,2019-2023,2022,Census,Texas (State)
Census Tract,48029181505,TX,48029181505,"=""48029181505""",5354.19,2019-2023,2022,Census,Texas (State)
Census Tract,48029181506,TX,48029181506,"=""48029181506""",3926.33,2019-2023,2022,Census,Texas (State)
Census Tract,48029181601,TX,48029181601,"=""48029181601""",3403.2,2019-2023,2022,Census,Texas (State)
Census Tract,48029181602,TX,48029181602,"=""48029181602""",4008.66,2019-2023,2022,Census,Texas (State)
Census Tract,48029181703,TX,48029181703,"=""48029181703""",6303.4,2019-2023,2022,Census,Texas (State)
Census Tract,48029181704,TX,48029181704,"=""48029181704""",2886.41,2019-2023,2022,Census,Texas (State)
Census Tract,48029181705,TX,48029181705,"=""48029181705""",3597,2019-2023,2022,Census,Texas (State)
Census Tract,48029181711,TX,48029181711,"=""48029181711""",6627.63,2019-2023,2022,Census,Texas (State)
Census Tract,48029181712,TX,48029181712,"=""48029181712""",5875.73,2019-2023,2022,Census,Texas (State)
Census Tract,48029181713,TX,48029181713,"=""48029181713""",4398.52,2019-2023,2022,Census,Texas (State)
Census Tract,48029181715,TX,48029181715,"=""48029181715""",8647.48,2019-2023,2022,Census,Texas (State)
Census Tract,48029181716,TX,48029181716,"=""48029181716""",5254.54,2019-2023,2022,Census,Texas (State)
Census Tract,48029181718,TX,48029181718,"=""48029181718""",5056.58,2019-2023,2022,Census,Texas (State)
Census Tract,48029181720,TX,48029181720,"=""48029181720""",7221.69,2019-2023,2022,Census,Texas (State)
Census Tract,48029181721,TX,48029181721,"=""48029181721""",4604.92,2019-2023,2022,Census,Texas (State)
Census Tract,48029181722,TX,48029181722,"=""48029181722""",6204.05,2019-2023,2022,Census,Texas (State)
Census Tract,48029181723,TX,48029181723,"=""48029181723""",8335.44,2019-2023,2022,Census,Texas (State)
Census Tract,48029181724,TX,48029181724,"=""48029181724""",1887.07,2019-2023,2022,Census,Texas (State)
Census Tract,48029181725,TX,48029181725,"=""48029181725""",5222.55,2019-2023,2022,Census,Texas (State)
Census Tract,48029181726,TX,48029181726,"=""48029181726""",5606.74,2019-2023,2022,Census,Texas (State)
Census Tract,48029181727,TX,48029181727,"=""48029181727""",5394.75,2019-2023,2022,Census,Texas (State)
Census Tract,48029181729,TX,48029181729,"=""48029181729""",4205.18,2019-2023,2022,Census,Texas (State)
Census Tract,48029181730,TX,48029181730,"=""48029181730""",6569.34,2019-2023,2022,Census,Texas (State)
Census Tract,48029181731,TX,48029181731,"=""48029181731""",6456.49,2019-2023,2022,Census,Texas (State)
Census Tract,48029181732,TX,48029181732,"=""48029181732""",6377.15,2019-2023,2022,Census,Texas (State)
Census Tract,48029181733,TX,48029181733,"=""48029181733""",5662.75,2019-2023,2022,Census,Texas (State)
Census Tract,48029181808,TX,48029181808,"=""48029181808""",1237.92,2019-2023,2022,Census,Texas (State)
Census Tract,48029181809,TX,48029181809,"=""48029181809""",6745.42,2019-2023,2022,Census,Texas (State)
Census Tract,48029181811,TX,48029181811,"=""48029181811""",2639.52,2019-2023,2022,Census,Texas (State)
Census Tract,48029181813,TX,48029181813,"=""48029181813""",6389.69,2019-2023,2022,Census,Texas (State)
Census Tract,48029181814,TX,48029181814,"=""48029181814""",4734.43,2019-2023,2022,Census,Texas (State)
Census Tract,48029181815,TX,48029181815,"=""48029181815""",2430.51,2019-2023,2022,Census,Texas (State)
Census Tract,48029181816,TX,48029181816,"=""48029181816""",4538.9,2019-2023,2022,Census,Texas (State)
Census Tract,48029181817,TX,48029181817,"=""48029181817""",3646.85,2019-2023,2022,Census,Texas (State)
Census Tract,48029181818,TX,48029181818,"=""48029181818""",4832.38,2019-2023,2022,Census,Texas (State)
Census Tract,48029181819,TX,48029181819,"=""48029181819""",6140.89,2019-2023,2022,Census,Texas (State)
Census Tract,48029181820,TX,48029181820,"=""48029181820""",3482.2,2019-2023,2022,Census,Texas (State)
Census Tract,48029181821,TX,48029181821,"=""48029181821""",7817.02,2019-2023,2022,Census,Texas (State)
Census Tract,48029181822,TX,48029181822,"=""48029181822""",2949.33,2019-2023,2022,Census,Texas (State)
Census Tract,48029181823,TX,48029181823,"=""48029181823""",3956.93,2019-2023,2022,Census,Texas (State)
Census Tract,48029181824,TX,48029181824,"=""48029181824""",3497.03,2019-2023,2022,Census,Texas (State)
Census Tract,48029181825,TX,48029181825,"=""48029181825""",5633.3,2019-2023,2022,Census,Texas (State)
Census Tract,48029181826,TX,48029181826,"=""48029181826""",6389.84,2019-2023,2022,Census,Texas (State)
Census Tract,48029181901,TX,48029181901,"=""48029181901""",1570.41,2019-2023,2022,Census,Texas (State)
Census Tract,48029181902,TX,48029181902,"=""48029181902""",1001.59,2019-2023,2022,Census,Texas (State)
Census Tract,48029182001,TX,48029182001,"=""48029182001""",3076.34,2019-2023,2022,Census,Texas (State)
Census Tract,48029182002,TX,48029182002,"=""48029182002""",920.46,2019-2023,2022,Census,Texas (State)
Census Tract,48029182003,TX,48029182003,"=""48029182003""",1608.67,2019-2023,2022,Census,Texas (State)
Census Tract,48029182101,TX,48029182101,"=""48029182101""",1683.96,2019-2023,2022,Census,Texas (State)
Census Tract,48029182102,TX,48029182102,"=""48029182102""",1459.25,2019-2023,2022,Census,Texas (State)
Census Tract,48029182103,TX,48029182103,"=""48029182103""",92.58,2019-2023,2022,Census,Texas (State)
Census Tract,48029182105,TX,48029182105,"=""48029182105""",993.72,2019-2023,2022,Census,Texas (State)
Census Tract,48029182106,TX,48029182106,"=""48029182106""",955.82,2019-2023,2022,Census,Texas (State)
Census Tract,48029190100,TX,48029190100,"=""48029190100""",4277.38,2019-2023,2022,Census,Texas (State)
Census Tract,48029190200,TX,48029190200,"=""48029190200""",4544.93,2019-2023,2022,Census,Texas (State)
Census Tract,48029190400,TX,48029190400,"=""48029190400""",5740.59,2019-2023,2022,Census,Texas (State)
Census Tract,48029190501,TX,48029190501,"=""48029190501""",6246.76,2019-2023,2022,Census,Texas (State)
Census Tract,48029190503,TX,48029190503,"=""48029190503""",5879.91,2019-2023,2022,Census,Texas (State)
Census Tract,48029190504,TX,48029190504,"=""48029190504""",5945.74,2019-2023,2022,Census,Texas (State)
Census Tract,48029190601,TX,48029190601,"=""48029190601""",8702.38,2019-2023,2022,Census,Texas (State)
Census Tract,48029190603,TX,48029190603,"=""48029190603""",5219.87,2019-2023,2022,Census,Texas (State)
Census Tract,48029190604,TX,48029190604,"=""48029190604""",7067.86,2019-2023,2022,Census,Texas (State)
Census Tract,48029190700,TX,48029190700,"=""48029190700""",6066.06,2019-2023,2022,Census,Texas (State)
Census Tract,48029190800,TX,48029190800,"=""48029190800""",3610.93,2019-2023,2022,Census,Texas (State)
Census Tract,48029190901,TX,48029190901,"=""48029190901""",3849.97,2019-2023,2022,Census,Texas (State)
Census Tract,48029190902,TX,48029190902,"=""48029190902""",2308.35,2019-2023,2022,Census,Texas (State)
Census Tract,48029191003,TX,48029191003,"=""48029191003""",8566.72,2019-2023,2022,Census,Texas (State)
Census Tract,48029191004,TX,48029191004,"=""48029191004""",6114.51,2019-2023,2022,Census,Texas (State)
Census Tract,48029191005,TX,48029191005,"=""48029191005""",6005.29,2019-2023,2022,Census,Texas (State)
Census Tract,48029191006,TX,48029191006,"=""48029191006""",6726.16,2019-2023,2022,Census,Texas (State)
Census Tract,48029191101,TX,48029191101,"=""48029191101""",1104.98,2019-2023,2022,Census,Texas (State)
Census Tract,48029191102,TX,48029191102,"=""48029191102""",2466.5,2019-2023,2022,Census,Texas (State)
Census Tract,48029191201,TX,48029191201,"=""48029191201""",4999,2019-2023,2022,Census,Texas (State)
Census Tract,48029191202,TX,48029191202,"=""48029191202""",4041.98,2019-2023,2022,Census,Texas (State)
Census Tract,48029191303,TX,48029191303,"=""48029191303""",1760.48,2019-2023,2022,Census,Texas (State)
Census Tract,48029191304,TX,48029191304,"=""48029191304""",2292.17,2019-2023,2022,Census,Texas (State)
Census Tract,48029191405,TX,48029191405,"=""48029191405""",2562.73,2019-2023,2022,Census,Texas (State)
Census Tract,48029191406,TX,48029191406,"=""48029191406""",3753.09,2019-2023,2022,Census,Texas (State)
Census Tract,48029191408,TX,48029191408,"=""48029191408""",9431.98,2019-2023,2022,Census,Texas (State)
Census Tract,48029191409,TX,48029191409,"=""48029191409""",11754.15,2019-2023,2022,Census,Texas (State)
Census Tract,48029191410,TX,48029191410,"=""48029191410""",10069.48,2019-2023,2022,Census,Texas (State)
Census Tract,48029191411,TX,48029191411,"=""48029191411""",6013.97,2019-2023,2022,Census,Texas (State)
Census Tract,48029191412,TX,48029191412,"=""48029191412""",2880.98,2019-2023,2022,Census,Texas (State)
Census Tract,48029191413,TX,48029191413,"=""48029191413""",4250.31,2019-2023,2022,Census,Texas (State)
Census Tract,48029191503,TX,48029191503,"=""48029191503""",2333.35,2019-2023,2022,Census,Texas (State)
Census Tract,48029191504,TX,48029191504,"=""48029191504""",1502.55,2019-2023,2022,Census,Texas (State)
Census Tract,48029191505,TX,48029191505,"=""48029191505""",2230.95,2019-2023,2022,Census,Texas (State)
Census Tract,48029191506,TX,48029191506,"=""48029191506""",3775.84,2019-2023,2022,Census,Texas (State)
Census Tract,48029191701,TX,48029191701,"=""48029191701""",620.66,2019-2023,2022,Census,Texas (State)
Census Tract,48029191702,TX,48029191702,"=""48029191702""",2519.2,2019-2023,2022,Census,Texas (State)
Census Tract,48029191804,TX,48029191804,"=""48029191804""",1072.09,2019-2023,2022,Census,Texas (State)
Census Tract,48029191806,TX,48029191806,"=""48029191806""",1984.29,2019-2023,2022,Census,Texas (State)
Census Tract,48029191807,TX,48029191807,"=""48029191807""",966.13,2019-2023,2022,Census,Texas (State)
Census Tract,48029191808,TX,48029191808,"=""48029191808""",2158.11,2019-2023,2022,Census,Texas (State)
Census Tract,48029191809,TX,48029191809,"=""48029191809""",2715.83,2019-2023,2022,Census,Texas (State)
Census Tract,48029191810,TX,48029191810,"=""48029191810""",4129.24,2019-2023,2022,Census,Texas (State)
Census Tract,48029191811,TX,48029191811,"=""48029191811""",2104.18,2019-2023,2022,Census,Texas (State)
Census Tract,48029191812,TX,48029191812,"=""48029191812""",2807.6,2019-2023,2022,Census,Texas (State)
Census Tract,48029191813,TX,48029191813,"=""48029191813""",6323.27,2019-2023,2022,Census,Texas (State)
Census Tract,48029191814,TX,48029191814,"=""48029191814""",1678.53,2019-2023,2022,Census,Texas (State)
Census Tract,48029191815,TX,48029191815,"=""48029191815""",4529.16,2019-2023,2022,Census,Texas (State)
Census Tract,48029191816,TX,48029191816,"=""48029191816""",3006.61,2019-2023,2022,Census,Texas (State)
Census Tract,48029191818,TX,48029191818,"=""48029191818""",2444.89,2019-2023,2022,Census,Texas (State)
Census Tract,48029191819,TX,48029191819,"=""48029191819""",4551.15,2019-2023,2022,Census,Texas (State)
Census Tract,48029191900,TX,48029191900,"=""48029191900""",3131.6,2019-2023,2022,Census,Texas (State)
Census Tract,48029192000,TX,48029192000,"=""48029192000""",2759.27,2019-2023,2022,Census,Texas (State)
Census Tract,48029192100,TX,48029192100,"=""48029192100""",2332.99,2019-2023,2022,Census,Texas (State)
Census Tract,48029192200,TX,48029192200,"=""48029192200""",505.14,2019-2023,2022,Census,Texas (State)
Census Tract,48029192300,TX,48029192300,"=""48029192300""",2145.76,2019-2023,2022,Census,Texas (State)
Census Tract,48029980001,TX,48029980001,"=""48029980001""",0,2019-2023,2022,Census,Texas (State)
Census Tract,48029980002,TX,48029980002,"=""48029980002""",0,2019-2023,2022,Census,Texas (State)
Census Tract,48029980003,TX,48029980003,"=""48029980003""",168.6,2019-2023,2022,Census,Texas (State)
Census Tract,48029980004,TX,48029980004,"=""48029980004""",0,2019-2023,2022,Census,Texas (State)
Census Tract,48029980005,TX,48029980005,"=""48029980005""",2.68,2019-2023,2022,Census,Texas (State)
Census Tract,48029980100,TX,48029980100,"=""48029980100""",177.8,2019-2023,2022,Census,Texas (State)
Census Tract,48031950101,TX,48031950101,"=""48031950101""",24.92,2019-2023,2022,Census,Texas (State)
Census Tract,48031950102,TX,48031950102,"=""48031950102""",6.09,2019-2023,2022,Census,Texas (State)
Census Tract,48031950201,TX,48031950201,"=""48031950201""",33.09,2019-2023,2022,Census,Texas (State)
Census Tract,48031950202,TX,48031950202,"=""48031950202""",32.94,2019-2023,2022,Census,Texas (State)
Census Tract,48033950100,TX,48033950100,"=""48033950100""",0.81,2019-2023,2022,Census,Texas (State)
Census Tract,48035950100,TX,48035950100,"=""48035950100""",9.86,2019-2023,2022,Census,Texas (State)
Census Tract,48035950200,TX,48035950200,"=""48035950200""",499.34,2019-2023,2022,Census,Texas (State)
Census Tract,48035950300,TX,48035950300,"=""48035950300""",12.34,2019-2023,2022,Census,Texas (State)
Census Tract,48035950400,TX,48035950400,"=""48035950400""",12.6,2019-2023,2022,Census,Texas (State)
Census Tract,48035950500,TX,48035950500,"=""48035950500""",1561.47,2019-2023,2022,Census,Texas (State)
Census Tract,48035950600,TX,48035950600,"=""48035950600""",87.26,2019-2023,2022,Census,Texas (State)
Census Tract,48035950700,TX,48035950700,"=""48035950700""",22.63,2019-2023,2022,Census,Texas (State)
Census Tract,48037010100,TX,48037010100,"=""48037010100""",3238.59,2019-2023,2022,Census,Texas (State)
Census Tract,48037010400,TX,48037010400,"=""48037010400""",707.22,2019-2023,2022,Census,Texas (State)
Census Tract,48037010500,TX,48037010500,"=""48037010500""",1854.11,2019-2023,2022,Census,Texas (State)
Census Tract,48037010600,TX,48037010600,"=""48037010600""",2746.35,2019-2023,2022,Census,Texas (State)
Census Tract,48037010700,TX,48037010700,"=""48037010700""",2090.96,2019-2023,2022,Census,Texas (State)
Census Tract,48037010800,TX,48037010800,"=""48037010800""",1504.43,2019-2023,2022,Census,Texas (State)
Census Tract,48037010903,TX,48037010903,"=""48037010903""",1089.4,2019-2023,2022,Census,Texas (State)
Census Tract,48037010904,TX,48037010904,"=""48037010904""",1343.17,2019-2023,2022,Census,Texas (State)
Census Tract,48037010905,TX,48037010905,"=""48037010905""",770.13,2019-2023,2022,Census,Texas (State)
Census Tract,48037010906,TX,48037010906,"=""48037010906""",763.54,2019-2023,2022,Census,Texas (State)
Census Tract,48037011001,TX,48037011001,"=""48037011001""",691.81,2019-2023,2022,Census,Texas (State)
Census Tract,48037011002,TX,48037011002,"=""48037011002""",2517.17,2019-2023,2022,Census,Texas (State)
Census Tract,48037011101,TX,48037011101,"=""48037011101""",351.13,2019-2023,2022,Census,Texas (State)
Census Tract,48037011102,TX,48037011102,"=""48037011102""",254.18,2019-2023,2022,Census,Texas (State)
Census Tract,48037011201,TX,48037011201,"=""48037011201""",81.35,2019-2023,2022,Census,Texas (State)
Census Tract,48037011202,TX,48037011202,"=""48037011202""",222.72,2019-2023,2022,Census,Texas (State)
Census Tract,48037011301,TX,48037011301,"=""48037011301""",931.74,2019-2023,2022,Census,Texas (State)
Census Tract,48037011302,TX,48037011302,"=""48037011302""",17.46,2019-2023,2022,Census,Texas (State)
Census Tract,48037011402,TX,48037011402,"=""48037011402""",33.53,2019-2023,2022,Census,Texas (State)
Census Tract,48037011403,TX,48037011403,"=""48037011403""",120.59,2019-2023,2022,Census,Texas (State)
Census Tract,48037011404,TX,48037011404,"=""48037011404""",70.93,2019-2023,2022,Census,Texas (State)
Census Tract,48037011501,TX,48037011501,"=""48037011501""",128.27,2019-2023,2022,Census,Texas (State)
Census Tract,48037011502,TX,48037011502,"=""48037011502""",68.16,2019-2023,2022,Census,Texas (State)
Census Tract,48037011601,TX,48037011601,"=""48037011601""",53.22,2019-2023,2022,Census,Texas (State)
Census Tract,48037011602,TX,48037011602,"=""48037011602""",13.51,2019-2023,2022,Census,Texas (State)
Census Tract,48037011700,TX,48037011700,"=""48037011700""",10.21,2019-2023,2022,Census,Texas (State)
Census Tract,48039660100,TX,48039660100,"=""48039660100""",2649.07,2019-2023,2022,Census,Texas (State)
Census Tract,48039660200,TX,48039660200,"=""48039660200""",819.26,2019-2023,2022,Census,Texas (State)
Census Tract,48039660301,TX,48039660301,"=""48039660301""",3375.43,2019-2023,2022,Census,Texas (State)
Census Tract,48039660302,TX,48039660302,"=""48039660302""",3081.06,2019-2023,2022,Census,Texas (State)
Census Tract,48039660303,TX,48039660303,"=""48039660303""",2526.68,2019-2023,2022,Census,Texas (State)
Census Tract,48039660401,TX,48039660401,"=""48039660401""",1521.13,2019-2023,2022,Census,Texas (State)
Census Tract,48039660402,TX,48039660402,"=""48039660402""",4767.3,2019-2023,2022,Census,Texas (State)
Census Tract,48039660403,TX,48039660403,"=""48039660403""",3453.89,2019-2023,2022,Census,Texas (State)
Census Tract,48039660501,TX,48039660501,"=""48039660501""",749.77,2019-2023,2022,Census,Texas (State)
Census Tract,48039660502,TX,48039660502,"=""48039660502""",2276.29,2019-2023,2022,Census,Texas (State)
Census Tract,48039660503,TX,48039660503,"=""48039660503""",1159.45,2019-2023,2022,Census,Texas (State)
Census Tract,48039660504,TX,48039660504,"=""48039660504""",718.36,2019-2023,2022,Census,Texas (State)
Census Tract,48039660603,TX,48039660603,"=""48039660603""",2967.39,2019-2023,2022,Census,Texas (State)
Census Tract,48039660604,TX,48039660604,"=""48039660604""",5676.37,2019-2023,2022,Census,Texas (State)
Census Tract,48039660605,TX,48039660605,"=""48039660605""",6756.87,2019-2023,2022,Census,Texas (State)
Census Tract,48039660606,TX,48039660606,"=""48039660606""",4266.81,2019-2023,2022,Census,Texas (State)
Census Tract,48039660607,TX,48039660607,"=""48039660607""",4590.1,2019-2023,2022,Census,Texas (State)
Census Tract,48039660608,TX,48039660608,"=""48039660608""",1879.5,2019-2023,2022,Census,Texas (State)
Census Tract,48039660609,TX,48039660609,"=""48039660609""",4883.86,2019-2023,2022,Census,Texas (State)
Census Tract,48039660610,TX,48039660610,"=""48039660610""",2353.79,2019-2023,2022,Census,Texas (State)
Census Tract,48039660611,TX,48039660611,"=""48039660611""",4266.23,2019-2023,2022,Census,Texas (State)
Census Tract,48039660612,TX,48039660612,"=""48039660612""",3120.94,2019-2023,2022,Census,Texas (State)
Census Tract,48039660613,TX,48039660613,"=""48039660613""",2255.83,2019-2023,2022,Census,Texas (State)
Census Tract,48039660614,TX,48039660614,"=""48039660614""",3194.91,2019-2023,2022,Census,Texas (State)
Census Tract,48039660615,TX,48039660615,"=""48039660615""",1231.55,2019-2023,2022,Census,Texas (State)
Census Tract,48039660616,TX,48039660616,"=""48039660616""",2942.31,2019-2023,2022,Census,Texas (State)
Census Tract,48039660703,TX,48039660703,"=""48039660703""",3479.39,2019-2023,2022,Census,Texas (State)
Census Tract,48039660704,TX,48039660704,"=""48039660704""",3900.94,2019-2023,2022,Census,Texas (State)
Census Tract,48039660705,TX,48039660705,"=""48039660705""",4278.73,2019-2023,2022,Census,Texas (State)
Census Tract,48039660706,TX,48039660706,"=""48039660706""",4005.37,2019-2023,2022,Census,Texas (State)
Census Tract,48039660707,TX,48039660707,"=""48039660707""",2956.05,2019-2023,2022,Census,Texas (State)
Census Tract,48039660708,TX,48039660708,"=""48039660708""",762.38,2019-2023,2022,Census,Texas (State)
Census Tract,48039660803,TX,48039660803,"=""48039660803""",2037.82,2019-2023,2022,Census,Texas (State)
Census Tract,48039660804,TX,48039660804,"=""48039660804""",3959.83,2019-2023,2022,Census,Texas (State)
Census Tract,48039660805,TX,48039660805,"=""48039660805""",2444.47,2019-2023,2022,Census,Texas (State)
Census Tract,48039660806,TX,48039660806,"=""48039660806""",3322.8,2019-2023,2022,Census,Texas (State)
Census Tract,48039660901,TX,48039660901,"=""48039660901""",280.46,2019-2023,2022,Census,Texas (State)
Census Tract,48039660902,TX,48039660902,"=""48039660902""",667.19,2019-2023,2022,Census,Texas (State)
Census Tract,48039661000,TX,48039661000,"=""48039661000""",604.93,2019-2023,2022,Census,Texas (State)
Census Tract,48039661100,TX,48039661100,"=""48039661100""",521.78,2019-2023,2022,Census,Texas (State)
Census Tract,48039661200,TX,48039661200,"=""48039661200""",3473.91,2019-2023,2022,Census,Texas (State)
Census Tract,48039661300,TX,48039661300,"=""48039661300""",2207.53,2019-2023,2022,Census,Texas (State)
Census Tract,48039661400,TX,48039661400,"=""48039661400""",2780.88,2019-2023,2022,Census,Texas (State)
Census Tract,48039661501,TX,48039661501,"=""48039661501""",344.6,2019-2023,2022,Census,Texas (State)
Census Tract,48039661502,TX,48039661502,"=""48039661502""",208.44,2019-2023,2022,Census,Texas (State)
Census Tract,48039661601,TX,48039661601,"=""48039661601""",680.93,2019-2023,2022,Census,Texas (State)
Census Tract,48039661602,TX,48039661602,"=""48039661602""",222.76,2019-2023,2022,Census,Texas (State)
Census Tract,48039661700,TX,48039661700,"=""48039661700""",17.7,2019-2023,2022,Census,Texas (State)
Census Tract,48039661800,TX,48039661800,"=""48039661800""",173.27,2019-2023,2022,Census,Texas (State)
Census Tract,48039661901,TX,48039661901,"=""48039661901""",142.78,2019-2023,2022,Census,Texas (State)
Census Tract,48039661902,TX,48039661902,"=""48039661902""",221.39,2019-2023,2022,Census,Texas (State)
Census Tract,48039662000,TX,48039662000,"=""48039662000""",40.78,2019-2023,2022,Census,Texas (State)
Census Tract,48039662100,TX,48039662100,"=""48039662100""",120.17,2019-2023,2022,Census,Texas (State)
Census Tract,48039662200,TX,48039662200,"=""48039662200""",230.87,2019-2023,2022,Census,Texas (State)
Census Tract,48039662300,TX,48039662300,"=""48039662300""",3798.06,2019-2023,2022,Census,Texas (State)
Census Tract,48039662400,TX,48039662400,"=""48039662400""",158.94,2019-2023,2022,Census,Texas (State)
Census Tract,48039662500,TX,48039662500,"=""48039662500""",94.68,2019-2023,2022,Census,Texas (State)
Census Tract,48039662600,TX,48039662600,"=""48039662600""",260.04,2019-2023,2022,Census,Texas (State)
Census Tract,48039662700,TX,48039662700,"=""48039662700""",31.1,2019-2023,2022,Census,Texas (State)
Census Tract,48039662800,TX,48039662800,"=""48039662800""",134.26,2019-2023,2022,Census,Texas (State)
Census Tract,48039662900,TX,48039662900,"=""48039662900""",227.46,2019-2023,2022,Census,Texas (State)
Census Tract,48039663000,TX,48039663000,"=""48039663000""",217.5,2019-2023,2022,Census,Texas (State)
Census Tract,48039663100,TX,48039663100,"=""48039663100""",208.09,2019-2023,2022,Census,Texas (State)
Census Tract,48039663200,TX,48039663200,"=""48039663200""",3196.28,2019-2023,2022,Census,Texas (State)
Census Tract,48039663300,TX,48039663300,"=""48039663300""",2522.37,2019-2023,2022,Census,Texas (State)
Census Tract,48039663400,TX,48039663400,"=""48039663400""",1957.75,2019-2023,2022,Census,Texas (State)
Census Tract,48039663500,TX,48039663500,"=""48039663500""",3659.07,2019-2023,2022,Census,Texas (State)
Census Tract,48039663600,TX,48039663600,"=""48039663600""",2461.62,2019-2023,2022,Census,Texas (State)
Census Tract,48039663700,TX,48039663700,"=""48039663700""",2897.81,2019-2023,2022,Census,Texas (State)
Census Tract,48039663800,TX,48039663800,"=""48039663800""",2987.39,2019-2023,2022,Census,Texas (State)
Census Tract,48039663900,TX,48039663900,"=""48039663900""",1548.41,2019-2023,2022,Census,Texas (State)
Census Tract,48039664000,TX,48039664000,"=""48039664000""",267.02,2019-2023,2022,Census,Texas (State)
Census Tract,48039664100,TX,48039664100,"=""48039664100""",83.6,2019-2023,2022,Census,Texas (State)
Census Tract,48039664200,TX,48039664200,"=""48039664200""",45.28,2019-2023,2022,Census,Texas (State)
Census Tract,48039664300,TX,48039664300,"=""48039664300""",1917.71,2019-2023,2022,Census,Texas (State)
Census Tract,48039664400,TX,48039664400,"=""48039664400""",169.14,2019-2023,2022,Census,Texas (State)
Census Tract,48039664501,TX,48039664501,"=""48039664501""",36.87,2019-2023,2022,Census,Texas (State)
Census Tract,48039990000,TX,48039990000,"=""48039990000""",N/A,2019-2023,2022,Census,Texas (State)
Census Tract,48041000103,TX,48041000103,"=""48041000103""",22.79,2019-2023,2022,Census,Texas (State)
Census Tract,48041000104,TX,48041000104,"=""48041000104""",76.03,2019-2023,2022,Census,Texas (State)
Census Tract,48041000105,TX,48041000105,"=""48041000105""",283.75,2019-2023,2022,Census,Texas (State)
Census Tract,48041000106,TX,48041000106,"=""48041000106""",45.13,2019-2023,2022,Census,Texas (State)
Census Tract,48041000107,TX,48041000107,"=""48041000107""",915.22,2019-2023,2022,Census,Texas (State)
Census Tract,48041000108,TX,48041000108,"=""48041000108""",44.01,2019-2023,2022,Census,Texas (State)
Census Tract,48041000203,TX,48041000203,"=""48041000203""",1987.89,2019-2023,2022,Census,Texas (State)
Census Tract,48041000204,TX,48041000204,"=""48041000204""",7922.48,2019-2023,2022,Census,Texas (State)
Census Tract,48041000205,TX,48041000205,"=""48041000205""",77.6,2019-2023,2022,Census,Texas (State)
Census Tract,48041000206,TX,48041000206,"=""48041000206""",937.85,2019-2023,2022,Census,Texas (State)
Census Tract,48041000207,TX,48041000207,"=""48041000207""",89.45,2019-2023,2022,Census,Texas (State)
Census Tract,48041000301,TX,48041000301,"=""48041000301""",2309.99,2019-2023,2022,Census,Texas (State)
Census Tract,48041000302,TX,48041000302,"=""48041000302""",2444.48,2019-2023,2022,Census,Texas (State)
Census Tract,48041000401,TX,48041000401,"=""48041000401""",2887.74,2019-2023,2022,Census,Texas (State)
Census Tract,48041000402,TX,48041000402,"=""48041000402""",3455.06,2019-2023,2022,Census,Texas (State)
Census Tract,48041000501,TX,48041000501,"=""48041000501""",3347.57,2019-2023,2022,Census,Texas (State)
Census Tract,48041000502,TX,48041000502,"=""48041000502""",2720.68,2019-2023,2022,Census,Texas (State)
Census Tract,48041000603,TX,48041000603,"=""48041000603""",2618.55,2019-2023,2022,Census,Texas (State)
Census Tract,48041000605,TX,48041000605,"=""48041000605""",3941.49,2019-2023,2022,Census,Texas (State)
Census Tract,48041000606,TX,48041000606,"=""48041000606""",3542.08,2019-2023,2022,Census,Texas (State)
Census Tract,48041000700,TX,48041000700,"=""48041000700""",4736.9,2019-2023,2022,Census,Texas (State)
Census Tract,48041000800,TX,48041000800,"=""48041000800""",2950.59,2019-2023,2022,Census,Texas (State)
Census Tract,48041000900,TX,48041000900,"=""48041000900""",2001.37,2019-2023,2022,Census,Texas (State)
Census Tract,48041001001,TX,48041001001,"=""48041001001""",9293.3,2019-2023,2022,Census,Texas (State)
Census Tract,48041001002,TX,48041001002,"=""48041001002""",5049.55,2019-2023,2022,Census,Texas (State)
Census Tract,48041001101,TX,48041001101,"=""48041001101""",2237.71,2019-2023,2022,Census,Texas (State)
Census Tract,48041001102,TX,48041001102,"=""48041001102""",9234.95,2019-2023,2022,Census,Texas (State)
Census Tract,48041001301,TX,48041001301,"=""48041001301""",4084.46,2019-2023,2022,Census,Texas (State)
Census Tract,48041001302,TX,48041001302,"=""48041001302""",4810.9,2019-2023,2022,Census,Texas (State)
Census Tract,48041001303,TX,48041001303,"=""48041001303""",7705.04,2019-2023,2022,Census,Texas (State)
Census Tract,48041001401,TX,48041001401,"=""48041001401""",20659.02,2019-2023,2022,Census,Texas (State)
Census Tract,48041001604,TX,48041001604,"=""48041001604""",4977.57,2019-2023,2022,Census,Texas (State)
Census Tract,48041001605,TX,48041001605,"=""48041001605""",10749.74,2019-2023,2022,Census,Texas (State)
Census Tract,48041001606,TX,48041001606,"=""48041001606""",6526.93,2019-2023,2022,Census,Texas (State)
Census Tract,48041001607,TX,48041001607,"=""48041001607""",9178.19,2019-2023,2022,Census,Texas (State)
Census Tract,48041001608,TX,48041001608,"=""48041001608""",3179.57,2019-2023,2022,Census,Texas (State)
Census Tract,48041001702,TX,48041001702,"=""48041001702""",2713.71,2019-2023,2022,Census,Texas (State)
Census Tract,48041001703,TX,48041001703,"=""48041001703""",8561.41,2019-2023,2022,Census,Texas (State)
Census Tract,48041001704,TX,48041001704,"=""48041001704""",3537.78,2019-2023,2022,Census,Texas (State)
Census Tract,48041001801,TX,48041001801,"=""48041001801""",4713.53,2019-2023,2022,Census,Texas (State)
Census Tract,48041001803,TX,48041001803,"=""48041001803""",4373.66,2019-2023,2022,Census,Texas (State)
Census Tract,48041001804,TX,48041001804,"=""48041001804""",3001.33,2019-2023,2022,Census,Texas (State)
Census Tract,48041001901,TX,48041001901,"=""48041001901""",2959.1,2019-2023,2022,Census,Texas (State)
Census Tract,48041001902,TX,48041001902,"=""48041001902""",2587.99,2019-2023,2022,Census,Texas (State)
Census Tract,48041002001,TX,48041002001,"=""48041002001""",1048.93,2019-2023,2022,Census,Texas (State)
Census Tract,48041002006,TX,48041002006,"=""48041002006""",3246.33,2019-2023,2022,Census,Texas (State)
Census Tract,48041002009,TX,48041002009,"=""48041002009""",843.86,2019-2023,2022,Census,Texas (State)
Census Tract,48041002010,TX,48041002010,"=""48041002010""",96.99,2019-2023,2022,Census,Texas (State)
Census Tract,48041002011,TX,48041002011,"=""48041002011""",84.52,2019-2023,2022,Census,Texas (State)
Census Tract,48041002014,TX,48041002014,"=""48041002014""",222.59,2019-2023,2022,Census,Texas (State)
Census Tract,48041002016,TX,48041002016,"=""48041002016""",159.97,2019-2023,2022,Census,Texas (State)
Census Tract,48041002017,TX,48041002017,"=""48041002017""",1935.97,2019-2023,2022,Census,Texas (State)
Census Tract,48041002018,TX,48041002018,"=""48041002018""",5139.25,2019-2023,2022,Census,Texas (State)
Census Tract,48041002019,TX,48041002019,"=""48041002019""",6053.96,2019-2023,2022,Census,Texas (State)
Census Tract,48041002020,TX,48041002020,"=""48041002020""",291.18,2019-2023,2022,Census,Texas (State)
Census Tract,48041002021,TX,48041002021,"=""48041002021""",1212.29,2019-2023,2022,Census,Texas (State)
Census Tract,48041002022,TX,48041002022,"=""48041002022""",2278.69,2019-2023,2022,Census,Texas (State)
Census Tract,48041002023,TX,48041002023,"=""48041002023""",14271.85,2019-2023,2022,Census,Texas (State)
Census Tract,48041002024,TX,48041002024,"=""48041002024""",8888.83,2019-2023,2022,Census,Texas (State)
Census Tract,48041002025,TX,48041002025,"=""48041002025""",3208.76,2019-2023,2022,Census,Texas (State)
Census Tract,48041002026,TX,48041002026,"=""48041002026""",3783.86,2019-2023,2022,Census,Texas (State)
Census Tract,48041002100,TX,48041002100,"=""48041002100""",8238.77,2019-2023,2022,Census,Texas (State)
Census Tract,48041980000,TX,48041980000,"=""48041980000""",0,2019-2023,2022,Census,Texas (State)
Census Tract,48043950300,TX,48043950300,"=""48043950300""",716.29,2019-2023,2022,Census,Texas (State)
Census Tract,48043950400,TX,48043950400,"=""48043950400""",1019.59,2019-2023,2022,Census,Texas (State)
Census Tract,48043950500,TX,48043950500,"=""48043950500""",0.51,2019-2023,2022,Census,Texas (State)
Census Tract,48045950200,TX,48045950200,"=""48045950200""",1.36,2019-2023,2022,Census,Texas (State)
Census Tract,48047950100,TX,48047950100,"=""48047950100""",2.77,2019-2023,2022,Census,Texas (State)
Census Tract,48047950200,TX,48047950200,"=""48047950200""",874.24,2019-2023,2022,Census,Texas (State)
Census Tract,48049950100,TX,48049950100,"=""48049950100""",9.94,2019-2023,2022,Census,Texas (State)
Census Tract,48049950201,TX,48049950201,"=""48049950201""",26.36,2019-2023,2022,Census,Texas (State)
Census Tract,48049950202,TX,48049950202,"=""48049950202""",27.56,2019-2023,2022,Census,Texas (State)
Census Tract,48049950300,TX,48049950300,"=""48049950300""",16.39,2019-2023,2022,Census,Texas (State)
Census Tract,48049950500,TX,48049950500,"=""48049950500""",45.85,2019-2023,2022,Census,Texas (State)
Census Tract,48049950600,TX,48049950600,"=""48049950600""",1096.34,2019-2023,2022,Census,Texas (State)
Census Tract,48049950700,TX,48049950700,"=""48049950700""",573.03,2019-2023,2022,Census,Texas (State)
Census Tract,48049950800,TX,48049950800,"=""48049950800""",2011.5,2019-2023,2022,Census,Texas (State)
Census Tract,48049950900,TX,48049950900,"=""48049950900""",2286.42,2019-2023,2022,Census,Texas (State)
Census Tract,48049951000,TX,48049951000,"=""48049951000""",1348.58,2019-2023,2022,Census,Texas (State)
Census Tract,48049951100,TX,48049951100,"=""48049951100""",754.67,2019-2023,2022,Census,Texas (State)
Census Tract,48049951200,TX,48049951200,"=""48049951200""",132,2019-2023,2022,Census,Texas (State)
Census Tract,48049951300,TX,48049951300,"=""48049951300""",13.75,2019-2023,2022,Census,Texas (State)
Census Tract,48051970100,TX,48051970100,"=""48051970100""",14.25,2019-2023,2022,Census,Texas (State)
Census Tract,48051970201,TX,48051970201,"=""48051970201""",18.79,2019-2023,2022,Census,Texas (State)
Census Tract,48051970202,TX,48051970202,"=""48051970202""",17.62,2019-2023,2022,Census,Texas (State)
Census Tract,48051970300,TX,48051970300,"=""48051970300""",424.98,2019-2023,2022,Census,Texas (State)
Census Tract,48051970400,TX,48051970400,"=""48051970400""",19.32,2019-2023,2022,Census,Texas (State)
Census Tract,48051970501,TX,48051970501,"=""48051970501""",43.58,2019-2023,2022,Census,Texas (State)
Census Tract,48051970502,TX,48051970502,"=""48051970502""",43.07,2019-2023,2022,Census,Texas (State)
Census Tract,48053960101,TX,48053960101,"=""48053960101""",19.17,2019-2023,2022,Census,Texas (State)
Census Tract,48053960102,TX,48053960102,"=""48053960102""",82.4,2019-2023,2022,Census,Texas (State)
Census Tract,48053960200,TX,48053960200,"=""48053960200""",11.83,2019-2023,2022,Census,Texas (State)
Census Tract,48053960301,TX,48053960301,"=""48053960301""",303.94,2019-2023,2022,Census,Texas (State)
Census Tract,48053960302,TX,48053960302,"=""48053960302""",357.08,2019-2023,2022,Census,Texas (State)
Census Tract,48053960401,TX,48053960401,"=""48053960401""",76.17,2019-2023,2022,Census,Texas (State)
Census Tract,48053960402,TX,48053960402,"=""48053960402""",34.26,2019-2023,2022,Census,Texas (State)
Census Tract,48053960501,TX,48053960501,"=""48053960501""",828.62,2019-2023,2022,Census,Texas (State)
Census Tract,48053960502,TX,48053960502,"=""48053960502""",488.27,2019-2023,2022,Census,Texas (State)
Census Tract,48053960600,TX,48053960600,"=""48053960600""",76.84,2019-2023,2022,Census,Texas (State)
Census Tract,48053960701,TX,48053960701,"=""48053960701""",298.07,2019-2023,2022,Census,Texas (State)
Census Tract,48053960702,TX,48053960702,"=""48053960702""",307.14,2019-2023,2022,Census,Texas (State)
Census Tract,48053960801,TX,48053960801,"=""48053960801""",237.66,2019-2023,2022,Census,Texas (State)
Census Tract,48053960802,TX,48053960802,"=""48053960802""",43.37,2019-2023,2022,Census,Texas (State)
Census Tract,48053960803,TX,48053960803,"=""48053960803""",26.87,2019-2023,2022,Census,Texas (State)
Census Tract,48055960102,TX,48055960102,"=""48055960102""",41.88,2019-2023,2022,Census,Texas (State)
Census Tract,48055960103,TX,48055960103,"=""48055960103""",117.81,2019-2023,2022,Census,Texas (State)
Census Tract,48055960104,TX,48055960104,"=""48055960104""",61.43,2019-2023,2022,Census,Texas (State)
Census Tract,48055960200,TX,48055960200,"=""48055960200""",515.25,2019-2023,2022,Census,Texas (State)
Census Tract,48055960300,TX,48055960300,"=""48055960300""",1127.21,2019-2023,2022,Census,Texas (State)
Census Tract,48055960400,TX,48055960400,"=""48055960400""",503.25,2019-2023,2022,Census,Texas (State)
Census Tract,48055960501,TX,48055960501,"=""48055960501""",227.9,2019-2023,2022,Census,Texas (State)
Census Tract,48055960502,TX,48055960502,"=""48055960502""",50.6,2019-2023,2022,Census,Texas (State)
Census Tract,48055960600,TX,48055960600,"=""48055960600""",15.45,2019-2023,2022,Census,Texas (State)
Census Tract,48055960701,TX,48055960701,"=""48055960701""",523.91,2019-2023,2022,Census,Texas (State)
Census Tract,48055960702,TX,48055960702,"=""48055960702""",382.66,2019-2023,2022,Census,Texas (State)
Census Tract,48057000100,TX,48057000100,"=""48057000100""",1428.71,2019-2023,2022,Census,Texas (State)
Census Tract,48057000200,TX,48057000200,"=""48057000200""",3970.64,2019-2023,2022,Census,Texas (State)
Census Tract,48057000300,TX,48057000300,"=""48057000300""",17.88,2019-2023,2022,Census,Texas (State)
Census Tract,48057000401,TX,48057000401,"=""48057000401""",35.74,2019-2023,2022,Census,Texas (State)
Census Tract,48057000402,TX,48057000402,"=""48057000402""",28.4,2019-2023,2022,Census,Texas (State)
Census Tract,48057000501,TX,48057000501,"=""48057000501""",15.92,2019-2023,2022,Census,Texas (State)
Census Tract,48057000502,TX,48057000502,"=""48057000502""",10.69,2019-2023,2022,Census,Texas (State)
Census Tract,48057990000,TX,48057990000,"=""48057990000""",N/A,2019-2023,2022,Census,Texas (State)
Census Tract,48059030101,TX,48059030101,"=""48059030101""",674.27,2019-2023,2022,Census,Texas (State)
Census Tract,48059030102,TX,48059030102,"=""48059030102""",14.15,2019-2023,2022,Census,Texas (State)
Census Tract,48059030200,TX,48059030200,"=""48059030200""",7.83,2019-2023,2022,Census,Texas (State)
Census Tract,48061010101,TX,48061010101,"=""48061010101""",176.88,2019-2023,2022,Census,Texas (State)
Census Tract,48061010102,TX,48061010102,"=""48061010102""",13.09,2019-2023,2022,Census,Texas (State)
Census Tract,48061010103,TX,48061010103,"=""48061010103""",119.69,2019-2023,2022,Census,Texas (State)
Census Tract,48061010201,TX,48061010201,"=""48061010201""",33.34,2019-2023,2022,Census,Texas (State)
Census Tract,48061010204,TX,48061010204,"=""48061010204""",3383.99,2019-2023,2022,Census,Texas (State)
Census Tract,48061010205,TX,48061010205,"=""48061010205""",306.67,2019-2023,2022,Census,Texas (State)
Census Tract,48061010301,TX,48061010301,"=""48061010301""",117.39,2019-2023,2022,Census,Texas (State)
Census Tract,48061010303,TX,48061010303,"=""48061010303""",208.56,2019-2023,2022,Census,Texas (State)
Census Tract,48061010304,TX,48061010304,"=""48061010304""",940.75,2019-2023,2022,Census,Texas (State)
Census Tract,48061010403,TX,48061010403,"=""48061010403""",998.44,2019-2023,2022,Census,Texas (State)
Census Tract,48061010404,TX,48061010404,"=""48061010404""",1688.63,2019-2023,2022,Census,Texas (State)
Census Tract,48061010405,TX,48061010405,"=""48061010405""",2472.06,2019-2023,2022,Census,Texas (State)
Census Tract,48061010406,TX,48061010406,"=""48061010406""",1657.9,2019-2023,2022,Census,Texas (State)
Census Tract,48061010500,TX,48061010500,"=""48061010500""",1437.98,2019-2023,2022,Census,Texas (State)
Census Tract,48061010602,TX,48061010602,"=""48061010602""",2843.44,2019-2023,2022,Census,Texas (State)
Census Tract,48061010603,TX,48061010603,"=""48061010603""",4720.78,2019-2023,2022,Census,Texas (State)
Census Tract,48061010604,TX,48061010604,"=""48061010604""",3297.83,2019-2023,2022,Census,Texas (State)
Census Tract,48061010700,TX,48061010700,"=""48061010700""",3978.37,2019-2023,2022,Census,Texas (State)
Census Tract,48061010801,TX,48061010801,"=""48061010801""",5778.71,2019-2023,2022,Census,Texas (State)
Census Tract,48061010802,TX,48061010802,"=""48061010802""",436.15,2019-2023,2022,Census,Texas (State)
Census Tract,48061010900,TX,48061010900,"=""48061010900""",2289.93,2019-2023,2022,Census,Texas (State)
Census Tract,48061011000,TX,48061011000,"=""48061011000""",4159.42,2019-2023,2022,Census,Texas (State)
Census Tract,48061011100,TX,48061011100,"=""48061011100""",5527.03,2019-2023,2022,Census,Texas (State)
Census Tract,48061011200,TX,48061011200,"=""48061011200""",4251.71,2019-2023,2022,Census,Texas (State)
Census Tract,48061011301,TX,48061011301,"=""48061011301""",2866.85,2019-2023,2022,Census,Texas (State)
Census Tract,48061011302,TX,48061011302,"=""48061011302""",4030.85,2019-2023,2022,Census,Texas (State)
Census Tract,48061011401,TX,48061011401,"=""48061011401""",369.12,2019-2023,2022,Census,Texas (State)
Census Tract,48061011402,TX,48061011402,"=""48061011402""",273.84,2019-2023,2022,Census,Texas (State)
Census Tract,48061011500,TX,48061011500,"=""48061011500""",3088.25,2019-2023,2022,Census,Texas (State)
Census Tract,48061011601,TX,48061011601,"=""48061011601""",1712.88,2019-2023,2022,Census,Texas (State)
Census Tract,48061011602,TX,48061011602,"=""48061011602""",4431.2,2019-2023,2022,Census,Texas (State)
Census Tract,48061011701,TX,48061011701,"=""48061011701""",1531.16,2019-2023,2022,Census,Texas (State)
Census Tract,48061011702,TX,48061011702,"=""48061011702""",7804.11,2019-2023,2022,Census,Texas (State)
Census Tract,48061011801,TX,48061011801,"=""48061011801""",2479.47,2019-2023,2022,Census,Texas (State)
Census Tract,48061011802,TX,48061011802,"=""48061011802""",2730.06,2019-2023,2022,Census,Texas (State)
Census Tract,48061011903,TX,48061011903,"=""48061011903""",108,2019-2023,2022,Census,Texas (State)
Census Tract,48061011904,TX,48061011904,"=""48061011904""",2836.29,2019-2023,2022,Census,Texas (State)
Census Tract,48061011905,TX,48061011905,"=""48061011905""",3378.33,2019-2023,2022,Census,Texas (State)
Census Tract,48061011906,TX,48061011906,"=""48061011906""",760.08,2019-2023,2022,Census,Texas (State)
Census Tract,48061011907,TX,48061011907,"=""48061011907""",398.48,2019-2023,2022,Census,Texas (State)
Census Tract,48061011908,TX,48061011908,"=""48061011908""",366.96,2019-2023,2022,Census,Texas (State)
Census Tract,48061012002,TX,48061012002,"=""48061012002""",218.12,2019-2023,2022,Census,Texas (State)
Census Tract,48061012003,TX,48061012003,"=""48061012003""",1494.91,2019-2023,2022,Census,Texas (State)
Census Tract,48061012004,TX,48061012004,"=""48061012004""",757.71,2019-2023,2022,Census,Texas (State)
Census Tract,48061012103,TX,48061012103,"=""48061012103""",1329.95,2019-2023,2022,Census,Texas (State)
Census Tract,48061012104,TX,48061012104,"=""48061012104""",208.76,2019-2023,2022,Census,Texas (State)
Census Tract,48061012105,TX,48061012105,"=""48061012105""",140.36,2019-2023,2022,Census,Texas (State)
Census Tract,48061012106,TX,48061012106,"=""48061012106""",211.42,2019-2023,2022,Census,Texas (State)
Census Tract,48061012201,TX,48061012201,"=""48061012201""",150.72,2019-2023,2022,Census,Texas (State)
Census Tract,48061012202,TX,48061012202,"=""48061012202""",96.77,2019-2023,2022,Census,Texas (State)
Census Tract,48061012203,TX,48061012203,"=""48061012203""",339.08,2019-2023,2022,Census,Texas (State)
Census Tract,48061012301,TX,48061012301,"=""48061012301""",83.66,2019-2023,2022,Census,Texas (State)
Census Tract,48061012304,TX,48061012304,"=""48061012304""",1933.06,2019-2023,2022,Census,Texas (State)
Census Tract,48061012305,TX,48061012305,"=""48061012305""",342.15,2019-2023,2022,Census,Texas (State)
Census Tract,48061012402,TX,48061012402,"=""48061012402""",1941.92,2019-2023,2022,Census,Texas (State)
Census Tract,48061012403,TX,48061012403,"=""48061012403""",321.25,2019-2023,2022,Census,Texas (State)
Census Tract,48061012404,TX,48061012404,"=""48061012404""",366.88,2019-2023,2022,Census,Texas (State)
Census Tract,48061012506,TX,48061012506,"=""48061012506""",507.45,2019-2023,2022,Census,Texas (State)
Census Tract,48061012508,TX,48061012508,"=""48061012508""",443.12,2019-2023,2022,Census,Texas (State)
Census Tract,48061012509,TX,48061012509,"=""48061012509""",2925.53,2019-2023,2022,Census,Texas (State)
Census Tract,48061012510,TX,48061012510,"=""48061012510""",952.8,2019-2023,2022,Census,Texas (State)
Census Tract,48061012511,TX,48061012511,"=""48061012511""",295.14,2019-2023,2022,Census,Texas (State)
Census Tract,48061012512,TX,48061012512,"=""48061012512""",1976.85,2019-2023,2022,Census,Texas (State)
Census Tract,48061012513,TX,48061012513,"=""48061012513""",333.73,2019-2023,2022,Census,Texas (State)
Census Tract,48061012514,TX,48061012514,"=""48061012514""",13875.93,2019-2023,2022,Census,Texas (State)
Census Tract,48061012515,TX,48061012515,"=""48061012515""",5626.84,2019-2023,2022,Census,Texas (State)
Census Tract,48061012516,TX,48061012516,"=""48061012516""",5709.96,2019-2023,2022,Census,Texas (State)
Census Tract,48061012517,TX,48061012517,"=""48061012517""",4250.09,2019-2023,2022,Census,Texas (State)
Census Tract,48061012607,TX,48061012607,"=""48061012607""",2228.5,2019-2023,2022,Census,Texas (State)
Census Tract,48061012608,TX,48061012608,"=""48061012608""",2906.32,2019-2023,2022,Census,Texas (State)
Census Tract,48061012613,TX,48061012613,"=""48061012613""",4125.03,2019-2023,2022,Census,Texas (State)
Census Tract,48061012614,TX,48061012614,"=""48061012614""",11856.91,2019-2023,2022,Census,Texas (State)
Census Tract,48061012615,TX,48061012615,"=""48061012615""",6886.63,2019-2023,2022,Census,Texas (State)
Census Tract,48061012616,TX,48061012616,"=""48061012616""",7136.7,2019-2023,2022,Census,Texas (State)
Census Tract,48061012617,TX,48061012617,"=""48061012617""",2433.71,2019-2023,2022,Census,Texas (State)
Census Tract,48061012700,TX,48061012700,"=""48061012700""",104.03,2019-2023,2022,Census,Texas (State)
Census Tract,48061012800,TX,48061012800,"=""48061012800""",1453.45,2019-2023,2022,Census,Texas (State)
Census Tract,48061012900,TX,48061012900,"=""48061012900""",4414.66,2019-2023,2022,Census,Texas (State)
Census Tract,48061013002,TX,48061013002,"=""48061013002""",4717.93,2019-2023,2022,Census,Texas (State)
Census Tract,48061013003,TX,48061013003,"=""48061013003""",3593.82,2019-2023,2022,Census,Texas (State)
Census Tract,48061013004,TX,48061013004,"=""48061013004""",3676.89,2019-2023,2022,Census,Texas (State)
Census Tract,48061013102,TX,48061013102,"=""48061013102""",3460.26,2019-2023,2022,Census,Texas (State)
Census Tract,48061013104,TX,48061013104,"=""48061013104""",3807.46,2019-2023,2022,Census,Texas (State)
Census Tract,48061013106,TX,48061013106,"=""48061013106""",4465.61,2019-2023,2022,Census,Texas (State)
Census Tract,48061013203,TX,48061013203,"=""48061013203""",6018.43,2019-2023,2022,Census,Texas (State)
Census Tract,48061013204,TX,48061013204,"=""48061013204""",5596.7,2019-2023,2022,Census,Texas (State)
Census Tract,48061013205,TX,48061013205,"=""48061013205""",6056.91,2019-2023,2022,Census,Texas (State)
Census Tract,48061013206,TX,48061013206,"=""48061013206""",4526.16,2019-2023,2022,Census,Texas (State)
Census Tract,48061013207,TX,48061013207,"=""48061013207""",2861.22,2019-2023,2022,Census,Texas (State)
Census Tract,48061013303,TX,48061013303,"=""48061013303""",5344.41,2019-2023,2022,Census,Texas (State)
Census Tract,48061013305,TX,48061013305,"=""48061013305""",5752.62,2019-2023,2022,Census,Texas (State)
Census Tract,48061013306,TX,48061013306,"=""48061013306""",9261.07,2019-2023,2022,Census,Texas (State)
Census Tract,48061013307,TX,48061013307,"=""48061013307""",1015.92,2019-2023,2022,Census,Texas (State)
Census Tract,48061013308,TX,48061013308,"=""48061013308""",7107.41,2019-2023,2022,Census,Texas (State)
Census Tract,48061013309,TX,48061013309,"=""48061013309""",7441.84,2019-2023,2022,Census,Texas (State)
Census Tract,48061013401,TX,48061013401,"=""48061013401""",2641.74,2019-2023,2022,Census,Texas (State)
Census Tract,48061013402,TX,48061013402,"=""48061013402""",5889.05,2019-2023,2022,Census,Texas (State)
Census Tract,48061013500,TX,48061013500,"=""48061013500""",2343.24,2019-2023,2022,Census,Texas (State)
Census Tract,48061013600,TX,48061013600,"=""48061013600""",5702.24,2019-2023,2022,Census,Texas (State)
Census Tract,48061013700,TX,48061013700,"=""48061013700""",6271.21,2019-2023,2022,Census,Texas (State)
Census Tract,48061013801,TX,48061013801,"=""48061013801""",6245.71,2019-2023,2022,Census,Texas (State)
Census Tract,48061013802,TX,48061013802,"=""48061013802""",8266.04,2019-2023,2022,Census,Texas (State)
Census Tract,48061013901,TX,48061013901,"=""48061013901""",5852.11,2019-2023,2022,Census,Texas (State)
Census Tract,48061013902,TX,48061013902,"=""48061013902""",5700.84,2019-2023,2022,Census,Texas (State)
Census Tract,48061013903,TX,48061013903,"=""48061013903""",7938.35,2019-2023,2022,Census,Texas (State)
Census Tract,48061014001,TX,48061014001,"=""48061014001""",2086.04,2019-2023,2022,Census,Texas (State)
Census Tract,48061014002,TX,48061014002,"=""48061014002""",8890.97,2019-2023,2022,Census,Texas (State)
Census Tract,48061014101,TX,48061014101,"=""48061014101""",1189.95,2019-2023,2022,Census,Texas (State)
Census Tract,48061014102,TX,48061014102,"=""48061014102""",1504,2019-2023,2022,Census,Texas (State)
Census Tract,48061014103,TX,48061014103,"=""48061014103""",155.34,2019-2023,2022,Census,Texas (State)
Census Tract,48061014201,TX,48061014201,"=""48061014201""",5099.3,2019-2023,2022,Census,Texas (State)
Census Tract,48061014202,TX,48061014202,"=""48061014202""",32.98,2019-2023,2022,Census,Texas (State)
Census Tract,48061014300,TX,48061014300,"=""48061014300""",3206.35,2019-2023,2022,Census,Texas (State)
Census Tract,48061014401,TX,48061014401,"=""48061014401""",1677.74,2019-2023,2022,Census,Texas (State)
Census Tract,48061014402,TX,48061014402,"=""48061014402""",2009.61,2019-2023,2022,Census,Texas (State)
Census Tract,48061014403,TX,48061014403,"=""48061014403""",1938.54,2019-2023,2022,Census,Texas (State)
Census Tract,48061014404,TX,48061014404,"=""48061014404""",1050.98,2019-2023,2022,Census,Texas (State)
Census Tract,48061014501,TX,48061014501,"=""48061014501""",4280.82,2019-2023,2022,Census,Texas (State)
Census Tract,48061014502,TX,48061014502,"=""48061014502""",6950.18,2019-2023,2022,Census,Texas (State)
Census Tract,48061980001,TX,48061980001,"=""48061980001""",0,2019-2023,2022,Census,Texas (State)
Census Tract,48061980100,TX,48061980100,"=""48061980100""",0,2019-2023,2022,Census,Texas (State)
Census Tract,48061990000,TX,48061990000,"=""48061990000""",N/A,2019-2023,2022,Census,Texas (State)
Census Tract,48063950101,TX,48063950101,"=""48063950101""",29.18,2019-2023,2022,Census,Texas (State)
Census Tract,48063950102,TX,48063950102,"=""48063950102""",56.18,2019-2023,2022,Census,Texas (State)
Census Tract,48063950200,TX,48063950200,"=""48063950200""",653.92,2019-2023,2022,Census,Texas (State)
Census Tract,48065950100,TX,48065950100,"=""48065950100""",6.05,2019-2023,2022,Census,Texas (State)
Census Tract,48065950200,TX,48065950200,"=""48065950200""",6.49,2019-2023,2022,Census,Texas (State)
Census Tract,48067950101,TX,48067950101,"=""48067950101""",38.34,2019-2023,2022,Census,Texas (State)
Census Tract,48067950102,TX,48067950102,"=""48067950102""",37.97,2019-2023,2022,Census,Texas (State)
Census Tract,48067950200,TX,48067950200,"=""48067950200""",11.17,2019-2023,2022,Census,Texas (State)
Census Tract,48067950300,TX,48067950300,"=""48067950300""",267.87,2019-2023,2022,Census,Texas (State)
Census Tract,48067950400,TX,48067950400,"=""48067950400""",475.16,2019-2023,2022,Census,Texas (State)
Census Tract,48067950500,TX,48067950500,"=""48067950500""",23.92,2019-2023,2022,Census,Texas (State)
Census Tract,48067950601,TX,48067950601,"=""48067950601""",14.8,2019-2023,2022,Census,Texas (State)
Census Tract,48067950602,TX,48067950602,"=""48067950602""",22.39,2019-2023,2022,Census,Texas (State)
Census Tract,48067950700,TX,48067950700,"=""48067950700""",35.48,2019-2023,2022,Census,Texas (State)
Census Tract,48069950100,TX,48069950100,"=""48069950100""",2.32,2019-2023,2022,Census,Texas (State)
Census Tract,48069950200,TX,48069950200,"=""48069950200""",114.54,2019-2023,2022,Census,Texas (State)
Census Tract,48069950300,TX,48069950300,"=""48069950300""",4.5,2019-2023,2022,Census,Texas (State)
Census Tract,48071710100,TX,48071710100,"=""48071710100""",250.98,2019-2023,2022,Census,Texas (State)
Census Tract,48071710201,TX,48071710201,"=""48071710201""",609.83,2019-2023,2022,Census,Texas (State)
Census Tract,48071710202,TX,48071710202,"=""48071710202""",237.48,2019-2023,2022,Census,Texas (State)
Census Tract,48071710300,TX,48071710300,"=""48071710300""",38.73,2019-2023,2022,Census,Texas (State)
Census Tract,48071710401,TX,48071710401,"=""48071710401""",48.46,2019-2023,2022,Census,Texas (State)
Census Tract,48071710500,TX,48071710500,"=""48071710500""",15.56,2019-2023,2022,Census,Texas (State)
Census Tract,48071710600,TX,48071710600,"=""48071710600""",0,2019-2023,2022,Census,Texas (State)
Census Tract,48071990000,TX,48071990000,"=""48071990000""",N/A,2019-2023,2022,Census,Texas (State)
Census Tract,48073950100,TX,48073950100,"=""48073950100""",22.55,2019-2023,2022,Census,Texas (State)
Census Tract,48073950201,TX,48073950201,"=""48073950201""",57.53,2019-2023,2022,Census,Texas (State)
Census Tract,48073950202,TX,48073950202,"=""48073950202""",116.1,2019-2023,2022,Census,Texas (State)
Census Tract,48073950301,TX,48073950301,"=""48073950301""",80.78,2019-2023,2022,Census,Texas (State)
Census Tract,48073950302,TX,48073950302,"=""48073950302""",41.48,2019-2023,2022,Census,Texas (State)
Census Tract,48073950400,TX,48073950400,"=""48073950400""",467.7,2019-2023,2022,Census,Texas (State)
Census Tract,48073950500,TX,48073950500,"=""48073950500""",368.55,2019-2023,2022,Census,Texas (State)
Census Tract,48073950600,TX,48073950600,"=""48073950600""",873.18,2019-2023,2022,Census,Texas (State)
Census Tract,48073950700,TX,48073950700,"=""48073950700""",876.9,2019-2023,2022,Census,Texas (State)
Census Tract,48073950801,TX,48073950801,"=""48073950801""",16.31,2019-2023,2022,Census,Texas (State)
Census Tract,48073950802,TX,48073950802,"=""48073950802""",30.82,2019-2023,2022,Census,Texas (State)
Census Tract,48073950900,TX,48073950900,"=""48073950900""",421.26,2019-2023,2022,Census,Texas (State)
Census Tract,48073951000,TX,48073951000,"=""48073951000""",15.1,2019-2023,2022,Census,Texas (State)
Census Tract,48073951100,TX,48073951100,"=""48073951100""",20.22,2019-2023,2022,Census,Texas (State)
Census Tract,48075950100,TX,48075950100,"=""48075950100""",3.25,2019-2023,2022,Census,Texas (State)
Census Tract,48075950200,TX,48075950200,"=""48075950200""",446.94,2019-2023,2022,Census,Texas (State)
Census Tract,48077030200,TX,48077030200,"=""48077030200""",209.31,2019-2023,2022,Census,Texas (State)
Census Tract,48077030301,TX,48077030301,"=""48077030301""",9.03,2019-2023,2022,Census,Texas (State)
Census Tract,48077030302,TX,48077030302,"=""48077030302""",4.81,2019-2023,2022,Census,Texas (State)
Census Tract,48079950100,TX,48079950100,"=""48079950100""",3.25,2019-2023,2022,Census,Texas (State)
Census Tract,48081950100,TX,48081950100,"=""48081950100""",4.66,2019-2023,2022,Census,Texas (State)
Census Tract,48081950200,TX,48081950200,"=""48081950200""",3.01,2019-2023,2022,Census,Texas (State)
Census Tract,48083950300,TX,48083950300,"=""48083950300""",180.06,2019-2023,2022,Census,Texas (State)
Census Tract,48083950600,TX,48083950600,"=""48083950600""",2.09,2019-2023,2022,Census,Texas (State)
Census Tract,48083950700,TX,48083950700,"=""48083950700""",3.59,2019-2023,2022,Census,Texas (State)
Census Tract,48085030101,TX,48085030101,"=""48085030101""",61.84,2019-2023,2022,Census,Texas (State)
Census Tract,48085030102,TX,48085030102,"=""48085030102""",52.11,2019-2023,2022,Census,Texas (State)
Census Tract,48085030201,TX,48085030201,"=""48085030201""",208.16,2019-2023,2022,Census,Texas (State)
Census Tract,48085030202,TX,48085030202,"=""48085030202""",100.09,2019-2023,2022,Census,Texas (State)
Census Tract,48085030204,TX,48085030204,"=""48085030204""",1388.44,2019-2023,2022,Census,Texas (State)
Census Tract,48085030205,TX,48085030205,"=""48085030205""",1803.15,2019-2023,2022,Census,Texas (State)
Census Tract,48085030206,TX,48085030206,"=""48085030206""",1366.1,2019-2023,2022,Census,Texas (State)
Census Tract,48085030207,TX,48085030207,"=""48085030207""",737.85,2019-2023,2022,Census,Texas (State)
Census Tract,48085030301,TX,48085030301,"=""48085030301""",1185.77,2019-2023,2022,Census,Texas (State)
Census Tract,48085030302,TX,48085030302,"=""48085030302""",1061.87,2019-2023,2022,Census,Texas (State)
Census Tract,48085030303,TX,48085030303,"=""48085030303""",2988.16,2019-2023,2022,Census,Texas (State)
Census Tract,48085030304,TX,48085030304,"=""48085030304""",1147.3,2019-2023,2022,Census,Texas (State)
Census Tract,48085030306,TX,48085030306,"=""48085030306""",481.98,2019-2023,2022,Census,Texas (State)
Census Tract,48085030307,TX,48085030307,"=""48085030307""",396.29,2019-2023,2022,Census,Texas (State)
Census Tract,48085030403,TX,48085030403,"=""48085030403""",4496.22,2019-2023,2022,Census,Texas (State)
Census Tract,48085030404,TX,48085030404,"=""48085030404""",5069.83,2019-2023,2022,Census,Texas (State)
Census Tract,48085030405,TX,48085030405,"=""48085030405""",5216.01,2019-2023,2022,Census,Texas (State)
Census Tract,48085030406,TX,48085030406,"=""48085030406""",4617.2,2019-2023,2022,Census,Texas (State)
Census Tract,48085030407,TX,48085030407,"=""48085030407""",2823.05,2019-2023,2022,Census,Texas (State)
Census Tract,48085030409,TX,48085030409,"=""48085030409""",4926.58,2019-2023,2022,Census,Texas (State)
Census Tract,48085030410,TX,48085030410,"=""48085030410""",1541.17,2019-2023,2022,Census,Texas (State)
Census Tract,48085030504,TX,48085030504,"=""48085030504""",2121.73,2019-2023,2022,Census,Texas (State)
Census Tract,48085030505,TX,48085030505,"=""48085030505""",3139.54,2019-2023,2022,Census,Texas (State)
Census Tract,48085030506,TX,48085030506,"=""48085030506""",4398.53,2019-2023,2022,Census,Texas (State)
Census Tract,48085030507,TX,48085030507,"=""48085030507""",2946.93,2019-2023,2022,Census,Texas (State)
Census Tract,48085030509,TX,48085030509,"=""48085030509""",7104.77,2019-2023,2022,Census,Texas (State)
Census Tract,48085030510,TX,48085030510,"=""48085030510""",5551.95,2019-2023,2022,Census,Texas (State)
Census Tract,48085030511,TX,48085030511,"=""48085030511""",3271.67,2019-2023,2022,Census,Texas (State)
Census Tract,48085030512,TX,48085030512,"=""48085030512""",4890.49,2019-2023,2022,Census,Texas (State)
Census Tract,48085030515,TX,48085030515,"=""48085030515""",8800.73,2019-2023,2022,Census,Texas (State)
Census Tract,48085030516,TX,48085030516,"=""48085030516""",5196.19,2019-2023,2022,Census,Texas (State)
Census Tract,48085030517,TX,48085030517,"=""48085030517""",6944.75,2019-2023,2022,Census,Texas (State)
Census Tract,48085030518,TX,48085030518,"=""48085030518""",1715.65,2019-2023,2022,Census,Texas (State)
Census Tract,48085030519,TX,48085030519,"=""48085030519""",956.74,2019-2023,2022,Census,Texas (State)
Census Tract,48085030520,TX,48085030520,"=""48085030520""",6004.98,2019-2023,2022,Census,Texas (State)
Census Tract,48085030521,TX,48085030521,"=""48085030521""",5789.04,2019-2023,2022,Census,Texas (State)
Census Tract,48085030524,TX,48085030524,"=""48085030524""",4589.9,2019-2023,2022,Census,Texas (State)
Census Tract,48085030525,TX,48085030525,"=""48085030525""",3606.63,2019-2023,2022,Census,Texas (State)
Census Tract,48085030529,TX,48085030529,"=""48085030529""",5205.27,2019-2023,2022,Census,Texas (State)
Census Tract,48085030531,TX,48085030531,"=""48085030531""",4577.08,2019-2023,2022,Census,Texas (State)
Census Tract,48085030532,TX,48085030532,"=""48085030532""",4342.18,2019-2023,2022,Census,Texas (State)
Census Tract,48085030533,TX,48085030533,"=""48085030533""",5371.75,2019-2023,2022,Census,Texas (State)
Census Tract,48085030534,TX,48085030534,"=""48085030534""",4145.84,2019-2023,2022,Census,Texas (State)
Census Tract,48085030535,TX,48085030535,"=""48085030535""",5317.45,2019-2023,2022,Census,Texas (State)
Census Tract,48085030536,TX,48085030536,"=""48085030536""",6471.01,2019-2023,2022,Census,Texas (State)
Census Tract,48085030537,TX,48085030537,"=""48085030537""",8145.25,2019-2023,2022,Census,Texas (State)
Census Tract,48085030538,TX,48085030538,"=""48085030538""",5302.47,2019-2023,2022,Census,Texas (State)
Census Tract,48085030539,TX,48085030539,"=""48085030539""",6335.35,2019-2023,2022,Census,Texas (State)
Census Tract,48085030540,TX,48085030540,"=""48085030540""",11358.51,2019-2023,2022,Census,Texas (State)
Census Tract,48085030541,TX,48085030541,"=""48085030541""",5029.91,2019-2023,2022,Census,Texas (State)
Census Tract,48085030542,TX,48085030542,"=""48085030542""",4150.67,2019-2023,2022,Census,Texas (State)
Census Tract,48085030543,TX,48085030543,"=""48085030543""",3367.4,2019-2023,2022,Census,Texas (State)
Census Tract,48085030544,TX,48085030544,"=""48085030544""",5361.22,2019-2023,2022,Census,Texas (State)
Census Tract,48085030545,TX,48085030545,"=""48085030545""",2629.32,2019-2023,2022,Census,Texas (State)
Census Tract,48085030546,TX,48085030546,"=""48085030546""",4273.48,2019-2023,2022,Census,Texas (State)
Census Tract,48085030547,TX,48085030547,"=""48085030547""",6066.31,2019-2023,2022,Census,Texas (State)
Census Tract,48085030548,TX,48085030548,"=""48085030548""",2659.1,2019-2023,2022,Census,Texas (State)
Census Tract,48085030549,TX,48085030549,"=""48085030549""",7562.99,2019-2023,2022,Census,Texas (State)
Census Tract,48085030550,TX,48085030550,"=""48085030550""",3371.59,2019-2023,2022,Census,Texas (State)
Census Tract,48085030604,TX,48085030604,"=""48085030604""",2345.92,2019-2023,2022,Census,Texas (State)
Census Tract,48085030605,TX,48085030605,"=""48085030605""",2763.95,2019-2023,2022,Census,Texas (State)
Census Tract,48085030606,TX,48085030606,"=""48085030606""",4383.75,2019-2023,2022,Census,Texas (State)
Census Tract,48085030607,TX,48085030607,"=""48085030607""",2693.94,2019-2023,2022,Census,Texas (State)
Census Tract,48085030608,TX,48085030608,"=""48085030608""",3408.4,2019-2023,2022,Census,Texas (State)
Census Tract,48085030609,TX,48085030609,"=""48085030609""",2796.34,2019-2023,2022,Census,Texas (State)
Census Tract,48085030701,TX,48085030701,"=""48085030701""",1161.92,2019-2023,2022,Census,Texas (State)
Census Tract,48085030702,TX,48085030702,"=""48085030702""",4218.59,2019-2023,2022,Census,Texas (State)
Census Tract,48085030801,TX,48085030801,"=""48085030801""",3310.35,2019-2023,2022,Census,Texas (State)
Census Tract,48085030802,TX,48085030802,"=""48085030802""",3714.12,2019-2023,2022,Census,Texas (State)
Census Tract,48085030901,TX,48085030901,"=""48085030901""",928.29,2019-2023,2022,Census,Texas (State)
Census Tract,48085030902,TX,48085030902,"=""48085030902""",0,2019-2023,2022,Census,Texas (State)
Census Tract,48085030903,TX,48085030903,"=""48085030903""",1381.73,2019-2023,2022,Census,Texas (State)
Census Tract,48085031003,TX,48085031003,"=""48085031003""",1152.77,2019-2023,2022,Census,Texas (State)
Census Tract,48085031005,TX,48085031005,"=""48085031005""",373.59,2019-2023,2022,Census,Texas (State)
Census Tract,48085031006,TX,48085031006,"=""48085031006""",461.78,2019-2023,2022,Census,Texas (State)
Census Tract,48085031007,TX,48085031007,"=""48085031007""",647.37,2019-2023,2022,Census,Texas (State)
Census Tract,48085031008,TX,48085031008,"=""48085031008""",345.08,2019-2023,2022,Census,Texas (State)
Census Tract,48085031101,TX,48085031101,"=""48085031101""",192.47,2019-2023,2022,Census,Texas (State)
Census Tract,48085031102,TX,48085031102,"=""48085031102""",146.89,2019-2023,2022,Census,Texas (State)
Census Tract,48085031201,TX,48085031201,"=""48085031201""",329.11,2019-2023,2022,Census,Texas (State)
Census Tract,48085031202,TX,48085031202,"=""48085031202""",337.47,2019-2023,2022,Census,Texas (State)
Census Tract,48085031308,TX,48085031308,"=""48085031308""",1100.34,2019-2023,2022,Census,Texas (State)
Census Tract,48085031314,TX,48085031314,"=""48085031314""",1054.26,2019-2023,2022,Census,Texas (State)
Census Tract,48085031318,TX,48085031318,"=""48085031318""",4114.94,2019-2023,2022,Census,Texas (State)
Census Tract,48085031319,TX,48085031319,"=""48085031319""",2540.14,2019-2023,2022,Census,Texas (State)
Census Tract,48085031320,TX,48085031320,"=""48085031320""",3742.47,2019-2023,2022,Census,Texas (State)
Census Tract,48085031321,TX,48085031321,"=""48085031321""",1502.89,2019-2023,2022,Census,Texas (State)
Census Tract,48085031322,TX,48085031322,"=""48085031322""",3829.42,2019-2023,2022,Census,Texas (State)
Census Tract,48085031323,TX,48085031323,"=""48085031323""",3240.24,2019-2023,2022,Census,Texas (State)
Census Tract,48085031324,TX,48085031324,"=""48085031324""",1995.78,2019-2023,2022,Census,Texas (State)
Census Tract,48085031325,TX,48085031325,"=""48085031325""",1268.07,2019-2023,2022,Census,Texas (State)
Census Tract,48085031326,TX,48085031326,"=""48085031326""",981.97,2019-2023,2022,Census,Texas (State)
Census Tract,48085031327,TX,48085031327,"=""48085031327""",2382.29,2019-2023,2022,Census,Texas (State)
Census Tract,48085031328,TX,48085031328,"=""48085031328""",5416.23,2019-2023,2022,Census,Texas (State)
Census Tract,48085031329,TX,48085031329,"=""48085031329""",4444.01,2019-2023,2022,Census,Texas (State)
Census Tract,48085031330,TX,48085031330,"=""48085031330""",2544.37,2019-2023,2022,Census,Texas (State)
Census Tract,48085031331,TX,48085031331,"=""48085031331""",7998.46,2019-2023,2022,Census,Texas (State)
Census Tract,48085031332,TX,48085031332,"=""48085031332""",3384.72,2019-2023,2022,Census,Texas (State)
Census Tract,48085031333,TX,48085031333,"=""48085031333""",5052.87,2019-2023,2022,Census,Texas (State)
Census Tract,48085031334,TX,48085031334,"=""48085031334""",3268.88,2019-2023,2022,Census,Texas (State)
Census Tract,48085031335,TX,48085031335,"=""48085031335""",3151.35,2019-2023,2022,Census,Texas (State)
Census Tract,48085031336,TX,48085031336,"=""48085031336""",2583.2,2019-2023,2022,Census,Texas (State)
Census Tract,48085031408,TX,48085031408,"=""48085031408""",1750.1,2019-2023,2022,Census,Texas (State)
Census Tract,48085031411,TX,48085031411,"=""48085031411""",1678.55,2019-2023,2022,Census,Texas (State)
Census Tract,48085031412,TX,48085031412,"=""48085031412""",1537.82,2019-2023,2022,Census,Texas (State)
Census Tract,48085031413,TX,48085031413,"=""48085031413""",6869.77,2019-2023,2022,Census,Texas (State)
Census Tract,48085031414,TX,48085031414,"=""48085031414""",4351.71,2019-2023,2022,Census,Texas (State)
Census Tract,48085031415,TX,48085031415,"=""48085031415""",6736,2019-2023,2022,Census,Texas (State)
Census Tract,48085031416,TX,48085031416,"=""48085031416""",3599.28,2019-2023,2022,Census,Texas (State)
Census Tract,48085031417,TX,48085031417,"=""48085031417""",2878.62,2019-2023,2022,Census,Texas (State)
Census Tract,48085031418,TX,48085031418,"=""48085031418""",1788.16,2019-2023,2022,Census,Texas (State)
Census Tract,48085031419,TX,48085031419,"=""48085031419""",758.28,2019-2023,2022,Census,Texas (State)
Census Tract,48085031420,TX,48085031420,"=""48085031420""",248.59,2019-2023,2022,Census,Texas (State)
Census Tract,48085031421,TX,48085031421,"=""48085031421""",2009.91,2019-2023,2022,Census,Texas (State)
Census Tract,48085031422,TX,48085031422,"=""48085031422""",6666,2019-2023,2022,Census,Texas (State)
Census Tract,48085031423,TX,48085031423,"=""48085031423""",7733.45,2019-2023,2022,Census,Texas (State)
Census Tract,48085031424,TX,48085031424,"=""48085031424""",4673.3,2019-2023,2022,Census,Texas (State)
Census Tract,48085031425,TX,48085031425,"=""48085031425""",5576.36,2019-2023,2022,Census,Texas (State)
Census Tract,48085031504,TX,48085031504,"=""48085031504""",5282.5,2019-2023,2022,Census,Texas (State)
Census Tract,48085031507,TX,48085031507,"=""48085031507""",5401.89,2019-2023,2022,Census,Texas (State)
Census Tract,48085031508,TX,48085031508,"=""48085031508""",2274.7,2019-2023,2022,Census,Texas (State)
Census Tract,48085031509,TX,48085031509,"=""48085031509""",3061.67,2019-2023,2022,Census,Texas (State)
Census Tract,48085031510,TX,48085031510,"=""48085031510""",3371.79,2019-2023,2022,Census,Texas (State)
Census Tract,48085031511,TX,48085031511,"=""48085031511""",2629.27,2019-2023,2022,Census,Texas (State)
Census Tract,48085031512,TX,48085031512,"=""48085031512""",9497.64,2019-2023,2022,Census,Texas (State)
Census Tract,48085031611,TX,48085031611,"=""48085031611""",3672.14,2019-2023,2022,Census,Texas (State)
Census Tract,48085031613,TX,48085031613,"=""48085031613""",4573.88,2019-2023,2022,Census,Texas (State)
Census Tract,48085031621,TX,48085031621,"=""48085031621""",3503.76,2019-2023,2022,Census,Texas (State)
Census Tract,48085031622,TX,48085031622,"=""48085031622""",4473.96,2019-2023,2022,Census,Texas (State)
Census Tract,48085031623,TX,48085031623,"=""48085031623""",3551.95,2019-2023,2022,Census,Texas (State)
Census Tract,48085031624,TX,48085031624,"=""48085031624""",5045.15,2019-2023,2022,Census,Texas (State)
Census Tract,48085031625,TX,48085031625,"=""48085031625""",4973.23,2019-2023,2022,Census,Texas (State)
Census Tract,48085031626,TX,48085031626,"=""48085031626""",4748.22,2019-2023,2022,Census,Texas (State)
Census Tract,48085031627,TX,48085031627,"=""48085031627""",4521.75,2019-2023,2022,Census,Texas (State)
Census Tract,48085031628,TX,48085031628,"=""48085031628""",5458.67,2019-2023,2022,Census,Texas (State)
Census Tract,48085031629,TX,48085031629,"=""48085031629""",5813.52,2019-2023,2022,Census,Texas (State)
Census Tract,48085031630,TX,48085031630,"=""48085031630""",5742.19,2019-2023,2022,Census,Texas (State)
Census Tract,48085031631,TX,48085031631,"=""48085031631""",7342.94,2019-2023,2022,Census,Texas (State)
Census Tract,48085031632,TX,48085031632,"=""48085031632""",3962.75,2019-2023,2022,Census,Texas (State)
Census Tract,48085031633,TX,48085031633,"=""48085031633""",5759,2019-2023,2022,Census,Texas (State)
Census Tract,48085031634,TX,48085031634,"=""48085031634""",5440.31,2019-2023,2022,Census,Texas (State)
Census Tract,48085031635,TX,48085031635,"=""48085031635""",4229.36,2019-2023,2022,Census,Texas (State)
Census Tract,48085031636,TX,48085031636,"=""48085031636""",5537.88,2019-2023,2022,Census,Texas (State)
Census Tract,48085031639,TX,48085031639,"=""48085031639""",6856.74,2019-2023,2022,Census,Texas (State)
Census Tract,48085031641,TX,48085031641,"=""48085031641""",7094.44,2019-2023,2022,Census,Texas (State)
Census Tract,48085031642,TX,48085031642,"=""48085031642""",6103.61,2019-2023,2022,Census,Texas (State)
Census Tract,48085031643,TX,48085031643,"=""48085031643""",5314.03,2019-2023,2022,Census,Texas (State)
Census Tract,48085031645,TX,48085031645,"=""48085031645""",3084.62,2019-2023,2022,Census,Texas (State)
Census Tract,48085031646,TX,48085031646,"=""48085031646""",2222.77,2019-2023,2022,Census,Texas (State)
Census Tract,48085031647,TX,48085031647,"=""48085031647""",3235.65,2019-2023,2022,Census,Texas (State)
Census Tract,48085031649,TX,48085031649,"=""48085031649""",2037.62,2019-2023,2022,Census,Texas (State)
Census Tract,48085031654,TX,48085031654,"=""48085031654""",6458.63,2019-2023,2022,Census,Texas (State)
Census Tract,48085031655,TX,48085031655,"=""48085031655""",5400.79,2019-2023,2022,Census,Texas (State)
Census Tract,48085031657,TX,48085031657,"=""48085031657""",2271.85,2019-2023,2022,Census,Texas (State)
Census Tract,48085031659,TX,48085031659,"=""48085031659""",6648.59,2019-2023,2022,Census,Texas (State)
Census Tract,48085031660,TX,48085031660,"=""48085031660""",9415.22,2019-2023,2022,Census,Texas (State)
Census Tract,48085031661,TX,48085031661,"=""48085031661""",3230.91,2019-2023,2022,Census,Texas (State)
Census Tract,48085031662,TX,48085031662,"=""48085031662""",4967.86,2019-2023,2022,Census,Texas (State)
Census Tract,48085031663,TX,48085031663,"=""48085031663""",6509.7,2019-2023,2022,Census,Texas (State)
Census Tract,48085031664,TX,48085031664,"=""48085031664""",5430.68,2019-2023,2022,Census,Texas (State)
Census Tract,48085031665,TX,48085031665,"=""48085031665""",4723.17,2019-2023,2022,Census,Texas (State)
Census Tract,48085031666,TX,48085031666,"=""48085031666""",6540.9,2019-2023,2022,Census,Texas (State)
Census Tract,48085031667,TX,48085031667,"=""48085031667""",2880.09,2019-2023,2022,Census,Texas (State)
Census Tract,48085031668,TX,48085031668,"=""48085031668""",3851.51,2019-2023,2022,Census,Texas (State)
Census Tract,48085031669,TX,48085031669,"=""48085031669""",3745.95,2019-2023,2022,Census,Texas (State)
Census Tract,48085031670,TX,48085031670,"=""48085031670""",1008.64,2019-2023,2022,Census,Texas (State)
Census Tract,48085031671,TX,48085031671,"=""48085031671""",10288.11,2019-2023,2022,Census,Texas (State)
Census Tract,48085031672,TX,48085031672,"=""48085031672""",1593.46,2019-2023,2022,Census,Texas (State)
Census Tract,48085031673,TX,48085031673,"=""48085031673""",10346.42,2019-2023,2022,Census,Texas (State)
Census Tract,48085031674,TX,48085031674,"=""48085031674""",4278.62,2019-2023,2022,Census,Texas (State)
Census Tract,48085031675,TX,48085031675,"=""48085031675""",5054.29,2019-2023,2022,Census,Texas (State)
Census Tract,48085031676,TX,48085031676,"=""48085031676""",3813.92,2019-2023,2022,Census,Texas (State)
Census Tract,48085031677,TX,48085031677,"=""48085031677""",5622.78,2019-2023,2022,Census,Texas (State)
Census Tract,48085031678,TX,48085031678,"=""48085031678""",4774.38,2019-2023,2022,Census,Texas (State)
Census Tract,48085031679,TX,48085031679,"=""48085031679""",3327.62,2019-2023,2022,Census,Texas (State)
Census Tract,48085031680,TX,48085031680,"=""48085031680""",6842.86,2019-2023,2022,Census,Texas (State)
Census Tract,48085031681,TX,48085031681,"=""48085031681""",4743.1,2019-2023,2022,Census,Texas (State)
Census Tract,48085031682,TX,48085031682,"=""48085031682""",8601.27,2019-2023,2022,Census,Texas (State)
Census Tract,48085031704,TX,48085031704,"=""48085031704""",5996.89,2019-2023,2022,Census,Texas (State)
Census Tract,48085031706,TX,48085031706,"=""48085031706""",3248.29,2019-2023,2022,Census,Texas (State)
Census Tract,48085031708,TX,48085031708,"=""48085031708""",4299.09,2019-2023,2022,Census,Texas (State)
Census Tract,48085031709,TX,48085031709,"=""48085031709""",4089.52,2019-2023,2022,Census,Texas (State)
Census Tract,48085031711,TX,48085031711,"=""48085031711""",7347.73,2019-2023,2022,Census,Texas (State)
Census Tract,48085031713,TX,48085031713,"=""48085031713""",15267.93,2019-2023,2022,Census,Texas (State)
Census Tract,48085031715,TX,48085031715,"=""48085031715""",3854.8,2019-2023,2022,Census,Texas (State)
Census Tract,48085031716,TX,48085031716,"=""48085031716""",10659.09,2019-2023,2022,Census,Texas (State)
Census Tract,48085031717,TX,48085031717,"=""48085031717""",11835.62,2019-2023,2022,Census,Texas (State)
Census Tract,48085031718,TX,48085031718,"=""48085031718""",4020.48,2019-2023,2022,Census,Texas (State)
Census Tract,48085031719,TX,48085031719,"=""48085031719""",4663.62,2019-2023,2022,Census,Texas (State)
Census Tract,48085031720,TX,48085031720,"=""48085031720""",15234.23,2019-2023,2022,Census,Texas (State)
Census Tract,48085031721,TX,48085031721,"=""48085031721""",6034.53,2019-2023,2022,Census,Texas (State)
Census Tract,48085031722,TX,48085031722,"=""48085031722""",9940.74,2019-2023,2022,Census,Texas (State)
Census Tract,48085031723,TX,48085031723,"=""48085031723""",13140.06,2019-2023,2022,Census,Texas (State)
Census Tract,48085031724,TX,48085031724,"=""48085031724""",10079.23,2019-2023,2022,Census,Texas (State)
Census Tract,48085031806,TX,48085031806,"=""48085031806""",6894.01,2019-2023,2022,Census,Texas (State)
Census Tract,48085031807,TX,48085031807,"=""48085031807""",2359.07,2019-2023,2022,Census,Texas (State)
Census Tract,48085031808,TX,48085031808,"=""48085031808""",3084.09,2019-2023,2022,Census,Texas (State)
Census Tract,48085031809,TX,48085031809,"=""48085031809""",6600.61,2019-2023,2022,Census,Texas (State)
Census Tract,48085031810,TX,48085031810,"=""48085031810""",2935.03,2019-2023,2022,Census,Texas (State)
Census Tract,48085031811,TX,48085031811,"=""48085031811""",6388.43,2019-2023,2022,Census,Texas (State)
Census Tract,48085031812,TX,48085031812,"=""48085031812""",3933.67,2019-2023,2022,Census,Texas (State)
Census Tract,48085031813,TX,48085031813,"=""48085031813""",7293.07,2019-2023,2022,Census,Texas (State)
Census Tract,48085031814,TX,48085031814,"=""48085031814""",2313.18,2019-2023,2022,Census,Texas (State)
Census Tract,48085031815,TX,48085031815,"=""48085031815""",5711.57,2019-2023,2022,Census,Texas (State)
Census Tract,48085031816,TX,48085031816,"=""48085031816""",2518.66,2019-2023,2022,Census,Texas (State)
Census Tract,48085031901,TX,48085031901,"=""48085031901""",2395.17,2019-2023,2022,Census,Texas (State)
Census Tract,48085031902,TX,48085031902,"=""48085031902""",1944.79,2019-2023,2022,Census,Texas (State)
Census Tract,48085031903,TX,48085031903,"=""48085031903""",2589.72,2019-2023,2022,Census,Texas (State)
Census Tract,48085031904,TX,48085031904,"=""48085031904""",14240.9,2019-2023,2022,Census,Texas (State)
Census Tract,48085032003,TX,48085032003,"=""48085032003""",7453.21,2019-2023,2022,Census,Texas (State)
Census Tract,48085032008,TX,48085032008,"=""48085032008""",2631.85,2019-2023,2022,Census,Texas (State)
Census Tract,48085032010,TX,48085032010,"=""48085032010""",4259.21,2019-2023,2022,Census,Texas (State)
Census Tract,48085032012,TX,48085032012,"=""48085032012""",5559.5,2019-2023,2022,Census,Texas (State)
Census Tract,48085032013,TX,48085032013,"=""48085032013""",3297.53,2019-2023,2022,Census,Texas (State)
Census Tract,48085032014,TX,48085032014,"=""48085032014""",8708.4,2019-2023,2022,Census,Texas (State)
Census Tract,48085032015,TX,48085032015,"=""48085032015""",4688.26,2019-2023,2022,Census,Texas (State)
Census Tract,48085032016,TX,48085032016,"=""48085032016""",1998.3,2019-2023,2022,Census,Texas (State)
Census Tract,48085032017,TX,48085032017,"=""48085032017""",6167.69,2019-2023,2022,Census,Texas (State)
Census Tract,48085032018,TX,48085032018,"=""48085032018""",5099.74,2019-2023,2022,Census,Texas (State)
Census Tract,48085032019,TX,48085032019,"=""48085032019""",2122.7,2019-2023,2022,Census,Texas (State)
Census Tract,48087950300,TX,48087950300,"=""48087950300""",2.98,2019-2023,2022,Census,Texas (State)
Census Tract,48089750100,TX,48089750100,"=""48089750100""",22.76,2019-2023,2022,Census,Texas (State)
Census Tract,48089750200,TX,48089750200,"=""48089750200""",8.57,2019-2023,2022,Census,Texas (State)
Census Tract,48089750300,TX,48089750300,"=""48089750300""",22.47,2019-2023,2022,Census,Texas (State)
Census Tract,48089750400,TX,48089750400,"=""48089750400""",23.07,2019-2023,2022,Census,Texas (State)
Census Tract,48089750500,TX,48089750500,"=""48089750500""",60.25,2019-2023,2022,Census,Texas (State)
Census Tract,48091310100,TX,48091310100,"=""48091310100""",2615.33,2019-2023,2022,Census,Texas (State)
Census Tract,48091310200,TX,48091310200,"=""48091310200""",2309.01,2019-2023,2022,Census,Texas (State)
Census Tract,48091310301,TX,48091310301,"=""48091310301""",2168.4,2019-2023,2022,Census,Texas (State)
Census Tract,48091310302,TX,48091310302,"=""48091310302""",2265.92,2019-2023,2022,Census,Texas (State)
Census Tract,48091310401,TX,48091310401,"=""48091310401""",2315.88,2019-2023,2022,Census,Texas (State)
Census Tract,48091310404,TX,48091310404,"=""48091310404""",2479.35,2019-2023,2022,Census,Texas (State)
Census Tract,48091310405,TX,48091310405,"=""48091310405""",3293.91,2019-2023,2022,Census,Texas (State)
Census Tract,48091310406,TX,48091310406,"=""48091310406""",3371.06,2019-2023,2022,Census,Texas (State)
Census Tract,48091310501,TX,48091310501,"=""48091310501""",2623.37,2019-2023,2022,Census,Texas (State)
Census Tract,48091310502,TX,48091310502,"=""48091310502""",2301.17,2019-2023,2022,Census,Texas (State)
Census Tract,48091310503,TX,48091310503,"=""48091310503""",2085.96,2019-2023,2022,Census,Texas (State)
Census Tract,48091310603,TX,48091310603,"=""48091310603""",104.88,2019-2023,2022,Census,Texas (State)
Census Tract,48091310604,TX,48091310604,"=""48091310604""",848.36,2019-2023,2022,Census,Texas (State)
Census Tract,48091310608,TX,48091310608,"=""48091310608""",176.04,2019-2023,2022,Census,Texas (State)
Census Tract,48091310609,TX,48091310609,"=""48091310609""",268.24,2019-2023,2022,Census,Texas (State)
Census Tract,48091310610,TX,48091310610,"=""48091310610""",203.46,2019-2023,2022,Census,Texas (State)
Census Tract,48091310611,TX,48091310611,"=""48091310611""",119.29,2019-2023,2022,Census,Texas (State)
Census Tract,48091310612,TX,48091310612,"=""48091310612""",404.41,2019-2023,2022,Census,Texas (State)
Census Tract,48091310613,TX,48091310613,"=""48091310613""",616.43,2019-2023,2022,Census,Texas (State)
Census Tract,48091310614,TX,48091310614,"=""48091310614""",135.05,2019-2023,2022,Census,Texas (State)
Census Tract,48091310702,TX,48091310702,"=""48091310702""",153.91,2019-2023,2022,Census,Texas (State)
Census Tract,48091310703,TX,48091310703,"=""48091310703""",371.52,2019-2023,2022,Census,Texas (State)
Census Tract,48091310705,TX,48091310705,"=""48091310705""",338.9,2019-2023,2022,Census,Texas (State)
Census Tract,48091310706,TX,48091310706,"=""48091310706""",173.57,2019-2023,2022,Census,Texas (State)
Census Tract,48091310707,TX,48091310707,"=""48091310707""",188.48,2019-2023,2022,Census,Texas (State)
Census Tract,48091310708,TX,48091310708,"=""48091310708""",159.33,2019-2023,2022,Census,Texas (State)
Census Tract,48091310801,TX,48091310801,"=""48091310801""",220.15,2019-2023,2022,Census,Texas (State)
Census Tract,48091310803,TX,48091310803,"=""48091310803""",191.5,2019-2023,2022,Census,Texas (State)
Census Tract,48091310804,TX,48091310804,"=""48091310804""",578.69,2019-2023,2022,Census,Texas (State)
Census Tract,48091310901,TX,48091310901,"=""48091310901""",225.71,2019-2023,2022,Census,Texas (State)
Census Tract,48091310903,TX,48091310903,"=""48091310903""",226.7,2019-2023,2022,Census,Texas (State)
Census Tract,48091310904,TX,48091310904,"=""48091310904""",476.32,2019-2023,2022,Census,Texas (State)
Census Tract,48091310905,TX,48091310905,"=""48091310905""",137.2,2019-2023,2022,Census,Texas (State)
Census Tract,48093950101,TX,48093950101,"=""48093950101""",533.12,2019-2023,2022,Census,Texas (State)
Census Tract,48093950102,TX,48093950102,"=""48093950102""",11.19,2019-2023,2022,Census,Texas (State)
Census Tract,48093950200,TX,48093950200,"=""48093950200""",7.81,2019-2023,2022,Census,Texas (State)
Census Tract,48093950300,TX,48093950300,"=""48093950300""",647.87,2019-2023,2022,Census,Texas (State)
Census Tract,48093950400,TX,48093950400,"=""48093950400""",6,2019-2023,2022,Census,Texas (State)
Census Tract,48095950300,TX,48095950300,"=""48095950300""",3.36,2019-2023,2022,Census,Texas (State)
Census Tract,48097000100,TX,48097000100,"=""48097000100""",30.44,2019-2023,2022,Census,Texas (State)
Census Tract,48097000200,TX,48097000200,"=""48097000200""",21.62,2019-2023,2022,Census,Texas (State)
Census Tract,48097000400,TX,48097000400,"=""48097000400""",156.2,2019-2023,2022,Census,Texas (State)
Census Tract,48097000500,TX,48097000500,"=""48097000500""",866.79,2019-2023,2022,Census,Texas (State)
Census Tract,48097000600,TX,48097000600,"=""48097000600""",904.64,2019-2023,2022,Census,Texas (State)
Census Tract,48097000701,TX,48097000701,"=""48097000701""",74.88,2019-2023,2022,Census,Texas (State)
Census Tract,48097000702,TX,48097000702,"=""48097000702""",55.8,2019-2023,2022,Census,Texas (State)
Census Tract,48097000900,TX,48097000900,"=""48097000900""",20.23,2019-2023,2022,Census,Texas (State)
Census Tract,48097001100,TX,48097001100,"=""48097001100""",876.71,2019-2023,2022,Census,Texas (State)
Census Tract,48099010101,TX,48099010101,"=""48099010101""",15.3,2019-2023,2022,Census,Texas (State)
Census Tract,48099010102,TX,48099010102,"=""48099010102""",9.95,2019-2023,2022,Census,Texas (State)
Census Tract,48099010201,TX,48099010201,"=""48099010201""",2887.91,2019-2023,2022,Census,Texas (State)
Census Tract,48099010202,TX,48099010202,"=""48099010202""",101.45,2019-2023,2022,Census,Texas (State)
Census Tract,48099010300,TX,48099010300,"=""48099010300""",82.62,2019-2023,2022,Census,Texas (State)
Census Tract,48099010400,TX,48099010400,"=""48099010400""",199.04,2019-2023,2022,Census,Texas (State)
Census Tract,48099010501,TX,48099010501,"=""48099010501""",1976.04,2019-2023,2022,Census,Texas (State)
Census Tract,48099010502,TX,48099010502,"=""48099010502""",3216.93,2019-2023,2022,Census,Texas (State)
Census Tract,48099010503,TX,48099010503,"=""48099010503""",1856.75,2019-2023,2022,Census,Texas (State)
Census Tract,48099010504,TX,48099010504,"=""48099010504""",253.04,2019-2023,2022,Census,Texas (State)
Census Tract,48099010601,TX,48099010601,"=""48099010601""",3180.94,2019-2023,2022,Census,Texas (State)
Census Tract,48099010603,TX,48099010603,"=""48099010603""",3762.76,2019-2023,2022,Census,Texas (State)
Census Tract,48099010604,TX,48099010604,"=""48099010604""",250.71,2019-2023,2022,Census,Texas (State)
Census Tract,48099010701,TX,48099010701,"=""48099010701""",1305.35,2019-2023,2022,Census,Texas (State)
Census Tract,48099010702,TX,48099010702,"=""48099010702""",1865.95,2019-2023,2022,Census,Texas (State)
Census Tract,48099010802,TX,48099010802,"=""48099010802""",1910.47,2019-2023,2022,Census,Texas (State)
Census Tract,48099010803,TX,48099010803,"=""48099010803""",964.03,2019-2023,2022,Census,Texas (State)
Census Tract,48099010804,TX,48099010804,"=""48099010804""",3266.53,2019-2023,2022,Census,Texas (State)
Census Tract,48099980000,TX,48099980000,"=""48099980000""",6.41,2019-2023,2022,Census,Texas (State)
Census Tract,48101950100,TX,48101950100,"=""48101950100""",1.45,2019-2023,2022,Census,Texas (State)
Census Tract,48103950100,TX,48103950100,"=""48103950100""",5.89,2019-2023,2022,Census,Texas (State)
Census Tract,48105950100,TX,48105950100,"=""48105950100""",1.03,2019-2023,2022,Census,Texas (State)
Census Tract,48107950100,TX,48107950100,"=""48107950100""",5.01,2019-2023,2022,Census,Texas (State)
Census Tract,48107950200,TX,48107950200,"=""48107950200""",6.11,2019-2023,2022,Census,Texas (State)
Census Tract,48107950300,TX,48107950300,"=""48107950300""",6.23,2019-2023,2022,Census,Texas (State)
Census Tract,48109950300,TX,48109950300,"=""48109950300""",0.57,2019-2023,2022,Census,Texas (State)
Census Tract,48111950100,TX,48111950100,"=""48111950100""",1.19,2019-2023,2022,Census,Texas (State)
Census Tract,48111950300,TX,48111950300,"=""48111950300""",972.07,2019-2023,2022,Census,Texas (State)
Census Tract,48113000100,TX,48113000100,"=""48113000100""",3745.2,2019-2023,2022,Census,Texas (State)
Census Tract,48113000201,TX,48113000201,"=""48113000201""",4537.8,2019-2023,2022,Census,Texas (State)
Census Tract,48113000202,TX,48113000202,"=""48113000202""",6310.54,2019-2023,2022,Census,Texas (State)
Census Tract,48113000300,TX,48113000300,"=""48113000300""",5916.79,2019-2023,2022,Census,Texas (State)
Census Tract,48113000401,TX,48113000401,"=""48113000401""",5979.93,2019-2023,2022,Census,Texas (State)
Census Tract,48113000405,TX,48113000405,"=""48113000405""",11209.2,2019-2023,2022,Census,Texas (State)
Census Tract,48113000407,TX,48113000407,"=""48113000407""",11218.53,2019-2023,2022,Census,Texas (State)
Census Tract,48113000408,TX,48113000408,"=""48113000408""",13394.15,2019-2023,2022,Census,Texas (State)
Census Tract,48113000409,TX,48113000409,"=""48113000409""",3613.65,2019-2023,2022,Census,Texas (State)
Census Tract,48113000410,TX,48113000410,"=""48113000410""",3400.88,2019-2023,2022,Census,Texas (State)
Census Tract,48113000501,TX,48113000501,"=""48113000501""",16248.35,2019-2023,2022,Census,Texas (State)
Census Tract,48113000502,TX,48113000502,"=""48113000502""",6178.01,2019-2023,2022,Census,Texas (State)
Census Tract,48113000503,TX,48113000503,"=""48113000503""",23634.96,2019-2023,2022,Census,Texas (State)
Census Tract,48113000605,TX,48113000605,"=""48113000605""",10673.74,2019-2023,2022,Census,Texas (State)
Census Tract,48113000606,TX,48113000606,"=""48113000606""",6920.01,2019-2023,2022,Census,Texas (State)
Census Tract,48113000607,TX,48113000607,"=""48113000607""",9705.12,2019-2023,2022,Census,Texas (State)
Census Tract,48113000608,TX,48113000608,"=""48113000608""",12302.16,2019-2023,2022,Census,Texas (State)
Census Tract,48113000609,TX,48113000609,"=""48113000609""",6740.67,2019-2023,2022,Census,Texas (State)
Census Tract,48113000610,TX,48113000610,"=""48113000610""",15446.32,2019-2023,2022,Census,Texas (State)
Census Tract,48113000611,TX,48113000611,"=""48113000611""",13781.35,2019-2023,2022,Census,Texas (State)
Census Tract,48113000703,TX,48113000703,"=""48113000703""",14794.75,2019-2023,2022,Census,Texas (State)
Census Tract,48113000704,TX,48113000704,"=""48113000704""",24773.42,2019-2023,2022,Census,Texas (State)
Census Tract,48113000705,TX,48113000705,"=""48113000705""",12895.5,2019-2023,2022,Census,Texas (State)
Census Tract,48113000706,TX,48113000706,"=""48113000706""",16296.63,2019-2023,2022,Census,Texas (State)
Census Tract,48113000801,TX,48113000801,"=""48113000801""",12106.63,2019-2023,2022,Census,Texas (State)
Census Tract,48113000802,TX,48113000802,"=""48113000802""",12668.36,2019-2023,2022,Census,Texas (State)
Census Tract,48113000901,TX,48113000901,"=""48113000901""",10891.84,2019-2023,2022,Census,Texas (State)
Census Tract,48113000902,TX,48113000902,"=""48113000902""",16624.64,2019-2023,2022,Census,Texas (State)
Census Tract,48113001001,TX,48113001001,"=""48113001001""",6630.98,2019-2023,2022,Census,Texas (State)
Census Tract,48113001002,TX,48113001002,"=""48113001002""",6559.8,2019-2023,2022,Census,Texas (State)
Census Tract,48113001101,TX,48113001101,"=""48113001101""",7741.29,2019-2023,2022,Census,Texas (State)
Census Tract,48113001102,TX,48113001102,"=""48113001102""",7894.57,2019-2023,2022,Census,Texas (State)
Census Tract,48113001202,TX,48113001202,"=""48113001202""",2871.83,2019-2023,2022,Census,Texas (State)
Census Tract,48113001203,TX,48113001203,"=""48113001203""",7093.81,2019-2023,2022,Census,Texas (State)
Census Tract,48113001204,TX,48113001204,"=""48113001204""",8185.35,2019-2023,2022,Census,Texas (State)
Census Tract,48113001301,TX,48113001301,"=""48113001301""",6633.89,2019-2023,2022,Census,Texas (State)
Census Tract,48113001302,TX,48113001302,"=""48113001302""",10878.27,2019-2023,2022,Census,Texas (State)
Census Tract,48113001400,TX,48113001400,"=""48113001400""",7287.84,2019-2023,2022,Census,Texas (State)
Census Tract,48113001502,TX,48113001502,"=""48113001502""",6462.8,2019-2023,2022,Census,Texas (State)
Census Tract,48113001503,TX,48113001503,"=""48113001503""",7702.02,2019-2023,2022,Census,Texas (State)
Census Tract,48113001504,TX,48113001504,"=""48113001504""",11003.31,2019-2023,2022,Census,Texas (State)
Census Tract,48113001601,TX,48113001601,"=""48113001601""",10847.04,2019-2023,2022,Census,Texas (State)
Census Tract,48113001602,TX,48113001602,"=""48113001602""",12222.66,2019-2023,2022,Census,Texas (State)
Census Tract,48113001703,TX,48113001703,"=""48113001703""",14334.65,2019-2023,2022,Census,Texas (State)
Census Tract,48113001705,TX,48113001705,"=""48113001705""",8047.73,2019-2023,2022,Census,Texas (State)
Census Tract,48113001801,TX,48113001801,"=""48113001801""",27451.15,2019-2023,2022,Census,Texas (State)
Census Tract,48113001802,TX,48113001802,"=""48113001802""",16957.18,2019-2023,2022,Census,Texas (State)
Census Tract,48113001901,TX,48113001901,"=""48113001901""",17839.12,2019-2023,2022,Census,Texas (State)
Census Tract,48113001902,TX,48113001902,"=""48113001902""",20545.14,2019-2023,2022,Census,Texas (State)
Census Tract,48113002001,TX,48113002001,"=""48113002001""",3882.8,2019-2023,2022,Census,Texas (State)
Census Tract,48113002002,TX,48113002002,"=""48113002002""",10111.98,2019-2023,2022,Census,Texas (State)
Census Tract,48113002100,TX,48113002100,"=""48113002100""",7933.85,2019-2023,2022,Census,Texas (State)
Census Tract,48113002200,TX,48113002200,"=""48113002200""",4575.93,2019-2023,2022,Census,Texas (State)
Census Tract,48113002400,TX,48113002400,"=""48113002400""",6493.48,2019-2023,2022,Census,Texas (State)
Census Tract,48113002500,TX,48113002500,"=""48113002500""",2928.09,2019-2023,2022,Census,Texas (State)
Census Tract,48113002703,TX,48113002703,"=""48113002703""",4527.6,2019-2023,2022,Census,Texas (State)
Census Tract,48113003102,TX,48113003102,"=""48113003102""",9588.42,2019-2023,2022,Census,Texas (State)
Census Tract,48113003103,TX,48113003103,"=""48113003103""",12443.22,2019-2023,2022,Census,Texas (State)
Census Tract,48113003700,TX,48113003700,"=""48113003700""",5477.77,2019-2023,2022,Census,Texas (State)
Census Tract,48113004201,TX,48113004201,"=""48113004201""",4032.4,2019-2023,2022,Census,Texas (State)
Census Tract,48113004202,TX,48113004202,"=""48113004202""",4000.21,2019-2023,2022,Census,Texas (State)
Census Tract,48113004300,TX,48113004300,"=""48113004300""",3096.08,2019-2023,2022,Census,Texas (State)
Census Tract,48113004400,TX,48113004400,"=""48113004400""",4566.54,2019-2023,2022,Census,Texas (State)
Census Tract,48113004500,TX,48113004500,"=""48113004500""",6503.87,2019-2023,2022,Census,Texas (State)
Census Tract,48113004600,TX,48113004600,"=""48113004600""",6331.8,2019-2023,2022,Census,Texas (State)
Census Tract,48113004700,TX,48113004700,"=""48113004700""",6863.09,2019-2023,2022,Census,Texas (State)
Census Tract,48113004800,TX,48113004800,"=""48113004800""",3807.25,2019-2023,2022,Census,Texas (State)
Census Tract,48113005000,TX,48113005000,"=""48113005000""",5519.02,2019-2023,2022,Census,Texas (State)
Census Tract,48113005100,TX,48113005100,"=""48113005100""",6878.34,2019-2023,2022,Census,Texas (State)
Census Tract,48113005200,TX,48113005200,"=""48113005200""",7228.66,2019-2023,2022,Census,Texas (State)
Census Tract,48113005300,TX,48113005300,"=""48113005300""",7297.95,2019-2023,2022,Census,Texas (State)
Census Tract,48113005400,TX,48113005400,"=""48113005400""",4555.11,2019-2023,2022,Census,Texas (State)
Census Tract,48113005500,TX,48113005500,"=""48113005500""",3302.1,2019-2023,2022,Census,Texas (State)
Census Tract,48113005600,TX,48113005600,"=""48113005600""",7740.03,2019-2023,2022,Census,Texas (State)
Census Tract,48113005700,TX,48113005700,"=""48113005700""",4923.9,2019-2023,2022,Census,Texas (State)
Census Tract,48113005901,TX,48113005901,"=""48113005901""",4846.82,2019-2023,2022,Census,Texas (State)
Census Tract,48113005902,TX,48113005902,"=""48113005902""",6517.01,2019-2023,2022,Census,Texas (State)
Census Tract,48113006001,TX,48113006001,"=""48113006001""",8332.68,2019-2023,2022,Census,Texas (State)
Census Tract,48113006002,TX,48113006002,"=""48113006002""",7761.14,2019-2023,2022,Census,Texas (State)
Census Tract,48113006100,TX,48113006100,"=""48113006100""",4727.77,2019-2023,2022,Census,Texas (State)
Census Tract,48113006200,TX,48113006200,"=""48113006200""",5084.11,2019-2023,2022,Census,Texas (State)
Census Tract,48113006301,TX,48113006301,"=""48113006301""",6407.02,2019-2023,2022,Census,Texas (State)
Census Tract,48113006302,TX,48113006302,"=""48113006302""",6209.24,2019-2023,2022,Census,Texas (State)
Census Tract,48113006401,TX,48113006401,"=""48113006401""",9493.27,2019-2023,2022,Census,Texas (State)
Census Tract,48113006402,TX,48113006402,"=""48113006402""",9390.53,2019-2023,2022,Census,Texas (State)
Census Tract,48113006501,TX,48113006501,"=""48113006501""",11270.67,2019-2023,2022,Census,Texas (State)
Census Tract,48113006502,TX,48113006502,"=""48113006502""",5721.54,2019-2023,2022,Census,Texas (State)
Census Tract,48113006701,TX,48113006701,"=""48113006701""",6939.35,2019-2023,2022,Census,Texas (State)
Census Tract,48113006702,TX,48113006702,"=""48113006702""",6694.89,2019-2023,2022,Census,Texas (State)
Census Tract,48113006800,TX,48113006800,"=""48113006800""",8733.18,2019-2023,2022,Census,Texas (State)
Census Tract,48113006900,TX,48113006900,"=""48113006900""",5833.57,2019-2023,2022,Census,Texas (State)
Census Tract,48113007101,TX,48113007101,"=""48113007101""",5063.29,2019-2023,2022,Census,Texas (State)
Census Tract,48113007102,TX,48113007102,"=""48113007102""",4645.05,2019-2023,2022,Census,Texas (State)
Census Tract,48113007203,TX,48113007203,"=""48113007203""",21090.11,2019-2023,2022,Census,Texas (State)
Census Tract,48113007204,TX,48113007204,"=""48113007204""",13978.5,2019-2023,2022,Census,Texas (State)
Census Tract,48113007205,TX,48113007205,"=""48113007205""",29826.4,2019-2023,2022,Census,Texas (State)
Census Tract,48113007206,TX,48113007206,"=""48113007206""",16802.88,2019-2023,2022,Census,Texas (State)
Census Tract,48113007301,TX,48113007301,"=""48113007301""",2653.36,2019-2023,2022,Census,Texas (State)
Census Tract,48113007302,TX,48113007302,"=""48113007302""",2978.6,2019-2023,2022,Census,Texas (State)
Census Tract,48113007601,TX,48113007601,"=""48113007601""",1866.81,2019-2023,2022,Census,Texas (State)
Census Tract,48113007604,TX,48113007604,"=""48113007604""",2848.96,2019-2023,2022,Census,Texas (State)
Census Tract,48113007605,TX,48113007605,"=""48113007605""",1640.61,2019-2023,2022,Census,Texas (State)
Census Tract,48113007701,TX,48113007701,"=""48113007701""",7213.1,2019-2023,2022,Census,Texas (State)
Census Tract,48113007702,TX,48113007702,"=""48113007702""",4496.58,2019-2023,2022,Census,Texas (State)
Census Tract,48113007801,TX,48113007801,"=""48113007801""",2668.81,2019-2023,2022,Census,Texas (State)
Census Tract,48113007805,TX,48113007805,"=""48113007805""",2389.38,2019-2023,2022,Census,Texas (State)
Census Tract,48113007809,TX,48113007809,"=""48113007809""",3754.38,2019-2023,2022,Census,Texas (State)
Census Tract,48113007810,TX,48113007810,"=""48113007810""",5083.6,2019-2023,2022,Census,Texas (State)
Census Tract,48113007812,TX,48113007812,"=""48113007812""",2533.94,2019-2023,2022,Census,Texas (State)
Census Tract,48113007815,TX,48113007815,"=""48113007815""",10011.73,2019-2023,2022,Census,Texas (State)
Census Tract,48113007819,TX,48113007819,"=""48113007819""",8922.77,2019-2023,2022,Census,Texas (State)
Census Tract,48113007821,TX,48113007821,"=""48113007821""",6540.34,2019-2023,2022,Census,Texas (State)
Census Tract,48113007822,TX,48113007822,"=""48113007822""",3261.32,2019-2023,2022,Census,Texas (State)
Census Tract,48113007823,TX,48113007823,"=""48113007823""",5090.01,2019-2023,2022,Census,Texas (State)
Census Tract,48113007824,TX,48113007824,"=""48113007824""",4294.07,2019-2023,2022,Census,Texas (State)
Census Tract,48113007825,TX,48113007825,"=""48113007825""",7355.23,2019-2023,2022,Census,Texas (State)
Census Tract,48113007826,TX,48113007826,"=""48113007826""",6849.14,2019-2023,2022,Census,Texas (State)
Census Tract,48113007827,TX,48113007827,"=""48113007827""",12390.08,2019-2023,2022,Census,Texas (State)
Census Tract,48113007828,TX,48113007828,"=""48113007828""",10969.6,2019-2023,2022,Census,Texas (State)
Census Tract,48113007829,TX,48113007829,"=""48113007829""",4129.89,2019-2023,2022,Census,Texas (State)
Census Tract,48113007830,TX,48113007830,"=""48113007830""",46673.91,2019-2023,2022,Census,Texas (State)
Census Tract,48113007831,TX,48113007831,"=""48113007831""",26485.03,2019-2023,2022,Census,Texas (State)
Census Tract,48113007832,TX,48113007832,"=""48113007832""",26057.19,2019-2023,2022,Census,Texas (State)
Census Tract,48113007833,TX,48113007833,"=""48113007833""",19856.82,2019-2023,2022,Census,Texas (State)
Census Tract,48113007834,TX,48113007834,"=""48113007834""",11896.24,2019-2023,2022,Census,Texas (State)
Census Tract,48113007835,TX,48113007835,"=""48113007835""",12343.71,2019-2023,2022,Census,Texas (State)
Census Tract,48113007902,TX,48113007902,"=""48113007902""",4129.26,2019-2023,2022,Census,Texas (State)
Census Tract,48113007903,TX,48113007903,"=""48113007903""",4780.68,2019-2023,2022,Census,Texas (State)
Census Tract,48113007906,TX,48113007906,"=""48113007906""",4734.44,2019-2023,2022,Census,Texas (State)
Census Tract,48113007909,TX,48113007909,"=""48113007909""",11232.93,2019-2023,2022,Census,Texas (State)
Census Tract,48113007910,TX,48113007910,"=""48113007910""",16805.37,2019-2023,2022,Census,Texas (State)
Census Tract,48113007912,TX,48113007912,"=""48113007912""",11743.03,2019-2023,2022,Census,Texas (State)
Census Tract,48113007913,TX,48113007913,"=""48113007913""",12005.56,2019-2023,2022,Census,Texas (State)
Census Tract,48113007914,TX,48113007914,"=""48113007914""",10100.37,2019-2023,2022,Census,Texas (State)
Census Tract,48113007915,TX,48113007915,"=""48113007915""",24481.16,2019-2023,2022,Census,Texas (State)
Census Tract,48113007916,TX,48113007916,"=""48113007916""",16487.83,2019-2023,2022,Census,Texas (State)
Census Tract,48113008000,TX,48113008000,"=""48113008000""",3327.15,2019-2023,2022,Census,Texas (State)
Census Tract,48113008101,TX,48113008101,"=""48113008101""",3624.91,2019-2023,2022,Census,Texas (State)
Census Tract,48113008102,TX,48113008102,"=""48113008102""",2597.5,2019-2023,2022,Census,Texas (State)
Census Tract,48113008200,TX,48113008200,"=""48113008200""",3882.35,2019-2023,2022,Census,Texas (State)
Census Tract,48113008401,TX,48113008401,"=""48113008401""",6541.39,2019-2023,2022,Census,Texas (State)
Census Tract,48113008402,TX,48113008402,"=""48113008402""",2258.16,2019-2023,2022,Census,Texas (State)
Census Tract,48113008500,TX,48113008500,"=""48113008500""",3495.24,2019-2023,2022,Census,Texas (State)
Census Tract,48113008604,TX,48113008604,"=""48113008604""",5281.66,2019-2023,2022,Census,Texas (State)
Census Tract,48113008701,TX,48113008701,"=""48113008701""",2643.9,2019-2023,2022,Census,Texas (State)
Census Tract,48113008703,TX,48113008703,"=""48113008703""",6216.95,2019-2023,2022,Census,Texas (State)
Census Tract,48113008704,TX,48113008704,"=""48113008704""",5261.38,2019-2023,2022,Census,Texas (State)
Census Tract,48113008705,TX,48113008705,"=""48113008705""",2130.58,2019-2023,2022,Census,Texas (State)
Census Tract,48113008801,TX,48113008801,"=""48113008801""",3042.95,2019-2023,2022,Census,Texas (State)
Census Tract,48113008802,TX,48113008802,"=""48113008802""",5703.09,2019-2023,2022,Census,Texas (State)
Census Tract,48113009001,TX,48113009001,"=""48113009001""",5391.08,2019-2023,2022,Census,Texas (State)
Census Tract,48113009002,TX,48113009002,"=""48113009002""",6697.77,2019-2023,2022,Census,Texas (State)
Census Tract,48113009101,TX,48113009101,"=""48113009101""",4199.86,2019-2023,2022,Census,Texas (State)
Census Tract,48113009103,TX,48113009103,"=""48113009103""",8187.28,2019-2023,2022,Census,Texas (State)
Census Tract,48113009104,TX,48113009104,"=""48113009104""",7408.78,2019-2023,2022,Census,Texas (State)
Census Tract,48113009105,TX,48113009105,"=""48113009105""",6461.74,2019-2023,2022,Census,Texas (State)
Census Tract,48113009202,TX,48113009202,"=""48113009202""",5082.79,2019-2023,2022,Census,Texas (State)
Census Tract,48113009203,TX,48113009203,"=""48113009203""",7725.23,2019-2023,2022,Census,Texas (State)
Census Tract,48113009204,TX,48113009204,"=""48113009204""",3839.3,2019-2023,2022,Census,Texas (State)
Census Tract,48113009301,TX,48113009301,"=""48113009301""",5011.53,2019-2023,2022,Census,Texas (State)
Census Tract,48113009303,TX,48113009303,"=""48113009303""",1791.74,2019-2023,2022,Census,Texas (State)
Census Tract,48113009304,TX,48113009304,"=""48113009304""",8002.71,2019-2023,2022,Census,Texas (State)
Census Tract,48113009401,TX,48113009401,"=""48113009401""",5303.76,2019-2023,2022,Census,Texas (State)
Census Tract,48113009402,TX,48113009402,"=""48113009402""",3791.71,2019-2023,2022,Census,Texas (State)
Census Tract,48113009500,TX,48113009500,"=""48113009500""",2105.14,2019-2023,2022,Census,Texas (State)
Census Tract,48113009603,TX,48113009603,"=""48113009603""",3702.74,2019-2023,2022,Census,Texas (State)
Census Tract,48113009604,TX,48113009604,"=""48113009604""",4123.63,2019-2023,2022,Census,Texas (State)
Census Tract,48113009605,TX,48113009605,"=""48113009605""",6174.62,2019-2023,2022,Census,Texas (State)
Census Tract,48113009607,TX,48113009607,"=""48113009607""",4096.6,2019-2023,2022,Census,Texas (State)
Census Tract,48113009608,TX,48113009608,"=""48113009608""",3329.39,2019-2023,2022,Census,Texas (State)
Census Tract,48113009609,TX,48113009609,"=""48113009609""",3053.21,2019-2023,2022,Census,Texas (State)
Census Tract,48113009610,TX,48113009610,"=""48113009610""",10308.88,2019-2023,2022,Census,Texas (State)
Census Tract,48113009611,TX,48113009611,"=""48113009611""",6588.7,2019-2023,2022,Census,Texas (State)
Census Tract,48113009701,TX,48113009701,"=""48113009701""",5045.02,2019-2023,2022,Census,Texas (State)
Census Tract,48113009702,TX,48113009702,"=""48113009702""",4435.2,2019-2023,2022,Census,Texas (State)
Census Tract,48113009802,TX,48113009802,"=""48113009802""",9672.35,2019-2023,2022,Census,Texas (State)
Census Tract,48113009803,TX,48113009803,"=""48113009803""",3886.97,2019-2023,2022,Census,Texas (State)
Census Tract,48113009804,TX,48113009804,"=""48113009804""",16768.79,2019-2023,2022,Census,Texas (State)
Census Tract,48113009900,TX,48113009900,"=""48113009900""",703.59,2019-2023,2022,Census,Texas (State)
Census Tract,48113010001,TX,48113010001,"=""48113010001""",845.33,2019-2023,2022,Census,Texas (State)
Census Tract,48113010002,TX,48113010002,"=""48113010002""",7235.44,2019-2023,2022,Census,Texas (State)
Census Tract,48113010003,TX,48113010003,"=""48113010003""",399.06,2019-2023,2022,Census,Texas (State)
Census Tract,48113010101,TX,48113010101,"=""48113010101""",4173.7,2019-2023,2022,Census,Texas (State)
Census Tract,48113010102,TX,48113010102,"=""48113010102""",4933.27,2019-2023,2022,Census,Texas (State)
Census Tract,48113010500,TX,48113010500,"=""48113010500""",1647.06,2019-2023,2022,Census,Texas (State)
Census Tract,48113010601,TX,48113010601,"=""48113010601""",2175.99,2019-2023,2022,Census,Texas (State)
Census Tract,48113010602,TX,48113010602,"=""48113010602""",2807.4,2019-2023,2022,Census,Texas (State)
Census Tract,48113010701,TX,48113010701,"=""48113010701""",1690.59,2019-2023,2022,Census,Texas (State)
Census Tract,48113010704,TX,48113010704,"=""48113010704""",3197.61,2019-2023,2022,Census,Texas (State)
Census Tract,48113010804,TX,48113010804,"=""48113010804""",6929.24,2019-2023,2022,Census,Texas (State)
Census Tract,48113010805,TX,48113010805,"=""48113010805""",4442.54,2019-2023,2022,Census,Texas (State)
Census Tract,48113010806,TX,48113010806,"=""48113010806""",3138.66,2019-2023,2022,Census,Texas (State)
Census Tract,48113010807,TX,48113010807,"=""48113010807""",4370.76,2019-2023,2022,Census,Texas (State)
Census Tract,48113010808,TX,48113010808,"=""48113010808""",8675.86,2019-2023,2022,Census,Texas (State)
Census Tract,48113010809,TX,48113010809,"=""48113010809""",7065.54,2019-2023,2022,Census,Texas (State)
Census Tract,48113010903,TX,48113010903,"=""48113010903""",4037.07,2019-2023,2022,Census,Texas (State)
Census Tract,48113010904,TX,48113010904,"=""48113010904""",1361.25,2019-2023,2022,Census,Texas (State)
Census Tract,48113010905,TX,48113010905,"=""48113010905""",16617.26,2019-2023,2022,Census,Texas (State)
Census Tract,48113010906,TX,48113010906,"=""48113010906""",3247.13,2019-2023,2022,Census,Texas (State)
Census Tract,48113011002,TX,48113011002,"=""48113011002""",3414.89,2019-2023,2022,Census,Texas (State)
Census Tract,48113011003,TX,48113011003,"=""48113011003""",4282.43,2019-2023,2022,Census,Texas (State)
Census Tract,48113011004,TX,48113011004,"=""48113011004""",6959.62,2019-2023,2022,Census,Texas (State)
Census Tract,48113011101,TX,48113011101,"=""48113011101""",2394.51,2019-2023,2022,Census,Texas (State)
Census Tract,48113011103,TX,48113011103,"=""48113011103""",4028.41,2019-2023,2022,Census,Texas (State)
Census Tract,48113011104,TX,48113011104,"=""48113011104""",7101.11,2019-2023,2022,Census,Texas (State)
Census Tract,48113011105,TX,48113011105,"=""48113011105""",9078.06,2019-2023,2022,Census,Texas (State)
Census Tract,48113011201,TX,48113011201,"=""48113011201""",3060.9,2019-2023,2022,Census,Texas (State)
Census Tract,48113011202,TX,48113011202,"=""48113011202""",1714.65,2019-2023,2022,Census,Texas (State)
Census Tract,48113011300,TX,48113011300,"=""48113011300""",1741.12,2019-2023,2022,Census,Texas (State)
Census Tract,48113011401,TX,48113011401,"=""48113011401""",3714.67,2019-2023,2022,Census,Texas (State)
Census Tract,48113011500,TX,48113011500,"=""48113011500""",795.21,2019-2023,2022,Census,Texas (State)
Census Tract,48113011601,TX,48113011601,"=""48113011601""",994.5,2019-2023,2022,Census,Texas (State)
Census Tract,48113011603,TX,48113011603,"=""48113011603""",1834.12,2019-2023,2022,Census,Texas (State)
Census Tract,48113011604,TX,48113011604,"=""48113011604""",1734.48,2019-2023,2022,Census,Texas (State)
Census Tract,48113011701,TX,48113011701,"=""48113011701""",3398.52,2019-2023,2022,Census,Texas (State)
Census Tract,48113011702,TX,48113011702,"=""48113011702""",2659,2019-2023,2022,Census,Texas (State)
Census Tract,48113011801,TX,48113011801,"=""48113011801""",4825.85,2019-2023,2022,Census,Texas (State)
Census Tract,48113011802,TX,48113011802,"=""48113011802""",4349.7,2019-2023,2022,Census,Texas (State)
Census Tract,48113011901,TX,48113011901,"=""48113011901""",4444.04,2019-2023,2022,Census,Texas (State)
Census Tract,48113011902,TX,48113011902,"=""48113011902""",4418.46,2019-2023,2022,Census,Texas (State)
Census Tract,48113012000,TX,48113012000,"=""48113012000""",10850.34,2019-2023,2022,Census,Texas (State)
Census Tract,48113012101,TX,48113012101,"=""48113012101""",10047.54,2019-2023,2022,Census,Texas (State)
Census Tract,48113012102,TX,48113012102,"=""48113012102""",3943.71,2019-2023,2022,Census,Texas (State)
Census Tract,48113012206,TX,48113012206,"=""48113012206""",5044.42,2019-2023,2022,Census,Texas (State)
Census Tract,48113012207,TX,48113012207,"=""48113012207""",3391,2019-2023,2022,Census,Texas (State)
Census Tract,48113012208,TX,48113012208,"=""48113012208""",6461.17,2019-2023,2022,Census,Texas (State)
Census Tract,48113012209,TX,48113012209,"=""48113012209""",3239.89,2019-2023,2022,Census,Texas (State)
Census Tract,48113012210,TX,48113012210,"=""48113012210""",9190.52,2019-2023,2022,Census,Texas (State)
Census Tract,48113012211,TX,48113012211,"=""48113012211""",9333.74,2019-2023,2022,Census,Texas (State)
Census Tract,48113012212,TX,48113012212,"=""48113012212""",7347.14,2019-2023,2022,Census,Texas (State)
Census Tract,48113012213,TX,48113012213,"=""48113012213""",3952.36,2019-2023,2022,Census,Texas (State)
Census Tract,48113012301,TX,48113012301,"=""48113012301""",7159.6,2019-2023,2022,Census,Texas (State)
Census Tract,48113012302,TX,48113012302,"=""48113012302""",9641.4,2019-2023,2022,Census,Texas (State)
Census Tract,48113012400,TX,48113012400,"=""48113012400""",4184.08,2019-2023,2022,Census,Texas (State)
Census Tract,48113012501,TX,48113012501,"=""48113012501""",5793.32,2019-2023,2022,Census,Texas (State)
Census Tract,48113012502,TX,48113012502,"=""48113012502""",5283.88,2019-2023,2022,Census,Texas (State)
Census Tract,48113012601,TX,48113012601,"=""48113012601""",7410.46,2019-2023,2022,Census,Texas (State)
Census Tract,48113012603,TX,48113012603,"=""48113012603""",5469.29,2019-2023,2022,Census,Texas (State)
Census Tract,48113012604,TX,48113012604,"=""48113012604""",7013.21,2019-2023,2022,Census,Texas (State)
Census Tract,48113012701,TX,48113012701,"=""48113012701""",5203.29,2019-2023,2022,Census,Texas (State)
Census Tract,48113012702,TX,48113012702,"=""48113012702""",6580.75,2019-2023,2022,Census,Texas (State)
Census Tract,48113012801,TX,48113012801,"=""48113012801""",4020.02,2019-2023,2022,Census,Texas (State)
Census Tract,48113012802,TX,48113012802,"=""48113012802""",4281.05,2019-2023,2022,Census,Texas (State)
Census Tract,48113012900,TX,48113012900,"=""48113012900""",2458.6,2019-2023,2022,Census,Texas (State)
Census Tract,48113013005,TX,48113013005,"=""48113013005""",6075.87,2019-2023,2022,Census,Texas (State)
Census Tract,48113013007,TX,48113013007,"=""48113013007""",5120.65,2019-2023,2022,Census,Texas (State)
Census Tract,48113013008,TX,48113013008,"=""48113013008""",4436.85,2019-2023,2022,Census,Texas (State)
Census Tract,48113013009,TX,48113013009,"=""48113013009""",7068.53,2019-2023,2022,Census,Texas (State)
Census Tract,48113013010,TX,48113013010,"=""48113013010""",9569.09,2019-2023,2022,Census,Texas (State)
Census Tract,48113013011,TX,48113013011,"=""48113013011""",12224.04,2019-2023,2022,Census,Texas (State)
Census Tract,48113013012,TX,48113013012,"=""48113013012""",5252.3,2019-2023,2022,Census,Texas (State)
Census Tract,48113013013,TX,48113013013,"=""48113013013""",4280.65,2019-2023,2022,Census,Texas (State)
Census Tract,48113013101,TX,48113013101,"=""48113013101""",2854.92,2019-2023,2022,Census,Texas (State)
Census Tract,48113013102,TX,48113013102,"=""48113013102""",3849.17,2019-2023,2022,Census,Texas (State)
Census Tract,48113013104,TX,48113013104,"=""48113013104""",9157.14,2019-2023,2022,Census,Texas (State)
Census Tract,48113013106,TX,48113013106,"=""48113013106""",9330.25,2019-2023,2022,Census,Texas (State)
Census Tract,48113013107,TX,48113013107,"=""48113013107""",23632.16,2019-2023,2022,Census,Texas (State)
Census Tract,48113013201,TX,48113013201,"=""48113013201""",2123.94,2019-2023,2022,Census,Texas (State)
Census Tract,48113013202,TX,48113013202,"=""48113013202""",4409.22,2019-2023,2022,Census,Texas (State)
Census Tract,48113013300,TX,48113013300,"=""48113013300""",1932.56,2019-2023,2022,Census,Texas (State)
Census Tract,48113013400,TX,48113013400,"=""48113013400""",2068.48,2019-2023,2022,Census,Texas (State)
Census Tract,48113013500,TX,48113013500,"=""48113013500""",2266.03,2019-2023,2022,Census,Texas (State)
Census Tract,48113013605,TX,48113013605,"=""48113013605""",4660.27,2019-2023,2022,Census,Texas (State)
Census Tract,48113013606,TX,48113013606,"=""48113013606""",6167.27,2019-2023,2022,Census,Texas (State)
Census Tract,48113013607,TX,48113013607,"=""48113013607""",4206.39,2019-2023,2022,Census,Texas (State)
Census Tract,48113013608,TX,48113013608,"=""48113013608""",1478.24,2019-2023,2022,Census,Texas (State)
Census Tract,48113013609,TX,48113013609,"=""48113013609""",5028.06,2019-2023,2022,Census,Texas (State)
Census Tract,48113013610,TX,48113013610,"=""48113013610""",3431.09,2019-2023,2022,Census,Texas (State)
Census Tract,48113013611,TX,48113013611,"=""48113013611""",1777.24,2019-2023,2022,Census,Texas (State)
Census Tract,48113013615,TX,48113013615,"=""48113013615""",11538.33,2019-2023,2022,Census,Texas (State)
Census Tract,48113013617,TX,48113013617,"=""48113013617""",3892.15,2019-2023,2022,Census,Texas (State)
Census Tract,48113013618,TX,48113013618,"=""48113013618""",5624.28,2019-2023,2022,Census,Texas (State)
Census Tract,48113013619,TX,48113013619,"=""48113013619""",4338.49,2019-2023,2022,Census,Texas (State)
Census Tract,48113013620,TX,48113013620,"=""48113013620""",10066.14,2019-2023,2022,Census,Texas (State)
Census Tract,48113013621,TX,48113013621,"=""48113013621""",12847.24,2019-2023,2022,Census,Texas (State)
Census Tract,48113013622,TX,48113013622,"=""48113013622""",6452.03,2019-2023,2022,Census,Texas (State)
Census Tract,48113013624,TX,48113013624,"=""48113013624""",15739.43,2019-2023,2022,Census,Texas (State)
Census Tract,48113013625,TX,48113013625,"=""48113013625""",23466.39,2019-2023,2022,Census,Texas (State)
Census Tract,48113013626,TX,48113013626,"=""48113013626""",10445.93,2019-2023,2022,Census,Texas (State)
Census Tract,48113013627,TX,48113013627,"=""48113013627""",4777.59,2019-2023,2022,Census,Texas (State)
Census Tract,48113013628,TX,48113013628,"=""48113013628""",6120.14,2019-2023,2022,Census,Texas (State)
Census Tract,48113013629,TX,48113013629,"=""48113013629""",31149.77,2019-2023,2022,Census,Texas (State)
Census Tract,48113013630,TX,48113013630,"=""48113013630""",21233.42,2019-2023,2022,Census,Texas (State)
Census Tract,48113013631,TX,48113013631,"=""48113013631""",34991.78,2019-2023,2022,Census,Texas (State)
Census Tract,48113013715,TX,48113013715,"=""48113013715""",7105.1,2019-2023,2022,Census,Texas (State)
Census Tract,48113013716,TX,48113013716,"=""48113013716""",3514.05,2019-2023,2022,Census,Texas (State)
Census Tract,48113013717,TX,48113013717,"=""48113013717""",5328.91,2019-2023,2022,Census,Texas (State)
Census Tract,48113013718,TX,48113013718,"=""48113013718""",9906.49,2019-2023,2022,Census,Texas (State)
Census Tract,48113013719,TX,48113013719,"=""48113013719""",2512.99,2019-2023,2022,Census,Texas (State)
Census Tract,48113013720,TX,48113013720,"=""48113013720""",5281.33,2019-2023,2022,Census,Texas (State)
Census Tract,48113013721,TX,48113013721,"=""48113013721""",4017.59,2019-2023,2022,Census,Texas (State)
Census Tract,48113013722,TX,48113013722,"=""48113013722""",3580.2,2019-2023,2022,Census,Texas (State)
Census Tract,48113013725,TX,48113013725,"=""48113013725""",5959.92,2019-2023,2022,Census,Texas (State)
Census Tract,48113013726,TX,48113013726,"=""48113013726""",4246.75,2019-2023,2022,Census,Texas (State)
Census Tract,48113013727,TX,48113013727,"=""48113013727""",2077.23,2019-2023,2022,Census,Texas (State)
Census Tract,48113013728,TX,48113013728,"=""48113013728""",9385.23,2019-2023,2022,Census,Texas (State)
Census Tract,48113013729,TX,48113013729,"=""48113013729""",5901.1,2019-2023,2022,Census,Texas (State)
Census Tract,48113013804,TX,48113013804,"=""48113013804""",3190.95,2019-2023,2022,Census,Texas (State)
Census Tract,48113013805,TX,48113013805,"=""48113013805""",18134.56,2019-2023,2022,Census,Texas (State)
Census Tract,48113013806,TX,48113013806,"=""48113013806""",1794.25,2019-2023,2022,Census,Texas (State)
Census Tract,48113013807,TX,48113013807,"=""48113013807""",3927.43,2019-2023,2022,Census,Texas (State)
Census Tract,48113013808,TX,48113013808,"=""48113013808""",1968.93,2019-2023,2022,Census,Texas (State)
Census Tract,48113013901,TX,48113013901,"=""48113013901""",5389.3,2019-2023,2022,Census,Texas (State)
Census Tract,48113013902,TX,48113013902,"=""48113013902""",3810.16,2019-2023,2022,Census,Texas (State)
Census Tract,48113014001,TX,48113014001,"=""48113014001""",3271.29,2019-2023,2022,Census,Texas (State)
Census Tract,48113014002,TX,48113014002,"=""48113014002""",281.59,2019-2023,2022,Census,Texas (State)
Census Tract,48113014119,TX,48113014119,"=""48113014119""",3308.58,2019-2023,2022,Census,Texas (State)
Census Tract,48113014120,TX,48113014120,"=""48113014120""",4509.53,2019-2023,2022,Census,Texas (State)
Census Tract,48113014121,TX,48113014121,"=""48113014121""",3658.44,2019-2023,2022,Census,Texas (State)
Census Tract,48113014123,TX,48113014123,"=""48113014123""",2448.75,2019-2023,2022,Census,Texas (State)
Census Tract,48113014124,TX,48113014124,"=""48113014124""",972.79,2019-2023,2022,Census,Texas (State)
Census Tract,48113014126,TX,48113014126,"=""48113014126""",1480.62,2019-2023,2022,Census,Texas (State)
Census Tract,48113014128,TX,48113014128,"=""48113014128""",9339.47,2019-2023,2022,Census,Texas (State)
Census Tract,48113014130,TX,48113014130,"=""48113014130""",3006.96,2019-2023,2022,Census,Texas (State)
Census Tract,48113014132,TX,48113014132,"=""48113014132""",6534.18,2019-2023,2022,Census,Texas (State)
Census Tract,48113014134,TX,48113014134,"=""48113014134""",4462.93,2019-2023,2022,Census,Texas (State)
Census Tract,48113014135,TX,48113014135,"=""48113014135""",6940.22,2019-2023,2022,Census,Texas (State)
Census Tract,48113014138,TX,48113014138,"=""48113014138""",3988.16,2019-2023,2022,Census,Texas (State)
Census Tract,48113014139,TX,48113014139,"=""48113014139""",18097.52,2019-2023,2022,Census,Texas (State)
Census Tract,48113014140,TX,48113014140,"=""48113014140""",19319.69,2019-2023,2022,Census,Texas (State)
Census Tract,48113014141,TX,48113014141,"=""48113014141""",16636.51,2019-2023,2022,Census,Texas (State)
Census Tract,48113014142,TX,48113014142,"=""48113014142""",11174.47,2019-2023,2022,Census,Texas (State)
Census Tract,48113014143,TX,48113014143,"=""48113014143""",4570.2,2019-2023,2022,Census,Texas (State)
Census Tract,48113014144,TX,48113014144,"=""48113014144""",4263.5,2019-2023,2022,Census,Texas (State)
Census Tract,48113014145,TX,48113014145,"=""48113014145""",18738.57,2019-2023,2022,Census,Texas (State)
Census Tract,48113014146,TX,48113014146,"=""48113014146""",26914.68,2019-2023,2022,Census,Texas (State)
Census Tract,48113014147,TX,48113014147,"=""48113014147""",10942.16,2019-2023,2022,Census,Texas (State)
Census Tract,48113014148,TX,48113014148,"=""48113014148""",4438.48,2019-2023,2022,Census,Texas (State)
Census Tract,48113014149,TX,48113014149,"=""48113014149""",15056.27,2019-2023,2022,Census,Texas (State)
Census Tract,48113014150,TX,48113014150,"=""48113014150""",1823.06,2019-2023,2022,Census,Texas (State)
Census Tract,48113014151,TX,48113014151,"=""48113014151""",6495.44,2019-2023,2022,Census,Texas (State)
Census Tract,48113014152,TX,48113014152,"=""48113014152""",9656.22,2019-2023,2022,Census,Texas (State)
Census Tract,48113014153,TX,48113014153,"=""48113014153""",5717.1,2019-2023,2022,Census,Texas (State)
Census Tract,48113014154,TX,48113014154,"=""48113014154""",7759.16,2019-2023,2022,Census,Texas (State)
Census Tract,48113014155,TX,48113014155,"=""48113014155""",14917.56,2019-2023,2022,Census,Texas (State)
Census Tract,48113014156,TX,48113014156,"=""48113014156""",6562.64,2019-2023,2022,Census,Texas (State)
Census Tract,48113014157,TX,48113014157,"=""48113014157""",1165.98,2019-2023,2022,Census,Texas (State)
Census Tract,48113014158,TX,48113014158,"=""48113014158""",3880.9,2019-2023,2022,Census,Texas (State)
Census Tract,48113014159,TX,48113014159,"=""48113014159""",1338.26,2019-2023,2022,Census,Texas (State)
Census Tract,48113014160,TX,48113014160,"=""48113014160""",3093.18,2019-2023,2022,Census,Texas (State)
Census Tract,48113014161,TX,48113014161,"=""48113014161""",6572.89,2019-2023,2022,Census,Texas (State)
Census Tract,48113014203,TX,48113014203,"=""48113014203""",4651.93,2019-2023,2022,Census,Texas (State)
Census Tract,48113014204,TX,48113014204,"=""48113014204""",1587.14,2019-2023,2022,Census,Texas (State)
Census Tract,48113014205,TX,48113014205,"=""48113014205""",1668.87,2019-2023,2022,Census,Texas (State)
Census Tract,48113014207,TX,48113014207,"=""48113014207""",4466.93,2019-2023,2022,Census,Texas (State)
Census Tract,48113014208,TX,48113014208,"=""48113014208""",7466.98,2019-2023,2022,Census,Texas (State)
Census Tract,48113014209,TX,48113014209,"=""48113014209""",7861.2,2019-2023,2022,Census,Texas (State)
Census Tract,48113014306,TX,48113014306,"=""48113014306""",6950.72,2019-2023,2022,Census,Texas (State)
Census Tract,48113014308,TX,48113014308,"=""48113014308""",10655.71,2019-2023,2022,Census,Texas (State)
Census Tract,48113014309,TX,48113014309,"=""48113014309""",24627.45,2019-2023,2022,Census,Texas (State)
Census Tract,48113014310,TX,48113014310,"=""48113014310""",6401.57,2019-2023,2022,Census,Texas (State)
Census Tract,48113014313,TX,48113014313,"=""48113014313""",2267.22,2019-2023,2022,Census,Texas (State)
Census Tract,48113014314,TX,48113014314,"=""48113014314""",2502.19,2019-2023,2022,Census,Texas (State)
Census Tract,48113014315,TX,48113014315,"=""48113014315""",6962.39,2019-2023,2022,Census,Texas (State)
Census Tract,48113014316,TX,48113014316,"=""48113014316""",8781.99,2019-2023,2022,Census,Texas (State)
Census Tract,48113014317,TX,48113014317,"=""48113014317""",16251.54,2019-2023,2022,Census,Texas (State)
Census Tract,48113014318,TX,48113014318,"=""48113014318""",3760.85,2019-2023,2022,Census,Texas (State)
Census Tract,48113014319,TX,48113014319,"=""48113014319""",17591.62,2019-2023,2022,Census,Texas (State)
Census Tract,48113014320,TX,48113014320,"=""48113014320""",14006.42,2019-2023,2022,Census,Texas (State)
Census Tract,48113014405,TX,48113014405,"=""48113014405""",4710.58,2019-2023,2022,Census,Texas (State)
Census Tract,48113014406,TX,48113014406,"=""48113014406""",6464.79,2019-2023,2022,Census,Texas (State)
Census Tract,48113014407,TX,48113014407,"=""48113014407""",8022.35,2019-2023,2022,Census,Texas (State)
Census Tract,48113014408,TX,48113014408,"=""48113014408""",5787.3,2019-2023,2022,Census,Texas (State)
Census Tract,48113014409,TX,48113014409,"=""48113014409""",2162.93,2019-2023,2022,Census,Texas (State)
Census Tract,48113014410,TX,48113014410,"=""48113014410""",4737.93,2019-2023,2022,Census,Texas (State)
Census Tract,48113014501,TX,48113014501,"=""48113014501""",5694.93,2019-2023,2022,Census,Texas (State)
Census Tract,48113014502,TX,48113014502,"=""48113014502""",6587.49,2019-2023,2022,Census,Texas (State)
Census Tract,48113014601,TX,48113014601,"=""48113014601""",4592.43,2019-2023,2022,Census,Texas (State)
Census Tract,48113014602,TX,48113014602,"=""48113014602""",6019.14,2019-2023,2022,Census,Texas (State)
Census Tract,48113014603,TX,48113014603,"=""48113014603""",4173.56,2019-2023,2022,Census,Texas (State)
Census Tract,48113014701,TX,48113014701,"=""48113014701""",9226.51,2019-2023,2022,Census,Texas (State)
Census Tract,48113014704,TX,48113014704,"=""48113014704""",5657.2,2019-2023,2022,Census,Texas (State)
Census Tract,48113014903,TX,48113014903,"=""48113014903""",4509.14,2019-2023,2022,Census,Texas (State)
Census Tract,48113015001,TX,48113015001,"=""48113015001""",6702.8,2019-2023,2022,Census,Texas (State)
Census Tract,48113015002,TX,48113015002,"=""48113015002""",1039.26,2019-2023,2022,Census,Texas (State)
Census Tract,48113015101,TX,48113015101,"=""48113015101""",4125.91,2019-2023,2022,Census,Texas (State)
Census Tract,48113015102,TX,48113015102,"=""48113015102""",7655.33,2019-2023,2022,Census,Texas (State)
Census Tract,48113015202,TX,48113015202,"=""48113015202""",6704.62,2019-2023,2022,Census,Texas (State)
Census Tract,48113015205,TX,48113015205,"=""48113015205""",8753.49,2019-2023,2022,Census,Texas (State)
Census Tract,48113015206,TX,48113015206,"=""48113015206""",7878.5,2019-2023,2022,Census,Texas (State)
Census Tract,48113015207,TX,48113015207,"=""48113015207""",4583.21,2019-2023,2022,Census,Texas (State)
Census Tract,48113015208,TX,48113015208,"=""48113015208""",9443.85,2019-2023,2022,Census,Texas (State)
Census Tract,48113015303,TX,48113015303,"=""48113015303""",828.19,2019-2023,2022,Census,Texas (State)
Census Tract,48113015304,TX,48113015304,"=""48113015304""",663.54,2019-2023,2022,Census,Texas (State)
Census Tract,48113015305,TX,48113015305,"=""48113015305""",5249.23,2019-2023,2022,Census,Texas (State)
Census Tract,48113015306,TX,48113015306,"=""48113015306""",3445.15,2019-2023,2022,Census,Texas (State)
Census Tract,48113015403,TX,48113015403,"=""48113015403""",9048.88,2019-2023,2022,Census,Texas (State)
Census Tract,48113015404,TX,48113015404,"=""48113015404""",4407.07,2019-2023,2022,Census,Texas (State)
Census Tract,48113015405,TX,48113015405,"=""48113015405""",1441.92,2019-2023,2022,Census,Texas (State)
Census Tract,48113015406,TX,48113015406,"=""48113015406""",3597.68,2019-2023,2022,Census,Texas (State)
Census Tract,48113015500,TX,48113015500,"=""48113015500""",2602.97,2019-2023,2022,Census,Texas (State)
Census Tract,48113015600,TX,48113015600,"=""48113015600""",4544.47,2019-2023,2022,Census,Texas (State)
Census Tract,48113015700,TX,48113015700,"=""48113015700""",1878.19,2019-2023,2022,Census,Texas (State)
Census Tract,48113015900,TX,48113015900,"=""48113015900""",1582.46,2019-2023,2022,Census,Texas (State)
Census Tract,48113016001,TX,48113016001,"=""48113016001""",5751.18,2019-2023,2022,Census,Texas (State)
Census Tract,48113016002,TX,48113016002,"=""48113016002""",6106.27,2019-2023,2022,Census,Texas (State)
Census Tract,48113016100,TX,48113016100,"=""48113016100""",1452.36,2019-2023,2022,Census,Texas (State)
Census Tract,48113016201,TX,48113016201,"=""48113016201""",5827.09,2019-2023,2022,Census,Texas (State)
Census Tract,48113016203,TX,48113016203,"=""48113016203""",11801.85,2019-2023,2022,Census,Texas (State)
Census Tract,48113016204,TX,48113016204,"=""48113016204""",7186.02,2019-2023,2022,Census,Texas (State)
Census Tract,48113016301,TX,48113016301,"=""48113016301""",4856.28,2019-2023,2022,Census,Texas (State)
Census Tract,48113016302,TX,48113016302,"=""48113016302""",5291.13,2019-2023,2022,Census,Texas (State)
Census Tract,48113016406,TX,48113016406,"=""48113016406""",8450.21,2019-2023,2022,Census,Texas (State)
Census Tract,48113016407,TX,48113016407,"=""48113016407""",8453.82,2019-2023,2022,Census,Texas (State)
Census Tract,48113016409,TX,48113016409,"=""48113016409""",1794.79,2019-2023,2022,Census,Texas (State)
Census Tract,48113016410,TX,48113016410,"=""48113016410""",3045.82,2019-2023,2022,Census,Texas (State)
Census Tract,48113016412,TX,48113016412,"=""48113016412""",2424.42,2019-2023,2022,Census,Texas (State)
Census Tract,48113016414,TX,48113016414,"=""48113016414""",5624.1,2019-2023,2022,Census,Texas (State)
Census Tract,48113016415,TX,48113016415,"=""48113016415""",3688.89,2019-2023,2022,Census,Texas (State)
Census Tract,48113016416,TX,48113016416,"=""48113016416""",928.29,2019-2023,2022,Census,Texas (State)
Census Tract,48113016417,TX,48113016417,"=""48113016417""",5135.17,2019-2023,2022,Census,Texas (State)
Census Tract,48113016418,TX,48113016418,"=""48113016418""",3070.35,2019-2023,2022,Census,Texas (State)
Census Tract,48113016419,TX,48113016419,"=""48113016419""",3260.67,2019-2023,2022,Census,Texas (State)
Census Tract,48113016420,TX,48113016420,"=""48113016420""",6615.15,2019-2023,2022,Census,Texas (State)
Census Tract,48113016421,TX,48113016421,"=""48113016421""",3335.61,2019-2023,2022,Census,Texas (State)
Census Tract,48113016511,TX,48113016511,"=""48113016511""",7332.9,2019-2023,2022,Census,Texas (State)
Census Tract,48113016513,TX,48113016513,"=""48113016513""",3060.14,2019-2023,2022,Census,Texas (State)
Census Tract,48113016516,TX,48113016516,"=""48113016516""",5522.8,2019-2023,2022,Census,Texas (State)
Census Tract,48113016517,TX,48113016517,"=""48113016517""",4508.57,2019-2023,2022,Census,Texas (State)
Census Tract,48113016518,TX,48113016518,"=""48113016518""",6244.67,2019-2023,2022,Census,Texas (State)
Census Tract,48113016519,TX,48113016519,"=""48113016519""",2253.48,2019-2023,2022,Census,Texas (State)
Census Tract,48113016521,TX,48113016521,"=""48113016521""",1027.12,2019-2023,2022,Census,Texas (State)
Census Tract,48113016522,TX,48113016522,"=""48113016522""",650.8,2019-2023,2022,Census,Texas (State)
Census Tract,48113016524,TX,48113016524,"=""48113016524""",513.28,2019-2023,2022,Census,Texas (State)
Census Tract,48113016525,TX,48113016525,"=""48113016525""",500.06,2019-2023,2022,Census,Texas (State)
Census Tract,48113016526,TX,48113016526,"=""48113016526""",8648.1,2019-2023,2022,Census,Texas (State)
Census Tract,48113016527,TX,48113016527,"=""48113016527""",1563.98,2019-2023,2022,Census,Texas (State)
Census Tract,48113016528,TX,48113016528,"=""48113016528""",2579.11,2019-2023,2022,Census,Texas (State)
Census Tract,48113016529,TX,48113016529,"=""48113016529""",2640.71,2019-2023,2022,Census,Texas (State)
Census Tract,48113016530,TX,48113016530,"=""48113016530""",1916.28,2019-2023,2022,Census,Texas (State)
Census Tract,48113016531,TX,48113016531,"=""48113016531""",4543.34,2019-2023,2022,Census,Texas (State)
Census Tract,48113016532,TX,48113016532,"=""48113016532""",1745.29,2019-2023,2022,Census,Texas (State)
Census Tract,48113016533,TX,48113016533,"=""48113016533""",657.13,2019-2023,2022,Census,Texas (State)
Census Tract,48113016534,TX,48113016534,"=""48113016534""",2215.57,2019-2023,2022,Census,Texas (State)
Census Tract,48113016535,TX,48113016535,"=""48113016535""",3106.48,2019-2023,2022,Census,Texas (State)
Census Tract,48113016536,TX,48113016536,"=""48113016536""",2670.87,2019-2023,2022,Census,Texas (State)
Census Tract,48113016607,TX,48113016607,"=""48113016607""",8177.31,2019-2023,2022,Census,Texas (State)
Census Tract,48113016610,TX,48113016610,"=""48113016610""",3362.46,2019-2023,2022,Census,Texas (State)
Census Tract,48113016615,TX,48113016615,"=""48113016615""",4670.28,2019-2023,2022,Census,Texas (State)
Census Tract,48113016616,TX,48113016616,"=""48113016616""",1396.2,2019-2023,2022,Census,Texas (State)
Census Tract,48113016617,TX,48113016617,"=""48113016617""",2229.54,2019-2023,2022,Census,Texas (State)
Census Tract,48113016618,TX,48113016618,"=""48113016618""",3055.14,2019-2023,2022,Census,Texas (State)
Census Tract,48113016619,TX,48113016619,"=""48113016619""",3668.93,2019-2023,2022,Census,Texas (State)
Census Tract,48113016620,TX,48113016620,"=""48113016620""",2733.57,2019-2023,2022,Census,Texas (State)
Census Tract,48113016621,TX,48113016621,"=""48113016621""",3771.94,2019-2023,2022,Census,Texas (State)
Census Tract,48113016622,TX,48113016622,"=""48113016622""",1910.05,2019-2023,2022,Census,Texas (State)
Census Tract,48113016623,TX,48113016623,"=""48113016623""",1588.72,2019-2023,2022,Census,Texas (State)
Census Tract,48113016624,TX,48113016624,"=""48113016624""",1347.79,2019-2023,2022,Census,Texas (State)
Census Tract,48113016626,TX,48113016626,"=""48113016626""",3511.87,2019-2023,2022,Census,Texas (State)
Census Tract,48113016627,TX,48113016627,"=""48113016627""",2431.99,2019-2023,2022,Census,Texas (State)
Census Tract,48113016628,TX,48113016628,"=""48113016628""",4817.98,2019-2023,2022,Census,Texas (State)
Census Tract,48113016629,TX,48113016629,"=""48113016629""",3863.59,2019-2023,2022,Census,Texas (State)
Census Tract,48113016630,TX,48113016630,"=""48113016630""",3214.78,2019-2023,2022,Census,Texas (State)
Census Tract,48113016631,TX,48113016631,"=""48113016631""",2824.95,2019-2023,2022,Census,Texas (State)
Census Tract,48113016632,TX,48113016632,"=""48113016632""",3523.98,2019-2023,2022,Census,Texas (State)
Census Tract,48113016633,TX,48113016633,"=""48113016633""",3365.33,2019-2023,2022,Census,Texas (State)
Census Tract,48113016634,TX,48113016634,"=""48113016634""",1132.3,2019-2023,2022,Census,Texas (State)
Census Tract,48113016635,TX,48113016635,"=""48113016635""",3618.21,2019-2023,2022,Census,Texas (State)
Census Tract,48113016636,TX,48113016636,"=""48113016636""",2311.99,2019-2023,2022,Census,Texas (State)
Census Tract,48113016637,TX,48113016637,"=""48113016637""",3956.87,2019-2023,2022,Census,Texas (State)
Census Tract,48113016638,TX,48113016638,"=""48113016638""",1402.67,2019-2023,2022,Census,Texas (State)
Census Tract,48113016704,TX,48113016704,"=""48113016704""",4040.02,2019-2023,2022,Census,Texas (State)
Census Tract,48113016706,TX,48113016706,"=""48113016706""",3710.77,2019-2023,2022,Census,Texas (State)
Census Tract,48113016707,TX,48113016707,"=""48113016707""",4949.95,2019-2023,2022,Census,Texas (State)
Census Tract,48113016708,TX,48113016708,"=""48113016708""",4152.93,2019-2023,2022,Census,Texas (State)
Census Tract,48113016709,TX,48113016709,"=""48113016709""",340.18,2019-2023,2022,Census,Texas (State)
Census Tract,48113016710,TX,48113016710,"=""48113016710""",5809,2019-2023,2022,Census,Texas (State)
Census Tract,48113016711,TX,48113016711,"=""48113016711""",1516.89,2019-2023,2022,Census,Texas (State)
Census Tract,48113016802,TX,48113016802,"=""48113016802""",394.68,2019-2023,2022,Census,Texas (State)
Census Tract,48113016803,TX,48113016803,"=""48113016803""",3379.97,2019-2023,2022,Census,Texas (State)
Census Tract,48113016805,TX,48113016805,"=""48113016805""",4744.48,2019-2023,2022,Census,Texas (State)
Census Tract,48113016806,TX,48113016806,"=""48113016806""",4486.87,2019-2023,2022,Census,Texas (State)
Census Tract,48113016902,TX,48113016902,"=""48113016902""",689.63,2019-2023,2022,Census,Texas (State)
Census Tract,48113016903,TX,48113016903,"=""48113016903""",148.55,2019-2023,2022,Census,Texas (State)
Census Tract,48113017005,TX,48113017005,"=""48113017005""",1071.4,2019-2023,2022,Census,Texas (State)
Census Tract,48113017006,TX,48113017006,"=""48113017006""",234.08,2019-2023,2022,Census,Texas (State)
Census Tract,48113017007,TX,48113017007,"=""48113017007""",1978.69,2019-2023,2022,Census,Texas (State)
Census Tract,48113017008,TX,48113017008,"=""48113017008""",971.79,2019-2023,2022,Census,Texas (State)
Census Tract,48113017009,TX,48113017009,"=""48113017009""",5788.64,2019-2023,2022,Census,Texas (State)
Census Tract,48113017010,TX,48113017010,"=""48113017010""",3203.45,2019-2023,2022,Census,Texas (State)
Census Tract,48113017101,TX,48113017101,"=""48113017101""",1657.52,2019-2023,2022,Census,Texas (State)
Census Tract,48113017102,TX,48113017102,"=""48113017102""",586.08,2019-2023,2022,Census,Texas (State)
Census Tract,48113017201,TX,48113017201,"=""48113017201""",2710.96,2019-2023,2022,Census,Texas (State)
Census Tract,48113017203,TX,48113017203,"=""48113017203""",4340.28,2019-2023,2022,Census,Texas (State)
Census Tract,48113017204,TX,48113017204,"=""48113017204""",4797.36,2019-2023,2022,Census,Texas (State)
Census Tract,48113017307,TX,48113017307,"=""48113017307""",3926.41,2019-2023,2022,Census,Texas (State)
Census Tract,48113017308,TX,48113017308,"=""48113017308""",4267.51,2019-2023,2022,Census,Texas (State)
Census Tract,48113017309,TX,48113017309,"=""48113017309""",5328.14,2019-2023,2022,Census,Texas (State)
Census Tract,48113017310,TX,48113017310,"=""48113017310""",3352.01,2019-2023,2022,Census,Texas (State)
Census Tract,48113017311,TX,48113017311,"=""48113017311""",4881.39,2019-2023,2022,Census,Texas (State)
Census Tract,48113017312,TX,48113017312,"=""48113017312""",6302.36,2019-2023,2022,Census,Texas (State)
Census Tract,48113017313,TX,48113017313,"=""48113017313""",737.74,2019-2023,2022,Census,Texas (State)
Census Tract,48113017314,TX,48113017314,"=""48113017314""",1406.12,2019-2023,2022,Census,Texas (State)
Census Tract,48113017315,TX,48113017315,"=""48113017315""",4761.98,2019-2023,2022,Census,Texas (State)
Census Tract,48113017400,TX,48113017400,"=""48113017400""",4861.61,2019-2023,2022,Census,Texas (State)
Census Tract,48113017500,TX,48113017500,"=""48113017500""",1952.3,2019-2023,2022,Census,Texas (State)
Census Tract,48113017602,TX,48113017602,"=""48113017602""",3210.43,2019-2023,2022,Census,Texas (State)
Census Tract,48113017604,TX,48113017604,"=""48113017604""",6135.04,2019-2023,2022,Census,Texas (State)
Census Tract,48113017605,TX,48113017605,"=""48113017605""",9873.55,2019-2023,2022,Census,Texas (State)
Census Tract,48113017606,TX,48113017606,"=""48113017606""",3008.05,2019-2023,2022,Census,Texas (State)
Census Tract,48113017703,TX,48113017703,"=""48113017703""",6934.8,2019-2023,2022,Census,Texas (State)
Census Tract,48113017704,TX,48113017704,"=""48113017704""",5546.15,2019-2023,2022,Census,Texas (State)
Census Tract,48113017705,TX,48113017705,"=""48113017705""",7080.07,2019-2023,2022,Census,Texas (State)
Census Tract,48113017706,TX,48113017706,"=""48113017706""",3171.6,2019-2023,2022,Census,Texas (State)
Census Tract,48113017805,TX,48113017805,"=""48113017805""",1754.33,2019-2023,2022,Census,Texas (State)
Census Tract,48113017806,TX,48113017806,"=""48113017806""",4961.35,2019-2023,2022,Census,Texas (State)
Census Tract,48113017808,TX,48113017808,"=""48113017808""",4140.82,2019-2023,2022,Census,Texas (State)
Census Tract,48113017811,TX,48113017811,"=""48113017811""",5657.76,2019-2023,2022,Census,Texas (State)
Census Tract,48113017812,TX,48113017812,"=""48113017812""",2793.41,2019-2023,2022,Census,Texas (State)
Census Tract,48113017814,TX,48113017814,"=""48113017814""",3544.66,2019-2023,2022,Census,Texas (State)
Census Tract,48113017815,TX,48113017815,"=""48113017815""",3689.39,2019-2023,2022,Census,Texas (State)
Census Tract,48113017816,TX,48113017816,"=""48113017816""",11239.77,2019-2023,2022,Census,Texas (State)
Census Tract,48113017817,TX,48113017817,"=""48113017817""",5742.81,2019-2023,2022,Census,Texas (State)
Census Tract,48113017818,TX,48113017818,"=""48113017818""",5654.95,2019-2023,2022,Census,Texas (State)
Census Tract,48113017819,TX,48113017819,"=""48113017819""",5524.36,2019-2023,2022,Census,Texas (State)
Census Tract,48113017820,TX,48113017820,"=""48113017820""",6895.87,2019-2023,2022,Census,Texas (State)
Census Tract,48113017900,TX,48113017900,"=""48113017900""",4110.87,2019-2023,2022,Census,Texas (State)
Census Tract,48113018001,TX,48113018001,"=""48113018001""",6645.79,2019-2023,2022,Census,Texas (State)
Census Tract,48113018002,TX,48113018002,"=""48113018002""",6209.59,2019-2023,2022,Census,Texas (State)
Census Tract,48113018105,TX,48113018105,"=""48113018105""",4854.14,2019-2023,2022,Census,Texas (State)
Census Tract,48113018110,TX,48113018110,"=""48113018110""",2663.25,2019-2023,2022,Census,Texas (State)
Census Tract,48113018111,TX,48113018111,"=""48113018111""",6849.48,2019-2023,2022,Census,Texas (State)
Census Tract,48113018120,TX,48113018120,"=""48113018120""",2867.17,2019-2023,2022,Census,Texas (State)
Census Tract,48113018121,TX,48113018121,"=""48113018121""",3859.99,2019-2023,2022,Census,Texas (State)
Census Tract,48113018126,TX,48113018126,"=""48113018126""",5567.37,2019-2023,2022,Census,Texas (State)
Census Tract,48113018127,TX,48113018127,"=""48113018127""",5767.72,2019-2023,2022,Census,Texas (State)
Census Tract,48113018128,TX,48113018128,"=""48113018128""",7502.24,2019-2023,2022,Census,Texas (State)
Census Tract,48113018129,TX,48113018129,"=""48113018129""",2655.88,2019-2023,2022,Census,Texas (State)
Census Tract,48113018130,TX,48113018130,"=""48113018130""",3302.35,2019-2023,2022,Census,Texas (State)
Census Tract,48113018132,TX,48113018132,"=""48113018132""",3869.35,2019-2023,2022,Census,Texas (State)
Census Tract,48113018133,TX,48113018133,"=""48113018133""",1303.24,2019-2023,2022,Census,Texas (State)
Census Tract,48113018134,TX,48113018134,"=""48113018134""",3339.05,2019-2023,2022,Census,Texas (State)
Census Tract,48113018135,TX,48113018135,"=""48113018135""",4713.1,2019-2023,2022,Census,Texas (State)
Census Tract,48113018137,TX,48113018137,"=""48113018137""",4627.63,2019-2023,2022,Census,Texas (State)
Census Tract,48113018138,TX,48113018138,"=""48113018138""",4718.93,2019-2023,2022,Census,Texas (State)
Census Tract,48113018140,TX,48113018140,"=""48113018140""",2651.57,2019-2023,2022,Census,Texas (State)
Census Tract,48113018141,TX,48113018141,"=""48113018141""",4456.43,2019-2023,2022,Census,Texas (State)
Census Tract,48113018142,TX,48113018142,"=""48113018142""",2703.9,2019-2023,2022,Census,Texas (State)
Census Tract,48113018143,TX,48113018143,"=""48113018143""",1158.57,2019-2023,2022,Census,Texas (State)
Census Tract,48113018144,TX,48113018144,"=""48113018144""",4213.3,2019-2023,2022,Census,Texas (State)
Census Tract,48113018145,TX,48113018145,"=""48113018145""",3730.52,2019-2023,2022,Census,Texas (State)
Census Tract,48113018146,TX,48113018146,"=""48113018146""",3167.94,2019-2023,2022,Census,Texas (State)
Census Tract,48113018147,TX,48113018147,"=""48113018147""",4715.94,2019-2023,2022,Census,Texas (State)
Census Tract,48113018148,TX,48113018148,"=""48113018148""",5128.28,2019-2023,2022,Census,Texas (State)
Census Tract,48113018149,TX,48113018149,"=""48113018149""",5559.03,2019-2023,2022,Census,Texas (State)
Census Tract,48113018150,TX,48113018150,"=""48113018150""",2950.44,2019-2023,2022,Census,Texas (State)
Census Tract,48113018151,TX,48113018151,"=""48113018151""",2299.22,2019-2023,2022,Census,Texas (State)
Census Tract,48113018152,TX,48113018152,"=""48113018152""",3894.85,2019-2023,2022,Census,Texas (State)
Census Tract,48113018153,TX,48113018153,"=""48113018153""",5517.85,2019-2023,2022,Census,Texas (State)
Census Tract,48113018154,TX,48113018154,"=""48113018154""",3633.52,2019-2023,2022,Census,Texas (State)
Census Tract,48113018155,TX,48113018155,"=""48113018155""",1360.61,2019-2023,2022,Census,Texas (State)
Census Tract,48113018156,TX,48113018156,"=""48113018156""",4913.11,2019-2023,2022,Census,Texas (State)
Census Tract,48113018157,TX,48113018157,"=""48113018157""",2458.58,2019-2023,2022,Census,Texas (State)
Census Tract,48113018158,TX,48113018158,"=""48113018158""",485.38,2019-2023,2022,Census,Texas (State)
Census Tract,48113018159,TX,48113018159,"=""48113018159""",587.58,2019-2023,2022,Census,Texas (State)
Census Tract,48113018203,TX,48113018203,"=""48113018203""",3454.72,2019-2023,2022,Census,Texas (State)
Census Tract,48113018204,TX,48113018204,"=""48113018204""",7298.69,2019-2023,2022,Census,Texas (State)
Census Tract,48113018205,TX,48113018205,"=""48113018205""",6413.3,2019-2023,2022,Census,Texas (State)
Census Tract,48113018206,TX,48113018206,"=""48113018206""",6234.67,2019-2023,2022,Census,Texas (State)
Census Tract,48113018300,TX,48113018300,"=""48113018300""",4694.39,2019-2023,2022,Census,Texas (State)
Census Tract,48113018401,TX,48113018401,"=""48113018401""",4740.35,2019-2023,2022,Census,Texas (State)
Census Tract,48113018402,TX,48113018402,"=""48113018402""",4675.14,2019-2023,2022,Census,Texas (State)
Census Tract,48113018403,TX,48113018403,"=""48113018403""",4783.21,2019-2023,2022,Census,Texas (State)
Census Tract,48113018501,TX,48113018501,"=""48113018501""",1430.91,2019-2023,2022,Census,Texas (State)
Census Tract,48113018505,TX,48113018505,"=""48113018505""",21318.51,2019-2023,2022,Census,Texas (State)
Census Tract,48113018506,TX,48113018506,"=""48113018506""",1061.45,2019-2023,2022,Census,Texas (State)
Census Tract,48113018507,TX,48113018507,"=""48113018507""",23338.91,2019-2023,2022,Census,Texas (State)
Census Tract,48113018508,TX,48113018508,"=""48113018508""",16220.55,2019-2023,2022,Census,Texas (State)
Census Tract,48113018600,TX,48113018600,"=""48113018600""",4065.85,2019-2023,2022,Census,Texas (State)
Census Tract,48113018700,TX,48113018700,"=""48113018700""",7004.45,2019-2023,2022,Census,Texas (State)
Census Tract,48113018801,TX,48113018801,"=""48113018801""",3463.58,2019-2023,2022,Census,Texas (State)
Census Tract,48113018802,TX,48113018802,"=""48113018802""",2590.52,2019-2023,2022,Census,Texas (State)
Census Tract,48113018900,TX,48113018900,"=""48113018900""",4321.18,2019-2023,2022,Census,Texas (State)
Census Tract,48113019013,TX,48113019013,"=""48113019013""",9114.85,2019-2023,2022,Census,Texas (State)
Census Tract,48113019016,TX,48113019016,"=""48113019016""",5500.18,2019-2023,2022,Census,Texas (State)
Census Tract,48113019018,TX,48113019018,"=""48113019018""",8459.07,2019-2023,2022,Census,Texas (State)
Census Tract,48113019019,TX,48113019019,"=""48113019019""",11492.04,2019-2023,2022,Census,Texas (State)
Census Tract,48113019020,TX,48113019020,"=""48113019020""",7611.48,2019-2023,2022,Census,Texas (State)
Census Tract,48113019023,TX,48113019023,"=""48113019023""",4950.76,2019-2023,2022,Census,Texas (State)
Census Tract,48113019024,TX,48113019024,"=""48113019024""",4057.7,2019-2023,2022,Census,Texas (State)
Census Tract,48113019025,TX,48113019025,"=""48113019025""",6093.44,2019-2023,2022,Census,Texas (State)
Census Tract,48113019026,TX,48113019026,"=""48113019026""",5064.22,2019-2023,2022,Census,Texas (State)
Census Tract,48113019027,TX,48113019027,"=""48113019027""",3656.48,2019-2023,2022,Census,Texas (State)
Census Tract,48113019028,TX,48113019028,"=""48113019028""",6234.02,2019-2023,2022,Census,Texas (State)
Census Tract,48113019029,TX,48113019029,"=""48113019029""",7340.93,2019-2023,2022,Census,Texas (State)
Census Tract,48113019031,TX,48113019031,"=""48113019031""",3915.84,2019-2023,2022,Census,Texas (State)
Census Tract,48113019032,TX,48113019032,"=""48113019032""",9441.64,2019-2023,2022,Census,Texas (State)
Census Tract,48113019033,TX,48113019033,"=""48113019033""",8597.43,2019-2023,2022,Census,Texas (State)
Census Tract,48113019034,TX,48113019034,"=""48113019034""",7399.26,2019-2023,2022,Census,Texas (State)
Census Tract,48113019035,TX,48113019035,"=""48113019035""",15363.94,2019-2023,2022,Census,Texas (State)
Census Tract,48113019036,TX,48113019036,"=""48113019036""",2517.07,2019-2023,2022,Census,Texas (State)
Census Tract,48113019037,TX,48113019037,"=""48113019037""",4124.96,2019-2023,2022,Census,Texas (State)
Census Tract,48113019039,TX,48113019039,"=""48113019039""",3219.82,2019-2023,2022,Census,Texas (State)
Census Tract,48113019040,TX,48113019040,"=""48113019040""",3863.66,2019-2023,2022,Census,Texas (State)
Census Tract,48113019041,TX,48113019041,"=""48113019041""",5271.17,2019-2023,2022,Census,Texas (State)
Census Tract,48113019042,TX,48113019042,"=""48113019042""",3363.84,2019-2023,2022,Census,Texas (State)
Census Tract,48113019044,TX,48113019044,"=""48113019044""",7544.74,2019-2023,2022,Census,Texas (State)
Census Tract,48113019045,TX,48113019045,"=""48113019045""",8287.39,2019-2023,2022,Census,Texas (State)
Census Tract,48113019046,TX,48113019046,"=""48113019046""",6309.18,2019-2023,2022,Census,Texas (State)
Census Tract,48113019047,TX,48113019047,"=""48113019047""",7696.17,2019-2023,2022,Census,Texas (State)
Census Tract,48113019048,TX,48113019048,"=""48113019048""",6817.98,2019-2023,2022,Census,Texas (State)
Census Tract,48113019049,TX,48113019049,"=""48113019049""",9302.59,2019-2023,2022,Census,Texas (State)
Census Tract,48113019050,TX,48113019050,"=""48113019050""",2084.23,2019-2023,2022,Census,Texas (State)
Census Tract,48113019051,TX,48113019051,"=""48113019051""",1814.83,2019-2023,2022,Census,Texas (State)
Census Tract,48113019052,TX,48113019052,"=""48113019052""",2317.15,2019-2023,2022,Census,Texas (State)
Census Tract,48113019053,TX,48113019053,"=""48113019053""",1101.9,2019-2023,2022,Census,Texas (State)
Census Tract,48113019101,TX,48113019101,"=""48113019101""",2343.54,2019-2023,2022,Census,Texas (State)
Census Tract,48113019102,TX,48113019102,"=""48113019102""",3879.61,2019-2023,2022,Census,Texas (State)
Census Tract,48113019202,TX,48113019202,"=""48113019202""",5982.83,2019-2023,2022,Census,Texas (State)
Census Tract,48113019203,TX,48113019203,"=""48113019203""",3312.33,2019-2023,2022,Census,Texas (State)
Census Tract,48113019205,TX,48113019205,"=""48113019205""",4017.37,2019-2023,2022,Census,Texas (State)
Census Tract,48113019208,TX,48113019208,"=""48113019208""",11537.05,2019-2023,2022,Census,Texas (State)
Census Tract,48113019210,TX,48113019210,"=""48113019210""",3959.35,2019-2023,2022,Census,Texas (State)
Census Tract,48113019211,TX,48113019211,"=""48113019211""",4615.75,2019-2023,2022,Census,Texas (State)
Census Tract,48113019212,TX,48113019212,"=""48113019212""",25640.55,2019-2023,2022,Census,Texas (State)
Census Tract,48113019213,TX,48113019213,"=""48113019213""",13418.71,2019-2023,2022,Census,Texas (State)
Census Tract,48113019214,TX,48113019214,"=""48113019214""",16662.62,2019-2023,2022,Census,Texas (State)
Census Tract,48113019215,TX,48113019215,"=""48113019215""",3450.31,2019-2023,2022,Census,Texas (State)
Census Tract,48113019216,TX,48113019216,"=""48113019216""",4627.41,2019-2023,2022,Census,Texas (State)
Census Tract,48113019301,TX,48113019301,"=""48113019301""",7282,2019-2023,2022,Census,Texas (State)
Census Tract,48113019302,TX,48113019302,"=""48113019302""",8214.24,2019-2023,2022,Census,Texas (State)
Census Tract,48113019400,TX,48113019400,"=""48113019400""",7379.46,2019-2023,2022,Census,Texas (State)
Census Tract,48113019501,TX,48113019501,"=""48113019501""",6638.49,2019-2023,2022,Census,Texas (State)
Census Tract,48113019502,TX,48113019502,"=""48113019502""",5044.36,2019-2023,2022,Census,Texas (State)
Census Tract,48113019600,TX,48113019600,"=""48113019600""",5749.28,2019-2023,2022,Census,Texas (State)
Census Tract,48113019700,TX,48113019700,"=""48113019700""",2026.77,2019-2023,2022,Census,Texas (State)
Census Tract,48113019800,TX,48113019800,"=""48113019800""",4726.02,2019-2023,2022,Census,Texas (State)
Census Tract,48113019900,TX,48113019900,"=""48113019900""",6358.94,2019-2023,2022,Census,Texas (State)
Census Tract,48113020000,TX,48113020000,"=""48113020000""",2195.61,2019-2023,2022,Census,Texas (State)
Census Tract,48113020100,TX,48113020100,"=""48113020100""",485.72,2019-2023,2022,Census,Texas (State)
Census Tract,48113020200,TX,48113020200,"=""48113020200""",436.17,2019-2023,2022,Census,Texas (State)
Census Tract,48113020300,TX,48113020300,"=""48113020300""",1596.52,2019-2023,2022,Census,Texas (State)
Census Tract,48113020401,TX,48113020401,"=""48113020401""",4951.01,2019-2023,2022,Census,Texas (State)
Census Tract,48113020402,TX,48113020402,"=""48113020402""",3093.29,2019-2023,2022,Census,Texas (State)
Census Tract,48113020500,TX,48113020500,"=""48113020500""",3034.11,2019-2023,2022,Census,Texas (State)
Census Tract,48113020600,TX,48113020600,"=""48113020600""",984.27,2019-2023,2022,Census,Texas (State)
Census Tract,48113020700,TX,48113020700,"=""48113020700""",2402.88,2019-2023,2022,Census,Texas (State)
Census Tract,48113020800,TX,48113020800,"=""48113020800""",5343.48,2019-2023,2022,Census,Texas (State)
Census Tract,48113020900,TX,48113020900,"=""48113020900""",1167.77,2019-2023,2022,Census,Texas (State)
Census Tract,48113021000,TX,48113021000,"=""48113021000""",3267.67,2019-2023,2022,Census,Texas (State)
Census Tract,48113021100,TX,48113021100,"=""48113021100""",1107.56,2019-2023,2022,Census,Texas (State)
Census Tract,48113021200,TX,48113021200,"=""48113021200""",675.38,2019-2023,2022,Census,Texas (State)
Census Tract,48113980000,TX,48113980000,"=""48113980000""",0,2019-2023,2022,Census,Texas (State)
Census Tract,48113980100,TX,48113980100,"=""48113980100""",0,2019-2023,2022,Census,Texas (State)
Census Tract,48113980200,TX,48113980200,"=""48113980200""",3605.84,2019-2023,2022,Census,Texas (State)
Census Tract,48115950401,TX,48115950401,"=""48115950401""",234.52,2019-2023,2022,Census,Texas (State)
Census Tract,48115950402,TX,48115950402,"=""48115950402""",112.44,2019-2023,2022,Census,Texas (State)
Census Tract,48115950500,TX,48115950500,"=""48115950500""",1509.25,2019-2023,2022,Census,Texas (State)
Census Tract,48115950600,TX,48115950600,"=""48115950600""",1.84,2019-2023,2022,Census,Texas (State)
Census Tract,48117950300,TX,48117950300,"=""48117950300""",2593.3,2019-2023,2022,Census,Texas (State)
Census Tract,48117950400,TX,48117950400,"=""48117950400""",3953.08,2019-2023,2022,Census,Texas (State)
Census Tract,48117950500,TX,48117950500,"=""48117950500""",1069.27,2019-2023,2022,Census,Texas (State)
Census Tract,48117950600,TX,48117950600,"=""48117950600""",2.56,2019-2023,2022,Census,Texas (State)
Census Tract,48119950100,TX,48119950100,"=""48119950100""",12.07,2019-2023,2022,Census,Texas (State)
Census Tract,48119950200,TX,48119950200,"=""48119950200""",232.11,2019-2023,2022,Census,Texas (State)
Census Tract,48121020109,TX,48121020109,"=""48121020109""",1744.25,2019-2023,2022,Census,Texas (State)
Census Tract,48121020110,TX,48121020110,"=""48121020110""",6162.94,2019-2023,2022,Census,Texas (State)
Census Tract,48121020111,TX,48121020111,"=""48121020111""",5693.57,2019-2023,2022,Census,Texas (State)
Census Tract,48121020112,TX,48121020112,"=""48121020112""",4807.93,2019-2023,2022,Census,Texas (State)
Census Tract,48121020115,TX,48121020115,"=""48121020115""",900.35,2019-2023,2022,Census,Texas (State)
Census Tract,48121020116,TX,48121020116,"=""48121020116""",477.64,2019-2023,2022,Census,Texas (State)
Census Tract,48121020117,TX,48121020117,"=""48121020117""",170.49,2019-2023,2022,Census,Texas (State)
Census Tract,48121020118,TX,48121020118,"=""48121020118""",350.91,2019-2023,2022,Census,Texas (State)
Census Tract,48121020119,TX,48121020119,"=""48121020119""",5212.23,2019-2023,2022,Census,Texas (State)
Census Tract,48121020120,TX,48121020120,"=""48121020120""",8350.43,2019-2023,2022,Census,Texas (State)
Census Tract,48121020121,TX,48121020121,"=""48121020121""",718.25,2019-2023,2022,Census,Texas (State)
Census Tract,48121020122,TX,48121020122,"=""48121020122""",2093.07,2019-2023,2022,Census,Texas (State)
Census Tract,48121020123,TX,48121020123,"=""48121020123""",737.55,2019-2023,2022,Census,Texas (State)
Census Tract,48121020124,TX,48121020124,"=""48121020124""",3772.35,2019-2023,2022,Census,Texas (State)
Census Tract,48121020125,TX,48121020125,"=""48121020125""",5515.16,2019-2023,2022,Census,Texas (State)
Census Tract,48121020126,TX,48121020126,"=""48121020126""",3703.7,2019-2023,2022,Census,Texas (State)
Census Tract,48121020127,TX,48121020127,"=""48121020127""",3451.54,2019-2023,2022,Census,Texas (State)
Census Tract,48121020128,TX,48121020128,"=""48121020128""",1639.07,2019-2023,2022,Census,Texas (State)
Census Tract,48121020129,TX,48121020129,"=""48121020129""",73.05,2019-2023,2022,Census,Texas (State)
Census Tract,48121020130,TX,48121020130,"=""48121020130""",892.47,2019-2023,2022,Census,Texas (State)
Census Tract,48121020131,TX,48121020131,"=""48121020131""",1051.39,2019-2023,2022,Census,Texas (State)
Census Tract,48121020132,TX,48121020132,"=""48121020132""",9256.9,2019-2023,2022,Census,Texas (State)
Census Tract,48121020133,TX,48121020133,"=""48121020133""",4329.71,2019-2023,2022,Census,Texas (State)
Census Tract,48121020134,TX,48121020134,"=""48121020134""",2607.67,2019-2023,2022,Census,Texas (State)
Census Tract,48121020135,TX,48121020135,"=""48121020135""",3056.02,2019-2023,2022,Census,Texas (State)
Census Tract,48121020136,TX,48121020136,"=""48121020136""",2166.03,2019-2023,2022,Census,Texas (State)
Census Tract,48121020137,TX,48121020137,"=""48121020137""",6703.06,2019-2023,2022,Census,Texas (State)
Census Tract,48121020203,TX,48121020203,"=""48121020203""",588.67,2019-2023,2022,Census,Texas (State)
Census Tract,48121020204,TX,48121020204,"=""48121020204""",94.28,2019-2023,2022,Census,Texas (State)
Census Tract,48121020205,TX,48121020205,"=""48121020205""",132.89,2019-2023,2022,Census,Texas (State)
Census Tract,48121020206,TX,48121020206,"=""48121020206""",58.16,2019-2023,2022,Census,Texas (State)
Census Tract,48121020207,TX,48121020207,"=""48121020207""",207.03,2019-2023,2022,Census,Texas (State)
Census Tract,48121020208,TX,48121020208,"=""48121020208""",107.24,2019-2023,2022,Census,Texas (State)
Census Tract,48121020305,TX,48121020305,"=""48121020305""",1011.66,2019-2023,2022,Census,Texas (State)
Census Tract,48121020310,TX,48121020310,"=""48121020310""",192.97,2019-2023,2022,Census,Texas (State)
Census Tract,48121020311,TX,48121020311,"=""48121020311""",1954.42,2019-2023,2022,Census,Texas (State)
Census Tract,48121020312,TX,48121020312,"=""48121020312""",1169.72,2019-2023,2022,Census,Texas (State)
Census Tract,48121020313,TX,48121020313,"=""48121020313""",112.09,2019-2023,2022,Census,Texas (State)
Census Tract,48121020314,TX,48121020314,"=""48121020314""",615.36,2019-2023,2022,Census,Texas (State)
Census Tract,48121020315,TX,48121020315,"=""48121020315""",281.05,2019-2023,2022,Census,Texas (State)
Census Tract,48121020316,TX,48121020316,"=""48121020316""",481.93,2019-2023,2022,Census,Texas (State)
Census Tract,48121020317,TX,48121020317,"=""48121020317""",689.87,2019-2023,2022,Census,Texas (State)
Census Tract,48121020318,TX,48121020318,"=""48121020318""",965.09,2019-2023,2022,Census,Texas (State)
Census Tract,48121020319,TX,48121020319,"=""48121020319""",248.44,2019-2023,2022,Census,Texas (State)
Census Tract,48121020320,TX,48121020320,"=""48121020320""",593.5,2019-2023,2022,Census,Texas (State)
Census Tract,48121020321,TX,48121020321,"=""48121020321""",899.05,2019-2023,2022,Census,Texas (State)
Census Tract,48121020322,TX,48121020322,"=""48121020322""",786.61,2019-2023,2022,Census,Texas (State)
Census Tract,48121020402,TX,48121020402,"=""48121020402""",1978.41,2019-2023,2022,Census,Texas (State)
Census Tract,48121020403,TX,48121020403,"=""48121020403""",2345.63,2019-2023,2022,Census,Texas (State)
Census Tract,48121020404,TX,48121020404,"=""48121020404""",354.15,2019-2023,2022,Census,Texas (State)
Census Tract,48121020405,TX,48121020405,"=""48121020405""",298.35,2019-2023,2022,Census,Texas (State)
Census Tract,48121020504,TX,48121020504,"=""48121020504""",1058.57,2019-2023,2022,Census,Texas (State)
Census Tract,48121020505,TX,48121020505,"=""48121020505""",3437.68,2019-2023,2022,Census,Texas (State)
Census Tract,48121020506,TX,48121020506,"=""48121020506""",207.12,2019-2023,2022,Census,Texas (State)
Census Tract,48121020507,TX,48121020507,"=""48121020507""",5201.21,2019-2023,2022,Census,Texas (State)
Census Tract,48121020508,TX,48121020508,"=""48121020508""",6773.22,2019-2023,2022,Census,Texas (State)
Census Tract,48121020601,TX,48121020601,"=""48121020601""",4833.19,2019-2023,2022,Census,Texas (State)
Census Tract,48121020603,TX,48121020603,"=""48121020603""",4814.96,2019-2023,2022,Census,Texas (State)
Census Tract,48121020604,TX,48121020604,"=""48121020604""",4790.77,2019-2023,2022,Census,Texas (State)
Census Tract,48121020605,TX,48121020605,"=""48121020605""",2319.38,2019-2023,2022,Census,Texas (State)
Census Tract,48121020700,TX,48121020700,"=""48121020700""",5940.31,2019-2023,2022,Census,Texas (State)
Census Tract,48121020800,TX,48121020800,"=""48121020800""",679.27,2019-2023,2022,Census,Texas (State)
Census Tract,48121020900,TX,48121020900,"=""48121020900""",6107.84,2019-2023,2022,Census,Texas (State)
Census Tract,48121021000,TX,48121021000,"=""48121021000""",9036.5,2019-2023,2022,Census,Texas (State)
Census Tract,48121021100,TX,48121021100,"=""48121021100""",6456.54,2019-2023,2022,Census,Texas (State)
Census Tract,48121021202,TX,48121021202,"=""48121021202""",2764.69,2019-2023,2022,Census,Texas (State)
Census Tract,48121021203,TX,48121021203,"=""48121021203""",2278.01,2019-2023,2022,Census,Texas (State)
Census Tract,48121021204,TX,48121021204,"=""48121021204""",2323.48,2019-2023,2022,Census,Texas (State)
Census Tract,48121021301,TX,48121021301,"=""48121021301""",6659.29,2019-2023,2022,Census,Texas (State)
Census Tract,48121021304,TX,48121021304,"=""48121021304""",1903.3,2019-2023,2022,Census,Texas (State)
Census Tract,48121021305,TX,48121021305,"=""48121021305""",4632.49,2019-2023,2022,Census,Texas (State)
Census Tract,48121021306,TX,48121021306,"=""48121021306""",3994.66,2019-2023,2022,Census,Texas (State)
Census Tract,48121021307,TX,48121021307,"=""48121021307""",5415.1,2019-2023,2022,Census,Texas (State)
Census Tract,48121021410,TX,48121021410,"=""48121021410""",1047.28,2019-2023,2022,Census,Texas (State)
Census Tract,48121021411,TX,48121021411,"=""48121021411""",1427.3,2019-2023,2022,Census,Texas (State)
Census Tract,48121021412,TX,48121021412,"=""48121021412""",1104.48,2019-2023,2022,Census,Texas (State)
Census Tract,48121021413,TX,48121021413,"=""48121021413""",3212.74,2019-2023,2022,Census,Texas (State)
Census Tract,48121021414,TX,48121021414,"=""48121021414""",740.39,2019-2023,2022,Census,Texas (State)
Census Tract,48121021415,TX,48121021415,"=""48121021415""",1873.28,2019-2023,2022,Census,Texas (State)
Census Tract,48121021416,TX,48121021416,"=""48121021416""",4751.24,2019-2023,2022,Census,Texas (State)
Census Tract,48121021417,TX,48121021417,"=""48121021417""",2605.05,2019-2023,2022,Census,Texas (State)
Census Tract,48121021418,TX,48121021418,"=""48121021418""",3763.44,2019-2023,2022,Census,Texas (State)
Census Tract,48121021419,TX,48121021419,"=""48121021419""",3873.95,2019-2023,2022,Census,Texas (State)
Census Tract,48121021420,TX,48121021420,"=""48121021420""",5656.43,2019-2023,2022,Census,Texas (State)
Census Tract,48121021421,TX,48121021421,"=""48121021421""",3507.3,2019-2023,2022,Census,Texas (State)
Census Tract,48121021422,TX,48121021422,"=""48121021422""",2398,2019-2023,2022,Census,Texas (State)
Census Tract,48121021423,TX,48121021423,"=""48121021423""",2330.86,2019-2023,2022,Census,Texas (State)
Census Tract,48121021502,TX,48121021502,"=""48121021502""",1115.71,2019-2023,2022,Census,Texas (State)
Census Tract,48121021505,TX,48121021505,"=""48121021505""",4549.83,2019-2023,2022,Census,Texas (State)
Census Tract,48121021512,TX,48121021512,"=""48121021512""",789.22,2019-2023,2022,Census,Texas (State)
Census Tract,48121021513,TX,48121021513,"=""48121021513""",2199.25,2019-2023,2022,Census,Texas (State)
Census Tract,48121021514,TX,48121021514,"=""48121021514""",3374.95,2019-2023,2022,Census,Texas (State)
Census Tract,48121021516,TX,48121021516,"=""48121021516""",4371.39,2019-2023,2022,Census,Texas (State)
Census Tract,48121021517,TX,48121021517,"=""48121021517""",1025.92,2019-2023,2022,Census,Texas (State)
Census Tract,48121021518,TX,48121021518,"=""48121021518""",1507.98,2019-2023,2022,Census,Texas (State)
Census Tract,48121021520,TX,48121021520,"=""48121021520""",5693.91,2019-2023,2022,Census,Texas (State)
Census Tract,48121021521,TX,48121021521,"=""48121021521""",3959.9,2019-2023,2022,Census,Texas (State)
Census Tract,48121021522,TX,48121021522,"=""48121021522""",3265.98,2019-2023,2022,Census,Texas (State)
Census Tract,48121021526,TX,48121021526,"=""48121021526""",3627.74,2019-2023,2022,Census,Texas (State)
Census Tract,48121021528,TX,48121021528,"=""48121021528""",6202.38,2019-2023,2022,Census,Texas (State)
Census Tract,48121021529,TX,48121021529,"=""48121021529""",4425.47,2019-2023,2022,Census,Texas (State)
Census Tract,48121021530,TX,48121021530,"=""48121021530""",2973.4,2019-2023,2022,Census,Texas (State)
Census Tract,48121021531,TX,48121021531,"=""48121021531""",6284.79,2019-2023,2022,Census,Texas (State)
Census Tract,48121021532,TX,48121021532,"=""48121021532""",6578.14,2019-2023,2022,Census,Texas (State)
Census Tract,48121021533,TX,48121021533,"=""48121021533""",4593.06,2019-2023,2022,Census,Texas (State)
Census Tract,48121021534,TX,48121021534,"=""48121021534""",1556.89,2019-2023,2022,Census,Texas (State)
Census Tract,48121021535,TX,48121021535,"=""48121021535""",2322.6,2019-2023,2022,Census,Texas (State)
Census Tract,48121021536,TX,48121021536,"=""48121021536""",3881.75,2019-2023,2022,Census,Texas (State)
Census Tract,48121021537,TX,48121021537,"=""48121021537""",1924.58,2019-2023,2022,Census,Texas (State)
Census Tract,48121021538,TX,48121021538,"=""48121021538""",5467.83,2019-2023,2022,Census,Texas (State)
Census Tract,48121021539,TX,48121021539,"=""48121021539""",5886.71,2019-2023,2022,Census,Texas (State)
Census Tract,48121021540,TX,48121021540,"=""48121021540""",4436.27,2019-2023,2022,Census,Texas (State)
Census Tract,48121021611,TX,48121021611,"=""48121021611""",4410.06,2019-2023,2022,Census,Texas (State)
Census Tract,48121021612,TX,48121021612,"=""48121021612""",6005.11,2019-2023,2022,Census,Texas (State)
Census Tract,48121021613,TX,48121021613,"=""48121021613""",10376.57,2019-2023,2022,Census,Texas (State)
Census Tract,48121021614,TX,48121021614,"=""48121021614""",5869.85,2019-2023,2022,Census,Texas (State)
Census Tract,48121021615,TX,48121021615,"=""48121021615""",6031.72,2019-2023,2022,Census,Texas (State)
Census Tract,48121021616,TX,48121021616,"=""48121021616""",9436.01,2019-2023,2022,Census,Texas (State)
Census Tract,48121021618,TX,48121021618,"=""48121021618""",2727.51,2019-2023,2022,Census,Texas (State)
Census Tract,48121021619,TX,48121021619,"=""48121021619""",864.29,2019-2023,2022,Census,Texas (State)
Census Tract,48121021620,TX,48121021620,"=""48121021620""",2788.04,2019-2023,2022,Census,Texas (State)
Census Tract,48121021621,TX,48121021621,"=""48121021621""",2267.32,2019-2023,2022,Census,Texas (State)
Census Tract,48121021622,TX,48121021622,"=""48121021622""",3751.99,2019-2023,2022,Census,Texas (State)
Census Tract,48121021626,TX,48121021626,"=""48121021626""",1716.31,2019-2023,2022,Census,Texas (State)
Census Tract,48121021630,TX,48121021630,"=""48121021630""",7055.68,2019-2023,2022,Census,Texas (State)
Census Tract,48121021631,TX,48121021631,"=""48121021631""",5944.19,2019-2023,2022,Census,Texas (State)
Census Tract,48121021632,TX,48121021632,"=""48121021632""",2306.57,2019-2023,2022,Census,Texas (State)
Census Tract,48121021633,TX,48121021633,"=""48121021633""",5952.11,2019-2023,2022,Census,Texas (State)
Census Tract,48121021634,TX,48121021634,"=""48121021634""",12971.66,2019-2023,2022,Census,Texas (State)
Census Tract,48121021635,TX,48121021635,"=""48121021635""",12100.63,2019-2023,2022,Census,Texas (State)
Census Tract,48121021637,TX,48121021637,"=""48121021637""",6817.02,2019-2023,2022,Census,Texas (State)
Census Tract,48121021638,TX,48121021638,"=""48121021638""",10241.18,2019-2023,2022,Census,Texas (State)
Census Tract,48121021639,TX,48121021639,"=""48121021639""",5820.8,2019-2023,2022,Census,Texas (State)
Census Tract,48121021640,TX,48121021640,"=""48121021640""",4358.36,2019-2023,2022,Census,Texas (State)
Census Tract,48121021641,TX,48121021641,"=""48121021641""",23806.17,2019-2023,2022,Census,Texas (State)
Census Tract,48121021642,TX,48121021642,"=""48121021642""",15420.71,2019-2023,2022,Census,Texas (State)
Census Tract,48121021643,TX,48121021643,"=""48121021643""",5746.11,2019-2023,2022,Census,Texas (State)
Census Tract,48121021644,TX,48121021644,"=""48121021644""",2722.66,2019-2023,2022,Census,Texas (State)
Census Tract,48121021645,TX,48121021645,"=""48121021645""",414.45,2019-2023,2022,Census,Texas (State)
Census Tract,48121021646,TX,48121021646,"=""48121021646""",4519.18,2019-2023,2022,Census,Texas (State)
Census Tract,48121021647,TX,48121021647,"=""48121021647""",9723.66,2019-2023,2022,Census,Texas (State)
Census Tract,48121021648,TX,48121021648,"=""48121021648""",2507.11,2019-2023,2022,Census,Texas (State)
Census Tract,48121021649,TX,48121021649,"=""48121021649""",5167.8,2019-2023,2022,Census,Texas (State)
Census Tract,48121021650,TX,48121021650,"=""48121021650""",5438.52,2019-2023,2022,Census,Texas (State)
Census Tract,48121021651,TX,48121021651,"=""48121021651""",3511.07,2019-2023,2022,Census,Texas (State)
Census Tract,48121021652,TX,48121021652,"=""48121021652""",3587.97,2019-2023,2022,Census,Texas (State)
Census Tract,48121021653,TX,48121021653,"=""48121021653""",1861.28,2019-2023,2022,Census,Texas (State)
Census Tract,48121021654,TX,48121021654,"=""48121021654""",3406.73,2019-2023,2022,Census,Texas (State)
Census Tract,48121021655,TX,48121021655,"=""48121021655""",1416.68,2019-2023,2022,Census,Texas (State)
Census Tract,48121021715,TX,48121021715,"=""48121021715""",5864.17,2019-2023,2022,Census,Texas (State)
Census Tract,48121021716,TX,48121021716,"=""48121021716""",4778.87,2019-2023,2022,Census,Texas (State)
Census Tract,48121021717,TX,48121021717,"=""48121021717""",4900.46,2019-2023,2022,Census,Texas (State)
Census Tract,48121021719,TX,48121021719,"=""48121021719""",1363.66,2019-2023,2022,Census,Texas (State)
Census Tract,48121021720,TX,48121021720,"=""48121021720""",4296.5,2019-2023,2022,Census,Texas (State)
Census Tract,48121021721,TX,48121021721,"=""48121021721""",5802.2,2019-2023,2022,Census,Texas (State)
Census Tract,48121021722,TX,48121021722,"=""48121021722""",3874.09,2019-2023,2022,Census,Texas (State)
Census Tract,48121021723,TX,48121021723,"=""48121021723""",7089.25,2019-2023,2022,Census,Texas (State)
Census Tract,48121021724,TX,48121021724,"=""48121021724""",3353.15,2019-2023,2022,Census,Texas (State)
Census Tract,48121021725,TX,48121021725,"=""48121021725""",5764.41,2019-2023,2022,Census,Texas (State)
Census Tract,48121021726,TX,48121021726,"=""48121021726""",6289.54,2019-2023,2022,Census,Texas (State)
Census Tract,48121021727,TX,48121021727,"=""48121021727""",1474.9,2019-2023,2022,Census,Texas (State)
Census Tract,48121021728,TX,48121021728,"=""48121021728""",2523.71,2019-2023,2022,Census,Texas (State)
Census Tract,48121021729,TX,48121021729,"=""48121021729""",5407.08,2019-2023,2022,Census,Texas (State)
Census Tract,48121021730,TX,48121021730,"=""48121021730""",4482.57,2019-2023,2022,Census,Texas (State)
Census Tract,48121021731,TX,48121021731,"=""48121021731""",4781.46,2019-2023,2022,Census,Texas (State)
Census Tract,48121021732,TX,48121021732,"=""48121021732""",7444.28,2019-2023,2022,Census,Texas (State)
Census Tract,48121021733,TX,48121021733,"=""48121021733""",8898.36,2019-2023,2022,Census,Texas (State)
Census Tract,48121021734,TX,48121021734,"=""48121021734""",17417.17,2019-2023,2022,Census,Texas (State)
Census Tract,48121021735,TX,48121021735,"=""48121021735""",7143.38,2019-2023,2022,Census,Texas (State)
Census Tract,48121021736,TX,48121021736,"=""48121021736""",8344.84,2019-2023,2022,Census,Texas (State)
Census Tract,48121021737,TX,48121021737,"=""48121021737""",6308.21,2019-2023,2022,Census,Texas (State)
Census Tract,48121021738,TX,48121021738,"=""48121021738""",1891.35,2019-2023,2022,Census,Texas (State)
Census Tract,48121021739,TX,48121021739,"=""48121021739""",7154.29,2019-2023,2022,Census,Texas (State)
Census Tract,48121021740,TX,48121021740,"=""48121021740""",7609.84,2019-2023,2022,Census,Texas (State)
Census Tract,48121021741,TX,48121021741,"=""48121021741""",4476.4,2019-2023,2022,Census,Texas (State)
Census Tract,48121021742,TX,48121021742,"=""48121021742""",6799.5,2019-2023,2022,Census,Texas (State)
Census Tract,48121021743,TX,48121021743,"=""48121021743""",7705.17,2019-2023,2022,Census,Texas (State)
Census Tract,48121021744,TX,48121021744,"=""48121021744""",6260.87,2019-2023,2022,Census,Texas (State)
Census Tract,48121021745,TX,48121021745,"=""48121021745""",7085.5,2019-2023,2022,Census,Texas (State)
Census Tract,48121021746,TX,48121021746,"=""48121021746""",1039.4,2019-2023,2022,Census,Texas (State)
Census Tract,48121021748,TX,48121021748,"=""48121021748""",3555.77,2019-2023,2022,Census,Texas (State)
Census Tract,48121021749,TX,48121021749,"=""48121021749""",2716.75,2019-2023,2022,Census,Texas (State)
Census Tract,48121021750,TX,48121021750,"=""48121021750""",941.37,2019-2023,2022,Census,Texas (State)
Census Tract,48121021751,TX,48121021751,"=""48121021751""",5655.15,2019-2023,2022,Census,Texas (State)
Census Tract,48121021752,TX,48121021752,"=""48121021752""",4912.09,2019-2023,2022,Census,Texas (State)
Census Tract,48121021754,TX,48121021754,"=""48121021754""",2990.97,2019-2023,2022,Census,Texas (State)
Census Tract,48121021755,TX,48121021755,"=""48121021755""",3822.38,2019-2023,2022,Census,Texas (State)
Census Tract,48121021756,TX,48121021756,"=""48121021756""",4101.06,2019-2023,2022,Census,Texas (State)
Census Tract,48121021757,TX,48121021757,"=""48121021757""",1329.76,2019-2023,2022,Census,Texas (State)
Census Tract,48121021758,TX,48121021758,"=""48121021758""",2875.48,2019-2023,2022,Census,Texas (State)
Census Tract,48121021759,TX,48121021759,"=""48121021759""",4226.33,2019-2023,2022,Census,Texas (State)
Census Tract,48121021800,TX,48121021800,"=""48121021800""",3300.02,2019-2023,2022,Census,Texas (State)
Census Tract,48121021900,TX,48121021900,"=""48121021900""",2522.74,2019-2023,2022,Census,Texas (State)
Census Tract,48123970100,TX,48123970100,"=""48123970100""",21.18,2019-2023,2022,Census,Texas (State)
Census Tract,48123970201,TX,48123970201,"=""48123970201""",280.45,2019-2023,2022,Census,Texas (State)
Census Tract,48123970202,TX,48123970202,"=""48123970202""",22.1,2019-2023,2022,Census,Texas (State)
Census Tract,48123970300,TX,48123970300,"=""48123970300""",31.11,2019-2023,2022,Census,Texas (State)
Census Tract,48123970400,TX,48123970400,"=""48123970400""",18.02,2019-2023,2022,Census,Texas (State)
Census Tract,48123970500,TX,48123970500,"=""48123970500""",11.66,2019-2023,2022,Census,Texas (State)
Census Tract,48125950300,TX,48125950300,"=""48125950300""",1.82,2019-2023,2022,Census,Texas (State)
Census Tract,48127950201,TX,48127950201,"=""48127950201""",1112.82,2019-2023,2022,Census,Texas (State)
Census Tract,48127950202,TX,48127950202,"=""48127950202""",6.11,2019-2023,2022,Census,Texas (State)
Census Tract,48127950400,TX,48127950400,"=""48127950400""",1.46,2019-2023,2022,Census,Texas (State)
Census Tract,48129950200,TX,48129950200,"=""48129950200""",354.24,2019-2023,2022,Census,Texas (State)
Census Tract,48129950300,TX,48129950300,"=""48129950300""",1.54,2019-2023,2022,Census,Texas (State)
Census Tract,48131950100,TX,48131950100,"=""48131950100""",13.99,2019-2023,2022,Census,Texas (State)
Census Tract,48131950200,TX,48131950200,"=""48131950200""",6.45,2019-2023,2022,Census,Texas (State)
Census Tract,48131950500,TX,48131950500,"=""48131950500""",2.28,2019-2023,2022,Census,Texas (State)
Census Tract,48133950100,TX,48133950100,"=""48133950100""",18.23,2019-2023,2022,Census,Texas (State)
Census Tract,48133950201,TX,48133950201,"=""48133950201""",14.19,2019-2023,2022,Census,Texas (State)
Census Tract,48133950202,TX,48133950202,"=""48133950202""",63.22,2019-2023,2022,Census,Texas (State)
Census Tract,48133950301,TX,48133950301,"=""48133950301""",584.44,2019-2023,2022,Census,Texas (State)
Census Tract,48133950302,TX,48133950302,"=""48133950302""",8.45,2019-2023,2022,Census,Texas (State)
Census Tract,48133950400,TX,48133950400,"=""48133950400""",9.58,2019-2023,2022,Census,Texas (State)
Census Tract,48133950500,TX,48133950500,"=""48133950500""",10.05,2019-2023,2022,Census,Texas (State)
Census Tract,48135000100,TX,48135000100,"=""48135000100""",630.58,2019-2023,2022,Census,Texas (State)
Census Tract,48135000300,TX,48135000300,"=""48135000300""",2725.23,2019-2023,2022,Census,Texas (State)
Census Tract,48135000400,TX,48135000400,"=""48135000400""",4188.84,2019-2023,2022,Census,Texas (State)
Census Tract,48135000500,TX,48135000500,"=""48135000500""",3605.1,2019-2023,2022,Census,Texas (State)
Census Tract,48135000600,TX,48135000600,"=""48135000600""",4574.52,2019-2023,2022,Census,Texas (State)
Census Tract,48135000700,TX,48135000700,"=""48135000700""",4211.98,2019-2023,2022,Census,Texas (State)
Census Tract,48135000800,TX,48135000800,"=""48135000800""",613,2019-2023,2022,Census,Texas (State)
Census Tract,48135001000,TX,48135001000,"=""48135001000""",4839.47,2019-2023,2022,Census,Texas (State)
Census Tract,48135001100,TX,48135001100,"=""48135001100""",3121.01,2019-2023,2022,Census,Texas (State)
Census Tract,48135001300,TX,48135001300,"=""48135001300""",4554.86,2019-2023,2022,Census,Texas (State)
Census Tract,48135001500,TX,48135001500,"=""48135001500""",3381.3,2019-2023,2022,Census,Texas (State)
Census Tract,48135001600,TX,48135001600,"=""48135001600""",3998.68,2019-2023,2022,Census,Texas (State)
Census Tract,48135001700,TX,48135001700,"=""48135001700""",3590.65,2019-2023,2022,Census,Texas (State)
Census Tract,48135001800,TX,48135001800,"=""48135001800""",3548.7,2019-2023,2022,Census,Texas (State)
Census Tract,48135001900,TX,48135001900,"=""48135001900""",3747.56,2019-2023,2022,Census,Texas (State)
Census Tract,48135002000,TX,48135002000,"=""48135002000""",1111.56,2019-2023,2022,Census,Texas (State)
Census Tract,48135002200,TX,48135002200,"=""48135002200""",7.8,2019-2023,2022,Census,Texas (State)
Census Tract,48135002300,TX,48135002300,"=""48135002300""",1076.61,2019-2023,2022,Census,Texas (State)
Census Tract,48135002400,TX,48135002400,"=""48135002400""",2329.99,2019-2023,2022,Census,Texas (State)
Census Tract,48135002501,TX,48135002501,"=""48135002501""",1783.75,2019-2023,2022,Census,Texas (State)
Census Tract,48135002502,TX,48135002502,"=""48135002502""",3261.72,2019-2023,2022,Census,Texas (State)
Census Tract,48135002503,TX,48135002503,"=""48135002503""",1611.21,2019-2023,2022,Census,Texas (State)
Census Tract,48135002701,TX,48135002701,"=""48135002701""",552.44,2019-2023,2022,Census,Texas (State)
Census Tract,48135002702,TX,48135002702,"=""48135002702""",518.04,2019-2023,2022,Census,Texas (State)
Census Tract,48135002801,TX,48135002801,"=""48135002801""",395.39,2019-2023,2022,Census,Texas (State)
Census Tract,48135002803,TX,48135002803,"=""48135002803""",471.91,2019-2023,2022,Census,Texas (State)
Census Tract,48135002804,TX,48135002804,"=""48135002804""",685.74,2019-2023,2022,Census,Texas (State)
Census Tract,48135002900,TX,48135002900,"=""48135002900""",3452.43,2019-2023,2022,Census,Texas (State)
Census Tract,48135003001,TX,48135003001,"=""48135003001""",14.96,2019-2023,2022,Census,Texas (State)
Census Tract,48135003002,TX,48135003002,"=""48135003002""",98.99,2019-2023,2022,Census,Texas (State)
Census Tract,48135003003,TX,48135003003,"=""48135003003""",91.53,2019-2023,2022,Census,Texas (State)
Census Tract,48135003004,TX,48135003004,"=""48135003004""",2006.01,2019-2023,2022,Census,Texas (State)
Census Tract,48135003100,TX,48135003100,"=""48135003100""",2338.5,2019-2023,2022,Census,Texas (State)
Census Tract,48137950300,TX,48137950300,"=""48137950300""",0.66,2019-2023,2022,Census,Texas (State)
Census Tract,48139060103,TX,48139060103,"=""48139060103""",369.23,2019-2023,2022,Census,Texas (State)
Census Tract,48139060104,TX,48139060104,"=""48139060104""",285.96,2019-2023,2022,Census,Texas (State)
Census Tract,48139060105,TX,48139060105,"=""48139060105""",72.08,2019-2023,2022,Census,Texas (State)
Census Tract,48139060106,TX,48139060106,"=""48139060106""",107.28,2019-2023,2022,Census,Texas (State)
Census Tract,48139060206,TX,48139060206,"=""48139060206""",1536.11,2019-2023,2022,Census,Texas (State)
Census Tract,48139060207,TX,48139060207,"=""48139060207""",1051.27,2019-2023,2022,Census,Texas (State)
Census Tract,48139060209,TX,48139060209,"=""48139060209""",402.98,2019-2023,2022,Census,Texas (State)
Census Tract,48139060211,TX,48139060211,"=""48139060211""",169.6,2019-2023,2022,Census,Texas (State)
Census Tract,48139060212,TX,48139060212,"=""48139060212""",1136.58,2019-2023,2022,Census,Texas (State)
Census Tract,48139060215,TX,48139060215,"=""48139060215""",763.89,2019-2023,2022,Census,Texas (State)
Census Tract,48139060216,TX,48139060216,"=""48139060216""",1423.47,2019-2023,2022,Census,Texas (State)
Census Tract,48139060217,TX,48139060217,"=""48139060217""",379.73,2019-2023,2022,Census,Texas (State)
Census Tract,48139060218,TX,48139060218,"=""48139060218""",387.75,2019-2023,2022,Census,Texas (State)
Census Tract,48139060219,TX,48139060219,"=""48139060219""",558.45,2019-2023,2022,Census,Texas (State)
Census Tract,48139060220,TX,48139060220,"=""48139060220""",3940.16,2019-2023,2022,Census,Texas (State)
Census Tract,48139060221,TX,48139060221,"=""48139060221""",819.06,2019-2023,2022,Census,Texas (State)
Census Tract,48139060300,TX,48139060300,"=""48139060300""",2494.51,2019-2023,2022,Census,Texas (State)
Census Tract,48139060400,TX,48139060400,"=""48139060400""",699.84,2019-2023,2022,Census,Texas (State)
Census Tract,48139060500,TX,48139060500,"=""48139060500""",1413.98,2019-2023,2022,Census,Texas (State)
Census Tract,48139060601,TX,48139060601,"=""48139060601""",3638.08,2019-2023,2022,Census,Texas (State)
Census Tract,48139060602,TX,48139060602,"=""48139060602""",2617.22,2019-2023,2022,Census,Texas (State)
Census Tract,48139060702,TX,48139060702,"=""48139060702""",379.41,2019-2023,2022,Census,Texas (State)
Census Tract,48139060704,TX,48139060704,"=""48139060704""",255.96,2019-2023,2022,Census,Texas (State)
Census Tract,48139060801,TX,48139060801,"=""48139060801""",738.64,2019-2023,2022,Census,Texas (State)
Census Tract,48139060802,TX,48139060802,"=""48139060802""",493.31,2019-2023,2022,Census,Texas (State)
Census Tract,48139060803,TX,48139060803,"=""48139060803""",185.2,2019-2023,2022,Census,Texas (State)
Census Tract,48139060900,TX,48139060900,"=""48139060900""",96.36,2019-2023,2022,Census,Texas (State)
Census Tract,48139061000,TX,48139061000,"=""48139061000""",35.26,2019-2023,2022,Census,Texas (State)
Census Tract,48139061100,TX,48139061100,"=""48139061100""",78.87,2019-2023,2022,Census,Texas (State)
Census Tract,48139061200,TX,48139061200,"=""48139061200""",26.94,2019-2023,2022,Census,Texas (State)
Census Tract,48139061300,TX,48139061300,"=""48139061300""",75.3,2019-2023,2022,Census,Texas (State)
Census Tract,48139061401,TX,48139061401,"=""48139061401""",876.06,2019-2023,2022,Census,Texas (State)
Census Tract,48139061402,TX,48139061402,"=""48139061402""",1492.9,2019-2023,2022,Census,Texas (State)
Census Tract,48139061500,TX,48139061500,"=""48139061500""",1001.15,2019-2023,2022,Census,Texas (State)
Census Tract,48139061600,TX,48139061600,"=""48139061600""",893.12,2019-2023,2022,Census,Texas (State)
Census Tract,48139061700,TX,48139061700,"=""48139061700""",42.73,2019-2023,2022,Census,Texas (State)
Census Tract,48141000106,TX,48141000106,"=""48141000106""",6013.16,2019-2023,2022,Census,Texas (State)
Census Tract,48141000107,TX,48141000107,"=""48141000107""",5463.47,2019-2023,2022,Census,Texas (State)
Census Tract,48141000108,TX,48141000108,"=""48141000108""",4198.3,2019-2023,2022,Census,Texas (State)
Census Tract,48141000109,TX,48141000109,"=""48141000109""",6124.55,2019-2023,2022,Census,Texas (State)
Census Tract,48141000110,TX,48141000110,"=""48141000110""",7309.23,2019-2023,2022,Census,Texas (State)
Census Tract,48141000111,TX,48141000111,"=""48141000111""",7087.12,2019-2023,2022,Census,Texas (State)
Census Tract,48141000112,TX,48141000112,"=""48141000112""",7802.15,2019-2023,2022,Census,Texas (State)
Census Tract,48141000113,TX,48141000113,"=""48141000113""",4575.91,2019-2023,2022,Census,Texas (State)
Census Tract,48141000114,TX,48141000114,"=""48141000114""",1761.26,2019-2023,2022,Census,Texas (State)
Census Tract,48141000204,TX,48141000204,"=""48141000204""",5085.87,2019-2023,2022,Census,Texas (State)
Census Tract,48141000205,TX,48141000205,"=""48141000205""",5651.7,2019-2023,2022,Census,Texas (State)
Census Tract,48141000206,TX,48141000206,"=""48141000206""",7985.66,2019-2023,2022,Census,Texas (State)
Census Tract,48141000207,TX,48141000207,"=""48141000207""",5800.16,2019-2023,2022,Census,Texas (State)
Census Tract,48141000208,TX,48141000208,"=""48141000208""",3220.33,2019-2023,2022,Census,Texas (State)
Census Tract,48141000301,TX,48141000301,"=""48141000301""",6044.44,2019-2023,2022,Census,Texas (State)
Census Tract,48141000302,TX,48141000302,"=""48141000302""",6283.99,2019-2023,2022,Census,Texas (State)
Census Tract,48141000401,TX,48141000401,"=""48141000401""",859.9,2019-2023,2022,Census,Texas (State)
Census Tract,48141000403,TX,48141000403,"=""48141000403""",5889.46,2019-2023,2022,Census,Texas (State)
Census Tract,48141000404,TX,48141000404,"=""48141000404""",7042.71,2019-2023,2022,Census,Texas (State)
Census Tract,48141000600,TX,48141000600,"=""48141000600""",5735.19,2019-2023,2022,Census,Texas (State)
Census Tract,48141000800,TX,48141000800,"=""48141000800""",6842.89,2019-2023,2022,Census,Texas (State)
Census Tract,48141000901,TX,48141000901,"=""48141000901""",7697.19,2019-2023,2022,Census,Texas (State)
Census Tract,48141000902,TX,48141000902,"=""48141000902""",786.71,2019-2023,2022,Census,Texas (State)
Census Tract,48141001001,TX,48141001001,"=""48141001001""",6960.39,2019-2023,2022,Census,Texas (State)
Census Tract,48141001002,TX,48141001002,"=""48141001002""",6575.6,2019-2023,2022,Census,Texas (State)
Census Tract,48141001107,TX,48141001107,"=""48141001107""",4843.05,2019-2023,2022,Census,Texas (State)
Census Tract,48141001109,TX,48141001109,"=""48141001109""",4006.07,2019-2023,2022,Census,Texas (State)
Census Tract,48141001110,TX,48141001110,"=""48141001110""",4387.36,2019-2023,2022,Census,Texas (State)
Census Tract,48141001111,TX,48141001111,"=""48141001111""",1221.99,2019-2023,2022,Census,Texas (State)
Census Tract,48141001112,TX,48141001112,"=""48141001112""",5566.16,2019-2023,2022,Census,Texas (State)
Census Tract,48141001114,TX,48141001114,"=""48141001114""",3653.47,2019-2023,2022,Census,Texas (State)
Census Tract,48141001115,TX,48141001115,"=""48141001115""",3596.74,2019-2023,2022,Census,Texas (State)
Census Tract,48141001116,TX,48141001116,"=""48141001116""",4221.23,2019-2023,2022,Census,Texas (State)
Census Tract,48141001117,TX,48141001117,"=""48141001117""",4269.73,2019-2023,2022,Census,Texas (State)
Census Tract,48141001118,TX,48141001118,"=""48141001118""",4798.98,2019-2023,2022,Census,Texas (State)
Census Tract,48141001119,TX,48141001119,"=""48141001119""",6732.84,2019-2023,2022,Census,Texas (State)
Census Tract,48141001202,TX,48141001202,"=""48141001202""",4482.46,2019-2023,2022,Census,Texas (State)
Census Tract,48141001204,TX,48141001204,"=""48141001204""",2294.69,2019-2023,2022,Census,Texas (State)
Census Tract,48141001301,TX,48141001301,"=""48141001301""",1978.35,2019-2023,2022,Census,Texas (State)
Census Tract,48141001302,TX,48141001302,"=""48141001302""",1910.45,2019-2023,2022,Census,Texas (State)
Census Tract,48141001400,TX,48141001400,"=""48141001400""",694.01,2019-2023,2022,Census,Texas (State)
Census Tract,48141001501,TX,48141001501,"=""48141001501""",1900.79,2019-2023,2022,Census,Texas (State)
Census Tract,48141001502,TX,48141001502,"=""48141001502""",2504.06,2019-2023,2022,Census,Texas (State)
Census Tract,48141001600,TX,48141001600,"=""48141001600""",7013.73,2019-2023,2022,Census,Texas (State)
Census Tract,48141001700,TX,48141001700,"=""48141001700""",2429.6,2019-2023,2022,Census,Texas (State)
Census Tract,48141001800,TX,48141001800,"=""48141001800""",2253.16,2019-2023,2022,Census,Texas (State)
Census Tract,48141001900,TX,48141001900,"=""48141001900""",9037.03,2019-2023,2022,Census,Texas (State)
Census Tract,48141002000,TX,48141002000,"=""48141002000""",4339.07,2019-2023,2022,Census,Texas (State)
Census Tract,48141002100,TX,48141002100,"=""48141002100""",3092.78,2019-2023,2022,Census,Texas (State)
Census Tract,48141002201,TX,48141002201,"=""48141002201""",3088.06,2019-2023,2022,Census,Texas (State)
Census Tract,48141002202,TX,48141002202,"=""48141002202""",8314.99,2019-2023,2022,Census,Texas (State)
Census Tract,48141002300,TX,48141002300,"=""48141002300""",4949.27,2019-2023,2022,Census,Texas (State)
Census Tract,48141002400,TX,48141002400,"=""48141002400""",6117.63,2019-2023,2022,Census,Texas (State)
Census Tract,48141002500,TX,48141002500,"=""48141002500""",4689.31,2019-2023,2022,Census,Texas (State)
Census Tract,48141002600,TX,48141002600,"=""48141002600""",3848.2,2019-2023,2022,Census,Texas (State)
Census Tract,48141002800,TX,48141002800,"=""48141002800""",4161.5,2019-2023,2022,Census,Texas (State)
Census Tract,48141002900,TX,48141002900,"=""48141002900""",2311.46,2019-2023,2022,Census,Texas (State)
Census Tract,48141003000,TX,48141003000,"=""48141003000""",4259.86,2019-2023,2022,Census,Texas (State)
Census Tract,48141003100,TX,48141003100,"=""48141003100""",5314.39,2019-2023,2022,Census,Texas (State)
Census Tract,48141003200,TX,48141003200,"=""48141003200""",2767.12,2019-2023,2022,Census,Texas (State)
Census Tract,48141003300,TX,48141003300,"=""48141003300""",6037.42,2019-2023,2022,Census,Texas (State)
Census Tract,48141003402,TX,48141003402,"=""48141003402""",3162.14,2019-2023,2022,Census,Texas (State)
Census Tract,48141003403,TX,48141003403,"=""48141003403""",4593.45,2019-2023,2022,Census,Texas (State)
Census Tract,48141003404,TX,48141003404,"=""48141003404""",3802.15,2019-2023,2022,Census,Texas (State)
Census Tract,48141003501,TX,48141003501,"=""48141003501""",1004.28,2019-2023,2022,Census,Texas (State)
Census Tract,48141003502,TX,48141003502,"=""48141003502""",4070.19,2019-2023,2022,Census,Texas (State)
Census Tract,48141003601,TX,48141003601,"=""48141003601""",5878.37,2019-2023,2022,Census,Texas (State)
Census Tract,48141003602,TX,48141003602,"=""48141003602""",2510.16,2019-2023,2022,Census,Texas (State)
Census Tract,48141003701,TX,48141003701,"=""48141003701""",6087.03,2019-2023,2022,Census,Texas (State)
Census Tract,48141003702,TX,48141003702,"=""48141003702""",4235.06,2019-2023,2022,Census,Texas (State)
Census Tract,48141003801,TX,48141003801,"=""48141003801""",3881.09,2019-2023,2022,Census,Texas (State)
Census Tract,48141003803,TX,48141003803,"=""48141003803""",2640.99,2019-2023,2022,Census,Texas (State)
Census Tract,48141003804,TX,48141003804,"=""48141003804""",5163.45,2019-2023,2022,Census,Texas (State)
Census Tract,48141003901,TX,48141003901,"=""48141003901""",3654.1,2019-2023,2022,Census,Texas (State)
Census Tract,48141003902,TX,48141003902,"=""48141003902""",2562.51,2019-2023,2022,Census,Texas (State)
Census Tract,48141003904,TX,48141003904,"=""48141003904""",5458.74,2019-2023,2022,Census,Texas (State)
Census Tract,48141003905,TX,48141003905,"=""48141003905""",2954.73,2019-2023,2022,Census,Texas (State)
Census Tract,48141004004,TX,48141004004,"=""48141004004""",4132.47,2019-2023,2022,Census,Texas (State)
Census Tract,48141004005,TX,48141004005,"=""48141004005""",1990.69,2019-2023,2022,Census,Texas (State)
Census Tract,48141004006,TX,48141004006,"=""48141004006""",1172.23,2019-2023,2022,Census,Texas (State)
Census Tract,48141004007,TX,48141004007,"=""48141004007""",7390.38,2019-2023,2022,Census,Texas (State)
Census Tract,48141004008,TX,48141004008,"=""48141004008""",2307.48,2019-2023,2022,Census,Texas (State)
Census Tract,48141004103,TX,48141004103,"=""48141004103""",2606.75,2019-2023,2022,Census,Texas (State)
Census Tract,48141004104,TX,48141004104,"=""48141004104""",4335.48,2019-2023,2022,Census,Texas (State)
Census Tract,48141004105,TX,48141004105,"=""48141004105""",5256.76,2019-2023,2022,Census,Texas (State)
Census Tract,48141004106,TX,48141004106,"=""48141004106""",4715.15,2019-2023,2022,Census,Texas (State)
Census Tract,48141004107,TX,48141004107,"=""48141004107""",4105.02,2019-2023,2022,Census,Texas (State)
Census Tract,48141004201,TX,48141004201,"=""48141004201""",6911.16,2019-2023,2022,Census,Texas (State)
Census Tract,48141004202,TX,48141004202,"=""48141004202""",6475.66,2019-2023,2022,Census,Texas (State)
Census Tract,48141004303,TX,48141004303,"=""48141004303""",5817.2,2019-2023,2022,Census,Texas (State)
Census Tract,48141004307,TX,48141004307,"=""48141004307""",5042.66,2019-2023,2022,Census,Texas (State)
Census Tract,48141004309,TX,48141004309,"=""48141004309""",2813.16,2019-2023,2022,Census,Texas (State)
Census Tract,48141004310,TX,48141004310,"=""48141004310""",7166.92,2019-2023,2022,Census,Texas (State)
Census Tract,48141004311,TX,48141004311,"=""48141004311""",7006.55,2019-2023,2022,Census,Texas (State)
Census Tract,48141004312,TX,48141004312,"=""48141004312""",4896.05,2019-2023,2022,Census,Texas (State)
Census Tract,48141004313,TX,48141004313,"=""48141004313""",3182.99,2019-2023,2022,Census,Texas (State)
Census Tract,48141004314,TX,48141004314,"=""48141004314""",6997.79,2019-2023,2022,Census,Texas (State)
Census Tract,48141004316,TX,48141004316,"=""48141004316""",5372.59,2019-2023,2022,Census,Texas (State)
Census Tract,48141004317,TX,48141004317,"=""48141004317""",11592.32,2019-2023,2022,Census,Texas (State)
Census Tract,48141004318,TX,48141004318,"=""48141004318""",3181.03,2019-2023,2022,Census,Texas (State)
Census Tract,48141004319,TX,48141004319,"=""48141004319""",6233.5,2019-2023,2022,Census,Texas (State)
Census Tract,48141004320,TX,48141004320,"=""48141004320""",5574.98,2019-2023,2022,Census,Texas (State)
Census Tract,48141010101,TX,48141010101,"=""48141010101""",38.61,2019-2023,2022,Census,Texas (State)
Census Tract,48141010102,TX,48141010102,"=""48141010102""",1185.84,2019-2023,2022,Census,Texas (State)
Census Tract,48141010103,TX,48141010103,"=""48141010103""",2199.3,2019-2023,2022,Census,Texas (State)
Census Tract,48141010203,TX,48141010203,"=""48141010203""",716.17,2019-2023,2022,Census,Texas (State)
Census Tract,48141010210,TX,48141010210,"=""48141010210""",1913.95,2019-2023,2022,Census,Texas (State)
Census Tract,48141010211,TX,48141010211,"=""48141010211""",93.56,2019-2023,2022,Census,Texas (State)
Census Tract,48141010212,TX,48141010212,"=""48141010212""",1136.53,2019-2023,2022,Census,Texas (State)
Census Tract,48141010213,TX,48141010213,"=""48141010213""",1437.8,2019-2023,2022,Census,Texas (State)
Census Tract,48141010214,TX,48141010214,"=""48141010214""",1865.28,2019-2023,2022,Census,Texas (State)
Census Tract,48141010217,TX,48141010217,"=""48141010217""",5633.68,2019-2023,2022,Census,Texas (State)
Census Tract,48141010218,TX,48141010218,"=""48141010218""",819.88,2019-2023,2022,Census,Texas (State)
Census Tract,48141010220,TX,48141010220,"=""48141010220""",215.01,2019-2023,2022,Census,Texas (State)
Census Tract,48141010222,TX,48141010222,"=""48141010222""",367.01,2019-2023,2022,Census,Texas (State)
Census Tract,48141010223,TX,48141010223,"=""48141010223""",832.33,2019-2023,2022,Census,Texas (State)
Census Tract,48141010224,TX,48141010224,"=""48141010224""",395.97,2019-2023,2022,Census,Texas (State)
Census Tract,48141010225,TX,48141010225,"=""48141010225""",3685.37,2019-2023,2022,Census,Texas (State)
Census Tract,48141010226,TX,48141010226,"=""48141010226""",1852.17,2019-2023,2022,Census,Texas (State)
Census Tract,48141010227,TX,48141010227,"=""48141010227""",3980,2019-2023,2022,Census,Texas (State)
Census Tract,48141010228,TX,48141010228,"=""48141010228""",3190.24,2019-2023,2022,Census,Texas (State)
Census Tract,48141010229,TX,48141010229,"=""48141010229""",2171.73,2019-2023,2022,Census,Texas (State)
Census Tract,48141010230,TX,48141010230,"=""48141010230""",2791.51,2019-2023,2022,Census,Texas (State)
Census Tract,48141010231,TX,48141010231,"=""48141010231""",1088.41,2019-2023,2022,Census,Texas (State)
Census Tract,48141010232,TX,48141010232,"=""48141010232""",3150.6,2019-2023,2022,Census,Texas (State)
Census Tract,48141010303,TX,48141010303,"=""48141010303""",7883.76,2019-2023,2022,Census,Texas (State)
Census Tract,48141010307,TX,48141010307,"=""48141010307""",6164.55,2019-2023,2022,Census,Texas (State)
Census Tract,48141010311,TX,48141010311,"=""48141010311""",7390.51,2019-2023,2022,Census,Texas (State)
Census Tract,48141010312,TX,48141010312,"=""48141010312""",6379.14,2019-2023,2022,Census,Texas (State)
Census Tract,48141010316,TX,48141010316,"=""48141010316""",6420.5,2019-2023,2022,Census,Texas (State)
Census Tract,48141010317,TX,48141010317,"=""48141010317""",7313.88,2019-2023,2022,Census,Texas (State)
Census Tract,48141010322,TX,48141010322,"=""48141010322""",6770.82,2019-2023,2022,Census,Texas (State)
Census Tract,48141010323,TX,48141010323,"=""48141010323""",6419.84,2019-2023,2022,Census,Texas (State)
Census Tract,48141010326,TX,48141010326,"=""48141010326""",7201.84,2019-2023,2022,Census,Texas (State)
Census Tract,48141010327,TX,48141010327,"=""48141010327""",7189.21,2019-2023,2022,Census,Texas (State)
Census Tract,48141010328,TX,48141010328,"=""48141010328""",4064.7,2019-2023,2022,Census,Texas (State)
Census Tract,48141010329,TX,48141010329,"=""48141010329""",7683.63,2019-2023,2022,Census,Texas (State)
Census Tract,48141010333,TX,48141010333,"=""48141010333""",1043.91,2019-2023,2022,Census,Texas (State)
Census Tract,48141010334,TX,48141010334,"=""48141010334""",233.73,2019-2023,2022,Census,Texas (State)
Census Tract,48141010335,TX,48141010335,"=""48141010335""",61.58,2019-2023,2022,Census,Texas (State)
Census Tract,48141010336,TX,48141010336,"=""48141010336""",5730.81,2019-2023,2022,Census,Texas (State)
Census Tract,48141010337,TX,48141010337,"=""48141010337""",8520.57,2019-2023,2022,Census,Texas (State)
Census Tract,48141010338,TX,48141010338,"=""48141010338""",2458.33,2019-2023,2022,Census,Texas (State)
Census Tract,48141010344,TX,48141010344,"=""48141010344""",38.41,2019-2023,2022,Census,Texas (State)
Census Tract,48141010346,TX,48141010346,"=""48141010346""",1715.39,2019-2023,2022,Census,Texas (State)
Census Tract,48141010347,TX,48141010347,"=""48141010347""",533.88,2019-2023,2022,Census,Texas (State)
Census Tract,48141010348,TX,48141010348,"=""48141010348""",7332.89,2019-2023,2022,Census,Texas (State)
Census Tract,48141010349,TX,48141010349,"=""48141010349""",7549.71,2019-2023,2022,Census,Texas (State)
Census Tract,48141010350,TX,48141010350,"=""48141010350""",11104.13,2019-2023,2022,Census,Texas (State)
Census Tract,48141010351,TX,48141010351,"=""48141010351""",5542.59,2019-2023,2022,Census,Texas (State)
Census Tract,48141010352,TX,48141010352,"=""48141010352""",7431.16,2019-2023,2022,Census,Texas (State)
Census Tract,48141010353,TX,48141010353,"=""48141010353""",5454.75,2019-2023,2022,Census,Texas (State)
Census Tract,48141010354,TX,48141010354,"=""48141010354""",5207.54,2019-2023,2022,Census,Texas (State)
Census Tract,48141010355,TX,48141010355,"=""48141010355""",4681.27,2019-2023,2022,Census,Texas (State)
Census Tract,48141010356,TX,48141010356,"=""48141010356""",7618.02,2019-2023,2022,Census,Texas (State)
Census Tract,48141010357,TX,48141010357,"=""48141010357""",1609.85,2019-2023,2022,Census,Texas (State)
Census Tract,48141010358,TX,48141010358,"=""48141010358""",1199.73,2019-2023,2022,Census,Texas (State)
Census Tract,48141010359,TX,48141010359,"=""48141010359""",347.55,2019-2023,2022,Census,Texas (State)
Census Tract,48141010360,TX,48141010360,"=""48141010360""",3290.23,2019-2023,2022,Census,Texas (State)
Census Tract,48141010361,TX,48141010361,"=""48141010361""",5278.1,2019-2023,2022,Census,Texas (State)
Census Tract,48141010362,TX,48141010362,"=""48141010362""",2334.5,2019-2023,2022,Census,Texas (State)
Census Tract,48141010363,TX,48141010363,"=""48141010363""",4394.45,2019-2023,2022,Census,Texas (State)
Census Tract,48141010364,TX,48141010364,"=""48141010364""",28.83,2019-2023,2022,Census,Texas (State)
Census Tract,48141010365,TX,48141010365,"=""48141010365""",2490.73,2019-2023,2022,Census,Texas (State)
Census Tract,48141010366,TX,48141010366,"=""48141010366""",1652.59,2019-2023,2022,Census,Texas (State)
Census Tract,48141010367,TX,48141010367,"=""48141010367""",7175.17,2019-2023,2022,Census,Texas (State)
Census Tract,48141010368,TX,48141010368,"=""48141010368""",6333.22,2019-2023,2022,Census,Texas (State)
Census Tract,48141010369,TX,48141010369,"=""48141010369""",758.46,2019-2023,2022,Census,Texas (State)
Census Tract,48141010370,TX,48141010370,"=""48141010370""",2369.48,2019-2023,2022,Census,Texas (State)
Census Tract,48141010371,TX,48141010371,"=""48141010371""",865.71,2019-2023,2022,Census,Texas (State)
Census Tract,48141010372,TX,48141010372,"=""48141010372""",1232.28,2019-2023,2022,Census,Texas (State)
Census Tract,48141010401,TX,48141010401,"=""48141010401""",1620.85,2019-2023,2022,Census,Texas (State)
Census Tract,48141010404,TX,48141010404,"=""48141010404""",951.24,2019-2023,2022,Census,Texas (State)
Census Tract,48141010406,TX,48141010406,"=""48141010406""",1595.03,2019-2023,2022,Census,Texas (State)
Census Tract,48141010408,TX,48141010408,"=""48141010408""",1321.61,2019-2023,2022,Census,Texas (State)
Census Tract,48141010409,TX,48141010409,"=""48141010409""",6169.08,2019-2023,2022,Census,Texas (State)
Census Tract,48141010410,TX,48141010410,"=""48141010410""",2594.79,2019-2023,2022,Census,Texas (State)
Census Tract,48141010411,TX,48141010411,"=""48141010411""",1015.8,2019-2023,2022,Census,Texas (State)
Census Tract,48141010412,TX,48141010412,"=""48141010412""",3361.86,2019-2023,2022,Census,Texas (State)
Census Tract,48141010413,TX,48141010413,"=""48141010413""",4051.83,2019-2023,2022,Census,Texas (State)
Census Tract,48141010501,TX,48141010501,"=""48141010501""",224.3,2019-2023,2022,Census,Texas (State)
Census Tract,48141010502,TX,48141010502,"=""48141010502""",14.37,2019-2023,2022,Census,Texas (State)
Census Tract,48141010504,TX,48141010504,"=""48141010504""",65.85,2019-2023,2022,Census,Texas (State)
Census Tract,48141010505,TX,48141010505,"=""48141010505""",138.74,2019-2023,2022,Census,Texas (State)
Census Tract,48141010506,TX,48141010506,"=""48141010506""",192.26,2019-2023,2022,Census,Texas (State)
Census Tract,48141010601,TX,48141010601,"=""48141010601""",1167.77,2019-2023,2022,Census,Texas (State)
Census Tract,48141010602,TX,48141010602,"=""48141010602""",2842.68,2019-2023,2022,Census,Texas (State)
Census Tract,48141980000,TX,48141980000,"=""48141980000""",0,2019-2023,2022,Census,Texas (State)
Census Tract,48143950100,TX,48143950100,"=""48143950100""",12.95,2019-2023,2022,Census,Texas (State)
Census Tract,48143950201,TX,48143950201,"=""48143950201""",34.49,2019-2023,2022,Census,Texas (State)
Census Tract,48143950203,TX,48143950203,"=""48143950203""",46.75,2019-2023,2022,Census,Texas (State)
Census Tract,48143950204,TX,48143950204,"=""48143950204""",21.66,2019-2023,2022,Census,Texas (State)
Census Tract,48143950301,TX,48143950301,"=""48143950301""",27.39,2019-2023,2022,Census,Texas (State)
Census Tract,48143950302,TX,48143950302,"=""48143950302""",35.02,2019-2023,2022,Census,Texas (State)
Census Tract,48143950401,TX,48143950401,"=""48143950401""",1785.13,2019-2023,2022,Census,Texas (State)
Census Tract,48143950402,TX,48143950402,"=""48143950402""",1919.94,2019-2023,2022,Census,Texas (State)
Census Tract,48143950501,TX,48143950501,"=""48143950501""",544.67,2019-2023,2022,Census,Texas (State)
Census Tract,48143950502,TX,48143950502,"=""48143950502""",4596.81,2019-2023,2022,Census,Texas (State)
Census Tract,48143950600,TX,48143950600,"=""48143950600""",677.46,2019-2023,2022,Census,Texas (State)
Census Tract,48143950700,TX,48143950700,"=""48143950700""",9.37,2019-2023,2022,Census,Texas (State)
Census Tract,48145000200,TX,48145000200,"=""48145000200""",21.41,2019-2023,2022,Census,Texas (State)
Census Tract,48145000300,TX,48145000300,"=""48145000300""",1422.3,2019-2023,2022,Census,Texas (State)
Census Tract,48145000400,TX,48145000400,"=""48145000400""",461.81,2019-2023,2022,Census,Texas (State)
Census Tract,48145000500,TX,48145000500,"=""48145000500""",20.49,2019-2023,2022,Census,Texas (State)
Census Tract,48145000700,TX,48145000700,"=""48145000700""",19.91,2019-2023,2022,Census,Texas (State)
Census Tract,48145000800,TX,48145000800,"=""48145000800""",9.54,2019-2023,2022,Census,Texas (State)
Census Tract,48147950100,TX,48147950100,"=""48147950100""",23.43,2019-2023,2022,Census,Texas (State)
Census Tract,48147950300,TX,48147950300,"=""48147950300""",41.17,2019-2023,2022,Census,Texas (State)
Census Tract,48147950401,TX,48147950401,"=""48147950401""",1055.14,2019-2023,2022,Census,Texas (State)
Census Tract,48147950402,TX,48147950402,"=""48147950402""",180.81,2019-2023,2022,Census,Texas (State)
Census Tract,48147950500,TX,48147950500,"=""48147950500""",15.3,2019-2023,2022,Census,Texas (State)
Census Tract,48147950600,TX,48147950600,"=""48147950600""",39.91,2019-2023,2022,Census,Texas (State)
Census Tract,48147950701,TX,48147950701,"=""48147950701""",48.83,2019-2023,2022,Census,Texas (State)
Census Tract,48147950702,TX,48147950702,"=""48147950702""",75.07,2019-2023,2022,Census,Texas (State)
Census Tract,48147950800,TX,48147950800,"=""48147950800""",17.78,2019-2023,2022,Census,Texas (State)
Census Tract,48149970100,TX,48149970100,"=""48149970100""",14.53,2019-2023,2022,Census,Texas (State)
Census Tract,48149970200,TX,48149970200,"=""48149970200""",17.88,2019-2023,2022,Census,Texas (State)
Census Tract,48149970301,TX,48149970301,"=""48149970301""",123.06,2019-2023,2022,Census,Texas (State)
Census Tract,48149970302,TX,48149970302,"=""48149970302""",848.6,2019-2023,2022,Census,Texas (State)
Census Tract,48149970400,TX,48149970400,"=""48149970400""",21.56,2019-2023,2022,Census,Texas (State)
Census Tract,48149970500,TX,48149970500,"=""48149970500""",16.41,2019-2023,2022,Census,Texas (State)
Census Tract,48149970601,TX,48149970601,"=""48149970601""",11.44,2019-2023,2022,Census,Texas (State)
Census Tract,48149970602,TX,48149970602,"=""48149970602""",59.64,2019-2023,2022,Census,Texas (State)
Census Tract,48149970700,TX,48149970700,"=""48149970700""",20.5,2019-2023,2022,Census,Texas (State)
Census Tract,48151950300,TX,48151950300,"=""48151950300""",3.34,2019-2023,2022,Census,Texas (State)
Census Tract,48151950400,TX,48151950400,"=""48151950400""",5.01,2019-2023,2022,Census,Texas (State)
Census Tract,48153950500,TX,48153950500,"=""48153950500""",3.91,2019-2023,2022,Census,Texas (State)
Census Tract,48153950600,TX,48153950600,"=""48153950600""",7.05,2019-2023,2022,Census,Texas (State)
Census Tract,48155950100,TX,48155950100,"=""48155950100""",1.53,2019-2023,2022,Census,Texas (State)
Census Tract,48157670101,TX,48157670101,"=""48157670101""",4745.17,2019-2023,2022,Census,Texas (State)
Census Tract,48157670102,TX,48157670102,"=""48157670102""",7123.65,2019-2023,2022,Census,Texas (State)
Census Tract,48157670201,TX,48157670201,"=""48157670201""",3380.06,2019-2023,2022,Census,Texas (State)
Census Tract,48157670202,TX,48157670202,"=""48157670202""",5666.35,2019-2023,2022,Census,Texas (State)
Census Tract,48157670300,TX,48157670300,"=""48157670300""",2980.13,2019-2023,2022,Census,Texas (State)
Census Tract,48157670400,TX,48157670400,"=""48157670400""",4391.65,2019-2023,2022,Census,Texas (State)
Census Tract,48157670500,TX,48157670500,"=""48157670500""",2633.88,2019-2023,2022,Census,Texas (State)
Census Tract,48157670602,TX,48157670602,"=""48157670602""",1809.64,2019-2023,2022,Census,Texas (State)
Census Tract,48157670603,TX,48157670603,"=""48157670603""",5963.7,2019-2023,2022,Census,Texas (State)
Census Tract,48157670604,TX,48157670604,"=""48157670604""",5877.79,2019-2023,2022,Census,Texas (State)
Census Tract,48157670700,TX,48157670700,"=""48157670700""",766.39,2019-2023,2022,Census,Texas (State)
Census Tract,48157670801,TX,48157670801,"=""48157670801""",2256.57,2019-2023,2022,Census,Texas (State)
Census Tract,48157670802,TX,48157670802,"=""48157670802""",3720.95,2019-2023,2022,Census,Texas (State)
Census Tract,48157670803,TX,48157670803,"=""48157670803""",2199.43,2019-2023,2022,Census,Texas (State)
Census Tract,48157670804,TX,48157670804,"=""48157670804""",2912.2,2019-2023,2022,Census,Texas (State)
Census Tract,48157670902,TX,48157670902,"=""48157670902""",2404.1,2019-2023,2022,Census,Texas (State)
Census Tract,48157670903,TX,48157670903,"=""48157670903""",3195.2,2019-2023,2022,Census,Texas (State)
Census Tract,48157670904,TX,48157670904,"=""48157670904""",2915.03,2019-2023,2022,Census,Texas (State)
Census Tract,48157671001,TX,48157671001,"=""48157671001""",2932.93,2019-2023,2022,Census,Texas (State)
Census Tract,48157671002,TX,48157671002,"=""48157671002""",3874.07,2019-2023,2022,Census,Texas (State)
Census Tract,48157671101,TX,48157671101,"=""48157671101""",3867.36,2019-2023,2022,Census,Texas (State)
Census Tract,48157671102,TX,48157671102,"=""48157671102""",2853.61,2019-2023,2022,Census,Texas (State)
Census Tract,48157671200,TX,48157671200,"=""48157671200""",4516.81,2019-2023,2022,Census,Texas (State)
Census Tract,48157671300,TX,48157671300,"=""48157671300""",4024.22,2019-2023,2022,Census,Texas (State)
Census Tract,48157671401,TX,48157671401,"=""48157671401""",3202.83,2019-2023,2022,Census,Texas (State)
Census Tract,48157671402,TX,48157671402,"=""48157671402""",8900.78,2019-2023,2022,Census,Texas (State)
Census Tract,48157671501,TX,48157671501,"=""48157671501""",5163.52,2019-2023,2022,Census,Texas (State)
Census Tract,48157671502,TX,48157671502,"=""48157671502""",2275.14,2019-2023,2022,Census,Texas (State)
Census Tract,48157671601,TX,48157671601,"=""48157671601""",5672.5,2019-2023,2022,Census,Texas (State)
Census Tract,48157671602,TX,48157671602,"=""48157671602""",3543.78,2019-2023,2022,Census,Texas (State)
Census Tract,48157671700,TX,48157671700,"=""48157671700""",1930.68,2019-2023,2022,Census,Texas (State)
Census Tract,48157671800,TX,48157671800,"=""48157671800""",890.75,2019-2023,2022,Census,Texas (State)
Census Tract,48157671900,TX,48157671900,"=""48157671900""",4887.28,2019-2023,2022,Census,Texas (State)
Census Tract,48157672002,TX,48157672002,"=""48157672002""",6417.31,2019-2023,2022,Census,Texas (State)
Census Tract,48157672003,TX,48157672003,"=""48157672003""",651.98,2019-2023,2022,Census,Texas (State)
Census Tract,48157672004,TX,48157672004,"=""48157672004""",5412.73,2019-2023,2022,Census,Texas (State)
Census Tract,48157672100,TX,48157672100,"=""48157672100""",1540.72,2019-2023,2022,Census,Texas (State)
Census Tract,48157672201,TX,48157672201,"=""48157672201""",1735.06,2019-2023,2022,Census,Texas (State)
Census Tract,48157672202,TX,48157672202,"=""48157672202""",2301.99,2019-2023,2022,Census,Texas (State)
Census Tract,48157672303,TX,48157672303,"=""48157672303""",5366.37,2019-2023,2022,Census,Texas (State)
Census Tract,48157672304,TX,48157672304,"=""48157672304""",4813.9,2019-2023,2022,Census,Texas (State)
Census Tract,48157672305,TX,48157672305,"=""48157672305""",6589.33,2019-2023,2022,Census,Texas (State)
Census Tract,48157672306,TX,48157672306,"=""48157672306""",4601.25,2019-2023,2022,Census,Texas (State)
Census Tract,48157672401,TX,48157672401,"=""48157672401""",5364.9,2019-2023,2022,Census,Texas (State)
Census Tract,48157672402,TX,48157672402,"=""48157672402""",6118.01,2019-2023,2022,Census,Texas (State)
Census Tract,48157672500,TX,48157672500,"=""48157672500""",7296.29,2019-2023,2022,Census,Texas (State)
Census Tract,48157672602,TX,48157672602,"=""48157672602""",8192.73,2019-2023,2022,Census,Texas (State)
Census Tract,48157672603,TX,48157672603,"=""48157672603""",4907.72,2019-2023,2022,Census,Texas (State)
Census Tract,48157672604,TX,48157672604,"=""48157672604""",8663.53,2019-2023,2022,Census,Texas (State)
Census Tract,48157672701,TX,48157672701,"=""48157672701""",4480.04,2019-2023,2022,Census,Texas (State)
Census Tract,48157672702,TX,48157672702,"=""48157672702""",6557.18,2019-2023,2022,Census,Texas (State)
Census Tract,48157672703,TX,48157672703,"=""48157672703""",2607.36,2019-2023,2022,Census,Texas (State)
Census Tract,48157672801,TX,48157672801,"=""48157672801""",2994.07,2019-2023,2022,Census,Texas (State)
Census Tract,48157672802,TX,48157672802,"=""48157672802""",1069.78,2019-2023,2022,Census,Texas (State)
Census Tract,48157672901,TX,48157672901,"=""48157672901""",3592.93,2019-2023,2022,Census,Texas (State)
Census Tract,48157672902,TX,48157672902,"=""48157672902""",4332.95,2019-2023,2022,Census,Texas (State)
Census Tract,48157672903,TX,48157672903,"=""48157672903""",4870.48,2019-2023,2022,Census,Texas (State)
Census Tract,48157672904,TX,48157672904,"=""48157672904""",3447.01,2019-2023,2022,Census,Texas (State)
Census Tract,48157672905,TX,48157672905,"=""48157672905""",6122.3,2019-2023,2022,Census,Texas (State)
Census Tract,48157672906,TX,48157672906,"=""48157672906""",5408.37,2019-2023,2022,Census,Texas (State)
Census Tract,48157672907,TX,48157672907,"=""48157672907""",5060.16,2019-2023,2022,Census,Texas (State)
Census Tract,48157673004,TX,48157673004,"=""48157673004""",3214.99,2019-2023,2022,Census,Texas (State)
Census Tract,48157673005,TX,48157673005,"=""48157673005""",5659.23,2019-2023,2022,Census,Texas (State)
Census Tract,48157673006,TX,48157673006,"=""48157673006""",1936,2019-2023,2022,Census,Texas (State)
Census Tract,48157673007,TX,48157673007,"=""48157673007""",1237.84,2019-2023,2022,Census,Texas (State)
Census Tract,48157673008,TX,48157673008,"=""48157673008""",2841.87,2019-2023,2022,Census,Texas (State)
Census Tract,48157673009,TX,48157673009,"=""48157673009""",5489.06,2019-2023,2022,Census,Texas (State)
Census Tract,48157673010,TX,48157673010,"=""48157673010""",3771.47,2019-2023,2022,Census,Texas (State)
Census Tract,48157673103,TX,48157673103,"=""48157673103""",1263.9,2019-2023,2022,Census,Texas (State)
Census Tract,48157673104,TX,48157673104,"=""48157673104""",4730.33,2019-2023,2022,Census,Texas (State)
Census Tract,48157673105,TX,48157673105,"=""48157673105""",7478.79,2019-2023,2022,Census,Texas (State)
Census Tract,48157673106,TX,48157673106,"=""48157673106""",3277.56,2019-2023,2022,Census,Texas (State)
Census Tract,48157673107,TX,48157673107,"=""48157673107""",3293.61,2019-2023,2022,Census,Texas (State)
Census Tract,48157673108,TX,48157673108,"=""48157673108""",3009.92,2019-2023,2022,Census,Texas (State)
Census Tract,48157673109,TX,48157673109,"=""48157673109""",5292.89,2019-2023,2022,Census,Texas (State)
Census Tract,48157673110,TX,48157673110,"=""48157673110""",5539.22,2019-2023,2022,Census,Texas (State)
Census Tract,48157673111,TX,48157673111,"=""48157673111""",6187.72,2019-2023,2022,Census,Texas (State)
Census Tract,48157673112,TX,48157673112,"=""48157673112""",3999.97,2019-2023,2022,Census,Texas (State)
Census Tract,48157673113,TX,48157673113,"=""48157673113""",5813.01,2019-2023,2022,Census,Texas (State)
Census Tract,48157673201,TX,48157673201,"=""48157673201""",3274.11,2019-2023,2022,Census,Texas (State)
Census Tract,48157673202,TX,48157673202,"=""48157673202""",829.09,2019-2023,2022,Census,Texas (State)
Census Tract,48157673300,TX,48157673300,"=""48157673300""",198.55,2019-2023,2022,Census,Texas (State)
Census Tract,48157673401,TX,48157673401,"=""48157673401""",892.93,2019-2023,2022,Census,Texas (State)
Census Tract,48157673402,TX,48157673402,"=""48157673402""",1474.96,2019-2023,2022,Census,Texas (State)
Census Tract,48157673403,TX,48157673403,"=""48157673403""",4432.46,2019-2023,2022,Census,Texas (State)
Census Tract,48157673404,TX,48157673404,"=""48157673404""",728.26,2019-2023,2022,Census,Texas (State)
Census Tract,48157673501,TX,48157673501,"=""48157673501""",3760.14,2019-2023,2022,Census,Texas (State)
Census Tract,48157673502,TX,48157673502,"=""48157673502""",5392,2019-2023,2022,Census,Texas (State)
Census Tract,48157673600,TX,48157673600,"=""48157673600""",2112.69,2019-2023,2022,Census,Texas (State)
Census Tract,48157673700,TX,48157673700,"=""48157673700""",840.42,2019-2023,2022,Census,Texas (State)
Census Tract,48157673801,TX,48157673801,"=""48157673801""",715.82,2019-2023,2022,Census,Texas (State)
Census Tract,48157673802,TX,48157673802,"=""48157673802""",5664.03,2019-2023,2022,Census,Texas (State)
Census Tract,48157673902,TX,48157673902,"=""48157673902""",3572.17,2019-2023,2022,Census,Texas (State)
Census Tract,48157673903,TX,48157673903,"=""48157673903""",3801.53,2019-2023,2022,Census,Texas (State)
Census Tract,48157673904,TX,48157673904,"=""48157673904""",4788.02,2019-2023,2022,Census,Texas (State)
Census Tract,48157674001,TX,48157674001,"=""48157674001""",3976.83,2019-2023,2022,Census,Texas (State)
Census Tract,48157674002,TX,48157674002,"=""48157674002""",3753.94,2019-2023,2022,Census,Texas (State)
Census Tract,48157674100,TX,48157674100,"=""48157674100""",3826.04,2019-2023,2022,Census,Texas (State)
Census Tract,48157674200,TX,48157674200,"=""48157674200""",2207.64,2019-2023,2022,Census,Texas (State)
Census Tract,48157674301,TX,48157674301,"=""48157674301""",2846.13,2019-2023,2022,Census,Texas (State)
Census Tract,48157674302,TX,48157674302,"=""48157674302""",2917.06,2019-2023,2022,Census,Texas (State)
Census Tract,48157674401,TX,48157674401,"=""48157674401""",2216.08,2019-2023,2022,Census,Texas (State)
Census Tract,48157674402,TX,48157674402,"=""48157674402""",1865.43,2019-2023,2022,Census,Texas (State)
Census Tract,48157674403,TX,48157674403,"=""48157674403""",3044.94,2019-2023,2022,Census,Texas (State)
Census Tract,48157674404,TX,48157674404,"=""48157674404""",1876.55,2019-2023,2022,Census,Texas (State)
Census Tract,48157674503,TX,48157674503,"=""48157674503""",1632.65,2019-2023,2022,Census,Texas (State)
Census Tract,48157674504,TX,48157674504,"=""48157674504""",2564.78,2019-2023,2022,Census,Texas (State)
Census Tract,48157674505,TX,48157674505,"=""48157674505""",4749.12,2019-2023,2022,Census,Texas (State)
Census Tract,48157674506,TX,48157674506,"=""48157674506""",315.17,2019-2023,2022,Census,Texas (State)
Census Tract,48157674507,TX,48157674507,"=""48157674507""",3339.15,2019-2023,2022,Census,Texas (State)
Census Tract,48157674508,TX,48157674508,"=""48157674508""",938.76,2019-2023,2022,Census,Texas (State)
Census Tract,48157674601,TX,48157674601,"=""48157674601""",2642.43,2019-2023,2022,Census,Texas (State)
Census Tract,48157674602,TX,48157674602,"=""48157674602""",748.94,2019-2023,2022,Census,Texas (State)
Census Tract,48157674603,TX,48157674603,"=""48157674603""",6461.33,2019-2023,2022,Census,Texas (State)
Census Tract,48157674604,TX,48157674604,"=""48157674604""",1751.23,2019-2023,2022,Census,Texas (State)
Census Tract,48157674701,TX,48157674701,"=""48157674701""",2155.31,2019-2023,2022,Census,Texas (State)
Census Tract,48157674702,TX,48157674702,"=""48157674702""",2215.07,2019-2023,2022,Census,Texas (State)
Census Tract,48157674800,TX,48157674800,"=""48157674800""",3980.43,2019-2023,2022,Census,Texas (State)
Census Tract,48157674900,TX,48157674900,"=""48157674900""",1541.27,2019-2023,2022,Census,Texas (State)
Census Tract,48157675000,TX,48157675000,"=""48157675000""",2213.48,2019-2023,2022,Census,Texas (State)
Census Tract,48157675101,TX,48157675101,"=""48157675101""",3065.47,2019-2023,2022,Census,Texas (State)
Census Tract,48157675102,TX,48157675102,"=""48157675102""",6967.19,2019-2023,2022,Census,Texas (State)
Census Tract,48157675200,TX,48157675200,"=""48157675200""",2314.18,2019-2023,2022,Census,Texas (State)
Census Tract,48157675300,TX,48157675300,"=""48157675300""",1495.05,2019-2023,2022,Census,Texas (State)
Census Tract,48157675401,TX,48157675401,"=""48157675401""",325.52,2019-2023,2022,Census,Texas (State)
Census Tract,48157675402,TX,48157675402,"=""48157675402""",101.73,2019-2023,2022,Census,Texas (State)
Census Tract,48157675501,TX,48157675501,"=""48157675501""",532.72,2019-2023,2022,Census,Texas (State)
Census Tract,48157675502,TX,48157675502,"=""48157675502""",2595.41,2019-2023,2022,Census,Texas (State)
Census Tract,48157675503,TX,48157675503,"=""48157675503""",90.45,2019-2023,2022,Census,Texas (State)
Census Tract,48157675600,TX,48157675600,"=""48157675600""",83.65,2019-2023,2022,Census,Texas (State)
Census Tract,48157675701,TX,48157675701,"=""48157675701""",37.45,2019-2023,2022,Census,Texas (State)
Census Tract,48157675702,TX,48157675702,"=""48157675702""",453.31,2019-2023,2022,Census,Texas (State)
Census Tract,48157675800,TX,48157675800,"=""48157675800""",28.78,2019-2023,2022,Census,Texas (State)
Census Tract,48159950101,TX,48159950101,"=""48159950101""",36.58,2019-2023,2022,Census,Texas (State)
Census Tract,48159950102,TX,48159950102,"=""48159950102""",16.24,2019-2023,2022,Census,Texas (State)
Census Tract,48159950200,TX,48159950200,"=""48159950200""",337.63,2019-2023,2022,Census,Texas (State)
Census Tract,48159950300,TX,48159950300,"=""48159950300""",58.84,2019-2023,2022,Census,Texas (State)
Census Tract,48161000101,TX,48161000101,"=""48161000101""",26.97,2019-2023,2022,Census,Texas (State)
Census Tract,48161000102,TX,48161000102,"=""48161000102""",11.51,2019-2023,2022,Census,Texas (State)
Census Tract,48161000200,TX,48161000200,"=""48161000200""",502.75,2019-2023,2022,Census,Texas (State)
Census Tract,48161000300,TX,48161000300,"=""48161000300""",417.07,2019-2023,2022,Census,Texas (State)
Census Tract,48161000400,TX,48161000400,"=""48161000400""",24.18,2019-2023,2022,Census,Texas (State)
Census Tract,48161000600,TX,48161000600,"=""48161000600""",16.84,2019-2023,2022,Census,Texas (State)
Census Tract,48161000700,TX,48161000700,"=""48161000700""",476.48,2019-2023,2022,Census,Texas (State)
Census Tract,48161000900,TX,48161000900,"=""48161000900""",10.12,2019-2023,2022,Census,Texas (State)
Census Tract,48163950101,TX,48163950101,"=""48163950101""",14.85,2019-2023,2022,Census,Texas (State)
Census Tract,48163950102,TX,48163950102,"=""48163950102""",11.06,2019-2023,2022,Census,Texas (State)
Census Tract,48163950201,TX,48163950201,"=""48163950201""",7.92,2019-2023,2022,Census,Texas (State)
Census Tract,48163950202,TX,48163950202,"=""48163950202""",21.89,2019-2023,2022,Census,Texas (State)
Census Tract,48163950301,TX,48163950301,"=""48163950301""",25.57,2019-2023,2022,Census,Texas (State)
Census Tract,48163950302,TX,48163950302,"=""48163950302""",46.95,2019-2023,2022,Census,Texas (State)
Census Tract,48165950100,TX,48165950100,"=""48165950100""",9.03,2019-2023,2022,Census,Texas (State)
Census Tract,48165950201,TX,48165950201,"=""48165950201""",14.43,2019-2023,2022,Census,Texas (State)
Census Tract,48165950202,TX,48165950202,"=""48165950202""",9.73,2019-2023,2022,Census,Texas (State)
Census Tract,48165950300,TX,48165950300,"=""48165950300""",2365.86,2019-2023,2022,Census,Texas (State)
Census Tract,48167720100,TX,48167720100,"=""48167720100""",2296.49,2019-2023,2022,Census,Texas (State)
Census Tract,48167720200,TX,48167720200,"=""48167720200""",1861.23,2019-2023,2022,Census,Texas (State)
Census Tract,48167720301,TX,48167720301,"=""48167720301""",1991.64,2019-2023,2022,Census,Texas (State)
Census Tract,48167720302,TX,48167720302,"=""48167720302""",1541.38,2019-2023,2022,Census,Texas (State)
Census Tract,48167720400,TX,48167720400,"=""48167720400""",1760.05,2019-2023,2022,Census,Texas (State)
Census Tract,48167720501,TX,48167720501,"=""48167720501""",2429.37,2019-2023,2022,Census,Texas (State)
Census Tract,48167720504,TX,48167720504,"=""48167720504""",2261.17,2019-2023,2022,Census,Texas (State)
Census Tract,48167720505,TX,48167720505,"=""48167720505""",4166.02,2019-2023,2022,Census,Texas (State)
Census Tract,48167720506,TX,48167720506,"=""48167720506""",5616.35,2019-2023,2022,Census,Texas (State)
Census Tract,48167720507,TX,48167720507,"=""48167720507""",3204.68,2019-2023,2022,Census,Texas (State)
Census Tract,48167720508,TX,48167720508,"=""48167720508""",5550.95,2019-2023,2022,Census,Texas (State)
Census Tract,48167720509,TX,48167720509,"=""48167720509""",3732.78,2019-2023,2022,Census,Texas (State)
Census Tract,48167720510,TX,48167720510,"=""48167720510""",6518.95,2019-2023,2022,Census,Texas (State)
Census Tract,48167720511,TX,48167720511,"=""48167720511""",3085.95,2019-2023,2022,Census,Texas (State)
Census Tract,48167720512,TX,48167720512,"=""48167720512""",5371.83,2019-2023,2022,Census,Texas (State)
Census Tract,48167720601,TX,48167720601,"=""48167720601""",2472.86,2019-2023,2022,Census,Texas (State)
Census Tract,48167720602,TX,48167720602,"=""48167720602""",3615.03,2019-2023,2022,Census,Texas (State)
Census Tract,48167720603,TX,48167720603,"=""48167720603""",5700.43,2019-2023,2022,Census,Texas (State)
Census Tract,48167720604,TX,48167720604,"=""48167720604""",1772.71,2019-2023,2022,Census,Texas (State)
Census Tract,48167720605,TX,48167720605,"=""48167720605""",74.94,2019-2023,2022,Census,Texas (State)
Census Tract,48167720701,TX,48167720701,"=""48167720701""",1273.34,2019-2023,2022,Census,Texas (State)
Census Tract,48167720702,TX,48167720702,"=""48167720702""",3242.76,2019-2023,2022,Census,Texas (State)
Census Tract,48167720703,TX,48167720703,"=""48167720703""",2838.53,2019-2023,2022,Census,Texas (State)
Census Tract,48167720800,TX,48167720800,"=""48167720800""",1939.03,2019-2023,2022,Census,Texas (State)
Census Tract,48167720900,TX,48167720900,"=""48167720900""",1922.1,2019-2023,2022,Census,Texas (State)
Census Tract,48167721000,TX,48167721000,"=""48167721000""",681.56,2019-2023,2022,Census,Texas (State)
Census Tract,48167721101,TX,48167721101,"=""48167721101""",2472.2,2019-2023,2022,Census,Texas (State)
Census Tract,48167721102,TX,48167721102,"=""48167721102""",4595.38,2019-2023,2022,Census,Texas (State)
Census Tract,48167721103,TX,48167721103,"=""48167721103""",685.42,2019-2023,2022,Census,Texas (State)
Census Tract,48167721203,TX,48167721203,"=""48167721203""",6815.3,2019-2023,2022,Census,Texas (State)
Census Tract,48167721204,TX,48167721204,"=""48167721204""",2235.18,2019-2023,2022,Census,Texas (State)
Census Tract,48167721205,TX,48167721205,"=""48167721205""",6474.86,2019-2023,2022,Census,Texas (State)
Census Tract,48167721206,TX,48167721206,"=""48167721206""",5123.5,2019-2023,2022,Census,Texas (State)
Census Tract,48167721207,TX,48167721207,"=""48167721207""",3822.98,2019-2023,2022,Census,Texas (State)
Census Tract,48167721208,TX,48167721208,"=""48167721208""",1095.77,2019-2023,2022,Census,Texas (State)
Census Tract,48167721209,TX,48167721209,"=""48167721209""",1747.32,2019-2023,2022,Census,Texas (State)
Census Tract,48167721210,TX,48167721210,"=""48167721210""",4657.36,2019-2023,2022,Census,Texas (State)
Census Tract,48167721211,TX,48167721211,"=""48167721211""",1307.59,2019-2023,2022,Census,Texas (State)
Census Tract,48167721301,TX,48167721301,"=""48167721301""",2174.58,2019-2023,2022,Census,Texas (State)
Census Tract,48167721302,TX,48167721302,"=""48167721302""",2233.49,2019-2023,2022,Census,Texas (State)
Census Tract,48167721401,TX,48167721401,"=""48167721401""",2126.9,2019-2023,2022,Census,Texas (State)
Census Tract,48167721402,TX,48167721402,"=""48167721402""",1474.84,2019-2023,2022,Census,Texas (State)
Census Tract,48167721403,TX,48167721403,"=""48167721403""",4482.51,2019-2023,2022,Census,Texas (State)
Census Tract,48167721501,TX,48167721501,"=""48167721501""",5027.03,2019-2023,2022,Census,Texas (State)
Census Tract,48167721502,TX,48167721502,"=""48167721502""",2927.14,2019-2023,2022,Census,Texas (State)
Census Tract,48167721503,TX,48167721503,"=""48167721503""",2714.74,2019-2023,2022,Census,Texas (State)
Census Tract,48167721600,TX,48167721600,"=""48167721600""",1689.95,2019-2023,2022,Census,Texas (State)
Census Tract,48167721701,TX,48167721701,"=""48167721701""",4031.85,2019-2023,2022,Census,Texas (State)
Census Tract,48167721702,TX,48167721702,"=""48167721702""",5694.57,2019-2023,2022,Census,Texas (State)
Census Tract,48167721703,TX,48167721703,"=""48167721703""",1141.4,2019-2023,2022,Census,Texas (State)
Census Tract,48167721800,TX,48167721800,"=""48167721800""",912.6,2019-2023,2022,Census,Texas (State)
Census Tract,48167721901,TX,48167721901,"=""48167721901""",850.3,2019-2023,2022,Census,Texas (State)
Census Tract,48167721902,TX,48167721902,"=""48167721902""",296.66,2019-2023,2022,Census,Texas (State)
Census Tract,48167722001,TX,48167722001,"=""48167722001""",1884.17,2019-2023,2022,Census,Texas (State)
Census Tract,48167722002,TX,48167722002,"=""48167722002""",4984.46,2019-2023,2022,Census,Texas (State)
Census Tract,48167722100,TX,48167722100,"=""48167722100""",4869.62,2019-2023,2022,Census,Texas (State)
Census Tract,48167722200,TX,48167722200,"=""48167722200""",4127.31,2019-2023,2022,Census,Texas (State)
Census Tract,48167722300,TX,48167722300,"=""48167722300""",4416.96,2019-2023,2022,Census,Texas (State)
Census Tract,48167722600,TX,48167722600,"=""48167722600""",1360.23,2019-2023,2022,Census,Texas (State)
Census Tract,48167722700,TX,48167722700,"=""48167722700""",2869.34,2019-2023,2022,Census,Texas (State)
Census Tract,48167722800,TX,48167722800,"=""48167722800""",2765.04,2019-2023,2022,Census,Texas (State)
Census Tract,48167722900,TX,48167722900,"=""48167722900""",3415.2,2019-2023,2022,Census,Texas (State)
Census Tract,48167723000,TX,48167723000,"=""48167723000""",3299.13,2019-2023,2022,Census,Texas (State)
Census Tract,48167723100,TX,48167723100,"=""48167723100""",2556.69,2019-2023,2022,Census,Texas (State)
Census Tract,48167723200,TX,48167723200,"=""48167723200""",805.29,2019-2023,2022,Census,Texas (State)
Census Tract,48167723300,TX,48167723300,"=""48167723300""",757.45,2019-2023,2022,Census,Texas (State)
Census Tract,48167723401,TX,48167723401,"=""48167723401""",285.73,2019-2023,2022,Census,Texas (State)
Census Tract,48167723402,TX,48167723402,"=""48167723402""",233.16,2019-2023,2022,Census,Texas (State)
Census Tract,48167723403,TX,48167723403,"=""48167723403""",831.75,2019-2023,2022,Census,Texas (State)
Census Tract,48167723501,TX,48167723501,"=""48167723501""",565.46,2019-2023,2022,Census,Texas (State)
Census Tract,48167723503,TX,48167723503,"=""48167723503""",372.73,2019-2023,2022,Census,Texas (State)
Census Tract,48167723504,TX,48167723504,"=""48167723504""",570.24,2019-2023,2022,Census,Texas (State)
Census Tract,48167723505,TX,48167723505,"=""48167723505""",216.82,2019-2023,2022,Census,Texas (State)
Census Tract,48167723600,TX,48167723600,"=""48167723600""",82.32,2019-2023,2022,Census,Texas (State)
Census Tract,48167723700,TX,48167723700,"=""48167723700""",1260.72,2019-2023,2022,Census,Texas (State)
Census Tract,48167723800,TX,48167723800,"=""48167723800""",672.39,2019-2023,2022,Census,Texas (State)
Census Tract,48167723900,TX,48167723900,"=""48167723900""",56.42,2019-2023,2022,Census,Texas (State)
Census Tract,48167724000,TX,48167724000,"=""48167724000""",414.71,2019-2023,2022,Census,Texas (State)
Census Tract,48167724101,TX,48167724101,"=""48167724101""",277.62,2019-2023,2022,Census,Texas (State)
Census Tract,48167724200,TX,48167724200,"=""48167724200""",10365.19,2019-2023,2022,Census,Texas (State)
Census Tract,48167724300,TX,48167724300,"=""48167724300""",5526.41,2019-2023,2022,Census,Texas (State)
Census Tract,48167724400,TX,48167724400,"=""48167724400""",7424.58,2019-2023,2022,Census,Texas (State)
Census Tract,48167724500,TX,48167724500,"=""48167724500""",2490.18,2019-2023,2022,Census,Texas (State)
Census Tract,48167724600,TX,48167724600,"=""48167724600""",6786.7,2019-2023,2022,Census,Texas (State)
Census Tract,48167724700,TX,48167724700,"=""48167724700""",6284.85,2019-2023,2022,Census,Texas (State)
Census Tract,48167724800,TX,48167724800,"=""48167724800""",5576.78,2019-2023,2022,Census,Texas (State)
Census Tract,48167724900,TX,48167724900,"=""48167724900""",6659.7,2019-2023,2022,Census,Texas (State)
Census Tract,48167725000,TX,48167725000,"=""48167725000""",7542.71,2019-2023,2022,Census,Texas (State)
Census Tract,48167725100,TX,48167725100,"=""48167725100""",5713.68,2019-2023,2022,Census,Texas (State)
Census Tract,48167725200,TX,48167725200,"=""48167725200""",6852.9,2019-2023,2022,Census,Texas (State)
Census Tract,48167725300,TX,48167725300,"=""48167725300""",5529.18,2019-2023,2022,Census,Texas (State)
Census Tract,48167725400,TX,48167725400,"=""48167725400""",8953.3,2019-2023,2022,Census,Texas (State)
Census Tract,48167725500,TX,48167725500,"=""48167725500""",3566.05,2019-2023,2022,Census,Texas (State)
Census Tract,48167725600,TX,48167725600,"=""48167725600""",5885.57,2019-2023,2022,Census,Texas (State)
Census Tract,48167725700,TX,48167725700,"=""48167725700""",5657.19,2019-2023,2022,Census,Texas (State)
Census Tract,48167725800,TX,48167725800,"=""48167725800""",5005.19,2019-2023,2022,Census,Texas (State)
Census Tract,48167725900,TX,48167725900,"=""48167725900""",977.91,2019-2023,2022,Census,Texas (State)
Census Tract,48167726000,TX,48167726000,"=""48167726000""",189.72,2019-2023,2022,Census,Texas (State)
Census Tract,48167726101,TX,48167726101,"=""48167726101""",411,2019-2023,2022,Census,Texas (State)
Census Tract,48167726102,TX,48167726102,"=""48167726102""",193.7,2019-2023,2022,Census,Texas (State)
Census Tract,48167726200,TX,48167726200,"=""48167726200""",175.83,2019-2023,2022,Census,Texas (State)
Census Tract,48167990000,TX,48167990000,"=""48167990000""",N/A,2019-2023,2022,Census,Texas (State)
Census Tract,48167990100,TX,48167990100,"=""48167990100""",N/A,2019-2023,2022,Census,Texas (State)
Census Tract,48169950101,TX,48169950101,"=""48169950101""",73.92,2019-2023,2022,Census,Texas (State)
Census Tract,48169950102,TX,48169950102,"=""48169950102""",3.13,2019-2023,2022,Census,Texas (State)
Census Tract,48169980000,TX,48169980000,"=""48169980000""",13247.17,2019-2023,2022,Census,Texas (State)
Census Tract,48171950100,TX,48171950100,"=""48171950100""",10.65,2019-2023,2022,Census,Texas (State)
Census Tract,48171950200,TX,48171950200,"=""48171950200""",10.58,2019-2023,2022,Census,Texas (State)
Census Tract,48171950301,TX,48171950301,"=""48171950301""",25.92,2019-2023,2022,Census,Texas (State)
Census Tract,48171950302,TX,48171950302,"=""48171950302""",56.7,2019-2023,2022,Census,Texas (State)
Census Tract,48171950401,TX,48171950401,"=""48171950401""",276.63,2019-2023,2022,Census,Texas (State)
Census Tract,48171950402,TX,48171950402,"=""48171950402""",209.57,2019-2023,2022,Census,Texas (State)
Census Tract,48171950500,TX,48171950500,"=""48171950500""",56.67,2019-2023,2022,Census,Texas (State)
Census Tract,48173950100,TX,48173950100,"=""48173950100""",1.19,2019-2023,2022,Census,Texas (State)
Census Tract,48175960100,TX,48175960100,"=""48175960100""",17.56,2019-2023,2022,Census,Texas (State)
Census Tract,48175960200,TX,48175960200,"=""48175960200""",4.53,2019-2023,2022,Census,Texas (State)
Census Tract,48177000100,TX,48177000100,"=""48177000100""",12.78,2019-2023,2022,Census,Texas (State)
Census Tract,48177000200,TX,48177000200,"=""48177000200""",18.89,2019-2023,2022,Census,Texas (State)
Census Tract,48177000300,TX,48177000300,"=""48177000300""",1864.21,2019-2023,2022,Census,Texas (State)
Census Tract,48177000400,TX,48177000400,"=""48177000400""",1856.8,2019-2023,2022,Census,Texas (State)
Census Tract,48177000500,TX,48177000500,"=""48177000500""",20.78,2019-2023,2022,Census,Texas (State)
Census Tract,48177000600,TX,48177000600,"=""48177000600""",6.47,2019-2023,2022,Census,Texas (State)
Census Tract,48179950100,TX,48179950100,"=""48179950100""",4.78,2019-2023,2022,Census,Texas (State)
Census Tract,48179950300,TX,48179950300,"=""48179950300""",1351.22,2019-2023,2022,Census,Texas (State)
Census Tract,48179950400,TX,48179950400,"=""48179950400""",1580.55,2019-2023,2022,Census,Texas (State)
Census Tract,48179950500,TX,48179950500,"=""48179950500""",3680.63,2019-2023,2022,Census,Texas (State)
Census Tract,48179950600,TX,48179950600,"=""48179950600""",755.86,2019-2023,2022,Census,Texas (State)
Census Tract,48179950700,TX,48179950700,"=""48179950700""",1351,2019-2023,2022,Census,Texas (State)
Census Tract,48179950800,TX,48179950800,"=""48179950800""",1385.84,2019-2023,2022,Census,Texas (State)
Census Tract,48181000101,TX,48181000101,"=""48181000101""",66.43,2019-2023,2022,Census,Texas (State)
Census Tract,48181000102,TX,48181000102,"=""48181000102""",79.64,2019-2023,2022,Census,Texas (State)
Census Tract,48181000200,TX,48181000200,"=""48181000200""",222.93,2019-2023,2022,Census,Texas (State)
Census Tract,48181000302,TX,48181000302,"=""48181000302""",75.24,2019-2023,2022,Census,Texas (State)
Census Tract,48181000304,TX,48181000304,"=""48181000304""",36.2,2019-2023,2022,Census,Texas (State)
Census Tract,48181000305,TX,48181000305,"=""48181000305""",141.95,2019-2023,2022,Census,Texas (State)
Census Tract,48181000306,TX,48181000306,"=""48181000306""",256.64,2019-2023,2022,Census,Texas (State)
Census Tract,48181000400,TX,48181000400,"=""48181000400""",1118.19,2019-2023,2022,Census,Texas (State)
Census Tract,48181000501,TX,48181000501,"=""48181000501""",1024.15,2019-2023,2022,Census,Texas (State)
Census Tract,48181000502,TX,48181000502,"=""48181000502""",1752.59,2019-2023,2022,Census,Texas (State)
Census Tract,48181000600,TX,48181000600,"=""48181000600""",233.33,2019-2023,2022,Census,Texas (State)
Census Tract,48181000700,TX,48181000700,"=""48181000700""",2900.1,2019-2023,2022,Census,Texas (State)
Census Tract,48181000800,TX,48181000800,"=""48181000800""",1087.29,2019-2023,2022,Census,Texas (State)
Census Tract,48181000901,TX,48181000901,"=""48181000901""",333.73,2019-2023,2022,Census,Texas (State)
Census Tract,48181000903,TX,48181000903,"=""48181000903""",602.56,2019-2023,2022,Census,Texas (State)
Census Tract,48181000904,TX,48181000904,"=""48181000904""",775.77,2019-2023,2022,Census,Texas (State)
Census Tract,48181001101,TX,48181001101,"=""48181001101""",86.53,2019-2023,2022,Census,Texas (State)
Census Tract,48181001103,TX,48181001103,"=""48181001103""",432.63,2019-2023,2022,Census,Texas (State)
Census Tract,48181001104,TX,48181001104,"=""48181001104""",50.36,2019-2023,2022,Census,Texas (State)
Census Tract,48181001200,TX,48181001200,"=""48181001200""",3806.11,2019-2023,2022,Census,Texas (State)
Census Tract,48181001300,TX,48181001300,"=""48181001300""",3631.75,2019-2023,2022,Census,Texas (State)
Census Tract,48181001400,TX,48181001400,"=""48181001400""",667.57,2019-2023,2022,Census,Texas (State)
Census Tract,48181001500,TX,48181001500,"=""48181001500""",1239.17,2019-2023,2022,Census,Texas (State)
Census Tract,48181001700,TX,48181001700,"=""48181001700""",983.23,2019-2023,2022,Census,Texas (State)
Census Tract,48181001801,TX,48181001801,"=""48181001801""",122.62,2019-2023,2022,Census,Texas (State)
Census Tract,48181001802,TX,48181001802,"=""48181001802""",65.23,2019-2023,2022,Census,Texas (State)
Census Tract,48181001803,TX,48181001803,"=""48181001803""",221.4,2019-2023,2022,Census,Texas (State)
Census Tract,48181001901,TX,48181001901,"=""48181001901""",53.12,2019-2023,2022,Census,Texas (State)
Census Tract,48181001902,TX,48181001902,"=""48181001902""",56.25,2019-2023,2022,Census,Texas (State)
Census Tract,48181002000,TX,48181002000,"=""48181002000""",2388.88,2019-2023,2022,Census,Texas (State)
Census Tract,48183000201,TX,48183000201,"=""48183000201""",1847.81,2019-2023,2022,Census,Texas (State)
Census Tract,48183000202,TX,48183000202,"=""48183000202""",628.83,2019-2023,2022,Census,Texas (State)
Census Tract,48183000300,TX,48183000300,"=""48183000300""",2324.73,2019-2023,2022,Census,Texas (State)
Census Tract,48183000401,TX,48183000401,"=""48183000401""",1538.6,2019-2023,2022,Census,Texas (State)
Census Tract,48183000402,TX,48183000402,"=""48183000402""",3138.79,2019-2023,2022,Census,Texas (State)
Census Tract,48183000501,TX,48183000501,"=""48183000501""",1903.49,2019-2023,2022,Census,Texas (State)
Census Tract,48183000502,TX,48183000502,"=""48183000502""",2596.52,2019-2023,2022,Census,Texas (State)
Census Tract,48183000601,TX,48183000601,"=""48183000601""",3033.49,2019-2023,2022,Census,Texas (State)
Census Tract,48183000602,TX,48183000602,"=""48183000602""",1702.79,2019-2023,2022,Census,Texas (State)
Census Tract,48183000700,TX,48183000700,"=""48183000700""",3176.86,2019-2023,2022,Census,Texas (State)
Census Tract,48183000800,TX,48183000800,"=""48183000800""",2347.37,2019-2023,2022,Census,Texas (State)
Census Tract,48183000900,TX,48183000900,"=""48183000900""",437.05,2019-2023,2022,Census,Texas (State)
Census Tract,48183001000,TX,48183001000,"=""48183001000""",2499.52,2019-2023,2022,Census,Texas (State)
Census Tract,48183001100,TX,48183001100,"=""48183001100""",1330.97,2019-2023,2022,Census,Texas (State)
Census Tract,48183001200,TX,48183001200,"=""48183001200""",2274.88,2019-2023,2022,Census,Texas (State)
Census Tract,48183001300,TX,48183001300,"=""48183001300""",3149.22,2019-2023,2022,Census,Texas (State)
Census Tract,48183001400,TX,48183001400,"=""48183001400""",233.57,2019-2023,2022,Census,Texas (State)
Census Tract,48183001500,TX,48183001500,"=""48183001500""",1504.49,2019-2023,2022,Census,Texas (State)
Census Tract,48183010100,TX,48183010100,"=""48183010100""",166.01,2019-2023,2022,Census,Texas (State)
Census Tract,48183010201,TX,48183010201,"=""48183010201""",135.64,2019-2023,2022,Census,Texas (State)
Census Tract,48183010202,TX,48183010202,"=""48183010202""",340.61,2019-2023,2022,Census,Texas (State)
Census Tract,48183010301,TX,48183010301,"=""48183010301""",1382.37,2019-2023,2022,Census,Texas (State)
Census Tract,48183010302,TX,48183010302,"=""48183010302""",357.64,2019-2023,2022,Census,Texas (State)
Census Tract,48183010401,TX,48183010401,"=""48183010401""",114.67,2019-2023,2022,Census,Texas (State)
Census Tract,48183010402,TX,48183010402,"=""48183010402""",188.81,2019-2023,2022,Census,Texas (State)
Census Tract,48183010501,TX,48183010501,"=""48183010501""",178.96,2019-2023,2022,Census,Texas (State)
Census Tract,48183010502,TX,48183010502,"=""48183010502""",118.71,2019-2023,2022,Census,Texas (State)
Census Tract,48183010600,TX,48183010600,"=""48183010600""",571.16,2019-2023,2022,Census,Texas (State)
Census Tract,48183010700,TX,48183010700,"=""48183010700""",567.65,2019-2023,2022,Census,Texas (State)
Census Tract,48183980000,TX,48183980000,"=""48183980000""",9.11,2019-2023,2022,Census,Texas (State)
Census Tract,48185180101,TX,48185180101,"=""48185180101""",61.18,2019-2023,2022,Census,Texas (State)
Census Tract,48185180102,TX,48185180102,"=""48185180102""",72.08,2019-2023,2022,Census,Texas (State)
Census Tract,48185180201,TX,48185180201,"=""48185180201""",1691.48,2019-2023,2022,Census,Texas (State)
Census Tract,48185180202,TX,48185180202,"=""48185180202""",32.77,2019-2023,2022,Census,Texas (State)
Census Tract,48185180302,TX,48185180302,"=""48185180302""",15.89,2019-2023,2022,Census,Texas (State)
Census Tract,48185180303,TX,48185180303,"=""48185180303""",22.86,2019-2023,2022,Census,Texas (State)
Census Tract,48185180304,TX,48185180304,"=""48185180304""",13.66,2019-2023,2022,Census,Texas (State)
Census Tract,48185180400,TX,48185180400,"=""48185180400""",288.64,2019-2023,2022,Census,Texas (State)
Census Tract,48187210100,TX,48187210100,"=""48187210100""",1891.35,2019-2023,2022,Census,Texas (State)
Census Tract,48187210200,TX,48187210200,"=""48187210200""",2184.18,2019-2023,2022,Census,Texas (State)
Census Tract,48187210300,TX,48187210300,"=""48187210300""",2537.25,2019-2023,2022,Census,Texas (State)
Census Tract,48187210400,TX,48187210400,"=""48187210400""",1863.84,2019-2023,2022,Census,Texas (State)
Census Tract,48187210505,TX,48187210505,"=""48187210505""",237.74,2019-2023,2022,Census,Texas (State)
Census Tract,48187210506,TX,48187210506,"=""48187210506""",30.22,2019-2023,2022,Census,Texas (State)
Census Tract,48187210508,TX,48187210508,"=""48187210508""",100.2,2019-2023,2022,Census,Texas (State)
Census Tract,48187210509,TX,48187210509,"=""48187210509""",525.08,2019-2023,2022,Census,Texas (State)
Census Tract,48187210510,TX,48187210510,"=""48187210510""",1021.55,2019-2023,2022,Census,Texas (State)
Census Tract,48187210511,TX,48187210511,"=""48187210511""",91.48,2019-2023,2022,Census,Texas (State)
Census Tract,48187210512,TX,48187210512,"=""48187210512""",553.88,2019-2023,2022,Census,Texas (State)
Census Tract,48187210513,TX,48187210513,"=""48187210513""",319.68,2019-2023,2022,Census,Texas (State)
Census Tract,48187210603,TX,48187210603,"=""48187210603""",265.4,2019-2023,2022,Census,Texas (State)
Census Tract,48187210606,TX,48187210606,"=""48187210606""",250.78,2019-2023,2022,Census,Texas (State)
Census Tract,48187210608,TX,48187210608,"=""48187210608""",741.02,2019-2023,2022,Census,Texas (State)
Census Tract,48187210609,TX,48187210609,"=""48187210609""",3631.17,2019-2023,2022,Census,Texas (State)
Census Tract,48187210610,TX,48187210610,"=""48187210610""",5713.5,2019-2023,2022,Census,Texas (State)
Census Tract,48187210611,TX,48187210611,"=""48187210611""",2280.19,2019-2023,2022,Census,Texas (State)
Census Tract,48187210612,TX,48187210612,"=""48187210612""",369.47,2019-2023,2022,Census,Texas (State)
Census Tract,48187210613,TX,48187210613,"=""48187210613""",4531.53,2019-2023,2022,Census,Texas (State)
Census Tract,48187210614,TX,48187210614,"=""48187210614""",1850.98,2019-2023,2022,Census,Texas (State)
Census Tract,48187210705,TX,48187210705,"=""48187210705""",1573.25,2019-2023,2022,Census,Texas (State)
Census Tract,48187210706,TX,48187210706,"=""48187210706""",3600.84,2019-2023,2022,Census,Texas (State)
Census Tract,48187210707,TX,48187210707,"=""48187210707""",2321.46,2019-2023,2022,Census,Texas (State)
Census Tract,48187210709,TX,48187210709,"=""48187210709""",2579.64,2019-2023,2022,Census,Texas (State)
Census Tract,48187210710,TX,48187210710,"=""48187210710""",4925.45,2019-2023,2022,Census,Texas (State)
Census Tract,48187210711,TX,48187210711,"=""48187210711""",2396.16,2019-2023,2022,Census,Texas (State)
Census Tract,48187210712,TX,48187210712,"=""48187210712""",4567.06,2019-2023,2022,Census,Texas (State)
Census Tract,48187210713,TX,48187210713,"=""48187210713""",3099.48,2019-2023,2022,Census,Texas (State)
Census Tract,48187210715,TX,48187210715,"=""48187210715""",5754.44,2019-2023,2022,Census,Texas (State)
Census Tract,48187210716,TX,48187210716,"=""48187210716""",7005.75,2019-2023,2022,Census,Texas (State)
Census Tract,48187210717,TX,48187210717,"=""48187210717""",1065.2,2019-2023,2022,Census,Texas (State)
Census Tract,48187210718,TX,48187210718,"=""48187210718""",1753.59,2019-2023,2022,Census,Texas (State)
Census Tract,48187210803,TX,48187210803,"=""48187210803""",44.87,2019-2023,2022,Census,Texas (State)
Census Tract,48187210804,TX,48187210804,"=""48187210804""",83.18,2019-2023,2022,Census,Texas (State)
Census Tract,48187210805,TX,48187210805,"=""48187210805""",112.1,2019-2023,2022,Census,Texas (State)
Census Tract,48187210806,TX,48187210806,"=""48187210806""",904.47,2019-2023,2022,Census,Texas (State)
Census Tract,48187210902,TX,48187210902,"=""48187210902""",159.56,2019-2023,2022,Census,Texas (State)
Census Tract,48187210903,TX,48187210903,"=""48187210903""",19.73,2019-2023,2022,Census,Texas (State)
Census Tract,48187210904,TX,48187210904,"=""48187210904""",39.79,2019-2023,2022,Census,Texas (State)
Census Tract,48187210905,TX,48187210905,"=""48187210905""",35.91,2019-2023,2022,Census,Texas (State)
Census Tract,48189950100,TX,48189950100,"=""48189950100""",488.48,2019-2023,2022,Census,Texas (State)
Census Tract,48189950200,TX,48189950200,"=""48189950200""",1514.51,2019-2023,2022,Census,Texas (State)
Census Tract,48189950300,TX,48189950300,"=""48189950300""",1299.09,2019-2023,2022,Census,Texas (State)
Census Tract,48189950400,TX,48189950400,"=""48189950400""",2765.23,2019-2023,2022,Census,Texas (State)
Census Tract,48189950500,TX,48189950500,"=""48189950500""",1255.58,2019-2023,2022,Census,Texas (State)
Census Tract,48189950600,TX,48189950600,"=""48189950600""",10.18,2019-2023,2022,Census,Texas (State)
Census Tract,48189950700,TX,48189950700,"=""48189950700""",12.27,2019-2023,2022,Census,Texas (State)
Census Tract,48189950800,TX,48189950800,"=""48189950800""",7.82,2019-2023,2022,Census,Texas (State)
Census Tract,48189950900,TX,48189950900,"=""48189950900""",11.51,2019-2023,2022,Census,Texas (State)
Census Tract,48191950500,TX,48191950500,"=""48191950500""",3.2,2019-2023,2022,Census,Texas (State)
Census Tract,48193950100,TX,48193950100,"=""48193950100""",12.45,2019-2023,2022,Census,Texas (State)
Census Tract,48193950200,TX,48193950200,"=""48193950200""",3.69,2019-2023,2022,Census,Texas (State)
Census Tract,48193950300,TX,48193950300,"=""48193950300""",328.64,2019-2023,2022,Census,Texas (State)
Census Tract,48195950100,TX,48195950100,"=""48195950100""",3.01,2019-2023,2022,Census,Texas (State)
Census Tract,48195950300,TX,48195950300,"=""48195950300""",10.5,2019-2023,2022,Census,Texas (State)
Census Tract,48197950100,TX,48197950100,"=""48197950100""",5.08,2019-2023,2022,Census,Texas (State)
Census Tract,48199030100,TX,48199030100,"=""48199030100""",11.54,2019-2023,2022,Census,Texas (State)
Census Tract,48199030200,TX,48199030200,"=""48199030200""",54.58,2019-2023,2022,Census,Texas (State)
Census Tract,48199030301,TX,48199030301,"=""48199030301""",23.45,2019-2023,2022,Census,Texas (State)
Census Tract,48199030302,TX,48199030302,"=""48199030302""",74.09,2019-2023,2022,Census,Texas (State)
Census Tract,48199030400,TX,48199030400,"=""48199030400""",231.3,2019-2023,2022,Census,Texas (State)
Census Tract,48199030501,TX,48199030501,"=""48199030501""",473.96,2019-2023,2022,Census,Texas (State)
Census Tract,48199030503,TX,48199030503,"=""48199030503""",311.46,2019-2023,2022,Census,Texas (State)
Census Tract,48199030504,TX,48199030504,"=""48199030504""",1690.83,2019-2023,2022,Census,Texas (State)
Census Tract,48199030600,TX,48199030600,"=""48199030600""",148.38,2019-2023,2022,Census,Texas (State)
Census Tract,48199030700,TX,48199030700,"=""48199030700""",109.28,2019-2023,2022,Census,Texas (State)
Census Tract,48199030800,TX,48199030800,"=""48199030800""",381.44,2019-2023,2022,Census,Texas (State)
Census Tract,48199030900,TX,48199030900,"=""48199030900""",445.75,2019-2023,2022,Census,Texas (State)
Census Tract,48199031000,TX,48199031000,"=""48199031000""",41.35,2019-2023,2022,Census,Texas (State)
Census Tract,48201100001,TX,48201100001,"=""48201100001""",5526.56,2019-2023,2022,Census,Texas (State)
Census Tract,48201210400,TX,48201210400,"=""48201210400""",5586.05,2019-2023,2022,Census,Texas (State)
Census Tract,48201210500,TX,48201210500,"=""48201210500""",5559.11,2019-2023,2022,Census,Texas (State)
Census Tract,48201210600,TX,48201210600,"=""48201210600""",5942.89,2019-2023,2022,Census,Texas (State)
Census Tract,48201210700,TX,48201210700,"=""48201210700""",5061.05,2019-2023,2022,Census,Texas (State)
Census Tract,48201210800,TX,48201210800,"=""48201210800""",1474.34,2019-2023,2022,Census,Texas (State)
Census Tract,48201210900,TX,48201210900,"=""48201210900""",3815.31,2019-2023,2022,Census,Texas (State)
Census Tract,48201211000,TX,48201211000,"=""48201211000""",4286.33,2019-2023,2022,Census,Texas (State)
Census Tract,48201211101,TX,48201211101,"=""48201211101""",4910.28,2019-2023,2022,Census,Texas (State)
Census Tract,48201211102,TX,48201211102,"=""48201211102""",5322.28,2019-2023,2022,Census,Texas (State)
Census Tract,48201211200,TX,48201211200,"=""48201211200""",3639.65,2019-2023,2022,Census,Texas (State)
Census Tract,48201211301,TX,48201211301,"=""48201211301""",6150.29,2019-2023,2022,Census,Texas (State)
Census Tract,48201211302,TX,48201211302,"=""48201211302""",4589.09,2019-2023,2022,Census,Texas (State)
Census Tract,48201211400,TX,48201211400,"=""48201211400""",3034.34,2019-2023,2022,Census,Texas (State)
Census Tract,48201211501,TX,48201211501,"=""48201211501""",2395.97,2019-2023,2022,Census,Texas (State)
Census Tract,48201211502,TX,48201211502,"=""48201211502""",2835.36,2019-2023,2022,Census,Texas (State)
Census Tract,48201211600,TX,48201211600,"=""48201211600""",6573.58,2019-2023,2022,Census,Texas (State)
Census Tract,48201211700,TX,48201211700,"=""48201211700""",2058.17,2019-2023,2022,Census,Texas (State)
Census Tract,48201211900,TX,48201211900,"=""48201211900""",9552.14,2019-2023,2022,Census,Texas (State)
Census Tract,48201212300,TX,48201212300,"=""48201212300""",4062.28,2019-2023,2022,Census,Texas (State)
Census Tract,48201212400,TX,48201212400,"=""48201212400""",980.92,2019-2023,2022,Census,Texas (State)
Census Tract,48201212500,TX,48201212500,"=""48201212500""",839.82,2019-2023,2022,Census,Texas (State)
Census Tract,48201220100,TX,48201220100,"=""48201220100""",2059.07,2019-2023,2022,Census,Texas (State)
Census Tract,48201220200,TX,48201220200,"=""48201220200""",4077.54,2019-2023,2022,Census,Texas (State)
Census Tract,48201220300,TX,48201220300,"=""48201220300""",4996.92,2019-2023,2022,Census,Texas (State)
Census Tract,48201220400,TX,48201220400,"=""48201220400""",6125.64,2019-2023,2022,Census,Texas (State)
Census Tract,48201220500,TX,48201220500,"=""48201220500""",3955.41,2019-2023,2022,Census,Texas (State)
Census Tract,48201220600,TX,48201220600,"=""48201220600""",5071.12,2019-2023,2022,Census,Texas (State)
Census Tract,48201220701,TX,48201220701,"=""48201220701""",3904.21,2019-2023,2022,Census,Texas (State)
Census Tract,48201220702,TX,48201220702,"=""48201220702""",4418.84,2019-2023,2022,Census,Texas (State)
Census Tract,48201220800,TX,48201220800,"=""48201220800""",5646.85,2019-2023,2022,Census,Texas (State)
Census Tract,48201220900,TX,48201220900,"=""48201220900""",3175.76,2019-2023,2022,Census,Texas (State)
Census Tract,48201221000,TX,48201221000,"=""48201221000""",3615.94,2019-2023,2022,Census,Texas (State)
Census Tract,48201221100,TX,48201221100,"=""48201221100""",2929.59,2019-2023,2022,Census,Texas (State)
Census Tract,48201221200,TX,48201221200,"=""48201221200""",5857.12,2019-2023,2022,Census,Texas (State)
Census Tract,48201221301,TX,48201221301,"=""48201221301""",5625.55,2019-2023,2022,Census,Texas (State)
Census Tract,48201221302,TX,48201221302,"=""48201221302""",5476.01,2019-2023,2022,Census,Texas (State)
Census Tract,48201221400,TX,48201221400,"=""48201221400""",7166.92,2019-2023,2022,Census,Texas (State)
Census Tract,48201221501,TX,48201221501,"=""48201221501""",8211.26,2019-2023,2022,Census,Texas (State)
Census Tract,48201221502,TX,48201221502,"=""48201221502""",14499.45,2019-2023,2022,Census,Texas (State)
Census Tract,48201221601,TX,48201221601,"=""48201221601""",7366.81,2019-2023,2022,Census,Texas (State)
Census Tract,48201221602,TX,48201221602,"=""48201221602""",3022.24,2019-2023,2022,Census,Texas (State)
Census Tract,48201221701,TX,48201221701,"=""48201221701""",4689.47,2019-2023,2022,Census,Texas (State)
Census Tract,48201221702,TX,48201221702,"=""48201221702""",3234.03,2019-2023,2022,Census,Texas (State)
Census Tract,48201221800,TX,48201221800,"=""48201221800""",3236,2019-2023,2022,Census,Texas (State)
Census Tract,48201221900,TX,48201221900,"=""48201221900""",5120.55,2019-2023,2022,Census,Texas (State)
Census Tract,48201222000,TX,48201222000,"=""48201222000""",4917.71,2019-2023,2022,Census,Texas (State)
Census Tract,48201222100,TX,48201222100,"=""48201222100""",5532.31,2019-2023,2022,Census,Texas (State)
Census Tract,48201222200,TX,48201222200,"=""48201222200""",2767.56,2019-2023,2022,Census,Texas (State)
Census Tract,48201222300,TX,48201222300,"=""48201222300""",2585.94,2019-2023,2022,Census,Texas (State)
Census Tract,48201222401,TX,48201222401,"=""48201222401""",1563.41,2019-2023,2022,Census,Texas (State)
Census Tract,48201222402,TX,48201222402,"=""48201222402""",4350.02,2019-2023,2022,Census,Texas (State)
Census Tract,48201222501,TX,48201222501,"=""48201222501""",9078.84,2019-2023,2022,Census,Texas (State)
Census Tract,48201222502,TX,48201222502,"=""48201222502""",2937.98,2019-2023,2022,Census,Texas (State)
Census Tract,48201222504,TX,48201222504,"=""48201222504""",28957.46,2019-2023,2022,Census,Texas (State)
Census Tract,48201222505,TX,48201222505,"=""48201222505""",5954.69,2019-2023,2022,Census,Texas (State)
Census Tract,48201222601,TX,48201222601,"=""48201222601""",4087.01,2019-2023,2022,Census,Texas (State)
Census Tract,48201222602,TX,48201222602,"=""48201222602""",4841.14,2019-2023,2022,Census,Texas (State)
Census Tract,48201222701,TX,48201222701,"=""48201222701""",6710.83,2019-2023,2022,Census,Texas (State)
Census Tract,48201222702,TX,48201222702,"=""48201222702""",1646.72,2019-2023,2022,Census,Texas (State)
Census Tract,48201222800,TX,48201222800,"=""48201222800""",1592.54,2019-2023,2022,Census,Texas (State)
Census Tract,48201222900,TX,48201222900,"=""48201222900""",3696.97,2019-2023,2022,Census,Texas (State)
Census Tract,48201223001,TX,48201223001,"=""48201223001""",3208.39,2019-2023,2022,Census,Texas (State)
Census Tract,48201223002,TX,48201223002,"=""48201223002""",10745.88,2019-2023,2022,Census,Texas (State)
Census Tract,48201223100,TX,48201223100,"=""48201223100""",1239.48,2019-2023,2022,Census,Texas (State)
Census Tract,48201230100,TX,48201230100,"=""48201230100""",3154.8,2019-2023,2022,Census,Texas (State)
Census Tract,48201230200,TX,48201230200,"=""48201230200""",1617.2,2019-2023,2022,Census,Texas (State)
Census Tract,48201230300,TX,48201230300,"=""48201230300""",3095.63,2019-2023,2022,Census,Texas (State)
Census Tract,48201230400,TX,48201230400,"=""48201230400""",3690.17,2019-2023,2022,Census,Texas (State)
Census Tract,48201230500,TX,48201230500,"=""48201230500""",2610.18,2019-2023,2022,Census,Texas (State)
Census Tract,48201230600,TX,48201230600,"=""48201230600""",3237.31,2019-2023,2022,Census,Texas (State)
Census Tract,48201230700,TX,48201230700,"=""48201230700""",2816.14,2019-2023,2022,Census,Texas (State)
Census Tract,48201230800,TX,48201230800,"=""48201230800""",3318.81,2019-2023,2022,Census,Texas (State)
Census Tract,48201230900,TX,48201230900,"=""48201230900""",1796.18,2019-2023,2022,Census,Texas (State)
Census Tract,48201231000,TX,48201231000,"=""48201231000""",3547.78,2019-2023,2022,Census,Texas (State)
Census Tract,48201231100,TX,48201231100,"=""48201231100""",1292.96,2019-2023,2022,Census,Texas (State)
Census Tract,48201231200,TX,48201231200,"=""48201231200""",1112.38,2019-2023,2022,Census,Texas (State)
Census Tract,48201231300,TX,48201231300,"=""48201231300""",2784.65,2019-2023,2022,Census,Texas (State)
Census Tract,48201231400,TX,48201231400,"=""48201231400""",2416.64,2019-2023,2022,Census,Texas (State)
Census Tract,48201231500,TX,48201231500,"=""48201231500""",6805.55,2019-2023,2022,Census,Texas (State)
Census Tract,48201231600,TX,48201231600,"=""48201231600""",4933.2,2019-2023,2022,Census,Texas (State)
Census Tract,48201231700,TX,48201231700,"=""48201231700""",2765.5,2019-2023,2022,Census,Texas (State)
Census Tract,48201231800,TX,48201231800,"=""48201231800""",2901.6,2019-2023,2022,Census,Texas (State)
Census Tract,48201231900,TX,48201231900,"=""48201231900""",1942.47,2019-2023,2022,Census,Texas (State)
Census Tract,48201232000,TX,48201232000,"=""48201232000""",706.35,2019-2023,2022,Census,Texas (State)
Census Tract,48201232100,TX,48201232100,"=""48201232100""",2873.4,2019-2023,2022,Census,Texas (State)
Census Tract,48201232201,TX,48201232201,"=""48201232201""",3936.66,2019-2023,2022,Census,Texas (State)
Census Tract,48201232202,TX,48201232202,"=""48201232202""",2473.56,2019-2023,2022,Census,Texas (State)
Census Tract,48201232203,TX,48201232203,"=""48201232203""",1685.21,2019-2023,2022,Census,Texas (State)
Census Tract,48201232303,TX,48201232303,"=""48201232303""",1067.2,2019-2023,2022,Census,Texas (State)
Census Tract,48201232304,TX,48201232304,"=""48201232304""",1569.06,2019-2023,2022,Census,Texas (State)
Census Tract,48201232305,TX,48201232305,"=""48201232305""",4080.95,2019-2023,2022,Census,Texas (State)
Census Tract,48201232306,TX,48201232306,"=""48201232306""",2447.02,2019-2023,2022,Census,Texas (State)
Census Tract,48201232402,TX,48201232402,"=""48201232402""",8505.73,2019-2023,2022,Census,Texas (State)
Census Tract,48201232403,TX,48201232403,"=""48201232403""",5305.96,2019-2023,2022,Census,Texas (State)
Census Tract,48201232404,TX,48201232404,"=""48201232404""",2440.95,2019-2023,2022,Census,Texas (State)
Census Tract,48201232405,TX,48201232405,"=""48201232405""",1446.1,2019-2023,2022,Census,Texas (State)
Census Tract,48201232500,TX,48201232500,"=""48201232500""",1006.89,2019-2023,2022,Census,Texas (State)
Census Tract,48201232600,TX,48201232600,"=""48201232600""",996.3,2019-2023,2022,Census,Texas (State)
Census Tract,48201232701,TX,48201232701,"=""48201232701""",4093.43,2019-2023,2022,Census,Texas (State)
Census Tract,48201232703,TX,48201232703,"=""48201232703""",10044.88,2019-2023,2022,Census,Texas (State)
Census Tract,48201232704,TX,48201232704,"=""48201232704""",1274.69,2019-2023,2022,Census,Texas (State)
Census Tract,48201232801,TX,48201232801,"=""48201232801""",7491.78,2019-2023,2022,Census,Texas (State)
Census Tract,48201232802,TX,48201232802,"=""48201232802""",7125.68,2019-2023,2022,Census,Texas (State)
Census Tract,48201232901,TX,48201232901,"=""48201232901""",5109.4,2019-2023,2022,Census,Texas (State)
Census Tract,48201232902,TX,48201232902,"=""48201232902""",14009.2,2019-2023,2022,Census,Texas (State)
Census Tract,48201233001,TX,48201233001,"=""48201233001""",11652.05,2019-2023,2022,Census,Texas (State)
Census Tract,48201233002,TX,48201233002,"=""48201233002""",6214.83,2019-2023,2022,Census,Texas (State)
Census Tract,48201233003,TX,48201233003,"=""48201233003""",6998.82,2019-2023,2022,Census,Texas (State)
Census Tract,48201233101,TX,48201233101,"=""48201233101""",6776.36,2019-2023,2022,Census,Texas (State)
Census Tract,48201233103,TX,48201233103,"=""48201233103""",8272.56,2019-2023,2022,Census,Texas (State)
Census Tract,48201233104,TX,48201233104,"=""48201233104""",8199.55,2019-2023,2022,Census,Texas (State)
Census Tract,48201233105,TX,48201233105,"=""48201233105""",7705.47,2019-2023,2022,Census,Texas (State)
Census Tract,48201233200,TX,48201233200,"=""48201233200""",5066.67,2019-2023,2022,Census,Texas (State)
Census Tract,48201233300,TX,48201233300,"=""48201233300""",1114.54,2019-2023,2022,Census,Texas (State)
Census Tract,48201233400,TX,48201233400,"=""48201233400""",2768.24,2019-2023,2022,Census,Texas (State)
Census Tract,48201233501,TX,48201233501,"=""48201233501""",6353.66,2019-2023,2022,Census,Texas (State)
Census Tract,48201233502,TX,48201233502,"=""48201233502""",5961.41,2019-2023,2022,Census,Texas (State)
Census Tract,48201233600,TX,48201233600,"=""48201233600""",1531,2019-2023,2022,Census,Texas (State)
Census Tract,48201233701,TX,48201233701,"=""48201233701""",1711.24,2019-2023,2022,Census,Texas (State)
Census Tract,48201233702,TX,48201233702,"=""48201233702""",3381.31,2019-2023,2022,Census,Texas (State)
Census Tract,48201233703,TX,48201233703,"=""48201233703""",1020.43,2019-2023,2022,Census,Texas (State)
Census Tract,48201240101,TX,48201240101,"=""48201240101""",3618.39,2019-2023,2022,Census,Texas (State)
Census Tract,48201240102,TX,48201240102,"=""48201240102""",2093.25,2019-2023,2022,Census,Texas (State)
Census Tract,48201240400,TX,48201240400,"=""48201240400""",981.54,2019-2023,2022,Census,Texas (State)
Census Tract,48201240503,TX,48201240503,"=""48201240503""",34304.68,2019-2023,2022,Census,Texas (State)
Census Tract,48201240504,TX,48201240504,"=""48201240504""",19596.16,2019-2023,2022,Census,Texas (State)
Census Tract,48201240505,TX,48201240505,"=""48201240505""",10380.41,2019-2023,2022,Census,Texas (State)
Census Tract,48201240506,TX,48201240506,"=""48201240506""",5162.45,2019-2023,2022,Census,Texas (State)
Census Tract,48201240600,TX,48201240600,"=""48201240600""",3655.44,2019-2023,2022,Census,Texas (State)
Census Tract,48201240703,TX,48201240703,"=""48201240703""",6873.21,2019-2023,2022,Census,Texas (State)
Census Tract,48201240704,TX,48201240704,"=""48201240704""",5141.66,2019-2023,2022,Census,Texas (State)
Census Tract,48201240705,TX,48201240705,"=""48201240705""",3923.21,2019-2023,2022,Census,Texas (State)
Census Tract,48201240706,TX,48201240706,"=""48201240706""",5207.82,2019-2023,2022,Census,Texas (State)
Census Tract,48201240707,TX,48201240707,"=""48201240707""",2673.36,2019-2023,2022,Census,Texas (State)
Census Tract,48201240802,TX,48201240802,"=""48201240802""",1703.03,2019-2023,2022,Census,Texas (State)
Census Tract,48201240803,TX,48201240803,"=""48201240803""",3755.64,2019-2023,2022,Census,Texas (State)
Census Tract,48201240804,TX,48201240804,"=""48201240804""",8366.45,2019-2023,2022,Census,Texas (State)
Census Tract,48201240903,TX,48201240903,"=""48201240903""",5207.03,2019-2023,2022,Census,Texas (State)
Census Tract,48201240904,TX,48201240904,"=""48201240904""",2790.66,2019-2023,2022,Census,Texas (State)
Census Tract,48201240905,TX,48201240905,"=""48201240905""",6699.02,2019-2023,2022,Census,Texas (State)
Census Tract,48201240906,TX,48201240906,"=""48201240906""",5688.67,2019-2023,2022,Census,Texas (State)
Census Tract,48201241001,TX,48201241001,"=""48201241001""",2941.76,2019-2023,2022,Census,Texas (State)
Census Tract,48201241002,TX,48201241002,"=""48201241002""",1010.2,2019-2023,2022,Census,Texas (State)
Census Tract,48201241101,TX,48201241101,"=""48201241101""",6133.52,2019-2023,2022,Census,Texas (State)
Census Tract,48201241103,TX,48201241103,"=""48201241103""",4288.02,2019-2023,2022,Census,Texas (State)
Census Tract,48201241104,TX,48201241104,"=""48201241104""",5404.17,2019-2023,2022,Census,Texas (State)
Census Tract,48201241105,TX,48201241105,"=""48201241105""",8067.06,2019-2023,2022,Census,Texas (State)
Census Tract,48201241201,TX,48201241201,"=""48201241201""",4885.49,2019-2023,2022,Census,Texas (State)
Census Tract,48201241202,TX,48201241202,"=""48201241202""",5375.61,2019-2023,2022,Census,Texas (State)
Census Tract,48201241301,TX,48201241301,"=""48201241301""",1621.72,2019-2023,2022,Census,Texas (State)
Census Tract,48201241302,TX,48201241302,"=""48201241302""",2355.91,2019-2023,2022,Census,Texas (State)
Census Tract,48201241400,TX,48201241400,"=""48201241400""",2489.49,2019-2023,2022,Census,Texas (State)
Census Tract,48201241501,TX,48201241501,"=""48201241501""",719.04,2019-2023,2022,Census,Texas (State)
Census Tract,48201241502,TX,48201241502,"=""48201241502""",4284,2019-2023,2022,Census,Texas (State)
Census Tract,48201241503,TX,48201241503,"=""48201241503""",375.96,2019-2023,2022,Census,Texas (State)
Census Tract,48201250101,TX,48201250101,"=""48201250101""",1336.02,2019-2023,2022,Census,Texas (State)
Census Tract,48201250102,TX,48201250102,"=""48201250102""",2353.94,2019-2023,2022,Census,Texas (State)
Census Tract,48201250201,TX,48201250201,"=""48201250201""",3619.27,2019-2023,2022,Census,Texas (State)
Census Tract,48201250202,TX,48201250202,"=""48201250202""",4532.01,2019-2023,2022,Census,Texas (State)
Census Tract,48201250303,TX,48201250303,"=""48201250303""",4113.42,2019-2023,2022,Census,Texas (State)
Census Tract,48201250304,TX,48201250304,"=""48201250304""",2825.25,2019-2023,2022,Census,Texas (State)
Census Tract,48201250305,TX,48201250305,"=""48201250305""",6002,2019-2023,2022,Census,Texas (State)
Census Tract,48201250306,TX,48201250306,"=""48201250306""",4113.08,2019-2023,2022,Census,Texas (State)
Census Tract,48201250403,TX,48201250403,"=""48201250403""",5207.98,2019-2023,2022,Census,Texas (State)
Census Tract,48201250404,TX,48201250404,"=""48201250404""",3935.32,2019-2023,2022,Census,Texas (State)
Census Tract,48201250405,TX,48201250405,"=""48201250405""",10182.28,2019-2023,2022,Census,Texas (State)
Census Tract,48201250406,TX,48201250406,"=""48201250406""",5746.09,2019-2023,2022,Census,Texas (State)
Census Tract,48201250407,TX,48201250407,"=""48201250407""",6212.4,2019-2023,2022,Census,Texas (State)
Census Tract,48201250408,TX,48201250408,"=""48201250408""",3362.95,2019-2023,2022,Census,Texas (State)
Census Tract,48201250500,TX,48201250500,"=""48201250500""",3130.82,2019-2023,2022,Census,Texas (State)
Census Tract,48201250601,TX,48201250601,"=""48201250601""",1806.6,2019-2023,2022,Census,Texas (State)
Census Tract,48201250602,TX,48201250602,"=""48201250602""",1235.35,2019-2023,2022,Census,Texas (State)
Census Tract,48201250701,TX,48201250701,"=""48201250701""",1076.13,2019-2023,2022,Census,Texas (State)
Census Tract,48201250702,TX,48201250702,"=""48201250702""",3671.16,2019-2023,2022,Census,Texas (State)
Census Tract,48201250801,TX,48201250801,"=""48201250801""",2701.49,2019-2023,2022,Census,Texas (State)
Census Tract,48201250802,TX,48201250802,"=""48201250802""",3118.46,2019-2023,2022,Census,Texas (State)
Census Tract,48201250901,TX,48201250901,"=""48201250901""",3049.69,2019-2023,2022,Census,Texas (State)
Census Tract,48201250902,TX,48201250902,"=""48201250902""",1825.49,2019-2023,2022,Census,Texas (State)
Census Tract,48201251000,TX,48201251000,"=""48201251000""",1052.83,2019-2023,2022,Census,Texas (State)
Census Tract,48201251100,TX,48201251100,"=""48201251100""",1710.05,2019-2023,2022,Census,Texas (State)
Census Tract,48201251200,TX,48201251200,"=""48201251200""",4434.38,2019-2023,2022,Census,Texas (State)
Census Tract,48201251300,TX,48201251300,"=""48201251300""",2835.35,2019-2023,2022,Census,Texas (State)
Census Tract,48201251401,TX,48201251401,"=""48201251401""",6570.74,2019-2023,2022,Census,Texas (State)
Census Tract,48201251402,TX,48201251402,"=""48201251402""",6454.15,2019-2023,2022,Census,Texas (State)
Census Tract,48201251501,TX,48201251501,"=""48201251501""",842.09,2019-2023,2022,Census,Texas (State)
Census Tract,48201251503,TX,48201251503,"=""48201251503""",7722.92,2019-2023,2022,Census,Texas (State)
Census Tract,48201251504,TX,48201251504,"=""48201251504""",5023.47,2019-2023,2022,Census,Texas (State)
Census Tract,48201251505,TX,48201251505,"=""48201251505""",4185.02,2019-2023,2022,Census,Texas (State)
Census Tract,48201251600,TX,48201251600,"=""48201251600""",322.05,2019-2023,2022,Census,Texas (State)
Census Tract,48201251701,TX,48201251701,"=""48201251701""",894.03,2019-2023,2022,Census,Texas (State)
Census Tract,48201251702,TX,48201251702,"=""48201251702""",151.79,2019-2023,2022,Census,Texas (State)
Census Tract,48201251800,TX,48201251800,"=""48201251800""",123.85,2019-2023,2022,Census,Texas (State)
Census Tract,48201251902,TX,48201251902,"=""48201251902""",1202.04,2019-2023,2022,Census,Texas (State)
Census Tract,48201251903,TX,48201251903,"=""48201251903""",460.73,2019-2023,2022,Census,Texas (State)
Census Tract,48201251904,TX,48201251904,"=""48201251904""",978.08,2019-2023,2022,Census,Texas (State)
Census Tract,48201252001,TX,48201252001,"=""48201252001""",2878.18,2019-2023,2022,Census,Texas (State)
Census Tract,48201252002,TX,48201252002,"=""48201252002""",617.49,2019-2023,2022,Census,Texas (State)
Census Tract,48201252003,TX,48201252003,"=""48201252003""",2895.95,2019-2023,2022,Census,Texas (State)
Census Tract,48201252100,TX,48201252100,"=""48201252100""",351.3,2019-2023,2022,Census,Texas (State)
Census Tract,48201252201,TX,48201252201,"=""48201252201""",5150.4,2019-2023,2022,Census,Texas (State)
Census Tract,48201252202,TX,48201252202,"=""48201252202""",942.84,2019-2023,2022,Census,Texas (State)
Census Tract,48201252303,TX,48201252303,"=""48201252303""",11067.65,2019-2023,2022,Census,Texas (State)
Census Tract,48201252304,TX,48201252304,"=""48201252304""",6384.62,2019-2023,2022,Census,Texas (State)
Census Tract,48201252305,TX,48201252305,"=""48201252305""",6810.16,2019-2023,2022,Census,Texas (State)
Census Tract,48201252306,TX,48201252306,"=""48201252306""",5336.08,2019-2023,2022,Census,Texas (State)
Census Tract,48201252400,TX,48201252400,"=""48201252400""",3137.32,2019-2023,2022,Census,Texas (State)
Census Tract,48201252500,TX,48201252500,"=""48201252500""",408.21,2019-2023,2022,Census,Texas (State)
Census Tract,48201252601,TX,48201252601,"=""48201252601""",2182.96,2019-2023,2022,Census,Texas (State)
Census Tract,48201252602,TX,48201252602,"=""48201252602""",358.9,2019-2023,2022,Census,Texas (State)
Census Tract,48201252700,TX,48201252700,"=""48201252700""",264.2,2019-2023,2022,Census,Texas (State)
Census Tract,48201252800,TX,48201252800,"=""48201252800""",267.21,2019-2023,2022,Census,Texas (State)
Census Tract,48201252901,TX,48201252901,"=""48201252901""",1422.03,2019-2023,2022,Census,Texas (State)
Census Tract,48201252902,TX,48201252902,"=""48201252902""",1651.74,2019-2023,2022,Census,Texas (State)
Census Tract,48201253000,TX,48201253000,"=""48201253000""",847.24,2019-2023,2022,Census,Texas (State)
Census Tract,48201253101,TX,48201253101,"=""48201253101""",5310.23,2019-2023,2022,Census,Texas (State)
Census Tract,48201253102,TX,48201253102,"=""48201253102""",634.49,2019-2023,2022,Census,Texas (State)
Census Tract,48201253201,TX,48201253201,"=""48201253201""",975.66,2019-2023,2022,Census,Texas (State)
Census Tract,48201253202,TX,48201253202,"=""48201253202""",752.75,2019-2023,2022,Census,Texas (State)
Census Tract,48201253300,TX,48201253300,"=""48201253300""",1248.74,2019-2023,2022,Census,Texas (State)
Census Tract,48201253501,TX,48201253501,"=""48201253501""",9436.37,2019-2023,2022,Census,Texas (State)
Census Tract,48201253502,TX,48201253502,"=""48201253502""",2604.38,2019-2023,2022,Census,Texas (State)
Census Tract,48201253601,TX,48201253601,"=""48201253601""",3448.13,2019-2023,2022,Census,Texas (State)
Census Tract,48201253602,TX,48201253602,"=""48201253602""",4159.19,2019-2023,2022,Census,Texas (State)
Census Tract,48201253700,TX,48201253700,"=""48201253700""",3928.83,2019-2023,2022,Census,Texas (State)
Census Tract,48201253800,TX,48201253800,"=""48201253800""",2751.96,2019-2023,2022,Census,Texas (State)
Census Tract,48201253900,TX,48201253900,"=""48201253900""",2211.98,2019-2023,2022,Census,Texas (State)
Census Tract,48201254000,TX,48201254000,"=""48201254000""",3601.45,2019-2023,2022,Census,Texas (State)
Census Tract,48201254100,TX,48201254100,"=""48201254100""",4679.99,2019-2023,2022,Census,Texas (State)
Census Tract,48201254200,TX,48201254200,"=""48201254200""",5384.6,2019-2023,2022,Census,Texas (State)
Census Tract,48201254300,TX,48201254300,"=""48201254300""",4773.23,2019-2023,2022,Census,Texas (State)
Census Tract,48201254400,TX,48201254400,"=""48201254400""",2360.39,2019-2023,2022,Census,Texas (State)
Census Tract,48201254600,TX,48201254600,"=""48201254600""",2141.74,2019-2023,2022,Census,Texas (State)
Census Tract,48201254700,TX,48201254700,"=""48201254700""",426.63,2019-2023,2022,Census,Texas (State)
Census Tract,48201254800,TX,48201254800,"=""48201254800""",344.01,2019-2023,2022,Census,Texas (State)
Census Tract,48201310101,TX,48201310101,"=""48201310101""",3441,2019-2023,2022,Census,Texas (State)
Census Tract,48201310102,TX,48201310102,"=""48201310102""",5190.44,2019-2023,2022,Census,Texas (State)
Census Tract,48201310200,TX,48201310200,"=""48201310200""",2849.79,2019-2023,2022,Census,Texas (State)
Census Tract,48201310300,TX,48201310300,"=""48201310300""",4687.99,2019-2023,2022,Census,Texas (State)
Census Tract,48201310400,TX,48201310400,"=""48201310400""",4432.91,2019-2023,2022,Census,Texas (State)
Census Tract,48201310500,TX,48201310500,"=""48201310500""",3050.86,2019-2023,2022,Census,Texas (State)
Census Tract,48201310600,TX,48201310600,"=""48201310600""",6907.33,2019-2023,2022,Census,Texas (State)
Census Tract,48201310700,TX,48201310700,"=""48201310700""",4873.68,2019-2023,2022,Census,Texas (State)
Census Tract,48201310800,TX,48201310800,"=""48201310800""",4262.15,2019-2023,2022,Census,Texas (State)
Census Tract,48201310900,TX,48201310900,"=""48201310900""",6727.22,2019-2023,2022,Census,Texas (State)
Census Tract,48201311001,TX,48201311001,"=""48201311001""",8824.11,2019-2023,2022,Census,Texas (State)
Census Tract,48201311002,TX,48201311002,"=""48201311002""",5750.06,2019-2023,2022,Census,Texas (State)
Census Tract,48201311100,TX,48201311100,"=""48201311100""",5054.29,2019-2023,2022,Census,Texas (State)
Census Tract,48201311200,TX,48201311200,"=""48201311200""",3894.58,2019-2023,2022,Census,Texas (State)
Census Tract,48201311300,TX,48201311300,"=""48201311300""",7020.53,2019-2023,2022,Census,Texas (State)
Census Tract,48201311400,TX,48201311400,"=""48201311400""",1688.4,2019-2023,2022,Census,Texas (State)
Census Tract,48201311501,TX,48201311501,"=""48201311501""",7606.19,2019-2023,2022,Census,Texas (State)
Census Tract,48201311502,TX,48201311502,"=""48201311502""",5179.13,2019-2023,2022,Census,Texas (State)
Census Tract,48201311600,TX,48201311600,"=""48201311600""",20347.9,2019-2023,2022,Census,Texas (State)
Census Tract,48201311701,TX,48201311701,"=""48201311701""",5645.27,2019-2023,2022,Census,Texas (State)
Census Tract,48201311702,TX,48201311702,"=""48201311702""",5112.63,2019-2023,2022,Census,Texas (State)
Census Tract,48201311800,TX,48201311800,"=""48201311800""",4183.81,2019-2023,2022,Census,Texas (State)
Census Tract,48201311900,TX,48201311900,"=""48201311900""",1869.03,2019-2023,2022,Census,Texas (State)
Census Tract,48201312000,TX,48201312000,"=""48201312000""",4818.86,2019-2023,2022,Census,Texas (State)
Census Tract,48201312200,TX,48201312200,"=""48201312200""",3785.98,2019-2023,2022,Census,Texas (State)
Census Tract,48201312300,TX,48201312300,"=""48201312300""",4726.38,2019-2023,2022,Census,Texas (State)
Census Tract,48201312400,TX,48201312400,"=""48201312400""",4273.2,2019-2023,2022,Census,Texas (State)
Census Tract,48201312501,TX,48201312501,"=""48201312501""",7790.1,2019-2023,2022,Census,Texas (State)
Census Tract,48201312502,TX,48201312502,"=""48201312502""",7022.07,2019-2023,2022,Census,Texas (State)
Census Tract,48201312601,TX,48201312601,"=""48201312601""",20587.05,2019-2023,2022,Census,Texas (State)
Census Tract,48201312602,TX,48201312602,"=""48201312602""",12253.23,2019-2023,2022,Census,Texas (State)
Census Tract,48201312603,TX,48201312603,"=""48201312603""",9471.22,2019-2023,2022,Census,Texas (State)
Census Tract,48201312700,TX,48201312700,"=""48201312700""",6303.5,2019-2023,2022,Census,Texas (State)
Census Tract,48201312800,TX,48201312800,"=""48201312800""",10053.75,2019-2023,2022,Census,Texas (State)
Census Tract,48201312901,TX,48201312901,"=""48201312901""",11962.52,2019-2023,2022,Census,Texas (State)
Census Tract,48201312902,TX,48201312902,"=""48201312902""",6158.17,2019-2023,2022,Census,Texas (State)
Census Tract,48201313000,TX,48201313000,"=""48201313000""",5563.17,2019-2023,2022,Census,Texas (State)
Census Tract,48201313101,TX,48201313101,"=""48201313101""",9579.09,2019-2023,2022,Census,Texas (State)
Census Tract,48201313102,TX,48201313102,"=""48201313102""",1458.65,2019-2023,2022,Census,Texas (State)
Census Tract,48201313201,TX,48201313201,"=""48201313201""",2906.15,2019-2023,2022,Census,Texas (State)
Census Tract,48201313202,TX,48201313202,"=""48201313202""",3742.03,2019-2023,2022,Census,Texas (State)
Census Tract,48201313300,TX,48201313300,"=""48201313300""",2861.71,2019-2023,2022,Census,Texas (State)
Census Tract,48201313400,TX,48201313400,"=""48201313400""",4987.03,2019-2023,2022,Census,Texas (State)
Census Tract,48201313500,TX,48201313500,"=""48201313500""",2975.76,2019-2023,2022,Census,Texas (State)
Census Tract,48201313600,TX,48201313600,"=""48201313600""",4889.24,2019-2023,2022,Census,Texas (State)
Census Tract,48201313700,TX,48201313700,"=""48201313700""",4066.52,2019-2023,2022,Census,Texas (State)
Census Tract,48201313801,TX,48201313801,"=""48201313801""",4862.66,2019-2023,2022,Census,Texas (State)
Census Tract,48201313802,TX,48201313802,"=""48201313802""",3952.62,2019-2023,2022,Census,Texas (State)
Census Tract,48201313901,TX,48201313901,"=""48201313901""",3814.58,2019-2023,2022,Census,Texas (State)
Census Tract,48201313902,TX,48201313902,"=""48201313902""",11835.84,2019-2023,2022,Census,Texas (State)
Census Tract,48201314001,TX,48201314001,"=""48201314001""",5408.07,2019-2023,2022,Census,Texas (State)
Census Tract,48201314003,TX,48201314003,"=""48201314003""",7787.59,2019-2023,2022,Census,Texas (State)
Census Tract,48201314004,TX,48201314004,"=""48201314004""",28608.64,2019-2023,2022,Census,Texas (State)
Census Tract,48201314005,TX,48201314005,"=""48201314005""",8436.32,2019-2023,2022,Census,Texas (State)
Census Tract,48201314301,TX,48201314301,"=""48201314301""",17221.85,2019-2023,2022,Census,Texas (State)
Census Tract,48201314302,TX,48201314302,"=""48201314302""",3083.3,2019-2023,2022,Census,Texas (State)
Census Tract,48201314401,TX,48201314401,"=""48201314401""",7913.2,2019-2023,2022,Census,Texas (State)
Census Tract,48201314402,TX,48201314402,"=""48201314402""",3066.32,2019-2023,2022,Census,Texas (State)
Census Tract,48201320100,TX,48201320100,"=""48201320100""",6422.72,2019-2023,2022,Census,Texas (State)
Census Tract,48201320201,TX,48201320201,"=""48201320201""",3839.23,2019-2023,2022,Census,Texas (State)
Census Tract,48201320202,TX,48201320202,"=""48201320202""",4350.46,2019-2023,2022,Census,Texas (State)
Census Tract,48201320500,TX,48201320500,"=""48201320500""",1906.25,2019-2023,2022,Census,Texas (State)
Census Tract,48201320601,TX,48201320601,"=""48201320601""",4059.31,2019-2023,2022,Census,Texas (State)
Census Tract,48201320602,TX,48201320602,"=""48201320602""",8044.93,2019-2023,2022,Census,Texas (State)
Census Tract,48201320700,TX,48201320700,"=""48201320700""",2895.29,2019-2023,2022,Census,Texas (State)
Census Tract,48201320800,TX,48201320800,"=""48201320800""",4335.81,2019-2023,2022,Census,Texas (State)
Census Tract,48201320901,TX,48201320901,"=""48201320901""",9072.74,2019-2023,2022,Census,Texas (State)
Census Tract,48201320902,TX,48201320902,"=""48201320902""",7008.58,2019-2023,2022,Census,Texas (State)
Census Tract,48201321001,TX,48201321001,"=""48201321001""",5630.45,2019-2023,2022,Census,Texas (State)
Census Tract,48201321002,TX,48201321002,"=""48201321002""",4946.46,2019-2023,2022,Census,Texas (State)
Census Tract,48201321101,TX,48201321101,"=""48201321101""",3162.56,2019-2023,2022,Census,Texas (State)
Census Tract,48201321102,TX,48201321102,"=""48201321102""",3816.67,2019-2023,2022,Census,Texas (State)
Census Tract,48201321200,TX,48201321200,"=""48201321200""",4371.69,2019-2023,2022,Census,Texas (State)
Census Tract,48201321301,TX,48201321301,"=""48201321301""",18424.01,2019-2023,2022,Census,Texas (State)
Census Tract,48201321302,TX,48201321302,"=""48201321302""",5535.49,2019-2023,2022,Census,Texas (State)
Census Tract,48201321401,TX,48201321401,"=""48201321401""",4477.84,2019-2023,2022,Census,Texas (State)
Census Tract,48201321402,TX,48201321402,"=""48201321402""",6505.57,2019-2023,2022,Census,Texas (State)
Census Tract,48201321500,TX,48201321500,"=""48201321500""",7237.98,2019-2023,2022,Census,Texas (State)
Census Tract,48201321600,TX,48201321600,"=""48201321600""",5970.53,2019-2023,2022,Census,Texas (State)
Census Tract,48201321700,TX,48201321700,"=""48201321700""",4352.47,2019-2023,2022,Census,Texas (State)
Census Tract,48201321800,TX,48201321800,"=""48201321800""",7786.29,2019-2023,2022,Census,Texas (State)
Census Tract,48201321900,TX,48201321900,"=""48201321900""",6174.44,2019-2023,2022,Census,Texas (State)
Census Tract,48201322000,TX,48201322000,"=""48201322000""",16129.39,2019-2023,2022,Census,Texas (State)
Census Tract,48201322100,TX,48201322100,"=""48201322100""",4531.1,2019-2023,2022,Census,Texas (State)
Census Tract,48201322200,TX,48201322200,"=""48201322200""",3927.64,2019-2023,2022,Census,Texas (State)
Census Tract,48201322600,TX,48201322600,"=""48201322600""",5102.67,2019-2023,2022,Census,Texas (State)
Census Tract,48201322701,TX,48201322701,"=""48201322701""",7694.31,2019-2023,2022,Census,Texas (State)
Census Tract,48201322702,TX,48201322702,"=""48201322702""",8810.23,2019-2023,2022,Census,Texas (State)
Census Tract,48201322800,TX,48201322800,"=""48201322800""",4869.14,2019-2023,2022,Census,Texas (State)
Census Tract,48201322900,TX,48201322900,"=""48201322900""",5533.1,2019-2023,2022,Census,Texas (State)
Census Tract,48201323000,TX,48201323000,"=""48201323000""",12981.03,2019-2023,2022,Census,Texas (State)
Census Tract,48201323100,TX,48201323100,"=""48201323100""",4724.43,2019-2023,2022,Census,Texas (State)
Census Tract,48201323200,TX,48201323200,"=""48201323200""",6837.57,2019-2023,2022,Census,Texas (State)
Census Tract,48201323300,TX,48201323300,"=""48201323300""",5672.53,2019-2023,2022,Census,Texas (State)
Census Tract,48201323400,TX,48201323400,"=""48201323400""",10306.57,2019-2023,2022,Census,Texas (State)
Census Tract,48201323500,TX,48201323500,"=""48201323500""",5295.76,2019-2023,2022,Census,Texas (State)
Census Tract,48201323601,TX,48201323601,"=""48201323601""",3853.87,2019-2023,2022,Census,Texas (State)
Census Tract,48201323602,TX,48201323602,"=""48201323602""",5348.2,2019-2023,2022,Census,Texas (State)
Census Tract,48201323701,TX,48201323701,"=""48201323701""",5047.28,2019-2023,2022,Census,Texas (State)
Census Tract,48201323702,TX,48201323702,"=""48201323702""",7020.6,2019-2023,2022,Census,Texas (State)
Census Tract,48201323801,TX,48201323801,"=""48201323801""",7601.48,2019-2023,2022,Census,Texas (State)
Census Tract,48201323802,TX,48201323802,"=""48201323802""",5441.36,2019-2023,2022,Census,Texas (State)
Census Tract,48201323900,TX,48201323900,"=""48201323900""",2708.23,2019-2023,2022,Census,Texas (State)
Census Tract,48201324000,TX,48201324000,"=""48201324000""",1948.5,2019-2023,2022,Census,Texas (State)
Census Tract,48201324101,TX,48201324101,"=""48201324101""",4712.25,2019-2023,2022,Census,Texas (State)
Census Tract,48201324102,TX,48201324102,"=""48201324102""",0,2019-2023,2022,Census,Texas (State)
Census Tract,48201324200,TX,48201324200,"=""48201324200""",355.33,2019-2023,2022,Census,Texas (State)
Census Tract,48201330101,TX,48201330101,"=""48201330101""",11904.17,2019-2023,2022,Census,Texas (State)
Census Tract,48201330102,TX,48201330102,"=""48201330102""",4442.1,2019-2023,2022,Census,Texas (State)
Census Tract,48201330200,TX,48201330200,"=""48201330200""",3367.04,2019-2023,2022,Census,Texas (State)
Census Tract,48201330301,TX,48201330301,"=""48201330301""",6721.41,2019-2023,2022,Census,Texas (State)
Census Tract,48201330302,TX,48201330302,"=""48201330302""",2173.28,2019-2023,2022,Census,Texas (State)
Census Tract,48201330303,TX,48201330303,"=""48201330303""",2366.49,2019-2023,2022,Census,Texas (State)
Census Tract,48201330400,TX,48201330400,"=""48201330400""",2739.59,2019-2023,2022,Census,Texas (State)
Census Tract,48201330500,TX,48201330500,"=""48201330500""",4417.67,2019-2023,2022,Census,Texas (State)
Census Tract,48201330600,TX,48201330600,"=""48201330600""",5505.9,2019-2023,2022,Census,Texas (State)
Census Tract,48201330700,TX,48201330700,"=""48201330700""",3777.06,2019-2023,2022,Census,Texas (State)
Census Tract,48201330801,TX,48201330801,"=""48201330801""",1008.74,2019-2023,2022,Census,Texas (State)
Census Tract,48201330802,TX,48201330802,"=""48201330802""",1793.03,2019-2023,2022,Census,Texas (State)
Census Tract,48201330901,TX,48201330901,"=""48201330901""",6136.73,2019-2023,2022,Census,Texas (State)
Census Tract,48201330902,TX,48201330902,"=""48201330902""",1489.22,2019-2023,2022,Census,Texas (State)
Census Tract,48201331100,TX,48201331100,"=""48201331100""",3189.27,2019-2023,2022,Census,Texas (State)
Census Tract,48201331200,TX,48201331200,"=""48201331200""",3689.11,2019-2023,2022,Census,Texas (State)
Census Tract,48201331300,TX,48201331300,"=""48201331300""",2752.24,2019-2023,2022,Census,Texas (State)
Census Tract,48201331400,TX,48201331400,"=""48201331400""",5455.14,2019-2023,2022,Census,Texas (State)
Census Tract,48201331501,TX,48201331501,"=""48201331501""",5357.19,2019-2023,2022,Census,Texas (State)
Census Tract,48201331502,TX,48201331502,"=""48201331502""",2028.02,2019-2023,2022,Census,Texas (State)
Census Tract,48201331602,TX,48201331602,"=""48201331602""",1370.42,2019-2023,2022,Census,Texas (State)
Census Tract,48201331603,TX,48201331603,"=""48201331603""",5955.1,2019-2023,2022,Census,Texas (State)
Census Tract,48201331604,TX,48201331604,"=""48201331604""",6864.63,2019-2023,2022,Census,Texas (State)
Census Tract,48201331700,TX,48201331700,"=""48201331700""",2029,2019-2023,2022,Census,Texas (State)
Census Tract,48201331800,TX,48201331800,"=""48201331800""",4268.85,2019-2023,2022,Census,Texas (State)
Census Tract,48201331900,TX,48201331900,"=""48201331900""",5103.57,2019-2023,2022,Census,Texas (State)
Census Tract,48201332000,TX,48201332000,"=""48201332000""",7141.46,2019-2023,2022,Census,Texas (State)
Census Tract,48201332100,TX,48201332100,"=""48201332100""",8307.43,2019-2023,2022,Census,Texas (State)
Census Tract,48201332200,TX,48201332200,"=""48201332200""",4376.59,2019-2023,2022,Census,Texas (State)
Census Tract,48201332300,TX,48201332300,"=""48201332300""",6001.92,2019-2023,2022,Census,Texas (State)
Census Tract,48201332400,TX,48201332400,"=""48201332400""",2556.11,2019-2023,2022,Census,Texas (State)
Census Tract,48201332500,TX,48201332500,"=""48201332500""",5403.89,2019-2023,2022,Census,Texas (State)
Census Tract,48201332600,TX,48201332600,"=""48201332600""",5221.93,2019-2023,2022,Census,Texas (State)
Census Tract,48201332700,TX,48201332700,"=""48201332700""",2515.6,2019-2023,2022,Census,Texas (State)
Census Tract,48201332800,TX,48201332800,"=""48201332800""",6039.39,2019-2023,2022,Census,Texas (State)
Census Tract,48201332900,TX,48201332900,"=""48201332900""",6753.3,2019-2023,2022,Census,Texas (State)
Census Tract,48201333000,TX,48201333000,"=""48201333000""",6340.39,2019-2023,2022,Census,Texas (State)
Census Tract,48201333100,TX,48201333100,"=""48201333100""",8303.61,2019-2023,2022,Census,Texas (State)
Census Tract,48201333201,TX,48201333201,"=""48201333201""",10259.14,2019-2023,2022,Census,Texas (State)
Census Tract,48201333203,TX,48201333203,"=""48201333203""",3155.3,2019-2023,2022,Census,Texas (State)
Census Tract,48201333204,TX,48201333204,"=""48201333204""",34909.61,2019-2023,2022,Census,Texas (State)
Census Tract,48201333205,TX,48201333205,"=""48201333205""",28637.7,2019-2023,2022,Census,Texas (State)
Census Tract,48201333301,TX,48201333301,"=""48201333301""",8894,2019-2023,2022,Census,Texas (State)
Census Tract,48201333302,TX,48201333302,"=""48201333302""",1550.95,2019-2023,2022,Census,Texas (State)
Census Tract,48201333501,TX,48201333501,"=""48201333501""",8061.14,2019-2023,2022,Census,Texas (State)
Census Tract,48201333502,TX,48201333502,"=""48201333502""",7246.44,2019-2023,2022,Census,Texas (State)
Census Tract,48201333600,TX,48201333600,"=""48201333600""",2572.55,2019-2023,2022,Census,Texas (State)
Census Tract,48201333700,TX,48201333700,"=""48201333700""",1073.88,2019-2023,2022,Census,Texas (State)
Census Tract,48201333801,TX,48201333801,"=""48201333801""",2188.53,2019-2023,2022,Census,Texas (State)
Census Tract,48201333802,TX,48201333802,"=""48201333802""",4708.33,2019-2023,2022,Census,Texas (State)
Census Tract,48201333903,TX,48201333903,"=""48201333903""",5555.54,2019-2023,2022,Census,Texas (State)
Census Tract,48201333904,TX,48201333904,"=""48201333904""",8425.96,2019-2023,2022,Census,Texas (State)
Census Tract,48201333905,TX,48201333905,"=""48201333905""",3042.67,2019-2023,2022,Census,Texas (State)
Census Tract,48201333906,TX,48201333906,"=""48201333906""",7477.04,2019-2023,2022,Census,Texas (State)
Census Tract,48201334001,TX,48201334001,"=""48201334001""",6364.18,2019-2023,2022,Census,Texas (State)
Census Tract,48201334002,TX,48201334002,"=""48201334002""",4675.83,2019-2023,2022,Census,Texas (State)
Census Tract,48201334003,TX,48201334003,"=""48201334003""",4727.35,2019-2023,2022,Census,Texas (State)
Census Tract,48201334101,TX,48201334101,"=""48201334101""",1467.62,2019-2023,2022,Census,Texas (State)
Census Tract,48201334102,TX,48201334102,"=""48201334102""",1373.9,2019-2023,2022,Census,Texas (State)
Census Tract,48201340101,TX,48201340101,"=""48201340101""",1017.55,2019-2023,2022,Census,Texas (State)
Census Tract,48201340102,TX,48201340102,"=""48201340102""",3286.21,2019-2023,2022,Census,Texas (State)
Census Tract,48201340201,TX,48201340201,"=""48201340201""",0,2019-2023,2022,Census,Texas (State)
Census Tract,48201340202,TX,48201340202,"=""48201340202""",1355.19,2019-2023,2022,Census,Texas (State)
Census Tract,48201340203,TX,48201340203,"=""48201340203""",1027.16,2019-2023,2022,Census,Texas (State)
Census Tract,48201340301,TX,48201340301,"=""48201340301""",2488.06,2019-2023,2022,Census,Texas (State)
Census Tract,48201340302,TX,48201340302,"=""48201340302""",5039.62,2019-2023,2022,Census,Texas (State)
Census Tract,48201340400,TX,48201340400,"=""48201340400""",1733.62,2019-2023,2022,Census,Texas (State)
Census Tract,48201340501,TX,48201340501,"=""48201340501""",4406.66,2019-2023,2022,Census,Texas (State)
Census Tract,48201340502,TX,48201340502,"=""48201340502""",7367.98,2019-2023,2022,Census,Texas (State)
Census Tract,48201340600,TX,48201340600,"=""48201340600""",3892.81,2019-2023,2022,Census,Texas (State)
Census Tract,48201340701,TX,48201340701,"=""48201340701""",5594.46,2019-2023,2022,Census,Texas (State)
Census Tract,48201340702,TX,48201340702,"=""48201340702""",7500.8,2019-2023,2022,Census,Texas (State)
Census Tract,48201340800,TX,48201340800,"=""48201340800""",5122.36,2019-2023,2022,Census,Texas (State)
Census Tract,48201340900,TX,48201340900,"=""48201340900""",3249.6,2019-2023,2022,Census,Texas (State)
Census Tract,48201341001,TX,48201341001,"=""48201341001""",9053.75,2019-2023,2022,Census,Texas (State)
Census Tract,48201341002,TX,48201341002,"=""48201341002""",5677.6,2019-2023,2022,Census,Texas (State)
Census Tract,48201341101,TX,48201341101,"=""48201341101""",1998.5,2019-2023,2022,Census,Texas (State)
Census Tract,48201341102,TX,48201341102,"=""48201341102""",2797.54,2019-2023,2022,Census,Texas (State)
Census Tract,48201341201,TX,48201341201,"=""48201341201""",1572.56,2019-2023,2022,Census,Texas (State)
Census Tract,48201341203,TX,48201341203,"=""48201341203""",5257.18,2019-2023,2022,Census,Texas (State)
Census Tract,48201341204,TX,48201341204,"=""48201341204""",4265.83,2019-2023,2022,Census,Texas (State)
Census Tract,48201341302,TX,48201341302,"=""48201341302""",4924.72,2019-2023,2022,Census,Texas (State)
Census Tract,48201341303,TX,48201341303,"=""48201341303""",6734.33,2019-2023,2022,Census,Texas (State)
Census Tract,48201341304,TX,48201341304,"=""48201341304""",429.07,2019-2023,2022,Census,Texas (State)
Census Tract,48201341400,TX,48201341400,"=""48201341400""",1171.92,2019-2023,2022,Census,Texas (State)
Census Tract,48201341501,TX,48201341501,"=""48201341501""",4531.31,2019-2023,2022,Census,Texas (State)
Census Tract,48201341502,TX,48201341502,"=""48201341502""",3940.21,2019-2023,2022,Census,Texas (State)
Census Tract,48201341600,TX,48201341600,"=""48201341600""",926.65,2019-2023,2022,Census,Texas (State)
Census Tract,48201341700,TX,48201341700,"=""48201341700""",2925.96,2019-2023,2022,Census,Texas (State)
Census Tract,48201341800,TX,48201341800,"=""48201341800""",1313.59,2019-2023,2022,Census,Texas (State)
Census Tract,48201342001,TX,48201342001,"=""48201342001""",3386.9,2019-2023,2022,Census,Texas (State)
Census Tract,48201342002,TX,48201342002,"=""48201342002""",2934.13,2019-2023,2022,Census,Texas (State)
Census Tract,48201342100,TX,48201342100,"=""48201342100""",2390.83,2019-2023,2022,Census,Texas (State)
Census Tract,48201342200,TX,48201342200,"=""48201342200""",3373.3,2019-2023,2022,Census,Texas (State)
Census Tract,48201342300,TX,48201342300,"=""48201342300""",6934.94,2019-2023,2022,Census,Texas (State)
Census Tract,48201342400,TX,48201342400,"=""48201342400""",3003.1,2019-2023,2022,Census,Texas (State)
Census Tract,48201342500,TX,48201342500,"=""48201342500""",2438.36,2019-2023,2022,Census,Texas (State)
Census Tract,48201342700,TX,48201342700,"=""48201342700""",3527.5,2019-2023,2022,Census,Texas (State)
Census Tract,48201342801,TX,48201342801,"=""48201342801""",6100.79,2019-2023,2022,Census,Texas (State)
Census Tract,48201342802,TX,48201342802,"=""48201342802""",1687.26,2019-2023,2022,Census,Texas (State)
Census Tract,48201342900,TX,48201342900,"=""48201342900""",3039.34,2019-2023,2022,Census,Texas (State)
Census Tract,48201343000,TX,48201343000,"=""48201343000""",3626.59,2019-2023,2022,Census,Texas (State)
Census Tract,48201343100,TX,48201343100,"=""48201343100""",5106.39,2019-2023,2022,Census,Texas (State)
Census Tract,48201343200,TX,48201343200,"=""48201343200""",2911.59,2019-2023,2022,Census,Texas (State)
Census Tract,48201343301,TX,48201343301,"=""48201343301""",1047.21,2019-2023,2022,Census,Texas (State)
Census Tract,48201343302,TX,48201343302,"=""48201343302""",2829.65,2019-2023,2022,Census,Texas (State)
Census Tract,48201343601,TX,48201343601,"=""48201343601""",0.05,2019-2023,2022,Census,Texas (State)
Census Tract,48201343602,TX,48201343602,"=""48201343602""",1253.62,2019-2023,2022,Census,Texas (State)
Census Tract,48201343700,TX,48201343700,"=""48201343700""",248.9,2019-2023,2022,Census,Texas (State)
Census Tract,48201350101,TX,48201350101,"=""48201350101""",2180.36,2019-2023,2022,Census,Texas (State)
Census Tract,48201350102,TX,48201350102,"=""48201350102""",2754.1,2019-2023,2022,Census,Texas (State)
Census Tract,48201350103,TX,48201350103,"=""48201350103""",4695.39,2019-2023,2022,Census,Texas (State)
Census Tract,48201350104,TX,48201350104,"=""48201350104""",2457.43,2019-2023,2022,Census,Texas (State)
Census Tract,48201350201,TX,48201350201,"=""48201350201""",6279.1,2019-2023,2022,Census,Texas (State)
Census Tract,48201350202,TX,48201350202,"=""48201350202""",6524.44,2019-2023,2022,Census,Texas (State)
Census Tract,48201350300,TX,48201350300,"=""48201350300""",7106.43,2019-2023,2022,Census,Texas (State)
Census Tract,48201350400,TX,48201350400,"=""48201350400""",6105.9,2019-2023,2022,Census,Texas (State)
Census Tract,48201350500,TX,48201350500,"=""48201350500""",2927.3,2019-2023,2022,Census,Texas (State)
Census Tract,48201350601,TX,48201350601,"=""48201350601""",801.6,2019-2023,2022,Census,Texas (State)
Census Tract,48201350603,TX,48201350603,"=""48201350603""",6611.61,2019-2023,2022,Census,Texas (State)
Census Tract,48201350604,TX,48201350604,"=""48201350604""",6486.55,2019-2023,2022,Census,Texas (State)
Census Tract,48201350700,TX,48201350700,"=""48201350700""",3808.89,2019-2023,2022,Census,Texas (State)
Census Tract,48201350801,TX,48201350801,"=""48201350801""",6638.27,2019-2023,2022,Census,Texas (State)
Census Tract,48201350803,TX,48201350803,"=""48201350803""",1956.82,2019-2023,2022,Census,Texas (State)
Census Tract,48201350804,TX,48201350804,"=""48201350804""",1572.4,2019-2023,2022,Census,Texas (State)
Census Tract,48201410101,TX,48201410101,"=""48201410101""",12386.19,2019-2023,2022,Census,Texas (State)
Census Tract,48201410102,TX,48201410102,"=""48201410102""",13109.66,2019-2023,2022,Census,Texas (State)
Census Tract,48201410201,TX,48201410201,"=""48201410201""",7472.54,2019-2023,2022,Census,Texas (State)
Census Tract,48201410202,TX,48201410202,"=""48201410202""",16971.28,2019-2023,2022,Census,Texas (State)
Census Tract,48201410300,TX,48201410300,"=""48201410300""",9993.9,2019-2023,2022,Census,Texas (State)
Census Tract,48201410401,TX,48201410401,"=""48201410401""",10512.55,2019-2023,2022,Census,Texas (State)
Census Tract,48201410402,TX,48201410402,"=""48201410402""",10677.58,2019-2023,2022,Census,Texas (State)
Census Tract,48201410501,TX,48201410501,"=""48201410501""",8514.73,2019-2023,2022,Census,Texas (State)
Census Tract,48201410502,TX,48201410502,"=""48201410502""",14306.77,2019-2023,2022,Census,Texas (State)
Census Tract,48201410601,TX,48201410601,"=""48201410601""",14850.57,2019-2023,2022,Census,Texas (State)
Census Tract,48201410602,TX,48201410602,"=""48201410602""",16746.62,2019-2023,2022,Census,Texas (State)
Census Tract,48201410703,TX,48201410703,"=""48201410703""",10211.17,2019-2023,2022,Census,Texas (State)
Census Tract,48201410704,TX,48201410704,"=""48201410704""",9937.24,2019-2023,2022,Census,Texas (State)
Census Tract,48201410705,TX,48201410705,"=""48201410705""",5683.69,2019-2023,2022,Census,Texas (State)
Census Tract,48201410706,TX,48201410706,"=""48201410706""",9395.25,2019-2023,2022,Census,Texas (State)
Census Tract,48201410801,TX,48201410801,"=""48201410801""",12463.14,2019-2023,2022,Census,Texas (State)
Census Tract,48201410802,TX,48201410802,"=""48201410802""",7381.04,2019-2023,2022,Census,Texas (State)
Census Tract,48201410900,TX,48201410900,"=""48201410900""",12330.08,2019-2023,2022,Census,Texas (State)
Census Tract,48201411001,TX,48201411001,"=""48201411001""",14884.31,2019-2023,2022,Census,Texas (State)
Census Tract,48201411002,TX,48201411002,"=""48201411002""",14822.6,2019-2023,2022,Census,Texas (State)
Census Tract,48201411003,TX,48201411003,"=""48201411003""",5998.03,2019-2023,2022,Census,Texas (State)
Census Tract,48201411100,TX,48201411100,"=""48201411100""",6649.32,2019-2023,2022,Census,Texas (State)
Census Tract,48201411200,TX,48201411200,"=""48201411200""",1322.27,2019-2023,2022,Census,Texas (State)
Census Tract,48201411301,TX,48201411301,"=""48201411301""",6628.5,2019-2023,2022,Census,Texas (State)
Census Tract,48201411302,TX,48201411302,"=""48201411302""",11112.33,2019-2023,2022,Census,Texas (State)
Census Tract,48201411400,TX,48201411400,"=""48201411400""",4279.78,2019-2023,2022,Census,Texas (State)
Census Tract,48201411503,TX,48201411503,"=""48201411503""",9586.06,2019-2023,2022,Census,Texas (State)
Census Tract,48201411504,TX,48201411504,"=""48201411504""",8084.55,2019-2023,2022,Census,Texas (State)
Census Tract,48201411505,TX,48201411505,"=""48201411505""",9079.65,2019-2023,2022,Census,Texas (State)
Census Tract,48201411506,TX,48201411506,"=""48201411506""",19676.57,2019-2023,2022,Census,Texas (State)
Census Tract,48201411507,TX,48201411507,"=""48201411507""",17189.51,2019-2023,2022,Census,Texas (State)
Census Tract,48201411600,TX,48201411600,"=""48201411600""",5313.91,2019-2023,2022,Census,Texas (State)
Census Tract,48201411700,TX,48201411700,"=""48201411700""",7715.94,2019-2023,2022,Census,Texas (State)
Census Tract,48201411801,TX,48201411801,"=""48201411801""",7741.9,2019-2023,2022,Census,Texas (State)
Census Tract,48201411802,TX,48201411802,"=""48201411802""",6095.91,2019-2023,2022,Census,Texas (State)
Census Tract,48201411901,TX,48201411901,"=""48201411901""",5807.71,2019-2023,2022,Census,Texas (State)
Census Tract,48201411902,TX,48201411902,"=""48201411902""",6843.43,2019-2023,2022,Census,Texas (State)
Census Tract,48201412000,TX,48201412000,"=""48201412000""",6650.1,2019-2023,2022,Census,Texas (State)
Census Tract,48201412201,TX,48201412201,"=""48201412201""",6067.49,2019-2023,2022,Census,Texas (State)
Census Tract,48201412202,TX,48201412202,"=""48201412202""",6295.65,2019-2023,2022,Census,Texas (State)
Census Tract,48201412300,TX,48201412300,"=""48201412300""",7342.41,2019-2023,2022,Census,Texas (State)
Census Tract,48201412400,TX,48201412400,"=""48201412400""",6890.68,2019-2023,2022,Census,Texas (State)
Census Tract,48201412500,TX,48201412500,"=""48201412500""",6543.92,2019-2023,2022,Census,Texas (State)
Census Tract,48201412600,TX,48201412600,"=""48201412600""",8019.05,2019-2023,2022,Census,Texas (State)
Census Tract,48201412700,TX,48201412700,"=""48201412700""",3958.94,2019-2023,2022,Census,Texas (State)
Census Tract,48201412800,TX,48201412800,"=""48201412800""",6569.19,2019-2023,2022,Census,Texas (State)
Census Tract,48201412901,TX,48201412901,"=""48201412901""",7067.48,2019-2023,2022,Census,Texas (State)
Census Tract,48201412902,TX,48201412902,"=""48201412902""",6544.32,2019-2023,2022,Census,Texas (State)
Census Tract,48201413000,TX,48201413000,"=""48201413000""",4952.39,2019-2023,2022,Census,Texas (State)
Census Tract,48201413100,TX,48201413100,"=""48201413100""",5804.75,2019-2023,2022,Census,Texas (State)
Census Tract,48201413203,TX,48201413203,"=""48201413203""",20211.49,2019-2023,2022,Census,Texas (State)
Census Tract,48201413204,TX,48201413204,"=""48201413204""",12147.69,2019-2023,2022,Census,Texas (State)
Census Tract,48201413205,TX,48201413205,"=""48201413205""",13291.82,2019-2023,2022,Census,Texas (State)
Census Tract,48201413206,TX,48201413206,"=""48201413206""",26822.19,2019-2023,2022,Census,Texas (State)
Census Tract,48201413301,TX,48201413301,"=""48201413301""",8851.73,2019-2023,2022,Census,Texas (State)
Census Tract,48201413302,TX,48201413302,"=""48201413302""",5551.39,2019-2023,2022,Census,Texas (State)
Census Tract,48201420100,TX,48201420100,"=""48201420100""",6344.2,2019-2023,2022,Census,Texas (State)
Census Tract,48201420200,TX,48201420200,"=""48201420200""",3951.18,2019-2023,2022,Census,Texas (State)
Census Tract,48201420300,TX,48201420300,"=""48201420300""",3961.8,2019-2023,2022,Census,Texas (State)
Census Tract,48201420400,TX,48201420400,"=""48201420400""",3257.2,2019-2023,2022,Census,Texas (State)
Census Tract,48201420500,TX,48201420500,"=""48201420500""",3964.92,2019-2023,2022,Census,Texas (State)
Census Tract,48201420600,TX,48201420600,"=""48201420600""",4966.3,2019-2023,2022,Census,Texas (State)
Census Tract,48201420700,TX,48201420700,"=""48201420700""",2900.69,2019-2023,2022,Census,Texas (State)
Census Tract,48201420800,TX,48201420800,"=""48201420800""",3287.25,2019-2023,2022,Census,Texas (State)
Census Tract,48201420900,TX,48201420900,"=""48201420900""",4484.9,2019-2023,2022,Census,Texas (State)
Census Tract,48201421000,TX,48201421000,"=""48201421000""",3857.18,2019-2023,2022,Census,Texas (State)
Census Tract,48201421101,TX,48201421101,"=""48201421101""",5533.15,2019-2023,2022,Census,Texas (State)
Census Tract,48201421103,TX,48201421103,"=""48201421103""",11202.86,2019-2023,2022,Census,Texas (State)
Census Tract,48201421104,TX,48201421104,"=""48201421104""",22073.16,2019-2023,2022,Census,Texas (State)
Census Tract,48201421203,TX,48201421203,"=""48201421203""",26501.52,2019-2023,2022,Census,Texas (State)
Census Tract,48201421204,TX,48201421204,"=""48201421204""",38365.91,2019-2023,2022,Census,Texas (State)
Census Tract,48201421205,TX,48201421205,"=""48201421205""",18217.89,2019-2023,2022,Census,Texas (State)
Census Tract,48201421206,TX,48201421206,"=""48201421206""",35301.84,2019-2023,2022,Census,Texas (State)
Census Tract,48201421301,TX,48201421301,"=""48201421301""",36303.31,2019-2023,2022,Census,Texas (State)
Census Tract,48201421302,TX,48201421302,"=""48201421302""",11668.15,2019-2023,2022,Census,Texas (State)
Census Tract,48201421401,TX,48201421401,"=""48201421401""",32381.21,2019-2023,2022,Census,Texas (State)
Census Tract,48201421402,TX,48201421402,"=""48201421402""",62579.31,2019-2023,2022,Census,Texas (State)
Census Tract,48201421403,TX,48201421403,"=""48201421403""",18345.54,2019-2023,2022,Census,Texas (State)
Census Tract,48201421501,TX,48201421501,"=""48201421501""",12231.75,2019-2023,2022,Census,Texas (State)
Census Tract,48201421502,TX,48201421502,"=""48201421502""",10736.2,2019-2023,2022,Census,Texas (State)
Census Tract,48201421601,TX,48201421601,"=""48201421601""",13736.79,2019-2023,2022,Census,Texas (State)
Census Tract,48201421602,TX,48201421602,"=""48201421602""",8973.75,2019-2023,2022,Census,Texas (State)
Census Tract,48201421700,TX,48201421700,"=""48201421700""",6715.46,2019-2023,2022,Census,Texas (State)
Census Tract,48201421801,TX,48201421801,"=""48201421801""",16869.25,2019-2023,2022,Census,Texas (State)
Census Tract,48201421802,TX,48201421802,"=""48201421802""",6826.72,2019-2023,2022,Census,Texas (State)
Census Tract,48201421900,TX,48201421900,"=""48201421900""",4602.69,2019-2023,2022,Census,Texas (State)
Census Tract,48201422000,TX,48201422000,"=""48201422000""",3868.01,2019-2023,2022,Census,Texas (State)
Census Tract,48201422100,TX,48201422100,"=""48201422100""",5642.84,2019-2023,2022,Census,Texas (State)
Census Tract,48201422200,TX,48201422200,"=""48201422200""",7635.03,2019-2023,2022,Census,Texas (State)
Census Tract,48201422302,TX,48201422302,"=""48201422302""",7273.19,2019-2023,2022,Census,Texas (State)
Census Tract,48201422303,TX,48201422303,"=""48201422303""",19684.32,2019-2023,2022,Census,Texas (State)
Census Tract,48201422304,TX,48201422304,"=""48201422304""",22691.92,2019-2023,2022,Census,Texas (State)
Census Tract,48201422403,TX,48201422403,"=""48201422403""",7019.85,2019-2023,2022,Census,Texas (State)
Census Tract,48201422404,TX,48201422404,"=""48201422404""",13712.73,2019-2023,2022,Census,Texas (State)
Census Tract,48201422405,TX,48201422405,"=""48201422405""",20309.88,2019-2023,2022,Census,Texas (State)
Census Tract,48201422406,TX,48201422406,"=""48201422406""",11119.48,2019-2023,2022,Census,Texas (State)
Census Tract,48201422501,TX,48201422501,"=""48201422501""",10324.37,2019-2023,2022,Census,Texas (State)
Census Tract,48201422502,TX,48201422502,"=""48201422502""",9803.85,2019-2023,2022,Census,Texas (State)
Census Tract,48201422601,TX,48201422601,"=""48201422601""",7770.16,2019-2023,2022,Census,Texas (State)
Census Tract,48201422602,TX,48201422602,"=""48201422602""",4963.46,2019-2023,2022,Census,Texas (State)
Census Tract,48201422701,TX,48201422701,"=""48201422701""",6621.45,2019-2023,2022,Census,Texas (State)
Census Tract,48201422702,TX,48201422702,"=""48201422702""",6343.54,2019-2023,2022,Census,Texas (State)
Census Tract,48201422800,TX,48201422800,"=""48201422800""",5454.28,2019-2023,2022,Census,Texas (State)
Census Tract,48201422900,TX,48201422900,"=""48201422900""",5403.01,2019-2023,2022,Census,Texas (State)
Census Tract,48201423001,TX,48201423001,"=""48201423001""",21123.06,2019-2023,2022,Census,Texas (State)
Census Tract,48201423002,TX,48201423002,"=""48201423002""",5428.44,2019-2023,2022,Census,Texas (State)
Census Tract,48201423100,TX,48201423100,"=""48201423100""",4613.17,2019-2023,2022,Census,Texas (State)
Census Tract,48201423201,TX,48201423201,"=""48201423201""",3638.18,2019-2023,2022,Census,Texas (State)
Census Tract,48201423203,TX,48201423203,"=""48201423203""",6757.71,2019-2023,2022,Census,Texas (State)
Census Tract,48201423204,TX,48201423204,"=""48201423204""",16775.79,2019-2023,2022,Census,Texas (State)
Census Tract,48201423301,TX,48201423301,"=""48201423301""",7668.01,2019-2023,2022,Census,Texas (State)
Census Tract,48201423303,TX,48201423303,"=""48201423303""",6810.46,2019-2023,2022,Census,Texas (State)
Census Tract,48201423304,TX,48201423304,"=""48201423304""",5669.69,2019-2023,2022,Census,Texas (State)
Census Tract,48201423401,TX,48201423401,"=""48201423401""",5820.08,2019-2023,2022,Census,Texas (State)
Census Tract,48201423402,TX,48201423402,"=""48201423402""",7315.4,2019-2023,2022,Census,Texas (State)
Census Tract,48201423500,TX,48201423500,"=""48201423500""",4188.45,2019-2023,2022,Census,Texas (State)
Census Tract,48201423600,TX,48201423600,"=""48201423600""",5386.2,2019-2023,2022,Census,Texas (State)
Census Tract,48201430101,TX,48201430101,"=""48201430101""",5168.11,2019-2023,2022,Census,Texas (State)
Census Tract,48201430102,TX,48201430102,"=""48201430102""",2494.63,2019-2023,2022,Census,Texas (State)
Census Tract,48201430200,TX,48201430200,"=""48201430200""",5261.69,2019-2023,2022,Census,Texas (State)
Census Tract,48201430300,TX,48201430300,"=""48201430300""",2230.29,2019-2023,2022,Census,Texas (State)
Census Tract,48201430400,TX,48201430400,"=""48201430400""",1442.01,2019-2023,2022,Census,Texas (State)
Census Tract,48201430500,TX,48201430500,"=""48201430500""",2131.05,2019-2023,2022,Census,Texas (State)
Census Tract,48201430600,TX,48201430600,"=""48201430600""",2642.85,2019-2023,2022,Census,Texas (State)
Census Tract,48201430700,TX,48201430700,"=""48201430700""",5350.6,2019-2023,2022,Census,Texas (State)
Census Tract,48201430800,TX,48201430800,"=""48201430800""",5243.27,2019-2023,2022,Census,Texas (State)
Census Tract,48201430900,TX,48201430900,"=""48201430900""",5039.51,2019-2023,2022,Census,Texas (State)
Census Tract,48201431001,TX,48201431001,"=""48201431001""",2808.74,2019-2023,2022,Census,Texas (State)
Census Tract,48201431002,TX,48201431002,"=""48201431002""",3920.32,2019-2023,2022,Census,Texas (State)
Census Tract,48201431101,TX,48201431101,"=""48201431101""",14956.15,2019-2023,2022,Census,Texas (State)
Census Tract,48201431102,TX,48201431102,"=""48201431102""",11378.22,2019-2023,2022,Census,Texas (State)
Census Tract,48201431203,TX,48201431203,"=""48201431203""",11542.81,2019-2023,2022,Census,Texas (State)
Census Tract,48201431204,TX,48201431204,"=""48201431204""",9279.71,2019-2023,2022,Census,Texas (State)
Census Tract,48201431205,TX,48201431205,"=""48201431205""",36318.75,2019-2023,2022,Census,Texas (State)
Census Tract,48201431206,TX,48201431206,"=""48201431206""",11166.14,2019-2023,2022,Census,Texas (State)
Census Tract,48201431302,TX,48201431302,"=""48201431302""",9353.57,2019-2023,2022,Census,Texas (State)
Census Tract,48201431303,TX,48201431303,"=""48201431303""",12223.71,2019-2023,2022,Census,Texas (State)
Census Tract,48201431304,TX,48201431304,"=""48201431304""",16540.47,2019-2023,2022,Census,Texas (State)
Census Tract,48201431401,TX,48201431401,"=""48201431401""",17992.43,2019-2023,2022,Census,Texas (State)
Census Tract,48201431403,TX,48201431403,"=""48201431403""",13875.93,2019-2023,2022,Census,Texas (State)
Census Tract,48201431404,TX,48201431404,"=""48201431404""",13578.26,2019-2023,2022,Census,Texas (State)
Census Tract,48201431503,TX,48201431503,"=""48201431503""",21064.36,2019-2023,2022,Census,Texas (State)
Census Tract,48201431504,TX,48201431504,"=""48201431504""",8120.33,2019-2023,2022,Census,Texas (State)
Census Tract,48201431505,TX,48201431505,"=""48201431505""",10763.46,2019-2023,2022,Census,Texas (State)
Census Tract,48201431506,TX,48201431506,"=""48201431506""",10525.37,2019-2023,2022,Census,Texas (State)
Census Tract,48201431600,TX,48201431600,"=""48201431600""",3107.41,2019-2023,2022,Census,Texas (State)
Census Tract,48201431701,TX,48201431701,"=""48201431701""",5764.01,2019-2023,2022,Census,Texas (State)
Census Tract,48201431702,TX,48201431702,"=""48201431702""",3580.83,2019-2023,2022,Census,Texas (State)
Census Tract,48201431801,TX,48201431801,"=""48201431801""",7525.14,2019-2023,2022,Census,Texas (State)
Census Tract,48201431803,TX,48201431803,"=""48201431803""",18900.7,2019-2023,2022,Census,Texas (State)
Census Tract,48201431804,TX,48201431804,"=""48201431804""",5529.46,2019-2023,2022,Census,Texas (State)
Census Tract,48201431901,TX,48201431901,"=""48201431901""",20857.8,2019-2023,2022,Census,Texas (State)
Census Tract,48201431902,TX,48201431902,"=""48201431902""",7928.74,2019-2023,2022,Census,Texas (State)
Census Tract,48201432003,TX,48201432003,"=""48201432003""",12009.3,2019-2023,2022,Census,Texas (State)
Census Tract,48201432004,TX,48201432004,"=""48201432004""",4671.76,2019-2023,2022,Census,Texas (State)
Census Tract,48201432005,TX,48201432005,"=""48201432005""",25780.6,2019-2023,2022,Census,Texas (State)
Census Tract,48201432006,TX,48201432006,"=""48201432006""",16350.09,2019-2023,2022,Census,Texas (State)
Census Tract,48201432101,TX,48201432101,"=""48201432101""",13734.02,2019-2023,2022,Census,Texas (State)
Census Tract,48201432102,TX,48201432102,"=""48201432102""",11486.62,2019-2023,2022,Census,Texas (State)
Census Tract,48201432200,TX,48201432200,"=""48201432200""",5008.01,2019-2023,2022,Census,Texas (State)
Census Tract,48201432301,TX,48201432301,"=""48201432301""",22325.99,2019-2023,2022,Census,Texas (State)
Census Tract,48201432302,TX,48201432302,"=""48201432302""",21213.83,2019-2023,2022,Census,Texas (State)
Census Tract,48201432303,TX,48201432303,"=""48201432303""",6531.4,2019-2023,2022,Census,Texas (State)
Census Tract,48201432401,TX,48201432401,"=""48201432401""",15103.51,2019-2023,2022,Census,Texas (State)
Census Tract,48201432402,TX,48201432402,"=""48201432402""",6792.2,2019-2023,2022,Census,Texas (State)
Census Tract,48201432501,TX,48201432501,"=""48201432501""",9422.54,2019-2023,2022,Census,Texas (State)
Census Tract,48201432502,TX,48201432502,"=""48201432502""",6683.24,2019-2023,2022,Census,Texas (State)
Census Tract,48201432600,TX,48201432600,"=""48201432600""",3195.91,2019-2023,2022,Census,Texas (State)
Census Tract,48201432703,TX,48201432703,"=""48201432703""",10525.33,2019-2023,2022,Census,Texas (State)
Census Tract,48201432704,TX,48201432704,"=""48201432704""",6224.22,2019-2023,2022,Census,Texas (State)
Census Tract,48201432705,TX,48201432705,"=""48201432705""",29533,2019-2023,2022,Census,Texas (State)
Census Tract,48201432706,TX,48201432706,"=""48201432706""",7151.28,2019-2023,2022,Census,Texas (State)
Census Tract,48201432803,TX,48201432803,"=""48201432803""",21319.08,2019-2023,2022,Census,Texas (State)
Census Tract,48201432804,TX,48201432804,"=""48201432804""",2886.73,2019-2023,2022,Census,Texas (State)
Census Tract,48201432805,TX,48201432805,"=""48201432805""",6733.51,2019-2023,2022,Census,Texas (State)
Census Tract,48201432806,TX,48201432806,"=""48201432806""",28113.28,2019-2023,2022,Census,Texas (State)
Census Tract,48201432901,TX,48201432901,"=""48201432901""",6269.49,2019-2023,2022,Census,Texas (State)
Census Tract,48201432903,TX,48201432903,"=""48201432903""",12717.82,2019-2023,2022,Census,Texas (State)
Census Tract,48201432904,TX,48201432904,"=""48201432904""",8839.12,2019-2023,2022,Census,Texas (State)
Census Tract,48201433003,TX,48201433003,"=""48201433003""",14880.79,2019-2023,2022,Census,Texas (State)
Census Tract,48201433004,TX,48201433004,"=""48201433004""",11841.65,2019-2023,2022,Census,Texas (State)
Census Tract,48201433005,TX,48201433005,"=""48201433005""",7186.69,2019-2023,2022,Census,Texas (State)
Census Tract,48201433006,TX,48201433006,"=""48201433006""",22613.16,2019-2023,2022,Census,Texas (State)
Census Tract,48201433007,TX,48201433007,"=""48201433007""",11565.88,2019-2023,2022,Census,Texas (State)
Census Tract,48201433100,TX,48201433100,"=""48201433100""",9736.04,2019-2023,2022,Census,Texas (State)
Census Tract,48201433201,TX,48201433201,"=""48201433201""",9239.59,2019-2023,2022,Census,Texas (State)
Census Tract,48201433202,TX,48201433202,"=""48201433202""",7936.04,2019-2023,2022,Census,Texas (State)
Census Tract,48201433300,TX,48201433300,"=""48201433300""",4893.21,2019-2023,2022,Census,Texas (State)
Census Tract,48201433400,TX,48201433400,"=""48201433400""",6984.31,2019-2023,2022,Census,Texas (State)
Census Tract,48201433503,TX,48201433503,"=""48201433503""",21254.65,2019-2023,2022,Census,Texas (State)
Census Tract,48201433504,TX,48201433504,"=""48201433504""",8703.02,2019-2023,2022,Census,Texas (State)
Census Tract,48201433505,TX,48201433505,"=""48201433505""",27804.91,2019-2023,2022,Census,Texas (State)
Census Tract,48201433506,TX,48201433506,"=""48201433506""",36308.38,2019-2023,2022,Census,Texas (State)
Census Tract,48201433507,TX,48201433507,"=""48201433507""",16334.38,2019-2023,2022,Census,Texas (State)
Census Tract,48201433601,TX,48201433601,"=""48201433601""",10444.37,2019-2023,2022,Census,Texas (State)
Census Tract,48201433602,TX,48201433602,"=""48201433602""",14347.96,2019-2023,2022,Census,Texas (State)
Census Tract,48201440101,TX,48201440101,"=""48201440101""",2566.16,2019-2023,2022,Census,Texas (State)
Census Tract,48201440102,TX,48201440102,"=""48201440102""",3674.24,2019-2023,2022,Census,Texas (State)
Census Tract,48201450100,TX,48201450100,"=""48201450100""",6126.23,2019-2023,2022,Census,Texas (State)
Census Tract,48201450200,TX,48201450200,"=""48201450200""",5699.47,2019-2023,2022,Census,Texas (State)
Census Tract,48201450301,TX,48201450301,"=""48201450301""",6790.7,2019-2023,2022,Census,Texas (State)
Census Tract,48201450302,TX,48201450302,"=""48201450302""",8514.91,2019-2023,2022,Census,Texas (State)
Census Tract,48201450401,TX,48201450401,"=""48201450401""",11333.78,2019-2023,2022,Census,Texas (State)
Census Tract,48201450402,TX,48201450402,"=""48201450402""",3721.72,2019-2023,2022,Census,Texas (State)
Census Tract,48201450500,TX,48201450500,"=""48201450500""",2905.47,2019-2023,2022,Census,Texas (State)
Census Tract,48201450600,TX,48201450600,"=""48201450600""",7349.91,2019-2023,2022,Census,Texas (State)
Census Tract,48201450700,TX,48201450700,"=""48201450700""",3832,2019-2023,2022,Census,Texas (State)
Census Tract,48201450801,TX,48201450801,"=""48201450801""",5487.97,2019-2023,2022,Census,Texas (State)
Census Tract,48201450803,TX,48201450803,"=""48201450803""",11350.81,2019-2023,2022,Census,Texas (State)
Census Tract,48201450804,TX,48201450804,"=""48201450804""",10421.56,2019-2023,2022,Census,Texas (State)
Census Tract,48201450900,TX,48201450900,"=""48201450900""",4718.31,2019-2023,2022,Census,Texas (State)
Census Tract,48201451003,TX,48201451003,"=""48201451003""",45250.5,2019-2023,2022,Census,Texas (State)
Census Tract,48201451004,TX,48201451004,"=""48201451004""",15094.61,2019-2023,2022,Census,Texas (State)
Census Tract,48201451005,TX,48201451005,"=""48201451005""",18822.41,2019-2023,2022,Census,Texas (State)
Census Tract,48201451006,TX,48201451006,"=""48201451006""",6308.66,2019-2023,2022,Census,Texas (State)
Census Tract,48201451100,TX,48201451100,"=""48201451100""",4732.51,2019-2023,2022,Census,Texas (State)
Census Tract,48201451200,TX,48201451200,"=""48201451200""",3890,2019-2023,2022,Census,Texas (State)
Census Tract,48201451301,TX,48201451301,"=""48201451301""",7315.71,2019-2023,2022,Census,Texas (State)
Census Tract,48201451302,TX,48201451302,"=""48201451302""",5442.7,2019-2023,2022,Census,Texas (State)
Census Tract,48201451401,TX,48201451401,"=""48201451401""",8002.73,2019-2023,2022,Census,Texas (State)
Census Tract,48201451404,TX,48201451404,"=""48201451404""",18879.13,2019-2023,2022,Census,Texas (State)
Census Tract,48201451405,TX,48201451405,"=""48201451405""",13313.88,2019-2023,2022,Census,Texas (State)
Census Tract,48201451406,TX,48201451406,"=""48201451406""",5668.69,2019-2023,2022,Census,Texas (State)
Census Tract,48201451407,TX,48201451407,"=""48201451407""",15300.81,2019-2023,2022,Census,Texas (State)
Census Tract,48201451501,TX,48201451501,"=""48201451501""",11709.08,2019-2023,2022,Census,Texas (State)
Census Tract,48201451502,TX,48201451502,"=""48201451502""",5445.89,2019-2023,2022,Census,Texas (State)
Census Tract,48201451603,TX,48201451603,"=""48201451603""",7316.12,2019-2023,2022,Census,Texas (State)
Census Tract,48201451604,TX,48201451604,"=""48201451604""",4609.83,2019-2023,2022,Census,Texas (State)
Census Tract,48201451605,TX,48201451605,"=""48201451605""",10323.66,2019-2023,2022,Census,Texas (State)
Census Tract,48201451606,TX,48201451606,"=""48201451606""",5024.67,2019-2023,2022,Census,Texas (State)
Census Tract,48201451700,TX,48201451700,"=""48201451700""",6883.24,2019-2023,2022,Census,Texas (State)
Census Tract,48201451800,TX,48201451800,"=""48201451800""",3017.13,2019-2023,2022,Census,Texas (State)
Census Tract,48201451902,TX,48201451902,"=""48201451902""",3263.81,2019-2023,2022,Census,Texas (State)
Census Tract,48201451903,TX,48201451903,"=""48201451903""",17270.1,2019-2023,2022,Census,Texas (State)
Census Tract,48201451904,TX,48201451904,"=""48201451904""",6353.66,2019-2023,2022,Census,Texas (State)
Census Tract,48201452001,TX,48201452001,"=""48201452001""",13946.34,2019-2023,2022,Census,Texas (State)
Census Tract,48201452002,TX,48201452002,"=""48201452002""",10434.45,2019-2023,2022,Census,Texas (State)
Census Tract,48201452101,TX,48201452101,"=""48201452101""",4739.62,2019-2023,2022,Census,Texas (State)
Census Tract,48201452102,TX,48201452102,"=""48201452102""",24539.46,2019-2023,2022,Census,Texas (State)
Census Tract,48201452103,TX,48201452103,"=""48201452103""",9591.72,2019-2023,2022,Census,Texas (State)
Census Tract,48201452202,TX,48201452202,"=""48201452202""",5991.87,2019-2023,2022,Census,Texas (State)
Census Tract,48201452203,TX,48201452203,"=""48201452203""",9070.1,2019-2023,2022,Census,Texas (State)
Census Tract,48201452204,TX,48201452204,"=""48201452204""",11527.63,2019-2023,2022,Census,Texas (State)
Census Tract,48201452300,TX,48201452300,"=""48201452300""",3038.95,2019-2023,2022,Census,Texas (State)
Census Tract,48201452401,TX,48201452401,"=""48201452401""",8837.42,2019-2023,2022,Census,Texas (State)
Census Tract,48201452402,TX,48201452402,"=""48201452402""",7592.03,2019-2023,2022,Census,Texas (State)
Census Tract,48201452501,TX,48201452501,"=""48201452501""",3320.87,2019-2023,2022,Census,Texas (State)
Census Tract,48201452502,TX,48201452502,"=""48201452502""",10824.89,2019-2023,2022,Census,Texas (State)
Census Tract,48201452601,TX,48201452601,"=""48201452601""",18614.79,2019-2023,2022,Census,Texas (State)
Census Tract,48201452602,TX,48201452602,"=""48201452602""",4358.43,2019-2023,2022,Census,Texas (State)
Census Tract,48201452701,TX,48201452701,"=""48201452701""",6961.18,2019-2023,2022,Census,Texas (State)
Census Tract,48201452702,TX,48201452702,"=""48201452702""",6411.04,2019-2023,2022,Census,Texas (State)
Census Tract,48201452703,TX,48201452703,"=""48201452703""",7694.92,2019-2023,2022,Census,Texas (State)
Census Tract,48201452801,TX,48201452801,"=""48201452801""",8527.42,2019-2023,2022,Census,Texas (State)
Census Tract,48201452802,TX,48201452802,"=""48201452802""",12898.58,2019-2023,2022,Census,Texas (State)
Census Tract,48201452900,TX,48201452900,"=""48201452900""",9008.35,2019-2023,2022,Census,Texas (State)
Census Tract,48201453001,TX,48201453001,"=""48201453001""",12758.62,2019-2023,2022,Census,Texas (State)
Census Tract,48201453002,TX,48201453002,"=""48201453002""",6811.75,2019-2023,2022,Census,Texas (State)
Census Tract,48201453100,TX,48201453100,"=""48201453100""",4859.42,2019-2023,2022,Census,Texas (State)
Census Tract,48201453201,TX,48201453201,"=""48201453201""",21683.12,2019-2023,2022,Census,Texas (State)
Census Tract,48201453202,TX,48201453202,"=""48201453202""",9561.8,2019-2023,2022,Census,Texas (State)
Census Tract,48201453300,TX,48201453300,"=""48201453300""",5799.52,2019-2023,2022,Census,Texas (State)
Census Tract,48201453401,TX,48201453401,"=""48201453401""",7938.66,2019-2023,2022,Census,Texas (State)
Census Tract,48201453403,TX,48201453403,"=""48201453403""",15572.81,2019-2023,2022,Census,Texas (State)
Census Tract,48201453404,TX,48201453404,"=""48201453404""",9853.66,2019-2023,2022,Census,Texas (State)
Census Tract,48201453405,TX,48201453405,"=""48201453405""",6950.81,2019-2023,2022,Census,Texas (State)
Census Tract,48201453501,TX,48201453501,"=""48201453501""",10848.04,2019-2023,2022,Census,Texas (State)
Census Tract,48201453502,TX,48201453502,"=""48201453502""",6841.12,2019-2023,2022,Census,Texas (State)
Census Tract,48201453601,TX,48201453601,"=""48201453601""",3469.55,2019-2023,2022,Census,Texas (State)
Census Tract,48201453603,TX,48201453603,"=""48201453603""",6549.98,2019-2023,2022,Census,Texas (State)
Census Tract,48201453604,TX,48201453604,"=""48201453604""",8199.41,2019-2023,2022,Census,Texas (State)
Census Tract,48201453701,TX,48201453701,"=""48201453701""",8740.65,2019-2023,2022,Census,Texas (State)
Census Tract,48201453702,TX,48201453702,"=""48201453702""",10838.59,2019-2023,2022,Census,Texas (State)
Census Tract,48201453800,TX,48201453800,"=""48201453800""",5023.57,2019-2023,2022,Census,Texas (State)
Census Tract,48201453901,TX,48201453901,"=""48201453901""",6544.44,2019-2023,2022,Census,Texas (State)
Census Tract,48201453902,TX,48201453902,"=""48201453902""",10414.34,2019-2023,2022,Census,Texas (State)
Census Tract,48201454000,TX,48201454000,"=""48201454000""",5654.51,2019-2023,2022,Census,Texas (State)
Census Tract,48201454100,TX,48201454100,"=""48201454100""",5995.61,2019-2023,2022,Census,Texas (State)
Census Tract,48201454200,TX,48201454200,"=""48201454200""",7771.51,2019-2023,2022,Census,Texas (State)
Census Tract,48201454302,TX,48201454302,"=""48201454302""",5469.2,2019-2023,2022,Census,Texas (State)
Census Tract,48201454303,TX,48201454303,"=""48201454303""",7281.97,2019-2023,2022,Census,Texas (State)
Census Tract,48201454304,TX,48201454304,"=""48201454304""",19281.05,2019-2023,2022,Census,Texas (State)
Census Tract,48201454305,TX,48201454305,"=""48201454305""",5043.18,2019-2023,2022,Census,Texas (State)
Census Tract,48201454400,TX,48201454400,"=""48201454400""",82.85,2019-2023,2022,Census,Texas (State)
Census Tract,48201454502,TX,48201454502,"=""48201454502""",743.63,2019-2023,2022,Census,Texas (State)
Census Tract,48201454503,TX,48201454503,"=""48201454503""",4874.08,2019-2023,2022,Census,Texas (State)
Census Tract,48201454504,TX,48201454504,"=""48201454504""",1948.81,2019-2023,2022,Census,Texas (State)
Census Tract,48201454505,TX,48201454505,"=""48201454505""",2242.66,2019-2023,2022,Census,Texas (State)
Census Tract,48201454600,TX,48201454600,"=""48201454600""",4383.48,2019-2023,2022,Census,Texas (State)
Census Tract,48201454700,TX,48201454700,"=""48201454700""",5603.06,2019-2023,2022,Census,Texas (State)
Census Tract,48201454801,TX,48201454801,"=""48201454801""",8773.21,2019-2023,2022,Census,Texas (State)
Census Tract,48201454802,TX,48201454802,"=""48201454802""",6607.28,2019-2023,2022,Census,Texas (State)
Census Tract,48201454901,TX,48201454901,"=""48201454901""",6024.72,2019-2023,2022,Census,Texas (State)
Census Tract,48201454902,TX,48201454902,"=""48201454902""",6391.02,2019-2023,2022,Census,Texas (State)
Census Tract,48201455000,TX,48201455000,"=""48201455000""",7133.17,2019-2023,2022,Census,Texas (State)
Census Tract,48201455102,TX,48201455102,"=""48201455102""",4657.07,2019-2023,2022,Census,Texas (State)
Census Tract,48201455103,TX,48201455103,"=""48201455103""",6817.57,2019-2023,2022,Census,Texas (State)
Census Tract,48201455104,TX,48201455104,"=""48201455104""",6882.29,2019-2023,2022,Census,Texas (State)
Census Tract,48201455200,TX,48201455200,"=""48201455200""",3683.24,2019-2023,2022,Census,Texas (State)
Census Tract,48201455300,TX,48201455300,"=""48201455300""",6893.07,2019-2023,2022,Census,Texas (State)
Census Tract,48201510100,TX,48201510100,"=""48201510100""",5114.17,2019-2023,2022,Census,Texas (State)
Census Tract,48201510201,TX,48201510201,"=""48201510201""",6559.79,2019-2023,2022,Census,Texas (State)
Census Tract,48201510202,TX,48201510202,"=""48201510202""",5826.24,2019-2023,2022,Census,Texas (State)
Census Tract,48201510301,TX,48201510301,"=""48201510301""",5997.53,2019-2023,2022,Census,Texas (State)
Census Tract,48201510302,TX,48201510302,"=""48201510302""",9231.31,2019-2023,2022,Census,Texas (State)
Census Tract,48201510400,TX,48201510400,"=""48201510400""",6270.93,2019-2023,2022,Census,Texas (State)
Census Tract,48201510500,TX,48201510500,"=""48201510500""",7456,2019-2023,2022,Census,Texas (State)
Census Tract,48201510601,TX,48201510601,"=""48201510601""",9646.15,2019-2023,2022,Census,Texas (State)
Census Tract,48201510602,TX,48201510602,"=""48201510602""",9550.01,2019-2023,2022,Census,Texas (State)
Census Tract,48201510701,TX,48201510701,"=""48201510701""",11059.78,2019-2023,2022,Census,Texas (State)
Census Tract,48201510702,TX,48201510702,"=""48201510702""",10803.25,2019-2023,2022,Census,Texas (State)
Census Tract,48201510801,TX,48201510801,"=""48201510801""",13030.67,2019-2023,2022,Census,Texas (State)
Census Tract,48201510802,TX,48201510802,"=""48201510802""",983.53,2019-2023,2022,Census,Texas (State)
Census Tract,48201510803,TX,48201510803,"=""48201510803""",7652.54,2019-2023,2022,Census,Texas (State)
Census Tract,48201510901,TX,48201510901,"=""48201510901""",11724.81,2019-2023,2022,Census,Texas (State)
Census Tract,48201510902,TX,48201510902,"=""48201510902""",3315.47,2019-2023,2022,Census,Texas (State)
Census Tract,48201511001,TX,48201511001,"=""48201511001""",3436.43,2019-2023,2022,Census,Texas (State)
Census Tract,48201511003,TX,48201511003,"=""48201511003""",5068.35,2019-2023,2022,Census,Texas (State)
Census Tract,48201511004,TX,48201511004,"=""48201511004""",4726.67,2019-2023,2022,Census,Texas (State)
Census Tract,48201511100,TX,48201511100,"=""48201511100""",6020.55,2019-2023,2022,Census,Texas (State)
Census Tract,48201511201,TX,48201511201,"=""48201511201""",7038.19,2019-2023,2022,Census,Texas (State)
Census Tract,48201511202,TX,48201511202,"=""48201511202""",9228.23,2019-2023,2022,Census,Texas (State)
Census Tract,48201511301,TX,48201511301,"=""48201511301""",6932.74,2019-2023,2022,Census,Texas (State)
Census Tract,48201511302,TX,48201511302,"=""48201511302""",7444.4,2019-2023,2022,Census,Texas (State)
Census Tract,48201511400,TX,48201511400,"=""48201511400""",6230.17,2019-2023,2022,Census,Texas (State)
Census Tract,48201511501,TX,48201511501,"=""48201511501""",7028.43,2019-2023,2022,Census,Texas (State)
Census Tract,48201511502,TX,48201511502,"=""48201511502""",7585.67,2019-2023,2022,Census,Texas (State)
Census Tract,48201511600,TX,48201511600,"=""48201511600""",4639.36,2019-2023,2022,Census,Texas (State)
Census Tract,48201520100,TX,48201520100,"=""48201520100""",2673.91,2019-2023,2022,Census,Texas (State)
Census Tract,48201520200,TX,48201520200,"=""48201520200""",4169.08,2019-2023,2022,Census,Texas (State)
Census Tract,48201520301,TX,48201520301,"=""48201520301""",9378.87,2019-2023,2022,Census,Texas (State)
Census Tract,48201520302,TX,48201520302,"=""48201520302""",8066.22,2019-2023,2022,Census,Texas (State)
Census Tract,48201520400,TX,48201520400,"=""48201520400""",4625.11,2019-2023,2022,Census,Texas (State)
Census Tract,48201520501,TX,48201520501,"=""48201520501""",2264.34,2019-2023,2022,Census,Texas (State)
Census Tract,48201520502,TX,48201520502,"=""48201520502""",4352.48,2019-2023,2022,Census,Texas (State)
Census Tract,48201520601,TX,48201520601,"=""48201520601""",3472.04,2019-2023,2022,Census,Texas (State)
Census Tract,48201520603,TX,48201520603,"=""48201520603""",15686.82,2019-2023,2022,Census,Texas (State)
Census Tract,48201520604,TX,48201520604,"=""48201520604""",8384.44,2019-2023,2022,Census,Texas (State)
Census Tract,48201520700,TX,48201520700,"=""48201520700""",6149.06,2019-2023,2022,Census,Texas (State)
Census Tract,48201521000,TX,48201521000,"=""48201521000""",4880.88,2019-2023,2022,Census,Texas (State)
Census Tract,48201521100,TX,48201521100,"=""48201521100""",10743.6,2019-2023,2022,Census,Texas (State)
Census Tract,48201521201,TX,48201521201,"=""48201521201""",9917.3,2019-2023,2022,Census,Texas (State)
Census Tract,48201521202,TX,48201521202,"=""48201521202""",6129.27,2019-2023,2022,Census,Texas (State)
Census Tract,48201521300,TX,48201521300,"=""48201521300""",6273.8,2019-2023,2022,Census,Texas (State)
Census Tract,48201521401,TX,48201521401,"=""48201521401""",16137.61,2019-2023,2022,Census,Texas (State)
Census Tract,48201521402,TX,48201521402,"=""48201521402""",9499.05,2019-2023,2022,Census,Texas (State)
Census Tract,48201521501,TX,48201521501,"=""48201521501""",14675.78,2019-2023,2022,Census,Texas (State)
Census Tract,48201521502,TX,48201521502,"=""48201521502""",4831.74,2019-2023,2022,Census,Texas (State)
Census Tract,48201521600,TX,48201521600,"=""48201521600""",1240.12,2019-2023,2022,Census,Texas (State)
Census Tract,48201521701,TX,48201521701,"=""48201521701""",2963.51,2019-2023,2022,Census,Texas (State)
Census Tract,48201521702,TX,48201521702,"=""48201521702""",5383.56,2019-2023,2022,Census,Texas (State)
Census Tract,48201521800,TX,48201521800,"=""48201521800""",1738.65,2019-2023,2022,Census,Texas (State)
Census Tract,48201521900,TX,48201521900,"=""48201521900""",4343.36,2019-2023,2022,Census,Texas (State)
Census Tract,48201522001,TX,48201522001,"=""48201522001""",4123.55,2019-2023,2022,Census,Texas (State)
Census Tract,48201522002,TX,48201522002,"=""48201522002""",9430.97,2019-2023,2022,Census,Texas (State)
Census Tract,48201522101,TX,48201522101,"=""48201522101""",9941.71,2019-2023,2022,Census,Texas (State)
Census Tract,48201522102,TX,48201522102,"=""48201522102""",10191.21,2019-2023,2022,Census,Texas (State)
Census Tract,48201522201,TX,48201522201,"=""48201522201""",8455.64,2019-2023,2022,Census,Texas (State)
Census Tract,48201522202,TX,48201522202,"=""48201522202""",6565.48,2019-2023,2022,Census,Texas (State)
Census Tract,48201522301,TX,48201522301,"=""48201522301""",7131.56,2019-2023,2022,Census,Texas (State)
Census Tract,48201522302,TX,48201522302,"=""48201522302""",6870.53,2019-2023,2022,Census,Texas (State)
Census Tract,48201522401,TX,48201522401,"=""48201522401""",5060,2019-2023,2022,Census,Texas (State)
Census Tract,48201522402,TX,48201522402,"=""48201522402""",3371.18,2019-2023,2022,Census,Texas (State)
Census Tract,48201522500,TX,48201522500,"=""48201522500""",3572.6,2019-2023,2022,Census,Texas (State)
Census Tract,48201530101,TX,48201530101,"=""48201530101""",9348.63,2019-2023,2022,Census,Texas (State)
Census Tract,48201530102,TX,48201530102,"=""48201530102""",4314.45,2019-2023,2022,Census,Texas (State)
Census Tract,48201530200,TX,48201530200,"=""48201530200""",2800.17,2019-2023,2022,Census,Texas (State)
Census Tract,48201530300,TX,48201530300,"=""48201530300""",3155.14,2019-2023,2022,Census,Texas (State)
Census Tract,48201530400,TX,48201530400,"=""48201530400""",5437.61,2019-2023,2022,Census,Texas (State)
Census Tract,48201530501,TX,48201530501,"=""48201530501""",4202.1,2019-2023,2022,Census,Texas (State)
Census Tract,48201530502,TX,48201530502,"=""48201530502""",4340.99,2019-2023,2022,Census,Texas (State)
Census Tract,48201530600,TX,48201530600,"=""48201530600""",2632.28,2019-2023,2022,Census,Texas (State)
Census Tract,48201530701,TX,48201530701,"=""48201530701""",4035.08,2019-2023,2022,Census,Texas (State)
Census Tract,48201530702,TX,48201530702,"=""48201530702""",6336.3,2019-2023,2022,Census,Texas (State)
Census Tract,48201530800,TX,48201530800,"=""48201530800""",2295.5,2019-2023,2022,Census,Texas (State)
Census Tract,48201530900,TX,48201530900,"=""48201530900""",5781.78,2019-2023,2022,Census,Texas (State)
Census Tract,48201531000,TX,48201531000,"=""48201531000""",5286.92,2019-2023,2022,Census,Texas (State)
Census Tract,48201531100,TX,48201531100,"=""48201531100""",5313.02,2019-2023,2022,Census,Texas (State)
Census Tract,48201531200,TX,48201531200,"=""48201531200""",4867.74,2019-2023,2022,Census,Texas (State)
Census Tract,48201531300,TX,48201531300,"=""48201531300""",8149.56,2019-2023,2022,Census,Texas (State)
Census Tract,48201531400,TX,48201531400,"=""48201531400""",5152.36,2019-2023,2022,Census,Texas (State)
Census Tract,48201531500,TX,48201531500,"=""48201531500""",3451.09,2019-2023,2022,Census,Texas (State)
Census Tract,48201531600,TX,48201531600,"=""48201531600""",2967.89,2019-2023,2022,Census,Texas (State)
Census Tract,48201531700,TX,48201531700,"=""48201531700""",5517.37,2019-2023,2022,Census,Texas (State)
Census Tract,48201531800,TX,48201531800,"=""48201531800""",2316.58,2019-2023,2022,Census,Texas (State)
Census Tract,48201531900,TX,48201531900,"=""48201531900""",3649,2019-2023,2022,Census,Texas (State)
Census Tract,48201532003,TX,48201532003,"=""48201532003""",10015.91,2019-2023,2022,Census,Texas (State)
Census Tract,48201532004,TX,48201532004,"=""48201532004""",8339.3,2019-2023,2022,Census,Texas (State)
Census Tract,48201532101,TX,48201532101,"=""48201532101""",9144.07,2019-2023,2022,Census,Texas (State)
Census Tract,48201532102,TX,48201532102,"=""48201532102""",11076.08,2019-2023,2022,Census,Texas (State)
Census Tract,48201532200,TX,48201532200,"=""48201532200""",5290.95,2019-2023,2022,Census,Texas (State)
Census Tract,48201532301,TX,48201532301,"=""48201532301""",5232.69,2019-2023,2022,Census,Texas (State)
Census Tract,48201532302,TX,48201532302,"=""48201532302""",2771.74,2019-2023,2022,Census,Texas (State)
Census Tract,48201532400,TX,48201532400,"=""48201532400""",3507.86,2019-2023,2022,Census,Texas (State)
Census Tract,48201532502,TX,48201532502,"=""48201532502""",5559.35,2019-2023,2022,Census,Texas (State)
Census Tract,48201532503,TX,48201532503,"=""48201532503""",7010.08,2019-2023,2022,Census,Texas (State)
Census Tract,48201532504,TX,48201532504,"=""48201532504""",4540.1,2019-2023,2022,Census,Texas (State)
Census Tract,48201532600,TX,48201532600,"=""48201532600""",6760.3,2019-2023,2022,Census,Texas (State)
Census Tract,48201532700,TX,48201532700,"=""48201532700""",5610.5,2019-2023,2022,Census,Texas (State)
Census Tract,48201532800,TX,48201532800,"=""48201532800""",3795.61,2019-2023,2022,Census,Texas (State)
Census Tract,48201532900,TX,48201532900,"=""48201532900""",7363.43,2019-2023,2022,Census,Texas (State)
Census Tract,48201533000,TX,48201533000,"=""48201533000""",3614.59,2019-2023,2022,Census,Texas (State)
Census Tract,48201533100,TX,48201533100,"=""48201533100""",4754.71,2019-2023,2022,Census,Texas (State)
Census Tract,48201533200,TX,48201533200,"=""48201533200""",4218.39,2019-2023,2022,Census,Texas (State)
Census Tract,48201533301,TX,48201533301,"=""48201533301""",3820.31,2019-2023,2022,Census,Texas (State)
Census Tract,48201533302,TX,48201533302,"=""48201533302""",6247.23,2019-2023,2022,Census,Texas (State)
Census Tract,48201533401,TX,48201533401,"=""48201533401""",5660.33,2019-2023,2022,Census,Texas (State)
Census Tract,48201533402,TX,48201533402,"=""48201533402""",3510.82,2019-2023,2022,Census,Texas (State)
Census Tract,48201533500,TX,48201533500,"=""48201533500""",3796.39,2019-2023,2022,Census,Texas (State)
Census Tract,48201533600,TX,48201533600,"=""48201533600""",3793.11,2019-2023,2022,Census,Texas (State)
Census Tract,48201533701,TX,48201533701,"=""48201533701""",1972.83,2019-2023,2022,Census,Texas (State)
Census Tract,48201533702,TX,48201533702,"=""48201533702""",8957.61,2019-2023,2022,Census,Texas (State)
Census Tract,48201533802,TX,48201533802,"=""48201533802""",3266.62,2019-2023,2022,Census,Texas (State)
Census Tract,48201533803,TX,48201533803,"=""48201533803""",5074.64,2019-2023,2022,Census,Texas (State)
Census Tract,48201533804,TX,48201533804,"=""48201533804""",3282.43,2019-2023,2022,Census,Texas (State)
Census Tract,48201533902,TX,48201533902,"=""48201533902""",7261.08,2019-2023,2022,Census,Texas (State)
Census Tract,48201533903,TX,48201533903,"=""48201533903""",6400.57,2019-2023,2022,Census,Texas (State)
Census Tract,48201533904,TX,48201533904,"=""48201533904""",9102.1,2019-2023,2022,Census,Texas (State)
Census Tract,48201534001,TX,48201534001,"=""48201534001""",2166.02,2019-2023,2022,Census,Texas (State)
Census Tract,48201534002,TX,48201534002,"=""48201534002""",3912.77,2019-2023,2022,Census,Texas (State)
Census Tract,48201534003,TX,48201534003,"=""48201534003""",4147.86,2019-2023,2022,Census,Texas (State)
Census Tract,48201534101,TX,48201534101,"=""48201534101""",968.42,2019-2023,2022,Census,Texas (State)
Census Tract,48201534102,TX,48201534102,"=""48201534102""",2640.33,2019-2023,2022,Census,Texas (State)
Census Tract,48201534201,TX,48201534201,"=""48201534201""",2704.18,2019-2023,2022,Census,Texas (State)
Census Tract,48201534203,TX,48201534203,"=""48201534203""",1370.54,2019-2023,2022,Census,Texas (State)
Census Tract,48201534204,TX,48201534204,"=""48201534204""",5134.39,2019-2023,2022,Census,Texas (State)
Census Tract,48201534205,TX,48201534205,"=""48201534205""",4192.05,2019-2023,2022,Census,Texas (State)
Census Tract,48201540101,TX,48201540101,"=""48201540101""",1445.3,2019-2023,2022,Census,Texas (State)
Census Tract,48201540102,TX,48201540102,"=""48201540102""",1571.2,2019-2023,2022,Census,Texas (State)
Census Tract,48201540200,TX,48201540200,"=""48201540200""",2368.17,2019-2023,2022,Census,Texas (State)
Census Tract,48201540502,TX,48201540502,"=""48201540502""",3083.99,2019-2023,2022,Census,Texas (State)
Census Tract,48201540503,TX,48201540503,"=""48201540503""",18732.26,2019-2023,2022,Census,Texas (State)
Census Tract,48201540504,TX,48201540504,"=""48201540504""",7484.2,2019-2023,2022,Census,Texas (State)
Census Tract,48201540601,TX,48201540601,"=""48201540601""",6943.13,2019-2023,2022,Census,Texas (State)
Census Tract,48201540602,TX,48201540602,"=""48201540602""",7727.1,2019-2023,2022,Census,Texas (State)
Census Tract,48201540700,TX,48201540700,"=""48201540700""",1930.92,2019-2023,2022,Census,Texas (State)
Census Tract,48201540800,TX,48201540800,"=""48201540800""",1820.47,2019-2023,2022,Census,Texas (State)
Census Tract,48201540901,TX,48201540901,"=""48201540901""",5159.69,2019-2023,2022,Census,Texas (State)
Census Tract,48201540903,TX,48201540903,"=""48201540903""",7030.5,2019-2023,2022,Census,Texas (State)
Census Tract,48201540904,TX,48201540904,"=""48201540904""",3957.4,2019-2023,2022,Census,Texas (State)
Census Tract,48201541004,TX,48201541004,"=""48201541004""",4044.36,2019-2023,2022,Census,Texas (State)
Census Tract,48201541005,TX,48201541005,"=""48201541005""",6550.24,2019-2023,2022,Census,Texas (State)
Census Tract,48201541006,TX,48201541006,"=""48201541006""",7866.24,2019-2023,2022,Census,Texas (State)
Census Tract,48201541007,TX,48201541007,"=""48201541007""",4077.83,2019-2023,2022,Census,Texas (State)
Census Tract,48201541008,TX,48201541008,"=""48201541008""",1263.64,2019-2023,2022,Census,Texas (State)
Census Tract,48201541009,TX,48201541009,"=""48201541009""",5327.68,2019-2023,2022,Census,Texas (State)
Census Tract,48201541100,TX,48201541100,"=""48201541100""",6262.17,2019-2023,2022,Census,Texas (State)
Census Tract,48201541203,TX,48201541203,"=""48201541203""",4103.23,2019-2023,2022,Census,Texas (State)
Census Tract,48201541204,TX,48201541204,"=""48201541204""",7985.87,2019-2023,2022,Census,Texas (State)
Census Tract,48201541205,TX,48201541205,"=""48201541205""",6171.49,2019-2023,2022,Census,Texas (State)
Census Tract,48201541206,TX,48201541206,"=""48201541206""",5810.1,2019-2023,2022,Census,Texas (State)
Census Tract,48201541207,TX,48201541207,"=""48201541207""",4822.74,2019-2023,2022,Census,Texas (State)
Census Tract,48201541301,TX,48201541301,"=""48201541301""",4660.59,2019-2023,2022,Census,Texas (State)
Census Tract,48201541302,TX,48201541302,"=""48201541302""",9030.52,2019-2023,2022,Census,Texas (State)
Census Tract,48201541401,TX,48201541401,"=""48201541401""",8191.45,2019-2023,2022,Census,Texas (State)
Census Tract,48201541402,TX,48201541402,"=""48201541402""",6644.19,2019-2023,2022,Census,Texas (State)
Census Tract,48201541403,TX,48201541403,"=""48201541403""",10082.1,2019-2023,2022,Census,Texas (State)
Census Tract,48201541404,TX,48201541404,"=""48201541404""",6477.19,2019-2023,2022,Census,Texas (State)
Census Tract,48201541500,TX,48201541500,"=""48201541500""",4327.5,2019-2023,2022,Census,Texas (State)
Census Tract,48201541603,TX,48201541603,"=""48201541603""",8011.8,2019-2023,2022,Census,Texas (State)
Census Tract,48201541604,TX,48201541604,"=""48201541604""",3532.48,2019-2023,2022,Census,Texas (State)
Census Tract,48201541701,TX,48201541701,"=""48201541701""",2180.14,2019-2023,2022,Census,Texas (State)
Census Tract,48201541702,TX,48201541702,"=""48201541702""",2389.08,2019-2023,2022,Census,Texas (State)
Census Tract,48201541703,TX,48201541703,"=""48201541703""",822.99,2019-2023,2022,Census,Texas (State)
Census Tract,48201541801,TX,48201541801,"=""48201541801""",6656.52,2019-2023,2022,Census,Texas (State)
Census Tract,48201541802,TX,48201541802,"=""48201541802""",3010.21,2019-2023,2022,Census,Texas (State)
Census Tract,48201541901,TX,48201541901,"=""48201541901""",2987.61,2019-2023,2022,Census,Texas (State)
Census Tract,48201541902,TX,48201541902,"=""48201541902""",4161,2019-2023,2022,Census,Texas (State)
Census Tract,48201542001,TX,48201542001,"=""48201542001""",7063.68,2019-2023,2022,Census,Texas (State)
Census Tract,48201542002,TX,48201542002,"=""48201542002""",4588.39,2019-2023,2022,Census,Texas (State)
Census Tract,48201542003,TX,48201542003,"=""48201542003""",7896.54,2019-2023,2022,Census,Texas (State)
Census Tract,48201542004,TX,48201542004,"=""48201542004""",6199.59,2019-2023,2022,Census,Texas (State)
Census Tract,48201542103,TX,48201542103,"=""48201542103""",6320.71,2019-2023,2022,Census,Texas (State)
Census Tract,48201542104,TX,48201542104,"=""48201542104""",10010.22,2019-2023,2022,Census,Texas (State)
Census Tract,48201542105,TX,48201542105,"=""48201542105""",7446.6,2019-2023,2022,Census,Texas (State)
Census Tract,48201542106,TX,48201542106,"=""48201542106""",7240.32,2019-2023,2022,Census,Texas (State)
Census Tract,48201542107,TX,48201542107,"=""48201542107""",6708.34,2019-2023,2022,Census,Texas (State)
Census Tract,48201542108,TX,48201542108,"=""48201542108""",6896.87,2019-2023,2022,Census,Texas (State)
Census Tract,48201542201,TX,48201542201,"=""48201542201""",9548.49,2019-2023,2022,Census,Texas (State)
Census Tract,48201542202,TX,48201542202,"=""48201542202""",1479.48,2019-2023,2022,Census,Texas (State)
Census Tract,48201542203,TX,48201542203,"=""48201542203""",3627.07,2019-2023,2022,Census,Texas (State)
Census Tract,48201542302,TX,48201542302,"=""48201542302""",4541.92,2019-2023,2022,Census,Texas (State)
Census Tract,48201542303,TX,48201542303,"=""48201542303""",7218.2,2019-2023,2022,Census,Texas (State)
Census Tract,48201542304,TX,48201542304,"=""48201542304""",7351.54,2019-2023,2022,Census,Texas (State)
Census Tract,48201542305,TX,48201542305,"=""48201542305""",4735.91,2019-2023,2022,Census,Texas (State)
Census Tract,48201542401,TX,48201542401,"=""48201542401""",10480.16,2019-2023,2022,Census,Texas (State)
Census Tract,48201542402,TX,48201542402,"=""48201542402""",2910.81,2019-2023,2022,Census,Texas (State)
Census Tract,48201542500,TX,48201542500,"=""48201542500""",2462.99,2019-2023,2022,Census,Texas (State)
Census Tract,48201542600,TX,48201542600,"=""48201542600""",4790.56,2019-2023,2022,Census,Texas (State)
Census Tract,48201542700,TX,48201542700,"=""48201542700""",2412.54,2019-2023,2022,Census,Texas (State)
Census Tract,48201542800,TX,48201542800,"=""48201542800""",2571.02,2019-2023,2022,Census,Texas (State)
Census Tract,48201542901,TX,48201542901,"=""48201542901""",4447.16,2019-2023,2022,Census,Texas (State)
Census Tract,48201542902,TX,48201542902,"=""48201542902""",1832.93,2019-2023,2022,Census,Texas (State)
Census Tract,48201543004,TX,48201543004,"=""48201543004""",1144.53,2019-2023,2022,Census,Texas (State)
Census Tract,48201543005,TX,48201543005,"=""48201543005""",334.73,2019-2023,2022,Census,Texas (State)
Census Tract,48201543006,TX,48201543006,"=""48201543006""",3738.13,2019-2023,2022,Census,Texas (State)
Census Tract,48201543007,TX,48201543007,"=""48201543007""",2606.63,2019-2023,2022,Census,Texas (State)
Census Tract,48201543008,TX,48201543008,"=""48201543008""",6093.82,2019-2023,2022,Census,Texas (State)
Census Tract,48201543009,TX,48201543009,"=""48201543009""",12858.38,2019-2023,2022,Census,Texas (State)
Census Tract,48201543010,TX,48201543010,"=""48201543010""",10590.03,2019-2023,2022,Census,Texas (State)
Census Tract,48201543011,TX,48201543011,"=""48201543011""",9716.71,2019-2023,2022,Census,Texas (State)
Census Tract,48201543100,TX,48201543100,"=""48201543100""",81.58,2019-2023,2022,Census,Texas (State)
Census Tract,48201543201,TX,48201543201,"=""48201543201""",3236.26,2019-2023,2022,Census,Texas (State)
Census Tract,48201543202,TX,48201543202,"=""48201543202""",266.65,2019-2023,2022,Census,Texas (State)
Census Tract,48201550101,TX,48201550101,"=""48201550101""",9539.3,2019-2023,2022,Census,Texas (State)
Census Tract,48201550102,TX,48201550102,"=""48201550102""",2765.07,2019-2023,2022,Census,Texas (State)
Census Tract,48201550201,TX,48201550201,"=""48201550201""",5220.72,2019-2023,2022,Census,Texas (State)
Census Tract,48201550202,TX,48201550202,"=""48201550202""",2712.52,2019-2023,2022,Census,Texas (State)
Census Tract,48201550303,TX,48201550303,"=""48201550303""",7118.15,2019-2023,2022,Census,Texas (State)
Census Tract,48201550304,TX,48201550304,"=""48201550304""",3396.54,2019-2023,2022,Census,Texas (State)
Census Tract,48201550305,TX,48201550305,"=""48201550305""",4425.99,2019-2023,2022,Census,Texas (State)
Census Tract,48201550306,TX,48201550306,"=""48201550306""",5535.4,2019-2023,2022,Census,Texas (State)
Census Tract,48201550307,TX,48201550307,"=""48201550307""",2516.47,2019-2023,2022,Census,Texas (State)
Census Tract,48201550308,TX,48201550308,"=""48201550308""",5321.76,2019-2023,2022,Census,Texas (State)
Census Tract,48201550403,TX,48201550403,"=""48201550403""",4663.5,2019-2023,2022,Census,Texas (State)
Census Tract,48201550404,TX,48201550404,"=""48201550404""",5543.4,2019-2023,2022,Census,Texas (State)
Census Tract,48201550405,TX,48201550405,"=""48201550405""",5477.8,2019-2023,2022,Census,Texas (State)
Census Tract,48201550406,TX,48201550406,"=""48201550406""",3081.73,2019-2023,2022,Census,Texas (State)
Census Tract,48201550407,TX,48201550407,"=""48201550407""",4765.79,2019-2023,2022,Census,Texas (State)
Census Tract,48201550500,TX,48201550500,"=""48201550500""",4110.57,2019-2023,2022,Census,Texas (State)
Census Tract,48201550601,TX,48201550601,"=""48201550601""",9546.02,2019-2023,2022,Census,Texas (State)
Census Tract,48201550602,TX,48201550602,"=""48201550602""",5850.49,2019-2023,2022,Census,Texas (State)
Census Tract,48201550603,TX,48201550603,"=""48201550603""",8091.98,2019-2023,2022,Census,Texas (State)
Census Tract,48201550700,TX,48201550700,"=""48201550700""",2201.41,2019-2023,2022,Census,Texas (State)
Census Tract,48201550800,TX,48201550800,"=""48201550800""",4542.74,2019-2023,2022,Census,Texas (State)
Census Tract,48201550901,TX,48201550901,"=""48201550901""",8507.46,2019-2023,2022,Census,Texas (State)
Census Tract,48201550902,TX,48201550902,"=""48201550902""",6565.62,2019-2023,2022,Census,Texas (State)
Census Tract,48201551000,TX,48201551000,"=""48201551000""",8497.3,2019-2023,2022,Census,Texas (State)
Census Tract,48201551101,TX,48201551101,"=""48201551101""",5918.72,2019-2023,2022,Census,Texas (State)
Census Tract,48201551102,TX,48201551102,"=""48201551102""",6041.92,2019-2023,2022,Census,Texas (State)
Census Tract,48201551201,TX,48201551201,"=""48201551201""",6584.65,2019-2023,2022,Census,Texas (State)
Census Tract,48201551202,TX,48201551202,"=""48201551202""",6359.35,2019-2023,2022,Census,Texas (State)
Census Tract,48201551300,TX,48201551300,"=""48201551300""",4792.76,2019-2023,2022,Census,Texas (State)
Census Tract,48201551400,TX,48201551400,"=""48201551400""",1930.72,2019-2023,2022,Census,Texas (State)
Census Tract,48201551501,TX,48201551501,"=""48201551501""",2330.01,2019-2023,2022,Census,Texas (State)
Census Tract,48201551502,TX,48201551502,"=""48201551502""",1992.34,2019-2023,2022,Census,Texas (State)
Census Tract,48201551601,TX,48201551601,"=""48201551601""",6142.8,2019-2023,2022,Census,Texas (State)
Census Tract,48201551602,TX,48201551602,"=""48201551602""",7666.47,2019-2023,2022,Census,Texas (State)
Census Tract,48201551702,TX,48201551702,"=""48201551702""",5439.92,2019-2023,2022,Census,Texas (State)
Census Tract,48201551703,TX,48201551703,"=""48201551703""",7091.24,2019-2023,2022,Census,Texas (State)
Census Tract,48201551704,TX,48201551704,"=""48201551704""",4530.87,2019-2023,2022,Census,Texas (State)
Census Tract,48201551705,TX,48201551705,"=""48201551705""",5045.52,2019-2023,2022,Census,Texas (State)
Census Tract,48201551800,TX,48201551800,"=""48201551800""",1599.87,2019-2023,2022,Census,Texas (State)
Census Tract,48201551901,TX,48201551901,"=""48201551901""",15643.66,2019-2023,2022,Census,Texas (State)
Census Tract,48201551902,TX,48201551902,"=""48201551902""",9288.22,2019-2023,2022,Census,Texas (State)
Census Tract,48201552002,TX,48201552002,"=""48201552002""",2259.55,2019-2023,2022,Census,Texas (State)
Census Tract,48201552003,TX,48201552003,"=""48201552003""",4523.57,2019-2023,2022,Census,Texas (State)
Census Tract,48201552004,TX,48201552004,"=""48201552004""",4845.26,2019-2023,2022,Census,Texas (State)
Census Tract,48201552101,TX,48201552101,"=""48201552101""",4439.38,2019-2023,2022,Census,Texas (State)
Census Tract,48201552102,TX,48201552102,"=""48201552102""",4687.11,2019-2023,2022,Census,Texas (State)
Census Tract,48201552103,TX,48201552103,"=""48201552103""",6534.55,2019-2023,2022,Census,Texas (State)
Census Tract,48201552200,TX,48201552200,"=""48201552200""",2084.44,2019-2023,2022,Census,Texas (State)
Census Tract,48201552301,TX,48201552301,"=""48201552301""",2881.86,2019-2023,2022,Census,Texas (State)
Census Tract,48201552303,TX,48201552303,"=""48201552303""",6136.49,2019-2023,2022,Census,Texas (State)
Census Tract,48201552304,TX,48201552304,"=""48201552304""",2154.71,2019-2023,2022,Census,Texas (State)
Census Tract,48201552401,TX,48201552401,"=""48201552401""",5029.88,2019-2023,2022,Census,Texas (State)
Census Tract,48201552402,TX,48201552402,"=""48201552402""",2189.8,2019-2023,2022,Census,Texas (State)
Census Tract,48201552501,TX,48201552501,"=""48201552501""",4971.41,2019-2023,2022,Census,Texas (State)
Census Tract,48201552502,TX,48201552502,"=""48201552502""",5639.48,2019-2023,2022,Census,Texas (State)
Census Tract,48201552602,TX,48201552602,"=""48201552602""",3680.5,2019-2023,2022,Census,Texas (State)
Census Tract,48201552603,TX,48201552603,"=""48201552603""",10164.79,2019-2023,2022,Census,Texas (State)
Census Tract,48201552604,TX,48201552604,"=""48201552604""",5955.75,2019-2023,2022,Census,Texas (State)
Census Tract,48201552701,TX,48201552701,"=""48201552701""",4590.53,2019-2023,2022,Census,Texas (State)
Census Tract,48201552702,TX,48201552702,"=""48201552702""",4666.23,2019-2023,2022,Census,Texas (State)
Census Tract,48201552801,TX,48201552801,"=""48201552801""",3595.33,2019-2023,2022,Census,Texas (State)
Census Tract,48201552802,TX,48201552802,"=""48201552802""",4179.25,2019-2023,2022,Census,Texas (State)
Census Tract,48201552901,TX,48201552901,"=""48201552901""",6933.99,2019-2023,2022,Census,Texas (State)
Census Tract,48201552902,TX,48201552902,"=""48201552902""",4701.81,2019-2023,2022,Census,Texas (State)
Census Tract,48201553001,TX,48201553001,"=""48201553001""",3477.02,2019-2023,2022,Census,Texas (State)
Census Tract,48201553002,TX,48201553002,"=""48201553002""",2824.47,2019-2023,2022,Census,Texas (State)
Census Tract,48201553101,TX,48201553101,"=""48201553101""",4921.34,2019-2023,2022,Census,Texas (State)
Census Tract,48201553102,TX,48201553102,"=""48201553102""",7565.72,2019-2023,2022,Census,Texas (State)
Census Tract,48201553201,TX,48201553201,"=""48201553201""",3071.96,2019-2023,2022,Census,Texas (State)
Census Tract,48201553202,TX,48201553202,"=""48201553202""",6488.61,2019-2023,2022,Census,Texas (State)
Census Tract,48201553300,TX,48201553300,"=""48201553300""",7966.13,2019-2023,2022,Census,Texas (State)
Census Tract,48201553401,TX,48201553401,"=""48201553401""",3019.78,2019-2023,2022,Census,Texas (State)
Census Tract,48201553403,TX,48201553403,"=""48201553403""",3362.38,2019-2023,2022,Census,Texas (State)
Census Tract,48201553404,TX,48201553404,"=""48201553404""",4411.74,2019-2023,2022,Census,Texas (State)
Census Tract,48201553405,TX,48201553405,"=""48201553405""",5222.83,2019-2023,2022,Census,Texas (State)
Census Tract,48201553500,TX,48201553500,"=""48201553500""",5145.02,2019-2023,2022,Census,Texas (State)
Census Tract,48201553601,TX,48201553601,"=""48201553601""",4577.73,2019-2023,2022,Census,Texas (State)
Census Tract,48201553602,TX,48201553602,"=""48201553602""",3059.96,2019-2023,2022,Census,Texas (State)
Census Tract,48201553700,TX,48201553700,"=""48201553700""",3785.89,2019-2023,2022,Census,Texas (State)
Census Tract,48201553801,TX,48201553801,"=""48201553801""",1799.15,2019-2023,2022,Census,Texas (State)
Census Tract,48201553803,TX,48201553803,"=""48201553803""",4306.29,2019-2023,2022,Census,Texas (State)
Census Tract,48201553804,TX,48201553804,"=""48201553804""",5746.46,2019-2023,2022,Census,Texas (State)
Census Tract,48201553901,TX,48201553901,"=""48201553901""",4131.62,2019-2023,2022,Census,Texas (State)
Census Tract,48201554001,TX,48201554001,"=""48201554001""",2796.26,2019-2023,2022,Census,Texas (State)
Census Tract,48201554002,TX,48201554002,"=""48201554002""",2494.59,2019-2023,2022,Census,Texas (State)
Census Tract,48201554103,TX,48201554103,"=""48201554103""",5028.66,2019-2023,2022,Census,Texas (State)
Census Tract,48201554104,TX,48201554104,"=""48201554104""",5669.13,2019-2023,2022,Census,Texas (State)
Census Tract,48201554201,TX,48201554201,"=""48201554201""",5881.92,2019-2023,2022,Census,Texas (State)
Census Tract,48201554202,TX,48201554202,"=""48201554202""",2026.82,2019-2023,2022,Census,Texas (State)
Census Tract,48201554301,TX,48201554301,"=""48201554301""",3750.02,2019-2023,2022,Census,Texas (State)
Census Tract,48201554302,TX,48201554302,"=""48201554302""",2016.64,2019-2023,2022,Census,Texas (State)
Census Tract,48201554404,TX,48201554404,"=""48201554404""",2064.43,2019-2023,2022,Census,Texas (State)
Census Tract,48201554405,TX,48201554405,"=""48201554405""",5699.88,2019-2023,2022,Census,Texas (State)
Census Tract,48201554406,TX,48201554406,"=""48201554406""",1971.84,2019-2023,2022,Census,Texas (State)
Census Tract,48201554407,TX,48201554407,"=""48201554407""",2709.85,2019-2023,2022,Census,Texas (State)
Census Tract,48201554408,TX,48201554408,"=""48201554408""",3322.07,2019-2023,2022,Census,Texas (State)
Census Tract,48201554409,TX,48201554409,"=""48201554409""",3597.98,2019-2023,2022,Census,Texas (State)
Census Tract,48201554410,TX,48201554410,"=""48201554410""",2898.25,2019-2023,2022,Census,Texas (State)
Census Tract,48201554501,TX,48201554501,"=""48201554501""",1317.12,2019-2023,2022,Census,Texas (State)
Census Tract,48201554502,TX,48201554502,"=""48201554502""",3321.46,2019-2023,2022,Census,Texas (State)
Census Tract,48201554600,TX,48201554600,"=""48201554600""",3357.84,2019-2023,2022,Census,Texas (State)
Census Tract,48201554701,TX,48201554701,"=""48201554701""",5728.26,2019-2023,2022,Census,Texas (State)
Census Tract,48201554702,TX,48201554702,"=""48201554702""",3813.6,2019-2023,2022,Census,Texas (State)
Census Tract,48201554803,TX,48201554803,"=""48201554803""",1239.31,2019-2023,2022,Census,Texas (State)
Census Tract,48201554804,TX,48201554804,"=""48201554804""",1409.86,2019-2023,2022,Census,Texas (State)
Census Tract,48201554805,TX,48201554805,"=""48201554805""",5834.36,2019-2023,2022,Census,Texas (State)
Census Tract,48201554806,TX,48201554806,"=""48201554806""",1270.5,2019-2023,2022,Census,Texas (State)
Census Tract,48201554807,TX,48201554807,"=""48201554807""",3190.65,2019-2023,2022,Census,Texas (State)
Census Tract,48201554808,TX,48201554808,"=""48201554808""",4026.19,2019-2023,2022,Census,Texas (State)
Census Tract,48201554809,TX,48201554809,"=""48201554809""",3920.18,2019-2023,2022,Census,Texas (State)
Census Tract,48201554902,TX,48201554902,"=""48201554902""",2305.62,2019-2023,2022,Census,Texas (State)
Census Tract,48201554904,TX,48201554904,"=""48201554904""",5217.2,2019-2023,2022,Census,Texas (State)
Census Tract,48201554905,TX,48201554905,"=""48201554905""",1982.66,2019-2023,2022,Census,Texas (State)
Census Tract,48201554906,TX,48201554906,"=""48201554906""",5673.93,2019-2023,2022,Census,Texas (State)
Census Tract,48201554907,TX,48201554907,"=""48201554907""",3637.68,2019-2023,2022,Census,Texas (State)
Census Tract,48201554908,TX,48201554908,"=""48201554908""",3558.47,2019-2023,2022,Census,Texas (State)
Census Tract,48201555001,TX,48201555001,"=""48201555001""",3406.72,2019-2023,2022,Census,Texas (State)
Census Tract,48201555002,TX,48201555002,"=""48201555002""",3756.26,2019-2023,2022,Census,Texas (State)
Census Tract,48201555101,TX,48201555101,"=""48201555101""",3624.17,2019-2023,2022,Census,Texas (State)
Census Tract,48201555102,TX,48201555102,"=""48201555102""",3742.52,2019-2023,2022,Census,Texas (State)
Census Tract,48201555200,TX,48201555200,"=""48201555200""",1761.45,2019-2023,2022,Census,Texas (State)
Census Tract,48201555301,TX,48201555301,"=""48201555301""",1876.02,2019-2023,2022,Census,Texas (State)
Census Tract,48201555303,TX,48201555303,"=""48201555303""",1816.11,2019-2023,2022,Census,Texas (State)
Census Tract,48201555304,TX,48201555304,"=""48201555304""",3672.82,2019-2023,2022,Census,Texas (State)
Census Tract,48201555305,TX,48201555305,"=""48201555305""",2510.38,2019-2023,2022,Census,Texas (State)
Census Tract,48201555401,TX,48201555401,"=""48201555401""",563.32,2019-2023,2022,Census,Texas (State)
Census Tract,48201555403,TX,48201555403,"=""48201555403""",1922.73,2019-2023,2022,Census,Texas (State)
Census Tract,48201555404,TX,48201555404,"=""48201555404""",1526.57,2019-2023,2022,Census,Texas (State)
Census Tract,48201555501,TX,48201555501,"=""48201555501""",402.15,2019-2023,2022,Census,Texas (State)
Census Tract,48201555503,TX,48201555503,"=""48201555503""",1489.77,2019-2023,2022,Census,Texas (State)
Census Tract,48201555504,TX,48201555504,"=""48201555504""",6544.16,2019-2023,2022,Census,Texas (State)
Census Tract,48201555505,TX,48201555505,"=""48201555505""",3828.39,2019-2023,2022,Census,Texas (State)
Census Tract,48201555600,TX,48201555600,"=""48201555600""",370.55,2019-2023,2022,Census,Texas (State)
Census Tract,48201555701,TX,48201555701,"=""48201555701""",2867.66,2019-2023,2022,Census,Texas (State)
Census Tract,48201555703,TX,48201555703,"=""48201555703""",4246.5,2019-2023,2022,Census,Texas (State)
Census Tract,48201555704,TX,48201555704,"=""48201555704""",2756.25,2019-2023,2022,Census,Texas (State)
Census Tract,48201556000,TX,48201556000,"=""48201556000""",249.12,2019-2023,2022,Census,Texas (State)
Census Tract,48201556100,TX,48201556100,"=""48201556100""",4392.49,2019-2023,2022,Census,Texas (State)
Census Tract,48201980000,TX,48201980000,"=""48201980000""",6.56,2019-2023,2022,Census,Texas (State)
Census Tract,48201980100,TX,48201980100,"=""48201980100""",0,2019-2023,2022,Census,Texas (State)
Census Tract,48201980200,TX,48201980200,"=""48201980200""",36504.65,2019-2023,2022,Census,Texas (State)
Census Tract,48201980300,TX,48201980300,"=""48201980300""",6140.39,2019-2023,2022,Census,Texas (State)
Census Tract,48201980400,TX,48201980400,"=""48201980400""",7280.18,2019-2023,2022,Census,Texas (State)
Census Tract,48201980700,TX,48201980700,"=""48201980700""",3292.14,2019-2023,2022,Census,Texas (State)
Census Tract,48203020103,TX,48203020103,"=""48203020103""",33.83,2019-2023,2022,Census,Texas (State)
Census Tract,48203020104,TX,48203020104,"=""48203020104""",25.34,2019-2023,2022,Census,Texas (State)
Census Tract,48203020105,TX,48203020105,"=""48203020105""",22.34,2019-2023,2022,Census,Texas (State)
Census Tract,48203020106,TX,48203020106,"=""48203020106""",94.82,2019-2023,2022,Census,Texas (State)
Census Tract,48203020201,TX,48203020201,"=""48203020201""",33.13,2019-2023,2022,Census,Texas (State)
Census Tract,48203020202,TX,48203020202,"=""48203020202""",33.11,2019-2023,2022,Census,Texas (State)
Census Tract,48203020301,TX,48203020301,"=""48203020301""",809.68,2019-2023,2022,Census,Texas (State)
Census Tract,48203020302,TX,48203020302,"=""48203020302""",193.05,2019-2023,2022,Census,Texas (State)
Census Tract,48203020401,TX,48203020401,"=""48203020401""",266.71,2019-2023,2022,Census,Texas (State)
Census Tract,48203020402,TX,48203020402,"=""48203020402""",499.13,2019-2023,2022,Census,Texas (State)
Census Tract,48203020501,TX,48203020501,"=""48203020501""",1101.31,2019-2023,2022,Census,Texas (State)
Census Tract,48203020502,TX,48203020502,"=""48203020502""",213.61,2019-2023,2022,Census,Texas (State)
Census Tract,48203020603,TX,48203020603,"=""48203020603""",217.88,2019-2023,2022,Census,Texas (State)
Census Tract,48203020604,TX,48203020604,"=""48203020604""",38.37,2019-2023,2022,Census,Texas (State)
Census Tract,48203020605,TX,48203020605,"=""48203020605""",102.19,2019-2023,2022,Census,Texas (State)
Census Tract,48203020606,TX,48203020606,"=""48203020606""",303.74,2019-2023,2022,Census,Texas (State)
Census Tract,48205950200,TX,48205950200,"=""48205950200""",3.63,2019-2023,2022,Census,Texas (State)
Census Tract,48207950300,TX,48207950300,"=""48207950300""",8.93,2019-2023,2022,Census,Texas (State)
Census Tract,48207950400,TX,48207950400,"=""48207950400""",3.86,2019-2023,2022,Census,Texas (State)
Census Tract,48209010100,TX,48209010100,"=""48209010100""",5058.01,2019-2023,2022,Census,Texas (State)
Census Tract,48209010200,TX,48209010200,"=""48209010200""",9664.42,2019-2023,2022,Census,Texas (State)
Census Tract,48209010302,TX,48209010302,"=""48209010302""",1773.63,2019-2023,2022,Census,Texas (State)
Census Tract,48209010305,TX,48209010305,"=""48209010305""",2684.72,2019-2023,2022,Census,Texas (State)
Census Tract,48209010306,TX,48209010306,"=""48209010306""",739.49,2019-2023,2022,Census,Texas (State)
Census Tract,48209010307,TX,48209010307,"=""48209010307""",4823.82,2019-2023,2022,Census,Texas (State)
Census Tract,48209010308,TX,48209010308,"=""48209010308""",8816.81,2019-2023,2022,Census,Texas (State)
Census Tract,48209010309,TX,48209010309,"=""48209010309""",1819,2019-2023,2022,Census,Texas (State)
Census Tract,48209010401,TX,48209010401,"=""48209010401""",1919.11,2019-2023,2022,Census,Texas (State)
Census Tract,48209010402,TX,48209010402,"=""48209010402""",393.18,2019-2023,2022,Census,Texas (State)
Census Tract,48209010500,TX,48209010500,"=""48209010500""",1102.84,2019-2023,2022,Census,Texas (State)
Census Tract,48209010601,TX,48209010601,"=""48209010601""",3628.39,2019-2023,2022,Census,Texas (State)
Census Tract,48209010602,TX,48209010602,"=""48209010602""",343.67,2019-2023,2022,Census,Texas (State)
Census Tract,48209010603,TX,48209010603,"=""48209010603""",165.16,2019-2023,2022,Census,Texas (State)
Census Tract,48209010702,TX,48209010702,"=""48209010702""",115.69,2019-2023,2022,Census,Texas (State)
Census Tract,48209010703,TX,48209010703,"=""48209010703""",2820.18,2019-2023,2022,Census,Texas (State)
Census Tract,48209010704,TX,48209010704,"=""48209010704""",110.18,2019-2023,2022,Census,Texas (State)
Census Tract,48209010806,TX,48209010806,"=""48209010806""",206.17,2019-2023,2022,Census,Texas (State)
Census Tract,48209010807,TX,48209010807,"=""48209010807""",57.85,2019-2023,2022,Census,Texas (State)
Census Tract,48209010809,TX,48209010809,"=""48209010809""",383.45,2019-2023,2022,Census,Texas (State)
Census Tract,48209010810,TX,48209010810,"=""48209010810""",100.99,2019-2023,2022,Census,Texas (State)
Census Tract,48209010811,TX,48209010811,"=""48209010811""",56.7,2019-2023,2022,Census,Texas (State)
Census Tract,48209010812,TX,48209010812,"=""48209010812""",90.74,2019-2023,2022,Census,Texas (State)
Census Tract,48209010813,TX,48209010813,"=""48209010813""",530.39,2019-2023,2022,Census,Texas (State)
Census Tract,48209010814,TX,48209010814,"=""48209010814""",953.31,2019-2023,2022,Census,Texas (State)
Census Tract,48209010815,TX,48209010815,"=""48209010815""",462.8,2019-2023,2022,Census,Texas (State)
Census Tract,48209010816,TX,48209010816,"=""48209010816""",1623.67,2019-2023,2022,Census,Texas (State)
Census Tract,48209010817,TX,48209010817,"=""48209010817""",106.75,2019-2023,2022,Census,Texas (State)
Census Tract,48209010818,TX,48209010818,"=""48209010818""",59.58,2019-2023,2022,Census,Texas (State)
Census Tract,48209010905,TX,48209010905,"=""48209010905""",350.63,2019-2023,2022,Census,Texas (State)
Census Tract,48209010909,TX,48209010909,"=""48209010909""",5544.37,2019-2023,2022,Census,Texas (State)
Census Tract,48209010911,TX,48209010911,"=""48209010911""",1057.65,2019-2023,2022,Census,Texas (State)
Census Tract,48209010912,TX,48209010912,"=""48209010912""",307.57,2019-2023,2022,Census,Texas (State)
Census Tract,48209010913,TX,48209010913,"=""48209010913""",620.21,2019-2023,2022,Census,Texas (State)
Census Tract,48209010914,TX,48209010914,"=""48209010914""",82.93,2019-2023,2022,Census,Texas (State)
Census Tract,48209010915,TX,48209010915,"=""48209010915""",1982.17,2019-2023,2022,Census,Texas (State)
Census Tract,48209010916,TX,48209010916,"=""48209010916""",699.84,2019-2023,2022,Census,Texas (State)
Census Tract,48209010917,TX,48209010917,"=""48209010917""",718.73,2019-2023,2022,Census,Texas (State)
Census Tract,48209010918,TX,48209010918,"=""48209010918""",2580.16,2019-2023,2022,Census,Texas (State)
Census Tract,48209010919,TX,48209010919,"=""48209010919""",2225.32,2019-2023,2022,Census,Texas (State)
Census Tract,48209010920,TX,48209010920,"=""48209010920""",346.54,2019-2023,2022,Census,Texas (State)
Census Tract,48209010921,TX,48209010921,"=""48209010921""",512.69,2019-2023,2022,Census,Texas (State)
Census Tract,48209010922,TX,48209010922,"=""48209010922""",2330.61,2019-2023,2022,Census,Texas (State)
Census Tract,48209010923,TX,48209010923,"=""48209010923""",1066.05,2019-2023,2022,Census,Texas (State)
Census Tract,48209010924,TX,48209010924,"=""48209010924""",5262.68,2019-2023,2022,Census,Texas (State)
Census Tract,48209010925,TX,48209010925,"=""48209010925""",2257.62,2019-2023,2022,Census,Texas (State)
Census Tract,48211950300,TX,48211950300,"=""48211950300""",3.65,2019-2023,2022,Census,Texas (State)
Census Tract,48213950101,TX,48213950101,"=""48213950101""",236.15,2019-2023,2022,Census,Texas (State)
Census Tract,48213950102,TX,48213950102,"=""48213950102""",208.81,2019-2023,2022,Census,Texas (State)
Census Tract,48213950201,TX,48213950201,"=""48213950201""",157.54,2019-2023,2022,Census,Texas (State)
Census Tract,48213950202,TX,48213950202,"=""48213950202""",42.65,2019-2023,2022,Census,Texas (State)
Census Tract,48213950301,TX,48213950301,"=""48213950301""",49.73,2019-2023,2022,Census,Texas (State)
Census Tract,48213950302,TX,48213950302,"=""48213950302""",52.51,2019-2023,2022,Census,Texas (State)
Census Tract,48213950303,TX,48213950303,"=""48213950303""",85.81,2019-2023,2022,Census,Texas (State)
Census Tract,48213950400,TX,48213950400,"=""48213950400""",44.44,2019-2023,2022,Census,Texas (State)
Census Tract,48213950500,TX,48213950500,"=""48213950500""",60.49,2019-2023,2022,Census,Texas (State)
Census Tract,48213950601,TX,48213950601,"=""48213950601""",1063.15,2019-2023,2022,Census,Texas (State)
Census Tract,48213950603,TX,48213950603,"=""48213950603""",1617.03,2019-2023,2022,Census,Texas (State)
Census Tract,48213950604,TX,48213950604,"=""48213950604""",462.88,2019-2023,2022,Census,Texas (State)
Census Tract,48213950700,TX,48213950700,"=""48213950700""",77.66,2019-2023,2022,Census,Texas (State)
Census Tract,48213950801,TX,48213950801,"=""48213950801""",350.71,2019-2023,2022,Census,Texas (State)
Census Tract,48213950802,TX,48213950802,"=""48213950802""",81.81,2019-2023,2022,Census,Texas (State)
Census Tract,48213950902,TX,48213950902,"=""48213950902""",31.11,2019-2023,2022,Census,Texas (State)
Census Tract,48213950903,TX,48213950903,"=""48213950903""",234.81,2019-2023,2022,Census,Texas (State)
Census Tract,48213950904,TX,48213950904,"=""48213950904""",742.69,2019-2023,2022,Census,Texas (State)
Census Tract,48213950905,TX,48213950905,"=""48213950905""",422.8,2019-2023,2022,Census,Texas (State)
Census Tract,48213951000,TX,48213951000,"=""48213951000""",216.05,2019-2023,2022,Census,Texas (State)
Census Tract,48213951101,TX,48213951101,"=""48213951101""",29.37,2019-2023,2022,Census,Texas (State)
Census Tract,48213951102,TX,48213951102,"=""48213951102""",119.38,2019-2023,2022,Census,Texas (State)
Census Tract,48213951201,TX,48213951201,"=""48213951201""",720.1,2019-2023,2022,Census,Texas (State)
Census Tract,48213951202,TX,48213951202,"=""48213951202""",756.42,2019-2023,2022,Census,Texas (State)
Census Tract,48213951300,TX,48213951300,"=""48213951300""",648.16,2019-2023,2022,Census,Texas (State)
Census Tract,48213951401,TX,48213951401,"=""48213951401""",64.71,2019-2023,2022,Census,Texas (State)
Census Tract,48213951402,TX,48213951402,"=""48213951402""",22.36,2019-2023,2022,Census,Texas (State)
Census Tract,48213951403,TX,48213951403,"=""48213951403""",233.83,2019-2023,2022,Census,Texas (State)
Census Tract,48215020103,TX,48215020103,"=""48215020103""",5975.3,2019-2023,2022,Census,Texas (State)
Census Tract,48215020104,TX,48215020104,"=""48215020104""",2746.31,2019-2023,2022,Census,Texas (State)
Census Tract,48215020105,TX,48215020105,"=""48215020105""",4038.54,2019-2023,2022,Census,Texas (State)
Census Tract,48215020106,TX,48215020106,"=""48215020106""",2330.13,2019-2023,2022,Census,Texas (State)
Census Tract,48215020107,TX,48215020107,"=""48215020107""",4547.51,2019-2023,2022,Census,Texas (State)
Census Tract,48215020108,TX,48215020108,"=""48215020108""",316.66,2019-2023,2022,Census,Texas (State)
Census Tract,48215020205,TX,48215020205,"=""48215020205""",4396.64,2019-2023,2022,Census,Texas (State)
Census Tract,48215020206,TX,48215020206,"=""48215020206""",2529.22,2019-2023,2022,Census,Texas (State)
Census Tract,48215020207,TX,48215020207,"=""48215020207""",1502.96,2019-2023,2022,Census,Texas (State)
Census Tract,48215020208,TX,48215020208,"=""48215020208""",3291.26,2019-2023,2022,Census,Texas (State)
Census Tract,48215020209,TX,48215020209,"=""48215020209""",2440.36,2019-2023,2022,Census,Texas (State)
Census Tract,48215020210,TX,48215020210,"=""48215020210""",3905.08,2019-2023,2022,Census,Texas (State)
Census Tract,48215020211,TX,48215020211,"=""48215020211""",6261.89,2019-2023,2022,Census,Texas (State)
Census Tract,48215020303,TX,48215020303,"=""48215020303""",3136.75,2019-2023,2022,Census,Texas (State)
Census Tract,48215020304,TX,48215020304,"=""48215020304""",4339.08,2019-2023,2022,Census,Texas (State)
Census Tract,48215020305,TX,48215020305,"=""48215020305""",3206.36,2019-2023,2022,Census,Texas (State)
Census Tract,48215020306,TX,48215020306,"=""48215020306""",3791.38,2019-2023,2022,Census,Texas (State)
Census Tract,48215020307,TX,48215020307,"=""48215020307""",3018.59,2019-2023,2022,Census,Texas (State)
Census Tract,48215020403,TX,48215020403,"=""48215020403""",4251.88,2019-2023,2022,Census,Texas (State)
Census Tract,48215020405,TX,48215020405,"=""48215020405""",1545.78,2019-2023,2022,Census,Texas (State)
Census Tract,48215020406,TX,48215020406,"=""48215020406""",1562.25,2019-2023,2022,Census,Texas (State)
Census Tract,48215020407,TX,48215020407,"=""48215020407""",2530.37,2019-2023,2022,Census,Texas (State)
Census Tract,48215020408,TX,48215020408,"=""48215020408""",4581.14,2019-2023,2022,Census,Texas (State)
Census Tract,48215020409,TX,48215020409,"=""48215020409""",2630.04,2019-2023,2022,Census,Texas (State)
Census Tract,48215020505,TX,48215020505,"=""48215020505""",3142.37,2019-2023,2022,Census,Texas (State)
Census Tract,48215020506,TX,48215020506,"=""48215020506""",1457.5,2019-2023,2022,Census,Texas (State)
Census Tract,48215020507,TX,48215020507,"=""48215020507""",1278.12,2019-2023,2022,Census,Texas (State)
Census Tract,48215020508,TX,48215020508,"=""48215020508""",5896.48,2019-2023,2022,Census,Texas (State)
Census Tract,48215020509,TX,48215020509,"=""48215020509""",2322.07,2019-2023,2022,Census,Texas (State)
Census Tract,48215020510,TX,48215020510,"=""48215020510""",849.23,2019-2023,2022,Census,Texas (State)
Census Tract,48215020511,TX,48215020511,"=""48215020511""",1947.84,2019-2023,2022,Census,Texas (State)
Census Tract,48215020512,TX,48215020512,"=""48215020512""",5125.35,2019-2023,2022,Census,Texas (State)
Census Tract,48215020513,TX,48215020513,"=""48215020513""",1565.98,2019-2023,2022,Census,Texas (State)
Census Tract,48215020600,TX,48215020600,"=""48215020600""",5535.4,2019-2023,2022,Census,Texas (State)
Census Tract,48215020724,TX,48215020724,"=""48215020724""",3178.37,2019-2023,2022,Census,Texas (State)
Census Tract,48215020725,TX,48215020725,"=""48215020725""",5815.23,2019-2023,2022,Census,Texas (State)
Census Tract,48215020727,TX,48215020727,"=""48215020727""",4976.76,2019-2023,2022,Census,Texas (State)
Census Tract,48215020728,TX,48215020728,"=""48215020728""",4612.99,2019-2023,2022,Census,Texas (State)
Census Tract,48215020729,TX,48215020729,"=""48215020729""",4720.19,2019-2023,2022,Census,Texas (State)
Census Tract,48215020730,TX,48215020730,"=""48215020730""",7311.66,2019-2023,2022,Census,Texas (State)
Census Tract,48215020731,TX,48215020731,"=""48215020731""",11744.28,2019-2023,2022,Census,Texas (State)
Census Tract,48215020732,TX,48215020732,"=""48215020732""",2783.85,2019-2023,2022,Census,Texas (State)
Census Tract,48215020733,TX,48215020733,"=""48215020733""",4902.78,2019-2023,2022,Census,Texas (State)
Census Tract,48215020734,TX,48215020734,"=""48215020734""",7035.79,2019-2023,2022,Census,Texas (State)
Census Tract,48215020735,TX,48215020735,"=""48215020735""",3695.76,2019-2023,2022,Census,Texas (State)
Census Tract,48215020736,TX,48215020736,"=""48215020736""",3207.27,2019-2023,2022,Census,Texas (State)
Census Tract,48215020804,TX,48215020804,"=""48215020804""",4227.95,2019-2023,2022,Census,Texas (State)
Census Tract,48215020805,TX,48215020805,"=""48215020805""",4461.22,2019-2023,2022,Census,Texas (State)
Census Tract,48215020806,TX,48215020806,"=""48215020806""",6061.95,2019-2023,2022,Census,Texas (State)
Census Tract,48215020807,TX,48215020807,"=""48215020807""",5035.38,2019-2023,2022,Census,Texas (State)
Census Tract,48215020808,TX,48215020808,"=""48215020808""",5188.38,2019-2023,2022,Census,Texas (State)
Census Tract,48215020905,TX,48215020905,"=""48215020905""",3793.68,2019-2023,2022,Census,Texas (State)
Census Tract,48215020906,TX,48215020906,"=""48215020906""",4400.29,2019-2023,2022,Census,Texas (State)
Census Tract,48215020907,TX,48215020907,"=""48215020907""",3374.16,2019-2023,2022,Census,Texas (State)
Census Tract,48215020908,TX,48215020908,"=""48215020908""",6319.38,2019-2023,2022,Census,Texas (State)
Census Tract,48215020909,TX,48215020909,"=""48215020909""",4531.91,2019-2023,2022,Census,Texas (State)
Census Tract,48215020910,TX,48215020910,"=""48215020910""",3487.23,2019-2023,2022,Census,Texas (State)
Census Tract,48215021001,TX,48215021001,"=""48215021001""",1874.37,2019-2023,2022,Census,Texas (State)
Census Tract,48215021002,TX,48215021002,"=""48215021002""",3124.01,2019-2023,2022,Census,Texas (State)
Census Tract,48215021003,TX,48215021003,"=""48215021003""",4402.89,2019-2023,2022,Census,Texas (State)
Census Tract,48215021100,TX,48215021100,"=""48215021100""",3872.39,2019-2023,2022,Census,Texas (State)
Census Tract,48215021201,TX,48215021201,"=""48215021201""",2571.81,2019-2023,2022,Census,Texas (State)
Census Tract,48215021203,TX,48215021203,"=""48215021203""",1110.42,2019-2023,2022,Census,Texas (State)
Census Tract,48215021204,TX,48215021204,"=""48215021204""",2070.26,2019-2023,2022,Census,Texas (State)
Census Tract,48215021306,TX,48215021306,"=""48215021306""",273.59,2019-2023,2022,Census,Texas (State)
Census Tract,48215021307,TX,48215021307,"=""48215021307""",4597.63,2019-2023,2022,Census,Texas (State)
Census Tract,48215021308,TX,48215021308,"=""48215021308""",1722.11,2019-2023,2022,Census,Texas (State)
Census Tract,48215021309,TX,48215021309,"=""48215021309""",527.72,2019-2023,2022,Census,Texas (State)
Census Tract,48215021310,TX,48215021310,"=""48215021310""",4005.17,2019-2023,2022,Census,Texas (State)
Census Tract,48215021311,TX,48215021311,"=""48215021311""",401.21,2019-2023,2022,Census,Texas (State)
Census Tract,48215021312,TX,48215021312,"=""48215021312""",7400.99,2019-2023,2022,Census,Texas (State)
Census Tract,48215021313,TX,48215021313,"=""48215021313""",538.03,2019-2023,2022,Census,Texas (State)
Census Tract,48215021314,TX,48215021314,"=""48215021314""",5409.5,2019-2023,2022,Census,Texas (State)
Census Tract,48215021315,TX,48215021315,"=""48215021315""",9849.56,2019-2023,2022,Census,Texas (State)
Census Tract,48215021401,TX,48215021401,"=""48215021401""",3494.46,2019-2023,2022,Census,Texas (State)
Census Tract,48215021405,TX,48215021405,"=""48215021405""",5626.25,2019-2023,2022,Census,Texas (State)
Census Tract,48215021406,TX,48215021406,"=""48215021406""",5892.94,2019-2023,2022,Census,Texas (State)
Census Tract,48215021407,TX,48215021407,"=""48215021407""",2937.28,2019-2023,2022,Census,Texas (State)
Census Tract,48215021408,TX,48215021408,"=""48215021408""",1534.01,2019-2023,2022,Census,Texas (State)
Census Tract,48215021409,TX,48215021409,"=""48215021409""",2204.45,2019-2023,2022,Census,Texas (State)
Census Tract,48215021500,TX,48215021500,"=""48215021500""",5411.6,2019-2023,2022,Census,Texas (State)
Census Tract,48215021600,TX,48215021600,"=""48215021600""",6268.85,2019-2023,2022,Census,Texas (State)
Census Tract,48215021703,TX,48215021703,"=""48215021703""",4317.89,2019-2023,2022,Census,Texas (State)
Census Tract,48215021704,TX,48215021704,"=""48215021704""",2566.75,2019-2023,2022,Census,Texas (State)
Census Tract,48215021705,TX,48215021705,"=""48215021705""",4332.8,2019-2023,2022,Census,Texas (State)
Census Tract,48215021706,TX,48215021706,"=""48215021706""",3844.28,2019-2023,2022,Census,Texas (State)
Census Tract,48215021707,TX,48215021707,"=""48215021707""",2374.83,2019-2023,2022,Census,Texas (State)
Census Tract,48215021803,TX,48215021803,"=""48215021803""",3462.56,2019-2023,2022,Census,Texas (State)
Census Tract,48215021804,TX,48215021804,"=""48215021804""",3434.61,2019-2023,2022,Census,Texas (State)
Census Tract,48215021807,TX,48215021807,"=""48215021807""",5195.68,2019-2023,2022,Census,Texas (State)
Census Tract,48215021808,TX,48215021808,"=""48215021808""",4275.18,2019-2023,2022,Census,Texas (State)
Census Tract,48215021809,TX,48215021809,"=""48215021809""",2365.53,2019-2023,2022,Census,Texas (State)
Census Tract,48215021810,TX,48215021810,"=""48215021810""",3271.93,2019-2023,2022,Census,Texas (State)
Census Tract,48215021903,TX,48215021903,"=""48215021903""",2977.63,2019-2023,2022,Census,Texas (State)
Census Tract,48215021904,TX,48215021904,"=""48215021904""",1654.34,2019-2023,2022,Census,Texas (State)
Census Tract,48215021905,TX,48215021905,"=""48215021905""",1491.83,2019-2023,2022,Census,Texas (State)
Census Tract,48215021906,TX,48215021906,"=""48215021906""",1188.57,2019-2023,2022,Census,Texas (State)
Census Tract,48215022005,TX,48215022005,"=""48215022005""",4122.23,2019-2023,2022,Census,Texas (State)
Census Tract,48215022006,TX,48215022006,"=""48215022006""",4171.72,2019-2023,2022,Census,Texas (State)
Census Tract,48215022007,TX,48215022007,"=""48215022007""",653.24,2019-2023,2022,Census,Texas (State)
Census Tract,48215022008,TX,48215022008,"=""48215022008""",2543.77,2019-2023,2022,Census,Texas (State)
Census Tract,48215022009,TX,48215022009,"=""48215022009""",2097.13,2019-2023,2022,Census,Texas (State)
Census Tract,48215022010,TX,48215022010,"=""48215022010""",2549.12,2019-2023,2022,Census,Texas (State)
Census Tract,48215022011,TX,48215022011,"=""48215022011""",1139.42,2019-2023,2022,Census,Texas (State)
Census Tract,48215022105,TX,48215022105,"=""48215022105""",2878.7,2019-2023,2022,Census,Texas (State)
Census Tract,48215022107,TX,48215022107,"=""48215022107""",3674.1,2019-2023,2022,Census,Texas (State)
Census Tract,48215022108,TX,48215022108,"=""48215022108""",1972.84,2019-2023,2022,Census,Texas (State)
Census Tract,48215022109,TX,48215022109,"=""48215022109""",883.65,2019-2023,2022,Census,Texas (State)
Census Tract,48215022110,TX,48215022110,"=""48215022110""",1267.83,2019-2023,2022,Census,Texas (State)
Census Tract,48215022111,TX,48215022111,"=""48215022111""",2811.67,2019-2023,2022,Census,Texas (State)
Census Tract,48215022112,TX,48215022112,"=""48215022112""",327.43,2019-2023,2022,Census,Texas (State)
Census Tract,48215022113,TX,48215022113,"=""48215022113""",1483.08,2019-2023,2022,Census,Texas (State)
Census Tract,48215022203,TX,48215022203,"=""48215022203""",4168.15,2019-2023,2022,Census,Texas (State)
Census Tract,48215022204,TX,48215022204,"=""48215022204""",728.78,2019-2023,2022,Census,Texas (State)
Census Tract,48215022205,TX,48215022205,"=""48215022205""",1091.59,2019-2023,2022,Census,Texas (State)
Census Tract,48215022206,TX,48215022206,"=""48215022206""",827.91,2019-2023,2022,Census,Texas (State)
Census Tract,48215022301,TX,48215022301,"=""48215022301""",3119.05,2019-2023,2022,Census,Texas (State)
Census Tract,48215022302,TX,48215022302,"=""48215022302""",2329.24,2019-2023,2022,Census,Texas (State)
Census Tract,48215022401,TX,48215022401,"=""48215022401""",1987.08,2019-2023,2022,Census,Texas (State)
Census Tract,48215022402,TX,48215022402,"=""48215022402""",1546.21,2019-2023,2022,Census,Texas (State)
Census Tract,48215022502,TX,48215022502,"=""48215022502""",1852.15,2019-2023,2022,Census,Texas (State)
Census Tract,48215022503,TX,48215022503,"=""48215022503""",2045.18,2019-2023,2022,Census,Texas (State)
Census Tract,48215022504,TX,48215022504,"=""48215022504""",813.94,2019-2023,2022,Census,Texas (State)
Census Tract,48215022600,TX,48215022600,"=""48215022600""",5322.25,2019-2023,2022,Census,Texas (State)
Census Tract,48215022703,TX,48215022703,"=""48215022703""",2616.37,2019-2023,2022,Census,Texas (State)
Census Tract,48215022704,TX,48215022704,"=""48215022704""",2384.01,2019-2023,2022,Census,Texas (State)
Census Tract,48215022705,TX,48215022705,"=""48215022705""",886.22,2019-2023,2022,Census,Texas (State)
Census Tract,48215022706,TX,48215022706,"=""48215022706""",3627.59,2019-2023,2022,Census,Texas (State)
Census Tract,48215022801,TX,48215022801,"=""48215022801""",193.22,2019-2023,2022,Census,Texas (State)
Census Tract,48215022802,TX,48215022802,"=""48215022802""",86.51,2019-2023,2022,Census,Texas (State)
Census Tract,48215022900,TX,48215022900,"=""48215022900""",676.85,2019-2023,2022,Census,Texas (State)
Census Tract,48215023000,TX,48215023000,"=""48215023000""",1444.93,2019-2023,2022,Census,Texas (State)
Census Tract,48215023103,TX,48215023103,"=""48215023103""",1712.44,2019-2023,2022,Census,Texas (State)
Census Tract,48215023104,TX,48215023104,"=""48215023104""",460.9,2019-2023,2022,Census,Texas (State)
Census Tract,48215023105,TX,48215023105,"=""48215023105""",1028.72,2019-2023,2022,Census,Texas (State)
Census Tract,48215023106,TX,48215023106,"=""48215023106""",341.97,2019-2023,2022,Census,Texas (State)
Census Tract,48215023516,TX,48215023516,"=""48215023516""",527.74,2019-2023,2022,Census,Texas (State)
Census Tract,48215023517,TX,48215023517,"=""48215023517""",94.69,2019-2023,2022,Census,Texas (State)
Census Tract,48215023518,TX,48215023518,"=""48215023518""",1944.22,2019-2023,2022,Census,Texas (State)
Census Tract,48215023519,TX,48215023519,"=""48215023519""",516.58,2019-2023,2022,Census,Texas (State)
Census Tract,48215023520,TX,48215023520,"=""48215023520""",720.2,2019-2023,2022,Census,Texas (State)
Census Tract,48215023521,TX,48215023521,"=""48215023521""",927.9,2019-2023,2022,Census,Texas (State)
Census Tract,48215023522,TX,48215023522,"=""48215023522""",2166.85,2019-2023,2022,Census,Texas (State)
Census Tract,48215023523,TX,48215023523,"=""48215023523""",1474.83,2019-2023,2022,Census,Texas (State)
Census Tract,48215023524,TX,48215023524,"=""48215023524""",837.49,2019-2023,2022,Census,Texas (State)
Census Tract,48215023525,TX,48215023525,"=""48215023525""",598.34,2019-2023,2022,Census,Texas (State)
Census Tract,48215023526,TX,48215023526,"=""48215023526""",1784.35,2019-2023,2022,Census,Texas (State)
Census Tract,48215023527,TX,48215023527,"=""48215023527""",939.83,2019-2023,2022,Census,Texas (State)
Census Tract,48215023528,TX,48215023528,"=""48215023528""",1294.53,2019-2023,2022,Census,Texas (State)
Census Tract,48215023529,TX,48215023529,"=""48215023529""",1017.77,2019-2023,2022,Census,Texas (State)
Census Tract,48215023530,TX,48215023530,"=""48215023530""",369.61,2019-2023,2022,Census,Texas (State)
Census Tract,48215023531,TX,48215023531,"=""48215023531""",6005.07,2019-2023,2022,Census,Texas (State)
Census Tract,48215023532,TX,48215023532,"=""48215023532""",4172.28,2019-2023,2022,Census,Texas (State)
Census Tract,48215023533,TX,48215023533,"=""48215023533""",3605.45,2019-2023,2022,Census,Texas (State)
Census Tract,48215023534,TX,48215023534,"=""48215023534""",2794.85,2019-2023,2022,Census,Texas (State)
Census Tract,48215023535,TX,48215023535,"=""48215023535""",5156.26,2019-2023,2022,Census,Texas (State)
Census Tract,48215023536,TX,48215023536,"=""48215023536""",2116.12,2019-2023,2022,Census,Texas (State)
Census Tract,48215023601,TX,48215023601,"=""48215023601""",3315.45,2019-2023,2022,Census,Texas (State)
Census Tract,48215023602,TX,48215023602,"=""48215023602""",1106.41,2019-2023,2022,Census,Texas (State)
Census Tract,48215023700,TX,48215023700,"=""48215023700""",3442.51,2019-2023,2022,Census,Texas (State)
Census Tract,48215023803,TX,48215023803,"=""48215023803""",2486.79,2019-2023,2022,Census,Texas (State)
Census Tract,48215023804,TX,48215023804,"=""48215023804""",1749.61,2019-2023,2022,Census,Texas (State)
Census Tract,48215023805,TX,48215023805,"=""48215023805""",2498.74,2019-2023,2022,Census,Texas (State)
Census Tract,48215023806,TX,48215023806,"=""48215023806""",3130.2,2019-2023,2022,Census,Texas (State)
Census Tract,48215023903,TX,48215023903,"=""48215023903""",4318.27,2019-2023,2022,Census,Texas (State)
Census Tract,48215023905,TX,48215023905,"=""48215023905""",2631.71,2019-2023,2022,Census,Texas (State)
Census Tract,48215023906,TX,48215023906,"=""48215023906""",2637.31,2019-2023,2022,Census,Texas (State)
Census Tract,48215023907,TX,48215023907,"=""48215023907""",7204.21,2019-2023,2022,Census,Texas (State)
Census Tract,48215023908,TX,48215023908,"=""48215023908""",4144.46,2019-2023,2022,Census,Texas (State)
Census Tract,48215024001,TX,48215024001,"=""48215024001""",2594.87,2019-2023,2022,Census,Texas (State)
Census Tract,48215024002,TX,48215024002,"=""48215024002""",5815.41,2019-2023,2022,Census,Texas (State)
Census Tract,48215024003,TX,48215024003,"=""48215024003""",2905.24,2019-2023,2022,Census,Texas (State)
Census Tract,48215024004,TX,48215024004,"=""48215024004""",4218,2019-2023,2022,Census,Texas (State)
Census Tract,48215024107,TX,48215024107,"=""48215024107""",1232.07,2019-2023,2022,Census,Texas (State)
Census Tract,48215024108,TX,48215024108,"=""48215024108""",875.8,2019-2023,2022,Census,Texas (State)
Census Tract,48215024109,TX,48215024109,"=""48215024109""",1953.87,2019-2023,2022,Census,Texas (State)
Census Tract,48215024115,TX,48215024115,"=""48215024115""",1645.34,2019-2023,2022,Census,Texas (State)
Census Tract,48215024116,TX,48215024116,"=""48215024116""",1265.32,2019-2023,2022,Census,Texas (State)
Census Tract,48215024117,TX,48215024117,"=""48215024117""",1007.79,2019-2023,2022,Census,Texas (State)
Census Tract,48215024118,TX,48215024118,"=""48215024118""",1403.32,2019-2023,2022,Census,Texas (State)
Census Tract,48215024119,TX,48215024119,"=""48215024119""",6732.33,2019-2023,2022,Census,Texas (State)
Census Tract,48215024120,TX,48215024120,"=""48215024120""",125.12,2019-2023,2022,Census,Texas (State)
Census Tract,48215024121,TX,48215024121,"=""48215024121""",104.41,2019-2023,2022,Census,Texas (State)
Census Tract,48215024122,TX,48215024122,"=""48215024122""",697,2019-2023,2022,Census,Texas (State)
Census Tract,48215024123,TX,48215024123,"=""48215024123""",1757.93,2019-2023,2022,Census,Texas (State)
Census Tract,48215024124,TX,48215024124,"=""48215024124""",1058.7,2019-2023,2022,Census,Texas (State)
Census Tract,48215024125,TX,48215024125,"=""48215024125""",2069.79,2019-2023,2022,Census,Texas (State)
Census Tract,48215024126,TX,48215024126,"=""48215024126""",2297.29,2019-2023,2022,Census,Texas (State)
Census Tract,48215024127,TX,48215024127,"=""48215024127""",891.15,2019-2023,2022,Census,Texas (State)
Census Tract,48215024128,TX,48215024128,"=""48215024128""",3699.02,2019-2023,2022,Census,Texas (State)
Census Tract,48215024129,TX,48215024129,"=""48215024129""",643.68,2019-2023,2022,Census,Texas (State)
Census Tract,48215024130,TX,48215024130,"=""48215024130""",265.46,2019-2023,2022,Census,Texas (State)
Census Tract,48215024131,TX,48215024131,"=""48215024131""",269.13,2019-2023,2022,Census,Texas (State)
Census Tract,48215024132,TX,48215024132,"=""48215024132""",551.44,2019-2023,2022,Census,Texas (State)
Census Tract,48215024204,TX,48215024204,"=""48215024204""",248.9,2019-2023,2022,Census,Texas (State)
Census Tract,48215024206,TX,48215024206,"=""48215024206""",207.56,2019-2023,2022,Census,Texas (State)
Census Tract,48215024207,TX,48215024207,"=""48215024207""",1604.97,2019-2023,2022,Census,Texas (State)
Census Tract,48215024208,TX,48215024208,"=""48215024208""",399.65,2019-2023,2022,Census,Texas (State)
Census Tract,48215024209,TX,48215024209,"=""48215024209""",1526.62,2019-2023,2022,Census,Texas (State)
Census Tract,48215024210,TX,48215024210,"=""48215024210""",1542.27,2019-2023,2022,Census,Texas (State)
Census Tract,48215024211,TX,48215024211,"=""48215024211""",670.27,2019-2023,2022,Census,Texas (State)
Census Tract,48215024212,TX,48215024212,"=""48215024212""",53.47,2019-2023,2022,Census,Texas (State)
Census Tract,48215024301,TX,48215024301,"=""48215024301""",2.37,2019-2023,2022,Census,Texas (State)
Census Tract,48215024302,TX,48215024302,"=""48215024302""",46.09,2019-2023,2022,Census,Texas (State)
Census Tract,48215024403,TX,48215024403,"=""48215024403""",2872.01,2019-2023,2022,Census,Texas (State)
Census Tract,48215024404,TX,48215024404,"=""48215024404""",269.47,2019-2023,2022,Census,Texas (State)
Census Tract,48215024405,TX,48215024405,"=""48215024405""",442.51,2019-2023,2022,Census,Texas (State)
Census Tract,48215024406,TX,48215024406,"=""48215024406""",1078.76,2019-2023,2022,Census,Texas (State)
Census Tract,48215024501,TX,48215024501,"=""48215024501""",564.39,2019-2023,2022,Census,Texas (State)
Census Tract,48215024502,TX,48215024502,"=""48215024502""",358.03,2019-2023,2022,Census,Texas (State)
Census Tract,48215024600,TX,48215024600,"=""48215024600""",115.49,2019-2023,2022,Census,Texas (State)
Census Tract,48215980000,TX,48215980000,"=""48215980000""",0,2019-2023,2022,Census,Texas (State)
Census Tract,48217960100,TX,48217960100,"=""48217960100""",34.89,2019-2023,2022,Census,Texas (State)
Census Tract,48217960200,TX,48217960200,"=""48217960200""",27.51,2019-2023,2022,Census,Texas (State)
Census Tract,48217960400,TX,48217960400,"=""48217960400""",546.85,2019-2023,2022,Census,Texas (State)
Census Tract,48217960501,TX,48217960501,"=""48217960501""",34.2,2019-2023,2022,Census,Texas (State)
Census Tract,48217960502,TX,48217960502,"=""48217960502""",55.84,2019-2023,2022,Census,Texas (State)
Census Tract,48217960600,TX,48217960600,"=""48217960600""",1702.1,2019-2023,2022,Census,Texas (State)
Census Tract,48217960700,TX,48217960700,"=""48217960700""",17.69,2019-2023,2022,Census,Texas (State)
Census Tract,48217960800,TX,48217960800,"=""48217960800""",1398.75,2019-2023,2022,Census,Texas (State)
Census Tract,48217960900,TX,48217960900,"=""48217960900""",588.12,2019-2023,2022,Census,Texas (State)
Census Tract,48217961000,TX,48217961000,"=""48217961000""",946.35,2019-2023,2022,Census,Texas (State)
Census Tract,48217961100,TX,48217961100,"=""48217961100""",20.71,2019-2023,2022,Census,Texas (State)
Census Tract,48217961400,TX,48217961400,"=""48217961400""",22.59,2019-2023,2022,Census,Texas (State)
Census Tract,48219950100,TX,48219950100,"=""48219950100""",17.94,2019-2023,2022,Census,Texas (State)
Census Tract,48219950200,TX,48219950200,"=""48219950200""",7.14,2019-2023,2022,Census,Texas (State)
Census Tract,48219950300,TX,48219950300,"=""48219950300""",846.07,2019-2023,2022,Census,Texas (State)
Census Tract,48219950400,TX,48219950400,"=""48219950400""",724.86,2019-2023,2022,Census,Texas (State)
Census Tract,48219950500,TX,48219950500,"=""48219950500""",864.41,2019-2023,2022,Census,Texas (State)
Census Tract,48219950600,TX,48219950600,"=""48219950600""",12.26,2019-2023,2022,Census,Texas (State)
Census Tract,48219950700,TX,48219950700,"=""48219950700""",13.85,2019-2023,2022,Census,Texas (State)
Census Tract,48221160100,TX,48221160100,"=""48221160100""",609.93,2019-2023,2022,Census,Texas (State)
Census Tract,48221160204,TX,48221160204,"=""48221160204""",88.11,2019-2023,2022,Census,Texas (State)
Census Tract,48221160206,TX,48221160206,"=""48221160206""",1195.36,2019-2023,2022,Census,Texas (State)
Census Tract,48221160210,TX,48221160210,"=""48221160210""",336.27,2019-2023,2022,Census,Texas (State)
Census Tract,48221160211,TX,48221160211,"=""48221160211""",1118.41,2019-2023,2022,Census,Texas (State)
Census Tract,48221160212,TX,48221160212,"=""48221160212""",180.94,2019-2023,2022,Census,Texas (State)
Census Tract,48221160213,TX,48221160213,"=""48221160213""",2015.79,2019-2023,2022,Census,Texas (State)
Census Tract,48221160214,TX,48221160214,"=""48221160214""",874.25,2019-2023,2022,Census,Texas (State)
Census Tract,48221160215,TX,48221160215,"=""48221160215""",1072.22,2019-2023,2022,Census,Texas (State)
Census Tract,48221160216,TX,48221160216,"=""48221160216""",188.01,2019-2023,2022,Census,Texas (State)
Census Tract,48221160217,TX,48221160217,"=""48221160217""",135.85,2019-2023,2022,Census,Texas (State)
Census Tract,48221160218,TX,48221160218,"=""48221160218""",585.65,2019-2023,2022,Census,Texas (State)
Census Tract,48221160302,TX,48221160302,"=""48221160302""",38.57,2019-2023,2022,Census,Texas (State)
Census Tract,48221160303,TX,48221160303,"=""48221160303""",53.19,2019-2023,2022,Census,Texas (State)
Census Tract,48223950100,TX,48223950100,"=""48223950100""",17.17,2019-2023,2022,Census,Texas (State)
Census Tract,48223950200,TX,48223950200,"=""48223950200""",29.34,2019-2023,2022,Census,Texas (State)
Census Tract,48223950301,TX,48223950301,"=""48223950301""",27.65,2019-2023,2022,Census,Texas (State)
Census Tract,48223950302,TX,48223950302,"=""48223950302""",59.62,2019-2023,2022,Census,Texas (State)
Census Tract,48223950401,TX,48223950401,"=""48223950401""",2568,2019-2023,2022,Census,Texas (State)
Census Tract,48223950402,TX,48223950402,"=""48223950402""",755.17,2019-2023,2022,Census,Texas (State)
Census Tract,48223950500,TX,48223950500,"=""48223950500""",659.67,2019-2023,2022,Census,Texas (State)
Census Tract,48223950600,TX,48223950600,"=""48223950600""",787.88,2019-2023,2022,Census,Texas (State)
Census Tract,48223950700,TX,48223950700,"=""48223950700""",27.3,2019-2023,2022,Census,Texas (State)
Census Tract,48223950800,TX,48223950800,"=""48223950800""",40.39,2019-2023,2022,Census,Texas (State)
Census Tract,48225950101,TX,48225950101,"=""48225950101""",14.5,2019-2023,2022,Census,Texas (State)
Census Tract,48225950102,TX,48225950102,"=""48225950102""",13.76,2019-2023,2022,Census,Texas (State)
Census Tract,48225950200,TX,48225950200,"=""48225950200""",6.94,2019-2023,2022,Census,Texas (State)
Census Tract,48225950300,TX,48225950300,"=""48225950300""",970.6,2019-2023,2022,Census,Texas (State)
Census Tract,48225950400,TX,48225950400,"=""48225950400""",1128.96,2019-2023,2022,Census,Texas (State)
Census Tract,48225950500,TX,48225950500,"=""48225950500""",14.37,2019-2023,2022,Census,Texas (State)
Census Tract,48225950600,TX,48225950600,"=""48225950600""",7.37,2019-2023,2022,Census,Texas (State)
Census Tract,48225950700,TX,48225950700,"=""48225950700""",19.01,2019-2023,2022,Census,Texas (State)
Census Tract,48227950100,TX,48227950100,"=""48227950100""",4.78,2019-2023,2022,Census,Texas (State)
Census Tract,48227950200,TX,48227950200,"=""48227950200""",16.42,2019-2023,2022,Census,Texas (State)
Census Tract,48227950300,TX,48227950300,"=""48227950300""",506.93,2019-2023,2022,Census,Texas (State)
Census Tract,48227950400,TX,48227950400,"=""48227950400""",1120.35,2019-2023,2022,Census,Texas (State)
Census Tract,48227950500,TX,48227950500,"=""48227950500""",1910.67,2019-2023,2022,Census,Texas (State)
Census Tract,48227950600,TX,48227950600,"=""48227950600""",1267.32,2019-2023,2022,Census,Texas (State)
Census Tract,48227950700,TX,48227950700,"=""48227950700""",3737.32,2019-2023,2022,Census,Texas (State)
Census Tract,48227950801,TX,48227950801,"=""48227950801""",929.37,2019-2023,2022,Census,Texas (State)
Census Tract,48227950802,TX,48227950802,"=""48227950802""",483.83,2019-2023,2022,Census,Texas (State)
Census Tract,48227950900,TX,48227950900,"=""48227950900""",13.66,2019-2023,2022,Census,Texas (State)
Census Tract,48229950300,TX,48229950300,"=""48229950300""",0.73,2019-2023,2022,Census,Texas (State)
Census Tract,48231960100,TX,48231960100,"=""48231960100""",33.74,2019-2023,2022,Census,Texas (State)
Census Tract,48231960200,TX,48231960200,"=""48231960200""",48.83,2019-2023,2022,Census,Texas (State)
Census Tract,48231960300,TX,48231960300,"=""48231960300""",43.73,2019-2023,2022,Census,Texas (State)
Census Tract,48231960400,TX,48231960400,"=""48231960400""",63.26,2019-2023,2022,Census,Texas (State)
Census Tract,48231960500,TX,48231960500,"=""48231960500""",378.78,2019-2023,2022,Census,Texas (State)
Census Tract,48231960600,TX,48231960600,"=""48231960600""",3611.85,2019-2023,2022,Census,Texas (State)
Census Tract,48231960700,TX,48231960700,"=""48231960700""",46.18,2019-2023,2022,Census,Texas (State)
Census Tract,48231960800,TX,48231960800,"=""48231960800""",740.47,2019-2023,2022,Census,Texas (State)
Census Tract,48231960900,TX,48231960900,"=""48231960900""",2609.14,2019-2023,2022,Census,Texas (State)
Census Tract,48231961000,TX,48231961000,"=""48231961000""",1372.6,2019-2023,2022,Census,Texas (State)
Census Tract,48231961101,TX,48231961101,"=""48231961101""",261.74,2019-2023,2022,Census,Texas (State)
Census Tract,48231961102,TX,48231961102,"=""48231961102""",82.65,2019-2023,2022,Census,Texas (State)
Census Tract,48231961200,TX,48231961200,"=""48231961200""",1229.11,2019-2023,2022,Census,Texas (State)
Census Tract,48231961300,TX,48231961300,"=""48231961300""",165.07,2019-2023,2022,Census,Texas (State)
Census Tract,48231961401,TX,48231961401,"=""48231961401""",267.92,2019-2023,2022,Census,Texas (State)
Census Tract,48231961402,TX,48231961402,"=""48231961402""",111.2,2019-2023,2022,Census,Texas (State)
Census Tract,48231961501,TX,48231961501,"=""48231961501""",76.87,2019-2023,2022,Census,Texas (State)
Census Tract,48231961502,TX,48231961502,"=""48231961502""",172.58,2019-2023,2022,Census,Texas (State)
Census Tract,48231961503,TX,48231961503,"=""48231961503""",139.02,2019-2023,2022,Census,Texas (State)
Census Tract,48231961600,TX,48231961600,"=""48231961600""",282.89,2019-2023,2022,Census,Texas (State)
Census Tract,48231961700,TX,48231961700,"=""48231961700""",289.32,2019-2023,2022,Census,Texas (State)
Census Tract,48233950200,TX,48233950200,"=""48233950200""",3.26,2019-2023,2022,Census,Texas (State)
Census Tract,48233950501,TX,48233950501,"=""48233950501""",683.58,2019-2023,2022,Census,Texas (State)
Census Tract,48233950502,TX,48233950502,"=""48233950502""",3.63,2019-2023,2022,Census,Texas (State)
Census Tract,48233950600,TX,48233950600,"=""48233950600""",1104.67,2019-2023,2022,Census,Texas (State)
Census Tract,48233950700,TX,48233950700,"=""48233950700""",1817.94,2019-2023,2022,Census,Texas (State)
Census Tract,48233950800,TX,48233950800,"=""48233950800""",285.81,2019-2023,2022,Census,Texas (State)
Census Tract,48233950900,TX,48233950900,"=""48233950900""",1007.04,2019-2023,2022,Census,Texas (State)
Census Tract,48233951000,TX,48233951000,"=""48233951000""",169.34,2019-2023,2022,Census,Texas (State)
Census Tract,48235950100,TX,48235950100,"=""48235950100""",1.36,2019-2023,2022,Census,Texas (State)
Census Tract,48237950100,TX,48237950100,"=""48237950100""",4.73,2019-2023,2022,Census,Texas (State)
Census Tract,48237950300,TX,48237950300,"=""48237950300""",546.32,2019-2023,2022,Census,Texas (State)
Census Tract,48237950500,TX,48237950500,"=""48237950500""",8.24,2019-2023,2022,Census,Texas (State)
Census Tract,48239950100,TX,48239950100,"=""48239950100""",13.89,2019-2023,2022,Census,Texas (State)
Census Tract,48239950200,TX,48239950200,"=""48239950200""",15.24,2019-2023,2022,Census,Texas (State)
Census Tract,48239950300,TX,48239950300,"=""48239950300""",34.32,2019-2023,2022,Census,Texas (State)
Census Tract,48241950101,TX,48241950101,"=""48241950101""",24.72,2019-2023,2022,Census,Texas (State)
Census Tract,48241950102,TX,48241950102,"=""48241950102""",17.05,2019-2023,2022,Census,Texas (State)
Census Tract,48241950200,TX,48241950200,"=""48241950200""",692.18,2019-2023,2022,Census,Texas (State)
Census Tract,48241950300,TX,48241950300,"=""48241950300""",426.1,2019-2023,2022,Census,Texas (State)
Census Tract,48241950400,TX,48241950400,"=""48241950400""",35.73,2019-2023,2022,Census,Texas (State)
Census Tract,48241950500,TX,48241950500,"=""48241950500""",18.27,2019-2023,2022,Census,Texas (State)
Census Tract,48241950600,TX,48241950600,"=""48241950600""",368.95,2019-2023,2022,Census,Texas (State)
Census Tract,48241950701,TX,48241950701,"=""48241950701""",24.54,2019-2023,2022,Census,Texas (State)
Census Tract,48241950702,TX,48241950702,"=""48241950702""",30.89,2019-2023,2022,Census,Texas (State)
Census Tract,48241950800,TX,48241950800,"=""48241950800""",245.34,2019-2023,2022,Census,Texas (State)
Census Tract,48243950100,TX,48243950100,"=""48243950100""",0.77,2019-2023,2022,Census,Texas (State)
Census Tract,48245000101,TX,48245000101,"=""48245000101""",898.68,2019-2023,2022,Census,Texas (State)
Census Tract,48245000102,TX,48245000102,"=""48245000102""",832.54,2019-2023,2022,Census,Texas (State)
Census Tract,48245000103,TX,48245000103,"=""48245000103""",326.69,2019-2023,2022,Census,Texas (State)
Census Tract,48245000200,TX,48245000200,"=""48245000200""",2028.88,2019-2023,2022,Census,Texas (State)
Census Tract,48245000304,TX,48245000304,"=""48245000304""",2818.1,2019-2023,2022,Census,Texas (State)
Census Tract,48245000306,TX,48245000306,"=""48245000306""",3138.54,2019-2023,2022,Census,Texas (State)
Census Tract,48245000307,TX,48245000307,"=""48245000307""",1298.95,2019-2023,2022,Census,Texas (State)
Census Tract,48245000309,TX,48245000309,"=""48245000309""",1633.17,2019-2023,2022,Census,Texas (State)
Census Tract,48245000310,TX,48245000310,"=""48245000310""",4607.08,2019-2023,2022,Census,Texas (State)
Census Tract,48245000311,TX,48245000311,"=""48245000311""",3986.81,2019-2023,2022,Census,Texas (State)
Census Tract,48245000312,TX,48245000312,"=""48245000312""",1639.74,2019-2023,2022,Census,Texas (State)
Census Tract,48245000313,TX,48245000313,"=""48245000313""",4308.81,2019-2023,2022,Census,Texas (State)
Census Tract,48245000314,TX,48245000314,"=""48245000314""",2649.47,2019-2023,2022,Census,Texas (State)
Census Tract,48245000400,TX,48245000400,"=""48245000400""",2771.39,2019-2023,2022,Census,Texas (State)
Census Tract,48245000500,TX,48245000500,"=""48245000500""",2110,2019-2023,2022,Census,Texas (State)
Census Tract,48245000600,TX,48245000600,"=""48245000600""",3440.49,2019-2023,2022,Census,Texas (State)
Census Tract,48245000700,TX,48245000700,"=""48245000700""",542.93,2019-2023,2022,Census,Texas (State)
Census Tract,48245000900,TX,48245000900,"=""48245000900""",2382.7,2019-2023,2022,Census,Texas (State)
Census Tract,48245001100,TX,48245001100,"=""48245001100""",2975.43,2019-2023,2022,Census,Texas (State)
Census Tract,48245001200,TX,48245001200,"=""48245001200""",1304.71,2019-2023,2022,Census,Texas (State)
Census Tract,48245001301,TX,48245001301,"=""48245001301""",2076.83,2019-2023,2022,Census,Texas (State)
Census Tract,48245001302,TX,48245001302,"=""48245001302""",1079.5,2019-2023,2022,Census,Texas (State)
Census Tract,48245001303,TX,48245001303,"=""48245001303""",329.76,2019-2023,2022,Census,Texas (State)
Census Tract,48245001700,TX,48245001700,"=""48245001700""",1133.9,2019-2023,2022,Census,Texas (State)
Census Tract,48245001900,TX,48245001900,"=""48245001900""",4284.42,2019-2023,2022,Census,Texas (State)
Census Tract,48245002000,TX,48245002000,"=""48245002000""",5906.34,2019-2023,2022,Census,Texas (State)
Census Tract,48245002100,TX,48245002100,"=""48245002100""",1859.03,2019-2023,2022,Census,Texas (State)
Census Tract,48245002200,TX,48245002200,"=""48245002200""",676.76,2019-2023,2022,Census,Texas (State)
Census Tract,48245002300,TX,48245002300,"=""48245002300""",2075.22,2019-2023,2022,Census,Texas (State)
Census Tract,48245002400,TX,48245002400,"=""48245002400""",3961.51,2019-2023,2022,Census,Texas (State)
Census Tract,48245002500,TX,48245002500,"=""48245002500""",4208,2019-2023,2022,Census,Texas (State)
Census Tract,48245002600,TX,48245002600,"=""48245002600""",2603.1,2019-2023,2022,Census,Texas (State)
Census Tract,48245005100,TX,48245005100,"=""48245005100""",242.55,2019-2023,2022,Census,Texas (State)
Census Tract,48245005400,TX,48245005400,"=""48245005400""",2908.77,2019-2023,2022,Census,Texas (State)
Census Tract,48245005500,TX,48245005500,"=""48245005500""",4404.13,2019-2023,2022,Census,Texas (State)
Census Tract,48245005600,TX,48245005600,"=""48245005600""",4595.82,2019-2023,2022,Census,Texas (State)
Census Tract,48245005900,TX,48245005900,"=""48245005900""",3219.66,2019-2023,2022,Census,Texas (State)
Census Tract,48245006100,TX,48245006100,"=""48245006100""",1215.87,2019-2023,2022,Census,Texas (State)
Census Tract,48245006300,TX,48245006300,"=""48245006300""",3264.33,2019-2023,2022,Census,Texas (State)
Census Tract,48245006400,TX,48245006400,"=""48245006400""",2436.69,2019-2023,2022,Census,Texas (State)
Census Tract,48245006500,TX,48245006500,"=""48245006500""",3263.76,2019-2023,2022,Census,Texas (State)
Census Tract,48245006600,TX,48245006600,"=""48245006600""",519.94,2019-2023,2022,Census,Texas (State)
Census Tract,48245006700,TX,48245006700,"=""48245006700""",3152.39,2019-2023,2022,Census,Texas (State)
Census Tract,48245006800,TX,48245006800,"=""48245006800""",3260.55,2019-2023,2022,Census,Texas (State)
Census Tract,48245006900,TX,48245006900,"=""48245006900""",238.67,2019-2023,2022,Census,Texas (State)
Census Tract,48245007002,TX,48245007002,"=""48245007002""",1413.69,2019-2023,2022,Census,Texas (State)
Census Tract,48245007003,TX,48245007003,"=""48245007003""",6211.53,2019-2023,2022,Census,Texas (State)
Census Tract,48245007004,TX,48245007004,"=""48245007004""",2682.65,2019-2023,2022,Census,Texas (State)
Census Tract,48245007100,TX,48245007100,"=""48245007100""",794.95,2019-2023,2022,Census,Texas (State)
Census Tract,48245010100,TX,48245010100,"=""48245010100""",5494.59,2019-2023,2022,Census,Texas (State)
Census Tract,48245010200,TX,48245010200,"=""48245010200""",5849.47,2019-2023,2022,Census,Texas (State)
Census Tract,48245010300,TX,48245010300,"=""48245010300""",4487.95,2019-2023,2022,Census,Texas (State)
Census Tract,48245010400,TX,48245010400,"=""48245010400""",3354.58,2019-2023,2022,Census,Texas (State)
Census Tract,48245010500,TX,48245010500,"=""48245010500""",3852,2019-2023,2022,Census,Texas (State)
Census Tract,48245010600,TX,48245010600,"=""48245010600""",3027.33,2019-2023,2022,Census,Texas (State)
Census Tract,48245010700,TX,48245010700,"=""48245010700""",2452.15,2019-2023,2022,Census,Texas (State)
Census Tract,48245010800,TX,48245010800,"=""48245010800""",909.13,2019-2023,2022,Census,Texas (State)
Census Tract,48245010901,TX,48245010901,"=""48245010901""",2959.9,2019-2023,2022,Census,Texas (State)
Census Tract,48245010902,TX,48245010902,"=""48245010902""",1265.6,2019-2023,2022,Census,Texas (State)
Census Tract,48245011001,TX,48245011001,"=""48245011001""",3696.23,2019-2023,2022,Census,Texas (State)
Census Tract,48245011002,TX,48245011002,"=""48245011002""",4098.84,2019-2023,2022,Census,Texas (State)
Census Tract,48245011101,TX,48245011101,"=""48245011101""",3404,2019-2023,2022,Census,Texas (State)
Census Tract,48245011102,TX,48245011102,"=""48245011102""",2385.74,2019-2023,2022,Census,Texas (State)
Census Tract,48245011204,TX,48245011204,"=""48245011204""",1289.21,2019-2023,2022,Census,Texas (State)
Census Tract,48245011205,TX,48245011205,"=""48245011205""",119.66,2019-2023,2022,Census,Texas (State)
Census Tract,48245011303,TX,48245011303,"=""48245011303""",50.58,2019-2023,2022,Census,Texas (State)
Census Tract,48245011304,TX,48245011304,"=""48245011304""",53.19,2019-2023,2022,Census,Texas (State)
Census Tract,48245011401,TX,48245011401,"=""48245011401""",54.28,2019-2023,2022,Census,Texas (State)
Census Tract,48245011402,TX,48245011402,"=""48245011402""",51.91,2019-2023,2022,Census,Texas (State)
Census Tract,48245011500,TX,48245011500,"=""48245011500""",34.84,2019-2023,2022,Census,Texas (State)
Census Tract,48245011600,TX,48245011600,"=""48245011600""",6.06,2019-2023,2022,Census,Texas (State)
Census Tract,48245011700,TX,48245011700,"=""48245011700""",839.28,2019-2023,2022,Census,Texas (State)
Census Tract,48245011800,TX,48245011800,"=""48245011800""",1983.64,2019-2023,2022,Census,Texas (State)
Census Tract,48245980000,TX,48245980000,"=""48245980000""",0,2019-2023,2022,Census,Texas (State)
Census Tract,48245980200,TX,48245980200,"=""48245980200""",3166.79,2019-2023,2022,Census,Texas (State)
Census Tract,48245980300,TX,48245980300,"=""48245980300""",3409.85,2019-2023,2022,Census,Texas (State)
Census Tract,48245990000,TX,48245990000,"=""48245990000""",N/A,2019-2023,2022,Census,Texas (State)
Census Tract,48247950200,TX,48247950200,"=""48247950200""",76.4,2019-2023,2022,Census,Texas (State)
Census Tract,48247950400,TX,48247950400,"=""48247950400""",2.86,2019-2023,2022,Census,Texas (State)
Census Tract,48249950101,TX,48249950101,"=""48249950101""",13.08,2019-2023,2022,Census,Texas (State)
Census Tract,48249950102,TX,48249950102,"=""48249950102""",66.74,2019-2023,2022,Census,Texas (State)
Census Tract,48249950201,TX,48249950201,"=""48249950201""",22.4,2019-2023,2022,Census,Texas (State)
Census Tract,48249950202,TX,48249950202,"=""48249950202""",21.05,2019-2023,2022,Census,Texas (State)
Census Tract,48249950301,TX,48249950301,"=""48249950301""",1139.39,2019-2023,2022,Census,Texas (State)
Census Tract,48249950302,TX,48249950302,"=""48249950302""",2932.71,2019-2023,2022,Census,Texas (State)
Census Tract,48249950303,TX,48249950303,"=""48249950303""",1050.82,2019-2023,2022,Census,Texas (State)
Census Tract,48249950400,TX,48249950400,"=""48249950400""",1063.61,2019-2023,2022,Census,Texas (State)
Census Tract,48249950500,TX,48249950500,"=""48249950500""",647,2019-2023,2022,Census,Texas (State)
Census Tract,48249950600,TX,48249950600,"=""48249950600""",3521.56,2019-2023,2022,Census,Texas (State)
Census Tract,48249950700,TX,48249950700,"=""48249950700""",21.07,2019-2023,2022,Census,Texas (State)
Census Tract,48251130100,TX,48251130100,"=""48251130100""",60.94,2019-2023,2022,Census,Texas (State)
Census Tract,48251130205,TX,48251130205,"=""48251130205""",5461.36,2019-2023,2022,Census,Texas (State)
Census Tract,48251130210,TX,48251130210,"=""48251130210""",479.53,2019-2023,2022,Census,Texas (State)
Census Tract,48251130211,TX,48251130211,"=""48251130211""",455.31,2019-2023,2022,Census,Texas (State)
Census Tract,48251130212,TX,48251130212,"=""48251130212""",283.23,2019-2023,2022,Census,Texas (State)
Census Tract,48251130213,TX,48251130213,"=""48251130213""",282.77,2019-2023,2022,Census,Texas (State)
Census Tract,48251130214,TX,48251130214,"=""48251130214""",575.7,2019-2023,2022,Census,Texas (State)
Census Tract,48251130215,TX,48251130215,"=""48251130215""",529.87,2019-2023,2022,Census,Texas (State)
Census Tract,48251130216,TX,48251130216,"=""48251130216""",8125.27,2019-2023,2022,Census,Texas (State)
Census Tract,48251130217,TX,48251130217,"=""48251130217""",4310.92,2019-2023,2022,Census,Texas (State)
Census Tract,48251130218,TX,48251130218,"=""48251130218""",4455.84,2019-2023,2022,Census,Texas (State)
Census Tract,48251130219,TX,48251130219,"=""48251130219""",588.94,2019-2023,2022,Census,Texas (State)
Census Tract,48251130220,TX,48251130220,"=""48251130220""",1094.44,2019-2023,2022,Census,Texas (State)
Census Tract,48251130221,TX,48251130221,"=""48251130221""",2109.12,2019-2023,2022,Census,Texas (State)
Census Tract,48251130222,TX,48251130222,"=""48251130222""",2346.15,2019-2023,2022,Census,Texas (State)
Census Tract,48251130302,TX,48251130302,"=""48251130302""",215.73,2019-2023,2022,Census,Texas (State)
Census Tract,48251130303,TX,48251130303,"=""48251130303""",398.18,2019-2023,2022,Census,Texas (State)
Census Tract,48251130304,TX,48251130304,"=""48251130304""",538.28,2019-2023,2022,Census,Texas (State)
Census Tract,48251130405,TX,48251130405,"=""48251130405""",420.78,2019-2023,2022,Census,Texas (State)
Census Tract,48251130406,TX,48251130406,"=""48251130406""",409.19,2019-2023,2022,Census,Texas (State)
Census Tract,48251130411,TX,48251130411,"=""48251130411""",583.83,2019-2023,2022,Census,Texas (State)
Census Tract,48251130412,TX,48251130412,"=""48251130412""",301.47,2019-2023,2022,Census,Texas (State)
Census Tract,48251130413,TX,48251130413,"=""48251130413""",193.34,2019-2023,2022,Census,Texas (State)
Census Tract,48251130414,TX,48251130414,"=""48251130414""",174.76,2019-2023,2022,Census,Texas (State)
Census Tract,48251130415,TX,48251130415,"=""48251130415""",194.69,2019-2023,2022,Census,Texas (State)
Census Tract,48251130416,TX,48251130416,"=""48251130416""",238.9,2019-2023,2022,Census,Texas (State)
Census Tract,48251130417,TX,48251130417,"=""48251130417""",248.84,2019-2023,2022,Census,Texas (State)
Census Tract,48251130418,TX,48251130418,"=""48251130418""",1406.13,2019-2023,2022,Census,Texas (State)
Census Tract,48251130419,TX,48251130419,"=""48251130419""",215.85,2019-2023,2022,Census,Texas (State)
Census Tract,48251130501,TX,48251130501,"=""48251130501""",74.85,2019-2023,2022,Census,Texas (State)
Census Tract,48251130502,TX,48251130502,"=""48251130502""",100.73,2019-2023,2022,Census,Texas (State)
Census Tract,48251130602,TX,48251130602,"=""48251130602""",57.87,2019-2023,2022,Census,Texas (State)
Census Tract,48251130603,TX,48251130603,"=""48251130603""",187.24,2019-2023,2022,Census,Texas (State)
Census Tract,48251130604,TX,48251130604,"=""48251130604""",47.58,2019-2023,2022,Census,Texas (State)
Census Tract,48251130700,TX,48251130700,"=""48251130700""",4216.06,2019-2023,2022,Census,Texas (State)
Census Tract,48251130800,TX,48251130800,"=""48251130800""",2518.64,2019-2023,2022,Census,Texas (State)
Census Tract,48251130900,TX,48251130900,"=""48251130900""",914.78,2019-2023,2022,Census,Texas (State)
Census Tract,48251131000,TX,48251131000,"=""48251131000""",3010.22,2019-2023,2022,Census,Texas (State)
Census Tract,48251131100,TX,48251131100,"=""48251131100""",4061.96,2019-2023,2022,Census,Texas (State)
Census Tract,48253020101,TX,48253020101,"=""48253020101""",16.59,2019-2023,2022,Census,Texas (State)
Census Tract,48253020102,TX,48253020102,"=""48253020102""",2990.6,2019-2023,2022,Census,Texas (State)
Census Tract,48253020200,TX,48253020200,"=""48253020200""",162.36,2019-2023,2022,Census,Texas (State)
Census Tract,48253020300,TX,48253020300,"=""48253020300""",16.27,2019-2023,2022,Census,Texas (State)
Census Tract,48253020400,TX,48253020400,"=""48253020400""",23.18,2019-2023,2022,Census,Texas (State)
Census Tract,48253020500,TX,48253020500,"=""48253020500""",9.39,2019-2023,2022,Census,Texas (State)
Census Tract,48255970100,TX,48255970100,"=""48255970100""",7.93,2019-2023,2022,Census,Texas (State)
Census Tract,48255970200,TX,48255970200,"=""48255970200""",29.13,2019-2023,2022,Census,Texas (State)
Census Tract,48255970301,TX,48255970301,"=""48255970301""",26.6,2019-2023,2022,Census,Texas (State)
Census Tract,48255970302,TX,48255970302,"=""48255970302""",52.01,2019-2023,2022,Census,Texas (State)
Census Tract,48255970400,TX,48255970400,"=""48255970400""",14.58,2019-2023,2022,Census,Texas (State)
Census Tract,48257050204,TX,48257050204,"=""48257050204""",1108.5,2019-2023,2022,Census,Texas (State)
Census Tract,48257050207,TX,48257050207,"=""48257050207""",5842.62,2019-2023,2022,Census,Texas (State)
Census Tract,48257050208,TX,48257050208,"=""48257050208""",346.24,2019-2023,2022,Census,Texas (State)
Census Tract,48257050209,TX,48257050209,"=""48257050209""",2808.94,2019-2023,2022,Census,Texas (State)
Census Tract,48257050210,TX,48257050210,"=""48257050210""",164.41,2019-2023,2022,Census,Texas (State)
Census Tract,48257050211,TX,48257050211,"=""48257050211""",1213.81,2019-2023,2022,Census,Texas (State)
Census Tract,48257050212,TX,48257050212,"=""48257050212""",503.94,2019-2023,2022,Census,Texas (State)
Census Tract,48257050213,TX,48257050213,"=""48257050213""",890.44,2019-2023,2022,Census,Texas (State)
Census Tract,48257050214,TX,48257050214,"=""48257050214""",2105.93,2019-2023,2022,Census,Texas (State)
Census Tract,48257050215,TX,48257050215,"=""48257050215""",571.48,2019-2023,2022,Census,Texas (State)
Census Tract,48257050300,TX,48257050300,"=""48257050300""",846.56,2019-2023,2022,Census,Texas (State)
Census Tract,48257050401,TX,48257050401,"=""48257050401""",863.81,2019-2023,2022,Census,Texas (State)
Census Tract,48257050402,TX,48257050402,"=""48257050402""",852.72,2019-2023,2022,Census,Texas (State)
Census Tract,48257050500,TX,48257050500,"=""48257050500""",694.97,2019-2023,2022,Census,Texas (State)
Census Tract,48257050601,TX,48257050601,"=""48257050601""",67.54,2019-2023,2022,Census,Texas (State)
Census Tract,48257050602,TX,48257050602,"=""48257050602""",54.12,2019-2023,2022,Census,Texas (State)
Census Tract,48257050701,TX,48257050701,"=""48257050701""",86.62,2019-2023,2022,Census,Texas (State)
Census Tract,48257050703,TX,48257050703,"=""48257050703""",69.51,2019-2023,2022,Census,Texas (State)
Census Tract,48257050704,TX,48257050704,"=""48257050704""",112.54,2019-2023,2022,Census,Texas (State)
Census Tract,48257050801,TX,48257050801,"=""48257050801""",180.33,2019-2023,2022,Census,Texas (State)
Census Tract,48257050802,TX,48257050802,"=""48257050802""",107.99,2019-2023,2022,Census,Texas (State)
Census Tract,48257051000,TX,48257051000,"=""48257051000""",393.68,2019-2023,2022,Census,Texas (State)
Census Tract,48257051100,TX,48257051100,"=""48257051100""",671.8,2019-2023,2022,Census,Texas (State)
Census Tract,48257051201,TX,48257051201,"=""48257051201""",46.78,2019-2023,2022,Census,Texas (State)
Census Tract,48257051202,TX,48257051202,"=""48257051202""",80.11,2019-2023,2022,Census,Texas (State)
Census Tract,48257051301,TX,48257051301,"=""48257051301""",171.79,2019-2023,2022,Census,Texas (State)
Census Tract,48257051302,TX,48257051302,"=""48257051302""",74.93,2019-2023,2022,Census,Texas (State)
Census Tract,48259970101,TX,48259970101,"=""48259970101""",25.16,2019-2023,2022,Census,Texas (State)
Census Tract,48259970102,TX,48259970102,"=""48259970102""",13.73,2019-2023,2022,Census,Texas (State)
Census Tract,48259970301,TX,48259970301,"=""48259970301""",160.88,2019-2023,2022,Census,Texas (State)
Census Tract,48259970302,TX,48259970302,"=""48259970302""",49.8,2019-2023,2022,Census,Texas (State)
Census Tract,48259970403,TX,48259970403,"=""48259970403""",97.67,2019-2023,2022,Census,Texas (State)
Census Tract,48259970404,TX,48259970404,"=""48259970404""",168.43,2019-2023,2022,Census,Texas (State)
Census Tract,48259970405,TX,48259970405,"=""48259970405""",385.5,2019-2023,2022,Census,Texas (State)
Census Tract,48259970406,TX,48259970406,"=""48259970406""",362.12,2019-2023,2022,Census,Texas (State)
Census Tract,48259970500,TX,48259970500,"=""48259970500""",2391.34,2019-2023,2022,Census,Texas (State)
Census Tract,48261950100,TX,48261950100,"=""48261950100""",0.04,2019-2023,2022,Census,Texas (State)
Census Tract,48261990000,TX,48261990000,"=""48261990000""",N/A,2019-2023,2022,Census,Texas (State)
Census Tract,48263950100,TX,48263950100,"=""48263950100""",0.81,2019-2023,2022,Census,Texas (State)
Census Tract,48265960101,TX,48265960101,"=""48265960101""",72.68,2019-2023,2022,Census,Texas (State)
Census Tract,48265960102,TX,48265960102,"=""48265960102""",31.69,2019-2023,2022,Census,Texas (State)
Census Tract,48265960200,TX,48265960200,"=""48265960200""",1695.39,2019-2023,2022,Census,Texas (State)
Census Tract,48265960301,TX,48265960301,"=""48265960301""",11.2,2019-2023,2022,Census,Texas (State)
Census Tract,48265960303,TX,48265960303,"=""48265960303""",1151.83,2019-2023,2022,Census,Texas (State)
Census Tract,48265960304,TX,48265960304,"=""48265960304""",8.5,2019-2023,2022,Census,Texas (State)
Census Tract,48265960401,TX,48265960401,"=""48265960401""",456.1,2019-2023,2022,Census,Texas (State)
Census Tract,48265960403,TX,48265960403,"=""48265960403""",438.36,2019-2023,2022,Census,Texas (State)
Census Tract,48265960404,TX,48265960404,"=""48265960404""",412.62,2019-2023,2022,Census,Texas (State)
Census Tract,48265960500,TX,48265960500,"=""48265960500""",1351.34,2019-2023,2022,Census,Texas (State)
Census Tract,48265960601,TX,48265960601,"=""48265960601""",2394.48,2019-2023,2022,Census,Texas (State)
Census Tract,48265960602,TX,48265960602,"=""48265960602""",1500.77,2019-2023,2022,Census,Texas (State)
Census Tract,48265960700,TX,48265960700,"=""48265960700""",104.63,2019-2023,2022,Census,Texas (State)
Census Tract,48265960800,TX,48265960800,"=""48265960800""",35.63,2019-2023,2022,Census,Texas (State)
Census Tract,48267950100,TX,48267950100,"=""48267950100""",1.77,2019-2023,2022,Census,Texas (State)
Census Tract,48267950200,TX,48267950200,"=""48267950200""",1159.95,2019-2023,2022,Census,Texas (State)
Census Tract,48269950100,TX,48269950100,"=""48269950100""",0.21,2019-2023,2022,Census,Texas (State)
Census Tract,48271950100,TX,48271950100,"=""48271950100""",2.31,2019-2023,2022,Census,Texas (State)
Census Tract,48273020101,TX,48273020101,"=""48273020101""",6.46,2019-2023,2022,Census,Texas (State)
Census Tract,48273020102,TX,48273020102,"=""48273020102""",6.39,2019-2023,2022,Census,Texas (State)
Census Tract,48273020200,TX,48273020200,"=""48273020200""",1881.69,2019-2023,2022,Census,Texas (State)
Census Tract,48273020301,TX,48273020301,"=""48273020301""",2495.81,2019-2023,2022,Census,Texas (State)
Census Tract,48273020302,TX,48273020302,"=""48273020302""",4135,2019-2023,2022,Census,Texas (State)
Census Tract,48273020401,TX,48273020401,"=""48273020401""",1255.4,2019-2023,2022,Census,Texas (State)
Census Tract,48273020402,TX,48273020402,"=""48273020402""",805.61,2019-2023,2022,Census,Texas (State)
Census Tract,48273020501,TX,48273020501,"=""48273020501""",694.95,2019-2023,2022,Census,Texas (State)
Census Tract,48273020502,TX,48273020502,"=""48273020502""",2047.35,2019-2023,2022,Census,Texas (State)
Census Tract,48273990000,TX,48273990000,"=""48273990000""",N/A,2019-2023,2022,Census,Texas (State)
Census Tract,48275950100,TX,48275950100,"=""48275950100""",2.04,2019-2023,2022,Census,Texas (State)
Census Tract,48275950200,TX,48275950200,"=""48275950200""",11.18,2019-2023,2022,Census,Texas (State)
Census Tract,48277000101,TX,48277000101,"=""48277000101""",49.35,2019-2023,2022,Census,Texas (State)
Census Tract,48277000102,TX,48277000102,"=""48277000102""",19.92,2019-2023,2022,Census,Texas (State)
Census Tract,48277000200,TX,48277000200,"=""48277000200""",14.76,2019-2023,2022,Census,Texas (State)
Census Tract,48277000301,TX,48277000301,"=""48277000301""",24.9,2019-2023,2022,Census,Texas (State)
Census Tract,48277000302,TX,48277000302,"=""48277000302""",36.81,2019-2023,2022,Census,Texas (State)
Census Tract,48277000401,TX,48277000401,"=""48277000401""",3080.28,2019-2023,2022,Census,Texas (State)
Census Tract,48277000402,TX,48277000402,"=""48277000402""",299.95,2019-2023,2022,Census,Texas (State)
Census Tract,48277000500,TX,48277000500,"=""48277000500""",552.73,2019-2023,2022,Census,Texas (State)
Census Tract,48277000600,TX,48277000600,"=""48277000600""",447.37,2019-2023,2022,Census,Texas (State)
Census Tract,48277000700,TX,48277000700,"=""48277000700""",176.74,2019-2023,2022,Census,Texas (State)
Census Tract,48277000800,TX,48277000800,"=""48277000800""",243.13,2019-2023,2022,Census,Texas (State)
Census Tract,48277000900,TX,48277000900,"=""48277000900""",137.6,2019-2023,2022,Census,Texas (State)
Census Tract,48277001000,TX,48277001000,"=""48277001000""",2477.08,2019-2023,2022,Census,Texas (State)
Census Tract,48279950100,TX,48279950100,"=""48279950100""",11.61,2019-2023,2022,Census,Texas (State)
Census Tract,48279950200,TX,48279950200,"=""48279950200""",7.95,2019-2023,2022,Census,Texas (State)
Census Tract,48279950300,TX,48279950300,"=""48279950300""",6.58,2019-2023,2022,Census,Texas (State)
Census Tract,48279950500,TX,48279950500,"=""48279950500""",15.54,2019-2023,2022,Census,Texas (State)
Census Tract,48279950600,TX,48279950600,"=""48279950600""",37.29,2019-2023,2022,Census,Texas (State)
Census Tract,48281950100,TX,48281950100,"=""48281950100""",6.34,2019-2023,2022,Census,Texas (State)
Census Tract,48281950302,TX,48281950302,"=""48281950302""",21.52,2019-2023,2022,Census,Texas (State)
Census Tract,48281950303,TX,48281950303,"=""48281950303""",385.49,2019-2023,2022,Census,Texas (State)
Census Tract,48281950304,TX,48281950304,"=""48281950304""",81.33,2019-2023,2022,Census,Texas (State)
Census Tract,48281950400,TX,48281950400,"=""48281950400""",377.04,2019-2023,2022,Census,Texas (State)
Census Tract,48281950500,TX,48281950500,"=""48281950500""",646.18,2019-2023,2022,Census,Texas (State)
Census Tract,48283950301,TX,48283950301,"=""48283950301""",930.35,2019-2023,2022,Census,Texas (State)
Census Tract,48283950302,TX,48283950302,"=""48283950302""",2.51,2019-2023,2022,Census,Texas (State)
Census Tract,48285000100,TX,48285000100,"=""48285000100""",9.47,2019-2023,2022,Census,Texas (State)
Census Tract,48285000200,TX,48285000200,"=""48285000200""",40.68,2019-2023,2022,Census,Texas (State)
Census Tract,48285000300,TX,48285000300,"=""48285000300""",17.7,2019-2023,2022,Census,Texas (State)
Census Tract,48285000400,TX,48285000400,"=""48285000400""",47.93,2019-2023,2022,Census,Texas (State)
Census Tract,48285000500,TX,48285000500,"=""48285000500""",13.66,2019-2023,2022,Census,Texas (State)
Census Tract,48285000600,TX,48285000600,"=""48285000600""",1029.12,2019-2023,2022,Census,Texas (State)
Census Tract,48287000100,TX,48287000100,"=""48287000100""",25.78,2019-2023,2022,Census,Texas (State)
Census Tract,48287000200,TX,48287000200,"=""48287000200""",10.4,2019-2023,2022,Census,Texas (State)
Census Tract,48287000300,TX,48287000300,"=""48287000300""",19.85,2019-2023,2022,Census,Texas (State)
Census Tract,48287000400,TX,48287000400,"=""48287000400""",245.79,2019-2023,2022,Census,Texas (State)
Census Tract,48289950101,TX,48289950101,"=""48289950101""",39.1,2019-2023,2022,Census,Texas (State)
Census Tract,48289950102,TX,48289950102,"=""48289950102""",10.62,2019-2023,2022,Census,Texas (State)
Census Tract,48289950201,TX,48289950201,"=""48289950201""",13.24,2019-2023,2022,Census,Texas (State)
Census Tract,48289950202,TX,48289950202,"=""48289950202""",16.97,2019-2023,2022,Census,Texas (State)
Census Tract,48289950301,TX,48289950301,"=""48289950301""",8.75,2019-2023,2022,Census,Texas (State)
Census Tract,48289950302,TX,48289950302,"=""48289950302""",15,2019-2023,2022,Census,Texas (State)
Census Tract,48291700100,TX,48291700100,"=""48291700100""",246.57,2019-2023,2022,Census,Texas (State)
Census Tract,48291700200,TX,48291700200,"=""48291700200""",545,2019-2023,2022,Census,Texas (State)
Census Tract,48291700301,TX,48291700301,"=""48291700301""",300.22,2019-2023,2022,Census,Texas (State)
Census Tract,48291700302,TX,48291700302,"=""48291700302""",265.38,2019-2023,2022,Census,Texas (State)
Census Tract,48291700303,TX,48291700303,"=""48291700303""",1264.99,2019-2023,2022,Census,Texas (State)
Census Tract,48291700400,TX,48291700400,"=""48291700400""",55.98,2019-2023,2022,Census,Texas (State)
Census Tract,48291700500,TX,48291700500,"=""48291700500""",31.53,2019-2023,2022,Census,Texas (State)
Census Tract,48291700600,TX,48291700600,"=""48291700600""",23.34,2019-2023,2022,Census,Texas (State)
Census Tract,48291700700,TX,48291700700,"=""48291700700""",45.09,2019-2023,2022,Census,Texas (State)
Census Tract,48291700801,TX,48291700801,"=""48291700801""",202.67,2019-2023,2022,Census,Texas (State)
Census Tract,48291700802,TX,48291700802,"=""48291700802""",384.35,2019-2023,2022,Census,Texas (State)
Census Tract,48291700900,TX,48291700900,"=""48291700900""",105.54,2019-2023,2022,Census,Texas (State)
Census Tract,48291701000,TX,48291701000,"=""48291701000""",86.64,2019-2023,2022,Census,Texas (State)
Census Tract,48291701100,TX,48291701100,"=""48291701100""",103.32,2019-2023,2022,Census,Texas (State)
Census Tract,48291701200,TX,48291701200,"=""48291701200""",107.64,2019-2023,2022,Census,Texas (State)
Census Tract,48291701300,TX,48291701300,"=""48291701300""",26.09,2019-2023,2022,Census,Texas (State)
Census Tract,48291701400,TX,48291701400,"=""48291701400""",39.53,2019-2023,2022,Census,Texas (State)
Census Tract,48293970100,TX,48293970100,"=""48293970100""",8.65,2019-2023,2022,Census,Texas (State)
Census Tract,48293970200,TX,48293970200,"=""48293970200""",35.53,2019-2023,2022,Census,Texas (State)
Census Tract,48293970300,TX,48293970300,"=""48293970300""",582.56,2019-2023,2022,Census,Texas (State)
Census Tract,48293970400,TX,48293970400,"=""48293970400""",1118.64,2019-2023,2022,Census,Texas (State)
Census Tract,48293970500,TX,48293970500,"=""48293970500""",1576.64,2019-2023,2022,Census,Texas (State)
Census Tract,48293970600,TX,48293970600,"=""48293970600""",34.28,2019-2023,2022,Census,Texas (State)
Census Tract,48293970700,TX,48293970700,"=""48293970700""",12.82,2019-2023,2022,Census,Texas (State)
Census Tract,48293970800,TX,48293970800,"=""48293970800""",11.49,2019-2023,2022,Census,Texas (State)
Census Tract,48295950200,TX,48295950200,"=""48295950200""",6.68,2019-2023,2022,Census,Texas (State)
Census Tract,48295950300,TX,48295950300,"=""48295950300""",1.72,2019-2023,2022,Census,Texas (State)
Census Tract,48297950100,TX,48297950100,"=""48297950100""",8.53,2019-2023,2022,Census,Texas (State)
Census Tract,48297950200,TX,48297950200,"=""48297950200""",787.07,2019-2023,2022,Census,Texas (State)
Census Tract,48297950300,TX,48297950300,"=""48297950300""",4.53,2019-2023,2022,Census,Texas (State)
Census Tract,48297950400,TX,48297950400,"=""48297950400""",42.84,2019-2023,2022,Census,Texas (State)
Census Tract,48299970100,TX,48299970100,"=""48299970100""",7.23,2019-2023,2022,Census,Texas (State)
Census Tract,48299970200,TX,48299970200,"=""48299970200""",285.91,2019-2023,2022,Census,Texas (State)
Census Tract,48299970300,TX,48299970300,"=""48299970300""",4.63,2019-2023,2022,Census,Texas (State)
Census Tract,48299970401,TX,48299970401,"=""48299970401""",179.23,2019-2023,2022,Census,Texas (State)
Census Tract,48299970402,TX,48299970402,"=""48299970402""",219.41,2019-2023,2022,Census,Texas (State)
Census Tract,48299970501,TX,48299970501,"=""48299970501""",851.38,2019-2023,2022,Census,Texas (State)
Census Tract,48299970502,TX,48299970502,"=""48299970502""",771.18,2019-2023,2022,Census,Texas (State)
Census Tract,48299970600,TX,48299970600,"=""48299970600""",86.26,2019-2023,2022,Census,Texas (State)
Census Tract,48301950100,TX,48301950100,"=""48301950100""",0.08,2019-2023,2022,Census,Texas (State)
Census Tract,48303000100,TX,48303000100,"=""48303000100""",794.56,2019-2023,2022,Census,Texas (State)
Census Tract,48303000201,TX,48303000201,"=""48303000201""",232.23,2019-2023,2022,Census,Texas (State)
Census Tract,48303000202,TX,48303000202,"=""48303000202""",2574.24,2019-2023,2022,Census,Texas (State)
Census Tract,48303000301,TX,48303000301,"=""48303000301""",9402.34,2019-2023,2022,Census,Texas (State)
Census Tract,48303000303,TX,48303000303,"=""48303000303""",3758.78,2019-2023,2022,Census,Texas (State)
Census Tract,48303000304,TX,48303000304,"=""48303000304""",4793.98,2019-2023,2022,Census,Texas (State)
Census Tract,48303000402,TX,48303000402,"=""48303000402""",5227.5,2019-2023,2022,Census,Texas (State)
Census Tract,48303000403,TX,48303000403,"=""48303000403""",4066.03,2019-2023,2022,Census,Texas (State)
Census Tract,48303000406,TX,48303000406,"=""48303000406""",1687.79,2019-2023,2022,Census,Texas (State)
Census Tract,48303000407,TX,48303000407,"=""48303000407""",5413.92,2019-2023,2022,Census,Texas (State)
Census Tract,48303000408,TX,48303000408,"=""48303000408""",6731.43,2019-2023,2022,Census,Texas (State)
Census Tract,48303000409,TX,48303000409,"=""48303000409""",2789.63,2019-2023,2022,Census,Texas (State)
Census Tract,48303000410,TX,48303000410,"=""48303000410""",2802.52,2019-2023,2022,Census,Texas (State)
Census Tract,48303000411,TX,48303000411,"=""48303000411""",3863.79,2019-2023,2022,Census,Texas (State)
Census Tract,48303000501,TX,48303000501,"=""48303000501""",1232.35,2019-2023,2022,Census,Texas (State)
Census Tract,48303000502,TX,48303000502,"=""48303000502""",7670.59,2019-2023,2022,Census,Texas (State)
Census Tract,48303000503,TX,48303000503,"=""48303000503""",17776.03,2019-2023,2022,Census,Texas (State)
Census Tract,48303000603,TX,48303000603,"=""48303000603""",13524.18,2019-2023,2022,Census,Texas (State)
Census Tract,48303000605,TX,48303000605,"=""48303000605""",2848.31,2019-2023,2022,Census,Texas (State)
Census Tract,48303000607,TX,48303000607,"=""48303000607""",4537.99,2019-2023,2022,Census,Texas (State)
Census Tract,48303000700,TX,48303000700,"=""48303000700""",1368.24,2019-2023,2022,Census,Texas (State)
Census Tract,48303000901,TX,48303000901,"=""48303000901""",240.4,2019-2023,2022,Census,Texas (State)
Census Tract,48303000902,TX,48303000902,"=""48303000902""",2563.53,2019-2023,2022,Census,Texas (State)
Census Tract,48303001000,TX,48303001000,"=""48303001000""",810.76,2019-2023,2022,Census,Texas (State)
Census Tract,48303001200,TX,48303001200,"=""48303001200""",485.29,2019-2023,2022,Census,Texas (State)
Census Tract,48303001300,TX,48303001300,"=""48303001300""",1954.78,2019-2023,2022,Census,Texas (State)
Census Tract,48303001401,TX,48303001401,"=""48303001401""",4453.75,2019-2023,2022,Census,Texas (State)
Census Tract,48303001402,TX,48303001402,"=""48303001402""",6186.72,2019-2023,2022,Census,Texas (State)
Census Tract,48303001501,TX,48303001501,"=""48303001501""",4431.44,2019-2023,2022,Census,Texas (State)
Census Tract,48303001502,TX,48303001502,"=""48303001502""",5588.81,2019-2023,2022,Census,Texas (State)
Census Tract,48303001601,TX,48303001601,"=""48303001601""",2372.84,2019-2023,2022,Census,Texas (State)
Census Tract,48303001602,TX,48303001602,"=""48303001602""",4222.17,2019-2023,2022,Census,Texas (State)
Census Tract,48303001708,TX,48303001708,"=""48303001708""",4536.72,2019-2023,2022,Census,Texas (State)
Census Tract,48303001709,TX,48303001709,"=""48303001709""",8047.47,2019-2023,2022,Census,Texas (State)
Census Tract,48303001710,TX,48303001710,"=""48303001710""",3937.37,2019-2023,2022,Census,Texas (State)
Census Tract,48303001711,TX,48303001711,"=""48303001711""",3169.38,2019-2023,2022,Census,Texas (State)
Census Tract,48303001712,TX,48303001712,"=""48303001712""",5765.76,2019-2023,2022,Census,Texas (State)
Census Tract,48303001713,TX,48303001713,"=""48303001713""",5182.29,2019-2023,2022,Census,Texas (State)
Census Tract,48303001714,TX,48303001714,"=""48303001714""",3591.21,2019-2023,2022,Census,Texas (State)
Census Tract,48303001715,TX,48303001715,"=""48303001715""",839.23,2019-2023,2022,Census,Texas (State)
Census Tract,48303001716,TX,48303001716,"=""48303001716""",1855.79,2019-2023,2022,Census,Texas (State)
Census Tract,48303001717,TX,48303001717,"=""48303001717""",5820.2,2019-2023,2022,Census,Texas (State)
Census Tract,48303001804,TX,48303001804,"=""48303001804""",4422.72,2019-2023,2022,Census,Texas (State)
Census Tract,48303001805,TX,48303001805,"=""48303001805""",6217.82,2019-2023,2022,Census,Texas (State)
Census Tract,48303001806,TX,48303001806,"=""48303001806""",4590.11,2019-2023,2022,Census,Texas (State)
Census Tract,48303001807,TX,48303001807,"=""48303001807""",4553.86,2019-2023,2022,Census,Texas (State)
Census Tract,48303001808,TX,48303001808,"=""48303001808""",5080.58,2019-2023,2022,Census,Texas (State)
Census Tract,48303001904,TX,48303001904,"=""48303001904""",2260.38,2019-2023,2022,Census,Texas (State)
Census Tract,48303001905,TX,48303001905,"=""48303001905""",4949.76,2019-2023,2022,Census,Texas (State)
Census Tract,48303001906,TX,48303001906,"=""48303001906""",5207.97,2019-2023,2022,Census,Texas (State)
Census Tract,48303001907,TX,48303001907,"=""48303001907""",5167.07,2019-2023,2022,Census,Texas (State)
Census Tract,48303001908,TX,48303001908,"=""48303001908""",5346.4,2019-2023,2022,Census,Texas (State)
Census Tract,48303002001,TX,48303002001,"=""48303002001""",4220.27,2019-2023,2022,Census,Texas (State)
Census Tract,48303002002,TX,48303002002,"=""48303002002""",5917.23,2019-2023,2022,Census,Texas (State)
Census Tract,48303002102,TX,48303002102,"=""48303002102""",3998.78,2019-2023,2022,Census,Texas (State)
Census Tract,48303002103,TX,48303002103,"=""48303002103""",4116.26,2019-2023,2022,Census,Texas (State)
Census Tract,48303002104,TX,48303002104,"=""48303002104""",5034.12,2019-2023,2022,Census,Texas (State)
Census Tract,48303002203,TX,48303002203,"=""48303002203""",4559.26,2019-2023,2022,Census,Texas (State)
Census Tract,48303002205,TX,48303002205,"=""48303002205""",6058.21,2019-2023,2022,Census,Texas (State)
Census Tract,48303002206,TX,48303002206,"=""48303002206""",5900.39,2019-2023,2022,Census,Texas (State)
Census Tract,48303002207,TX,48303002207,"=""48303002207""",5756.01,2019-2023,2022,Census,Texas (State)
Census Tract,48303002208,TX,48303002208,"=""48303002208""",4001.55,2019-2023,2022,Census,Texas (State)
Census Tract,48303002301,TX,48303002301,"=""48303002301""",4400.77,2019-2023,2022,Census,Texas (State)
Census Tract,48303002302,TX,48303002302,"=""48303002302""",5474.49,2019-2023,2022,Census,Texas (State)
Census Tract,48303002401,TX,48303002401,"=""48303002401""",3642.94,2019-2023,2022,Census,Texas (State)
Census Tract,48303002402,TX,48303002402,"=""48303002402""",2495.33,2019-2023,2022,Census,Texas (State)
Census Tract,48303002500,TX,48303002500,"=""48303002500""",272.34,2019-2023,2022,Census,Texas (State)
Census Tract,48303010101,TX,48303010101,"=""48303010101""",10.29,2019-2023,2022,Census,Texas (State)
Census Tract,48303010102,TX,48303010102,"=""48303010102""",1083.5,2019-2023,2022,Census,Texas (State)
Census Tract,48303010201,TX,48303010201,"=""48303010201""",74.69,2019-2023,2022,Census,Texas (State)
Census Tract,48303010202,TX,48303010202,"=""48303010202""",26.02,2019-2023,2022,Census,Texas (State)
Census Tract,48303010203,TX,48303010203,"=""48303010203""",36.88,2019-2023,2022,Census,Texas (State)
Census Tract,48303010204,TX,48303010204,"=""48303010204""",107.02,2019-2023,2022,Census,Texas (State)
Census Tract,48303010301,TX,48303010301,"=""48303010301""",30.52,2019-2023,2022,Census,Texas (State)
Census Tract,48303010302,TX,48303010302,"=""48303010302""",820.49,2019-2023,2022,Census,Texas (State)
Census Tract,48303010402,TX,48303010402,"=""48303010402""",373.88,2019-2023,2022,Census,Texas (State)
Census Tract,48303010404,TX,48303010404,"=""48303010404""",1228.95,2019-2023,2022,Census,Texas (State)
Census Tract,48303010409,TX,48303010409,"=""48303010409""",3850.54,2019-2023,2022,Census,Texas (State)
Census Tract,48303010410,TX,48303010410,"=""48303010410""",5260.29,2019-2023,2022,Census,Texas (State)
Census Tract,48303010411,TX,48303010411,"=""48303010411""",5062.86,2019-2023,2022,Census,Texas (State)
Census Tract,48303010412,TX,48303010412,"=""48303010412""",1206.4,2019-2023,2022,Census,Texas (State)
Census Tract,48303010413,TX,48303010413,"=""48303010413""",3981.31,2019-2023,2022,Census,Texas (State)
Census Tract,48303010414,TX,48303010414,"=""48303010414""",7015.03,2019-2023,2022,Census,Texas (State)
Census Tract,48303010415,TX,48303010415,"=""48303010415""",3586.82,2019-2023,2022,Census,Texas (State)
Census Tract,48303010416,TX,48303010416,"=""48303010416""",75.91,2019-2023,2022,Census,Texas (State)
Census Tract,48303010417,TX,48303010417,"=""48303010417""",410.59,2019-2023,2022,Census,Texas (State)
Census Tract,48303010418,TX,48303010418,"=""48303010418""",86.02,2019-2023,2022,Census,Texas (State)
Census Tract,48303010419,TX,48303010419,"=""48303010419""",615.45,2019-2023,2022,Census,Texas (State)
Census Tract,48303010420,TX,48303010420,"=""48303010420""",230.52,2019-2023,2022,Census,Texas (State)
Census Tract,48303010421,TX,48303010421,"=""48303010421""",728.17,2019-2023,2022,Census,Texas (State)
Census Tract,48303010422,TX,48303010422,"=""48303010422""",153.68,2019-2023,2022,Census,Texas (State)
Census Tract,48303010423,TX,48303010423,"=""48303010423""",54.8,2019-2023,2022,Census,Texas (State)
Census Tract,48303010502,TX,48303010502,"=""48303010502""",3385.34,2019-2023,2022,Census,Texas (State)
Census Tract,48303010504,TX,48303010504,"=""48303010504""",4047.72,2019-2023,2022,Census,Texas (State)
Census Tract,48303010505,TX,48303010505,"=""48303010505""",4307.62,2019-2023,2022,Census,Texas (State)
Census Tract,48303010506,TX,48303010506,"=""48303010506""",2695.87,2019-2023,2022,Census,Texas (State)
Census Tract,48303010509,TX,48303010509,"=""48303010509""",3505.3,2019-2023,2022,Census,Texas (State)
Census Tract,48303010510,TX,48303010510,"=""48303010510""",3054.69,2019-2023,2022,Census,Texas (State)
Census Tract,48303010511,TX,48303010511,"=""48303010511""",3151.29,2019-2023,2022,Census,Texas (State)
Census Tract,48303010512,TX,48303010512,"=""48303010512""",738.53,2019-2023,2022,Census,Texas (State)
Census Tract,48303010513,TX,48303010513,"=""48303010513""",63.25,2019-2023,2022,Census,Texas (State)
Census Tract,48303010514,TX,48303010514,"=""48303010514""",176.55,2019-2023,2022,Census,Texas (State)
Census Tract,48303010601,TX,48303010601,"=""48303010601""",1827.33,2019-2023,2022,Census,Texas (State)
Census Tract,48303010602,TX,48303010602,"=""48303010602""",1106.2,2019-2023,2022,Census,Texas (State)
Census Tract,48303010700,TX,48303010700,"=""48303010700""",20.7,2019-2023,2022,Census,Texas (State)
Census Tract,48303980000,TX,48303980000,"=""48303980000""",0,2019-2023,2022,Census,Texas (State)
Census Tract,48305950400,TX,48305950400,"=""48305950400""",4.78,2019-2023,2022,Census,Texas (State)
Census Tract,48305950500,TX,48305950500,"=""48305950500""",188.35,2019-2023,2022,Census,Texas (State)
Census Tract,48305950600,TX,48305950600,"=""48305950600""",2.76,2019-2023,2022,Census,Texas (State)
Census Tract,48307950300,TX,48307950300,"=""48307950300""",429.58,2019-2023,2022,Census,Texas (State)
Census Tract,48307950400,TX,48307950400,"=""48307950400""",4.02,2019-2023,2022,Census,Texas (State)
Census Tract,48307950500,TX,48307950500,"=""48307950500""",1.81,2019-2023,2022,Census,Texas (State)
Census Tract,48309000100,TX,48309000100,"=""48309000100""",1537.7,2019-2023,2022,Census,Texas (State)
Census Tract,48309000200,TX,48309000200,"=""48309000200""",3225.18,2019-2023,2022,Census,Texas (State)
Census Tract,48309000300,TX,48309000300,"=""48309000300""",6712.57,2019-2023,2022,Census,Texas (State)
Census Tract,48309000401,TX,48309000401,"=""48309000401""",3827.11,2019-2023,2022,Census,Texas (State)
Census Tract,48309000402,TX,48309000402,"=""48309000402""",13284.72,2019-2023,2022,Census,Texas (State)
Census Tract,48309000598,TX,48309000598,"=""48309000598""",3085.85,2019-2023,2022,Census,Texas (State)
Census Tract,48309000700,TX,48309000700,"=""48309000700""",2967.38,2019-2023,2022,Census,Texas (State)
Census Tract,48309000800,TX,48309000800,"=""48309000800""",6245.25,2019-2023,2022,Census,Texas (State)
Census Tract,48309000900,TX,48309000900,"=""48309000900""",5152.33,2019-2023,2022,Census,Texas (State)
Census Tract,48309001000,TX,48309001000,"=""48309001000""",4845.42,2019-2023,2022,Census,Texas (State)
Census Tract,48309001100,TX,48309001100,"=""48309001100""",5113.32,2019-2023,2022,Census,Texas (State)
Census Tract,48309001200,TX,48309001200,"=""48309001200""",5610.55,2019-2023,2022,Census,Texas (State)
Census Tract,48309001300,TX,48309001300,"=""48309001300""",1489.75,2019-2023,2022,Census,Texas (State)
Census Tract,48309001401,TX,48309001401,"=""48309001401""",3783.46,2019-2023,2022,Census,Texas (State)
Census Tract,48309001402,TX,48309001402,"=""48309001402""",1096.38,2019-2023,2022,Census,Texas (State)
Census Tract,48309001500,TX,48309001500,"=""48309001500""",1175.57,2019-2023,2022,Census,Texas (State)
Census Tract,48309001600,TX,48309001600,"=""48309001600""",1916.14,2019-2023,2022,Census,Texas (State)
Census Tract,48309001700,TX,48309001700,"=""48309001700""",725.33,2019-2023,2022,Census,Texas (State)
Census Tract,48309001800,TX,48309001800,"=""48309001800""",215.43,2019-2023,2022,Census,Texas (State)
Census Tract,48309001900,TX,48309001900,"=""48309001900""",1421.01,2019-2023,2022,Census,Texas (State)
Census Tract,48309002000,TX,48309002000,"=""48309002000""",841.51,2019-2023,2022,Census,Texas (State)
Census Tract,48309002100,TX,48309002100,"=""48309002100""",1926.59,2019-2023,2022,Census,Texas (State)
Census Tract,48309002302,TX,48309002302,"=""48309002302""",2328.94,2019-2023,2022,Census,Texas (State)
Census Tract,48309002498,TX,48309002498,"=""48309002498""",3943.42,2019-2023,2022,Census,Texas (State)
Census Tract,48309002501,TX,48309002501,"=""48309002501""",2270.12,2019-2023,2022,Census,Texas (State)
Census Tract,48309002503,TX,48309002503,"=""48309002503""",1720.74,2019-2023,2022,Census,Texas (State)
Census Tract,48309002504,TX,48309002504,"=""48309002504""",1581.81,2019-2023,2022,Census,Texas (State)
Census Tract,48309002600,TX,48309002600,"=""48309002600""",2516.74,2019-2023,2022,Census,Texas (State)
Census Tract,48309002700,TX,48309002700,"=""48309002700""",3649.89,2019-2023,2022,Census,Texas (State)
Census Tract,48309002800,TX,48309002800,"=""48309002800""",2897.53,2019-2023,2022,Census,Texas (State)
Census Tract,48309002900,TX,48309002900,"=""48309002900""",188.55,2019-2023,2022,Census,Texas (State)
Census Tract,48309003000,TX,48309003000,"=""48309003000""",1543.99,2019-2023,2022,Census,Texas (State)
Census Tract,48309003200,TX,48309003200,"=""48309003200""",918.99,2019-2023,2022,Census,Texas (State)
Census Tract,48309003300,TX,48309003300,"=""48309003300""",600.02,2019-2023,2022,Census,Texas (State)
Census Tract,48309003401,TX,48309003401,"=""48309003401""",70.6,2019-2023,2022,Census,Texas (State)
Census Tract,48309003402,TX,48309003402,"=""48309003402""",229.42,2019-2023,2022,Census,Texas (State)
Census Tract,48309003500,TX,48309003500,"=""48309003500""",43.06,2019-2023,2022,Census,Texas (State)
Census Tract,48309003601,TX,48309003601,"=""48309003601""",72.77,2019-2023,2022,Census,Texas (State)
Census Tract,48309003602,TX,48309003602,"=""48309003602""",55.12,2019-2023,2022,Census,Texas (State)
Census Tract,48309003701,TX,48309003701,"=""48309003701""",55.07,2019-2023,2022,Census,Texas (State)
Census Tract,48309003703,TX,48309003703,"=""48309003703""",261.02,2019-2023,2022,Census,Texas (State)
Census Tract,48309003708,TX,48309003708,"=""48309003708""",1224.05,2019-2023,2022,Census,Texas (State)
Census Tract,48309003709,TX,48309003709,"=""48309003709""",1054,2019-2023,2022,Census,Texas (State)
Census Tract,48309003710,TX,48309003710,"=""48309003710""",1883.36,2019-2023,2022,Census,Texas (State)
Census Tract,48309003711,TX,48309003711,"=""48309003711""",1438.11,2019-2023,2022,Census,Texas (State)
Census Tract,48309003712,TX,48309003712,"=""48309003712""",781.75,2019-2023,2022,Census,Texas (State)
Census Tract,48309003801,TX,48309003801,"=""48309003801""",125.91,2019-2023,2022,Census,Texas (State)
Census Tract,48309003802,TX,48309003802,"=""48309003802""",75.98,2019-2023,2022,Census,Texas (State)
Census Tract,48309003901,TX,48309003901,"=""48309003901""",176.64,2019-2023,2022,Census,Texas (State)
Census Tract,48309003902,TX,48309003902,"=""48309003902""",133.78,2019-2023,2022,Census,Texas (State)
Census Tract,48309004000,TX,48309004000,"=""48309004000""",33.93,2019-2023,2022,Census,Texas (State)
Census Tract,48309004102,TX,48309004102,"=""48309004102""",122.87,2019-2023,2022,Census,Texas (State)
Census Tract,48309004104,TX,48309004104,"=""48309004104""",191.46,2019-2023,2022,Census,Texas (State)
Census Tract,48309004105,TX,48309004105,"=""48309004105""",592.56,2019-2023,2022,Census,Texas (State)
Census Tract,48309004201,TX,48309004201,"=""48309004201""",88.82,2019-2023,2022,Census,Texas (State)
Census Tract,48309004202,TX,48309004202,"=""48309004202""",51.38,2019-2023,2022,Census,Texas (State)
Census Tract,48309004300,TX,48309004300,"=""48309004300""",2321.81,2019-2023,2022,Census,Texas (State)
Census Tract,48309980000,TX,48309980000,"=""48309980000""",0,2019-2023,2022,Census,Texas (State)
Census Tract,48311950100,TX,48311950100,"=""48311950100""",0.55,2019-2023,2022,Census,Texas (State)
Census Tract,48313000100,TX,48313000100,"=""48313000100""",28.74,2019-2023,2022,Census,Texas (State)
Census Tract,48313000200,TX,48313000200,"=""48313000200""",11.08,2019-2023,2022,Census,Texas (State)
Census Tract,48313000300,TX,48313000300,"=""48313000300""",18.1,2019-2023,2022,Census,Texas (State)
Census Tract,48313000400,TX,48313000400,"=""48313000400""",379.86,2019-2023,2022,Census,Texas (State)
Census Tract,48315950100,TX,48315950100,"=""48315950100""",8.96,2019-2023,2022,Census,Texas (State)
Census Tract,48315950200,TX,48315950200,"=""48315950200""",21.8,2019-2023,2022,Census,Texas (State)
Census Tract,48315950300,TX,48315950300,"=""48315950300""",74.25,2019-2023,2022,Census,Texas (State)
Census Tract,48315950400,TX,48315950400,"=""48315950400""",153.54,2019-2023,2022,Census,Texas (State)
Census Tract,48317950100,TX,48317950100,"=""48317950100""",2.07,2019-2023,2022,Census,Texas (State)
Census Tract,48317950200,TX,48317950200,"=""48317950200""",24.15,2019-2023,2022,Census,Texas (State)
Census Tract,48319950100,TX,48319950100,"=""48319950100""",523.22,2019-2023,2022,Census,Texas (State)
Census Tract,48319950200,TX,48319950200,"=""48319950200""",1.73,2019-2023,2022,Census,Texas (State)
Census Tract,48321730100,TX,48321730100,"=""48321730100""",96.31,2019-2023,2022,Census,Texas (State)
Census Tract,48321730202,TX,48321730202,"=""48321730202""",28.39,2019-2023,2022,Census,Texas (State)
Census Tract,48321730203,TX,48321730203,"=""48321730203""",24.55,2019-2023,2022,Census,Texas (State)
Census Tract,48321730204,TX,48321730204,"=""48321730204""",2255.55,2019-2023,2022,Census,Texas (State)
Census Tract,48321730301,TX,48321730301,"=""48321730301""",1976.93,2019-2023,2022,Census,Texas (State)
Census Tract,48321730302,TX,48321730302,"=""48321730302""",3223.08,2019-2023,2022,Census,Texas (State)
Census Tract,48321730303,TX,48321730303,"=""48321730303""",13.43,2019-2023,2022,Census,Texas (State)
Census Tract,48321730400,TX,48321730400,"=""48321730400""",117.21,2019-2023,2022,Census,Texas (State)
Census Tract,48321730502,TX,48321730502,"=""48321730502""",6.79,2019-2023,2022,Census,Texas (State)
Census Tract,48321730503,TX,48321730503,"=""48321730503""",19.25,2019-2023,2022,Census,Texas (State)
Census Tract,48321730600,TX,48321730600,"=""48321730600""",31.44,2019-2023,2022,Census,Texas (State)
Census Tract,48321730700,TX,48321730700,"=""48321730700""",12.37,2019-2023,2022,Census,Texas (State)
Census Tract,48321990000,TX,48321990000,"=""48321990000""",N/A,2019-2023,2022,Census,Texas (State)
Census Tract,48323950204,TX,48323950204,"=""48323950204""",1935.98,2019-2023,2022,Census,Texas (State)
Census Tract,48323950206,TX,48323950206,"=""48323950206""",432.18,2019-2023,2022,Census,Texas (State)
Census Tract,48323950207,TX,48323950207,"=""48323950207""",8.71,2019-2023,2022,Census,Texas (State)
Census Tract,48323950208,TX,48323950208,"=""48323950208""",2807.56,2019-2023,2022,Census,Texas (State)
Census Tract,48323950209,TX,48323950209,"=""48323950209""",1391.88,2019-2023,2022,Census,Texas (State)
Census Tract,48323950301,TX,48323950301,"=""48323950301""",5611.53,2019-2023,2022,Census,Texas (State)
Census Tract,48323950302,TX,48323950302,"=""48323950302""",3772.28,2019-2023,2022,Census,Texas (State)
Census Tract,48323950400,TX,48323950400,"=""48323950400""",5701.54,2019-2023,2022,Census,Texas (State)
Census Tract,48323950500,TX,48323950500,"=""48323950500""",2299.01,2019-2023,2022,Census,Texas (State)
Census Tract,48323950601,TX,48323950601,"=""48323950601""",3320.05,2019-2023,2022,Census,Texas (State)
Census Tract,48323950602,TX,48323950602,"=""48323950602""",3312.21,2019-2023,2022,Census,Texas (State)
Census Tract,48323950701,TX,48323950701,"=""48323950701""",10.91,2019-2023,2022,Census,Texas (State)
Census Tract,48323950702,TX,48323950702,"=""48323950702""",22.62,2019-2023,2022,Census,Texas (State)
Census Tract,48325000101,TX,48325000101,"=""48325000101""",135.26,2019-2023,2022,Census,Texas (State)
Census Tract,48325000103,TX,48325000103,"=""48325000103""",108.14,2019-2023,2022,Census,Texas (State)
Census Tract,48325000104,TX,48325000104,"=""48325000104""",37.31,2019-2023,2022,Census,Texas (State)
Census Tract,48325000200,TX,48325000200,"=""48325000200""",3.29,2019-2023,2022,Census,Texas (State)
Census Tract,48325000301,TX,48325000301,"=""48325000301""",16.7,2019-2023,2022,Census,Texas (State)
Census Tract,48325000302,TX,48325000302,"=""48325000302""",49.15,2019-2023,2022,Census,Texas (State)
Census Tract,48325000401,TX,48325000401,"=""48325000401""",155.96,2019-2023,2022,Census,Texas (State)
Census Tract,48325000402,TX,48325000402,"=""48325000402""",65.6,2019-2023,2022,Census,Texas (State)
Census Tract,48325000500,TX,48325000500,"=""48325000500""",29.22,2019-2023,2022,Census,Texas (State)
Census Tract,48325000801,TX,48325000801,"=""48325000801""",42.45,2019-2023,2022,Census,Texas (State)
Census Tract,48325000802,TX,48325000802,"=""48325000802""",382.78,2019-2023,2022,Census,Texas (State)
Census Tract,48327950300,TX,48327950300,"=""48327950300""",2.18,2019-2023,2022,Census,Texas (State)
Census Tract,48329000100,TX,48329000100,"=""48329000100""",2325.05,2019-2023,2022,Census,Texas (State)
Census Tract,48329000200,TX,48329000200,"=""48329000200""",1860.96,2019-2023,2022,Census,Texas (State)
Census Tract,48329000302,TX,48329000302,"=""48329000302""",5021.04,2019-2023,2022,Census,Texas (State)
Census Tract,48329000303,TX,48329000303,"=""48329000303""",3813.09,2019-2023,2022,Census,Texas (State)
Census Tract,48329000304,TX,48329000304,"=""48329000304""",3823.79,2019-2023,2022,Census,Texas (State)
Census Tract,48329000305,TX,48329000305,"=""48329000305""",4284.78,2019-2023,2022,Census,Texas (State)
Census Tract,48329000401,TX,48329000401,"=""48329000401""",2591.92,2019-2023,2022,Census,Texas (State)
Census Tract,48329000402,TX,48329000402,"=""48329000402""",4440.83,2019-2023,2022,Census,Texas (State)
Census Tract,48329000500,TX,48329000500,"=""48329000500""",2890.74,2019-2023,2022,Census,Texas (State)
Census Tract,48329000600,TX,48329000600,"=""48329000600""",3195.18,2019-2023,2022,Census,Texas (State)
Census Tract,48329001100,TX,48329001100,"=""48329001100""",2534.79,2019-2023,2022,Census,Texas (State)
Census Tract,48329001200,TX,48329001200,"=""48329001200""",5677.49,2019-2023,2022,Census,Texas (State)
Census Tract,48329001300,TX,48329001300,"=""48329001300""",4325.84,2019-2023,2022,Census,Texas (State)
Census Tract,48329001400,TX,48329001400,"=""48329001400""",2268.26,2019-2023,2022,Census,Texas (State)
Census Tract,48329001500,TX,48329001500,"=""48329001500""",2483.78,2019-2023,2022,Census,Texas (State)
Census Tract,48329001700,TX,48329001700,"=""48329001700""",3536.29,2019-2023,2022,Census,Texas (State)
Census Tract,48329010105,TX,48329010105,"=""48329010105""",5327.25,2019-2023,2022,Census,Texas (State)
Census Tract,48329010106,TX,48329010106,"=""48329010106""",5846.35,2019-2023,2022,Census,Texas (State)
Census Tract,48329010107,TX,48329010107,"=""48329010107""",2822.41,2019-2023,2022,Census,Texas (State)
Census Tract,48329010108,TX,48329010108,"=""48329010108""",2270.38,2019-2023,2022,Census,Texas (State)
Census Tract,48329010115,TX,48329010115,"=""48329010115""",10771.48,2019-2023,2022,Census,Texas (State)
Census Tract,48329010116,TX,48329010116,"=""48329010116""",2188.27,2019-2023,2022,Census,Texas (State)
Census Tract,48329010117,TX,48329010117,"=""48329010117""",573.44,2019-2023,2022,Census,Texas (State)
Census Tract,48329010118,TX,48329010118,"=""48329010118""",446.68,2019-2023,2022,Census,Texas (State)
Census Tract,48329010119,TX,48329010119,"=""48329010119""",18.08,2019-2023,2022,Census,Texas (State)
Census Tract,48329010120,TX,48329010120,"=""48329010120""",1904.89,2019-2023,2022,Census,Texas (State)
Census Tract,48329010121,TX,48329010121,"=""48329010121""",105.89,2019-2023,2022,Census,Texas (State)
Census Tract,48329010122,TX,48329010122,"=""48329010122""",409.35,2019-2023,2022,Census,Texas (State)
Census Tract,48329010123,TX,48329010123,"=""48329010123""",491.19,2019-2023,2022,Census,Texas (State)
Census Tract,48329010124,TX,48329010124,"=""48329010124""",8.65,2019-2023,2022,Census,Texas (State)
Census Tract,48329010125,TX,48329010125,"=""48329010125""",352.59,2019-2023,2022,Census,Texas (State)
Census Tract,48329010126,TX,48329010126,"=""48329010126""",202.17,2019-2023,2022,Census,Texas (State)
Census Tract,48329010127,TX,48329010127,"=""48329010127""",383.22,2019-2023,2022,Census,Texas (State)
Census Tract,48329010128,TX,48329010128,"=""48329010128""",162.17,2019-2023,2022,Census,Texas (State)
Census Tract,48329010129,TX,48329010129,"=""48329010129""",48.6,2019-2023,2022,Census,Texas (State)
Census Tract,48329010200,TX,48329010200,"=""48329010200""",2514.76,2019-2023,2022,Census,Texas (State)
Census Tract,48329980000,TX,48329980000,"=""48329980000""",0,2019-2023,2022,Census,Texas (State)
Census Tract,48331950100,TX,48331950100,"=""48331950100""",7.32,2019-2023,2022,Census,Texas (State)
Census Tract,48331950300,TX,48331950300,"=""48331950300""",16.08,2019-2023,2022,Census,Texas (State)
Census Tract,48331950401,TX,48331950401,"=""48331950401""",76,2019-2023,2022,Census,Texas (State)
Census Tract,48331950402,TX,48331950402,"=""48331950402""",60.63,2019-2023,2022,Census,Texas (State)
Census Tract,48331950500,TX,48331950500,"=""48331950500""",17.01,2019-2023,2022,Census,Texas (State)
Census Tract,48331950700,TX,48331950700,"=""48331950700""",734.33,2019-2023,2022,Census,Texas (State)
Census Tract,48331950800,TX,48331950800,"=""48331950800""",23.55,2019-2023,2022,Census,Texas (State)
Census Tract,48333950100,TX,48333950100,"=""48333950100""",3.75,2019-2023,2022,Census,Texas (State)
Census Tract,48333950200,TX,48333950200,"=""48333950200""",11.03,2019-2023,2022,Census,Texas (State)
Census Tract,48335950200,TX,48335950200,"=""48335950200""",43.76,2019-2023,2022,Census,Texas (State)
Census Tract,48335950400,TX,48335950400,"=""48335950400""",3.43,2019-2023,2022,Census,Texas (State)
Census Tract,48337950100,TX,48337950100,"=""48337950100""",11.52,2019-2023,2022,Census,Texas (State)
Census Tract,48337950200,TX,48337950200,"=""48337950200""",7.38,2019-2023,2022,Census,Texas (State)
Census Tract,48337950300,TX,48337950300,"=""48337950300""",933.2,2019-2023,2022,Census,Texas (State)
Census Tract,48337950401,TX,48337950401,"=""48337950401""",16.81,2019-2023,2022,Census,Texas (State)
Census Tract,48337950402,TX,48337950402,"=""48337950402""",26.12,2019-2023,2022,Census,Texas (State)
Census Tract,48337950501,TX,48337950501,"=""48337950501""",763.77,2019-2023,2022,Census,Texas (State)
Census Tract,48337950502,TX,48337950502,"=""48337950502""",724.98,2019-2023,2022,Census,Texas (State)
Census Tract,48337950600,TX,48337950600,"=""48337950600""",10.74,2019-2023,2022,Census,Texas (State)
Census Tract,48339690101,TX,48339690101,"=""48339690101""",415.37,2019-2023,2022,Census,Texas (State)
Census Tract,48339690102,TX,48339690102,"=""48339690102""",685.8,2019-2023,2022,Census,Texas (State)
Census Tract,48339690203,TX,48339690203,"=""48339690203""",557.38,2019-2023,2022,Census,Texas (State)
Census Tract,48339690204,TX,48339690204,"=""48339690204""",713.74,2019-2023,2022,Census,Texas (State)
Census Tract,48339690205,TX,48339690205,"=""48339690205""",849.31,2019-2023,2022,Census,Texas (State)
Census Tract,48339690206,TX,48339690206,"=""48339690206""",493.67,2019-2023,2022,Census,Texas (State)
Census Tract,48339690207,TX,48339690207,"=""48339690207""",620.38,2019-2023,2022,Census,Texas (State)
Census Tract,48339690300,TX,48339690300,"=""48339690300""",339.35,2019-2023,2022,Census,Texas (State)
Census Tract,48339690403,TX,48339690403,"=""48339690403""",281.93,2019-2023,2022,Census,Texas (State)
Census Tract,48339690404,TX,48339690404,"=""48339690404""",1329.47,2019-2023,2022,Census,Texas (State)
Census Tract,48339690405,TX,48339690405,"=""48339690405""",422.57,2019-2023,2022,Census,Texas (State)
Census Tract,48339690406,TX,48339690406,"=""48339690406""",941.79,2019-2023,2022,Census,Texas (State)
Census Tract,48339690407,TX,48339690407,"=""48339690407""",594.93,2019-2023,2022,Census,Texas (State)
Census Tract,48339690408,TX,48339690408,"=""48339690408""",643.78,2019-2023,2022,Census,Texas (State)
Census Tract,48339690501,TX,48339690501,"=""48339690501""",1395.28,2019-2023,2022,Census,Texas (State)
Census Tract,48339690502,TX,48339690502,"=""48339690502""",599.83,2019-2023,2022,Census,Texas (State)
Census Tract,48339690503,TX,48339690503,"=""48339690503""",1851.9,2019-2023,2022,Census,Texas (State)
Census Tract,48339690603,TX,48339690603,"=""48339690603""",818.52,2019-2023,2022,Census,Texas (State)
Census Tract,48339690604,TX,48339690604,"=""48339690604""",4079.15,2019-2023,2022,Census,Texas (State)
Census Tract,48339690605,TX,48339690605,"=""48339690605""",2394.21,2019-2023,2022,Census,Texas (State)
Census Tract,48339690606,TX,48339690606,"=""48339690606""",3219.56,2019-2023,2022,Census,Texas (State)
Census Tract,48339690607,TX,48339690607,"=""48339690607""",5944.88,2019-2023,2022,Census,Texas (State)
Census Tract,48339690608,TX,48339690608,"=""48339690608""",2021.95,2019-2023,2022,Census,Texas (State)
Census Tract,48339690609,TX,48339690609,"=""48339690609""",4125.11,2019-2023,2022,Census,Texas (State)
Census Tract,48339690610,TX,48339690610,"=""48339690610""",1910.31,2019-2023,2022,Census,Texas (State)
Census Tract,48339690701,TX,48339690701,"=""48339690701""",1427.43,2019-2023,2022,Census,Texas (State)
Census Tract,48339690702,TX,48339690702,"=""48339690702""",2142.78,2019-2023,2022,Census,Texas (State)
Census Tract,48339690800,TX,48339690800,"=""48339690800""",2353.74,2019-2023,2022,Census,Texas (State)
Census Tract,48339690900,TX,48339690900,"=""48339690900""",2326.6,2019-2023,2022,Census,Texas (State)
Census Tract,48339691000,TX,48339691000,"=""48339691000""",2566.79,2019-2023,2022,Census,Texas (State)
Census Tract,48339691100,TX,48339691100,"=""48339691100""",4438.57,2019-2023,2022,Census,Texas (State)
Census Tract,48339691201,TX,48339691201,"=""48339691201""",3151.74,2019-2023,2022,Census,Texas (State)
Census Tract,48339691202,TX,48339691202,"=""48339691202""",3431.84,2019-2023,2022,Census,Texas (State)
Census Tract,48339691301,TX,48339691301,"=""48339691301""",2015.24,2019-2023,2022,Census,Texas (State)
Census Tract,48339691302,TX,48339691302,"=""48339691302""",3185.77,2019-2023,2022,Census,Texas (State)
Census Tract,48339691401,TX,48339691401,"=""48339691401""",2289.85,2019-2023,2022,Census,Texas (State)
Census Tract,48339691402,TX,48339691402,"=""48339691402""",1311.15,2019-2023,2022,Census,Texas (State)
Census Tract,48339691403,TX,48339691403,"=""48339691403""",3224.27,2019-2023,2022,Census,Texas (State)
Census Tract,48339691500,TX,48339691500,"=""48339691500""",3406.54,2019-2023,2022,Census,Texas (State)
Census Tract,48339691601,TX,48339691601,"=""48339691601""",3001.34,2019-2023,2022,Census,Texas (State)
Census Tract,48339691602,TX,48339691602,"=""48339691602""",4720.95,2019-2023,2022,Census,Texas (State)
Census Tract,48339691700,TX,48339691700,"=""48339691700""",1901.1,2019-2023,2022,Census,Texas (State)
Census Tract,48339691801,TX,48339691801,"=""48339691801""",5334.57,2019-2023,2022,Census,Texas (State)
Census Tract,48339691802,TX,48339691802,"=""48339691802""",757.38,2019-2023,2022,Census,Texas (State)
Census Tract,48339691900,TX,48339691900,"=""48339691900""",1749.23,2019-2023,2022,Census,Texas (State)
Census Tract,48339692003,TX,48339692003,"=""48339692003""",1107.5,2019-2023,2022,Census,Texas (State)
Census Tract,48339692004,TX,48339692004,"=""48339692004""",2590.37,2019-2023,2022,Census,Texas (State)
Census Tract,48339692005,TX,48339692005,"=""48339692005""",3197.64,2019-2023,2022,Census,Texas (State)
Census Tract,48339692006,TX,48339692006,"=""48339692006""",9432.7,2019-2023,2022,Census,Texas (State)
Census Tract,48339692007,TX,48339692007,"=""48339692007""",2745.1,2019-2023,2022,Census,Texas (State)
Census Tract,48339692008,TX,48339692008,"=""48339692008""",1967.08,2019-2023,2022,Census,Texas (State)
Census Tract,48339692009,TX,48339692009,"=""48339692009""",4165.37,2019-2023,2022,Census,Texas (State)
Census Tract,48339692010,TX,48339692010,"=""48339692010""",357.3,2019-2023,2022,Census,Texas (State)
Census Tract,48339692101,TX,48339692101,"=""48339692101""",2401.92,2019-2023,2022,Census,Texas (State)
Census Tract,48339692102,TX,48339692102,"=""48339692102""",2170.79,2019-2023,2022,Census,Texas (State)
Census Tract,48339692103,TX,48339692103,"=""48339692103""",700.95,2019-2023,2022,Census,Texas (State)
Census Tract,48339692201,TX,48339692201,"=""48339692201""",369.74,2019-2023,2022,Census,Texas (State)
Census Tract,48339692202,TX,48339692202,"=""48339692202""",189.58,2019-2023,2022,Census,Texas (State)
Census Tract,48339692301,TX,48339692301,"=""48339692301""",493.43,2019-2023,2022,Census,Texas (State)
Census Tract,48339692302,TX,48339692302,"=""48339692302""",1092.96,2019-2023,2022,Census,Texas (State)
Census Tract,48339692303,TX,48339692303,"=""48339692303""",856.33,2019-2023,2022,Census,Texas (State)
Census Tract,48339692304,TX,48339692304,"=""48339692304""",2569.56,2019-2023,2022,Census,Texas (State)
Census Tract,48339692401,TX,48339692401,"=""48339692401""",1267.38,2019-2023,2022,Census,Texas (State)
Census Tract,48339692402,TX,48339692402,"=""48339692402""",3411.89,2019-2023,2022,Census,Texas (State)
Census Tract,48339692501,TX,48339692501,"=""48339692501""",385.79,2019-2023,2022,Census,Texas (State)
Census Tract,48339692502,TX,48339692502,"=""48339692502""",1543.01,2019-2023,2022,Census,Texas (State)
Census Tract,48339692601,TX,48339692601,"=""48339692601""",892.61,2019-2023,2022,Census,Texas (State)
Census Tract,48339692603,TX,48339692603,"=""48339692603""",404.68,2019-2023,2022,Census,Texas (State)
Census Tract,48339692604,TX,48339692604,"=""48339692604""",1514.78,2019-2023,2022,Census,Texas (State)
Census Tract,48339692605,TX,48339692605,"=""48339692605""",2015.66,2019-2023,2022,Census,Texas (State)
Census Tract,48339692701,TX,48339692701,"=""48339692701""",397.16,2019-2023,2022,Census,Texas (State)
Census Tract,48339692702,TX,48339692702,"=""48339692702""",212.72,2019-2023,2022,Census,Texas (State)
Census Tract,48339692802,TX,48339692802,"=""48339692802""",710.91,2019-2023,2022,Census,Texas (State)
Census Tract,48339692803,TX,48339692803,"=""48339692803""",578.56,2019-2023,2022,Census,Texas (State)
Census Tract,48339692804,TX,48339692804,"=""48339692804""",921.79,2019-2023,2022,Census,Texas (State)
Census Tract,48339692900,TX,48339692900,"=""48339692900""",152.78,2019-2023,2022,Census,Texas (State)
Census Tract,48339693001,TX,48339693001,"=""48339693001""",259.71,2019-2023,2022,Census,Texas (State)
Census Tract,48339693002,TX,48339693002,"=""48339693002""",445.15,2019-2023,2022,Census,Texas (State)
Census Tract,48339693102,TX,48339693102,"=""48339693102""",1254.06,2019-2023,2022,Census,Texas (State)
Census Tract,48339693103,TX,48339693103,"=""48339693103""",2630.86,2019-2023,2022,Census,Texas (State)
Census Tract,48339693104,TX,48339693104,"=""48339693104""",2898.15,2019-2023,2022,Census,Texas (State)
Census Tract,48339693201,TX,48339693201,"=""48339693201""",769.18,2019-2023,2022,Census,Texas (State)
Census Tract,48339693202,TX,48339693202,"=""48339693202""",1485.83,2019-2023,2022,Census,Texas (State)
Census Tract,48339693301,TX,48339693301,"=""48339693301""",1150.89,2019-2023,2022,Census,Texas (State)
Census Tract,48339693302,TX,48339693302,"=""48339693302""",1444.15,2019-2023,2022,Census,Texas (State)
Census Tract,48339693303,TX,48339693303,"=""48339693303""",4196.13,2019-2023,2022,Census,Texas (State)
Census Tract,48339693304,TX,48339693304,"=""48339693304""",641.48,2019-2023,2022,Census,Texas (State)
Census Tract,48339693401,TX,48339693401,"=""48339693401""",2501.28,2019-2023,2022,Census,Texas (State)
Census Tract,48339693402,TX,48339693402,"=""48339693402""",6249.89,2019-2023,2022,Census,Texas (State)
Census Tract,48339693501,TX,48339693501,"=""48339693501""",3372.52,2019-2023,2022,Census,Texas (State)
Census Tract,48339693502,TX,48339693502,"=""48339693502""",3786.61,2019-2023,2022,Census,Texas (State)
Census Tract,48339693503,TX,48339693503,"=""48339693503""",2839.94,2019-2023,2022,Census,Texas (State)
Census Tract,48339693600,TX,48339693600,"=""48339693600""",1858.59,2019-2023,2022,Census,Texas (State)
Census Tract,48339693701,TX,48339693701,"=""48339693701""",1020.6,2019-2023,2022,Census,Texas (State)
Census Tract,48339693702,TX,48339693702,"=""48339693702""",1328,2019-2023,2022,Census,Texas (State)
Census Tract,48339693703,TX,48339693703,"=""48339693703""",1650.95,2019-2023,2022,Census,Texas (State)
Census Tract,48339693800,TX,48339693800,"=""48339693800""",901.73,2019-2023,2022,Census,Texas (State)
Census Tract,48339693901,TX,48339693901,"=""48339693901""",303.95,2019-2023,2022,Census,Texas (State)
Census Tract,48339693902,TX,48339693902,"=""48339693902""",1755.44,2019-2023,2022,Census,Texas (State)
Census Tract,48339693903,TX,48339693903,"=""48339693903""",5716.35,2019-2023,2022,Census,Texas (State)
Census Tract,48339693904,TX,48339693904,"=""48339693904""",2663.44,2019-2023,2022,Census,Texas (State)
Census Tract,48339694001,TX,48339694001,"=""48339694001""",361.43,2019-2023,2022,Census,Texas (State)
Census Tract,48339694002,TX,48339694002,"=""48339694002""",317.17,2019-2023,2022,Census,Texas (State)
Census Tract,48339694103,TX,48339694103,"=""48339694103""",520.71,2019-2023,2022,Census,Texas (State)
Census Tract,48339694104,TX,48339694104,"=""48339694104""",293.42,2019-2023,2022,Census,Texas (State)
Census Tract,48339694105,TX,48339694105,"=""48339694105""",790.41,2019-2023,2022,Census,Texas (State)
Census Tract,48339694106,TX,48339694106,"=""48339694106""",689.46,2019-2023,2022,Census,Texas (State)
Census Tract,48339694107,TX,48339694107,"=""48339694107""",88.46,2019-2023,2022,Census,Texas (State)
Census Tract,48339694203,TX,48339694203,"=""48339694203""",634.41,2019-2023,2022,Census,Texas (State)
Census Tract,48339694204,TX,48339694204,"=""48339694204""",753.89,2019-2023,2022,Census,Texas (State)
Census Tract,48339694205,TX,48339694205,"=""48339694205""",90.85,2019-2023,2022,Census,Texas (State)
Census Tract,48339694206,TX,48339694206,"=""48339694206""",1950.54,2019-2023,2022,Census,Texas (State)
Census Tract,48339694207,TX,48339694207,"=""48339694207""",839.47,2019-2023,2022,Census,Texas (State)
Census Tract,48339694208,TX,48339694208,"=""48339694208""",1333.02,2019-2023,2022,Census,Texas (State)
Census Tract,48339694209,TX,48339694209,"=""48339694209""",439.06,2019-2023,2022,Census,Texas (State)
Census Tract,48339694210,TX,48339694210,"=""48339694210""",2195.65,2019-2023,2022,Census,Texas (State)
Census Tract,48339694303,TX,48339694303,"=""48339694303""",740.16,2019-2023,2022,Census,Texas (State)
Census Tract,48339694304,TX,48339694304,"=""48339694304""",1068.57,2019-2023,2022,Census,Texas (State)
Census Tract,48339694305,TX,48339694305,"=""48339694305""",3210.94,2019-2023,2022,Census,Texas (State)
Census Tract,48339694306,TX,48339694306,"=""48339694306""",2811,2019-2023,2022,Census,Texas (State)
Census Tract,48339694307,TX,48339694307,"=""48339694307""",1208.63,2019-2023,2022,Census,Texas (State)
Census Tract,48339694308,TX,48339694308,"=""48339694308""",1802.87,2019-2023,2022,Census,Texas (State)
Census Tract,48339694309,TX,48339694309,"=""48339694309""",2640.01,2019-2023,2022,Census,Texas (State)
Census Tract,48339694401,TX,48339694401,"=""48339694401""",471.62,2019-2023,2022,Census,Texas (State)
Census Tract,48339694402,TX,48339694402,"=""48339694402""",497.66,2019-2023,2022,Census,Texas (State)
Census Tract,48339694403,TX,48339694403,"=""48339694403""",406.03,2019-2023,2022,Census,Texas (State)
Census Tract,48339694501,TX,48339694501,"=""48339694501""",102.9,2019-2023,2022,Census,Texas (State)
Census Tract,48339694502,TX,48339694502,"=""48339694502""",256.43,2019-2023,2022,Census,Texas (State)
Census Tract,48339694503,TX,48339694503,"=""48339694503""",663.85,2019-2023,2022,Census,Texas (State)
Census Tract,48339694601,TX,48339694601,"=""48339694601""",72.78,2019-2023,2022,Census,Texas (State)
Census Tract,48339694602,TX,48339694602,"=""48339694602""",75.44,2019-2023,2022,Census,Texas (State)
Census Tract,48339694603,TX,48339694603,"=""48339694603""",120.33,2019-2023,2022,Census,Texas (State)
Census Tract,48339694700,TX,48339694700,"=""48339694700""",30.09,2019-2023,2022,Census,Texas (State)
Census Tract,48341950100,TX,48341950100,"=""48341950100""",11.4,2019-2023,2022,Census,Texas (State)
Census Tract,48341950201,TX,48341950201,"=""48341950201""",764.1,2019-2023,2022,Census,Texas (State)
Census Tract,48341950202,TX,48341950202,"=""48341950202""",6.04,2019-2023,2022,Census,Texas (State)
Census Tract,48341950301,TX,48341950301,"=""48341950301""",1516.84,2019-2023,2022,Census,Texas (State)
Census Tract,48341950302,TX,48341950302,"=""48341950302""",4799.51,2019-2023,2022,Census,Texas (State)
Census Tract,48341950400,TX,48341950400,"=""48341950400""",3136.21,2019-2023,2022,Census,Texas (State)
Census Tract,48343950100,TX,48343950100,"=""48343950100""",32.59,2019-2023,2022,Census,Texas (State)
Census Tract,48343950200,TX,48343950200,"=""48343950200""",44.57,2019-2023,2022,Census,Texas (State)
Census Tract,48343950300,TX,48343950300,"=""48343950300""",740.08,2019-2023,2022,Census,Texas (State)
Census Tract,48345950100,TX,48345950100,"=""48345950100""",1.28,2019-2023,2022,Census,Texas (State)
Census Tract,48347950100,TX,48347950100,"=""48347950100""",29.83,2019-2023,2022,Census,Texas (State)
Census Tract,48347950200,TX,48347950200,"=""48347950200""",21.24,2019-2023,2022,Census,Texas (State)
Census Tract,48347950303,TX,48347950303,"=""48347950303""",107.06,2019-2023,2022,Census,Texas (State)
Census Tract,48347950304,TX,48347950304,"=""48347950304""",28.22,2019-2023,2022,Census,Texas (State)
Census Tract,48347950305,TX,48347950305,"=""48347950305""",642,2019-2023,2022,Census,Texas (State)
Census Tract,48347950306,TX,48347950306,"=""48347950306""",59.6,2019-2023,2022,Census,Texas (State)
Census Tract,48347950401,TX,48347950401,"=""48347950401""",67.13,2019-2023,2022,Census,Texas (State)
Census Tract,48347950402,TX,48347950402,"=""48347950402""",68.81,2019-2023,2022,Census,Texas (State)
Census Tract,48347950501,TX,48347950501,"=""48347950501""",1533.46,2019-2023,2022,Census,Texas (State)
Census Tract,48347950502,TX,48347950502,"=""48347950502""",994.69,2019-2023,2022,Census,Texas (State)
Census Tract,48347950600,TX,48347950600,"=""48347950600""",7074.57,2019-2023,2022,Census,Texas (State)
Census Tract,48347950700,TX,48347950700,"=""48347950700""",582.61,2019-2023,2022,Census,Texas (State)
Census Tract,48347950800,TX,48347950800,"=""48347950800""",1585.11,2019-2023,2022,Census,Texas (State)
Census Tract,48347950900,TX,48347950900,"=""48347950900""",889.08,2019-2023,2022,Census,Texas (State)
Census Tract,48347951001,TX,48347951001,"=""48347951001""",2317.17,2019-2023,2022,Census,Texas (State)
Census Tract,48347951002,TX,48347951002,"=""48347951002""",545.37,2019-2023,2022,Census,Texas (State)
Census Tract,48347951100,TX,48347951100,"=""48347951100""",19.11,2019-2023,2022,Census,Texas (State)
Census Tract,48349970100,TX,48349970100,"=""48349970100""",29.34,2019-2023,2022,Census,Texas (State)
Census Tract,48349970200,TX,48349970200,"=""48349970200""",119.4,2019-2023,2022,Census,Texas (State)
Census Tract,48349970301,TX,48349970301,"=""48349970301""",75.15,2019-2023,2022,Census,Texas (State)
Census Tract,48349970302,TX,48349970302,"=""48349970302""",158.01,2019-2023,2022,Census,Texas (State)
Census Tract,48349970400,TX,48349970400,"=""48349970400""",31.72,2019-2023,2022,Census,Texas (State)
Census Tract,48349970500,TX,48349970500,"=""48349970500""",3209.98,2019-2023,2022,Census,Texas (State)
Census Tract,48349970600,TX,48349970600,"=""48349970600""",23.6,2019-2023,2022,Census,Texas (State)
Census Tract,48349970701,TX,48349970701,"=""48349970701""",51.89,2019-2023,2022,Census,Texas (State)
Census Tract,48349970800,TX,48349970800,"=""48349970800""",2980.27,2019-2023,2022,Census,Texas (State)
Census Tract,48349970901,TX,48349970901,"=""48349970901""",103.54,2019-2023,2022,Census,Texas (State)
Census Tract,48349970902,TX,48349970902,"=""48349970902""",2823.63,2019-2023,2022,Census,Texas (State)
Census Tract,48349971000,TX,48349971000,"=""48349971000""",16.79,2019-2023,2022,Census,Texas (State)
Census Tract,48351950100,TX,48351950100,"=""48351950100""",6.43,2019-2023,2022,Census,Texas (State)
Census Tract,48351950201,TX,48351950201,"=""48351950201""",25.49,2019-2023,2022,Census,Texas (State)
Census Tract,48351950202,TX,48351950202,"=""48351950202""",11.46,2019-2023,2022,Census,Texas (State)
Census Tract,48351950300,TX,48351950300,"=""48351950300""",14.53,2019-2023,2022,Census,Texas (State)
Census Tract,48351950400,TX,48351950400,"=""48351950400""",19.06,2019-2023,2022,Census,Texas (State)
Census Tract,48353950100,TX,48353950100,"=""48353950100""",9.6,2019-2023,2022,Census,Texas (State)
Census Tract,48353950200,TX,48353950200,"=""48353950200""",3083.57,2019-2023,2022,Census,Texas (State)
Census Tract,48353950300,TX,48353950300,"=""48353950300""",800.07,2019-2023,2022,Census,Texas (State)
Census Tract,48353950400,TX,48353950400,"=""48353950400""",892.14,2019-2023,2022,Census,Texas (State)
Census Tract,48353950500,TX,48353950500,"=""48353950500""",3.72,2019-2023,2022,Census,Texas (State)
Census Tract,48355000500,TX,48355000500,"=""48355000500""",1552.65,2019-2023,2022,Census,Texas (State)
Census Tract,48355000601,TX,48355000601,"=""48355000601""",3310.64,2019-2023,2022,Census,Texas (State)
Census Tract,48355000602,TX,48355000602,"=""48355000602""",1442.61,2019-2023,2022,Census,Texas (State)
Census Tract,48355000700,TX,48355000700,"=""48355000700""",1998.91,2019-2023,2022,Census,Texas (State)
Census Tract,48355000800,TX,48355000800,"=""48355000800""",219.55,2019-2023,2022,Census,Texas (State)
Census Tract,48355000900,TX,48355000900,"=""48355000900""",4870.57,2019-2023,2022,Census,Texas (State)
Census Tract,48355001000,TX,48355001000,"=""48355001000""",5321.26,2019-2023,2022,Census,Texas (State)
Census Tract,48355001100,TX,48355001100,"=""48355001100""",2610.88,2019-2023,2022,Census,Texas (State)
Census Tract,48355001201,TX,48355001201,"=""48355001201""",3083.4,2019-2023,2022,Census,Texas (State)
Census Tract,48355001202,TX,48355001202,"=""48355001202""",4280.99,2019-2023,2022,Census,Texas (State)
Census Tract,48355001300,TX,48355001300,"=""48355001300""",5112.13,2019-2023,2022,Census,Texas (State)
Census Tract,48355001400,TX,48355001400,"=""48355001400""",4339.04,2019-2023,2022,Census,Texas (State)
Census Tract,48355001500,TX,48355001500,"=""48355001500""",7908.63,2019-2023,2022,Census,Texas (State)
Census Tract,48355001601,TX,48355001601,"=""48355001601""",7397.59,2019-2023,2022,Census,Texas (State)
Census Tract,48355001602,TX,48355001602,"=""48355001602""",6105.58,2019-2023,2022,Census,Texas (State)
Census Tract,48355001702,TX,48355001702,"=""48355001702""",612.76,2019-2023,2022,Census,Texas (State)
Census Tract,48355001703,TX,48355001703,"=""48355001703""",3849.4,2019-2023,2022,Census,Texas (State)
Census Tract,48355001704,TX,48355001704,"=""48355001704""",4601.22,2019-2023,2022,Census,Texas (State)
Census Tract,48355001801,TX,48355001801,"=""48355001801""",4155.72,2019-2023,2022,Census,Texas (State)
Census Tract,48355001802,TX,48355001802,"=""48355001802""",1362.64,2019-2023,2022,Census,Texas (State)
Census Tract,48355001903,TX,48355001903,"=""48355001903""",5809.49,2019-2023,2022,Census,Texas (State)
Census Tract,48355001904,TX,48355001904,"=""48355001904""",6694.42,2019-2023,2022,Census,Texas (State)
Census Tract,48355001905,TX,48355001905,"=""48355001905""",3654.34,2019-2023,2022,Census,Texas (State)
Census Tract,48355001906,TX,48355001906,"=""48355001906""",5503.71,2019-2023,2022,Census,Texas (State)
Census Tract,48355002001,TX,48355002001,"=""48355002001""",6248,2019-2023,2022,Census,Texas (State)
Census Tract,48355002002,TX,48355002002,"=""48355002002""",7377.55,2019-2023,2022,Census,Texas (State)
Census Tract,48355002101,TX,48355002101,"=""48355002101""",5112.08,2019-2023,2022,Census,Texas (State)
Census Tract,48355002102,TX,48355002102,"=""48355002102""",3281.29,2019-2023,2022,Census,Texas (State)
Census Tract,48355002200,TX,48355002200,"=""48355002200""",5677.96,2019-2023,2022,Census,Texas (State)
Census Tract,48355002301,TX,48355002301,"=""48355002301""",4861.68,2019-2023,2022,Census,Texas (State)
Census Tract,48355002303,TX,48355002303,"=""48355002303""",6945.25,2019-2023,2022,Census,Texas (State)
Census Tract,48355002304,TX,48355002304,"=""48355002304""",5522.23,2019-2023,2022,Census,Texas (State)
Census Tract,48355002400,TX,48355002400,"=""48355002400""",3500.54,2019-2023,2022,Census,Texas (State)
Census Tract,48355002500,TX,48355002500,"=""48355002500""",4236.97,2019-2023,2022,Census,Texas (State)
Census Tract,48355002601,TX,48355002601,"=""48355002601""",6213.47,2019-2023,2022,Census,Texas (State)
Census Tract,48355002602,TX,48355002602,"=""48355002602""",3821.45,2019-2023,2022,Census,Texas (State)
Census Tract,48355002603,TX,48355002603,"=""48355002603""",5990.64,2019-2023,2022,Census,Texas (State)
Census Tract,48355002703,TX,48355002703,"=""48355002703""",4917.88,2019-2023,2022,Census,Texas (State)
Census Tract,48355002705,TX,48355002705,"=""48355002705""",2640.77,2019-2023,2022,Census,Texas (State)
Census Tract,48355002706,TX,48355002706,"=""48355002706""",4385.93,2019-2023,2022,Census,Texas (State)
Census Tract,48355002707,TX,48355002707,"=""48355002707""",4228.58,2019-2023,2022,Census,Texas (State)
Census Tract,48355002708,TX,48355002708,"=""48355002708""",5585.66,2019-2023,2022,Census,Texas (State)
Census Tract,48355002900,TX,48355002900,"=""48355002900""",213.07,2019-2023,2022,Census,Texas (State)
Census Tract,48355003002,TX,48355003002,"=""48355003002""",1232.79,2019-2023,2022,Census,Texas (State)
Census Tract,48355003003,TX,48355003003,"=""48355003003""",9429.04,2019-2023,2022,Census,Texas (State)
Census Tract,48355003004,TX,48355003004,"=""48355003004""",1895.83,2019-2023,2022,Census,Texas (State)
Census Tract,48355003101,TX,48355003101,"=""48355003101""",2025.46,2019-2023,2022,Census,Texas (State)
Census Tract,48355003102,TX,48355003102,"=""48355003102""",947.16,2019-2023,2022,Census,Texas (State)
Census Tract,48355003202,TX,48355003202,"=""48355003202""",2758.59,2019-2023,2022,Census,Texas (State)
Census Tract,48355003204,TX,48355003204,"=""48355003204""",5122,2019-2023,2022,Census,Texas (State)
Census Tract,48355003205,TX,48355003205,"=""48355003205""",4716.24,2019-2023,2022,Census,Texas (State)
Census Tract,48355003206,TX,48355003206,"=""48355003206""",7690.82,2019-2023,2022,Census,Texas (State)
Census Tract,48355003303,TX,48355003303,"=""48355003303""",1385.89,2019-2023,2022,Census,Texas (State)
Census Tract,48355003304,TX,48355003304,"=""48355003304""",6190.1,2019-2023,2022,Census,Texas (State)
Census Tract,48355003305,TX,48355003305,"=""48355003305""",9359.82,2019-2023,2022,Census,Texas (State)
Census Tract,48355003306,TX,48355003306,"=""48355003306""",4615.94,2019-2023,2022,Census,Texas (State)
Census Tract,48355003401,TX,48355003401,"=""48355003401""",5692.95,2019-2023,2022,Census,Texas (State)
Census Tract,48355003402,TX,48355003402,"=""48355003402""",4806.92,2019-2023,2022,Census,Texas (State)
Census Tract,48355003500,TX,48355003500,"=""48355003500""",241.81,2019-2023,2022,Census,Texas (State)
Census Tract,48355003601,TX,48355003601,"=""48355003601""",2666.88,2019-2023,2022,Census,Texas (State)
Census Tract,48355003602,TX,48355003602,"=""48355003602""",2002.16,2019-2023,2022,Census,Texas (State)
Census Tract,48355003603,TX,48355003603,"=""48355003603""",938.1,2019-2023,2022,Census,Texas (State)
Census Tract,48355003700,TX,48355003700,"=""48355003700""",631.03,2019-2023,2022,Census,Texas (State)
Census Tract,48355005103,TX,48355005103,"=""48355005103""",568.03,2019-2023,2022,Census,Texas (State)
Census Tract,48355005104,TX,48355005104,"=""48355005104""",835.83,2019-2023,2022,Census,Texas (State)
Census Tract,48355005404,TX,48355005404,"=""48355005404""",2606.33,2019-2023,2022,Census,Texas (State)
Census Tract,48355005406,TX,48355005406,"=""48355005406""",31.64,2019-2023,2022,Census,Texas (State)
Census Tract,48355005407,TX,48355005407,"=""48355005407""",4736.1,2019-2023,2022,Census,Texas (State)
Census Tract,48355005408,TX,48355005408,"=""48355005408""",7486.58,2019-2023,2022,Census,Texas (State)
Census Tract,48355005409,TX,48355005409,"=""48355005409""",4423.83,2019-2023,2022,Census,Texas (State)
Census Tract,48355005410,TX,48355005410,"=""48355005410""",8031.4,2019-2023,2022,Census,Texas (State)
Census Tract,48355005411,TX,48355005411,"=""48355005411""",6754.64,2019-2023,2022,Census,Texas (State)
Census Tract,48355005412,TX,48355005412,"=""48355005412""",4279.91,2019-2023,2022,Census,Texas (State)
Census Tract,48355005413,TX,48355005413,"=""48355005413""",7212.47,2019-2023,2022,Census,Texas (State)
Census Tract,48355005414,TX,48355005414,"=""48355005414""",4722.22,2019-2023,2022,Census,Texas (State)
Census Tract,48355005415,TX,48355005415,"=""48355005415""",6431.28,2019-2023,2022,Census,Texas (State)
Census Tract,48355005416,TX,48355005416,"=""48355005416""",2933.3,2019-2023,2022,Census,Texas (State)
Census Tract,48355005417,TX,48355005417,"=""48355005417""",2728.03,2019-2023,2022,Census,Texas (State)
Census Tract,48355005603,TX,48355005603,"=""48355005603""",1468.63,2019-2023,2022,Census,Texas (State)
Census Tract,48355005604,TX,48355005604,"=""48355005604""",752.9,2019-2023,2022,Census,Texas (State)
Census Tract,48355005605,TX,48355005605,"=""48355005605""",2417.05,2019-2023,2022,Census,Texas (State)
Census Tract,48355005606,TX,48355005606,"=""48355005606""",308.3,2019-2023,2022,Census,Texas (State)
Census Tract,48355005801,TX,48355005801,"=""48355005801""",1497.55,2019-2023,2022,Census,Texas (State)
Census Tract,48355005803,TX,48355005803,"=""48355005803""",38.03,2019-2023,2022,Census,Texas (State)
Census Tract,48355005804,TX,48355005804,"=""48355005804""",56.31,2019-2023,2022,Census,Texas (State)
Census Tract,48355005900,TX,48355005900,"=""48355005900""",19.09,2019-2023,2022,Census,Texas (State)
Census Tract,48355006000,TX,48355006000,"=""48355006000""",17.74,2019-2023,2022,Census,Texas (State)
Census Tract,48355006100,TX,48355006100,"=""48355006100""",702.88,2019-2023,2022,Census,Texas (State)
Census Tract,48355006201,TX,48355006201,"=""48355006201""",3106.9,2019-2023,2022,Census,Texas (State)
Census Tract,48355006202,TX,48355006202,"=""48355006202""",1786.34,2019-2023,2022,Census,Texas (State)
Census Tract,48355006203,TX,48355006203,"=""48355006203""",1907.22,2019-2023,2022,Census,Texas (State)
Census Tract,48355006204,TX,48355006204,"=""48355006204""",2519.58,2019-2023,2022,Census,Texas (State)
Census Tract,48355006205,TX,48355006205,"=""48355006205""",41.32,2019-2023,2022,Census,Texas (State)
Census Tract,48355006300,TX,48355006300,"=""48355006300""",168.55,2019-2023,2022,Census,Texas (State)
Census Tract,48355006400,TX,48355006400,"=""48355006400""",1934.46,2019-2023,2022,Census,Texas (State)
Census Tract,48355980000,TX,48355980000,"=""48355980000""",0,2019-2023,2022,Census,Texas (State)
Census Tract,48355990000,TX,48355990000,"=""48355990000""",N/A,2019-2023,2022,Census,Texas (State)
Census Tract,48357950100,TX,48357950100,"=""48357950100""",1.29,2019-2023,2022,Census,Texas (State)
Census Tract,48357950300,TX,48357950300,"=""48357950300""",536.68,2019-2023,2022,Census,Texas (State)
Census Tract,48357950400,TX,48357950400,"=""48357950400""",2138.51,2019-2023,2022,Census,Texas (State)
Census Tract,48359950100,TX,48359950100,"=""48359950100""",1.4,2019-2023,2022,Census,Texas (State)
Census Tract,48361020200,TX,48361020200,"=""48361020200""",1042.77,2019-2023,2022,Census,Texas (State)
Census Tract,48361020300,TX,48361020300,"=""48361020300""",176.89,2019-2023,2022,Census,Texas (State)
Census Tract,48361020500,TX,48361020500,"=""48361020500""",1038.51,2019-2023,2022,Census,Texas (State)
Census Tract,48361020700,TX,48361020700,"=""48361020700""",357.66,2019-2023,2022,Census,Texas (State)
Census Tract,48361020800,TX,48361020800,"=""48361020800""",844.5,2019-2023,2022,Census,Texas (State)
Census Tract,48361020900,TX,48361020900,"=""48361020900""",1958.01,2019-2023,2022,Census,Texas (State)
Census Tract,48361021000,TX,48361021000,"=""48361021000""",170,2019-2023,2022,Census,Texas (State)
Census Tract,48361021100,TX,48361021100,"=""48361021100""",141.83,2019-2023,2022,Census,Texas (State)
Census Tract,48361021200,TX,48361021200,"=""48361021200""",152.28,2019-2023,2022,Census,Texas (State)
Census Tract,48361021300,TX,48361021300,"=""48361021300""",537.25,2019-2023,2022,Census,Texas (State)
Census Tract,48361021400,TX,48361021400,"=""48361021400""",183.96,2019-2023,2022,Census,Texas (State)
Census Tract,48361021501,TX,48361021501,"=""48361021501""",187.18,2019-2023,2022,Census,Texas (State)
Census Tract,48361021503,TX,48361021503,"=""48361021503""",113.92,2019-2023,2022,Census,Texas (State)
Census Tract,48361021504,TX,48361021504,"=""48361021504""",549.91,2019-2023,2022,Census,Texas (State)
Census Tract,48361021600,TX,48361021600,"=""48361021600""",107.87,2019-2023,2022,Census,Texas (State)
Census Tract,48361021700,TX,48361021700,"=""48361021700""",222.39,2019-2023,2022,Census,Texas (State)
Census Tract,48361021800,TX,48361021800,"=""48361021800""",283.72,2019-2023,2022,Census,Texas (State)
Census Tract,48361021901,TX,48361021901,"=""48361021901""",122.06,2019-2023,2022,Census,Texas (State)
Census Tract,48361021902,TX,48361021902,"=""48361021902""",1117.23,2019-2023,2022,Census,Texas (State)
Census Tract,48361022000,TX,48361022000,"=""48361022000""",262.51,2019-2023,2022,Census,Texas (State)
Census Tract,48361022200,TX,48361022200,"=""48361022200""",156.52,2019-2023,2022,Census,Texas (State)
Census Tract,48361022301,TX,48361022301,"=""48361022301""",648.27,2019-2023,2022,Census,Texas (State)
Census Tract,48361022302,TX,48361022302,"=""48361022302""",331.39,2019-2023,2022,Census,Texas (State)
Census Tract,48361022400,TX,48361022400,"=""48361022400""",261.13,2019-2023,2022,Census,Texas (State)
Census Tract,48363000100,TX,48363000100,"=""48363000100""",9.69,2019-2023,2022,Census,Texas (State)
Census Tract,48363000200,TX,48363000200,"=""48363000200""",8,2019-2023,2022,Census,Texas (State)
Census Tract,48363000300,TX,48363000300,"=""48363000300""",13.42,2019-2023,2022,Census,Texas (State)
Census Tract,48363000401,TX,48363000401,"=""48363000401""",49.54,2019-2023,2022,Census,Texas (State)
Census Tract,48363000402,TX,48363000402,"=""48363000402""",60.35,2019-2023,2022,Census,Texas (State)
Census Tract,48363000500,TX,48363000500,"=""48363000500""",2350.13,2019-2023,2022,Census,Texas (State)
Census Tract,48363000600,TX,48363000600,"=""48363000600""",703.32,2019-2023,2022,Census,Texas (State)
Census Tract,48363000700,TX,48363000700,"=""48363000700""",1114.74,2019-2023,2022,Census,Texas (State)
Census Tract,48363000800,TX,48363000800,"=""48363000800""",1995.71,2019-2023,2022,Census,Texas (State)
Census Tract,48363000900,TX,48363000900,"=""48363000900""",1683.45,2019-2023,2022,Census,Texas (State)
Census Tract,48365950100,TX,48365950100,"=""48365950100""",14.59,2019-2023,2022,Census,Texas (State)
Census Tract,48365950200,TX,48365950200,"=""48365950200""",18.44,2019-2023,2022,Census,Texas (State)
Census Tract,48365950300,TX,48365950300,"=""48365950300""",35.19,2019-2023,2022,Census,Texas (State)
Census Tract,48365950401,TX,48365950401,"=""48365950401""",263.64,2019-2023,2022,Census,Texas (State)
Census Tract,48365950402,TX,48365950402,"=""48365950402""",818.95,2019-2023,2022,Census,Texas (State)
Census Tract,48365950500,TX,48365950500,"=""48365950500""",25.55,2019-2023,2022,Census,Texas (State)
Census Tract,48365950600,TX,48365950600,"=""48365950600""",17.52,2019-2023,2022,Census,Texas (State)
Census Tract,48367140101,TX,48367140101,"=""48367140101""",1738.99,2019-2023,2022,Census,Texas (State)
Census Tract,48367140102,TX,48367140102,"=""48367140102""",1120.96,2019-2023,2022,Census,Texas (State)
Census Tract,48367140201,TX,48367140201,"=""48367140201""",1374.21,2019-2023,2022,Census,Texas (State)
Census Tract,48367140202,TX,48367140202,"=""48367140202""",1578.13,2019-2023,2022,Census,Texas (State)
Census Tract,48367140300,TX,48367140300,"=""48367140300""",1025.8,2019-2023,2022,Census,Texas (State)
Census Tract,48367140403,TX,48367140403,"=""48367140403""",403.98,2019-2023,2022,Census,Texas (State)
Census Tract,48367140408,TX,48367140408,"=""48367140408""",429.24,2019-2023,2022,Census,Texas (State)
Census Tract,48367140409,TX,48367140409,"=""48367140409""",652.23,2019-2023,2022,Census,Texas (State)
Census Tract,48367140410,TX,48367140410,"=""48367140410""",157.84,2019-2023,2022,Census,Texas (State)
Census Tract,48367140411,TX,48367140411,"=""48367140411""",174.2,2019-2023,2022,Census,Texas (State)
Census Tract,48367140412,TX,48367140412,"=""48367140412""",437.91,2019-2023,2022,Census,Texas (State)
Census Tract,48367140413,TX,48367140413,"=""48367140413""",253.34,2019-2023,2022,Census,Texas (State)
Census Tract,48367140414,TX,48367140414,"=""48367140414""",313.12,2019-2023,2022,Census,Texas (State)
Census Tract,48367140415,TX,48367140415,"=""48367140415""",125.22,2019-2023,2022,Census,Texas (State)
Census Tract,48367140416,TX,48367140416,"=""48367140416""",183.08,2019-2023,2022,Census,Texas (State)
Census Tract,48367140502,TX,48367140502,"=""48367140502""",48.51,2019-2023,2022,Census,Texas (State)
Census Tract,48367140503,TX,48367140503,"=""48367140503""",136.39,2019-2023,2022,Census,Texas (State)
Census Tract,48367140504,TX,48367140504,"=""48367140504""",58.51,2019-2023,2022,Census,Texas (State)
Census Tract,48367140601,TX,48367140601,"=""48367140601""",101.09,2019-2023,2022,Census,Texas (State)
Census Tract,48367140603,TX,48367140603,"=""48367140603""",82.79,2019-2023,2022,Census,Texas (State)
Census Tract,48367140604,TX,48367140604,"=""48367140604""",79.52,2019-2023,2022,Census,Texas (State)
Census Tract,48367140707,TX,48367140707,"=""48367140707""",435.08,2019-2023,2022,Census,Texas (State)
Census Tract,48367140708,TX,48367140708,"=""48367140708""",505.81,2019-2023,2022,Census,Texas (State)
Census Tract,48367140709,TX,48367140709,"=""48367140709""",580.29,2019-2023,2022,Census,Texas (State)
Census Tract,48367140710,TX,48367140710,"=""48367140710""",66.26,2019-2023,2022,Census,Texas (State)
Census Tract,48367140711,TX,48367140711,"=""48367140711""",730.88,2019-2023,2022,Census,Texas (State)
Census Tract,48367140712,TX,48367140712,"=""48367140712""",662.3,2019-2023,2022,Census,Texas (State)
Census Tract,48367140713,TX,48367140713,"=""48367140713""",180.87,2019-2023,2022,Census,Texas (State)
Census Tract,48367140714,TX,48367140714,"=""48367140714""",389.79,2019-2023,2022,Census,Texas (State)
Census Tract,48369950200,TX,48369950200,"=""48369950200""",14.37,2019-2023,2022,Census,Texas (State)
Census Tract,48369950300,TX,48369950300,"=""48369950300""",8.85,2019-2023,2022,Census,Texas (State)
Census Tract,48371950100,TX,48371950100,"=""48371950100""",1.58,2019-2023,2022,Census,Texas (State)
Census Tract,48371950300,TX,48371950300,"=""48371950300""",1276.66,2019-2023,2022,Census,Texas (State)
Census Tract,48371950400,TX,48371950400,"=""48371950400""",1438.1,2019-2023,2022,Census,Texas (State)
Census Tract,48371950500,TX,48371950500,"=""48371950500""",1.48,2019-2023,2022,Census,Texas (State)
Census Tract,48371980000,TX,48371980000,"=""48371980000""",5656.42,2019-2023,2022,Census,Texas (State)
Census Tract,48373210103,TX,48373210103,"=""48373210103""",123.01,2019-2023,2022,Census,Texas (State)
Census Tract,48373210104,TX,48373210104,"=""48373210104""",16.02,2019-2023,2022,Census,Texas (State)
Census Tract,48373210105,TX,48373210105,"=""48373210105""",62.14,2019-2023,2022,Census,Texas (State)
Census Tract,48373210106,TX,48373210106,"=""48373210106""",87.29,2019-2023,2022,Census,Texas (State)
Census Tract,48373210203,TX,48373210203,"=""48373210203""",493.87,2019-2023,2022,Census,Texas (State)
Census Tract,48373210204,TX,48373210204,"=""48373210204""",130.48,2019-2023,2022,Census,Texas (State)
Census Tract,48373210205,TX,48373210205,"=""48373210205""",446.74,2019-2023,2022,Census,Texas (State)
Census Tract,48373210206,TX,48373210206,"=""48373210206""",454.59,2019-2023,2022,Census,Texas (State)
Census Tract,48373210301,TX,48373210301,"=""48373210301""",176.69,2019-2023,2022,Census,Texas (State)
Census Tract,48373210302,TX,48373210302,"=""48373210302""",39.58,2019-2023,2022,Census,Texas (State)
Census Tract,48373210401,TX,48373210401,"=""48373210401""",21.5,2019-2023,2022,Census,Texas (State)
Census Tract,48373210402,TX,48373210402,"=""48373210402""",18.91,2019-2023,2022,Census,Texas (State)
Census Tract,48373210500,TX,48373210500,"=""48373210500""",23.61,2019-2023,2022,Census,Texas (State)
Census Tract,48375010100,TX,48375010100,"=""48375010100""",5275.08,2019-2023,2022,Census,Texas (State)
Census Tract,48375010200,TX,48375010200,"=""48375010200""",4610.12,2019-2023,2022,Census,Texas (State)
Census Tract,48375010300,TX,48375010300,"=""48375010300""",1493.62,2019-2023,2022,Census,Texas (State)
Census Tract,48375010400,TX,48375010400,"=""48375010400""",3514.57,2019-2023,2022,Census,Texas (State)
Census Tract,48375010600,TX,48375010600,"=""48375010600""",2753.01,2019-2023,2022,Census,Texas (State)
Census Tract,48375010700,TX,48375010700,"=""48375010700""",4426.27,2019-2023,2022,Census,Texas (State)
Census Tract,48375011000,TX,48375011000,"=""48375011000""",1804.58,2019-2023,2022,Census,Texas (State)
Census Tract,48375011500,TX,48375011500,"=""48375011500""",4713.21,2019-2023,2022,Census,Texas (State)
Census Tract,48375011600,TX,48375011600,"=""48375011600""",4343.19,2019-2023,2022,Census,Texas (State)
Census Tract,48375011700,TX,48375011700,"=""48375011700""",946.33,2019-2023,2022,Census,Texas (State)
Census Tract,48375011800,TX,48375011800,"=""48375011800""",6395,2019-2023,2022,Census,Texas (State)
Census Tract,48375011900,TX,48375011900,"=""48375011900""",4060.72,2019-2023,2022,Census,Texas (State)
Census Tract,48375012000,TX,48375012000,"=""48375012000""",1810.67,2019-2023,2022,Census,Texas (State)
Census Tract,48375012200,TX,48375012200,"=""48375012200""",2156.78,2019-2023,2022,Census,Texas (State)
Census Tract,48375012600,TX,48375012600,"=""48375012600""",2130.21,2019-2023,2022,Census,Texas (State)
Census Tract,48375012800,TX,48375012800,"=""48375012800""",3980.14,2019-2023,2022,Census,Texas (State)
Census Tract,48375013000,TX,48375013000,"=""48375013000""",723.51,2019-2023,2022,Census,Texas (State)
Census Tract,48375013200,TX,48375013200,"=""48375013200""",1543.3,2019-2023,2022,Census,Texas (State)
Census Tract,48375013300,TX,48375013300,"=""48375013300""",626.17,2019-2023,2022,Census,Texas (State)
Census Tract,48375013400,TX,48375013400,"=""48375013400""",196.5,2019-2023,2022,Census,Texas (State)
Census Tract,48375013900,TX,48375013900,"=""48375013900""",3830.14,2019-2023,2022,Census,Texas (State)
Census Tract,48375014100,TX,48375014100,"=""48375014100""",504.5,2019-2023,2022,Census,Texas (State)
Census Tract,48375014300,TX,48375014300,"=""48375014300""",8.32,2019-2023,2022,Census,Texas (State)
Census Tract,48375014401,TX,48375014401,"=""48375014401""",208.01,2019-2023,2022,Census,Texas (State)
Census Tract,48375014500,TX,48375014500,"=""48375014500""",1895.12,2019-2023,2022,Census,Texas (State)
Census Tract,48375014701,TX,48375014701,"=""48375014701""",2603.59,2019-2023,2022,Census,Texas (State)
Census Tract,48375014702,TX,48375014702,"=""48375014702""",2963.49,2019-2023,2022,Census,Texas (State)
Census Tract,48375014800,TX,48375014800,"=""48375014800""",1473.48,2019-2023,2022,Census,Texas (State)
Census Tract,48375014900,TX,48375014900,"=""48375014900""",1344.45,2019-2023,2022,Census,Texas (State)
Census Tract,48375015000,TX,48375015000,"=""48375015000""",3318.7,2019-2023,2022,Census,Texas (State)
Census Tract,48375015100,TX,48375015100,"=""48375015100""",367.87,2019-2023,2022,Census,Texas (State)
Census Tract,48375015200,TX,48375015200,"=""48375015200""",761.98,2019-2023,2022,Census,Texas (State)
Census Tract,48375015300,TX,48375015300,"=""48375015300""",2529.48,2019-2023,2022,Census,Texas (State)
Census Tract,48375015400,TX,48375015400,"=""48375015400""",1410.74,2019-2023,2022,Census,Texas (State)
Census Tract,48375980000,TX,48375980000,"=""48375980000""",2.39,2019-2023,2022,Census,Texas (State)
Census Tract,48377950100,TX,48377950100,"=""48377950100""",0.98,2019-2023,2022,Census,Texas (State)
Census Tract,48377950200,TX,48377950200,"=""48377950200""",2.81,2019-2023,2022,Census,Texas (State)
Census Tract,48379950101,TX,48379950101,"=""48379950101""",86.31,2019-2023,2022,Census,Texas (State)
Census Tract,48379950102,TX,48379950102,"=""48379950102""",32.05,2019-2023,2022,Census,Texas (State)
Census Tract,48379950200,TX,48379950200,"=""48379950200""",56.76,2019-2023,2022,Census,Texas (State)
Census Tract,48381020100,TX,48381020100,"=""48381020100""",4348.44,2019-2023,2022,Census,Texas (State)
Census Tract,48381020200,TX,48381020200,"=""48381020200""",4487.49,2019-2023,2022,Census,Texas (State)
Census Tract,48381020300,TX,48381020300,"=""48381020300""",6179.47,2019-2023,2022,Census,Texas (State)
Census Tract,48381020400,TX,48381020400,"=""48381020400""",3958.21,2019-2023,2022,Census,Texas (State)
Census Tract,48381020500,TX,48381020500,"=""48381020500""",5752.83,2019-2023,2022,Census,Texas (State)
Census Tract,48381020600,TX,48381020600,"=""48381020600""",4914.55,2019-2023,2022,Census,Texas (State)
Census Tract,48381020800,TX,48381020800,"=""48381020800""",4395.83,2019-2023,2022,Census,Texas (State)
Census Tract,48381020900,TX,48381020900,"=""48381020900""",5217.14,2019-2023,2022,Census,Texas (State)
Census Tract,48381021000,TX,48381021000,"=""48381021000""",3147.36,2019-2023,2022,Census,Texas (State)
Census Tract,48381021101,TX,48381021101,"=""48381021101""",4623.41,2019-2023,2022,Census,Texas (State)
Census Tract,48381021102,TX,48381021102,"=""48381021102""",6743.22,2019-2023,2022,Census,Texas (State)
Census Tract,48381021200,TX,48381021200,"=""48381021200""",5593.04,2019-2023,2022,Census,Texas (State)
Census Tract,48381021300,TX,48381021300,"=""48381021300""",4738.34,2019-2023,2022,Census,Texas (State)
Census Tract,48381021500,TX,48381021500,"=""48381021500""",2591.73,2019-2023,2022,Census,Texas (State)
Census Tract,48381021602,TX,48381021602,"=""48381021602""",4741.99,2019-2023,2022,Census,Texas (State)
Census Tract,48381021603,TX,48381021603,"=""48381021603""",4222.32,2019-2023,2022,Census,Texas (State)
Census Tract,48381021604,TX,48381021604,"=""48381021604""",3666.41,2019-2023,2022,Census,Texas (State)
Census Tract,48381021605,TX,48381021605,"=""48381021605""",2144.25,2019-2023,2022,Census,Texas (State)
Census Tract,48381021606,TX,48381021606,"=""48381021606""",4208.61,2019-2023,2022,Census,Texas (State)
Census Tract,48381021609,TX,48381021609,"=""48381021609""",2388.85,2019-2023,2022,Census,Texas (State)
Census Tract,48381021610,TX,48381021610,"=""48381021610""",3412.86,2019-2023,2022,Census,Texas (State)
Census Tract,48381021611,TX,48381021611,"=""48381021611""",1653.39,2019-2023,2022,Census,Texas (State)
Census Tract,48381021702,TX,48381021702,"=""48381021702""",49.02,2019-2023,2022,Census,Texas (State)
Census Tract,48381021705,TX,48381021705,"=""48381021705""",334.28,2019-2023,2022,Census,Texas (State)
Census Tract,48381021706,TX,48381021706,"=""48381021706""",199.21,2019-2023,2022,Census,Texas (State)
Census Tract,48381021707,TX,48381021707,"=""48381021707""",479.08,2019-2023,2022,Census,Texas (State)
Census Tract,48381021708,TX,48381021708,"=""48381021708""",41.92,2019-2023,2022,Census,Texas (State)
Census Tract,48381021802,TX,48381021802,"=""48381021802""",1951.42,2019-2023,2022,Census,Texas (State)
Census Tract,48381021803,TX,48381021803,"=""48381021803""",2361.73,2019-2023,2022,Census,Texas (State)
Census Tract,48381021804,TX,48381021804,"=""48381021804""",1638.38,2019-2023,2022,Census,Texas (State)
Census Tract,48381021900,TX,48381021900,"=""48381021900""",12.32,2019-2023,2022,Census,Texas (State)
Census Tract,48381022001,TX,48381022001,"=""48381022001""",2298.04,2019-2023,2022,Census,Texas (State)
Census Tract,48381022002,TX,48381022002,"=""48381022002""",253.06,2019-2023,2022,Census,Texas (State)
Census Tract,48383950100,TX,48383950100,"=""48383950100""",2.77,2019-2023,2022,Census,Texas (State)
Census Tract,48385950100,TX,48385950100,"=""48385950100""",4.03,2019-2023,2022,Census,Texas (State)
Census Tract,48387950100,TX,48387950100,"=""48387950100""",8.59,2019-2023,2022,Census,Texas (State)
Census Tract,48387950501,TX,48387950501,"=""48387950501""",141.67,2019-2023,2022,Census,Texas (State)
Census Tract,48387950502,TX,48387950502,"=""48387950502""",7.25,2019-2023,2022,Census,Texas (State)
Census Tract,48387950600,TX,48387950600,"=""48387950600""",12.31,2019-2023,2022,Census,Texas (State)
Census Tract,48387950700,TX,48387950700,"=""48387950700""",8.29,2019-2023,2022,Census,Texas (State)
Census Tract,48389950200,TX,48389950200,"=""48389950200""",1894.96,2019-2023,2022,Census,Texas (State)
Census Tract,48389950300,TX,48389950300,"=""48389950300""",2227.8,2019-2023,2022,Census,Texas (State)
Census Tract,48389950400,TX,48389950400,"=""48389950400""",1831.48,2019-2023,2022,Census,Texas (State)
Census Tract,48389950600,TX,48389950600,"=""48389950600""",1.2,2019-2023,2022,Census,Texas (State)
Census Tract,48391950200,TX,48391950200,"=""48391950200""",18.38,2019-2023,2022,Census,Texas (State)
Census Tract,48391950400,TX,48391950400,"=""48391950400""",5.64,2019-2023,2022,Census,Texas (State)
Census Tract,48393950100,TX,48393950100,"=""48393950100""",0.85,2019-2023,2022,Census,Texas (State)
Census Tract,48395960100,TX,48395960100,"=""48395960100""",13.18,2019-2023,2022,Census,Texas (State)
Census Tract,48395960200,TX,48395960200,"=""48395960200""",13.49,2019-2023,2022,Census,Texas (State)
Census Tract,48395960300,TX,48395960300,"=""48395960300""",14.67,2019-2023,2022,Census,Texas (State)
Census Tract,48395960400,TX,48395960400,"=""48395960400""",12.97,2019-2023,2022,Census,Texas (State)
Census Tract,48395960501,TX,48395960501,"=""48395960501""",100.85,2019-2023,2022,Census,Texas (State)
Census Tract,48395960502,TX,48395960502,"=""48395960502""",87.52,2019-2023,2022,Census,Texas (State)
Census Tract,48397040101,TX,48397040101,"=""48397040101""",3812.26,2019-2023,2022,Census,Texas (State)
Census Tract,48397040103,TX,48397040103,"=""48397040103""",2052.41,2019-2023,2022,Census,Texas (State)
Census Tract,48397040104,TX,48397040104,"=""48397040104""",2426.88,2019-2023,2022,Census,Texas (State)
Census Tract,48397040201,TX,48397040201,"=""48397040201""",419.4,2019-2023,2022,Census,Texas (State)
Census Tract,48397040202,TX,48397040202,"=""48397040202""",2911.98,2019-2023,2022,Census,Texas (State)
Census Tract,48397040203,TX,48397040203,"=""48397040203""",1202.87,2019-2023,2022,Census,Texas (State)
Census Tract,48397040301,TX,48397040301,"=""48397040301""",4865.79,2019-2023,2022,Census,Texas (State)
Census Tract,48397040303,TX,48397040303,"=""48397040303""",2402.93,2019-2023,2022,Census,Texas (State)
Census Tract,48397040304,TX,48397040304,"=""48397040304""",3986.68,2019-2023,2022,Census,Texas (State)
Census Tract,48397040305,TX,48397040305,"=""48397040305""",871.62,2019-2023,2022,Census,Texas (State)
Census Tract,48397040403,TX,48397040403,"=""48397040403""",592.69,2019-2023,2022,Census,Texas (State)
Census Tract,48397040404,TX,48397040404,"=""48397040404""",1241.59,2019-2023,2022,Census,Texas (State)
Census Tract,48397040405,TX,48397040405,"=""48397040405""",1203.69,2019-2023,2022,Census,Texas (State)
Census Tract,48397040406,TX,48397040406,"=""48397040406""",5932.26,2019-2023,2022,Census,Texas (State)
Census Tract,48397040407,TX,48397040407,"=""48397040407""",1025.8,2019-2023,2022,Census,Texas (State)
Census Tract,48397040408,TX,48397040408,"=""48397040408""",872.23,2019-2023,2022,Census,Texas (State)
Census Tract,48397040409,TX,48397040409,"=""48397040409""",712.99,2019-2023,2022,Census,Texas (State)
Census Tract,48397040410,TX,48397040410,"=""48397040410""",3735.35,2019-2023,2022,Census,Texas (State)
Census Tract,48397040411,TX,48397040411,"=""48397040411""",513.43,2019-2023,2022,Census,Texas (State)
Census Tract,48397040412,TX,48397040412,"=""48397040412""",309.14,2019-2023,2022,Census,Texas (State)
Census Tract,48397040503,TX,48397040503,"=""48397040503""",1731.62,2019-2023,2022,Census,Texas (State)
Census Tract,48397040507,TX,48397040507,"=""48397040507""",1250.86,2019-2023,2022,Census,Texas (State)
Census Tract,48397040508,TX,48397040508,"=""48397040508""",191.17,2019-2023,2022,Census,Texas (State)
Census Tract,48397040509,TX,48397040509,"=""48397040509""",582.73,2019-2023,2022,Census,Texas (State)
Census Tract,48397040510,TX,48397040510,"=""48397040510""",2786.2,2019-2023,2022,Census,Texas (State)
Census Tract,48397040511,TX,48397040511,"=""48397040511""",845.46,2019-2023,2022,Census,Texas (State)
Census Tract,48397040512,TX,48397040512,"=""48397040512""",2250.57,2019-2023,2022,Census,Texas (State)
Census Tract,48397040513,TX,48397040513,"=""48397040513""",508.11,2019-2023,2022,Census,Texas (State)
Census Tract,48397040514,TX,48397040514,"=""48397040514""",187.69,2019-2023,2022,Census,Texas (State)
Census Tract,48399950100,TX,48399950100,"=""48399950100""",2.27,2019-2023,2022,Census,Texas (State)
Census Tract,48399950200,TX,48399950200,"=""48399950200""",561.65,2019-2023,2022,Census,Texas (State)
Census Tract,48399950500,TX,48399950500,"=""48399950500""",8.34,2019-2023,2022,Census,Texas (State)
Census Tract,48399950600,TX,48399950600,"=""48399950600""",13.78,2019-2023,2022,Census,Texas (State)
Census Tract,48401950101,TX,48401950101,"=""48401950101""",65.24,2019-2023,2022,Census,Texas (State)
Census Tract,48401950102,TX,48401950102,"=""48401950102""",61.05,2019-2023,2022,Census,Texas (State)
Census Tract,48401950200,TX,48401950200,"=""48401950200""",83.34,2019-2023,2022,Census,Texas (State)
Census Tract,48401950300,TX,48401950300,"=""48401950300""",162.04,2019-2023,2022,Census,Texas (State)
Census Tract,48401950400,TX,48401950400,"=""48401950400""",101.15,2019-2023,2022,Census,Texas (State)
Census Tract,48401950501,TX,48401950501,"=""48401950501""",44.39,2019-2023,2022,Census,Texas (State)
Census Tract,48401950502,TX,48401950502,"=""48401950502""",75.34,2019-2023,2022,Census,Texas (State)
Census Tract,48401950600,TX,48401950600,"=""48401950600""",18.68,2019-2023,2022,Census,Texas (State)
Census Tract,48401950700,TX,48401950700,"=""48401950700""",763.05,2019-2023,2022,Census,Texas (State)
Census Tract,48401950800,TX,48401950800,"=""48401950800""",944.12,2019-2023,2022,Census,Texas (State)
Census Tract,48401950900,TX,48401950900,"=""48401950900""",1107.72,2019-2023,2022,Census,Texas (State)
Census Tract,48401951000,TX,48401951000,"=""48401951000""",38.62,2019-2023,2022,Census,Texas (State)
Census Tract,48401951100,TX,48401951100,"=""48401951100""",13.53,2019-2023,2022,Census,Texas (State)
Census Tract,48401951200,TX,48401951200,"=""48401951200""",19.59,2019-2023,2022,Census,Texas (State)
Census Tract,48403950100,TX,48403950100,"=""48403950100""",14.91,2019-2023,2022,Census,Texas (State)
Census Tract,48403950200,TX,48403950200,"=""48403950200""",24.03,2019-2023,2022,Census,Texas (State)
Census Tract,48403950300,TX,48403950300,"=""48403950300""",21.66,2019-2023,2022,Census,Texas (State)
Census Tract,48405950100,TX,48405950100,"=""48405950100""",10.49,2019-2023,2022,Census,Texas (State)
Census Tract,48405950200,TX,48405950200,"=""48405950200""",188.8,2019-2023,2022,Census,Texas (State)
Census Tract,48405950300,TX,48405950300,"=""48405950300""",9.97,2019-2023,2022,Census,Texas (State)
Census Tract,48407200103,TX,48407200103,"=""48407200103""",39.4,2019-2023,2022,Census,Texas (State)
Census Tract,48407200104,TX,48407200104,"=""48407200104""",154.2,2019-2023,2022,Census,Texas (State)
Census Tract,48407200105,TX,48407200105,"=""48407200105""",46.89,2019-2023,2022,Census,Texas (State)
Census Tract,48407200106,TX,48407200106,"=""48407200106""",66.4,2019-2023,2022,Census,Texas (State)
Census Tract,48407200107,TX,48407200107,"=""48407200107""",29.64,2019-2023,2022,Census,Texas (State)
Census Tract,48407200201,TX,48407200201,"=""48407200201""",53.54,2019-2023,2022,Census,Texas (State)
Census Tract,48407200202,TX,48407200202,"=""48407200202""",71.34,2019-2023,2022,Census,Texas (State)
Census Tract,48407200301,TX,48407200301,"=""48407200301""",47.04,2019-2023,2022,Census,Texas (State)
Census Tract,48407200302,TX,48407200302,"=""48407200302""",27.69,2019-2023,2022,Census,Texas (State)
Census Tract,48409010201,TX,48409010201,"=""48409010201""",1026.3,2019-2023,2022,Census,Texas (State)
Census Tract,48409010202,TX,48409010202,"=""48409010202""",997.96,2019-2023,2022,Census,Texas (State)
Census Tract,48409010301,TX,48409010301,"=""48409010301""",475.7,2019-2023,2022,Census,Texas (State)
Census Tract,48409010302,TX,48409010302,"=""48409010302""",461.73,2019-2023,2022,Census,Texas (State)
Census Tract,48409010500,TX,48409010500,"=""48409010500""",377.26,2019-2023,2022,Census,Texas (State)
Census Tract,48409010601,TX,48409010601,"=""48409010601""",2074.39,2019-2023,2022,Census,Texas (State)
Census Tract,48409010602,TX,48409010602,"=""48409010602""",1342.97,2019-2023,2022,Census,Texas (State)
Census Tract,48409010603,TX,48409010603,"=""48409010603""",2547.87,2019-2023,2022,Census,Texas (State)
Census Tract,48409010604,TX,48409010604,"=""48409010604""",2211.87,2019-2023,2022,Census,Texas (State)
Census Tract,48409010700,TX,48409010700,"=""48409010700""",20.01,2019-2023,2022,Census,Texas (State)
Census Tract,48409010800,TX,48409010800,"=""48409010800""",640.45,2019-2023,2022,Census,Texas (State)
Census Tract,48409010900,TX,48409010900,"=""48409010900""",26.05,2019-2023,2022,Census,Texas (State)
Census Tract,48409011000,TX,48409011000,"=""48409011000""",543.72,2019-2023,2022,Census,Texas (State)
Census Tract,48409011100,TX,48409011100,"=""48409011100""",682.97,2019-2023,2022,Census,Texas (State)
Census Tract,48409011200,TX,48409011200,"=""48409011200""",22.38,2019-2023,2022,Census,Texas (State)
Census Tract,48409011300,TX,48409011300,"=""48409011300""",415.14,2019-2023,2022,Census,Texas (State)
Census Tract,48411950100,TX,48411950100,"=""48411950100""",251.36,2019-2023,2022,Census,Texas (State)
Census Tract,48411950200,TX,48411950200,"=""48411950200""",2.66,2019-2023,2022,Census,Texas (State)
Census Tract,48413950300,TX,48413950300,"=""48413950300""",1.85,2019-2023,2022,Census,Texas (State)
Census Tract,48415950100,TX,48415950100,"=""48415950100""",13.48,2019-2023,2022,Census,Texas (State)
Census Tract,48415950200,TX,48415950200,"=""48415950200""",3.09,2019-2023,2022,Census,Texas (State)
Census Tract,48415950300,TX,48415950300,"=""48415950300""",678.13,2019-2023,2022,Census,Texas (State)
Census Tract,48415950600,TX,48415950600,"=""48415950600""",22.97,2019-2023,2022,Census,Texas (State)
Census Tract,48417950300,TX,48417950300,"=""48417950300""",3.47,2019-2023,2022,Census,Texas (State)
Census Tract,48419950100,TX,48419950100,"=""48419950100""",35.31,2019-2023,2022,Census,Texas (State)
Census Tract,48419950200,TX,48419950200,"=""48419950200""",24.59,2019-2023,2022,Census,Texas (State)
Census Tract,48419950300,TX,48419950300,"=""48419950300""",30.76,2019-2023,2022,Census,Texas (State)
Census Tract,48419950401,TX,48419950401,"=""48419950401""",317.65,2019-2023,2022,Census,Texas (State)
Census Tract,48419950402,TX,48419950402,"=""48419950402""",435.03,2019-2023,2022,Census,Texas (State)
Census Tract,48419950500,TX,48419950500,"=""48419950500""",20.05,2019-2023,2022,Census,Texas (State)
Census Tract,48419950600,TX,48419950600,"=""48419950600""",13.96,2019-2023,2022,Census,Texas (State)
Census Tract,48421950200,TX,48421950200,"=""48421950200""",2.64,2019-2023,2022,Census,Texas (State)
Census Tract,48423000100,TX,48423000100,"=""48423000100""",2639.35,2019-2023,2022,Census,Texas (State)
Census Tract,48423000201,TX,48423000201,"=""48423000201""",2216.74,2019-2023,2022,Census,Texas (State)
Census Tract,48423000202,TX,48423000202,"=""48423000202""",3881.35,2019-2023,2022,Census,Texas (State)
Census Tract,48423000300,TX,48423000300,"=""48423000300""",1895.28,2019-2023,2022,Census,Texas (State)
Census Tract,48423000400,TX,48423000400,"=""48423000400""",1786.82,2019-2023,2022,Census,Texas (State)
Census Tract,48423000500,TX,48423000500,"=""48423000500""",3549.91,2019-2023,2022,Census,Texas (State)
Census Tract,48423000600,TX,48423000600,"=""48423000600""",1039.96,2019-2023,2022,Census,Texas (State)
Census Tract,48423000700,TX,48423000700,"=""48423000700""",1369.1,2019-2023,2022,Census,Texas (State)
Census Tract,48423000800,TX,48423000800,"=""48423000800""",4261.99,2019-2023,2022,Census,Texas (State)
Census Tract,48423000900,TX,48423000900,"=""48423000900""",3466.65,2019-2023,2022,Census,Texas (State)
Census Tract,48423001000,TX,48423001000,"=""48423001000""",2572.79,2019-2023,2022,Census,Texas (State)
Census Tract,48423001101,TX,48423001101,"=""48423001101""",2864.79,2019-2023,2022,Census,Texas (State)
Census Tract,48423001102,TX,48423001102,"=""48423001102""",2827.62,2019-2023,2022,Census,Texas (State)
Census Tract,48423001200,TX,48423001200,"=""48423001200""",2493.5,2019-2023,2022,Census,Texas (State)
Census Tract,48423001300,TX,48423001300,"=""48423001300""",2963.4,2019-2023,2022,Census,Texas (State)
Census Tract,48423001404,TX,48423001404,"=""48423001404""",134.81,2019-2023,2022,Census,Texas (State)
Census Tract,48423001405,TX,48423001405,"=""48423001405""",41.42,2019-2023,2022,Census,Texas (State)
Census Tract,48423001406,TX,48423001406,"=""48423001406""",170.73,2019-2023,2022,Census,Texas (State)
Census Tract,48423001407,TX,48423001407,"=""48423001407""",355.75,2019-2023,2022,Census,Texas (State)
Census Tract,48423001408,TX,48423001408,"=""48423001408""",159.02,2019-2023,2022,Census,Texas (State)
Census Tract,48423001501,TX,48423001501,"=""48423001501""",34.89,2019-2023,2022,Census,Texas (State)
Census Tract,48423001502,TX,48423001502,"=""48423001502""",55.51,2019-2023,2022,Census,Texas (State)
Census Tract,48423001602,TX,48423001602,"=""48423001602""",160.42,2019-2023,2022,Census,Texas (State)
Census Tract,48423001605,TX,48423001605,"=""48423001605""",110.69,2019-2023,2022,Census,Texas (State)
Census Tract,48423001606,TX,48423001606,"=""48423001606""",171.35,2019-2023,2022,Census,Texas (State)
Census Tract,48423001607,TX,48423001607,"=""48423001607""",438.68,2019-2023,2022,Census,Texas (State)
Census Tract,48423001608,TX,48423001608,"=""48423001608""",422.02,2019-2023,2022,Census,Texas (State)
Census Tract,48423001701,TX,48423001701,"=""48423001701""",247.62,2019-2023,2022,Census,Texas (State)
Census Tract,48423001702,TX,48423001702,"=""48423001702""",197.9,2019-2023,2022,Census,Texas (State)
Census Tract,48423001803,TX,48423001803,"=""48423001803""",1963.68,2019-2023,2022,Census,Texas (State)
Census Tract,48423001804,TX,48423001804,"=""48423001804""",62.13,2019-2023,2022,Census,Texas (State)
Census Tract,48423001805,TX,48423001805,"=""48423001805""",47.34,2019-2023,2022,Census,Texas (State)
Census Tract,48423001806,TX,48423001806,"=""48423001806""",285.97,2019-2023,2022,Census,Texas (State)
Census Tract,48423001807,TX,48423001807,"=""48423001807""",543.52,2019-2023,2022,Census,Texas (State)
Census Tract,48423001906,TX,48423001906,"=""48423001906""",355.06,2019-2023,2022,Census,Texas (State)
Census Tract,48423001909,TX,48423001909,"=""48423001909""",2911.06,2019-2023,2022,Census,Texas (State)
Census Tract,48423001910,TX,48423001910,"=""48423001910""",6582.06,2019-2023,2022,Census,Texas (State)
Census Tract,48423001911,TX,48423001911,"=""48423001911""",5164.64,2019-2023,2022,Census,Texas (State)
Census Tract,48423001912,TX,48423001912,"=""48423001912""",799.82,2019-2023,2022,Census,Texas (State)
Census Tract,48423001913,TX,48423001913,"=""48423001913""",212.05,2019-2023,2022,Census,Texas (State)
Census Tract,48423001914,TX,48423001914,"=""48423001914""",407.17,2019-2023,2022,Census,Texas (State)
Census Tract,48423001915,TX,48423001915,"=""48423001915""",256.23,2019-2023,2022,Census,Texas (State)
Census Tract,48423001916,TX,48423001916,"=""48423001916""",1867.66,2019-2023,2022,Census,Texas (State)
Census Tract,48423001917,TX,48423001917,"=""48423001917""",288.1,2019-2023,2022,Census,Texas (State)
Census Tract,48423002003,TX,48423002003,"=""48423002003""",4349.01,2019-2023,2022,Census,Texas (State)
Census Tract,48423002004,TX,48423002004,"=""48423002004""",2374.05,2019-2023,2022,Census,Texas (State)
Census Tract,48423002006,TX,48423002006,"=""48423002006""",2440.84,2019-2023,2022,Census,Texas (State)
Census Tract,48423002009,TX,48423002009,"=""48423002009""",854.05,2019-2023,2022,Census,Texas (State)
Census Tract,48423002010,TX,48423002010,"=""48423002010""",1298.35,2019-2023,2022,Census,Texas (State)
Census Tract,48423002011,TX,48423002011,"=""48423002011""",237.5,2019-2023,2022,Census,Texas (State)
Census Tract,48423002012,TX,48423002012,"=""48423002012""",1511.32,2019-2023,2022,Census,Texas (State)
Census Tract,48423002013,TX,48423002013,"=""48423002013""",315.8,2019-2023,2022,Census,Texas (State)
Census Tract,48423002101,TX,48423002101,"=""48423002101""",79.41,2019-2023,2022,Census,Texas (State)
Census Tract,48423002102,TX,48423002102,"=""48423002102""",127.63,2019-2023,2022,Census,Texas (State)
Census Tract,48423002200,TX,48423002200,"=""48423002200""",232.88,2019-2023,2022,Census,Texas (State)
Census Tract,48423980000,TX,48423980000,"=""48423980000""",0,2019-2023,2022,Census,Texas (State)
Census Tract,48425000101,TX,48425000101,"=""48425000101""",45.65,2019-2023,2022,Census,Texas (State)
Census Tract,48425000102,TX,48425000102,"=""48425000102""",39.25,2019-2023,2022,Census,Texas (State)
Census Tract,48425000200,TX,48425000200,"=""48425000200""",754.55,2019-2023,2022,Census,Texas (State)
Census Tract,48427950101,TX,48427950101,"=""48427950101""",1.65,2019-2023,2022,Census,Texas (State)
Census Tract,48427950104,TX,48427950104,"=""48427950104""",128.19,2019-2023,2022,Census,Texas (State)
Census Tract,48427950105,TX,48427950105,"=""48427950105""",586.45,2019-2023,2022,Census,Texas (State)
Census Tract,48427950106,TX,48427950106,"=""48427950106""",806.61,2019-2023,2022,Census,Texas (State)
Census Tract,48427950107,TX,48427950107,"=""48427950107""",1083.19,2019-2023,2022,Census,Texas (State)
Census Tract,48427950108,TX,48427950108,"=""48427950108""",37.83,2019-2023,2022,Census,Texas (State)
Census Tract,48427950202,TX,48427950202,"=""48427950202""",7.13,2019-2023,2022,Census,Texas (State)
Census Tract,48427950203,TX,48427950203,"=""48427950203""",3688.3,2019-2023,2022,Census,Texas (State)
Census Tract,48427950204,TX,48427950204,"=""48427950204""",169.75,2019-2023,2022,Census,Texas (State)
Census Tract,48427950402,TX,48427950402,"=""48427950402""",42.47,2019-2023,2022,Census,Texas (State)
Census Tract,48427950403,TX,48427950403,"=""48427950403""",194.46,2019-2023,2022,Census,Texas (State)
Census Tract,48427950404,TX,48427950404,"=""48427950404""",169.6,2019-2023,2022,Census,Texas (State)
Census Tract,48427950500,TX,48427950500,"=""48427950500""",2176.23,2019-2023,2022,Census,Texas (State)
Census Tract,48427950601,TX,48427950601,"=""48427950601""",2158.83,2019-2023,2022,Census,Texas (State)
Census Tract,48427950602,TX,48427950602,"=""48427950602""",743.84,2019-2023,2022,Census,Texas (State)
Census Tract,48427950701,TX,48427950701,"=""48427950701""",2703.83,2019-2023,2022,Census,Texas (State)
Census Tract,48427950702,TX,48427950702,"=""48427950702""",1477.28,2019-2023,2022,Census,Texas (State)
Census Tract,48429950200,TX,48429950200,"=""48429950200""",326.08,2019-2023,2022,Census,Texas (State)
Census Tract,48429950300,TX,48429950300,"=""48429950300""",154.41,2019-2023,2022,Census,Texas (State)
Census Tract,48429950500,TX,48429950500,"=""48429950500""",3.94,2019-2023,2022,Census,Texas (State)
Census Tract,48431950100,TX,48431950100,"=""48431950100""",1.5,2019-2023,2022,Census,Texas (State)
Census Tract,48433950300,TX,48433950300,"=""48433950300""",1.36,2019-2023,2022,Census,Texas (State)
Census Tract,48435950300,TX,48435950300,"=""48435950300""",2.27,2019-2023,2022,Census,Texas (State)
Census Tract,48437950200,TX,48437950200,"=""48437950200""",3.28,2019-2023,2022,Census,Texas (State)
Census Tract,48437950300,TX,48437950300,"=""48437950300""",419.05,2019-2023,2022,Census,Texas (State)
Census Tract,48437950400,TX,48437950400,"=""48437950400""",2.95,2019-2023,2022,Census,Texas (State)
Census Tract,48439100101,TX,48439100101,"=""48439100101""",5686.45,2019-2023,2022,Census,Texas (State)
Census Tract,48439100102,TX,48439100102,"=""48439100102""",4335.27,2019-2023,2022,Census,Texas (State)
Census Tract,48439100201,TX,48439100201,"=""48439100201""",6323.57,2019-2023,2022,Census,Texas (State)
Census Tract,48439100202,TX,48439100202,"=""48439100202""",2017.57,2019-2023,2022,Census,Texas (State)
Census Tract,48439100300,TX,48439100300,"=""48439100300""",1624.45,2019-2023,2022,Census,Texas (State)
Census Tract,48439100401,TX,48439100401,"=""48439100401""",6921.8,2019-2023,2022,Census,Texas (State)
Census Tract,48439100402,TX,48439100402,"=""48439100402""",5607.76,2019-2023,2022,Census,Texas (State)
Census Tract,48439100503,TX,48439100503,"=""48439100503""",6194.78,2019-2023,2022,Census,Texas (State)
Census Tract,48439100504,TX,48439100504,"=""48439100504""",3824.86,2019-2023,2022,Census,Texas (State)
Census Tract,48439100505,TX,48439100505,"=""48439100505""",3653.66,2019-2023,2022,Census,Texas (State)
Census Tract,48439100506,TX,48439100506,"=""48439100506""",5477.98,2019-2023,2022,Census,Texas (State)
Census Tract,48439100601,TX,48439100601,"=""48439100601""",257.52,2019-2023,2022,Census,Texas (State)
Census Tract,48439100602,TX,48439100602,"=""48439100602""",871.65,2019-2023,2022,Census,Texas (State)
Census Tract,48439100700,TX,48439100700,"=""48439100700""",2483,2019-2023,2022,Census,Texas (State)
Census Tract,48439100800,TX,48439100800,"=""48439100800""",4569.17,2019-2023,2022,Census,Texas (State)
Census Tract,48439100900,TX,48439100900,"=""48439100900""",3211.46,2019-2023,2022,Census,Texas (State)
Census Tract,48439101201,TX,48439101201,"=""48439101201""",275.59,2019-2023,2022,Census,Texas (State)
Census Tract,48439101202,TX,48439101202,"=""48439101202""",2092.48,2019-2023,2022,Census,Texas (State)
Census Tract,48439101301,TX,48439101301,"=""48439101301""",4400.88,2019-2023,2022,Census,Texas (State)
Census Tract,48439101302,TX,48439101302,"=""48439101302""",2037.95,2019-2023,2022,Census,Texas (State)
Census Tract,48439101401,TX,48439101401,"=""48439101401""",3889.59,2019-2023,2022,Census,Texas (State)
Census Tract,48439101402,TX,48439101402,"=""48439101402""",5719.23,2019-2023,2022,Census,Texas (State)
Census Tract,48439101403,TX,48439101403,"=""48439101403""",5160.22,2019-2023,2022,Census,Texas (State)
Census Tract,48439101500,TX,48439101500,"=""48439101500""",2773.25,2019-2023,2022,Census,Texas (State)
Census Tract,48439101700,TX,48439101700,"=""48439101700""",1386.78,2019-2023,2022,Census,Texas (State)
Census Tract,48439102000,TX,48439102000,"=""48439102000""",2241.35,2019-2023,2022,Census,Texas (State)
Census Tract,48439102101,TX,48439102101,"=""48439102101""",5213.39,2019-2023,2022,Census,Texas (State)
Census Tract,48439102102,TX,48439102102,"=""48439102102""",2920.27,2019-2023,2022,Census,Texas (State)
Census Tract,48439102201,TX,48439102201,"=""48439102201""",2390.51,2019-2023,2022,Census,Texas (State)
Census Tract,48439102202,TX,48439102202,"=""48439102202""",3502.37,2019-2023,2022,Census,Texas (State)
Census Tract,48439102301,TX,48439102301,"=""48439102301""",1735.71,2019-2023,2022,Census,Texas (State)
Census Tract,48439102302,TX,48439102302,"=""48439102302""",4151.94,2019-2023,2022,Census,Texas (State)
Census Tract,48439102401,TX,48439102401,"=""48439102401""",3476.15,2019-2023,2022,Census,Texas (State)
Census Tract,48439102402,TX,48439102402,"=""48439102402""",3074.3,2019-2023,2022,Census,Texas (State)
Census Tract,48439102500,TX,48439102500,"=""48439102500""",4213.48,2019-2023,2022,Census,Texas (State)
Census Tract,48439102601,TX,48439102601,"=""48439102601""",3976.01,2019-2023,2022,Census,Texas (State)
Census Tract,48439102602,TX,48439102602,"=""48439102602""",3139.54,2019-2023,2022,Census,Texas (State)
Census Tract,48439102700,TX,48439102700,"=""48439102700""",4907.25,2019-2023,2022,Census,Texas (State)
Census Tract,48439103500,TX,48439103500,"=""48439103500""",3093.06,2019-2023,2022,Census,Texas (State)
Census Tract,48439103601,TX,48439103601,"=""48439103601""",2727.94,2019-2023,2022,Census,Texas (State)
Census Tract,48439103602,TX,48439103602,"=""48439103602""",4920.12,2019-2023,2022,Census,Texas (State)
Census Tract,48439103701,TX,48439103701,"=""48439103701""",7082.42,2019-2023,2022,Census,Texas (State)
Census Tract,48439103702,TX,48439103702,"=""48439103702""",6916.11,2019-2023,2022,Census,Texas (State)
Census Tract,48439103800,TX,48439103800,"=""48439103800""",3583.35,2019-2023,2022,Census,Texas (State)
Census Tract,48439104100,TX,48439104100,"=""48439104100""",6775.23,2019-2023,2022,Census,Texas (State)
Census Tract,48439104202,TX,48439104202,"=""48439104202""",4237.34,2019-2023,2022,Census,Texas (State)
Census Tract,48439104203,TX,48439104203,"=""48439104203""",9673.72,2019-2023,2022,Census,Texas (State)
Census Tract,48439104204,TX,48439104204,"=""48439104204""",3147.76,2019-2023,2022,Census,Texas (State)
Census Tract,48439104301,TX,48439104301,"=""48439104301""",4588.24,2019-2023,2022,Census,Texas (State)
Census Tract,48439104302,TX,48439104302,"=""48439104302""",5685.12,2019-2023,2022,Census,Texas (State)
Census Tract,48439104400,TX,48439104400,"=""48439104400""",6525.19,2019-2023,2022,Census,Texas (State)
Census Tract,48439104502,TX,48439104502,"=""48439104502""",4106.04,2019-2023,2022,Census,Texas (State)
Census Tract,48439104503,TX,48439104503,"=""48439104503""",3754.2,2019-2023,2022,Census,Texas (State)
Census Tract,48439104504,TX,48439104504,"=""48439104504""",2589.14,2019-2023,2022,Census,Texas (State)
Census Tract,48439104505,TX,48439104505,"=""48439104505""",5416.28,2019-2023,2022,Census,Texas (State)
Census Tract,48439104601,TX,48439104601,"=""48439104601""",6374.19,2019-2023,2022,Census,Texas (State)
Census Tract,48439104602,TX,48439104602,"=""48439104602""",5707.7,2019-2023,2022,Census,Texas (State)
Census Tract,48439104603,TX,48439104603,"=""48439104603""",4347.41,2019-2023,2022,Census,Texas (State)
Census Tract,48439104604,TX,48439104604,"=""48439104604""",2574.38,2019-2023,2022,Census,Texas (State)
Census Tract,48439104605,TX,48439104605,"=""48439104605""",2991.94,2019-2023,2022,Census,Texas (State)
Census Tract,48439104701,TX,48439104701,"=""48439104701""",9627.68,2019-2023,2022,Census,Texas (State)
Census Tract,48439104702,TX,48439104702,"=""48439104702""",2302.01,2019-2023,2022,Census,Texas (State)
Census Tract,48439104802,TX,48439104802,"=""48439104802""",5395.55,2019-2023,2022,Census,Texas (State)
Census Tract,48439104803,TX,48439104803,"=""48439104803""",8857.07,2019-2023,2022,Census,Texas (State)
Census Tract,48439104804,TX,48439104804,"=""48439104804""",3538.58,2019-2023,2022,Census,Texas (State)
Census Tract,48439104900,TX,48439104900,"=""48439104900""",2747.84,2019-2023,2022,Census,Texas (State)
Census Tract,48439105007,TX,48439105007,"=""48439105007""",3148.58,2019-2023,2022,Census,Texas (State)
Census Tract,48439105008,TX,48439105008,"=""48439105008""",4890.7,2019-2023,2022,Census,Texas (State)
Census Tract,48439105009,TX,48439105009,"=""48439105009""",766.46,2019-2023,2022,Census,Texas (State)
Census Tract,48439105201,TX,48439105201,"=""48439105201""",6910.21,2019-2023,2022,Census,Texas (State)
Census Tract,48439105203,TX,48439105203,"=""48439105203""",5084.45,2019-2023,2022,Census,Texas (State)
Census Tract,48439105204,TX,48439105204,"=""48439105204""",10452.74,2019-2023,2022,Census,Texas (State)
Census Tract,48439105206,TX,48439105206,"=""48439105206""",9938.28,2019-2023,2022,Census,Texas (State)
Census Tract,48439105207,TX,48439105207,"=""48439105207""",14545.54,2019-2023,2022,Census,Texas (State)
Census Tract,48439105403,TX,48439105403,"=""48439105403""",3133.46,2019-2023,2022,Census,Texas (State)
Census Tract,48439105404,TX,48439105404,"=""48439105404""",3336.15,2019-2023,2022,Census,Texas (State)
Census Tract,48439105405,TX,48439105405,"=""48439105405""",1851.8,2019-2023,2022,Census,Texas (State)
Census Tract,48439105407,TX,48439105407,"=""48439105407""",10797.53,2019-2023,2022,Census,Texas (State)
Census Tract,48439105408,TX,48439105408,"=""48439105408""",3671.15,2019-2023,2022,Census,Texas (State)
Census Tract,48439105502,TX,48439105502,"=""48439105502""",5396.39,2019-2023,2022,Census,Texas (State)
Census Tract,48439105503,TX,48439105503,"=""48439105503""",4541.03,2019-2023,2022,Census,Texas (State)
Census Tract,48439105505,TX,48439105505,"=""48439105505""",6014.51,2019-2023,2022,Census,Texas (State)
Census Tract,48439105511,TX,48439105511,"=""48439105511""",5937.52,2019-2023,2022,Census,Texas (State)
Census Tract,48439105512,TX,48439105512,"=""48439105512""",5125.23,2019-2023,2022,Census,Texas (State)
Census Tract,48439105513,TX,48439105513,"=""48439105513""",6306.95,2019-2023,2022,Census,Texas (State)
Census Tract,48439105514,TX,48439105514,"=""48439105514""",2813.29,2019-2023,2022,Census,Texas (State)
Census Tract,48439105515,TX,48439105515,"=""48439105515""",6689.99,2019-2023,2022,Census,Texas (State)
Census Tract,48439105516,TX,48439105516,"=""48439105516""",7799.38,2019-2023,2022,Census,Texas (State)
Census Tract,48439105517,TX,48439105517,"=""48439105517""",7788.82,2019-2023,2022,Census,Texas (State)
Census Tract,48439105518,TX,48439105518,"=""48439105518""",2619.03,2019-2023,2022,Census,Texas (State)
Census Tract,48439105519,TX,48439105519,"=""48439105519""",4618.41,2019-2023,2022,Census,Texas (State)
Census Tract,48439105520,TX,48439105520,"=""48439105520""",1522.93,2019-2023,2022,Census,Texas (State)
Census Tract,48439105600,TX,48439105600,"=""48439105600""",5508.54,2019-2023,2022,Census,Texas (State)
Census Tract,48439105701,TX,48439105701,"=""48439105701""",5323.1,2019-2023,2022,Census,Texas (State)
Census Tract,48439105703,TX,48439105703,"=""48439105703""",4974.56,2019-2023,2022,Census,Texas (State)
Census Tract,48439105705,TX,48439105705,"=""48439105705""",7001.95,2019-2023,2022,Census,Texas (State)
Census Tract,48439105706,TX,48439105706,"=""48439105706""",6166.7,2019-2023,2022,Census,Texas (State)
Census Tract,48439105800,TX,48439105800,"=""48439105800""",6890.64,2019-2023,2022,Census,Texas (State)
Census Tract,48439105901,TX,48439105901,"=""48439105901""",5249.19,2019-2023,2022,Census,Texas (State)
Census Tract,48439105902,TX,48439105902,"=""48439105902""",2714.89,2019-2023,2022,Census,Texas (State)
Census Tract,48439106002,TX,48439106002,"=""48439106002""",704.55,2019-2023,2022,Census,Texas (State)
Census Tract,48439106004,TX,48439106004,"=""48439106004""",1119.26,2019-2023,2022,Census,Texas (State)
Census Tract,48439106005,TX,48439106005,"=""48439106005""",3696.34,2019-2023,2022,Census,Texas (State)
Census Tract,48439106006,TX,48439106006,"=""48439106006""",6195.27,2019-2023,2022,Census,Texas (State)
Census Tract,48439106101,TX,48439106101,"=""48439106101""",1320.61,2019-2023,2022,Census,Texas (State)
Census Tract,48439106102,TX,48439106102,"=""48439106102""",4267.2,2019-2023,2022,Census,Texas (State)
Census Tract,48439106201,TX,48439106201,"=""48439106201""",6816.79,2019-2023,2022,Census,Texas (State)
Census Tract,48439106202,TX,48439106202,"=""48439106202""",3989.26,2019-2023,2022,Census,Texas (State)
Census Tract,48439106300,TX,48439106300,"=""48439106300""",4637.71,2019-2023,2022,Census,Texas (State)
Census Tract,48439106400,TX,48439106400,"=""48439106400""",1438.05,2019-2023,2022,Census,Texas (State)
Census Tract,48439106502,TX,48439106502,"=""48439106502""",2593.15,2019-2023,2022,Census,Texas (State)
Census Tract,48439106503,TX,48439106503,"=""48439106503""",4842.05,2019-2023,2022,Census,Texas (State)
Census Tract,48439106507,TX,48439106507,"=""48439106507""",3110.55,2019-2023,2022,Census,Texas (State)
Census Tract,48439106509,TX,48439106509,"=""48439106509""",1175.97,2019-2023,2022,Census,Texas (State)
Census Tract,48439106512,TX,48439106512,"=""48439106512""",5588.5,2019-2023,2022,Census,Texas (State)
Census Tract,48439106513,TX,48439106513,"=""48439106513""",2947.16,2019-2023,2022,Census,Texas (State)
Census Tract,48439106514,TX,48439106514,"=""48439106514""",3335.88,2019-2023,2022,Census,Texas (State)
Census Tract,48439106515,TX,48439106515,"=""48439106515""",3997.18,2019-2023,2022,Census,Texas (State)
Census Tract,48439106518,TX,48439106518,"=""48439106518""",2086.61,2019-2023,2022,Census,Texas (State)
Census Tract,48439106519,TX,48439106519,"=""48439106519""",4696.33,2019-2023,2022,Census,Texas (State)
Census Tract,48439106520,TX,48439106520,"=""48439106520""",17351.73,2019-2023,2022,Census,Texas (State)
Census Tract,48439106521,TX,48439106521,"=""48439106521""",2712.92,2019-2023,2022,Census,Texas (State)
Census Tract,48439106522,TX,48439106522,"=""48439106522""",3335.13,2019-2023,2022,Census,Texas (State)
Census Tract,48439106523,TX,48439106523,"=""48439106523""",4338.37,2019-2023,2022,Census,Texas (State)
Census Tract,48439106524,TX,48439106524,"=""48439106524""",1845.67,2019-2023,2022,Census,Texas (State)
Census Tract,48439106525,TX,48439106525,"=""48439106525""",4199.81,2019-2023,2022,Census,Texas (State)
Census Tract,48439106526,TX,48439106526,"=""48439106526""",2307.35,2019-2023,2022,Census,Texas (State)
Census Tract,48439106600,TX,48439106600,"=""48439106600""",2014.31,2019-2023,2022,Census,Texas (State)
Census Tract,48439106700,TX,48439106700,"=""48439106700""",372.54,2019-2023,2022,Census,Texas (State)
Census Tract,48439110102,TX,48439110102,"=""48439110102""",3624.88,2019-2023,2022,Census,Texas (State)
Census Tract,48439110103,TX,48439110103,"=""48439110103""",6286.69,2019-2023,2022,Census,Texas (State)
Census Tract,48439110104,TX,48439110104,"=""48439110104""",4174.68,2019-2023,2022,Census,Texas (State)
Census Tract,48439110202,TX,48439110202,"=""48439110202""",4271.48,2019-2023,2022,Census,Texas (State)
Census Tract,48439110204,TX,48439110204,"=""48439110204""",3911.56,2019-2023,2022,Census,Texas (State)
Census Tract,48439110205,TX,48439110205,"=""48439110205""",5563.9,2019-2023,2022,Census,Texas (State)
Census Tract,48439110206,TX,48439110206,"=""48439110206""",3100.23,2019-2023,2022,Census,Texas (State)
Census Tract,48439110301,TX,48439110301,"=""48439110301""",1325.11,2019-2023,2022,Census,Texas (State)
Census Tract,48439110302,TX,48439110302,"=""48439110302""",3994.16,2019-2023,2022,Census,Texas (State)
Census Tract,48439110401,TX,48439110401,"=""48439110401""",1893.73,2019-2023,2022,Census,Texas (State)
Census Tract,48439110402,TX,48439110402,"=""48439110402""",4345.97,2019-2023,2022,Census,Texas (State)
Census Tract,48439110500,TX,48439110500,"=""48439110500""",3703.39,2019-2023,2022,Census,Texas (State)
Census Tract,48439110600,TX,48439110600,"=""48439110600""",1262.73,2019-2023,2022,Census,Texas (State)
Census Tract,48439110703,TX,48439110703,"=""48439110703""",4522.45,2019-2023,2022,Census,Texas (State)
Census Tract,48439110704,TX,48439110704,"=""48439110704""",2513.06,2019-2023,2022,Census,Texas (State)
Census Tract,48439110705,TX,48439110705,"=""48439110705""",4200,2019-2023,2022,Census,Texas (State)
Census Tract,48439110706,TX,48439110706,"=""48439110706""",3234.85,2019-2023,2022,Census,Texas (State)
Census Tract,48439110805,TX,48439110805,"=""48439110805""",3069.84,2019-2023,2022,Census,Texas (State)
Census Tract,48439110806,TX,48439110806,"=""48439110806""",1122.7,2019-2023,2022,Census,Texas (State)
Census Tract,48439110807,TX,48439110807,"=""48439110807""",1024.67,2019-2023,2022,Census,Texas (State)
Census Tract,48439110808,TX,48439110808,"=""48439110808""",251.3,2019-2023,2022,Census,Texas (State)
Census Tract,48439110809,TX,48439110809,"=""48439110809""",2344.54,2019-2023,2022,Census,Texas (State)
Census Tract,48439110901,TX,48439110901,"=""48439110901""",2592.6,2019-2023,2022,Census,Texas (State)
Census Tract,48439110903,TX,48439110903,"=""48439110903""",1768.52,2019-2023,2022,Census,Texas (State)
Census Tract,48439110905,TX,48439110905,"=""48439110905""",1379.38,2019-2023,2022,Census,Texas (State)
Census Tract,48439110906,TX,48439110906,"=""48439110906""",799.07,2019-2023,2022,Census,Texas (State)
Census Tract,48439110907,TX,48439110907,"=""48439110907""",3590.88,2019-2023,2022,Census,Texas (State)
Census Tract,48439111003,TX,48439111003,"=""48439111003""",2901.31,2019-2023,2022,Census,Texas (State)
Census Tract,48439111010,TX,48439111010,"=""48439111010""",154.3,2019-2023,2022,Census,Texas (State)
Census Tract,48439111015,TX,48439111015,"=""48439111015""",2035.56,2019-2023,2022,Census,Texas (State)
Census Tract,48439111018,TX,48439111018,"=""48439111018""",191.49,2019-2023,2022,Census,Texas (State)
Census Tract,48439111019,TX,48439111019,"=""48439111019""",1940.57,2019-2023,2022,Census,Texas (State)
Census Tract,48439111020,TX,48439111020,"=""48439111020""",11041.72,2019-2023,2022,Census,Texas (State)
Census Tract,48439111021,TX,48439111021,"=""48439111021""",1490.94,2019-2023,2022,Census,Texas (State)
Census Tract,48439111022,TX,48439111022,"=""48439111022""",3120.77,2019-2023,2022,Census,Texas (State)
Census Tract,48439111023,TX,48439111023,"=""48439111023""",7980.76,2019-2023,2022,Census,Texas (State)
Census Tract,48439111024,TX,48439111024,"=""48439111024""",8525.77,2019-2023,2022,Census,Texas (State)
Census Tract,48439111025,TX,48439111025,"=""48439111025""",11676.98,2019-2023,2022,Census,Texas (State)
Census Tract,48439111026,TX,48439111026,"=""48439111026""",6607.57,2019-2023,2022,Census,Texas (State)
Census Tract,48439111027,TX,48439111027,"=""48439111027""",1461.76,2019-2023,2022,Census,Texas (State)
Census Tract,48439111028,TX,48439111028,"=""48439111028""",4770.74,2019-2023,2022,Census,Texas (State)
Census Tract,48439111029,TX,48439111029,"=""48439111029""",4993.36,2019-2023,2022,Census,Texas (State)
Census Tract,48439111030,TX,48439111030,"=""48439111030""",2789.44,2019-2023,2022,Census,Texas (State)
Census Tract,48439111031,TX,48439111031,"=""48439111031""",1538.12,2019-2023,2022,Census,Texas (State)
Census Tract,48439111032,TX,48439111032,"=""48439111032""",4828.09,2019-2023,2022,Census,Texas (State)
Census Tract,48439111033,TX,48439111033,"=""48439111033""",1912.04,2019-2023,2022,Census,Texas (State)
Census Tract,48439111102,TX,48439111102,"=""48439111102""",2969.6,2019-2023,2022,Census,Texas (State)
Census Tract,48439111103,TX,48439111103,"=""48439111103""",3470.97,2019-2023,2022,Census,Texas (State)
Census Tract,48439111104,TX,48439111104,"=""48439111104""",3431.12,2019-2023,2022,Census,Texas (State)
Census Tract,48439111202,TX,48439111202,"=""48439111202""",3441.45,2019-2023,2022,Census,Texas (State)
Census Tract,48439111203,TX,48439111203,"=""48439111203""",1376.21,2019-2023,2022,Census,Texas (State)
Census Tract,48439111204,TX,48439111204,"=""48439111204""",595.18,2019-2023,2022,Census,Texas (State)
Census Tract,48439111304,TX,48439111304,"=""48439111304""",3851.27,2019-2023,2022,Census,Texas (State)
Census Tract,48439111306,TX,48439111306,"=""48439111306""",1331.44,2019-2023,2022,Census,Texas (State)
Census Tract,48439111307,TX,48439111307,"=""48439111307""",2477.31,2019-2023,2022,Census,Texas (State)
Census Tract,48439111308,TX,48439111308,"=""48439111308""",1718.97,2019-2023,2022,Census,Texas (State)
Census Tract,48439111309,TX,48439111309,"=""48439111309""",2240.39,2019-2023,2022,Census,Texas (State)
Census Tract,48439111311,TX,48439111311,"=""48439111311""",4344.75,2019-2023,2022,Census,Texas (State)
Census Tract,48439111312,TX,48439111312,"=""48439111312""",823.87,2019-2023,2022,Census,Texas (State)
Census Tract,48439111314,TX,48439111314,"=""48439111314""",4238.31,2019-2023,2022,Census,Texas (State)
Census Tract,48439111315,TX,48439111315,"=""48439111315""",4563.5,2019-2023,2022,Census,Texas (State)
Census Tract,48439111316,TX,48439111316,"=""48439111316""",4198.09,2019-2023,2022,Census,Texas (State)
Census Tract,48439111317,TX,48439111317,"=""48439111317""",567.72,2019-2023,2022,Census,Texas (State)
Census Tract,48439111318,TX,48439111318,"=""48439111318""",886.03,2019-2023,2022,Census,Texas (State)
Census Tract,48439111319,TX,48439111319,"=""48439111319""",2778.72,2019-2023,2022,Census,Texas (State)
Census Tract,48439111320,TX,48439111320,"=""48439111320""",3659.78,2019-2023,2022,Census,Texas (State)
Census Tract,48439111402,TX,48439111402,"=""48439111402""",4938.21,2019-2023,2022,Census,Texas (State)
Census Tract,48439111405,TX,48439111405,"=""48439111405""",384.85,2019-2023,2022,Census,Texas (State)
Census Tract,48439111406,TX,48439111406,"=""48439111406""",1569.17,2019-2023,2022,Census,Texas (State)
Census Tract,48439111407,TX,48439111407,"=""48439111407""",1817.98,2019-2023,2022,Census,Texas (State)
Census Tract,48439111408,TX,48439111408,"=""48439111408""",956,2019-2023,2022,Census,Texas (State)
Census Tract,48439111409,TX,48439111409,"=""48439111409""",3223.66,2019-2023,2022,Census,Texas (State)
Census Tract,48439111410,TX,48439111410,"=""48439111410""",5034.08,2019-2023,2022,Census,Texas (State)
Census Tract,48439111411,TX,48439111411,"=""48439111411""",2434.33,2019-2023,2022,Census,Texas (State)
Census Tract,48439111505,TX,48439111505,"=""48439111505""",5130.04,2019-2023,2022,Census,Texas (State)
Census Tract,48439111506,TX,48439111506,"=""48439111506""",3653.56,2019-2023,2022,Census,Texas (State)
Census Tract,48439111513,TX,48439111513,"=""48439111513""",2513.18,2019-2023,2022,Census,Texas (State)
Census Tract,48439111514,TX,48439111514,"=""48439111514""",4057.74,2019-2023,2022,Census,Texas (State)
Census Tract,48439111516,TX,48439111516,"=""48439111516""",4251.86,2019-2023,2022,Census,Texas (State)
Census Tract,48439111522,TX,48439111522,"=""48439111522""",7034.44,2019-2023,2022,Census,Texas (State)
Census Tract,48439111525,TX,48439111525,"=""48439111525""",3323.7,2019-2023,2022,Census,Texas (State)
Census Tract,48439111526,TX,48439111526,"=""48439111526""",5598.43,2019-2023,2022,Census,Texas (State)
Census Tract,48439111529,TX,48439111529,"=""48439111529""",4428.25,2019-2023,2022,Census,Texas (State)
Census Tract,48439111530,TX,48439111530,"=""48439111530""",2663.83,2019-2023,2022,Census,Texas (State)
Census Tract,48439111531,TX,48439111531,"=""48439111531""",3459.75,2019-2023,2022,Census,Texas (State)
Census Tract,48439111532,TX,48439111532,"=""48439111532""",4011.3,2019-2023,2022,Census,Texas (State)
Census Tract,48439111533,TX,48439111533,"=""48439111533""",4432.5,2019-2023,2022,Census,Texas (State)
Census Tract,48439111534,TX,48439111534,"=""48439111534""",4941.99,2019-2023,2022,Census,Texas (State)
Census Tract,48439111536,TX,48439111536,"=""48439111536""",2690.93,2019-2023,2022,Census,Texas (State)
Census Tract,48439111538,TX,48439111538,"=""48439111538""",6133.75,2019-2023,2022,Census,Texas (State)
Census Tract,48439111540,TX,48439111540,"=""48439111540""",2828.51,2019-2023,2022,Census,Texas (State)
Census Tract,48439111541,TX,48439111541,"=""48439111541""",5206.01,2019-2023,2022,Census,Texas (State)
Census Tract,48439111542,TX,48439111542,"=""48439111542""",5659.16,2019-2023,2022,Census,Texas (State)
Census Tract,48439111543,TX,48439111543,"=""48439111543""",11051.81,2019-2023,2022,Census,Texas (State)
Census Tract,48439111544,TX,48439111544,"=""48439111544""",5624.58,2019-2023,2022,Census,Texas (State)
Census Tract,48439111545,TX,48439111545,"=""48439111545""",1082.63,2019-2023,2022,Census,Texas (State)
Census Tract,48439111546,TX,48439111546,"=""48439111546""",4022.2,2019-2023,2022,Census,Texas (State)
Census Tract,48439111551,TX,48439111551,"=""48439111551""",5828.19,2019-2023,2022,Census,Texas (State)
Census Tract,48439111552,TX,48439111552,"=""48439111552""",3596.4,2019-2023,2022,Census,Texas (State)
Census Tract,48439111553,TX,48439111553,"=""48439111553""",4770.53,2019-2023,2022,Census,Texas (State)
Census Tract,48439111554,TX,48439111554,"=""48439111554""",5355.81,2019-2023,2022,Census,Texas (State)
Census Tract,48439111555,TX,48439111555,"=""48439111555""",5369.69,2019-2023,2022,Census,Texas (State)
Census Tract,48439111556,TX,48439111556,"=""48439111556""",6845.82,2019-2023,2022,Census,Texas (State)
Census Tract,48439111557,TX,48439111557,"=""48439111557""",5235.64,2019-2023,2022,Census,Texas (State)
Census Tract,48439111558,TX,48439111558,"=""48439111558""",6772.15,2019-2023,2022,Census,Texas (State)
Census Tract,48439111559,TX,48439111559,"=""48439111559""",3798.32,2019-2023,2022,Census,Texas (State)
Census Tract,48439111560,TX,48439111560,"=""48439111560""",4558.97,2019-2023,2022,Census,Texas (State)
Census Tract,48439111561,TX,48439111561,"=""48439111561""",5088.79,2019-2023,2022,Census,Texas (State)
Census Tract,48439111562,TX,48439111562,"=""48439111562""",3234.2,2019-2023,2022,Census,Texas (State)
Census Tract,48439111563,TX,48439111563,"=""48439111563""",3575.14,2019-2023,2022,Census,Texas (State)
Census Tract,48439111564,TX,48439111564,"=""48439111564""",1718.96,2019-2023,2022,Census,Texas (State)
Census Tract,48439111565,TX,48439111565,"=""48439111565""",3774.55,2019-2023,2022,Census,Texas (State)
Census Tract,48439111566,TX,48439111566,"=""48439111566""",6463.88,2019-2023,2022,Census,Texas (State)
Census Tract,48439111567,TX,48439111567,"=""48439111567""",6818.49,2019-2023,2022,Census,Texas (State)
Census Tract,48439111568,TX,48439111568,"=""48439111568""",7247.85,2019-2023,2022,Census,Texas (State)
Census Tract,48439111569,TX,48439111569,"=""48439111569""",5719.68,2019-2023,2022,Census,Texas (State)
Census Tract,48439111570,TX,48439111570,"=""48439111570""",4490.06,2019-2023,2022,Census,Texas (State)
Census Tract,48439111571,TX,48439111571,"=""48439111571""",3703.46,2019-2023,2022,Census,Texas (State)
Census Tract,48439111572,TX,48439111572,"=""48439111572""",6913.5,2019-2023,2022,Census,Texas (State)
Census Tract,48439113003,TX,48439113003,"=""48439113003""",403.5,2019-2023,2022,Census,Texas (State)
Census Tract,48439113004,TX,48439113004,"=""48439113004""",3039.04,2019-2023,2022,Census,Texas (State)
Census Tract,48439113005,TX,48439113005,"=""48439113005""",747.62,2019-2023,2022,Census,Texas (State)
Census Tract,48439113006,TX,48439113006,"=""48439113006""",5864.01,2019-2023,2022,Census,Texas (State)
Census Tract,48439113007,TX,48439113007,"=""48439113007""",2350.77,2019-2023,2022,Census,Texas (State)
Census Tract,48439113102,TX,48439113102,"=""48439113102""",971.4,2019-2023,2022,Census,Texas (State)
Census Tract,48439113104,TX,48439113104,"=""48439113104""",7890.23,2019-2023,2022,Census,Texas (State)
Census Tract,48439113107,TX,48439113107,"=""48439113107""",3443.44,2019-2023,2022,Census,Texas (State)
Census Tract,48439113108,TX,48439113108,"=""48439113108""",2020.45,2019-2023,2022,Census,Texas (State)
Census Tract,48439113109,TX,48439113109,"=""48439113109""",3936.87,2019-2023,2022,Census,Texas (State)
Census Tract,48439113110,TX,48439113110,"=""48439113110""",7202.7,2019-2023,2022,Census,Texas (State)
Census Tract,48439113112,TX,48439113112,"=""48439113112""",3079.27,2019-2023,2022,Census,Texas (State)
Census Tract,48439113115,TX,48439113115,"=""48439113115""",10002.37,2019-2023,2022,Census,Texas (State)
Census Tract,48439113116,TX,48439113116,"=""48439113116""",11438.14,2019-2023,2022,Census,Texas (State)
Census Tract,48439113117,TX,48439113117,"=""48439113117""",10420.88,2019-2023,2022,Census,Texas (State)
Census Tract,48439113118,TX,48439113118,"=""48439113118""",13087.17,2019-2023,2022,Census,Texas (State)
Census Tract,48439113119,TX,48439113119,"=""48439113119""",3798.98,2019-2023,2022,Census,Texas (State)
Census Tract,48439113120,TX,48439113120,"=""48439113120""",1825.59,2019-2023,2022,Census,Texas (State)
Census Tract,48439113121,TX,48439113121,"=""48439113121""",10809.87,2019-2023,2022,Census,Texas (State)
Census Tract,48439113122,TX,48439113122,"=""48439113122""",7795.64,2019-2023,2022,Census,Texas (State)
Census Tract,48439113206,TX,48439113206,"=""48439113206""",3748.95,2019-2023,2022,Census,Texas (State)
Census Tract,48439113207,TX,48439113207,"=""48439113207""",3573.21,2019-2023,2022,Census,Texas (State)
Census Tract,48439113210,TX,48439113210,"=""48439113210""",3691.1,2019-2023,2022,Census,Texas (State)
Census Tract,48439113212,TX,48439113212,"=""48439113212""",3321.5,2019-2023,2022,Census,Texas (State)
Census Tract,48439113213,TX,48439113213,"=""48439113213""",2957.15,2019-2023,2022,Census,Texas (State)
Census Tract,48439113214,TX,48439113214,"=""48439113214""",5142.49,2019-2023,2022,Census,Texas (State)
Census Tract,48439113215,TX,48439113215,"=""48439113215""",3739.78,2019-2023,2022,Census,Texas (State)
Census Tract,48439113216,TX,48439113216,"=""48439113216""",4600.15,2019-2023,2022,Census,Texas (State)
Census Tract,48439113217,TX,48439113217,"=""48439113217""",4027.88,2019-2023,2022,Census,Texas (State)
Census Tract,48439113218,TX,48439113218,"=""48439113218""",1951.4,2019-2023,2022,Census,Texas (State)
Census Tract,48439113221,TX,48439113221,"=""48439113221""",6461.09,2019-2023,2022,Census,Texas (State)
Census Tract,48439113222,TX,48439113222,"=""48439113222""",8710.52,2019-2023,2022,Census,Texas (State)
Census Tract,48439113223,TX,48439113223,"=""48439113223""",4700.2,2019-2023,2022,Census,Texas (State)
Census Tract,48439113301,TX,48439113301,"=""48439113301""",2358.15,2019-2023,2022,Census,Texas (State)
Census Tract,48439113302,TX,48439113302,"=""48439113302""",3193,2019-2023,2022,Census,Texas (State)
Census Tract,48439113403,TX,48439113403,"=""48439113403""",2989.17,2019-2023,2022,Census,Texas (State)
Census Tract,48439113404,TX,48439113404,"=""48439113404""",4577.92,2019-2023,2022,Census,Texas (State)
Census Tract,48439113407,TX,48439113407,"=""48439113407""",8300.83,2019-2023,2022,Census,Texas (State)
Census Tract,48439113408,TX,48439113408,"=""48439113408""",3840.17,2019-2023,2022,Census,Texas (State)
Census Tract,48439113409,TX,48439113409,"=""48439113409""",2762.35,2019-2023,2022,Census,Texas (State)
Census Tract,48439113410,TX,48439113410,"=""48439113410""",5455.36,2019-2023,2022,Census,Texas (State)
Census Tract,48439113509,TX,48439113509,"=""48439113509""",5137.03,2019-2023,2022,Census,Texas (State)
Census Tract,48439113510,TX,48439113510,"=""48439113510""",6256.61,2019-2023,2022,Census,Texas (State)
Census Tract,48439113511,TX,48439113511,"=""48439113511""",2836.32,2019-2023,2022,Census,Texas (State)
Census Tract,48439113512,TX,48439113512,"=""48439113512""",4604.94,2019-2023,2022,Census,Texas (State)
Census Tract,48439113513,TX,48439113513,"=""48439113513""",5822.46,2019-2023,2022,Census,Texas (State)
Census Tract,48439113514,TX,48439113514,"=""48439113514""",6722.9,2019-2023,2022,Census,Texas (State)
Census Tract,48439113516,TX,48439113516,"=""48439113516""",3961.81,2019-2023,2022,Census,Texas (State)
Census Tract,48439113517,TX,48439113517,"=""48439113517""",8825.02,2019-2023,2022,Census,Texas (State)
Census Tract,48439113519,TX,48439113519,"=""48439113519""",5647.98,2019-2023,2022,Census,Texas (State)
Census Tract,48439113520,TX,48439113520,"=""48439113520""",8352.23,2019-2023,2022,Census,Texas (State)
Census Tract,48439113521,TX,48439113521,"=""48439113521""",17839.57,2019-2023,2022,Census,Texas (State)
Census Tract,48439113522,TX,48439113522,"=""48439113522""",9752.58,2019-2023,2022,Census,Texas (State)
Census Tract,48439113607,TX,48439113607,"=""48439113607""",6049.57,2019-2023,2022,Census,Texas (State)
Census Tract,48439113611,TX,48439113611,"=""48439113611""",3608.71,2019-2023,2022,Census,Texas (State)
Census Tract,48439113612,TX,48439113612,"=""48439113612""",3026.08,2019-2023,2022,Census,Texas (State)
Census Tract,48439113613,TX,48439113613,"=""48439113613""",2751.45,2019-2023,2022,Census,Texas (State)
Census Tract,48439113618,TX,48439113618,"=""48439113618""",4362.16,2019-2023,2022,Census,Texas (State)
Census Tract,48439113619,TX,48439113619,"=""48439113619""",8330.49,2019-2023,2022,Census,Texas (State)
Census Tract,48439113622,TX,48439113622,"=""48439113622""",2399.18,2019-2023,2022,Census,Texas (State)
Census Tract,48439113623,TX,48439113623,"=""48439113623""",3592.34,2019-2023,2022,Census,Texas (State)
Census Tract,48439113624,TX,48439113624,"=""48439113624""",4756.23,2019-2023,2022,Census,Texas (State)
Census Tract,48439113625,TX,48439113625,"=""48439113625""",4044.8,2019-2023,2022,Census,Texas (State)
Census Tract,48439113626,TX,48439113626,"=""48439113626""",4282.27,2019-2023,2022,Census,Texas (State)
Census Tract,48439113628,TX,48439113628,"=""48439113628""",5286.42,2019-2023,2022,Census,Texas (State)
Census Tract,48439113629,TX,48439113629,"=""48439113629""",5130.12,2019-2023,2022,Census,Texas (State)
Census Tract,48439113630,TX,48439113630,"=""48439113630""",5259.96,2019-2023,2022,Census,Texas (State)
Census Tract,48439113632,TX,48439113632,"=""48439113632""",2470.51,2019-2023,2022,Census,Texas (State)
Census Tract,48439113633,TX,48439113633,"=""48439113633""",3899.65,2019-2023,2022,Census,Texas (State)
Census Tract,48439113634,TX,48439113634,"=""48439113634""",2091.98,2019-2023,2022,Census,Texas (State)
Census Tract,48439113635,TX,48439113635,"=""48439113635""",8811.25,2019-2023,2022,Census,Texas (State)
Census Tract,48439113636,TX,48439113636,"=""48439113636""",8762.2,2019-2023,2022,Census,Texas (State)
Census Tract,48439113637,TX,48439113637,"=""48439113637""",8701.57,2019-2023,2022,Census,Texas (State)
Census Tract,48439113638,TX,48439113638,"=""48439113638""",4266.81,2019-2023,2022,Census,Texas (State)
Census Tract,48439113639,TX,48439113639,"=""48439113639""",1909.99,2019-2023,2022,Census,Texas (State)
Census Tract,48439113640,TX,48439113640,"=""48439113640""",1633.41,2019-2023,2022,Census,Texas (State)
Census Tract,48439113707,TX,48439113707,"=""48439113707""",1979.26,2019-2023,2022,Census,Texas (State)
Census Tract,48439113709,TX,48439113709,"=""48439113709""",2509.53,2019-2023,2022,Census,Texas (State)
Census Tract,48439113710,TX,48439113710,"=""48439113710""",5920.52,2019-2023,2022,Census,Texas (State)
Census Tract,48439113711,TX,48439113711,"=""48439113711""",5319.81,2019-2023,2022,Census,Texas (State)
Census Tract,48439113712,TX,48439113712,"=""48439113712""",1794.22,2019-2023,2022,Census,Texas (State)
Census Tract,48439113713,TX,48439113713,"=""48439113713""",655.63,2019-2023,2022,Census,Texas (State)
Census Tract,48439113714,TX,48439113714,"=""48439113714""",1872.71,2019-2023,2022,Census,Texas (State)
Census Tract,48439113715,TX,48439113715,"=""48439113715""",1487.59,2019-2023,2022,Census,Texas (State)
Census Tract,48439113716,TX,48439113716,"=""48439113716""",3106.04,2019-2023,2022,Census,Texas (State)
Census Tract,48439113803,TX,48439113803,"=""48439113803""",5913.89,2019-2023,2022,Census,Texas (State)
Census Tract,48439113808,TX,48439113808,"=""48439113808""",5084.78,2019-2023,2022,Census,Texas (State)
Census Tract,48439113809,TX,48439113809,"=""48439113809""",5004.81,2019-2023,2022,Census,Texas (State)
Census Tract,48439113810,TX,48439113810,"=""48439113810""",4019.67,2019-2023,2022,Census,Texas (State)
Census Tract,48439113811,TX,48439113811,"=""48439113811""",3999.25,2019-2023,2022,Census,Texas (State)
Census Tract,48439113812,TX,48439113812,"=""48439113812""",3286.9,2019-2023,2022,Census,Texas (State)
Census Tract,48439113813,TX,48439113813,"=""48439113813""",3570.02,2019-2023,2022,Census,Texas (State)
Census Tract,48439113814,TX,48439113814,"=""48439113814""",3144.4,2019-2023,2022,Census,Texas (State)
Census Tract,48439113815,TX,48439113815,"=""48439113815""",2971.98,2019-2023,2022,Census,Texas (State)
Census Tract,48439113816,TX,48439113816,"=""48439113816""",2322.91,2019-2023,2022,Census,Texas (State)
Census Tract,48439113906,TX,48439113906,"=""48439113906""",1582.94,2019-2023,2022,Census,Texas (State)
Census Tract,48439113908,TX,48439113908,"=""48439113908""",2301.86,2019-2023,2022,Census,Texas (State)
Census Tract,48439113912,TX,48439113912,"=""48439113912""",1768.37,2019-2023,2022,Census,Texas (State)
Census Tract,48439113916,TX,48439113916,"=""48439113916""",5590.54,2019-2023,2022,Census,Texas (State)
Census Tract,48439113917,TX,48439113917,"=""48439113917""",8232,2019-2023,2022,Census,Texas (State)
Census Tract,48439113918,TX,48439113918,"=""48439113918""",7845.57,2019-2023,2022,Census,Texas (State)
Census Tract,48439113919,TX,48439113919,"=""48439113919""",5994,2019-2023,2022,Census,Texas (State)
Census Tract,48439113920,TX,48439113920,"=""48439113920""",6421.79,2019-2023,2022,Census,Texas (State)
Census Tract,48439113923,TX,48439113923,"=""48439113923""",2956.22,2019-2023,2022,Census,Texas (State)
Census Tract,48439113924,TX,48439113924,"=""48439113924""",5553.32,2019-2023,2022,Census,Texas (State)
Census Tract,48439113925,TX,48439113925,"=""48439113925""",6543.76,2019-2023,2022,Census,Texas (State)
Census Tract,48439113930,TX,48439113930,"=""48439113930""",3703.95,2019-2023,2022,Census,Texas (State)
Census Tract,48439113931,TX,48439113931,"=""48439113931""",4007.68,2019-2023,2022,Census,Texas (State)
Census Tract,48439113932,TX,48439113932,"=""48439113932""",758.88,2019-2023,2022,Census,Texas (State)
Census Tract,48439113933,TX,48439113933,"=""48439113933""",2141.29,2019-2023,2022,Census,Texas (State)
Census Tract,48439113934,TX,48439113934,"=""48439113934""",4264.45,2019-2023,2022,Census,Texas (State)
Census Tract,48439113935,TX,48439113935,"=""48439113935""",6004.1,2019-2023,2022,Census,Texas (State)
Census Tract,48439113936,TX,48439113936,"=""48439113936""",5566.64,2019-2023,2022,Census,Texas (State)
Census Tract,48439113937,TX,48439113937,"=""48439113937""",2286.5,2019-2023,2022,Census,Texas (State)
Census Tract,48439113938,TX,48439113938,"=""48439113938""",6644.23,2019-2023,2022,Census,Texas (State)
Census Tract,48439113939,TX,48439113939,"=""48439113939""",3837.37,2019-2023,2022,Census,Texas (State)
Census Tract,48439113940,TX,48439113940,"=""48439113940""",3886.36,2019-2023,2022,Census,Texas (State)
Census Tract,48439113941,TX,48439113941,"=""48439113941""",1364.56,2019-2023,2022,Census,Texas (State)
Census Tract,48439113942,TX,48439113942,"=""48439113942""",4811.13,2019-2023,2022,Census,Texas (State)
Census Tract,48439113943,TX,48439113943,"=""48439113943""",2907.95,2019-2023,2022,Census,Texas (State)
Census Tract,48439113944,TX,48439113944,"=""48439113944""",7159.9,2019-2023,2022,Census,Texas (State)
Census Tract,48439113945,TX,48439113945,"=""48439113945""",4933.97,2019-2023,2022,Census,Texas (State)
Census Tract,48439113946,TX,48439113946,"=""48439113946""",10576.19,2019-2023,2022,Census,Texas (State)
Census Tract,48439113947,TX,48439113947,"=""48439113947""",4756.64,2019-2023,2022,Census,Texas (State)
Census Tract,48439113948,TX,48439113948,"=""48439113948""",5258.9,2019-2023,2022,Census,Texas (State)
Census Tract,48439113949,TX,48439113949,"=""48439113949""",4550.52,2019-2023,2022,Census,Texas (State)
Census Tract,48439113950,TX,48439113950,"=""48439113950""",2788.16,2019-2023,2022,Census,Texas (State)
Census Tract,48439113951,TX,48439113951,"=""48439113951""",3294.86,2019-2023,2022,Census,Texas (State)
Census Tract,48439113952,TX,48439113952,"=""48439113952""",2755.55,2019-2023,2022,Census,Texas (State)
Census Tract,48439113953,TX,48439113953,"=""48439113953""",1201.91,2019-2023,2022,Census,Texas (State)
Census Tract,48439113954,TX,48439113954,"=""48439113954""",828.22,2019-2023,2022,Census,Texas (State)
Census Tract,48439113955,TX,48439113955,"=""48439113955""",1043.91,2019-2023,2022,Census,Texas (State)
Census Tract,48439113956,TX,48439113956,"=""48439113956""",1398.04,2019-2023,2022,Census,Texas (State)
Census Tract,48439113957,TX,48439113957,"=""48439113957""",1963.08,2019-2023,2022,Census,Texas (State)
Census Tract,48439113958,TX,48439113958,"=""48439113958""",2195.31,2019-2023,2022,Census,Texas (State)
Census Tract,48439114003,TX,48439114003,"=""48439114003""",2120.84,2019-2023,2022,Census,Texas (State)
Census Tract,48439114006,TX,48439114006,"=""48439114006""",5733.76,2019-2023,2022,Census,Texas (State)
Census Tract,48439114009,TX,48439114009,"=""48439114009""",4661.13,2019-2023,2022,Census,Texas (State)
Census Tract,48439114010,TX,48439114010,"=""48439114010""",4827.92,2019-2023,2022,Census,Texas (State)
Census Tract,48439114011,TX,48439114011,"=""48439114011""",5220.58,2019-2023,2022,Census,Texas (State)
Census Tract,48439114012,TX,48439114012,"=""48439114012""",3689.86,2019-2023,2022,Census,Texas (State)
Census Tract,48439114013,TX,48439114013,"=""48439114013""",2619.16,2019-2023,2022,Census,Texas (State)
Census Tract,48439114014,TX,48439114014,"=""48439114014""",5599.31,2019-2023,2022,Census,Texas (State)
Census Tract,48439114015,TX,48439114015,"=""48439114015""",7543.74,2019-2023,2022,Census,Texas (State)
Census Tract,48439114105,TX,48439114105,"=""48439114105""",146.56,2019-2023,2022,Census,Texas (State)
Census Tract,48439114106,TX,48439114106,"=""48439114106""",907.7,2019-2023,2022,Census,Texas (State)
Census Tract,48439114107,TX,48439114107,"=""48439114107""",1566.79,2019-2023,2022,Census,Texas (State)
Census Tract,48439114108,TX,48439114108,"=""48439114108""",1430.44,2019-2023,2022,Census,Texas (State)
Census Tract,48439114109,TX,48439114109,"=""48439114109""",3950.61,2019-2023,2022,Census,Texas (State)
Census Tract,48439114110,TX,48439114110,"=""48439114110""",963.25,2019-2023,2022,Census,Texas (State)
Census Tract,48439114111,TX,48439114111,"=""48439114111""",455.48,2019-2023,2022,Census,Texas (State)
Census Tract,48439114112,TX,48439114112,"=""48439114112""",1931.73,2019-2023,2022,Census,Texas (State)
Census Tract,48439114113,TX,48439114113,"=""48439114113""",1274.64,2019-2023,2022,Census,Texas (State)
Census Tract,48439114203,TX,48439114203,"=""48439114203""",627.69,2019-2023,2022,Census,Texas (State)
Census Tract,48439114204,TX,48439114204,"=""48439114204""",1933.9,2019-2023,2022,Census,Texas (State)
Census Tract,48439114205,TX,48439114205,"=""48439114205""",1120.47,2019-2023,2022,Census,Texas (State)
Census Tract,48439114206,TX,48439114206,"=""48439114206""",581.36,2019-2023,2022,Census,Texas (State)
Census Tract,48439114207,TX,48439114207,"=""48439114207""",436.78,2019-2023,2022,Census,Texas (State)
Census Tract,48439121605,TX,48439121605,"=""48439121605""",3352.54,2019-2023,2022,Census,Texas (State)
Census Tract,48439121606,TX,48439121606,"=""48439121606""",1546.92,2019-2023,2022,Census,Texas (State)
Census Tract,48439121608,TX,48439121608,"=""48439121608""",5260.93,2019-2023,2022,Census,Texas (State)
Census Tract,48439121609,TX,48439121609,"=""48439121609""",3413.6,2019-2023,2022,Census,Texas (State)
Census Tract,48439121610,TX,48439121610,"=""48439121610""",4814.21,2019-2023,2022,Census,Texas (State)
Census Tract,48439121611,TX,48439121611,"=""48439121611""",3826.29,2019-2023,2022,Census,Texas (State)
Census Tract,48439121612,TX,48439121612,"=""48439121612""",1873.46,2019-2023,2022,Census,Texas (State)
Census Tract,48439121613,TX,48439121613,"=""48439121613""",5869.64,2019-2023,2022,Census,Texas (State)
Census Tract,48439121614,TX,48439121614,"=""48439121614""",10122.29,2019-2023,2022,Census,Texas (State)
Census Tract,48439121615,TX,48439121615,"=""48439121615""",5138.78,2019-2023,2022,Census,Texas (State)
Census Tract,48439121702,TX,48439121702,"=""48439121702""",898.24,2019-2023,2022,Census,Texas (State)
Census Tract,48439121703,TX,48439121703,"=""48439121703""",6652.92,2019-2023,2022,Census,Texas (State)
Census Tract,48439121704,TX,48439121704,"=""48439121704""",3783.69,2019-2023,2022,Census,Texas (State)
Census Tract,48439121904,TX,48439121904,"=""48439121904""",4982.47,2019-2023,2022,Census,Texas (State)
Census Tract,48439121905,TX,48439121905,"=""48439121905""",11767.85,2019-2023,2022,Census,Texas (State)
Census Tract,48439121906,TX,48439121906,"=""48439121906""",7587.99,2019-2023,2022,Census,Texas (State)
Census Tract,48439121907,TX,48439121907,"=""48439121907""",12641.57,2019-2023,2022,Census,Texas (State)
Census Tract,48439121908,TX,48439121908,"=""48439121908""",2791.91,2019-2023,2022,Census,Texas (State)
Census Tract,48439122001,TX,48439122001,"=""48439122001""",5916.76,2019-2023,2022,Census,Texas (State)
Census Tract,48439122002,TX,48439122002,"=""48439122002""",9226.93,2019-2023,2022,Census,Texas (State)
Census Tract,48439122100,TX,48439122100,"=""48439122100""",3963.86,2019-2023,2022,Census,Texas (State)
Census Tract,48439122200,TX,48439122200,"=""48439122200""",3403.07,2019-2023,2022,Census,Texas (State)
Census Tract,48439122300,TX,48439122300,"=""48439122300""",6687.3,2019-2023,2022,Census,Texas (State)
Census Tract,48439122401,TX,48439122401,"=""48439122401""",5427.43,2019-2023,2022,Census,Texas (State)
Census Tract,48439122402,TX,48439122402,"=""48439122402""",5816.98,2019-2023,2022,Census,Texas (State)
Census Tract,48439122500,TX,48439122500,"=""48439122500""",4540.02,2019-2023,2022,Census,Texas (State)
Census Tract,48439122600,TX,48439122600,"=""48439122600""",4203.84,2019-2023,2022,Census,Texas (State)
Census Tract,48439122701,TX,48439122701,"=""48439122701""",4888.57,2019-2023,2022,Census,Texas (State)
Census Tract,48439122702,TX,48439122702,"=""48439122702""",5151.94,2019-2023,2022,Census,Texas (State)
Census Tract,48439122801,TX,48439122801,"=""48439122801""",10590.51,2019-2023,2022,Census,Texas (State)
Census Tract,48439122802,TX,48439122802,"=""48439122802""",8212.78,2019-2023,2022,Census,Texas (State)
Census Tract,48439122901,TX,48439122901,"=""48439122901""",7994.82,2019-2023,2022,Census,Texas (State)
Census Tract,48439122902,TX,48439122902,"=""48439122902""",5021.26,2019-2023,2022,Census,Texas (State)
Census Tract,48439123001,TX,48439123001,"=""48439123001""",2588.12,2019-2023,2022,Census,Texas (State)
Census Tract,48439123002,TX,48439123002,"=""48439123002""",2298.16,2019-2023,2022,Census,Texas (State)
Census Tract,48439123100,TX,48439123100,"=""48439123100""",2417.59,2019-2023,2022,Census,Texas (State)
Census Tract,48439123200,TX,48439123200,"=""48439123200""",1267.33,2019-2023,2022,Census,Texas (State)
Census Tract,48439123301,TX,48439123301,"=""48439123301""",1668.57,2019-2023,2022,Census,Texas (State)
Census Tract,48439123302,TX,48439123302,"=""48439123302""",7774.52,2019-2023,2022,Census,Texas (State)
Census Tract,48439123500,TX,48439123500,"=""48439123500""",3443.15,2019-2023,2022,Census,Texas (State)
Census Tract,48439123600,TX,48439123600,"=""48439123600""",3560.9,2019-2023,2022,Census,Texas (State)
Census Tract,48439123700,TX,48439123700,"=""48439123700""",3010.44,2019-2023,2022,Census,Texas (State)
Census Tract,48439980000,TX,48439980000,"=""48439980000""",0,2019-2023,2022,Census,Texas (State)
Census Tract,48441010100,TX,48441010100,"=""48441010100""",2084.08,2019-2023,2022,Census,Texas (State)
Census Tract,48441010200,TX,48441010200,"=""48441010200""",1560.19,2019-2023,2022,Census,Texas (State)
Census Tract,48441010300,TX,48441010300,"=""48441010300""",2092.17,2019-2023,2022,Census,Texas (State)
Census Tract,48441010400,TX,48441010400,"=""48441010400""",2670.72,2019-2023,2022,Census,Texas (State)
Census Tract,48441010500,TX,48441010500,"=""48441010500""",6090.04,2019-2023,2022,Census,Texas (State)
Census Tract,48441010600,TX,48441010600,"=""48441010600""",5059.86,2019-2023,2022,Census,Texas (State)
Census Tract,48441010700,TX,48441010700,"=""48441010700""",5329.44,2019-2023,2022,Census,Texas (State)
Census Tract,48441010800,TX,48441010800,"=""48441010800""",1694.21,2019-2023,2022,Census,Texas (State)
Census Tract,48441010900,TX,48441010900,"=""48441010900""",1809.25,2019-2023,2022,Census,Texas (State)
Census Tract,48441011000,TX,48441011000,"=""48441011000""",1216.42,2019-2023,2022,Census,Texas (State)
Census Tract,48441011200,TX,48441011200,"=""48441011200""",3690.29,2019-2023,2022,Census,Texas (State)
Census Tract,48441011300,TX,48441011300,"=""48441011300""",3504.64,2019-2023,2022,Census,Texas (State)
Census Tract,48441011400,TX,48441011400,"=""48441011400""",3264.29,2019-2023,2022,Census,Texas (State)
Census Tract,48441011500,TX,48441011500,"=""48441011500""",2669.64,2019-2023,2022,Census,Texas (State)
Census Tract,48441011600,TX,48441011600,"=""48441011600""",3424.56,2019-2023,2022,Census,Texas (State)
Census Tract,48441011700,TX,48441011700,"=""48441011700""",1810.19,2019-2023,2022,Census,Texas (State)
Census Tract,48441011900,TX,48441011900,"=""48441011900""",2589.67,2019-2023,2022,Census,Texas (State)
Census Tract,48441012000,TX,48441012000,"=""48441012000""",732.71,2019-2023,2022,Census,Texas (State)
Census Tract,48441012100,TX,48441012100,"=""48441012100""",1178.84,2019-2023,2022,Census,Texas (State)
Census Tract,48441012200,TX,48441012200,"=""48441012200""",1087.8,2019-2023,2022,Census,Texas (State)
Census Tract,48441012300,TX,48441012300,"=""48441012300""",4567.36,2019-2023,2022,Census,Texas (State)
Census Tract,48441012400,TX,48441012400,"=""48441012400""",1340.27,2019-2023,2022,Census,Texas (State)
Census Tract,48441012500,TX,48441012500,"=""48441012500""",3823.05,2019-2023,2022,Census,Texas (State)
Census Tract,48441012600,TX,48441012600,"=""48441012600""",3062.93,2019-2023,2022,Census,Texas (State)
Census Tract,48441012701,TX,48441012701,"=""48441012701""",2185.58,2019-2023,2022,Census,Texas (State)
Census Tract,48441012702,TX,48441012702,"=""48441012702""",3881.92,2019-2023,2022,Census,Texas (State)
Census Tract,48441012801,TX,48441012801,"=""48441012801""",4545.48,2019-2023,2022,Census,Texas (State)
Census Tract,48441012802,TX,48441012802,"=""48441012802""",1640.09,2019-2023,2022,Census,Texas (State)
Census Tract,48441012900,TX,48441012900,"=""48441012900""",2216.06,2019-2023,2022,Census,Texas (State)
Census Tract,48441013000,TX,48441013000,"=""48441013000""",124.87,2019-2023,2022,Census,Texas (State)
Census Tract,48441013100,TX,48441013100,"=""48441013100""",744.85,2019-2023,2022,Census,Texas (State)
Census Tract,48441013200,TX,48441013200,"=""48441013200""",59.33,2019-2023,2022,Census,Texas (State)
Census Tract,48441013300,TX,48441013300,"=""48441013300""",137.28,2019-2023,2022,Census,Texas (State)
Census Tract,48441013401,TX,48441013401,"=""48441013401""",2029.57,2019-2023,2022,Census,Texas (State)
Census Tract,48441013402,TX,48441013402,"=""48441013402""",388.31,2019-2023,2022,Census,Texas (State)
Census Tract,48441013404,TX,48441013404,"=""48441013404""",251.2,2019-2023,2022,Census,Texas (State)
Census Tract,48441013501,TX,48441013501,"=""48441013501""",7.96,2019-2023,2022,Census,Texas (State)
Census Tract,48441013502,TX,48441013502,"=""48441013502""",51.65,2019-2023,2022,Census,Texas (State)
Census Tract,48441013601,TX,48441013601,"=""48441013601""",217.75,2019-2023,2022,Census,Texas (State)
Census Tract,48441013602,TX,48441013602,"=""48441013602""",10.56,2019-2023,2022,Census,Texas (State)
Census Tract,48441980000,TX,48441980000,"=""48441980000""",0,2019-2023,2022,Census,Texas (State)
Census Tract,48443950100,TX,48443950100,"=""48443950100""",0.36,2019-2023,2022,Census,Texas (State)
Census Tract,48445950100,TX,48445950100,"=""48445950100""",3.09,2019-2023,2022,Census,Texas (State)
Census Tract,48445950300,TX,48445950300,"=""48445950300""",318.04,2019-2023,2022,Census,Texas (State)
Census Tract,48445950400,TX,48445950400,"=""48445950400""",431.9,2019-2023,2022,Census,Texas (State)
Census Tract,48447950300,TX,48447950300,"=""48447950300""",1.74,2019-2023,2022,Census,Texas (State)
Census Tract,48449950100,TX,48449950100,"=""48449950100""",16.11,2019-2023,2022,Census,Texas (State)
Census Tract,48449950200,TX,48449950200,"=""48449950200""",42.7,2019-2023,2022,Census,Texas (State)
Census Tract,48449950301,TX,48449950301,"=""48449950301""",67.07,2019-2023,2022,Census,Texas (State)
Census Tract,48449950302,TX,48449950302,"=""48449950302""",98.09,2019-2023,2022,Census,Texas (State)
Census Tract,48449950400,TX,48449950400,"=""48449950400""",50.09,2019-2023,2022,Census,Texas (State)
Census Tract,48449950500,TX,48449950500,"=""48449950500""",868.47,2019-2023,2022,Census,Texas (State)
Census Tract,48449950600,TX,48449950600,"=""48449950600""",1896.42,2019-2023,2022,Census,Texas (State)
Census Tract,48449950700,TX,48449950700,"=""48449950700""",1651.16,2019-2023,2022,Census,Texas (State)
Census Tract,48449950800,TX,48449950800,"=""48449950800""",1336.14,2019-2023,2022,Census,Texas (State)
Census Tract,48451000100,TX,48451000100,"=""48451000100""",657.81,2019-2023,2022,Census,Texas (State)
Census Tract,48451000200,TX,48451000200,"=""48451000200""",1351.62,2019-2023,2022,Census,Texas (State)
Census Tract,48451000300,TX,48451000300,"=""48451000300""",449.98,2019-2023,2022,Census,Texas (State)
Census Tract,48451000400,TX,48451000400,"=""48451000400""",3434.32,2019-2023,2022,Census,Texas (State)
Census Tract,48451000700,TX,48451000700,"=""48451000700""",1337.03,2019-2023,2022,Census,Texas (State)
Census Tract,48451000801,TX,48451000801,"=""48451000801""",398.53,2019-2023,2022,Census,Texas (State)
Census Tract,48451000802,TX,48451000802,"=""48451000802""",3412.12,2019-2023,2022,Census,Texas (State)
Census Tract,48451000900,TX,48451000900,"=""48451000900""",1424.75,2019-2023,2022,Census,Texas (State)
Census Tract,48451001000,TX,48451001000,"=""48451001000""",3113.21,2019-2023,2022,Census,Texas (State)
Census Tract,48451001101,TX,48451001101,"=""48451001101""",1825.48,2019-2023,2022,Census,Texas (State)
Census Tract,48451001102,TX,48451001102,"=""48451001102""",3792.37,2019-2023,2022,Census,Texas (State)
Census Tract,48451001200,TX,48451001200,"=""48451001200""",4121.99,2019-2023,2022,Census,Texas (State)
Census Tract,48451001301,TX,48451001301,"=""48451001301""",3601.83,2019-2023,2022,Census,Texas (State)
Census Tract,48451001303,TX,48451001303,"=""48451001303""",3300.84,2019-2023,2022,Census,Texas (State)
Census Tract,48451001304,TX,48451001304,"=""48451001304""",3475.56,2019-2023,2022,Census,Texas (State)
Census Tract,48451001401,TX,48451001401,"=""48451001401""",1693.8,2019-2023,2022,Census,Texas (State)
Census Tract,48451001402,TX,48451001402,"=""48451001402""",1212.62,2019-2023,2022,Census,Texas (State)
Census Tract,48451001500,TX,48451001500,"=""48451001500""",1041.23,2019-2023,2022,Census,Texas (State)
Census Tract,48451001600,TX,48451001600,"=""48451001600""",7.85,2019-2023,2022,Census,Texas (State)
Census Tract,48451001702,TX,48451001702,"=""48451001702""",240.64,2019-2023,2022,Census,Texas (State)
Census Tract,48451001706,TX,48451001706,"=""48451001706""",3846.72,2019-2023,2022,Census,Texas (State)
Census Tract,48451001707,TX,48451001707,"=""48451001707""",2696.42,2019-2023,2022,Census,Texas (State)
Census Tract,48451001708,TX,48451001708,"=""48451001708""",196.43,2019-2023,2022,Census,Texas (State)
Census Tract,48451001709,TX,48451001709,"=""48451001709""",14.1,2019-2023,2022,Census,Texas (State)
Census Tract,48451001710,TX,48451001710,"=""48451001710""",12.21,2019-2023,2022,Census,Texas (State)
Census Tract,48451001800,TX,48451001800,"=""48451001800""",1235.59,2019-2023,2022,Census,Texas (State)
Census Tract,48451980000,TX,48451980000,"=""48451980000""",0,2019-2023,2022,Census,Texas (State)
Census Tract,48453000101,TX,48453000101,"=""48453000101""",3997.31,2019-2023,2022,Census,Texas (State)
Census Tract,48453000102,TX,48453000102,"=""48453000102""",1020.1,2019-2023,2022,Census,Texas (State)
Census Tract,48453000203,TX,48453000203,"=""48453000203""",6317.9,2019-2023,2022,Census,Texas (State)
Census Tract,48453000204,TX,48453000204,"=""48453000204""",3851.74,2019-2023,2022,Census,Texas (State)
Census Tract,48453000205,TX,48453000205,"=""48453000205""",7585.87,2019-2023,2022,Census,Texas (State)
Census Tract,48453000206,TX,48453000206,"=""48453000206""",6669.08,2019-2023,2022,Census,Texas (State)
Census Tract,48453000302,TX,48453000302,"=""48453000302""",7048.7,2019-2023,2022,Census,Texas (State)
Census Tract,48453000304,TX,48453000304,"=""48453000304""",6224.55,2019-2023,2022,Census,Texas (State)
Census Tract,48453000305,TX,48453000305,"=""48453000305""",5910.14,2019-2023,2022,Census,Texas (State)
Census Tract,48453000307,TX,48453000307,"=""48453000307""",4301.92,2019-2023,2022,Census,Texas (State)
Census Tract,48453000308,TX,48453000308,"=""48453000308""",4774.01,2019-2023,2022,Census,Texas (State)
Census Tract,48453000309,TX,48453000309,"=""48453000309""",7516.38,2019-2023,2022,Census,Texas (State)
Census Tract,48453000401,TX,48453000401,"=""48453000401""",5242.41,2019-2023,2022,Census,Texas (State)
Census Tract,48453000402,TX,48453000402,"=""48453000402""",5959.92,2019-2023,2022,Census,Texas (State)
Census Tract,48453000500,TX,48453000500,"=""48453000500""",8869.11,2019-2023,2022,Census,Texas (State)
Census Tract,48453000601,TX,48453000601,"=""48453000601""",22876.05,2019-2023,2022,Census,Texas (State)
Census Tract,48453000605,TX,48453000605,"=""48453000605""",17339.85,2019-2023,2022,Census,Texas (State)
Census Tract,48453000606,TX,48453000606,"=""48453000606""",32271.65,2019-2023,2022,Census,Texas (State)
Census Tract,48453000607,TX,48453000607,"=""48453000607""",15816.23,2019-2023,2022,Census,Texas (State)
Census Tract,48453000608,TX,48453000608,"=""48453000608""",61289.92,2019-2023,2022,Census,Texas (State)
Census Tract,48453000700,TX,48453000700,"=""48453000700""",1943.52,2019-2023,2022,Census,Texas (State)
Census Tract,48453000801,TX,48453000801,"=""48453000801""",4433.75,2019-2023,2022,Census,Texas (State)
Census Tract,48453000802,TX,48453000802,"=""48453000802""",5611.76,2019-2023,2022,Census,Texas (State)
Census Tract,48453000803,TX,48453000803,"=""48453000803""",6086.96,2019-2023,2022,Census,Texas (State)
Census Tract,48453000804,TX,48453000804,"=""48453000804""",6042.12,2019-2023,2022,Census,Texas (State)
Census Tract,48453000901,TX,48453000901,"=""48453000901""",9602.83,2019-2023,2022,Census,Texas (State)
Census Tract,48453000902,TX,48453000902,"=""48453000902""",5891.16,2019-2023,2022,Census,Texas (State)
Census Tract,48453001000,TX,48453001000,"=""48453001000""",4169.46,2019-2023,2022,Census,Texas (State)
Census Tract,48453001101,TX,48453001101,"=""48453001101""",3755.8,2019-2023,2022,Census,Texas (State)
Census Tract,48453001102,TX,48453001102,"=""48453001102""",20530.98,2019-2023,2022,Census,Texas (State)
Census Tract,48453001103,TX,48453001103,"=""48453001103""",12010.14,2019-2023,2022,Census,Texas (State)
Census Tract,48453001200,TX,48453001200,"=""48453001200""",7255.99,2019-2023,2022,Census,Texas (State)
Census Tract,48453001304,TX,48453001304,"=""48453001304""",5964.96,2019-2023,2022,Census,Texas (State)
Census Tract,48453001307,TX,48453001307,"=""48453001307""",7445.77,2019-2023,2022,Census,Texas (State)
Census Tract,48453001308,TX,48453001308,"=""48453001308""",6194.65,2019-2023,2022,Census,Texas (State)
Census Tract,48453001309,TX,48453001309,"=""48453001309""",7104.09,2019-2023,2022,Census,Texas (State)
Census Tract,48453001310,TX,48453001310,"=""48453001310""",16135.22,2019-2023,2022,Census,Texas (State)
Census Tract,48453001311,TX,48453001311,"=""48453001311""",3097.21,2019-2023,2022,Census,Texas (State)
Census Tract,48453001312,TX,48453001312,"=""48453001312""",6069.97,2019-2023,2022,Census,Texas (State)
Census Tract,48453001401,TX,48453001401,"=""48453001401""",5595.21,2019-2023,2022,Census,Texas (State)
Census Tract,48453001402,TX,48453001402,"=""48453001402""",4602.07,2019-2023,2022,Census,Texas (State)
Census Tract,48453001403,TX,48453001403,"=""48453001403""",5079.38,2019-2023,2022,Census,Texas (State)
Census Tract,48453001501,TX,48453001501,"=""48453001501""",4226.19,2019-2023,2022,Census,Texas (State)
Census Tract,48453001503,TX,48453001503,"=""48453001503""",4134.13,2019-2023,2022,Census,Texas (State)
Census Tract,48453001504,TX,48453001504,"=""48453001504""",6350.66,2019-2023,2022,Census,Texas (State)
Census Tract,48453001505,TX,48453001505,"=""48453001505""",5715.52,2019-2023,2022,Census,Texas (State)
Census Tract,48453001602,TX,48453001602,"=""48453001602""",2859.54,2019-2023,2022,Census,Texas (State)
Census Tract,48453001603,TX,48453001603,"=""48453001603""",4402.66,2019-2023,2022,Census,Texas (State)
Census Tract,48453001604,TX,48453001604,"=""48453001604""",3535.43,2019-2023,2022,Census,Texas (State)
Census Tract,48453001605,TX,48453001605,"=""48453001605""",6832.58,2019-2023,2022,Census,Texas (State)
Census Tract,48453001606,TX,48453001606,"=""48453001606""",694.06,2019-2023,2022,Census,Texas (State)
Census Tract,48453001910,TX,48453001910,"=""48453001910""",1800.53,2019-2023,2022,Census,Texas (State)
Census Tract,48453001911,TX,48453001911,"=""48453001911""",2377.92,2019-2023,2022,Census,Texas (State)
Census Tract,48453001912,TX,48453001912,"=""48453001912""",816.47,2019-2023,2022,Census,Texas (State)
Census Tract,48453001913,TX,48453001913,"=""48453001913""",1137.24,2019-2023,2022,Census,Texas (State)
Census Tract,48453001914,TX,48453001914,"=""48453001914""",1146.96,2019-2023,2022,Census,Texas (State)
Census Tract,48453001915,TX,48453001915,"=""48453001915""",1354.63,2019-2023,2022,Census,Texas (State)
Census Tract,48453001916,TX,48453001916,"=""48453001916""",611.15,2019-2023,2022,Census,Texas (State)
Census Tract,48453001917,TX,48453001917,"=""48453001917""",1367.32,2019-2023,2022,Census,Texas (State)
Census Tract,48453001918,TX,48453001918,"=""48453001918""",785.21,2019-2023,2022,Census,Texas (State)
Census Tract,48453001919,TX,48453001919,"=""48453001919""",2134.05,2019-2023,2022,Census,Texas (State)
Census Tract,48453001920,TX,48453001920,"=""48453001920""",1793.42,2019-2023,2022,Census,Texas (State)
Census Tract,48453001921,TX,48453001921,"=""48453001921""",431.13,2019-2023,2022,Census,Texas (State)
Census Tract,48453001922,TX,48453001922,"=""48453001922""",2794.06,2019-2023,2022,Census,Texas (State)
Census Tract,48453001923,TX,48453001923,"=""48453001923""",4974.73,2019-2023,2022,Census,Texas (State)
Census Tract,48453002002,TX,48453002002,"=""48453002002""",4304.35,2019-2023,2022,Census,Texas (State)
Census Tract,48453002003,TX,48453002003,"=""48453002003""",4324.1,2019-2023,2022,Census,Texas (State)
Census Tract,48453002004,TX,48453002004,"=""48453002004""",8776.32,2019-2023,2022,Census,Texas (State)
Census Tract,48453002006,TX,48453002006,"=""48453002006""",7771.08,2019-2023,2022,Census,Texas (State)
Census Tract,48453002007,TX,48453002007,"=""48453002007""",6462.66,2019-2023,2022,Census,Texas (State)
Census Tract,48453002104,TX,48453002104,"=""48453002104""",5320.53,2019-2023,2022,Census,Texas (State)
Census Tract,48453002105,TX,48453002105,"=""48453002105""",6055.52,2019-2023,2022,Census,Texas (State)
Census Tract,48453002106,TX,48453002106,"=""48453002106""",4258.68,2019-2023,2022,Census,Texas (State)
Census Tract,48453002107,TX,48453002107,"=""48453002107""",4035.97,2019-2023,2022,Census,Texas (State)
Census Tract,48453002108,TX,48453002108,"=""48453002108""",3572.68,2019-2023,2022,Census,Texas (State)
Census Tract,48453002109,TX,48453002109,"=""48453002109""",3480.12,2019-2023,2022,Census,Texas (State)
Census Tract,48453002110,TX,48453002110,"=""48453002110""",2854.76,2019-2023,2022,Census,Texas (State)
Census Tract,48453002111,TX,48453002111,"=""48453002111""",2144.8,2019-2023,2022,Census,Texas (State)
Census Tract,48453002112,TX,48453002112,"=""48453002112""",8336.53,2019-2023,2022,Census,Texas (State)
Census Tract,48453002113,TX,48453002113,"=""48453002113""",4646.85,2019-2023,2022,Census,Texas (State)
Census Tract,48453002201,TX,48453002201,"=""48453002201""",1267.6,2019-2023,2022,Census,Texas (State)
Census Tract,48453002211,TX,48453002211,"=""48453002211""",1786.34,2019-2023,2022,Census,Texas (State)
Census Tract,48453002213,TX,48453002213,"=""48453002213""",3839.5,2019-2023,2022,Census,Texas (State)
Census Tract,48453002214,TX,48453002214,"=""48453002214""",913.56,2019-2023,2022,Census,Texas (State)
Census Tract,48453002215,TX,48453002215,"=""48453002215""",937.98,2019-2023,2022,Census,Texas (State)
Census Tract,48453002216,TX,48453002216,"=""48453002216""",461.81,2019-2023,2022,Census,Texas (State)
Census Tract,48453002217,TX,48453002217,"=""48453002217""",541.96,2019-2023,2022,Census,Texas (State)
Census Tract,48453002218,TX,48453002218,"=""48453002218""",367.24,2019-2023,2022,Census,Texas (State)
Census Tract,48453002219,TX,48453002219,"=""48453002219""",182.74,2019-2023,2022,Census,Texas (State)
Census Tract,48453002220,TX,48453002220,"=""48453002220""",2011.23,2019-2023,2022,Census,Texas (State)
Census Tract,48453002221,TX,48453002221,"=""48453002221""",1364.9,2019-2023,2022,Census,Texas (State)
Census Tract,48453002222,TX,48453002222,"=""48453002222""",2960.87,2019-2023,2022,Census,Texas (State)
Census Tract,48453002304,TX,48453002304,"=""48453002304""",7796.21,2019-2023,2022,Census,Texas (State)
Census Tract,48453002307,TX,48453002307,"=""48453002307""",5762.91,2019-2023,2022,Census,Texas (State)
Census Tract,48453002310,TX,48453002310,"=""48453002310""",393.44,2019-2023,2022,Census,Texas (State)
Census Tract,48453002313,TX,48453002313,"=""48453002313""",3687.93,2019-2023,2022,Census,Texas (State)
Census Tract,48453002314,TX,48453002314,"=""48453002314""",5678.6,2019-2023,2022,Census,Texas (State)
Census Tract,48453002315,TX,48453002315,"=""48453002315""",14938.16,2019-2023,2022,Census,Texas (State)
Census Tract,48453002316,TX,48453002316,"=""48453002316""",14693.32,2019-2023,2022,Census,Texas (State)
Census Tract,48453002319,TX,48453002319,"=""48453002319""",8200.59,2019-2023,2022,Census,Texas (State)
Census Tract,48453002320,TX,48453002320,"=""48453002320""",4466.24,2019-2023,2022,Census,Texas (State)
Census Tract,48453002321,TX,48453002321,"=""48453002321""",4954.16,2019-2023,2022,Census,Texas (State)
Census Tract,48453002322,TX,48453002322,"=""48453002322""",5509.8,2019-2023,2022,Census,Texas (State)
Census Tract,48453002323,TX,48453002323,"=""48453002323""",5753.59,2019-2023,2022,Census,Texas (State)
Census Tract,48453002324,TX,48453002324,"=""48453002324""",13505.49,2019-2023,2022,Census,Texas (State)
Census Tract,48453002325,TX,48453002325,"=""48453002325""",8039.52,2019-2023,2022,Census,Texas (State)
Census Tract,48453002326,TX,48453002326,"=""48453002326""",3288.64,2019-2023,2022,Census,Texas (State)
Census Tract,48453002327,TX,48453002327,"=""48453002327""",5253.85,2019-2023,2022,Census,Texas (State)
Census Tract,48453002403,TX,48453002403,"=""48453002403""",2593.84,2019-2023,2022,Census,Texas (State)
Census Tract,48453002407,TX,48453002407,"=""48453002407""",1730.59,2019-2023,2022,Census,Texas (State)
Census Tract,48453002409,TX,48453002409,"=""48453002409""",6610.18,2019-2023,2022,Census,Texas (State)
Census Tract,48453002410,TX,48453002410,"=""48453002410""",7379.9,2019-2023,2022,Census,Texas (State)
Census Tract,48453002411,TX,48453002411,"=""48453002411""",3168.29,2019-2023,2022,Census,Texas (State)
Census Tract,48453002412,TX,48453002412,"=""48453002412""",8455.23,2019-2023,2022,Census,Texas (State)
Census Tract,48453002413,TX,48453002413,"=""48453002413""",6298.02,2019-2023,2022,Census,Texas (State)
Census Tract,48453002419,TX,48453002419,"=""48453002419""",8263.75,2019-2023,2022,Census,Texas (State)
Census Tract,48453002422,TX,48453002422,"=""48453002422""",5338.49,2019-2023,2022,Census,Texas (State)
Census Tract,48453002423,TX,48453002423,"=""48453002423""",6129.33,2019-2023,2022,Census,Texas (State)
Census Tract,48453002424,TX,48453002424,"=""48453002424""",3281.36,2019-2023,2022,Census,Texas (State)
Census Tract,48453002430,TX,48453002430,"=""48453002430""",2387.77,2019-2023,2022,Census,Texas (State)
Census Tract,48453002432,TX,48453002432,"=""48453002432""",362.03,2019-2023,2022,Census,Texas (State)
Census Tract,48453002434,TX,48453002434,"=""48453002434""",89.86,2019-2023,2022,Census,Texas (State)
Census Tract,48453002436,TX,48453002436,"=""48453002436""",115.14,2019-2023,2022,Census,Texas (State)
Census Tract,48453002437,TX,48453002437,"=""48453002437""",4578.78,2019-2023,2022,Census,Texas (State)
Census Tract,48453002438,TX,48453002438,"=""48453002438""",3287.13,2019-2023,2022,Census,Texas (State)
Census Tract,48453002439,TX,48453002439,"=""48453002439""",3091.67,2019-2023,2022,Census,Texas (State)
Census Tract,48453002440,TX,48453002440,"=""48453002440""",1565.13,2019-2023,2022,Census,Texas (State)
Census Tract,48453002441,TX,48453002441,"=""48453002441""",6816.38,2019-2023,2022,Census,Texas (State)
Census Tract,48453002442,TX,48453002442,"=""48453002442""",6741.44,2019-2023,2022,Census,Texas (State)
Census Tract,48453002443,TX,48453002443,"=""48453002443""",6070.23,2019-2023,2022,Census,Texas (State)
Census Tract,48453002444,TX,48453002444,"=""48453002444""",5714.67,2019-2023,2022,Census,Texas (State)
Census Tract,48453002445,TX,48453002445,"=""48453002445""",1599.21,2019-2023,2022,Census,Texas (State)
Census Tract,48453002446,TX,48453002446,"=""48453002446""",446.83,2019-2023,2022,Census,Texas (State)
Census Tract,48453002447,TX,48453002447,"=""48453002447""",2040.14,2019-2023,2022,Census,Texas (State)
Census Tract,48453002448,TX,48453002448,"=""48453002448""",1413.81,2019-2023,2022,Census,Texas (State)
Census Tract,48453002449,TX,48453002449,"=""48453002449""",933.61,2019-2023,2022,Census,Texas (State)
Census Tract,48453002450,TX,48453002450,"=""48453002450""",335.56,2019-2023,2022,Census,Texas (State)
Census Tract,48453002451,TX,48453002451,"=""48453002451""",4227.81,2019-2023,2022,Census,Texas (State)
Census Tract,48453002452,TX,48453002452,"=""48453002452""",801.11,2019-2023,2022,Census,Texas (State)
Census Tract,48453002453,TX,48453002453,"=""48453002453""",230.01,2019-2023,2022,Census,Texas (State)
Census Tract,48453002500,TX,48453002500,"=""48453002500""",4487.13,2019-2023,2022,Census,Texas (State)
Census Tract,48453030000,TX,48453030000,"=""48453030000""",2001.29,2019-2023,2022,Census,Texas (State)
Census Tract,48453030100,TX,48453030100,"=""48453030100""",3230.28,2019-2023,2022,Census,Texas (State)
Census Tract,48453030200,TX,48453030200,"=""48453030200""",4694.86,2019-2023,2022,Census,Texas (State)
Census Tract,48453030300,TX,48453030300,"=""48453030300""",4749.88,2019-2023,2022,Census,Texas (State)
Census Tract,48453030400,TX,48453030400,"=""48453030400""",4534.82,2019-2023,2022,Census,Texas (State)
Census Tract,48453030500,TX,48453030500,"=""48453030500""",847.94,2019-2023,2022,Census,Texas (State)
Census Tract,48453030600,TX,48453030600,"=""48453030600""",4418.05,2019-2023,2022,Census,Texas (State)
Census Tract,48453030700,TX,48453030700,"=""48453030700""",2170.12,2019-2023,2022,Census,Texas (State)
Census Tract,48453030800,TX,48453030800,"=""48453030800""",4051.71,2019-2023,2022,Census,Texas (State)
Census Tract,48453030900,TX,48453030900,"=""48453030900""",5342.15,2019-2023,2022,Census,Texas (State)
Census Tract,48453031000,TX,48453031000,"=""48453031000""",3671.75,2019-2023,2022,Census,Texas (State)
Census Tract,48453031100,TX,48453031100,"=""48453031100""",584.04,2019-2023,2022,Census,Texas (State)
Census Tract,48453031200,TX,48453031200,"=""48453031200""",3573.17,2019-2023,2022,Census,Texas (State)
Census Tract,48453031300,TX,48453031300,"=""48453031300""",2184.94,2019-2023,2022,Census,Texas (State)
Census Tract,48453031400,TX,48453031400,"=""48453031400""",969.62,2019-2023,2022,Census,Texas (State)
Census Tract,48453031500,TX,48453031500,"=""48453031500""",932.45,2019-2023,2022,Census,Texas (State)
Census Tract,48453031600,TX,48453031600,"=""48453031600""",1688.93,2019-2023,2022,Census,Texas (State)
Census Tract,48453031700,TX,48453031700,"=""48453031700""",5267.12,2019-2023,2022,Census,Texas (State)
Census Tract,48453031800,TX,48453031800,"=""48453031800""",4793.02,2019-2023,2022,Census,Texas (State)
Census Tract,48453031900,TX,48453031900,"=""48453031900""",2553.35,2019-2023,2022,Census,Texas (State)
Census Tract,48453032000,TX,48453032000,"=""48453032000""",3602.11,2019-2023,2022,Census,Texas (State)
Census Tract,48453032100,TX,48453032100,"=""48453032100""",2185.77,2019-2023,2022,Census,Texas (State)
Census Tract,48453032200,TX,48453032200,"=""48453032200""",3656.74,2019-2023,2022,Census,Texas (State)
Census Tract,48453032300,TX,48453032300,"=""48453032300""",11965.88,2019-2023,2022,Census,Texas (State)
Census Tract,48453032400,TX,48453032400,"=""48453032400""",1632.32,2019-2023,2022,Census,Texas (State)
Census Tract,48453032500,TX,48453032500,"=""48453032500""",3894.36,2019-2023,2022,Census,Texas (State)
Census Tract,48453032600,TX,48453032600,"=""48453032600""",2102.44,2019-2023,2022,Census,Texas (State)
Census Tract,48453032700,TX,48453032700,"=""48453032700""",5273.62,2019-2023,2022,Census,Texas (State)
Census Tract,48453032800,TX,48453032800,"=""48453032800""",3188.73,2019-2023,2022,Census,Texas (State)
Census Tract,48453032900,TX,48453032900,"=""48453032900""",726.91,2019-2023,2022,Census,Texas (State)
Census Tract,48453033000,TX,48453033000,"=""48453033000""",2103.27,2019-2023,2022,Census,Texas (State)
Census Tract,48453033100,TX,48453033100,"=""48453033100""",2082.33,2019-2023,2022,Census,Texas (State)
Census Tract,48453033200,TX,48453033200,"=""48453033200""",1938.61,2019-2023,2022,Census,Texas (State)
Census Tract,48453033300,TX,48453033300,"=""48453033300""",1244.43,2019-2023,2022,Census,Texas (State)
Census Tract,48453033400,TX,48453033400,"=""48453033400""",4254.13,2019-2023,2022,Census,Texas (State)
Census Tract,48453033500,TX,48453033500,"=""48453033500""",5388.01,2019-2023,2022,Census,Texas (State)
Census Tract,48453033600,TX,48453033600,"=""48453033600""",1273.18,2019-2023,2022,Census,Texas (State)
Census Tract,48453033700,TX,48453033700,"=""48453033700""",3069.82,2019-2023,2022,Census,Texas (State)
Census Tract,48453033800,TX,48453033800,"=""48453033800""",3290.82,2019-2023,2022,Census,Texas (State)
Census Tract,48453033900,TX,48453033900,"=""48453033900""",1003.68,2019-2023,2022,Census,Texas (State)
Census Tract,48453034000,TX,48453034000,"=""48453034000""",958.03,2019-2023,2022,Census,Texas (State)
Census Tract,48453034100,TX,48453034100,"=""48453034100""",4450.96,2019-2023,2022,Census,Texas (State)
Census Tract,48453034200,TX,48453034200,"=""48453034200""",7066.72,2019-2023,2022,Census,Texas (State)
Census Tract,48453034300,TX,48453034300,"=""48453034300""",2557.38,2019-2023,2022,Census,Texas (State)
Census Tract,48453034400,TX,48453034400,"=""48453034400""",2643.71,2019-2023,2022,Census,Texas (State)
Census Tract,48453034500,TX,48453034500,"=""48453034500""",3671.6,2019-2023,2022,Census,Texas (State)
Census Tract,48453034600,TX,48453034600,"=""48453034600""",1311.54,2019-2023,2022,Census,Texas (State)
Census Tract,48453034700,TX,48453034700,"=""48453034700""",3366.47,2019-2023,2022,Census,Texas (State)
Census Tract,48453034800,TX,48453034800,"=""48453034800""",2948.54,2019-2023,2022,Census,Texas (State)
Census Tract,48453034900,TX,48453034900,"=""48453034900""",3013.9,2019-2023,2022,Census,Texas (State)
Census Tract,48453035000,TX,48453035000,"=""48453035000""",1024.61,2019-2023,2022,Census,Texas (State)
Census Tract,48453035100,TX,48453035100,"=""48453035100""",1691.58,2019-2023,2022,Census,Texas (State)
Census Tract,48453035200,TX,48453035200,"=""48453035200""",274.31,2019-2023,2022,Census,Texas (State)
Census Tract,48453035300,TX,48453035300,"=""48453035300""",99.36,2019-2023,2022,Census,Texas (State)
Census Tract,48453035400,TX,48453035400,"=""48453035400""",768.73,2019-2023,2022,Census,Texas (State)
Census Tract,48453035500,TX,48453035500,"=""48453035500""",4428.25,2019-2023,2022,Census,Texas (State)
Census Tract,48453035600,TX,48453035600,"=""48453035600""",166.47,2019-2023,2022,Census,Texas (State)
Census Tract,48453035700,TX,48453035700,"=""48453035700""",3387.18,2019-2023,2022,Census,Texas (State)
Census Tract,48453035800,TX,48453035800,"=""48453035800""",467.3,2019-2023,2022,Census,Texas (State)
Census Tract,48453035900,TX,48453035900,"=""48453035900""",124.41,2019-2023,2022,Census,Texas (State)
Census Tract,48453036000,TX,48453036000,"=""48453036000""",825.55,2019-2023,2022,Census,Texas (State)
Census Tract,48453036100,TX,48453036100,"=""48453036100""",2049.7,2019-2023,2022,Census,Texas (State)
Census Tract,48453036200,TX,48453036200,"=""48453036200""",836.53,2019-2023,2022,Census,Texas (State)
Census Tract,48453036300,TX,48453036300,"=""48453036300""",31.59,2019-2023,2022,Census,Texas (State)
Census Tract,48453036400,TX,48453036400,"=""48453036400""",99.44,2019-2023,2022,Census,Texas (State)
Census Tract,48453036500,TX,48453036500,"=""48453036500""",179.7,2019-2023,2022,Census,Texas (State)
Census Tract,48453036600,TX,48453036600,"=""48453036600""",244.34,2019-2023,2022,Census,Texas (State)
Census Tract,48453036700,TX,48453036700,"=""48453036700""",2630.11,2019-2023,2022,Census,Texas (State)
Census Tract,48453036800,TX,48453036800,"=""48453036800""",1840.75,2019-2023,2022,Census,Texas (State)
Census Tract,48453036900,TX,48453036900,"=""48453036900""",2033.06,2019-2023,2022,Census,Texas (State)
Census Tract,48453037000,TX,48453037000,"=""48453037000""",1384.43,2019-2023,2022,Census,Texas (State)
Census Tract,48453037100,TX,48453037100,"=""48453037100""",3878.91,2019-2023,2022,Census,Texas (State)
Census Tract,48453037200,TX,48453037200,"=""48453037200""",5272.5,2019-2023,2022,Census,Texas (State)
Census Tract,48453037300,TX,48453037300,"=""48453037300""",896.5,2019-2023,2022,Census,Texas (State)
Census Tract,48453037400,TX,48453037400,"=""48453037400""",1048.98,2019-2023,2022,Census,Texas (State)
Census Tract,48453037500,TX,48453037500,"=""48453037500""",402.63,2019-2023,2022,Census,Texas (State)
Census Tract,48453037600,TX,48453037600,"=""48453037600""",282.67,2019-2023,2022,Census,Texas (State)
Census Tract,48453040000,TX,48453040000,"=""48453040000""",6959.53,2019-2023,2022,Census,Texas (State)
Census Tract,48453040100,TX,48453040100,"=""48453040100""",7634.93,2019-2023,2022,Census,Texas (State)
Census Tract,48453040200,TX,48453040200,"=""48453040200""",5678.05,2019-2023,2022,Census,Texas (State)
Census Tract,48453040300,TX,48453040300,"=""48453040300""",4656.08,2019-2023,2022,Census,Texas (State)
Census Tract,48453040400,TX,48453040400,"=""48453040400""",3761.45,2019-2023,2022,Census,Texas (State)
Census Tract,48453040500,TX,48453040500,"=""48453040500""",6358.57,2019-2023,2022,Census,Texas (State)
Census Tract,48453040600,TX,48453040600,"=""48453040600""",10212.46,2019-2023,2022,Census,Texas (State)
Census Tract,48453040700,TX,48453040700,"=""48453040700""",8620.54,2019-2023,2022,Census,Texas (State)
Census Tract,48453040800,TX,48453040800,"=""48453040800""",5118.07,2019-2023,2022,Census,Texas (State)
Census Tract,48453040900,TX,48453040900,"=""48453040900""",9259.25,2019-2023,2022,Census,Texas (State)
Census Tract,48453041000,TX,48453041000,"=""48453041000""",8170.43,2019-2023,2022,Census,Texas (State)
Census Tract,48453041100,TX,48453041100,"=""48453041100""",2565.23,2019-2023,2022,Census,Texas (State)
Census Tract,48453041200,TX,48453041200,"=""48453041200""",2702.37,2019-2023,2022,Census,Texas (State)
Census Tract,48453041300,TX,48453041300,"=""48453041300""",4868.68,2019-2023,2022,Census,Texas (State)
Census Tract,48453041400,TX,48453041400,"=""48453041400""",4445.59,2019-2023,2022,Census,Texas (State)
Census Tract,48453041500,TX,48453041500,"=""48453041500""",5314.86,2019-2023,2022,Census,Texas (State)
Census Tract,48453041600,TX,48453041600,"=""48453041600""",6345.04,2019-2023,2022,Census,Texas (State)
Census Tract,48453041700,TX,48453041700,"=""48453041700""",6043.94,2019-2023,2022,Census,Texas (State)
Census Tract,48453041800,TX,48453041800,"=""48453041800""",9394.04,2019-2023,2022,Census,Texas (State)
Census Tract,48453041900,TX,48453041900,"=""48453041900""",3357.3,2019-2023,2022,Census,Texas (State)
Census Tract,48453042000,TX,48453042000,"=""48453042000""",1243.99,2019-2023,2022,Census,Texas (State)
Census Tract,48453042100,TX,48453042100,"=""48453042100""",3662.97,2019-2023,2022,Census,Texas (State)
Census Tract,48453042200,TX,48453042200,"=""48453042200""",6218.16,2019-2023,2022,Census,Texas (State)
Census Tract,48453042300,TX,48453042300,"=""48453042300""",6727.18,2019-2023,2022,Census,Texas (State)
Census Tract,48453042400,TX,48453042400,"=""48453042400""",523.1,2019-2023,2022,Census,Texas (State)
Census Tract,48453042500,TX,48453042500,"=""48453042500""",395.7,2019-2023,2022,Census,Texas (State)
Census Tract,48453042600,TX,48453042600,"=""48453042600""",4868.9,2019-2023,2022,Census,Texas (State)
Census Tract,48453042700,TX,48453042700,"=""48453042700""",7605.32,2019-2023,2022,Census,Texas (State)
Census Tract,48453042800,TX,48453042800,"=""48453042800""",5259.75,2019-2023,2022,Census,Texas (State)
Census Tract,48453042900,TX,48453042900,"=""48453042900""",5685.91,2019-2023,2022,Census,Texas (State)
Census Tract,48453043000,TX,48453043000,"=""48453043000""",1754.06,2019-2023,2022,Census,Texas (State)
Census Tract,48453043100,TX,48453043100,"=""48453043100""",6132.5,2019-2023,2022,Census,Texas (State)
Census Tract,48453043200,TX,48453043200,"=""48453043200""",7806.44,2019-2023,2022,Census,Texas (State)
Census Tract,48453043300,TX,48453043300,"=""48453043300""",9035.59,2019-2023,2022,Census,Texas (State)
Census Tract,48453043400,TX,48453043400,"=""48453043400""",11286.64,2019-2023,2022,Census,Texas (State)
Census Tract,48453043500,TX,48453043500,"=""48453043500""",2503.71,2019-2023,2022,Census,Texas (State)
Census Tract,48453043600,TX,48453043600,"=""48453043600""",1536.72,2019-2023,2022,Census,Texas (State)
Census Tract,48453043700,TX,48453043700,"=""48453043700""",6705.55,2019-2023,2022,Census,Texas (State)
Census Tract,48453043800,TX,48453043800,"=""48453043800""",6133.84,2019-2023,2022,Census,Texas (State)
Census Tract,48453043900,TX,48453043900,"=""48453043900""",3490.44,2019-2023,2022,Census,Texas (State)
Census Tract,48453044000,TX,48453044000,"=""48453044000""",5768.94,2019-2023,2022,Census,Texas (State)
Census Tract,48453044100,TX,48453044100,"=""48453044100""",2846.18,2019-2023,2022,Census,Texas (State)
Census Tract,48453044200,TX,48453044200,"=""48453044200""",6206.66,2019-2023,2022,Census,Texas (State)
Census Tract,48453044300,TX,48453044300,"=""48453044300""",5098.77,2019-2023,2022,Census,Texas (State)
Census Tract,48453044400,TX,48453044400,"=""48453044400""",6295.55,2019-2023,2022,Census,Texas (State)
Census Tract,48453044500,TX,48453044500,"=""48453044500""",4582.2,2019-2023,2022,Census,Texas (State)
Census Tract,48453044600,TX,48453044600,"=""48453044600""",4193.25,2019-2023,2022,Census,Texas (State)
Census Tract,48453044700,TX,48453044700,"=""48453044700""",2569.89,2019-2023,2022,Census,Texas (State)
Census Tract,48453044800,TX,48453044800,"=""48453044800""",1143.19,2019-2023,2022,Census,Texas (State)
Census Tract,48453044900,TX,48453044900,"=""48453044900""",1830.39,2019-2023,2022,Census,Texas (State)
Census Tract,48453045000,TX,48453045000,"=""48453045000""",1145.9,2019-2023,2022,Census,Texas (State)
Census Tract,48453045100,TX,48453045100,"=""48453045100""",5807.13,2019-2023,2022,Census,Texas (State)
Census Tract,48453045200,TX,48453045200,"=""48453045200""",6287.82,2019-2023,2022,Census,Texas (State)
Census Tract,48453045300,TX,48453045300,"=""48453045300""",3915.95,2019-2023,2022,Census,Texas (State)
Census Tract,48453045400,TX,48453045400,"=""48453045400""",3427.15,2019-2023,2022,Census,Texas (State)
Census Tract,48453045500,TX,48453045500,"=""48453045500""",8731.88,2019-2023,2022,Census,Texas (State)
Census Tract,48453045600,TX,48453045600,"=""48453045600""",3947.18,2019-2023,2022,Census,Texas (State)
Census Tract,48453045700,TX,48453045700,"=""48453045700""",3040.25,2019-2023,2022,Census,Texas (State)
Census Tract,48453045800,TX,48453045800,"=""48453045800""",107.03,2019-2023,2022,Census,Texas (State)
Census Tract,48453045900,TX,48453045900,"=""48453045900""",1317.84,2019-2023,2022,Census,Texas (State)
Census Tract,48453046000,TX,48453046000,"=""48453046000""",1985.77,2019-2023,2022,Census,Texas (State)
Census Tract,48453046100,TX,48453046100,"=""48453046100""",2447.3,2019-2023,2022,Census,Texas (State)
Census Tract,48453046200,TX,48453046200,"=""48453046200""",4899.31,2019-2023,2022,Census,Texas (State)
Census Tract,48453046300,TX,48453046300,"=""48453046300""",3095.98,2019-2023,2022,Census,Texas (State)
Census Tract,48453046400,TX,48453046400,"=""48453046400""",3023.27,2019-2023,2022,Census,Texas (State)
Census Tract,48453046500,TX,48453046500,"=""48453046500""",2154.39,2019-2023,2022,Census,Texas (State)
Census Tract,48453046600,TX,48453046600,"=""48453046600""",6336.71,2019-2023,2022,Census,Texas (State)
Census Tract,48453046700,TX,48453046700,"=""48453046700""",3342.27,2019-2023,2022,Census,Texas (State)
Census Tract,48453046800,TX,48453046800,"=""48453046800""",4827.2,2019-2023,2022,Census,Texas (State)
Census Tract,48453046900,TX,48453046900,"=""48453046900""",2761.17,2019-2023,2022,Census,Texas (State)
Census Tract,48453047000,TX,48453047000,"=""48453047000""",420.25,2019-2023,2022,Census,Texas (State)
Census Tract,48453980000,TX,48453980000,"=""48453980000""",0,2019-2023,2022,Census,Texas (State)
Census Tract,48455950100,TX,48455950100,"=""48455950100""",7.34,2019-2023,2022,Census,Texas (State)
Census Tract,48455950200,TX,48455950200,"=""48455950200""",17.04,2019-2023,2022,Census,Texas (State)
Census Tract,48455950300,TX,48455950300,"=""48455950300""",13.86,2019-2023,2022,Census,Texas (State)
Census Tract,48455950400,TX,48455950400,"=""48455950400""",198.29,2019-2023,2022,Census,Texas (State)
Census Tract,48455950500,TX,48455950500,"=""48455950500""",517.08,2019-2023,2022,Census,Texas (State)
Census Tract,48457950100,TX,48457950100,"=""48457950100""",9.54,2019-2023,2022,Census,Texas (State)
Census Tract,48457950201,TX,48457950201,"=""48457950201""",36.51,2019-2023,2022,Census,Texas (State)
Census Tract,48457950202,TX,48457950202,"=""48457950202""",29.75,2019-2023,2022,Census,Texas (State)
Census Tract,48457950300,TX,48457950300,"=""48457950300""",566.11,2019-2023,2022,Census,Texas (State)
Census Tract,48457950400,TX,48457950400,"=""48457950400""",19.37,2019-2023,2022,Census,Texas (State)
Census Tract,48457950500,TX,48457950500,"=""48457950500""",14.94,2019-2023,2022,Census,Texas (State)
Census Tract,48459950101,TX,48459950101,"=""48459950101""",49.73,2019-2023,2022,Census,Texas (State)
Census Tract,48459950102,TX,48459950102,"=""48459950102""",85.69,2019-2023,2022,Census,Texas (State)
Census Tract,48459950200,TX,48459950200,"=""48459950200""",27.86,2019-2023,2022,Census,Texas (State)
Census Tract,48459950301,TX,48459950301,"=""48459950301""",63.93,2019-2023,2022,Census,Texas (State)
Census Tract,48459950302,TX,48459950302,"=""48459950302""",93.45,2019-2023,2022,Census,Texas (State)
Census Tract,48459950400,TX,48459950400,"=""48459950400""",831.54,2019-2023,2022,Census,Texas (State)
Census Tract,48459950501,TX,48459950501,"=""48459950501""",49.88,2019-2023,2022,Census,Texas (State)
Census Tract,48459950502,TX,48459950502,"=""48459950502""",56.72,2019-2023,2022,Census,Texas (State)
Census Tract,48459950600,TX,48459950600,"=""48459950600""",281.11,2019-2023,2022,Census,Texas (State)
Census Tract,48459950700,TX,48459950700,"=""48459950700""",101.9,2019-2023,2022,Census,Texas (State)
Census Tract,48461950100,TX,48461950100,"=""48461950100""",1.63,2019-2023,2022,Census,Texas (State)
Census Tract,48461950200,TX,48461950200,"=""48461950200""",4.56,2019-2023,2022,Census,Texas (State)
Census Tract,48463950100,TX,48463950100,"=""48463950100""",5.06,2019-2023,2022,Census,Texas (State)
Census Tract,48463950201,TX,48463950201,"=""48463950201""",2.72,2019-2023,2022,Census,Texas (State)
Census Tract,48463950202,TX,48463950202,"=""48463950202""",26.16,2019-2023,2022,Census,Texas (State)
Census Tract,48463950300,TX,48463950300,"=""48463950300""",1645.07,2019-2023,2022,Census,Texas (State)
Census Tract,48463950400,TX,48463950400,"=""48463950400""",1627.73,2019-2023,2022,Census,Texas (State)
Census Tract,48463950500,TX,48463950500,"=""48463950500""",1050.81,2019-2023,2022,Census,Texas (State)
Census Tract,48465950202,TX,48465950202,"=""48465950202""",3042.09,2019-2023,2022,Census,Texas (State)
Census Tract,48465950203,TX,48465950203,"=""48465950203""",1313.04,2019-2023,2022,Census,Texas (State)
Census Tract,48465950301,TX,48465950301,"=""48465950301""",2881.35,2019-2023,2022,Census,Texas (State)
Census Tract,48465950302,TX,48465950302,"=""48465950302""",1476.09,2019-2023,2022,Census,Texas (State)
Census Tract,48465950400,TX,48465950400,"=""48465950400""",1204.55,2019-2023,2022,Census,Texas (State)
Census Tract,48465950501,TX,48465950501,"=""48465950501""",31.92,2019-2023,2022,Census,Texas (State)
Census Tract,48465950502,TX,48465950502,"=""48465950502""",202.55,2019-2023,2022,Census,Texas (State)
Census Tract,48465950601,TX,48465950601,"=""48465950601""",4521.76,2019-2023,2022,Census,Texas (State)
Census Tract,48465950602,TX,48465950602,"=""48465950602""",4690.99,2019-2023,2022,Census,Texas (State)
Census Tract,48465950701,TX,48465950701,"=""48465950701""",1485.77,2019-2023,2022,Census,Texas (State)
Census Tract,48465950702,TX,48465950702,"=""48465950702""",548.49,2019-2023,2022,Census,Texas (State)
Census Tract,48465950801,TX,48465950801,"=""48465950801""",57.02,2019-2023,2022,Census,Texas (State)
Census Tract,48465950802,TX,48465950802,"=""48465950802""",0.69,2019-2023,2022,Census,Texas (State)
Census Tract,48465980000,TX,48465980000,"=""48465980000""",0,2019-2023,2022,Census,Texas (State)
Census Tract,48467950100,TX,48467950100,"=""48467950100""",50.58,2019-2023,2022,Census,Texas (State)
Census Tract,48467950200,TX,48467950200,"=""48467950200""",465.49,2019-2023,2022,Census,Texas (State)
Census Tract,48467950300,TX,48467950300,"=""48467950300""",86.13,2019-2023,2022,Census,Texas (State)
Census Tract,48467950400,TX,48467950400,"=""48467950400""",42.1,2019-2023,2022,Census,Texas (State)
Census Tract,48467950500,TX,48467950500,"=""48467950500""",379.13,2019-2023,2022,Census,Texas (State)
Census Tract,48467950601,TX,48467950601,"=""48467950601""",67.12,2019-2023,2022,Census,Texas (State)
Census Tract,48467950602,TX,48467950602,"=""48467950602""",79.81,2019-2023,2022,Census,Texas (State)
Census Tract,48467950700,TX,48467950700,"=""48467950700""",463.54,2019-2023,2022,Census,Texas (State)
Census Tract,48467950801,TX,48467950801,"=""48467950801""",97.79,2019-2023,2022,Census,Texas (State)
Census Tract,48467950802,TX,48467950802,"=""48467950802""",37.86,2019-2023,2022,Census,Texas (State)
Census Tract,48467950901,TX,48467950901,"=""48467950901""",64.58,2019-2023,2022,Census,Texas (State)
Census Tract,48467950902,TX,48467950902,"=""48467950902""",63.78,2019-2023,2022,Census,Texas (State)
Census Tract,48467951001,TX,48467951001,"=""48467951001""",40.45,2019-2023,2022,Census,Texas (State)
Census Tract,48467951002,TX,48467951002,"=""48467951002""",50.53,2019-2023,2022,Census,Texas (State)
Census Tract,48469000100,TX,48469000100,"=""48469000100""",2590.4,2019-2023,2022,Census,Texas (State)
Census Tract,48469000201,TX,48469000201,"=""48469000201""",3476.17,2019-2023,2022,Census,Texas (State)
Census Tract,48469000202,TX,48469000202,"=""48469000202""",2826.34,2019-2023,2022,Census,Texas (State)
Census Tract,48469000301,TX,48469000301,"=""48469000301""",451.1,2019-2023,2022,Census,Texas (State)
Census Tract,48469000302,TX,48469000302,"=""48469000302""",1409.52,2019-2023,2022,Census,Texas (State)
Census Tract,48469000400,TX,48469000400,"=""48469000400""",548.74,2019-2023,2022,Census,Texas (State)
Census Tract,48469000501,TX,48469000501,"=""48469000501""",3111.38,2019-2023,2022,Census,Texas (State)
Census Tract,48469000502,TX,48469000502,"=""48469000502""",6163.43,2019-2023,2022,Census,Texas (State)
Census Tract,48469000601,TX,48469000601,"=""48469000601""",2717.43,2019-2023,2022,Census,Texas (State)
Census Tract,48469000602,TX,48469000602,"=""48469000602""",3431.39,2019-2023,2022,Census,Texas (State)
Census Tract,48469000700,TX,48469000700,"=""48469000700""",60.16,2019-2023,2022,Census,Texas (State)
Census Tract,48469000800,TX,48469000800,"=""48469000800""",19.18,2019-2023,2022,Census,Texas (State)
Census Tract,48469001300,TX,48469001300,"=""48469001300""",13.55,2019-2023,2022,Census,Texas (State)
Census Tract,48469001401,TX,48469001401,"=""48469001401""",174.61,2019-2023,2022,Census,Texas (State)
Census Tract,48469001402,TX,48469001402,"=""48469001402""",49.27,2019-2023,2022,Census,Texas (State)
Census Tract,48469001501,TX,48469001501,"=""48469001501""",36.51,2019-2023,2022,Census,Texas (State)
Census Tract,48469001503,TX,48469001503,"=""48469001503""",1651.58,2019-2023,2022,Census,Texas (State)
Census Tract,48469001504,TX,48469001504,"=""48469001504""",1182.14,2019-2023,2022,Census,Texas (State)
Census Tract,48469001601,TX,48469001601,"=""48469001601""",3711.24,2019-2023,2022,Census,Texas (State)
Census Tract,48469001604,TX,48469001604,"=""48469001604""",5389.26,2019-2023,2022,Census,Texas (State)
Census Tract,48469001605,TX,48469001605,"=""48469001605""",3414.23,2019-2023,2022,Census,Texas (State)
Census Tract,48469001607,TX,48469001607,"=""48469001607""",26.92,2019-2023,2022,Census,Texas (State)
Census Tract,48469001608,TX,48469001608,"=""48469001608""",2791.55,2019-2023,2022,Census,Texas (State)
Census Tract,48469001700,TX,48469001700,"=""48469001700""",35.77,2019-2023,2022,Census,Texas (State)
Census Tract,48469980000,TX,48469980000,"=""48469980000""",0,2019-2023,2022,Census,Texas (State)
Census Tract,48471790101,TX,48471790101,"=""48471790101""",52.13,2019-2023,2022,Census,Texas (State)
Census Tract,48471790102,TX,48471790102,"=""48471790102""",129.28,2019-2023,2022,Census,Texas (State)
Census Tract,48471790103,TX,48471790103,"=""48471790103""",68.05,2019-2023,2022,Census,Texas (State)
Census Tract,48471790200,TX,48471790200,"=""48471790200""",59.67,2019-2023,2022,Census,Texas (State)
Census Tract,48471790301,TX,48471790301,"=""48471790301""",38.82,2019-2023,2022,Census,Texas (State)
Census Tract,48471790302,TX,48471790302,"=""48471790302""",95.63,2019-2023,2022,Census,Texas (State)
Census Tract,48471790401,TX,48471790401,"=""48471790401""",37.78,2019-2023,2022,Census,Texas (State)
Census Tract,48471790402,TX,48471790402,"=""48471790402""",66.69,2019-2023,2022,Census,Texas (State)
Census Tract,48471790500,TX,48471790500,"=""48471790500""",3195.03,2019-2023,2022,Census,Texas (State)
Census Tract,48471790600,TX,48471790600,"=""48471790600""",2799.46,2019-2023,2022,Census,Texas (State)
Census Tract,48471790700,TX,48471790700,"=""48471790700""",3263.4,2019-2023,2022,Census,Texas (State)
Census Tract,48471790800,TX,48471790800,"=""48471790800""",6639.73,2019-2023,2022,Census,Texas (State)
Census Tract,48473680100,TX,48473680100,"=""48473680100""",454.39,2019-2023,2022,Census,Texas (State)
Census Tract,48473680201,TX,48473680201,"=""48473680201""",42.49,2019-2023,2022,Census,Texas (State)
Census Tract,48473680202,TX,48473680202,"=""48473680202""",190.91,2019-2023,2022,Census,Texas (State)
Census Tract,48473680301,TX,48473680301,"=""48473680301""",664.31,2019-2023,2022,Census,Texas (State)
Census Tract,48473680302,TX,48473680302,"=""48473680302""",64.77,2019-2023,2022,Census,Texas (State)
Census Tract,48473680303,TX,48473680303,"=""48473680303""",91.7,2019-2023,2022,Census,Texas (State)
Census Tract,48473680501,TX,48473680501,"=""48473680501""",87.56,2019-2023,2022,Census,Texas (State)
Census Tract,48473680502,TX,48473680502,"=""48473680502""",49.26,2019-2023,2022,Census,Texas (State)
Census Tract,48473680601,TX,48473680601,"=""48473680601""",108.87,2019-2023,2022,Census,Texas (State)
Census Tract,48473680602,TX,48473680602,"=""48473680602""",122.71,2019-2023,2022,Census,Texas (State)
Census Tract,48473980000,TX,48473980000,"=""48473980000""",2208.37,2019-2023,2022,Census,Texas (State)
Census Tract,48475950100,TX,48475950100,"=""48475950100""",4.98,2019-2023,2022,Census,Texas (State)
Census Tract,48475950200,TX,48475950200,"=""48475950200""",1725.43,2019-2023,2022,Census,Texas (State)
Census Tract,48475950300,TX,48475950300,"=""48475950300""",1238.99,2019-2023,2022,Census,Texas (State)
Census Tract,48477170100,TX,48477170100,"=""48477170100""",174.83,2019-2023,2022,Census,Texas (State)
Census Tract,48477170201,TX,48477170201,"=""48477170201""",1420.88,2019-2023,2022,Census,Texas (State)
Census Tract,48477170202,TX,48477170202,"=""48477170202""",99.79,2019-2023,2022,Census,Texas (State)
Census Tract,48477170300,TX,48477170300,"=""48477170300""",507.9,2019-2023,2022,Census,Texas (State)
Census Tract,48477170400,TX,48477170400,"=""48477170400""",190.45,2019-2023,2022,Census,Texas (State)
Census Tract,48477170501,TX,48477170501,"=""48477170501""",20.78,2019-2023,2022,Census,Texas (State)
Census Tract,48477170502,TX,48477170502,"=""48477170502""",23.84,2019-2023,2022,Census,Texas (State)
Census Tract,48477170601,TX,48477170601,"=""48477170601""",27.93,2019-2023,2022,Census,Texas (State)
Census Tract,48477170602,TX,48477170602,"=""48477170602""",35.04,2019-2023,2022,Census,Texas (State)
Census Tract,48479000101,TX,48479000101,"=""48479000101""",5586.39,2019-2023,2022,Census,Texas (State)
Census Tract,48479000105,TX,48479000105,"=""48479000105""",2438.96,2019-2023,2022,Census,Texas (State)
Census Tract,48479000106,TX,48479000106,"=""48479000106""",6846.62,2019-2023,2022,Census,Texas (State)
Census Tract,48479000107,TX,48479000107,"=""48479000107""",8258.55,2019-2023,2022,Census,Texas (State)
Census Tract,48479000108,TX,48479000108,"=""48479000108""",11307.71,2019-2023,2022,Census,Texas (State)
Census Tract,48479000109,TX,48479000109,"=""48479000109""",2892.33,2019-2023,2022,Census,Texas (State)
Census Tract,48479000200,TX,48479000200,"=""48479000200""",4224.26,2019-2023,2022,Census,Texas (State)
Census Tract,48479000300,TX,48479000300,"=""48479000300""",8379,2019-2023,2022,Census,Texas (State)
Census Tract,48479000601,TX,48479000601,"=""48479000601""",6374.35,2019-2023,2022,Census,Texas (State)
Census Tract,48479000602,TX,48479000602,"=""48479000602""",4661.92,2019-2023,2022,Census,Texas (State)
Census Tract,48479000700,TX,48479000700,"=""48479000700""",4248.85,2019-2023,2022,Census,Texas (State)
Census Tract,48479000800,TX,48479000800,"=""48479000800""",8251.55,2019-2023,2022,Census,Texas (State)
Census Tract,48479000901,TX,48479000901,"=""48479000901""",7835.84,2019-2023,2022,Census,Texas (State)
Census Tract,48479000903,TX,48479000903,"=""48479000903""",11759.36,2019-2023,2022,Census,Texas (State)
Census Tract,48479000904,TX,48479000904,"=""48479000904""",9751,2019-2023,2022,Census,Texas (State)
Census Tract,48479001001,TX,48479001001,"=""48479001001""",5985.88,2019-2023,2022,Census,Texas (State)
Census Tract,48479001003,TX,48479001003,"=""48479001003""",7681.68,2019-2023,2022,Census,Texas (State)
Census Tract,48479001004,TX,48479001004,"=""48479001004""",5630.3,2019-2023,2022,Census,Texas (State)
Census Tract,48479001101,TX,48479001101,"=""48479001101""",7945.94,2019-2023,2022,Census,Texas (State)
Census Tract,48479001103,TX,48479001103,"=""48479001103""",6431.83,2019-2023,2022,Census,Texas (State)
Census Tract,48479001104,TX,48479001104,"=""48479001104""",8426.76,2019-2023,2022,Census,Texas (State)
Census Tract,48479001105,TX,48479001105,"=""48479001105""",5988.48,2019-2023,2022,Census,Texas (State)
Census Tract,48479001201,TX,48479001201,"=""48479001201""",7077.41,2019-2023,2022,Census,Texas (State)
Census Tract,48479001202,TX,48479001202,"=""48479001202""",8037.7,2019-2023,2022,Census,Texas (State)
Census Tract,48479001300,TX,48479001300,"=""48479001300""",6910.39,2019-2023,2022,Census,Texas (State)
Census Tract,48479001401,TX,48479001401,"=""48479001401""",5730.05,2019-2023,2022,Census,Texas (State)
Census Tract,48479001402,TX,48479001402,"=""48479001402""",7372.45,2019-2023,2022,Census,Texas (State)
Census Tract,48479001501,TX,48479001501,"=""48479001501""",6890.96,2019-2023,2022,Census,Texas (State)
Census Tract,48479001502,TX,48479001502,"=""48479001502""",10502.91,2019-2023,2022,Census,Texas (State)
Census Tract,48479001601,TX,48479001601,"=""48479001601""",3514.66,2019-2023,2022,Census,Texas (State)
Census Tract,48479001602,TX,48479001602,"=""48479001602""",2521.02,2019-2023,2022,Census,Texas (State)
Census Tract,48479001706,TX,48479001706,"=""48479001706""",8173.95,2019-2023,2022,Census,Texas (State)
Census Tract,48479001709,TX,48479001709,"=""48479001709""",3376.03,2019-2023,2022,Census,Texas (State)
Census Tract,48479001710,TX,48479001710,"=""48479001710""",0.68,2019-2023,2022,Census,Texas (State)
Census Tract,48479001711,TX,48479001711,"=""48479001711""",403.11,2019-2023,2022,Census,Texas (State)
Census Tract,48479001714,TX,48479001714,"=""48479001714""",848.75,2019-2023,2022,Census,Texas (State)
Census Tract,48479001715,TX,48479001715,"=""48479001715""",2948,2019-2023,2022,Census,Texas (State)
Census Tract,48479001716,TX,48479001716,"=""48479001716""",8962.54,2019-2023,2022,Census,Texas (State)
Census Tract,48479001717,TX,48479001717,"=""48479001717""",1266.61,2019-2023,2022,Census,Texas (State)
Census Tract,48479001718,TX,48479001718,"=""48479001718""",3275.77,2019-2023,2022,Census,Texas (State)
Census Tract,48479001719,TX,48479001719,"=""48479001719""",7656.28,2019-2023,2022,Census,Texas (State)
Census Tract,48479001720,TX,48479001720,"=""48479001720""",4809.78,2019-2023,2022,Census,Texas (State)
Census Tract,48479001721,TX,48479001721,"=""48479001721""",5367.92,2019-2023,2022,Census,Texas (State)
Census Tract,48479001722,TX,48479001722,"=""48479001722""",3719.84,2019-2023,2022,Census,Texas (State)
Census Tract,48479001723,TX,48479001723,"=""48479001723""",3449.77,2019-2023,2022,Census,Texas (State)
Census Tract,48479001724,TX,48479001724,"=""48479001724""",4996.39,2019-2023,2022,Census,Texas (State)
Census Tract,48479001725,TX,48479001725,"=""48479001725""",8988.39,2019-2023,2022,Census,Texas (State)
Census Tract,48479001726,TX,48479001726,"=""48479001726""",2035.12,2019-2023,2022,Census,Texas (State)
Census Tract,48479001727,TX,48479001727,"=""48479001727""",795.45,2019-2023,2022,Census,Texas (State)
Census Tract,48479001806,TX,48479001806,"=""48479001806""",3584.74,2019-2023,2022,Census,Texas (State)
Census Tract,48479001809,TX,48479001809,"=""48479001809""",2576.77,2019-2023,2022,Census,Texas (State)
Census Tract,48479001810,TX,48479001810,"=""48479001810""",543.48,2019-2023,2022,Census,Texas (State)
Census Tract,48479001811,TX,48479001811,"=""48479001811""",7157.43,2019-2023,2022,Census,Texas (State)
Census Tract,48479001813,TX,48479001813,"=""48479001813""",1.28,2019-2023,2022,Census,Texas (State)
Census Tract,48479001815,TX,48479001815,"=""48479001815""",2.39,2019-2023,2022,Census,Texas (State)
Census Tract,48479001816,TX,48479001816,"=""48479001816""",263.67,2019-2023,2022,Census,Texas (State)
Census Tract,48479001818,TX,48479001818,"=""48479001818""",103.46,2019-2023,2022,Census,Texas (State)
Census Tract,48479001819,TX,48479001819,"=""48479001819""",2686.84,2019-2023,2022,Census,Texas (State)
Census Tract,48479001820,TX,48479001820,"=""48479001820""",5960.05,2019-2023,2022,Census,Texas (State)
Census Tract,48479001821,TX,48479001821,"=""48479001821""",9765.23,2019-2023,2022,Census,Texas (State)
Census Tract,48479001822,TX,48479001822,"=""48479001822""",11652.25,2019-2023,2022,Census,Texas (State)
Census Tract,48479001823,TX,48479001823,"=""48479001823""",9447.3,2019-2023,2022,Census,Texas (State)
Census Tract,48479001824,TX,48479001824,"=""48479001824""",6137.21,2019-2023,2022,Census,Texas (State)
Census Tract,48479001825,TX,48479001825,"=""48479001825""",4483.39,2019-2023,2022,Census,Texas (State)
Census Tract,48479001826,TX,48479001826,"=""48479001826""",882.03,2019-2023,2022,Census,Texas (State)
Census Tract,48479001827,TX,48479001827,"=""48479001827""",212.54,2019-2023,2022,Census,Texas (State)
Census Tract,48479001828,TX,48479001828,"=""48479001828""",883.67,2019-2023,2022,Census,Texas (State)
Census Tract,48479001900,TX,48479001900,"=""48479001900""",2083.59,2019-2023,2022,Census,Texas (State)
Census Tract,48479980000,TX,48479980000,"=""48479980000""",0,2019-2023,2022,Census,Texas (State)
Census Tract,48481740100,TX,48481740100,"=""48481740100""",17.67,2019-2023,2022,Census,Texas (State)
Census Tract,48481740200,TX,48481740200,"=""48481740200""",162.48,2019-2023,2022,Census,Texas (State)
Census Tract,48481740300,TX,48481740300,"=""48481740300""",69.63,2019-2023,2022,Census,Texas (State)
Census Tract,48481740400,TX,48481740400,"=""48481740400""",317.49,2019-2023,2022,Census,Texas (State)
Census Tract,48481740500,TX,48481740500,"=""48481740500""",57.05,2019-2023,2022,Census,Texas (State)
Census Tract,48481740600,TX,48481740600,"=""48481740600""",29.71,2019-2023,2022,Census,Texas (State)
Census Tract,48481740700,TX,48481740700,"=""48481740700""",19.64,2019-2023,2022,Census,Texas (State)
Census Tract,48481740800,TX,48481740800,"=""48481740800""",185.86,2019-2023,2022,Census,Texas (State)
Census Tract,48481740901,TX,48481740901,"=""48481740901""",37.69,2019-2023,2022,Census,Texas (State)
Census Tract,48481740902,TX,48481740902,"=""48481740902""",2288.66,2019-2023,2022,Census,Texas (State)
Census Tract,48481741000,TX,48481741000,"=""48481741000""",55.19,2019-2023,2022,Census,Texas (State)
Census Tract,48481741100,TX,48481741100,"=""48481741100""",7.51,2019-2023,2022,Census,Texas (State)
Census Tract,48483950100,TX,48483950100,"=""48483950100""",4.36,2019-2023,2022,Census,Texas (State)
Census Tract,48483950300,TX,48483950300,"=""48483950300""",7.34,2019-2023,2022,Census,Texas (State)
Census Tract,48485010100,TX,48485010100,"=""48485010100""",1275.33,2019-2023,2022,Census,Texas (State)
Census Tract,48485010200,TX,48485010200,"=""48485010200""",1634.38,2019-2023,2022,Census,Texas (State)
Census Tract,48485010400,TX,48485010400,"=""48485010400""",1185.81,2019-2023,2022,Census,Texas (State)
Census Tract,48485010600,TX,48485010600,"=""48485010600""",3249.3,2019-2023,2022,Census,Texas (State)
Census Tract,48485010700,TX,48485010700,"=""48485010700""",4457.67,2019-2023,2022,Census,Texas (State)
Census Tract,48485010800,TX,48485010800,"=""48485010800""",5701.07,2019-2023,2022,Census,Texas (State)
Census Tract,48485010900,TX,48485010900,"=""48485010900""",3306.46,2019-2023,2022,Census,Texas (State)
Census Tract,48485011000,TX,48485011000,"=""48485011000""",2241.56,2019-2023,2022,Census,Texas (State)
Census Tract,48485011100,TX,48485011100,"=""48485011100""",609.52,2019-2023,2022,Census,Texas (State)
Census Tract,48485011200,TX,48485011200,"=""48485011200""",52.96,2019-2023,2022,Census,Texas (State)
Census Tract,48485011300,TX,48485011300,"=""48485011300""",150.01,2019-2023,2022,Census,Texas (State)
Census Tract,48485011400,TX,48485011400,"=""48485011400""",1012.44,2019-2023,2022,Census,Texas (State)
Census Tract,48485011500,TX,48485011500,"=""48485011500""",185.89,2019-2023,2022,Census,Texas (State)
Census Tract,48485011600,TX,48485011600,"=""48485011600""",1266.03,2019-2023,2022,Census,Texas (State)
Census Tract,48485011700,TX,48485011700,"=""48485011700""",3787.26,2019-2023,2022,Census,Texas (State)
Census Tract,48485011800,TX,48485011800,"=""48485011800""",2159.89,2019-2023,2022,Census,Texas (State)
Census Tract,48485011901,TX,48485011901,"=""48485011901""",4322.01,2019-2023,2022,Census,Texas (State)
Census Tract,48485011902,TX,48485011902,"=""48485011902""",2017.44,2019-2023,2022,Census,Texas (State)
Census Tract,48485012001,TX,48485012001,"=""48485012001""",4059.77,2019-2023,2022,Census,Texas (State)
Census Tract,48485012002,TX,48485012002,"=""48485012002""",3252.56,2019-2023,2022,Census,Texas (State)
Census Tract,48485012100,TX,48485012100,"=""48485012100""",5424.19,2019-2023,2022,Census,Texas (State)
Census Tract,48485012201,TX,48485012201,"=""48485012201""",1276.01,2019-2023,2022,Census,Texas (State)
Census Tract,48485012202,TX,48485012202,"=""48485012202""",1834.71,2019-2023,2022,Census,Texas (State)
Census Tract,48485012301,TX,48485012301,"=""48485012301""",4658.92,2019-2023,2022,Census,Texas (State)
Census Tract,48485012302,TX,48485012302,"=""48485012302""",1041.07,2019-2023,2022,Census,Texas (State)
Census Tract,48485012401,TX,48485012401,"=""48485012401""",313.28,2019-2023,2022,Census,Texas (State)
Census Tract,48485012402,TX,48485012402,"=""48485012402""",2923.35,2019-2023,2022,Census,Texas (State)
Census Tract,48485012600,TX,48485012600,"=""48485012600""",2051.55,2019-2023,2022,Census,Texas (State)
Census Tract,48485012700,TX,48485012700,"=""48485012700""",2774.68,2019-2023,2022,Census,Texas (State)
Census Tract,48485012800,TX,48485012800,"=""48485012800""",164.62,2019-2023,2022,Census,Texas (State)
Census Tract,48485012900,TX,48485012900,"=""48485012900""",119.29,2019-2023,2022,Census,Texas (State)
Census Tract,48485013000,TX,48485013000,"=""48485013000""",1773.91,2019-2023,2022,Census,Texas (State)
Census Tract,48485013100,TX,48485013100,"=""48485013100""",207.96,2019-2023,2022,Census,Texas (State)
Census Tract,48485013201,TX,48485013201,"=""48485013201""",1747.18,2019-2023,2022,Census,Texas (State)
Census Tract,48485013202,TX,48485013202,"=""48485013202""",407.47,2019-2023,2022,Census,Texas (State)
Census Tract,48485013300,TX,48485013300,"=""48485013300""",6534.03,2019-2023,2022,Census,Texas (State)
Census Tract,48485013401,TX,48485013401,"=""48485013401""",2317.8,2019-2023,2022,Census,Texas (State)
Census Tract,48485013502,TX,48485013502,"=""48485013502""",444.74,2019-2023,2022,Census,Texas (State)
Census Tract,48485013503,TX,48485013503,"=""48485013503""",1518.64,2019-2023,2022,Census,Texas (State)
Census Tract,48485013504,TX,48485013504,"=""48485013504""",1627.96,2019-2023,2022,Census,Texas (State)
Census Tract,48485013600,TX,48485013600,"=""48485013600""",873.09,2019-2023,2022,Census,Texas (State)
Census Tract,48485013700,TX,48485013700,"=""48485013700""",375.39,2019-2023,2022,Census,Texas (State)
Census Tract,48485013800,TX,48485013800,"=""48485013800""",11.26,2019-2023,2022,Census,Texas (State)
Census Tract,48485980000,TX,48485980000,"=""48485980000""",0,2019-2023,2022,Census,Texas (State)
Census Tract,48487950300,TX,48487950300,"=""48487950300""",2.29,2019-2023,2022,Census,Texas (State)
Census Tract,48487950500,TX,48487950500,"=""48487950500""",216.19,2019-2023,2022,Census,Texas (State)
Census Tract,48487950600,TX,48487950600,"=""48487950600""",511.46,2019-2023,2022,Census,Texas (State)
Census Tract,48487950700,TX,48487950700,"=""48487950700""",171.83,2019-2023,2022,Census,Texas (State)
Census Tract,48489950300,TX,48489950300,"=""48489950300""",214.08,2019-2023,2022,Census,Texas (State)
Census Tract,48489950400,TX,48489950400,"=""48489950400""",196.54,2019-2023,2022,Census,Texas (State)
Census Tract,48489950500,TX,48489950500,"=""48489950500""",35.93,2019-2023,2022,Census,Texas (State)
Census Tract,48489950600,TX,48489950600,"=""48489950600""",38.1,2019-2023,2022,Census,Texas (State)
Census Tract,48489950700,TX,48489950700,"=""48489950700""",6.47,2019-2023,2022,Census,Texas (State)
Census Tract,48489990000,TX,48489990000,"=""48489990000""",N/A,2019-2023,2022,Census,Texas (State)
Census Tract,48491020106,TX,48491020106,"=""48491020106""",1196.35,2019-2023,2022,Census,Texas (State)
Census Tract,48491020108,TX,48491020108,"=""48491020108""",536.11,2019-2023,2022,Census,Texas (State)
Census Tract,48491020109,TX,48491020109,"=""48491020109""",489.42,2019-2023,2022,Census,Texas (State)
Census Tract,48491020111,TX,48491020111,"=""48491020111""",1953.28,2019-2023,2022,Census,Texas (State)
Census Tract,48491020113,TX,48491020113,"=""48491020113""",1120.88,2019-2023,2022,Census,Texas (State)
Census Tract,48491020114,TX,48491020114,"=""48491020114""",3534.45,2019-2023,2022,Census,Texas (State)
Census Tract,48491020115,TX,48491020115,"=""48491020115""",2182.76,2019-2023,2022,Census,Texas (State)
Census Tract,48491020116,TX,48491020116,"=""48491020116""",1855.07,2019-2023,2022,Census,Texas (State)
Census Tract,48491020117,TX,48491020117,"=""48491020117""",643.37,2019-2023,2022,Census,Texas (State)
Census Tract,48491020118,TX,48491020118,"=""48491020118""",1562.83,2019-2023,2022,Census,Texas (State)
Census Tract,48491020119,TX,48491020119,"=""48491020119""",1429.74,2019-2023,2022,Census,Texas (State)
Census Tract,48491020120,TX,48491020120,"=""48491020120""",766.73,2019-2023,2022,Census,Texas (State)
Census Tract,48491020121,TX,48491020121,"=""48491020121""",1169.93,2019-2023,2022,Census,Texas (State)
Census Tract,48491020122,TX,48491020122,"=""48491020122""",150.86,2019-2023,2022,Census,Texas (State)
Census Tract,48491020123,TX,48491020123,"=""48491020123""",1712.31,2019-2023,2022,Census,Texas (State)
Census Tract,48491020124,TX,48491020124,"=""48491020124""",422.34,2019-2023,2022,Census,Texas (State)
Census Tract,48491020201,TX,48491020201,"=""48491020201""",28.36,2019-2023,2022,Census,Texas (State)
Census Tract,48491020203,TX,48491020203,"=""48491020203""",344.52,2019-2023,2022,Census,Texas (State)
Census Tract,48491020205,TX,48491020205,"=""48491020205""",160.43,2019-2023,2022,Census,Texas (State)
Census Tract,48491020206,TX,48491020206,"=""48491020206""",53.67,2019-2023,2022,Census,Texas (State)
Census Tract,48491020207,TX,48491020207,"=""48491020207""",477.72,2019-2023,2022,Census,Texas (State)
Census Tract,48491020208,TX,48491020208,"=""48491020208""",81.93,2019-2023,2022,Census,Texas (State)
Census Tract,48491020310,TX,48491020310,"=""48491020310""",812.75,2019-2023,2022,Census,Texas (State)
Census Tract,48491020311,TX,48491020311,"=""48491020311""",3953.24,2019-2023,2022,Census,Texas (State)
Census Tract,48491020319,TX,48491020319,"=""48491020319""",4147.98,2019-2023,2022,Census,Texas (State)
Census Tract,48491020321,TX,48491020321,"=""48491020321""",2924.16,2019-2023,2022,Census,Texas (State)
Census Tract,48491020323,TX,48491020323,"=""48491020323""",5085.37,2019-2023,2022,Census,Texas (State)
Census Tract,48491020325,TX,48491020325,"=""48491020325""",4914.69,2019-2023,2022,Census,Texas (State)
Census Tract,48491020326,TX,48491020326,"=""48491020326""",3233.11,2019-2023,2022,Census,Texas (State)
Census Tract,48491020327,TX,48491020327,"=""48491020327""",3116.09,2019-2023,2022,Census,Texas (State)
Census Tract,48491020329,TX,48491020329,"=""48491020329""",854.71,2019-2023,2022,Census,Texas (State)
Census Tract,48491020330,TX,48491020330,"=""48491020330""",109.79,2019-2023,2022,Census,Texas (State)
Census Tract,48491020331,TX,48491020331,"=""48491020331""",3313.68,2019-2023,2022,Census,Texas (State)
Census Tract,48491020332,TX,48491020332,"=""48491020332""",3089.93,2019-2023,2022,Census,Texas (State)
Census Tract,48491020333,TX,48491020333,"=""48491020333""",5303.73,2019-2023,2022,Census,Texas (State)
Census Tract,48491020334,TX,48491020334,"=""48491020334""",4039.4,2019-2023,2022,Census,Texas (State)
Census Tract,48491020335,TX,48491020335,"=""48491020335""",4096.73,2019-2023,2022,Census,Texas (State)
Census Tract,48491020336,TX,48491020336,"=""48491020336""",5311.57,2019-2023,2022,Census,Texas (State)
Census Tract,48491020337,TX,48491020337,"=""48491020337""",4841.48,2019-2023,2022,Census,Texas (State)
Census Tract,48491020338,TX,48491020338,"=""48491020338""",6414.82,2019-2023,2022,Census,Texas (State)
Census Tract,48491020339,TX,48491020339,"=""48491020339""",1175.53,2019-2023,2022,Census,Texas (State)
Census Tract,48491020340,TX,48491020340,"=""48491020340""",650.87,2019-2023,2022,Census,Texas (State)
Census Tract,48491020341,TX,48491020341,"=""48491020341""",2356.51,2019-2023,2022,Census,Texas (State)
Census Tract,48491020342,TX,48491020342,"=""48491020342""",1465.48,2019-2023,2022,Census,Texas (State)
Census Tract,48491020343,TX,48491020343,"=""48491020343""",626.32,2019-2023,2022,Census,Texas (State)
Census Tract,48491020344,TX,48491020344,"=""48491020344""",4239.42,2019-2023,2022,Census,Texas (State)
Census Tract,48491020345,TX,48491020345,"=""48491020345""",3802.52,2019-2023,2022,Census,Texas (State)
Census Tract,48491020346,TX,48491020346,"=""48491020346""",1588.94,2019-2023,2022,Census,Texas (State)
Census Tract,48491020347,TX,48491020347,"=""48491020347""",1198.81,2019-2023,2022,Census,Texas (State)
Census Tract,48491020348,TX,48491020348,"=""48491020348""",2166.3,2019-2023,2022,Census,Texas (State)
Census Tract,48491020349,TX,48491020349,"=""48491020349""",3249.47,2019-2023,2022,Census,Texas (State)
Census Tract,48491020350,TX,48491020350,"=""48491020350""",5557.21,2019-2023,2022,Census,Texas (State)
Census Tract,48491020351,TX,48491020351,"=""48491020351""",1452.19,2019-2023,2022,Census,Texas (State)
Census Tract,48491020352,TX,48491020352,"=""48491020352""",1867.79,2019-2023,2022,Census,Texas (State)
Census Tract,48491020353,TX,48491020353,"=""48491020353""",5811.9,2019-2023,2022,Census,Texas (State)
Census Tract,48491020354,TX,48491020354,"=""48491020354""",5317.17,2019-2023,2022,Census,Texas (State)
Census Tract,48491020355,TX,48491020355,"=""48491020355""",3232.84,2019-2023,2022,Census,Texas (State)
Census Tract,48491020356,TX,48491020356,"=""48491020356""",4413.48,2019-2023,2022,Census,Texas (State)
Census Tract,48491020403,TX,48491020403,"=""48491020403""",4287.03,2019-2023,2022,Census,Texas (State)
Census Tract,48491020404,TX,48491020404,"=""48491020404""",7150.78,2019-2023,2022,Census,Texas (State)
Census Tract,48491020405,TX,48491020405,"=""48491020405""",6540.55,2019-2023,2022,Census,Texas (State)
Census Tract,48491020406,TX,48491020406,"=""48491020406""",6501.28,2019-2023,2022,Census,Texas (State)
Census Tract,48491020408,TX,48491020408,"=""48491020408""",3707.27,2019-2023,2022,Census,Texas (State)
Census Tract,48491020409,TX,48491020409,"=""48491020409""",3152.83,2019-2023,2022,Census,Texas (State)
Census Tract,48491020410,TX,48491020410,"=""48491020410""",6074.35,2019-2023,2022,Census,Texas (State)
Census Tract,48491020411,TX,48491020411,"=""48491020411""",1318.62,2019-2023,2022,Census,Texas (State)
Census Tract,48491020503,TX,48491020503,"=""48491020503""",1097.03,2019-2023,2022,Census,Texas (State)
Census Tract,48491020505,TX,48491020505,"=""48491020505""",4468.48,2019-2023,2022,Census,Texas (State)
Census Tract,48491020507,TX,48491020507,"=""48491020507""",6795.22,2019-2023,2022,Census,Texas (State)
Census Tract,48491020508,TX,48491020508,"=""48491020508""",2559.92,2019-2023,2022,Census,Texas (State)
Census Tract,48491020509,TX,48491020509,"=""48491020509""",3940.01,2019-2023,2022,Census,Texas (State)
Census Tract,48491020511,TX,48491020511,"=""48491020511""",7263.75,2019-2023,2022,Census,Texas (State)
Census Tract,48491020512,TX,48491020512,"=""48491020512""",4021.15,2019-2023,2022,Census,Texas (State)
Census Tract,48491020513,TX,48491020513,"=""48491020513""",1589.07,2019-2023,2022,Census,Texas (State)
Census Tract,48491020514,TX,48491020514,"=""48491020514""",4502.6,2019-2023,2022,Census,Texas (State)
Census Tract,48491020515,TX,48491020515,"=""48491020515""",4845.87,2019-2023,2022,Census,Texas (State)
Census Tract,48491020516,TX,48491020516,"=""48491020516""",4814.32,2019-2023,2022,Census,Texas (State)
Census Tract,48491020517,TX,48491020517,"=""48491020517""",3992.81,2019-2023,2022,Census,Texas (State)
Census Tract,48491020602,TX,48491020602,"=""48491020602""",2707.38,2019-2023,2022,Census,Texas (State)
Census Tract,48491020604,TX,48491020604,"=""48491020604""",756.84,2019-2023,2022,Census,Texas (State)
Census Tract,48491020606,TX,48491020606,"=""48491020606""",2873.72,2019-2023,2022,Census,Texas (State)
Census Tract,48491020607,TX,48491020607,"=""48491020607""",2018.49,2019-2023,2022,Census,Texas (State)
Census Tract,48491020608,TX,48491020608,"=""48491020608""",2167.65,2019-2023,2022,Census,Texas (State)
Census Tract,48491020609,TX,48491020609,"=""48491020609""",695.43,2019-2023,2022,Census,Texas (State)
Census Tract,48491020701,TX,48491020701,"=""48491020701""",2480.17,2019-2023,2022,Census,Texas (State)
Census Tract,48491020704,TX,48491020704,"=""48491020704""",6475.78,2019-2023,2022,Census,Texas (State)
Census Tract,48491020706,TX,48491020706,"=""48491020706""",4296.36,2019-2023,2022,Census,Texas (State)
Census Tract,48491020707,TX,48491020707,"=""48491020707""",5937.43,2019-2023,2022,Census,Texas (State)
Census Tract,48491020709,TX,48491020709,"=""48491020709""",3331.55,2019-2023,2022,Census,Texas (State)
Census Tract,48491020710,TX,48491020710,"=""48491020710""",3135.73,2019-2023,2022,Census,Texas (State)
Census Tract,48491020711,TX,48491020711,"=""48491020711""",4428.37,2019-2023,2022,Census,Texas (State)
Census Tract,48491020712,TX,48491020712,"=""48491020712""",4244.61,2019-2023,2022,Census,Texas (State)
Census Tract,48491020713,TX,48491020713,"=""48491020713""",4533.8,2019-2023,2022,Census,Texas (State)
Census Tract,48491020808,TX,48491020808,"=""48491020808""",43.12,2019-2023,2022,Census,Texas (State)
Census Tract,48491020810,TX,48491020810,"=""48491020810""",2629.7,2019-2023,2022,Census,Texas (State)
Census Tract,48491020811,TX,48491020811,"=""48491020811""",3747.6,2019-2023,2022,Census,Texas (State)
Census Tract,48491020812,TX,48491020812,"=""48491020812""",665.56,2019-2023,2022,Census,Texas (State)
Census Tract,48491020813,TX,48491020813,"=""48491020813""",481.84,2019-2023,2022,Census,Texas (State)
Census Tract,48491020814,TX,48491020814,"=""48491020814""",2313.37,2019-2023,2022,Census,Texas (State)
Census Tract,48491020815,TX,48491020815,"=""48491020815""",2232.99,2019-2023,2022,Census,Texas (State)
Census Tract,48491020816,TX,48491020816,"=""48491020816""",1777.44,2019-2023,2022,Census,Texas (State)
Census Tract,48491020817,TX,48491020817,"=""48491020817""",1419.96,2019-2023,2022,Census,Texas (State)
Census Tract,48491020818,TX,48491020818,"=""48491020818""",3749.96,2019-2023,2022,Census,Texas (State)
Census Tract,48491020819,TX,48491020819,"=""48491020819""",99.14,2019-2023,2022,Census,Texas (State)
Census Tract,48491020820,TX,48491020820,"=""48491020820""",5218.38,2019-2023,2022,Census,Texas (State)
Census Tract,48491020821,TX,48491020821,"=""48491020821""",452.5,2019-2023,2022,Census,Texas (State)
Census Tract,48491020822,TX,48491020822,"=""48491020822""",320.73,2019-2023,2022,Census,Texas (State)
Census Tract,48491020900,TX,48491020900,"=""48491020900""",23.02,2019-2023,2022,Census,Texas (State)
Census Tract,48491021000,TX,48491021000,"=""48491021000""",367.99,2019-2023,2022,Census,Texas (State)
Census Tract,48491021100,TX,48491021100,"=""48491021100""",3364.03,2019-2023,2022,Census,Texas (State)
Census Tract,48491021201,TX,48491021201,"=""48491021201""",2159.19,2019-2023,2022,Census,Texas (State)
Census Tract,48491021202,TX,48491021202,"=""48491021202""",3927.76,2019-2023,2022,Census,Texas (State)
Census Tract,48491021203,TX,48491021203,"=""48491021203""",639.25,2019-2023,2022,Census,Texas (State)
Census Tract,48491021300,TX,48491021300,"=""48491021300""",28.13,2019-2023,2022,Census,Texas (State)
Census Tract,48491021402,TX,48491021402,"=""48491021402""",2660.63,2019-2023,2022,Census,Texas (State)
Census Tract,48491021404,TX,48491021404,"=""48491021404""",3706.36,2019-2023,2022,Census,Texas (State)
Census Tract,48491021405,TX,48491021405,"=""48491021405""",2056.97,2019-2023,2022,Census,Texas (State)
Census Tract,48491021406,TX,48491021406,"=""48491021406""",1115.92,2019-2023,2022,Census,Texas (State)
Census Tract,48491021407,TX,48491021407,"=""48491021407""",3140.95,2019-2023,2022,Census,Texas (State)
Census Tract,48491021502,TX,48491021502,"=""48491021502""",6119.56,2019-2023,2022,Census,Texas (State)
Census Tract,48491021503,TX,48491021503,"=""48491021503""",4026.59,2019-2023,2022,Census,Texas (State)
Census Tract,48491021506,TX,48491021506,"=""48491021506""",2583.1,2019-2023,2022,Census,Texas (State)
Census Tract,48491021509,TX,48491021509,"=""48491021509""",2812.77,2019-2023,2022,Census,Texas (State)
Census Tract,48491021510,TX,48491021510,"=""48491021510""",3502.79,2019-2023,2022,Census,Texas (State)
Census Tract,48491021511,TX,48491021511,"=""48491021511""",826.06,2019-2023,2022,Census,Texas (State)
Census Tract,48491021512,TX,48491021512,"=""48491021512""",2770.23,2019-2023,2022,Census,Texas (State)
Census Tract,48491021513,TX,48491021513,"=""48491021513""",1763.21,2019-2023,2022,Census,Texas (State)
Census Tract,48491021514,TX,48491021514,"=""48491021514""",9907.6,2019-2023,2022,Census,Texas (State)
Census Tract,48491021515,TX,48491021515,"=""48491021515""",8561.42,2019-2023,2022,Census,Texas (State)
Census Tract,48491021516,TX,48491021516,"=""48491021516""",952.37,2019-2023,2022,Census,Texas (State)
Census Tract,48491021517,TX,48491021517,"=""48491021517""",3675.82,2019-2023,2022,Census,Texas (State)
Census Tract,48491021518,TX,48491021518,"=""48491021518""",6482.21,2019-2023,2022,Census,Texas (State)
Census Tract,48491021601,TX,48491021601,"=""48491021601""",275.16,2019-2023,2022,Census,Texas (State)
Census Tract,48491021602,TX,48491021602,"=""48491021602""",93.18,2019-2023,2022,Census,Texas (State)
Census Tract,48491021603,TX,48491021603,"=""48491021603""",106.34,2019-2023,2022,Census,Texas (State)
Census Tract,48493000102,TX,48493000102,"=""48493000102""",66.28,2019-2023,2022,Census,Texas (State)
Census Tract,48493000103,TX,48493000103,"=""48493000103""",94.64,2019-2023,2022,Census,Texas (State)
Census Tract,48493000104,TX,48493000104,"=""48493000104""",346.96,2019-2023,2022,Census,Texas (State)
Census Tract,48493000201,TX,48493000201,"=""48493000201""",63.08,2019-2023,2022,Census,Texas (State)
Census Tract,48493000202,TX,48493000202,"=""48493000202""",14.82,2019-2023,2022,Census,Texas (State)
Census Tract,48493000300,TX,48493000300,"=""48493000300""",594.3,2019-2023,2022,Census,Texas (State)
Census Tract,48493000402,TX,48493000402,"=""48493000402""",60.35,2019-2023,2022,Census,Texas (State)
Census Tract,48493000404,TX,48493000404,"=""48493000404""",166.81,2019-2023,2022,Census,Texas (State)
Census Tract,48493000405,TX,48493000405,"=""48493000405""",269.55,2019-2023,2022,Census,Texas (State)
Census Tract,48493000406,TX,48493000406,"=""48493000406""",365.31,2019-2023,2022,Census,Texas (State)
Census Tract,48493000500,TX,48493000500,"=""48493000500""",20.53,2019-2023,2022,Census,Texas (State)
Census Tract,48493000600,TX,48493000600,"=""48493000600""",24.09,2019-2023,2022,Census,Texas (State)
Census Tract,48495950200,TX,48495950200,"=""48495950200""",565.72,2019-2023,2022,Census,Texas (State)
Census Tract,48495950300,TX,48495950300,"=""48495950300""",1688.73,2019-2023,2022,Census,Texas (State)
Census Tract,48495950400,TX,48495950400,"=""48495950400""",2.07,2019-2023,2022,Census,Texas (State)
Census Tract,48497150101,TX,48497150101,"=""48497150101""",26.46,2019-2023,2022,Census,Texas (State)
Census Tract,48497150103,TX,48497150103,"=""48497150103""",85.46,2019-2023,2022,Census,Texas (State)
Census Tract,48497150104,TX,48497150104,"=""48497150104""",112.88,2019-2023,2022,Census,Texas (State)
Census Tract,48497150201,TX,48497150201,"=""48497150201""",843.66,2019-2023,2022,Census,Texas (State)
Census Tract,48497150202,TX,48497150202,"=""48497150202""",227.72,2019-2023,2022,Census,Texas (State)
Census Tract,48497150300,TX,48497150300,"=""48497150300""",37.12,2019-2023,2022,Census,Texas (State)
Census Tract,48497150402,TX,48497150402,"=""48497150402""",52.86,2019-2023,2022,Census,Texas (State)
Census Tract,48497150403,TX,48497150403,"=""48497150403""",92.69,2019-2023,2022,Census,Texas (State)
Census Tract,48497150404,TX,48497150404,"=""48497150404""",29.22,2019-2023,2022,Census,Texas (State)
Census Tract,48497150405,TX,48497150405,"=""48497150405""",58.09,2019-2023,2022,Census,Texas (State)
Census Tract,48497150500,TX,48497150500,"=""48497150500""",419.87,2019-2023,2022,Census,Texas (State)
Census Tract,48497150603,TX,48497150603,"=""48497150603""",242.59,2019-2023,2022,Census,Texas (State)
Census Tract,48497150604,TX,48497150604,"=""48497150604""",130.38,2019-2023,2022,Census,Texas (State)
Census Tract,48497150605,TX,48497150605,"=""48497150605""",141.5,2019-2023,2022,Census,Texas (State)
Census Tract,48497150606,TX,48497150606,"=""48497150606""",164.1,2019-2023,2022,Census,Texas (State)
Census Tract,48497150607,TX,48497150607,"=""48497150607""",94.65,2019-2023,2022,Census,Texas (State)
Census Tract,48499950100,TX,48499950100,"=""48499950100""",37.69,2019-2023,2022,Census,Texas (State)
Census Tract,48499950200,TX,48499950200,"=""48499950200""",356.27,2019-2023,2022,Census,Texas (State)
Census Tract,48499950301,TX,48499950301,"=""48499950301""",41.98,2019-2023,2022,Census,Texas (State)
Census Tract,48499950303,TX,48499950303,"=""48499950303""",41.87,2019-2023,2022,Census,Texas (State)
Census Tract,48499950304,TX,48499950304,"=""48499950304""",69.49,2019-2023,2022,Census,Texas (State)
Census Tract,48499950401,TX,48499950401,"=""48499950401""",90.28,2019-2023,2022,Census,Texas (State)
Census Tract,48499950402,TX,48499950402,"=""48499950402""",67.55,2019-2023,2022,Census,Texas (State)
Census Tract,48499950500,TX,48499950500,"=""48499950500""",530.94,2019-2023,2022,Census,Texas (State)
Census Tract,48499950601,TX,48499950601,"=""48499950601""",56.84,2019-2023,2022,Census,Texas (State)
Census Tract,48499950602,TX,48499950602,"=""48499950602""",69.96,2019-2023,2022,Census,Texas (State)
Census Tract,48499950700,TX,48499950700,"=""48499950700""",78.36,2019-2023,2022,Census,Texas (State)
Census Tract,48499950800,TX,48499950800,"=""48499950800""",515.66,2019-2023,2022,Census,Texas (State)
Census Tract,48501950100,TX,48501950100,"=""48501950100""",2.84,2019-2023,2022,Census,Texas (State)
Census Tract,48501950200,TX,48501950200,"=""48501950200""",30.59,2019-2023,2022,Census,Texas (State)
Census Tract,48503950200,TX,48503950200,"=""48503950200""",15.08,2019-2023,2022,Census,Texas (State)
Census Tract,48503950401,TX,48503950401,"=""48503950401""",16.4,2019-2023,2022,Census,Texas (State)
Census Tract,48503950402,TX,48503950402,"=""48503950402""",7.1,2019-2023,2022,Census,Texas (State)
Census Tract,48503950500,TX,48503950500,"=""48503950500""",854.74,2019-2023,2022,Census,Texas (State)
Census Tract,48503950600,TX,48503950600,"=""48503950600""",1677.13,2019-2023,2022,Census,Texas (State)
Census Tract,48505950303,TX,48505950303,"=""48505950303""",1393.8,2019-2023,2022,Census,Texas (State)
Census Tract,48505950304,TX,48505950304,"=""48505950304""",6017.38,2019-2023,2022,Census,Texas (State)
Census Tract,48505950305,TX,48505950305,"=""48505950305""",275.05,2019-2023,2022,Census,Texas (State)
Census Tract,48505950306,TX,48505950306,"=""48505950306""",620.12,2019-2023,2022,Census,Texas (State)
Census Tract,48505950401,TX,48505950401,"=""48505950401""",267.85,2019-2023,2022,Census,Texas (State)
Census Tract,48505950402,TX,48505950402,"=""48505950402""",2.2,2019-2023,2022,Census,Texas (State)
Census Tract,48507950100,TX,48507950100,"=""48507950100""",2.4,2019-2023,2022,Census,Texas (State)
Census Tract,48507950200,TX,48507950200,"=""48507950200""",5.11,2019-2023,2022,Census,Texas (State)
Census Tract,48507950301,TX,48507950301,"=""48507950301""",3.04,2019-2023,2022,Census,Texas (State)
Census Tract,48507950302,TX,48507950302,"=""48507950302""",720.36,2019-2023,2022,Census,Texas (State)
