start_gps,end_gps,start_census_tract_id,association_length,end_census_tract_id,population_density,rucc,associated_pci
"(np.float64(36.973839), np.float64(-113.6996882), np.float64(745.956079495475))","(np.float64(36.97278521386861), np.float64(-113.68772783649636), np.float64(764.3353061985209))",4015950101.0,1.7082512462046133,4015950101.0,0.77,3.0,31
"(np.float64(36.97278521386861), np.float64(-113.68772783649636), np.float64(764.3353061985209))","(np.float64(36.9751229), np.float64(-113.682604), np.float64(773.959544306432))",4015950101.0,0.6017581495074775,4015950101.0,0.77,3.0,63
"(np.float64(36.9751229), np.float64(-113.682604), np.float64(773.959544306432))","(np.float64(36.97537647199302), np.float64(-113.68154070020404), np.float64(773.4863001178809))",4015950101.0,0.16826466050222827,4015950101.0,0.77,3.0,31
"(np.float64(36.97537647199302), np.float64(-113.68154070020404), np.float64(773.4863001178809))","(np.float64(36.97617719187633), np.float64(-113.67836655945362), np.float64(773.1417043407955))",4015950101.0,0.9064794893685139,4015950101.0,0.77,3.0,424
"(np.float64(36.97617719187633), np.float64(-113.67836655945362), np.float64(773.1417043407955))","(np.float64(36.97939767272387), np.float64(-113.67186743708255), np.float64(787.6571609948081))",4015950101.0,1.1477157860022889,4015950101.0,0.77,3.0,63
"(np.float64(36.97939767272387), np.float64(-113.67186743708255), np.float64(787.6571609948081))","(np.float64(36.979964675555294), np.float64(-113.65155953507492), np.float64(805.1647226399541))",4015950101.0,4.274484464395031,4015950101.0,0.77,3.0,424
"(np.float64(36.979964675555294), np.float64(-113.65155953507492), np.float64(805.1647226399541))","(np.float64(36.980881559815096), np.float64(-113.6476912251792), np.float64(804.0836964433527))",4015950101.0,0.48715143800783034,4015950101.0,0.77,3.0,31
"(np.float64(36.980881559815096), np.float64(-113.6476912251792), np.float64(804.0836964433527))","(np.float64(36.9808178), np.float64(-113.6478918), np.float64(804.05029821156))",4015950101.0,0.17544652974030214,4015950101.0,0.77,3.0,424
"(np.float64(36.9808178), np.float64(-113.6478918), np.float64(804.05029821156))","(np.float64(36.98356210068195), np.float64(-113.6399915997971), np.float64(805.7946213196682))",4015950101.0,0.8100311367682915,4015950101.0,0.77,3.0,31
"(np.float64(36.98356210068195), np.float64(-113.6399915997971), np.float64(805.7946213196682))","(np.float64(36.9880185), np.float64(-113.6290847), np.float64(803.41374166949))",4015950101.0,1.9019521985805292,4015950101.0,0.77,3.0,424
"(np.float64(36.9880185), np.float64(-113.6290847), np.float64(803.41374166949))","(np.float64(36.99048117555975), np.float64(-113.62593816542342), np.float64(800.0854666148211))",4015950101.0,0.8212511745271059,4015950101.0,0.77,3.0,31
"(np.float64(36.99048117555975), np.float64(-113.62593816542342), np.float64(800.0854666148211))","(np.float64(36.99473411964879), np.float64(-113.62376954404364), np.float64(801.5433958776297))",4015950101.0,1.0011999581936286,4015950101.0,0.77,3.0,394
"(np.float64(36.99473411964879), np.float64(-113.62376954404364), np.float64(801.5433958776297))","(np.float64(36.99700580476191), np.float64(-113.62329720139682), np.float64(798.5206144420309))",4015950101.0,0.32364770181256364,4015950101.0,0.77,3.0,479
"(np.float64(36.99700580476191), np.float64(-113.62329720139682), np.float64(798.5206144420309))","(np.float64(36.9965071), np.float64(-113.6234348), np.float64(799.62373773471))",4015950101.0,0.056702046420659735,4015950101.0,0.77,3.0,380
"(np.float64(37.0177005), np.float64(-113.6113581), np.float64(761.851755494245))","(np.float64(37.020799), np.float64(-113.60941), np.float64(747.957576728404))",49053271702.0,0.5652025385451813,49053271702.0,,8.0,237
"(np.float64(37.020799), np.float64(-113.60941), np.float64(747.957576728404))","(np.float64(37.0370708), np.float64(-113.5988552), np.float64(739.16117964152))",49053271702.0,3.328833805957276,49053271702.0,,8.0,311
"(np.float64(37.0370708), np.float64(-113.5988552), np.float64(739.16117964152))","(np.float64(37.05622707292731), np.float64(-113.58679375741158), np.float64(749.6659005969062))",49053271702.0,4.541322018735374,49053271702.0,,8.0,31
"(np.float64(37.05622707292731), np.float64(-113.58679375741158), np.float64(749.6659005969062))","(np.float64(37.05849480326087), np.float64(-113.58510622906428), np.float64(756.4898588008574))",49053271702.0,0.5193294552751945,49053271702.0,,8.0,311
"(np.float64(37.05849480326087), np.float64(-113.58510622906428), np.float64(756.4898588008574))","(np.float64(37.05905708502733), np.float64(-113.58477870766028), np.float64(755.9530384022515))",49053271702.0,0.24378894362229514,49053271702.0,,8.0,31
"(np.float64(37.05905708502733), np.float64(-113.58477870766028), np.float64(755.9530384022515))","(np.float64(37.0612941), np.float64(-113.5836105), np.float64(750.511535590759))",49053271702.0,0.36779706049917404,49053271702.0,,8.0,32
"(np.float64(37.0855192), np.float64(-113.5814171), np.float64(749.756055639797))","(np.float64(37.0921256), np.float64(-113.5720113), np.float64(759.196848850863))",49053271800.0,1.8329925298010101,49053271800.0,,8.0,6
"(np.float64(37.09906656630294), np.float64(-113.56279073367818), np.float64(775.3957118154141))","(np.float64(37.1074224), np.float64(-113.5587924), np.float64(806.567640590976))",49053271200.0,1.9691860880674013,49053271200.0,,8.0,45
"(np.float64(37.1074224), np.float64(-113.5587924), np.float64(806.567640590976))","(np.float64(37.1171963213676), np.float64(-113.54931381514598), np.float64(830.1859327714642))",49053271200.0,2.8017203245977473,49053271200.0,,8.0,268
"(np.float64(37.1294527), np.float64(-113.5240163), np.float64(824.802768290439))","(np.float64(37.1333308), np.float64(-113.5183307), np.float64(814.307079914715))",49053270802.0,1.2837413821370929,49053270802.0,,8.0,56
"(np.float64(37.1333308), np.float64(-113.5183307), np.float64(814.307079914715))","(np.float64(37.1368196), np.float64(-113.5130582), np.float64(829.216877930683))",49053270802.0,1.1091478969154305,49053270802.0,,8.0,54
"(np.float64(37.14161269533682), np.float64(-113.50262735301524), np.float64(857.7030794311507))","(np.float64(37.1530181), np.float64(-113.4804088), np.float64(894.525300492263))",49053270805.0,5.60404059284013,49053270805.0,,8.0,33
"(np.float64(37.158942424), np.float64(-113.47333521733331), np.float64(924.3475133431))","(np.float64(37.159088858888055), np.float64(-113.4729672982495), np.float64(925.298149758116))",49053270806.0,0.07192202700495949,49053270806.0,,8.0,33
"(np.float64(37.159088858888055), np.float64(-113.4729672982495), np.float64(925.298149758116))","(np.float64(37.1629255), np.float64(-113.4439913), np.float64(903.150134045102))",49053270806.0,5.8302385503120995,49053270806.0,,8.0,59
"(np.float64(37.160267), np.float64(-113.438575), np.float64(904.348029998044))","(np.float64(37.162863353949305), np.float64(-113.42519884247211), np.float64(901.4967201752409))",49053270904.0,2.606320157832357,49053270904.0,,8.0,38
"(np.float64(37.162863353949305), np.float64(-113.42519884247211), np.float64(901.4967201752409))","(np.float64(37.16510520649246), np.float64(-113.39752437741431), np.float64(814.8907209113263))",49053270904.0,4.1590847316515385,49053270904.0,,8.0,37
"(np.float64(37.16510520649246), np.float64(-113.39752437741431), np.float64(814.8907209113263))","(np.float64(37.1616282117332), np.float64(-113.39281703491017), np.float64(817.6614548648287))",49053270904.0,1.0717913741828125,49053270904.0,,8.0,110
"(np.float64(37.1616282117332), np.float64(-113.39281703491017), np.float64(817.6614548648287))","(np.float64(37.1666784), np.float64(-113.3772286), np.float64(841.341459358135))",49053270904.0,2.9111123549066655,49053270904.0,,8.0,37
"(np.float64(37.1666784), np.float64(-113.3772286), np.float64(841.341459358135))","(np.float64(37.1677033), np.float64(-113.372941), np.float64(845.907628096528))",49053270904.0,0.6919735034275668,49053270904.0,,8.0,110
"(np.float64(37.1677033), np.float64(-113.372941), np.float64(845.907628096528))","(np.float64(37.1681794), np.float64(-113.3711046), np.float64(851.434300376493))",49053270904.0,0.2996967252310704,49053270904.0,,8.0,37
"(np.float64(37.16880291100581), np.float64(-113.3682230262128), np.float64(856.5626405015885))","(np.float64(37.176273867053816), np.float64(-113.3290822353734), np.float64(952.0481263169162))",49053270905.0,6.812138317037818,49053270905.0,,8.0,37
"(np.float64(37.176273867053816), np.float64(-113.3290822353734), np.float64(952.0481263169162))","(np.float64(37.17633), np.float64(-113.3249681), np.float64(949.000690179369))",49053270905.0,0.5841536387842461,49053270905.0,,8.0,380
"(np.float64(37.17633), np.float64(-113.3249681), np.float64(949.000690179369))","(np.float64(37.1764157), np.float64(-113.3169439), np.float64(932.667878891723))",49053270905.0,1.4413285184264484,49053270905.0,,8.0,353
"(np.float64(37.1782588), np.float64(-113.2822066), np.float64(979.872602897533))","(np.float64(37.1817803), np.float64(-113.2741473), np.float64(1045.18487387014))",49053270901.0,2.0361123564730623,49053270901.0,,8.0,354
"(np.float64(37.1817803), np.float64(-113.2741473), np.float64(1045.18487387014))","(np.float64(37.18082035589354), np.float64(-113.27431966254753), np.float64(1051.2926057574862))",49053270901.0,0.177979806753015,49053270901.0,,8.0,16
"(np.float64(37.18082035589354), np.float64(-113.27431966254753), np.float64(1051.2926057574862))","(np.float64(37.1717169), np.float64(-113.2675228), np.float64(1104.04476291325))",49053270901.0,2.686442304022264,49053270901.0,,8.0,354
"(np.float64(37.14010923344371), np.float64(-113.25012598509934), np.float64(1214.565700935156))","(np.float64(37.13898761787093), np.float64(-113.248153339843), np.float64(1225.3965330898884))",49053270102.0,0.24654407918867796,49053270102.0,,8.0,10
"(np.float64(37.13898761787093), np.float64(-113.248153339843), np.float64(1225.3965330898884))","(np.float64(37.1390952), np.float64(-113.2483351), np.float64(1224.14660233388))",49053270102.0,0.12394297052560577,49053270102.0,,8.0,53
"(np.float64(37.1390952), np.float64(-113.2483351), np.float64(1224.14660233388))","(np.float64(37.137236686768), np.float64(-113.2453060152006), np.float64(1244.9586780837988))",49053270102.0,0.4288441808678898,49053270102.0,,8.0,39
"(np.float64(37.137236686768), np.float64(-113.2453060152006), np.float64(1244.9586780837988))","(np.float64(37.118755662905976), np.float64(-113.17359498925131), np.float64(1357.1198303522851))",49053270102.0,15.702298855005116,49053270102.0,,8.0,53
"(np.float64(37.118755662905976), np.float64(-113.17359498925131), np.float64(1357.1198303522851))","(np.float64(37.103388158930585), np.float64(-113.13414969902438), np.float64(1390.125127841823))",49053270102.0,8.776864952930147,49053270102.0,,8.0,221
"(np.float64(35.1514878), np.float64(-103.7397778), np.float64(1261.26354703594))","(np.float64(35.16843455756252), np.float64(-103.67862456307512), np.float64(1220.036353769676))",35037958601.0,8.739006450573656,35037958601.0,356.56,7.0,308
"(np.float64(35.17253006007339), np.float64(-103.60141061489908), np.float64(1205.397582176861))","(np.float64(35.17317598603322), np.float64(-103.5464906877105), np.float64(1176.1980336892009))",35037958900.0,6.923478731613792,35037958900.0,1.0,7.0,183
"(np.float64(35.17317598603322), np.float64(-103.5464906877105), np.float64(1176.1980336892009))","(np.float64(35.17319641780317), np.float64(-103.52541135084242), np.float64(1191.4384046540222))",35037958900.0,3.1986445103557934,35037958900.0,1.0,7.0,311
"(np.float64(35.17319641780317), np.float64(-103.52541135084242), np.float64(1191.4384046540222))","(np.float64(35.158707757546395), np.float64(-103.4618828429202), np.float64(1195.8730793732389))",35037958900.0,12.167546376914885,35037958900.0,1.0,7.0,183
"(np.float64(35.158707757546395), np.float64(-103.4618828429202), np.float64(1195.8730793732389))","(np.float64(35.15853919310658), np.float64(-103.46161248299912), np.float64(1195.7574350649763))",35037958900.0,0.1149087717503717,35037958900.0,1.0,7.0,311
"(np.float64(35.15853919310658), np.float64(-103.46161248299912), np.float64(1195.7574350649763))","(np.float64(35.1527924), np.float64(-103.4524486), np.float64(1192.93896484375))",35037958900.0,1.3503612270601433,35037958900.0,1.0,7.0,31
"(np.float64(35.1527924), np.float64(-103.4524486), np.float64(1192.93896484375))","(np.float64(35.1441518), np.float64(-103.43645), np.float64(1190.57129684954))",35037958900.0,2.354980473800018,35037958900.0,1.0,7.0,311
"(np.float64(35.1441518), np.float64(-103.43645), np.float64(1190.57129684954))","(np.float64(35.1401671512495), np.float64(-103.4265959439916), np.float64(1191.742870126897))",35037958900.0,1.6164129454986975,35037958900.0,1.0,7.0,183
"(np.float64(35.1401671512495), np.float64(-103.4265959439916), np.float64(1191.742870126897))","(np.float64(35.11190685578649), np.float64(-103.33530235814833), np.float64(1199.8972499117683))",35037958900.0,22.79799701280151,35037958900.0,1.0,7.0,354
"(np.float64(35.189424), np.float64(-101.9399453), np.float64(1107.48642585163))","(np.float64(35.1894756), np.float64(-101.9395851), np.float64(1106.93608186379))",48375011700.0,0.07033433280574021,48375011700.0,946.33,9.0,43
"(np.float64(35.1894756), np.float64(-101.9395851), np.float64(1106.93608186379))","(np.float64(35.1894756), np.float64(-101.9395851), np.float64(1106.93608186379))",48375011700.0,0.0,48375011700.0,946.33,9.0,498
"(np.float64(35.1894756), np.float64(-101.9395851), np.float64(1106.93608186379))","(np.float64(35.189447560281025), np.float64(-101.93834428369286), np.float64(1106.366073856119))",48375011700.0,0.17605150665635944,48375011700.0,946.33,9.0,303
"(np.float64(35.189447560281025), np.float64(-101.93834428369286), np.float64(1106.366073856119))","(np.float64(35.18996063963982), np.float64(-101.93834745329508), np.float64(1105.832475490411))",48375011700.0,0.05693624089453389,48375011700.0,946.33,9.0,466
"(np.float64(35.18996063963982), np.float64(-101.93834745329508), np.float64(1105.832475490411))","(np.float64(35.1888916), np.float64(-101.9376271), np.float64(1109.41906738281))",48375011700.0,0.19449326325206437,48375011700.0,946.33,9.0,6
"(np.float64(35.1888916), np.float64(-101.9376271), np.float64(1109.41906738281))","(np.float64(35.188559901126), np.float64(-101.93761568929072), np.float64(1109.1097581786712))",48375011700.0,0.0368224067407189,48375011700.0,946.33,9.0,264
"(np.float64(35.188559901126), np.float64(-101.93761568929072), np.float64(1109.1097581786712))","(np.float64(35.187177608703614), np.float64(-101.9375200646674), np.float64(1107.8442812089704))",48375011700.0,0.22930368888009647,48375011700.0,946.33,9.0,6
"(np.float64(35.187177608703614), np.float64(-101.9375200646674), np.float64(1107.8442812089704))","(np.float64(35.1866135), np.float64(-101.9366228), np.float64(1107.74758138742))",48375011700.0,0.1142277420802211,48375011700.0,946.33,9.0,264
"(np.float64(35.1866135), np.float64(-101.9366228), np.float64(1107.74758138742))","(np.float64(35.1865102), np.float64(-101.9242418), np.float64(1104.84429829317))",48375011700.0,1.4662248442703498,48375011700.0,946.33,9.0,6
"(np.float64(35.19052178148722), np.float64(-101.9008453359822), np.float64(1097.4840763165628))","(np.float64(35.1905049), np.float64(-101.9010234), np.float64(1097.25706100293))",48375010200.0,0.09532089264971734,48375010200.0,4610.12,9.0,456
"(np.float64(35.1905049), np.float64(-101.9010234), np.float64(1097.25706100293))","(np.float64(35.1912033), np.float64(-101.8936953), np.float64(1090.63170682815))",48375010200.0,1.0628993030331224,48375010200.0,4610.12,9.0,351
"(np.float64(35.1912033), np.float64(-101.8936953), np.float64(1090.63170682815))","(np.float64(35.1914632), np.float64(-101.8899985), np.float64(1095.24292747451))",48375010200.0,0.3852203766907026,48375010200.0,4610.12,9.0,100
"(np.float64(35.1917993), np.float64(-101.8753188), np.float64(1081.43775390826))","(np.float64(35.1948323), np.float64(-101.869338), np.float64(1080.61240764273))",48375010300.0,0.6404277570865384,48375010300.0,1493.62,9.0,73
"(np.float64(35.1944055), np.float64(-101.8489166), np.float64(1082.09419297906))","(np.float64(35.1944055), np.float64(-101.8489166), np.float64(1082.09419297906))",48375010400.0,0.0,48375010400.0,3514.57,9.0,205
"(np.float64(35.1938605), np.float64(-101.8441122), np.float64(1092.28444824181))","(np.float64(35.1938605), np.float64(-101.8441122), np.float64(1092.28444824181))",48375014702.0,0.0,48375014702.0,2963.49,9.0,205
"(np.float64(35.1938605), np.float64(-101.8441122), np.float64(1092.28444824181))","(np.float64(35.1938605), np.float64(-101.8441122), np.float64(1092.28444824181))",48375014702.0,0.0,48375014702.0,2963.49,9.0,59
"(np.float64(35.1938605), np.float64(-101.8441122), np.float64(1092.28444824181))","(np.float64(35.19356208078378), np.float64(-101.84196663290628), np.float64(1094.2661471564136))",48375014702.0,0.19823586343413968,48375014702.0,2963.49,9.0,197
"(np.float64(35.19356208078378), np.float64(-101.84196663290628), np.float64(1094.2661471564136))","(np.float64(35.1924269), np.float64(-101.8335157), np.float64(1095.38514838636))",48375014702.0,1.0115364152079063,48375014702.0,2963.49,9.0,152
"(np.float64(35.19235617642586), np.float64(-101.83119573954372), np.float64(1096.6120032467338))","(np.float64(35.1923745), np.float64(-101.820082), np.float64(1084.03880758428))",48375010600.0,1.6098362010860456,48375010600.0,2753.01,9.0,197
"(np.float64(35.19331895667459), np.float64(-101.805416491924), np.float64(1083.4138753223378))","(np.float64(35.19332563475344), np.float64(-101.80471120372952), np.float64(1082.9743702042276))",48375010700.0,0.1030791568293318,48375010700.0,4426.27,9.0,489
"(np.float64(35.1927829), np.float64(-101.7938643), np.float64(1081.01321738675))","(np.float64(35.1925038), np.float64(-101.7902616), np.float64(1087.33951893892))",48375014500.0,0.3756588093906828,48375014500.0,1895.12,9.0,204
"(np.float64(35.1925038), np.float64(-101.7902616), np.float64(1087.33951893892))","(np.float64(35.1925365), np.float64(-101.7788037), np.float64(1089.73840332031))",48375014500.0,1.440173032710658,48375014500.0,1895.12,9.0,205
"(np.float64(35.1926615), np.float64(-101.7522687), np.float64(1073.91850612631))","(np.float64(35.192675757081545), np.float64(-101.7468170297568), np.float64(1068.7305528068748))",48375014401.0,0.7822616312768802,48375014401.0,208.01,9.0,27
"(np.float64(35.192675757081545), np.float64(-101.7468170297568), np.float64(1068.7305528068748))","(np.float64(35.1926374), np.float64(-101.7408117), np.float64(1075.0394207959))",48375014401.0,0.7744059803111224,48375014401.0,208.01,9.0,206
"(np.float64(35.1926374), np.float64(-101.7408117), np.float64(1075.0394207959))","(np.float64(35.19268139326684), np.float64(-101.73683839060682), np.float64(1066.3746554303375))",48375014401.0,0.465440459756751,48375014401.0,208.01,9.0,27
"(np.float64(35.19273058457547), np.float64(-101.73241805226417), np.float64(1067.4885390900108))","(np.float64(35.192784), np.float64(-101.7157544), np.float64(1073.7959177749))",48375014401.0,3.0248077846517027,48375014401.0,208.01,9.0,206
"(np.float64(35.192784), np.float64(-101.7157544), np.float64(1073.7959177749))","(np.float64(35.19277683244506), np.float64(-101.71525648419713), np.float64(1074.209057152712))",48375014401.0,0.04536344118693237,48375014401.0,208.01,9.0,27
"(np.float64(35.19277683244506), np.float64(-101.71525648419713), np.float64(1074.209057152712))","(np.float64(35.1927246), np.float64(-101.711628), np.float64(1077.21974629914))",48375014401.0,0.49769721624483376,48375014401.0,208.01,9.0,358
"(np.float64(35.1927246), np.float64(-101.711628), np.float64(1077.21974629914))","(np.float64(35.1926336), np.float64(-101.7043987), np.float64(1079.55102404792))",48375014401.0,0.7213136577074127,48375014401.0,208.01,9.0,459
"(np.float64(35.1926336), np.float64(-101.7043987), np.float64(1079.55102404792))","(np.float64(35.1926336), np.float64(-101.7043987), np.float64(1079.55102404792))",48375014401.0,0.04570901859949708,48375014401.0,208.01,9.0,221
"(np.float64(35.1926336), np.float64(-101.7043987), np.float64(1079.55102404792))","(np.float64(35.19249220811326), np.float64(-101.6960895230143), np.float64(1069.6483321120568))",48375014401.0,0.7913673126325368,48375014401.0,208.01,9.0,459
"(np.float64(35.19249220811326), np.float64(-101.6960895230143), np.float64(1069.6483321120568))","(np.float64(35.1924774), np.float64(-101.6963008), np.float64(1069.51095170637))",48375014401.0,0.17713524495878627,48375014401.0,208.01,9.0,223
"(np.float64(35.1577028), np.float64(-101.5079631), np.float64(1044.11430745501))","(np.float64(35.15042745112001), np.float64(-101.48282410900975), np.float64(1031.617785625075))",48011950100.0,3.162794749451453,48011950100.0,2.07,1.0,377
"(np.float64(35.15042745112001), np.float64(-101.48282410900975), np.float64(1031.617785625075))","(np.float64(35.14875580486177), np.float64(-101.4771064465205), np.float64(1037.6226644261126))",48011950100.0,0.7244815126974533,48011950100.0,2.07,1.0,56
"(np.float64(35.14875580486177), np.float64(-101.4771064465205), np.float64(1037.6226644261126))","(np.float64(35.1481252), np.float64(-101.4749411), np.float64(1038.16432724108))",48011950100.0,0.20938366007278372,48011950100.0,2.07,1.0,223
"(np.float64(35.1481252), np.float64(-101.4749411), np.float64(1038.16432724108))","(np.float64(35.1469996619356), np.float64(-101.47081857522576), np.float64(1036.1609156089569))",48011950100.0,0.4426377150420271,48011950100.0,2.07,1.0,53
"(np.float64(35.1469996619356), np.float64(-101.47081857522576), np.float64(1036.1609156089569))","(np.float64(35.1470001), np.float64(-101.4708184), np.float64(1028.6200093691757))",48011950100.0,0.010101498691308544,48011950100.0,2.07,1.0,355
"(np.float64(35.1470001), np.float64(-101.4708184), np.float64(1028.6200093691757))","(np.float64(35.1470001), np.float64(-101.4708184), np.float64(1027.620937800236))",48011950100.0,0.0009990715692165155,48011950100.0,2.07,1.0,333
"(np.float64(35.1470001), np.float64(-101.4708184), np.float64(1027.620937800236))","(np.float64(35.14581592322218), np.float64(-101.46685556484532), np.float64(1022.7711631626393))",48011950100.0,0.39387664765885394,48011950100.0,2.07,1.0,277
"(np.float64(35.14581592322218), np.float64(-101.46685556484532), np.float64(1022.7711631626393))","(np.float64(35.145781876531835), np.float64(-101.46674162795354), np.float64(1016.7392283540644))",48011950100.0,3.1833212588662056,48011950100.0,2.07,1.0,377
"(np.float64(35.145781876531835), np.float64(-101.46674162795354), np.float64(1016.7392283540644))","(np.float64(35.1470001), np.float64(-101.4708184), np.float64(1019.598534216152))",48011950100.0,0.40663148317434344,48011950100.0,2.07,1.0,277
"(np.float64(35.1470001), np.float64(-101.4708184), np.float64(1019.598534216152))","(np.float64(35.09963069615308), np.float64(-101.33248293484272), np.float64(1002.352935398618))",48011950100.0,13.73347335887661,48011950100.0,2.07,1.0,500
"(np.float64(35.0931251), np.float64(-101.3135042), np.float64(991.5522210198234))","(np.float64(35.07546779157831), np.float64(-101.27232808221645), np.float64(982.8408393214796))",48011950100.0,4.241852752932826,48011950100.0,2.07,1.0,367
"(np.float64(35.07546779157831), np.float64(-101.27232808221645), np.float64(982.8408393214796))","(np.float64(35.05882099217281), np.float64(-101.24311188613522), np.float64(981.2568971160244))",48011950100.0,3.253172417925571,48011950100.0,2.07,1.0,333
"(np.float64(35.05882099217281), np.float64(-101.24311188613522), np.float64(981.2568971160244))","(np.float64(35.052595370120244), np.float64(-101.2330110853908), np.float64(963.3008771653956))",48011950100.0,2.5723937998705897,48011950100.0,2.07,1.0,41
"(np.float64(35.052595370120244), np.float64(-101.2330110853908), np.float64(963.3008771653956))","(np.float64(35.06995070513129), np.float64(-101.2599413443576), np.float64(963.2435764535826))",48011950100.0,3.1256498228270364,48011950100.0,2.07,1.0,476
"(np.float64(35.06995070513129), np.float64(-101.2599413443576), np.float64(963.2435764535826))","(np.float64(35.06665427402597), np.float64(-101.25539592987012), np.float64(957.9645559954928))",48011950100.0,1.1723664711662243,48011950100.0,2.07,1.0,333
"(np.float64(35.06665427402597), np.float64(-101.25539592987012), np.float64(957.9645559954928))","(np.float64(35.04576825497248), np.float64(-101.2152311412844), np.float64(928.9187479498232))",48011950100.0,4.464345626932093,48011950100.0,2.07,1.0,41
"(np.float64(35.04576825497248), np.float64(-101.2152311412844), np.float64(928.9187479498232))","(np.float64(35.03117478073722), np.float64(-101.1493147921522), np.float64(870.2353360623856))",48011950100.0,6.311905246813972,48011950100.0,2.07,1.0,388
"(np.float64(35.03117478073722), np.float64(-101.1493147921522), np.float64(870.2353360623856))","(np.float64(35.02832879806353), np.float64(-101.13260981508408), np.float64(870.310903159203))",48011950100.0,1.5569811188811222,48011950100.0,2.07,1.0,217
"(np.float64(35.03464865345133), np.float64(-101.16519629939825), np.float64(831.2834592902362))","(np.float64(35.12541149823009), np.float64(-101.13319484902657), np.float64(387.12454023114446))",48011950100.0,10.494243103685147,48011950100.0,2.07,1.0,388
"(np.float64(34.91451018255185), np.float64(-100.82144546175702), np.float64(0.0))","(np.float64(34.90378186065705), np.float64(-100.790680940625), np.float64(0.0))",48129950300.0,8.024845274416169,48129950300.0,1.54,8.0,300
"(np.float64(34.90324998056544), np.float64(-100.78915572200476), np.float64(0.0))","(np.float64(34.92039403872519), np.float64(-100.83831799963922), np.float64(0.0))",48129950300.0,9.547765758811996,48129950300.0,1.54,8.0,300
"(np.float64(34.92039403872519), np.float64(-100.83831799963922), np.float64(0.0))","(np.float64(34.92875980879936), np.float64(-100.86230767041492), np.float64(0.0))",48129950300.0,2.3803642135711667,48129950300.0,1.54,8.0,354
"(np.float64(34.92875980879936), np.float64(-100.86230767041492), np.float64(0.0))","(np.float64(34.8950475), np.float64(-100.7656343), np.float64(0.0))",48129950300.0,13.772421978218382,48129950300.0,1.54,8.0,429
"(np.float64(34.8950475), np.float64(-100.7656343), np.float64(0.0))","(np.float64(34.9002421), np.float64(-100.7723312), np.float64(0.0))",48129950300.0,0.8407005443315156,48129950300.0,1.54,8.0,300
"(np.float64(34.9002421), np.float64(-100.7723312), np.float64(0.0))","(np.float64(34.905083683820585), np.float64(-100.78330393896675), np.float64(0.0))",48129950300.0,1.6300387645724705,48129950300.0,1.54,8.0,470
"(np.float64(34.905083683820585), np.float64(-100.78330393896675), np.float64(0.0))","(np.float64(34.90892157443299), np.float64(-100.79351959814431), np.float64(0.0))",48129950300.0,1.031147464150526,48129950300.0,1.54,8.0,313
"(np.float64(34.90892157443299), np.float64(-100.79351959814431), np.float64(0.0))","(np.float64(34.90248500715499), np.float64(-100.780239797155), np.float64(0.0))",48129950300.0,1.5562941085191224,48129950300.0,1.54,8.0,37
"(np.float64(34.90248500715499), np.float64(-100.780239797155), np.float64(0.0))","(np.float64(34.909159), np.float64(-100.7945402), np.float64(0.0))",48129950300.0,6.866083200994222,48129950300.0,1.54,8.0,250
"(np.float64(34.909159), np.float64(-100.7945402), np.float64(0.0))","(np.float64(34.897800533909894), np.float64(-100.77020234939664), np.float64(0.0))",48129950300.0,2.556488210954601,48129950300.0,1.54,8.0,37
"(np.float64(34.897800533909894), np.float64(-100.77020234939664), np.float64(0.0))","(np.float64(34.901964583413466), np.float64(-100.77912468221156), np.float64(0.0))",48129950300.0,4.192460123180352,48129950300.0,1.54,8.0,250
"(np.float64(34.901964583413466), np.float64(-100.77912468221156), np.float64(0.0))","(np.float64(34.89405123322639), np.float64(-100.76216870126328), np.float64(0.0))",48129950300.0,5.019654944470328,48129950300.0,1.54,8.0,37
"(np.float64(34.89405123322639), np.float64(-100.76216870126328), np.float64(0.0))","(np.float64(34.88254423756529), np.float64(-100.73612041751709), np.float64(0.0))",48129950300.0,2.702039641341403,48129950300.0,1.54,8.0,250
"(np.float64(34.88254423756529), np.float64(-100.73612041751709), np.float64(0.0))","(np.float64(34.92540104405224), np.float64(-100.85636779934708), np.float64(0.0))",48129950300.0,12.864009635244415,48129950300.0,1.54,8.0,61
"(np.float64(34.92540104405224), np.float64(-100.85636779934708), np.float64(0.0))","(np.float64(34.89092572716543), np.float64(-100.76034047517504), np.float64(0.0))",48129950300.0,14.933717256690382,48129950300.0,1.54,8.0,280
"(np.float64(34.89092572716543), np.float64(-100.76034047517504), np.float64(0.0))","(np.float64(34.870488707994134), np.float64(-100.69973295078842), np.float64(0.0))",48129950300.0,5.988085811663604,48129950300.0,1.54,8.0,61
"(np.float64(34.870488707994134), np.float64(-100.69973295078842), np.float64(0.0))","(np.float64(34.8523547), np.float64(-100.6463006), np.float64(748.133444692116))",48129950300.0,15.50252025138923,48129950300.0,1.54,8.0,468
"(np.float64(34.8523547), np.float64(-100.6463006), np.float64(748.133444692116))","(np.float64(34.8356139), np.float64(-100.6248001), np.float64(729.475732443463))",48129950300.0,4.115362591283154,48129950300.0,1.54,8.0,492
"(np.float64(34.8356139), np.float64(-100.6248001), np.float64(729.475732443463))","(np.float64(34.8333283), np.float64(-100.6212081), np.float64(741.236141205487))",48129950300.0,0.41524187085286873,48129950300.0,1.54,8.0,106
"(np.float64(34.8333283), np.float64(-100.6212081), np.float64(741.236141205487))","(np.float64(34.827104086894586), np.float64(-100.6110606262108), np.float64(734.5254739972268))",48129950300.0,1.821572455002916,48129950300.0,1.54,8.0,492
"(np.float64(34.827104086894586), np.float64(-100.6110606262108), np.float64(734.5254739972268))","(np.float64(34.8155237), np.float64(-100.5942012), np.float64(708.490790101658))",48129950300.0,3.1589402205688293,48129950300.0,1.54,8.0,445
"(np.float64(34.8155237), np.float64(-100.5942012), np.float64(708.490790101658))","(np.float64(34.8100766), np.float64(-100.588673), np.float64(705.134704794465))",48129950300.0,1.1734821331050738,48129950300.0,1.54,8.0,195
"(np.float64(34.8100766), np.float64(-100.588673), np.float64(705.134704794465))","(np.float64(34.8070115), np.float64(-100.5864698), np.float64(702.475150637487))",48129950300.0,0.3953531924493922,48129950300.0,1.54,8.0,379
"(np.float64(34.8070115), np.float64(-100.5864698), np.float64(702.475150637487))","(np.float64(34.8037643), np.float64(-100.5844772), np.float64(693.096992749687))",48129950300.0,0.4790464754271939,48129950300.0,1.54,8.0,21
"(np.float64(34.8037643), np.float64(-100.5844772), np.float64(693.096992749687))","(np.float64(34.8037643), np.float64(-100.5844772), np.float64(693.096992749687))",48129950300.0,0.0,48129950300.0,1.54,8.0,63
"(np.float64(34.8037643), np.float64(-100.5844772), np.float64(693.096992749687))","(np.float64(34.7936257), np.float64(-100.5806138), np.float64(676.436237163945))",48129950300.0,1.9577730974520828,48129950300.0,1.54,8.0,379
"(np.float64(34.6811361), np.float64(-100.4879523), np.float64(574.73538498399))","(np.float64(34.67805944751538), np.float64(-100.48622047449123), np.float64(572.5124773927804))",48191950500.0,0.3764437428484543,48191950500.0,3.2,3.0,21
"(np.float64(34.67805944751538), np.float64(-100.48622047449123), np.float64(572.5124773927804))","(np.float64(34.6778742), np.float64(-100.4861162), np.float64(572.378634487138))",48191950500.0,0.022666025224042638,48191950500.0,3.2,3.0,379
"(np.float64(34.6778742), np.float64(-100.4861162), np.float64(572.378634487138))","(np.float64(34.6778742), np.float64(-100.4861162), np.float64(572.378634487138))",48191950500.0,0.0,48191950500.0,3.2,3.0,169
"(np.float64(34.6778742), np.float64(-100.4861162), np.float64(572.378634487138))","(np.float64(34.6639514), np.float64(-100.4815185), np.float64(565.091312972423))",48191950500.0,2.3988511752531023,48191950500.0,3.2,3.0,21
"(np.float64(34.6639514), np.float64(-100.4815185), np.float64(565.091312972423))","(np.float64(34.65988730775638), np.float64(-100.4804659834926), np.float64(563.6812113050643))",48191950500.0,0.5140874287897729,48191950500.0,3.2,3.0,379
"(np.float64(34.65988730775638), np.float64(-100.4804659834926), np.float64(563.6812113050643))","(np.float64(34.65701689885496), np.float64(-100.47971823549618), np.float64(561.0004580951456))",48191950500.0,0.7276404567803552,48191950500.0,3.2,3.0,21
"(np.float64(34.65701689885496), np.float64(-100.47971823549618), np.float64(561.0004580951456))","(np.float64(34.649544753709435), np.float64(-100.47852421539842), np.float64(563.4677852078586))",48191950500.0,1.3276692283265081,48191950500.0,3.2,3.0,379
"(np.float64(34.649544753709435), np.float64(-100.47852421539842), np.float64(563.4677852078586))","(np.float64(34.64234308639811), np.float64(-100.4776188581205), np.float64(561.1689307544191))",48191950500.0,1.068926331494496,48191950500.0,3.2,3.0,21
"(np.float64(34.64234308639811), np.float64(-100.4776188581205), np.float64(561.1689307544191))","(np.float64(34.6389845), np.float64(-100.4772337), np.float64(557.836158634049))",48191950500.0,0.650905143350648,48191950500.0,3.2,3.0,446
"(np.float64(34.6389845), np.float64(-100.4772337), np.float64(557.836158634049))","(np.float64(34.6317734), np.float64(-100.4762022), np.float64(558.461733887075))",48191950500.0,0.8056285976538649,48191950500.0,3.2,3.0,26
"(np.float64(34.6317734), np.float64(-100.4762022), np.float64(558.461733887075))","(np.float64(34.6213347), np.float64(-100.4725737), np.float64(552.218152181702))",48191950500.0,2.1832224837240286,48191950500.0,3.2,3.0,446
"(np.float64(34.6213347), np.float64(-100.4725737), np.float64(552.218152181702))","(np.float64(34.60948682815902), np.float64(-100.46830470809276), np.float64(538.4556908841405))",48191950500.0,2.100408775531823,48191950500.0,3.2,3.0,287
"(np.float64(34.60948682815902), np.float64(-100.46830470809276), np.float64(538.4556908841405))","(np.float64(34.59926008368997), np.float64(-100.46418542610556), np.float64(528.6979607231268))",48191950500.0,1.8731475346783815,48191950500.0,3.2,3.0,235
"(np.float64(34.59926008368997), np.float64(-100.46418542610556), np.float64(528.6979607231268))","(np.float64(34.592971792178275), np.float64(-100.45576073876737), np.float64(522.9791913122707))",48191950500.0,1.5873971340552058,48191950500.0,3.2,3.0,424
"(np.float64(34.592971792178275), np.float64(-100.45576073876737), np.float64(522.9791913122707))","(np.float64(34.5655101), np.float64(-100.4406935), np.float64(513.600322729629))",48191950500.0,6.347760549087301,48191950500.0,3.2,3.0,235
"(np.float64(34.5655101), np.float64(-100.4406935), np.float64(513.600322729629))","(np.float64(34.53531736910213), np.float64(-100.42931383129498), np.float64(522.6315710697263))",48191950500.0,6.067640630979004,48191950500.0,3.2,3.0,349
"(np.float64(34.5243441), np.float64(-100.4080555), np.float64(532.7919921875))","(np.float64(34.518760203926206), np.float64(-100.40113333100658), np.float64(514.7640829563443))",48075950100.0,0.9522232541943509,48075950100.0,3.25,9.0,105
"(np.float64(34.518760203926206), np.float64(-100.40113333100658), np.float64(514.7640829563443))","(np.float64(34.51801298275212), np.float64(-100.40047157681433), np.float64(513.326032549061))",48075950100.0,0.3414871429947682,48075950100.0,3.25,9.0,472
"(np.float64(34.51801298275212), np.float64(-100.40047157681433), np.float64(513.326032549061))","(np.float64(34.50140201124062), np.float64(-100.36938832416205), np.float64(539.095675623467))",48075950100.0,5.1125491477773615,48075950100.0,3.25,9.0,87
"(np.float64(34.50140201124062), np.float64(-100.36938832416205), np.float64(539.095675623467))","(np.float64(34.4998555), np.float64(-100.3608283), np.float64(532.207945573606))",48075950100.0,1.0701717923565732,48075950100.0,3.25,9.0,429
"(np.float64(34.4998555), np.float64(-100.3608283), np.float64(532.207945573606))","(np.float64(34.49682820454719), np.float64(-100.3566503302358), np.float64(522.0201524328597))",48075950100.0,0.7211957992324308,48075950100.0,3.25,9.0,472
"(np.float64(34.49682820454719), np.float64(-100.3566503302358), np.float64(522.0201524328597))","(np.float64(34.490356639221275), np.float64(-100.34886518005698), np.float64(513.0833802829077))",48075950100.0,2.1671963255007918,48075950100.0,3.25,9.0,348
"(np.float64(34.490356639221275), np.float64(-100.34886518005698), np.float64(513.0833802829077))","(np.float64(34.4847385), np.float64(-100.3422407), np.float64(531.730245015913))",48075950100.0,1.47209121348395,48075950100.0,3.25,9.0,429
"(np.float64(34.4847385), np.float64(-100.3422407), np.float64(531.730245015913))","(np.float64(34.47888466671716), np.float64(-100.32727763671951), np.float64(546.2940435579881))",48075950100.0,1.6636443925879432,48075950100.0,3.25,9.0,105
"(np.float64(34.47888466671716), np.float64(-100.32727763671951), np.float64(546.2940435579881))","(np.float64(34.4716322), np.float64(-100.3136169), np.float64(553.407438433592))",48075950100.0,2.2024054246887923,48075950100.0,3.25,9.0,348
"(np.float64(34.4716322), np.float64(-100.3136169), np.float64(553.407438433592))","(np.float64(34.4716322), np.float64(-100.3136169), np.float64(553.407438433592))",48075950100.0,0.0,48075950100.0,3.25,9.0,79
"(np.float64(34.4716322), np.float64(-100.3136169), np.float64(553.407438433592))","(np.float64(34.46990879420096), np.float64(-100.31044933527733), np.float64(551.7284723358175))",48075950100.0,0.41978072649841935,48075950100.0,3.25,9.0,348
"(np.float64(34.46990879420096), np.float64(-100.31044933527733), np.float64(551.7284723358175))","(np.float64(34.465311117070854), np.float64(-100.3017310607228), np.float64(547.4392918495628))",48075950100.0,1.5286718817859006,48075950100.0,3.25,9.0,270
"(np.float64(34.465311117070854), np.float64(-100.3017310607228), np.float64(547.4392918495628))","(np.float64(34.46232781591514), np.float64(-100.29596149063262), np.float64(538.9030762882479))",48075950100.0,0.9170997568148191,48075950100.0,3.25,9.0,293
"(np.float64(34.46232781591514), np.float64(-100.29596149063262), np.float64(538.9030762882479))","(np.float64(34.4581018), np.float64(-100.2880719), np.float64(555.298684470466))",48075950100.0,0.9333720727495296,48075950100.0,3.25,9.0,429
"(np.float64(34.4581018), np.float64(-100.2880719), np.float64(555.298684470466))","(np.float64(34.4566363), np.float64(-100.2853186), np.float64(553.869056656288))",48075950100.0,0.3007510725361843,48075950100.0,3.25,9.0,293
"(np.float64(34.4566363), np.float64(-100.2853186), np.float64(553.869056656288))","(np.float64(34.4540332), np.float64(-100.2796172), np.float64(560.217400314692))",48075950100.0,0.5984395365514487,48075950100.0,3.25,9.0,87
"(np.float64(34.4540332), np.float64(-100.2796172), np.float64(560.217400314692))","(np.float64(34.4514095), np.float64(-100.2738083), np.float64(556.53520610215))",48075950100.0,0.7148195095487699,48075950100.0,3.25,9.0,293
"(np.float64(34.4514095), np.float64(-100.2738083), np.float64(556.53520610215))","(np.float64(34.4487979), np.float64(-100.2678352), np.float64(563.117355964543))",48075950100.0,0.6544078405746886,48075950100.0,3.25,9.0,348
"(np.float64(34.435875), np.float64(-100.2306681), np.float64(546.62510318657))","(np.float64(34.4357477), np.float64(-100.2305043), np.float64(546.474923732877))",48075950200.0,0.024630824594667765,48075950200.0,446.94,9.0,296
"(np.float64(34.4355684), np.float64(-100.2303697), np.float64(557.621772319334))","(np.float64(34.4323764), np.float64(-100.2203998), np.float64(551.053755228606))",48075950200.0,1.384524093383158,48075950200.0,446.94,9.0,315
"(np.float64(34.3964718), np.float64(-100.1180962), np.float64(500.749230348638))","(np.float64(34.3898356), np.float64(-100.098982), np.float64(508.86371017533))",48075950100.0,3.1450747013191487,48075950100.0,3.25,9.0,234
"(np.float64(34.3898356), np.float64(-100.098982), np.float64(508.86371017533))","(np.float64(34.38611269264151), np.float64(-100.08386335603774), np.float64(506.3036320528792))",48075950100.0,2.134896766421031,48075950100.0,3.25,9.0,306
"(np.float64(34.38611269264151), np.float64(-100.08386335603774), np.float64(506.3036320528792))","(np.float64(34.38213255307612), np.float64(-100.0662837581143), np.float64(502.1891327646457))",48075950100.0,2.654548267410425,48075950100.0,3.25,9.0,151
"(np.float64(34.38213255307612), np.float64(-100.0662837581143), np.float64(502.1891327646457))","(np.float64(34.3803451), np.float64(-100.0582729), np.float64(500.449802392074))",48075950100.0,1.1156980594516241,48075950100.0,3.25,9.0,502
"(np.float64(34.3803451), np.float64(-100.0582729), np.float64(500.449802392074))","(np.float64(34.3708536), np.float64(-100.0154959), np.float64(483.662974154944))",48075950100.0,5.810564107547348,48075950100.0,3.25,9.0,503
"(np.float64(34.35983926934637), np.float64(-99.979031816922), np.float64(477.8516405866229))","(np.float64(34.357443731438124), np.float64(-99.97111683979932), np.float64(476.00581613815245))",48197950100.0,1.106634696068961,48197950100.0,5.08,6.0,489
"(np.float64(34.357443731438124), np.float64(-99.97111683979932), np.float64(476.00581613815245))","(np.float64(34.3542516), np.float64(-99.9577628), np.float64(490.694931600576))",48197950100.0,2.0182397118788433,48197950100.0,5.08,6.0,340
"(np.float64(34.3542516), np.float64(-99.9577628), np.float64(490.694931600576))","(np.float64(34.3504947), np.float64(-99.9450827), np.float64(483.210339325209))",48197950100.0,1.6276239642002557,48197950100.0,5.08,6.0,487
"(np.float64(34.3504947), np.float64(-99.9450827), np.float64(483.210339325209))","(np.float64(34.33331507400711), np.float64(-99.88055813963624), np.float64(451.2099880569))",48197950100.0,8.4405506947878,48197950100.0,5.08,6.0,169
"(np.float64(34.33331507400711), np.float64(-99.88055813963624), np.float64(451.2099880569))","(np.float64(34.3317738), np.float64(-99.8674344), np.float64(451.614494596965))",48197950100.0,1.696437872634738,48197950100.0,5.08,6.0,70
"(np.float64(34.1024164), np.float64(-99.0801542), np.float64(341.566970174915))","(np.float64(34.099772485365854), np.float64(-99.07433628474412), np.float64(337.6261083842243))",48487950300.0,0.8366158148757559,48487950300.0,2.29,6.0,213
"(np.float64(34.099772485365854), np.float64(-99.07433628474412), np.float64(337.6261083842243))","(np.float64(34.0813701), np.float64(-99.0327296), np.float64(345.650184214763))",48487950300.0,6.421712177247023,48487950300.0,2.29,6.0,289
"(np.float64(34.0813701), np.float64(-99.0327296), np.float64(345.650184214763))","(np.float64(34.0741327), np.float64(-99.0171662), np.float64(336.163704307175))",48487950300.0,2.006462846270785,48487950300.0,2.29,6.0,431
"(np.float64(34.0741327), np.float64(-99.0171662), np.float64(336.163704307175))","(np.float64(34.07124734339354), np.float64(-99.01151551097908), np.float64(335.92573621787363))",48487950300.0,0.6524174161381945,48487950300.0,2.29,6.0,213
"(np.float64(34.07124734339354), np.float64(-99.01151551097908), np.float64(335.92573621787363))","(np.float64(34.0673514), np.float64(-99.0028996), np.float64(328.693623319415))",48487950300.0,1.0639344797349422,48487950300.0,2.29,6.0,209
"(np.float64(34.0673514), np.float64(-99.0028996), np.float64(328.693623319415))","(np.float64(34.059586013647284), np.float64(-98.98588065343584), np.float64(335.2051443688469))",48487950300.0,2.1624093898314345,48487950300.0,2.29,6.0,213
"(np.float64(34.059586013647284), np.float64(-98.98588065343584), np.float64(335.2051443688469))","(np.float64(34.04842230172249), np.float64(-98.95951782095692), np.float64(335.2377444233628))",48487950300.0,4.189365858221767,48487950300.0,2.29,6.0,209
"(np.float64(34.04842230172249), np.float64(-98.95951782095692), np.float64(335.2377444233628))","(np.float64(34.04815978757631), np.float64(-98.9588742926033), np.float64(335.75632702109635))",48487950300.0,0.11989672556990562,48487950300.0,2.29,6.0,213
"(np.float64(33.9944997), np.float64(-98.8297448), np.float64(300.365786140487))","(np.float64(33.99170582066327), np.float64(-98.82663988162231), np.float64(297.1565558361462))",48485013800.0,0.7683629533296044,48485013800.0,11.26,9.0,491
"(np.float64(33.99170582066327), np.float64(-98.82663988162231), np.float64(297.1565558361462))","(np.float64(33.9896779), np.float64(-98.8236091), np.float64(296.799102159075))",48485013800.0,0.6944415397290578,48485013800.0,11.26,9.0,33
"(np.float64(33.9896779), np.float64(-98.8236091), np.float64(296.799102159075))","(np.float64(33.9896779), np.float64(-98.8236091), np.float64(296.799102159075))",48485013800.0,0.09262127959734542,48485013800.0,11.26,9.0,491
"(np.float64(33.9896779), np.float64(-98.8236091), np.float64(296.799102159075))","(np.float64(33.97890003902439), np.float64(-98.79911437073171), np.float64(288.21571192924205))",48485013800.0,3.166604228234476,48485013800.0,11.26,9.0,33
"(np.float64(33.97890003902439), np.float64(-98.79911437073171), np.float64(288.21571192924205))","(np.float64(33.97709694577086), np.float64(-98.79469287843878), np.float64(288.15060316350275))",48485013800.0,0.6297929241713949,48485013800.0,11.26,9.0,491
"(np.float64(33.97709694577086), np.float64(-98.79469287843878), np.float64(288.15060316350275))","(np.float64(33.975662), np.float64(-98.7912684), np.float64(286.811126536851))",48485013800.0,0.4049831981853338,48485013800.0,11.26,9.0,33
"(np.float64(33.975662), np.float64(-98.7912684), np.float64(286.811126536851))","(np.float64(33.975251138542646), np.float64(-98.79019923523852), np.float64(286.40391175482875))",48485013800.0,0.17087973664721695,48485013800.0,11.26,9.0,37
"(np.float64(33.975251138542646), np.float64(-98.79019923523852), np.float64(286.40391175482875))","(np.float64(33.9739119), np.float64(-98.7867142), np.float64(285.076559866596))",48485013800.0,0.5723127371105108,48485013800.0,11.26,9.0,33
"(np.float64(33.9739119), np.float64(-98.7867142), np.float64(285.076559866596))","(np.float64(33.9739119), np.float64(-98.7867142), np.float64(285.076559866596))",48485013800.0,0.0,48485013800.0,11.26,9.0,153
"(np.float64(33.9739119), np.float64(-98.7867142), np.float64(285.076559866596))","(np.float64(33.97202964648978), np.float64(-98.77774798441236), np.float64(284.5470326641589))",48485013800.0,1.046754317067621,48485013800.0,11.26,9.0,310
"(np.float64(33.97202964648978), np.float64(-98.77774798441236), np.float64(284.5470326641589))","(np.float64(33.9714127), np.float64(-98.7741304), np.float64(287.525796679526))",48485013800.0,0.8159503342957081,48485013800.0,11.26,9.0,5
"(np.float64(33.9714127), np.float64(-98.7741304), np.float64(287.525796679526))","(np.float64(33.97103612695606), np.float64(-98.76538509034144), np.float64(288.0356161746307))",48485013800.0,0.9148042342442126,48485013800.0,11.26,9.0,37
"(np.float64(33.97103612695606), np.float64(-98.76538509034144), np.float64(288.0356161746307))","(np.float64(33.971007), np.float64(-98.7490005), np.float64(276.637751334878))",48485013800.0,2.637747270133373,48485013800.0,11.26,9.0,5
"(np.float64(33.971007), np.float64(-98.7490005), np.float64(276.637751334878))","(np.float64(33.970858), np.float64(-98.7377016), np.float64(279.329474523924))",48485013800.0,1.1841216318269532,48485013800.0,11.26,9.0,314
"(np.float64(33.970858), np.float64(-98.7377016), np.float64(279.329474523924))","(np.float64(33.96570703516484), np.float64(-98.70919913076922), np.float64(279.4023839038451))",48485013800.0,4.052249150880299,48485013800.0,11.26,9.0,5
"(np.float64(33.9657294), np.float64(-98.7069291), np.float64(279.664794921875))","(np.float64(33.9657294), np.float64(-98.6983221), np.float64(289.398118188188))",48485013800.0,0.9335949922604441,48485013800.0,11.26,9.0,153
"(np.float64(33.9657294), np.float64(-98.6983221), np.float64(289.398118188188))","(np.float64(33.96577219464115), np.float64(-98.69413251416267), np.float64(292.59304593589684))",48485013800.0,0.38726918402285737,48485013800.0,11.26,9.0,348
"(np.float64(33.9592538), np.float64(-98.62436), np.float64(278.612252420451))","(np.float64(33.9586388), np.float64(-98.6201128), np.float64(271.922963179711))",48485013100.0,0.3985216494135055,48485013100.0,207.96,9.0,218
"(np.float64(33.9586388), np.float64(-98.6201128), np.float64(271.922963179711))","(np.float64(33.9579839), np.float64(-98.615825), np.float64(272.965073592939))",48485013100.0,0.6117704276663185,48485013100.0,207.96,9.0,488
"(np.float64(33.9579839), np.float64(-98.615825), np.float64(272.965073592939))","(np.float64(33.9572529), np.float64(-98.6116411), np.float64(272.365506313629))",48485013100.0,0.44951028418265765,48485013100.0,207.96,9.0,301
"(np.float64(33.9572529), np.float64(-98.6116411), np.float64(272.365506313629))","(np.float64(33.9558698), np.float64(-98.6027832), np.float64(280.786899682754))",48485013100.0,0.9296080549057938,48485013100.0,207.96,9.0,202
"(np.float64(33.9558698), np.float64(-98.6027832), np.float64(280.786899682754))","(np.float64(33.9558698), np.float64(-98.6027832), np.float64(280.786899682754))",48485013100.0,0.1268699278612445,48485013100.0,207.96,9.0,37
"(np.float64(33.9558698), np.float64(-98.6027832), np.float64(280.786899682754))","(np.float64(33.9552057), np.float64(-98.5984613), np.float64(279.562064923223))",48485013100.0,0.40624015448205814,48485013100.0,207.96,9.0,202
"(np.float64(33.9552057), np.float64(-98.5984613), np.float64(279.562064923223))","(np.float64(33.954202266178555), np.float64(-98.59217410415684), np.float64(271.964350926306))",48485013100.0,0.6541154786705272,48485013100.0,207.96,9.0,37
"(np.float64(33.954202266178555), np.float64(-98.59217410415684), np.float64(271.964350926306))","(np.float64(33.9532139), np.float64(-98.5856243), np.float64(267.806785299652))",48485013100.0,0.7325150512653759,48485013100.0,207.96,9.0,222
"(np.float64(33.9532139), np.float64(-98.5856243), np.float64(267.806785299652))","(np.float64(33.9525769), np.float64(-98.5814102), np.float64(268.302387929374))",48485013100.0,0.3959067593285804,48485013100.0,207.96,9.0,37
"(np.float64(33.9525769), np.float64(-98.5814102), np.float64(268.302387929374))","(np.float64(33.952528590048), np.float64(-98.58112196510716), np.float64(268.5916789534859))",48485013100.0,0.027179528798767453,48485013100.0,207.96,9.0,161
"(np.float64(33.952528590048), np.float64(-98.58112196510716), np.float64(268.5916789534859))","(np.float64(33.9512119), np.float64(-98.5727283), np.float64(273.229074054602))",48485013100.0,1.503564267215005,48485013100.0,207.96,9.0,202
"(np.float64(33.9512119), np.float64(-98.5727283), np.float64(273.229074054602))","(np.float64(33.9492706), np.float64(-98.5600073), np.float64(268.116278166883))",48485013100.0,1.3318901636979106,48485013100.0,207.96,9.0,222
"(np.float64(33.9492706), np.float64(-98.5600073), np.float64(268.116278166883))","(np.float64(33.9477384), np.float64(-98.5384543), np.float64(270.435525382671))",48485013100.0,2.7005882275416138,48485013100.0,207.96,9.0,206
"(np.float64(33.9477384), np.float64(-98.5384543), np.float64(270.435525382671))","(np.float64(33.947265491081595), np.float64(-98.53657091328272), np.float64(271.323280068481))",48485013100.0,0.36395983483517114,48485013100.0,207.96,9.0,222
"(np.float64(33.947265491081595), np.float64(-98.53657091328272), np.float64(271.323280068481))","(np.float64(33.94268702280867), np.float64(-98.52266309269557), np.float64(264.6471716795116))",48485013100.0,1.7990837773118775,48485013100.0,207.96,9.0,503
"(np.float64(33.9362705), np.float64(-98.5185855), np.float64(262.173392135399))","(np.float64(33.9279454), np.float64(-98.5144434), np.float64(258.94849089449))",48485011100.0,1.2078443973604567,48485011100.0,609.52,9.0,227
"(np.float64(33.9279454), np.float64(-98.5144434), np.float64(258.94849089449))","(np.float64(33.9250081), np.float64(-98.5128462), np.float64(253.823596889737))",48485011100.0,0.3577684604927417,48485011100.0,609.52,9.0,7
"(np.float64(33.9250081), np.float64(-98.5128462), np.float64(253.823596889737))","(np.float64(33.9221517), np.float64(-98.5117709), np.float64(258.957602611505))",48485011100.0,0.48878612947891836,48485011100.0,609.52,9.0,227
"(np.float64(33.9221517), np.float64(-98.5117709), np.float64(258.957602611505))","(np.float64(33.9221517), np.float64(-98.5117709), np.float64(258.957602611505))",48485011100.0,0.0,48485011100.0,609.52,9.0,394
"(np.float64(33.8801582), np.float64(-98.4162602), np.float64(269.323342350143))","(np.float64(33.8697299), np.float64(-98.3530082), np.float64(258.030557663725))",48077030301.0,8.867111461961638,48077030301.0,9.03,9.0,196
"(np.float64(33.8243263), np.float64(-98.2341212), np.float64(227.982779830526))","(np.float64(33.82136322332541), np.float64(-98.22663588114014), np.float64(226.33008077256284))",48077030200.0,1.414885703174143,48077030200.0,209.31,9.0,331
"(np.float64(33.82136322332541), np.float64(-98.22663588114014), np.float64(226.33008077256284))","(np.float64(33.8135608), np.float64(-98.2191151), np.float64(246.300151109243))",48077030200.0,1.9174002547683218,48077030200.0,209.31,9.0,489
"(np.float64(33.8135608), np.float64(-98.2191151), np.float64(246.300151109243))","(np.float64(33.8059), np.float64(-98.2128834), np.float64(240.61883057457))",48077030200.0,1.4419395674329982,48077030200.0,209.31,9.0,490
"(np.float64(33.7723539), np.float64(-98.1402241), np.float64(259.84838891723))","(np.float64(33.746910272520175), np.float64(-98.11746458030376), np.float64(243.461295738949))",48077030302.0,5.982873913567441,48077030302.0,4.81,9.0,25
"(np.float64(33.746910272520175), np.float64(-98.11746458030376), np.float64(243.461295738949))","(np.float64(33.74379820555292), np.float64(-98.11559447982914), np.float64(255.16205479693755))",48077030302.0,0.5071503879753504,48077030302.0,4.81,9.0,49
"(np.float64(33.74379820555292), np.float64(-98.11559447982914), np.float64(255.16205479693755))","(np.float64(33.66640869447853), np.float64(-98.06145449209532), np.float64(247.7521844170437))",48077030302.0,15.364967995718295,48077030302.0,4.81,9.0,25
"(np.float64(33.66640869447853), np.float64(-98.06145449209532), np.float64(247.7521844170437))","(np.float64(33.6544989), np.float64(-98.0467916), np.float64(273.847663627078))",48077030302.0,3.1665921176022978,48077030302.0,4.81,9.0,297
"(np.float64(33.6544989), np.float64(-98.0467916), np.float64(273.847663627078))","(np.float64(33.647464), np.float64(-98.0375708), np.float64(266.597237910295))",48077030302.0,1.4218379256171565,48077030302.0,4.81,9.0,469
"(np.float64(33.6439795), np.float64(-98.0304478), np.float64(272.571410573848))","(np.float64(33.624291484940045), np.float64(-97.98919570206236), np.float64(269.9663190184896))",48077030302.0,6.5619371100579995,48077030302.0,4.81,9.0,318
"(np.float64(33.5877109), np.float64(-97.9138681), np.float64(290.963750654797))","(np.float64(33.5877109), np.float64(-97.9138681), np.float64(290.963750654797))",48337950401.0,0.0,48337950401.0,16.81,6.0,9
"(np.float64(33.5877109), np.float64(-97.9138681), np.float64(290.963750654797))","(np.float64(33.5877109), np.float64(-97.9138681), np.float64(290.963750654797))",48337950401.0,0.0,48337950401.0,16.81,6.0,206
"(np.float64(33.5877109), np.float64(-97.9138681), np.float64(290.963750654797))","(np.float64(33.5763489), np.float64(-97.8963384), np.float64(293.195587407255))",48337950401.0,2.5320636543671338,48337950401.0,16.81,6.0,399
"(np.float64(33.5763489), np.float64(-97.8963384), np.float64(293.195587407255))","(np.float64(33.57353918273543), np.float64(-97.8930915573991), np.float64(289.9112406712806))",48337950401.0,0.4982682072787822,48337950401.0,16.81,6.0,173
"(np.float64(33.57353918273543), np.float64(-97.8930915573991), np.float64(289.9112406712806))","(np.float64(33.5735371), np.float64(-97.8930892), np.float64(289.929121137696))",48337950401.0,0.00031874256982165146,48337950401.0,16.81,6.0,399
"(np.float64(33.5735371), np.float64(-97.8930892), np.float64(289.929121137696))","(np.float64(33.5735371), np.float64(-97.8930892), np.float64(289.929121137696))",48337950401.0,0.0,48337950401.0,16.81,6.0,173
"(np.float64(33.5735371), np.float64(-97.8930892), np.float64(289.929121137696))","(np.float64(33.57092822041885), np.float64(-97.89015572594003), np.float64(287.7532484900172))",48337950401.0,0.39740357415465316,48337950401.0,16.81,6.0,399
"(np.float64(33.57092822041885), np.float64(-97.89015572594003), np.float64(287.7532484900172))","(np.float64(33.570397065661034), np.float64(-97.88954839795144), np.float64(287.62544103827173))",48337950401.0,0.08156308320229944,48337950401.0,16.81,6.0,173
"(np.float64(33.570397065661034), np.float64(-97.88954839795144), np.float64(287.62544103827173))","(np.float64(33.567917), np.float64(-97.8866456), np.float64(283.193396798492))",48337950401.0,0.5088029705139843,48337950401.0,16.81,6.0,399
"(np.float64(33.567917), np.float64(-97.8866456), np.float64(283.193396798492))","(np.float64(33.554462306369125), np.float64(-97.86585098905996), np.float64(301.29838108741745))",48337950401.0,2.9429175820839824,48337950401.0,16.81,6.0,185
"(np.float64(33.554462306369125), np.float64(-97.86585098905996), np.float64(301.29838108741745))","(np.float64(33.5503637), np.float64(-97.8588204), np.float64(300.212562096))",48337950401.0,1.0312520761399726,48337950401.0,16.81,6.0,478
"(np.float64(33.5503637), np.float64(-97.8588204), np.float64(300.212562096))","(np.float64(33.5462679), np.float64(-97.8516637), np.float64(301.8818995402))",48337950401.0,0.8536662297701774,48337950401.0,16.81,6.0,170
"(np.float64(33.5462679), np.float64(-97.8516637), np.float64(301.8818995402))","(np.float64(33.5442035), np.float64(-97.8479892), np.float64(295.901695725481))",48337950401.0,0.41102560995568843,48337950401.0,16.81,6.0,372
"(np.float64(33.5418442), np.float64(-97.844009), np.float64(293.227517782086))","(np.float64(33.53495707645754), np.float64(-97.83297214606834), np.float64(288.29233634332144))",48337950402.0,2.1420067297386933,48337950402.0,26.12,6.0,372
"(np.float64(33.53495707645754), np.float64(-97.83297214606834), np.float64(288.29233634332144))","(np.float64(33.5331185), np.float64(-97.8300687), np.float64(287.427138611398))",48337950402.0,0.6185740784253076,48337950402.0,26.12,6.0,66
"(np.float64(33.5331185), np.float64(-97.8300687), np.float64(287.427138611398))","(np.float64(33.52366933382214), np.float64(-97.82311131132435), np.float64(301.2906740211088))",48337950402.0,1.2358628639525646,48337950402.0,26.12,6.0,31
"(np.float64(33.52366933382214), np.float64(-97.82311131132435), np.float64(301.2906740211088))","(np.float64(33.5238609), np.float64(-97.8232364), np.float64(301.263658067746))",48337950402.0,0.024218562921855744,48337950402.0,26.12,6.0,66
"(np.float64(33.5238609), np.float64(-97.8232364), np.float64(301.263658067746))","(np.float64(33.5173561), np.float64(-97.8190204), np.float64(300.947349121445))",48337950402.0,0.9667522857840092,48337950402.0,26.12,6.0,31
"(np.float64(33.5173561), np.float64(-97.8190204), np.float64(300.947349121445))","(np.float64(33.5173561), np.float64(-97.8190204), np.float64(300.947349121445))",48337950402.0,0.0,48337950402.0,26.12,6.0,66
"(np.float64(33.5173561), np.float64(-97.8190204), np.float64(300.947349121445))","(np.float64(33.5140878), np.float64(-97.8168457), np.float64(306.174214537895))",48337950402.0,0.6076656490812622,48337950402.0,26.12,6.0,31
"(np.float64(33.5140878), np.float64(-97.8168457), np.float64(306.174214537895))","(np.float64(33.49115626160071), np.float64(-97.80190074764852), np.float64(262.05827591777347))",48337950402.0,3.814146828388423,48337950402.0,26.12,6.0,377
"(np.float64(37.1062228), np.float64(-112.1242292), np.float64(1636.48155862852))","(np.float64(37.1757404070555), np.float64(-112.01503772605832), np.float64(1598.4275235490911))",49025130100.0,18.502202896399766,49025130100.0,,1.0,95
"(np.float64(37.1757404070555), np.float64(-112.01503772605832), np.float64(1598.4275235490911))","(np.float64(37.1330935), np.float64(-111.9764383), np.float64(1465.93430909894))",49025130100.0,14.031605054810314,49025130100.0,,1.0,76
"(np.float64(37.1330935), np.float64(-111.9764383), np.float64(1465.93430909894))","(np.float64(37.08996629924528), np.float64(-111.71904046226416), np.float64(1343.97976083851))",49025130100.0,34.26444805718001,49025130100.0,,1.0,75
"(np.float64(37.08996629924528), np.float64(-111.71904046226416), np.float64(1343.97976083851))","(np.float64(37.0888602), np.float64(-111.7103645), np.float64(1326.78428312594))",49025130100.0,0.9136682834083163,49025130100.0,,1.0,469
"(np.float64(37.0888602), np.float64(-111.7103645), np.float64(1326.78428312594))","(np.float64(37.08551070415643), np.float64(-111.68474317828172), np.float64(1296.0588708867367))",49025130100.0,2.9430325723984687,49025130100.0,,1.0,336
"(np.float64(37.08551070415643), np.float64(-111.68474317828172), np.float64(1296.0588708867367))","(np.float64(37.0794477), np.float64(-111.6672374), np.float64(1231.95128355215))",49025130100.0,2.0311914362504235,49025130100.0,,1.0,209
"(np.float64(37.0794477), np.float64(-111.6672374), np.float64(1231.95128355215))","(np.float64(37.0607723), np.float64(-111.6424274), np.float64(1195.42090264805))",49025130100.0,3.528494424453593,49025130100.0,,1.0,325
"(np.float64(37.0607723), np.float64(-111.6424274), np.float64(1195.42090264805))","(np.float64(37.0498715), np.float64(-111.6263424), np.float64(1172.34635379029))",49025130100.0,2.7157313181007843,49025130100.0,,1.0,326
"(np.float64(37.0498715), np.float64(-111.6263424), np.float64(1172.34635379029))","(np.float64(37.042321929986), np.float64(-111.62005377111392), np.float64(1166.5365896097053))",49025130100.0,1.293528043413006,49025130100.0,,1.0,207
"(np.float64(37.042321929986), np.float64(-111.62005377111392), np.float64(1166.5365896097053))","(np.float64(37.04015723056247), np.float64(-111.6182955189706), np.float64(1167.2333911616631))",49025130100.0,0.32109908663356,49025130100.0,,1.0,39
"(np.float64(37.04015723056247), np.float64(-111.6182955189706), np.float64(1167.2333911616631))","(np.float64(37.0325128), np.float64(-111.6084045), np.float64(1183.30842246942))",49025130100.0,1.8754376795801904,49025130100.0,,1.0,207
"(np.float64(37.0325128), np.float64(-111.6084045), np.float64(1183.30842246942))","(np.float64(37.02855533413429), np.float64(-111.6025768162766), np.float64(1160.31419276677))",49025130100.0,0.7787218140769107,49025130100.0,,1.0,39
"(np.float64(37.02855533413429), np.float64(-111.6025768162766), np.float64(1160.31419276677))","(np.float64(37.0263338), np.float64(-111.6000961), np.float64(1159.07705786161))",49025130100.0,0.49109210328388275,49025130100.0,,1.0,207
"(np.float64(37.0263338), np.float64(-111.6000961), np.float64(1159.07705786161))","(np.float64(37.0263338), np.float64(-111.6000961), np.float64(1159.07705786161))",49025130100.0,0.0,49025130100.0,,1.0,39
"(np.float64(37.0263338), np.float64(-111.6000961), np.float64(1159.07705786161))","(np.float64(37.02405233120568), np.float64(-111.5975920212766), np.float64(1172.9852412900675))",49025130100.0,0.3376240428931607,49025130100.0,,1.0,207
"(np.float64(37.02405233120568), np.float64(-111.5975920212766), np.float64(1172.9852412900675))","(np.float64(37.0239151), np.float64(-111.5974414), np.float64(1173.82182375193))",49025130100.0,0.06524772876381113,49025130100.0,,1.0,39
"(np.float64(37.0239151), np.float64(-111.5974414), np.float64(1173.82182375193))","(np.float64(37.0102725), np.float64(-111.5822688), np.float64(1164.63928726715))",49025130100.0,2.6940112126214184,49025130100.0,,1.0,326
"(np.float64(36.9580486), np.float64(-111.5048367), np.float64(1205.64589489295))","(np.float64(36.9387074), np.float64(-111.4944863), np.float64(1155.1925879751))",4005002000.0,3.7232317900379424,4005002000.0,0.76,3.0,215
"(np.float64(36.9235045), np.float64(-111.4721183), np.float64(1201.92005587335))","(np.float64(36.9235045), np.float64(-111.4721183), np.float64(1201.92005587335))",4005002102.0,0.0,4005002102.0,242.96,3.0,310
"(np.float64(36.9235045), np.float64(-111.4721183), np.float64(1201.92005587335))","(np.float64(36.9157244), np.float64(-111.477126), np.float64(1214.49308402827))",4005002102.0,1.0464395694675446,4005002102.0,242.96,3.0,64
"(np.float64(36.9157244), np.float64(-111.477126), np.float64(1214.49308402827))","(np.float64(36.91491478251782), np.float64(-111.47777084679336), np.float64(1214.4378302417954))",4005002102.0,0.20135275714983247,4005002102.0,242.96,3.0,310
"(np.float64(36.91491478251782), np.float64(-111.47777084679336), np.float64(1214.4378302417954))","(np.float64(36.90892117225175), np.float64(-111.48268237269788), np.float64(1208.3628660738725))",4005002102.0,0.9879447636574886,4005002102.0,242.96,3.0,207
"(np.float64(36.90892117225175), np.float64(-111.48268237269788), np.float64(1208.3628660738725))","(np.float64(36.9087808), np.float64(-111.4828275), np.float64(1208.03760050111))",4005002102.0,0.07176847103570116,4005002102.0,242.96,3.0,208
"(np.float64(36.9087808), np.float64(-111.4828275), np.float64(1208.03760050111))","(np.float64(36.9087808), np.float64(-111.4828273), np.float64(1207.97802272814))",4005002102.0,0.0006639354574445903,4005002102.0,242.96,3.0,207
"(np.float64(36.9087808), np.float64(-111.4828273), np.float64(1207.97802272814))","(np.float64(36.9085575), np.float64(-111.4828417), np.float64(1203.59162468965))",4005002102.0,0.0736047279205016,4005002102.0,242.96,3.0,208
"(np.float64(36.9085575), np.float64(-111.4828417), np.float64(1203.59162468965))","(np.float64(36.9071646), np.float64(-111.4829964), np.float64(1210.19238794483))",4005002102.0,0.24249193407486105,4005002102.0,242.96,3.0,207
"(np.float64(36.9071646), np.float64(-111.4829964), np.float64(1210.19238794483))","(np.float64(36.905198), np.float64(-111.4843331), np.float64(1208.08046992618))",4005002102.0,0.2717477771799092,4005002102.0,242.96,3.0,208
"(np.float64(36.905198), np.float64(-111.4843331), np.float64(1208.08046992618))","(np.float64(36.905109796679625), np.float64(-111.4843769167504), np.float64(1208.5742233773856))",4005002102.0,0.010552198069645401,4005002102.0,242.96,3.0,207
"(np.float64(36.905109796679625), np.float64(-111.4843769167504), np.float64(1208.5742233773856))","(np.float64(36.904455), np.float64(-111.4847022), np.float64(1212.23971033444))",4005002102.0,0.16317793686336884,4005002102.0,242.96,3.0,208
"(np.float64(36.904455), np.float64(-111.4847022), np.float64(1212.23971033444))","(np.float64(36.9030289026203), np.float64(-111.48542099028109), np.float64(1220.199978776128))",4005002102.0,0.17095418321277575,4005002102.0,242.96,3.0,207
"(np.float64(36.9030289026203), np.float64(-111.48542099028109), np.float64(1220.199978776128))","(np.float64(36.9029523), np.float64(-111.4854596), np.float64(1220.62756347656))",4005002102.0,0.00918279761120171,4005002102.0,242.96,3.0,208
"(np.float64(36.9029523), np.float64(-111.4854596), np.float64(1220.62756347656))","(np.float64(36.89365192753075), np.float64(-111.48404317152318), np.float64(1241.8519029713727))",4005002102.0,2.549339741378863,4005002102.0,242.96,3.0,207
"(np.float64(36.89365192753075), np.float64(-111.48404317152318), np.float64(1241.8519029713727))","(np.float64(36.8936186), np.float64(-111.4838994), np.float64(1242.1188282818))",4005002102.0,0.15065050337846114,4005002102.0,242.96,3.0,197
"(np.float64(36.8936186), np.float64(-111.4838994), np.float64(1242.1188282818))","(np.float64(36.89118460726158), np.float64(-111.47118118930098), np.float64(1260.5148173846148))",4005002102.0,1.4314911834981332,4005002102.0,242.96,3.0,207
"(np.float64(36.89118460726158), np.float64(-111.47118118930098), np.float64(1260.5148173846148))","(np.float64(36.8920624), np.float64(-111.4685931), np.float64(1259.43625044285))",4005002102.0,0.2858648609389965,4005002102.0,242.96,3.0,208
"(np.float64(36.8920624), np.float64(-111.4685931), np.float64(1259.43625044285))","(np.float64(36.89475163328822), np.float64(-111.46187269951923), np.float64(1261.8607945083586))",4005002102.0,1.0727000434493241,4005002102.0,242.96,3.0,207
"(np.float64(36.89475163328822), np.float64(-111.46187269951923), np.float64(1261.8607945083586))","(np.float64(36.8955569), np.float64(-111.4595906), np.float64(1260.34709223068))",4005002102.0,0.3949679312900327,4005002102.0,242.96,3.0,208
"(np.float64(36.8955569), np.float64(-111.4595906), np.float64(1260.34709223068))","(np.float64(36.8950968), np.float64(-111.4498616), np.float64(1275.45579780246))",4005002102.0,1.0740585608273694,4005002102.0,242.96,3.0,207
"(np.float64(36.8950968), np.float64(-111.4498616), np.float64(1275.45579780246))","(np.float64(36.89489586001067), np.float64(-111.44685428046408), np.float64(1267.0265714540117))",4005002102.0,0.29568516885132884,4005002102.0,242.96,3.0,208
"(np.float64(36.89489586001067), np.float64(-111.44685428046408), np.float64(1267.0265714540117))","(np.float64(36.89522377889734), np.float64(-111.44216399144486), np.float64(1264.046111829924))",4005002102.0,0.7510202278399047,4005002102.0,242.96,3.0,207
"(np.float64(36.89522377889734), np.float64(-111.44216399144486), np.float64(1264.046111829924))","(np.float64(36.8953122), np.float64(-111.4407411), np.float64(1261.83282012269))",4005002102.0,0.12725088467440962,4005002102.0,242.96,3.0,205
"(np.float64(36.8953122), np.float64(-111.4407411), np.float64(1261.83282012269))","(np.float64(36.89783285985269), np.float64(-111.43080071904453), np.float64(1261.676370230378))",4005002102.0,1.1036751240207492,4005002102.0,242.96,3.0,242
"(np.float64(36.89783285985269), np.float64(-111.43080071904453), np.float64(1261.676370230378))","(np.float64(36.8977536), np.float64(-111.4310962), np.float64(1261.96878382631))",4005002102.0,0.027773464424603413,4005002102.0,242.96,3.0,421
"(np.float64(36.8977536), np.float64(-111.4310962), np.float64(1261.96878382631))","(np.float64(36.89879143641561), np.float64(-111.42718631797472), np.float64(1256.1240208416966))",4005002102.0,0.5425282876073158,4005002102.0,242.96,3.0,205
"(np.float64(36.89961566594828), np.float64(-111.41851109961684), np.float64(1241.013179467013))","(np.float64(36.8995902), np.float64(-111.4183147), np.float64(1241.29547307873))",4005942201.0,0.2351864025481575,4005942201.0,3.64,3.0,208
"(np.float64(36.8995902), np.float64(-111.4183147), np.float64(1241.29547307873))","(np.float64(36.89900889990526), np.float64(-111.41527674310754), np.float64(1233.3757855732672))",4005942201.0,0.2785150145980219,4005942201.0,3.64,3.0,349
"(np.float64(36.893778), np.float64(-111.3848578), np.float64(1322.7583962914))","(np.float64(36.8927143), np.float64(-111.378683), np.float64(1339.96716286806))",4005942201.0,0.6642868290437542,4005942201.0,3.64,3.0,208
"(np.float64(36.8927143), np.float64(-111.378683), np.float64(1339.96716286806))","(np.float64(36.8920753), np.float64(-111.3755439), np.float64(1344.27039086298))",4005942201.0,0.2887486555233679,4005942201.0,3.64,3.0,207
"(np.float64(36.8920753), np.float64(-111.3755439), np.float64(1344.27039086298))","(np.float64(36.8920753), np.float64(-111.3755439), np.float64(1344.27039086298))",4005942201.0,0.13155292995638507,4005942201.0,3.64,3.0,208
"(np.float64(36.8920753), np.float64(-111.3755439), np.float64(1344.27039086298))","(np.float64(36.891487804166665), np.float64(-111.37235386927082), np.float64(1356.7091704483569))",4005942201.0,0.29205729067661923,4005942201.0,3.64,3.0,207
"(np.float64(36.891487804166665), np.float64(-111.37235386927082), np.float64(1356.7091704483569))","(np.float64(36.8914521), np.float64(-111.37216), np.float64(1357.46511837896))",4005942201.0,0.017749424780596827,4005942201.0,3.64,3.0,208
"(np.float64(36.881231014167376), np.float64(-111.34972884397348), np.float64(1380.077055893517))","(np.float64(36.87999011198197), np.float64(-111.34730873025264), np.float64(1385.5247809023035))",4005942202.0,0.2561083041914281,4005942202.0,2.96,3.0,389
"(np.float64(36.87629622223484), np.float64(-111.34349782902476), np.float64(1389.0204872666068))","(np.float64(36.8715984), np.float64(-111.3419542), np.float64(1413.49982385166))",4005942201.0,0.673942754397532,4005942201.0,3.64,3.0,326
"(np.float64(36.85670837081328), np.float64(-111.33698011343104), np.float64(1467.1299829206027))","(np.float64(36.85664467043507), np.float64(-111.3369460604555), np.float64(1467.312228791184))",4005942202.0,0.07768611205849482,4005942202.0,2.96,3.0,207
"(np.float64(36.84175275561206), np.float64(-111.3266345227937), np.float64(1522.6173443566229))","(np.float64(36.8418697), np.float64(-111.3267744), np.float64(1522.40641640531))",4005942201.0,0.018007947780912425,4005942201.0,3.64,3.0,371
"(np.float64(36.8418697), np.float64(-111.3267744), np.float64(1522.40641640531))","(np.float64(36.84160432320847), np.float64(-111.32645698276544), np.float64(1522.885065992101))",4005942201.0,0.09491866148060224,4005942201.0,3.64,3.0,206
"(np.float64(36.84160432320847), np.float64(-111.32645698276544), np.float64(1522.885065992101))","(np.float64(36.84134368059162), np.float64(-111.32614522807818), np.float64(1523.355176735917))",4005942201.0,0.12186507171399194,4005942201.0,3.64,3.0,207
"(np.float64(36.8308299), np.float64(-111.3136212), np.float64(1569.58090847468))","(np.float64(36.82304484963819), np.float64(-111.30856267470816), np.float64(1549.2160142810828))",4005942201.0,1.2068656826998907,4005942201.0,3.64,3.0,206
"(np.float64(36.82304484963819), np.float64(-111.30856267470816), np.float64(1549.2160142810828))","(np.float64(36.8205383), np.float64(-111.3078827), np.float64(1557.01156203628))",4005942201.0,0.4353690552114118,4005942201.0,3.64,3.0,371
"(np.float64(36.8205383), np.float64(-111.3078827), np.float64(1557.01156203628))","(np.float64(36.8177325), np.float64(-111.3070761), np.float64(1564.49937028518))",4005942201.0,0.3197462007984716,4005942201.0,3.64,3.0,197
"(np.float64(36.8177325), np.float64(-111.3070761), np.float64(1564.49937028518))","(np.float64(36.8177325), np.float64(-111.3070761), np.float64(1564.49937028518))",4005942201.0,0.034794231085446395,4005942201.0,3.64,3.0,172
"(np.float64(36.8177325), np.float64(-111.3070761), np.float64(1564.49937028518))","(np.float64(36.8177325), np.float64(-111.3070761), np.float64(1564.49937028518))",4005942201.0,0.2550062754017759,4005942201.0,3.64,3.0,326
"(np.float64(36.8177325), np.float64(-111.3070761), np.float64(1564.49937028518))","(np.float64(36.8107455), np.float64(-111.3063349), np.float64(1605.06008487617))",4005942201.0,1.0817368609243445,4005942201.0,3.64,3.0,143
"(np.float64(36.8107455), np.float64(-111.3063349), np.float64(1605.06008487617))","(np.float64(36.81057516400085), np.float64(-111.30630407317042), np.float64(1605.467046744907))",4005942201.0,0.019111133666167533,4005942201.0,3.64,3.0,371
"(np.float64(36.8107455), np.float64(-111.3063349), np.float64(1605.06008487617))","(np.float64(36.8041778), np.float64(-111.3051463), np.float64(1620.75144476874))",4005942201.0,0.7368752696668208,4005942201.0,3.64,3.0,16
"(np.float64(36.80171279587967), np.float64(-111.3035020567007), np.float64(1624.1104080599118))","(np.float64(36.7971724), np.float64(-111.3005699), np.float64(1623.54067036797))",4005942202.0,0.6595298747303675,4005942202.0,2.96,3.0,398
"(np.float64(36.78135239444961), np.float64(-111.2903799311804), np.float64(1618.9832645483518))","(np.float64(36.77889315329126), np.float64(-111.28884650054589), np.float64(1629.8544582682684))",4005942201.0,0.5006630529410383,4005942201.0,3.64,3.0,371
"(np.float64(36.77889315329126), np.float64(-111.28884650054589), np.float64(1629.8544582682684))","(np.float64(36.7748025), np.float64(-111.2862143), np.float64(1640.16015001197))",4005942201.0,0.6386024142699412,4005942201.0,3.64,3.0,197
"(np.float64(36.7748025), np.float64(-111.2862143), np.float64(1640.16015001197))","(np.float64(36.77449623370607), np.float64(-111.2861264414568), np.float64(1640.8870581459462))",4005942201.0,0.03489728652085113,4005942201.0,3.64,3.0,172
"(np.float64(36.77449623370607), np.float64(-111.2861264414568), np.float64(1640.8870581459462))","(np.float64(36.769634108168894), np.float64(-111.28539598510852), np.float64(1647.166680352228))",4005942201.0,0.6158638475648248,4005942201.0,3.64,3.0,197
"(np.float64(36.76654678807477), np.float64(-111.28522926797989), np.float64(1648.6720373554344))","(np.float64(36.7287482), np.float64(-111.2816202), np.float64(1696.0135289872))",4005942202.0,5.8285729677020655,4005942202.0,2.96,3.0,197
"(np.float64(36.72558634011413), np.float64(-111.27983897678315), np.float64(1698.967745748979))","(np.float64(36.72509678650066), np.float64(-111.27954934697608), np.float64(1697.9472597509557))",4005942201.0,0.12044101867315897,4005942201.0,3.64,3.0,197
"(np.float64(33.036802139611005), np.float64(-97.42326003657494), np.float64(222.6511049016078))","(np.float64(33.0367676), np.float64(-97.4211692), np.float64(223.07660362589))",48497150606.0,0.2339545151064774,48497150606.0,164.1,1.0,83
"(np.float64(33.0367676), np.float64(-97.4211692), np.float64(223.07660362589))","(np.float64(33.036680902637364), np.float64(-97.40952497208792), np.float64(207.6941202922697))",48497150606.0,1.3511222796132796,48497150606.0,164.1,1.0,38
"(np.float64(33.036680902637364), np.float64(-97.40952497208792), np.float64(207.6941202922697))","(np.float64(33.03663236334129), np.float64(-97.39970562572792), np.float64(196.002091762824))",48497150606.0,1.2991329285621953,48497150606.0,164.1,1.0,83
"(np.float64(33.03663236334129), np.float64(-97.39970562572792), np.float64(196.002091762824))","(np.float64(33.036606706434696), np.float64(-97.3981416693041), np.float64(196.6180386885591))",48497150606.0,0.2862935845086975,48497150606.0,164.1,1.0,38
"(np.float64(33.035264471016546), np.float64(-97.3414136062884), np.float64(184.38580352751424))","(np.float64(33.0352582), np.float64(-97.3398399), np.float64(184.593359751308))",48121020320.0,0.1470154233586727,48121020320.0,593.5,1.0,198
"(np.float64(33.0352582), np.float64(-97.3398399), np.float64(184.593359751308))","(np.float64(33.0352766), np.float64(-97.3370235), np.float64(176.864020936605))",48121020320.0,0.2730901160892961,48121020320.0,593.5,1.0,225
"(np.float64(33.0352766), np.float64(-97.3370235), np.float64(176.864020936605))","(np.float64(33.0352337), np.float64(-97.3366057), np.float64(174.913770911875))",48121020320.0,0.05503557409146432,48121020320.0,593.5,1.0,402
"(np.float64(33.0352337), np.float64(-97.3366057), np.float64(174.913770911875))","(np.float64(33.0352337), np.float64(-97.3366057), np.float64(174.913770911875))",48121020320.0,0.0,48121020320.0,593.5,1.0,482
"(np.float64(33.0352337), np.float64(-97.3366057), np.float64(174.913770911875))","(np.float64(33.0352206), np.float64(-97.3365067), np.float64(174.913770911875))",48121020320.0,0.009361870079386386,48121020320.0,593.5,1.0,234
"(np.float64(33.0352206), np.float64(-97.3365067), np.float64(174.913770911875))","(np.float64(33.0352261), np.float64(-97.3359323), np.float64(176.680361753571))",48121020320.0,0.05426029054155648,48121020320.0,593.5,1.0,402
"(np.float64(33.0352261), np.float64(-97.3359323), np.float64(176.680361753571))","(np.float64(33.0352251), np.float64(-97.3358661), np.float64(176.680361753571))",48121020320.0,0.0061853088096233255,48121020320.0,593.5,1.0,503
"(np.float64(33.0352251), np.float64(-97.3358661), np.float64(176.680361753571))","(np.float64(33.0351674), np.float64(-97.3348462), np.float64(176.105862079954))",48121020320.0,0.12513322232101878,48121020320.0,593.5,1.0,225
"(np.float64(33.0351674), np.float64(-97.3348462), np.float64(176.105862079954))","(np.float64(33.0351277), np.float64(-97.3296232), np.float64(176.429010478516))",48121020320.0,0.6429435178788617,48121020320.0,593.5,1.0,402
"(np.float64(33.0351277), np.float64(-97.3296232), np.float64(176.429010478516))","(np.float64(33.0328934), np.float64(-97.3193546), np.float64(165.784060748637))",48121020320.0,1.2677627632469561,48121020320.0,593.5,1.0,482
"(np.float64(33.0328934), np.float64(-97.3193546), np.float64(165.784060748637))","(np.float64(33.0298037), np.float64(-97.3121207), np.float64(161.675680268402))",48121020320.0,0.7587727150945126,48121020320.0,593.5,1.0,237
"(np.float64(33.0298037), np.float64(-97.3121207), np.float64(161.675680268402))","(np.float64(33.0265258), np.float64(-97.30106), np.float64(163.347494804638))",48121020320.0,1.305177793730031,48121020320.0,593.5,1.0,39
"(np.float64(33.0265258), np.float64(-97.30106), np.float64(163.347494804638))","(np.float64(33.0264424), np.float64(-97.2981479), np.float64(163.650650074025))",48121020320.0,0.27222809463141356,48121020320.0,593.5,1.0,235
"(np.float64(33.0264424), np.float64(-97.2981479), np.float64(163.650650074025))","(np.float64(33.0264424), np.float64(-97.2981479), np.float64(163.650650074025))",48121020320.0,0.0743075090044241,48121020320.0,593.5,1.0,47
"(np.float64(33.0264424), np.float64(-97.2981479), np.float64(163.650650074025))","(np.float64(33.02624386259542), np.float64(-97.2922023763359), np.float64(161.82373680330733))",48121020320.0,0.818078690996908,48121020320.0,593.5,1.0,143
"(np.float64(33.02624386259542), np.float64(-97.2922023763359), np.float64(161.82373680330733))","(np.float64(33.020394), np.float64(-97.2870767), np.float64(153.539071627964))",48121020320.0,1.4818302780538692,48121020320.0,593.5,1.0,47
"(np.float64(33.020394), np.float64(-97.2870767), np.float64(153.539071627964))","(np.float64(33.020394), np.float64(-97.2870767), np.float64(153.539071627964))",48121020320.0,0.0,48121020320.0,593.5,1.0,143
"(np.float64(33.020394), np.float64(-97.2870767), np.float64(153.539071627964))","(np.float64(33.020553), np.float64(-97.2854897), np.float64(154.218981774437))",48121020320.0,0.14932601677274457,48121020320.0,593.5,1.0,47
"(np.float64(33.0206002), np.float64(-97.284228), np.float64(150.469491899291))","(np.float64(33.02105839905213), np.float64(-97.28405292890994), np.float64(150.69393100346068))",48121020320.0,0.05338591387550362,48121020320.0,593.5,1.0,64
"(np.float64(33.0217252), np.float64(-97.2834784), np.float64(160.215092126896))","(np.float64(33.0217267), np.float64(-97.283476), np.float64(159.801845890262))",48121020320.0,0.0044437290678172705,48121020320.0,593.5,1.0,76
"(np.float64(33.0217267), np.float64(-97.283476), np.float64(159.801845890262))","(np.float64(33.0217262), np.float64(-97.28347595283738), np.float64(160.14683962254838))",48121020320.0,0.0006570289099584042,48121020320.0,593.5,1.0,190
"(np.float64(33.0217262), np.float64(-97.28347595283738), np.float64(160.14683962254838))","(np.float64(33.0217261), np.float64(-97.2834759), np.float64(160.484957391007))",48121020320.0,0.0007687334071273365,48121020320.0,593.5,1.0,3
"(np.float64(33.0217261), np.float64(-97.2834759), np.float64(160.484957391007))","(np.float64(33.0217261), np.float64(-97.2834759), np.float64(160.484957391007))",48121020320.0,0.0,48121020320.0,593.5,1.0,190
"(np.float64(33.0217261), np.float64(-97.2834759), np.float64(160.484957391007))","(np.float64(33.0217057), np.float64(-97.2839285), np.float64(159.864213123207))",48121020320.0,0.047979379525481404,48121020320.0,593.5,1.0,3
"(np.float64(33.0217057), np.float64(-97.2839285), np.float64(159.864213123207))","(np.float64(33.0219444), np.float64(-97.2839436), np.float64(159.864213123207))",48121020320.0,0.04388772171344669,48121020320.0,593.5,1.0,64
"(np.float64(33.0219444), np.float64(-97.2839436), np.float64(159.864213123207))","(np.float64(33.0237009), np.float64(-97.2830814), np.float64(162.398456293251))",48121020320.0,0.36451090339924536,48121020320.0,593.5,1.0,233
"(np.float64(33.0239124), np.float64(-97.2782), np.float64(161.08264248069))","(np.float64(33.0247342), np.float64(-97.2787644), np.float64(163.703427100009))",48121020320.0,0.5034266469425619,48121020320.0,593.5,1.0,256
"(np.float64(33.0247342), np.float64(-97.2787644), np.float64(163.703427100009))","(np.float64(33.0247342), np.float64(-97.2787644), np.float64(163.703427100009))",48121020320.0,0.0,48121020320.0,593.5,1.0,64
"(np.float64(33.0247342), np.float64(-97.2787644), np.float64(163.703427100009))","(np.float64(33.0260415), np.float64(-97.2787382), np.float64(163.212536769289))",48121020320.0,0.1739993988370399,48121020320.0,593.5,1.0,233
"(np.float64(33.0260415), np.float64(-97.2787382), np.float64(163.212536769289))","(np.float64(33.0259839), np.float64(-97.2787796), np.float64(163.013480465828))",48121020320.0,0.009706505342810945,48121020320.0,593.5,1.0,3
"(np.float64(33.0259839), np.float64(-97.2787796), np.float64(163.013480465828))","(np.float64(33.0259839), np.float64(-97.2787796), np.float64(163.013480465828))",48121020320.0,0.0,48121020320.0,593.5,1.0,495
"(np.float64(33.0259839), np.float64(-97.2787796), np.float64(163.013480465828))","(np.float64(33.0259842), np.float64(-97.2787803), np.float64(163.013480465828))",48121020320.0,7.337692852055886e-05,48121020320.0,593.5,1.0,498
"(np.float64(33.0259842), np.float64(-97.2787803), np.float64(163.013480465828))","(np.float64(33.0259833), np.float64(-97.2785899), np.float64(166.275257721796))",48121020320.0,0.018485569906578906,48121020320.0,593.5,1.0,233
"(np.float64(33.0259833), np.float64(-97.2785899), np.float64(166.275257721796))","(np.float64(33.02641247291942), np.float64(-97.2752154409181), np.float64(161.72709784074064))",48121020320.0,0.33955047635319363,48121020320.0,593.5,1.0,58
"(np.float64(33.0264652), np.float64(-97.2711439), np.float64(162.612454928638))","(np.float64(33.0264927), np.float64(-97.2686947), np.float64(161.057276698966))",48121020312.0,0.22884862977457665,48121020312.0,1169.72,1.0,399
"(np.float64(32.9235116), np.float64(-96.9947023), np.float64(123.930171132646))","(np.float64(32.92253063250933), np.float64(-96.99065426016072), np.float64(125.14160197116648))",48113014124.0,0.3939682917289306,48113014124.0,972.79,4.0,144
"(np.float64(32.92253063250933), np.float64(-96.99065426016072), np.float64(125.14160197116648))","(np.float64(32.9225747), np.float64(-96.9908578), np.float64(125.116130463017))",48113014124.0,0.1341151756621017,48113014124.0,972.79,4.0,350
"(np.float64(32.9225747), np.float64(-96.9908578), np.float64(125.116130463017))","(np.float64(32.920867), np.float64(-96.9832741), np.float64(129.011053228239))",48113014124.0,0.9427512352075492,48113014124.0,972.79,4.0,489
"(np.float64(32.920867), np.float64(-96.9832741), np.float64(129.011053228239))","(np.float64(32.9191373), np.float64(-96.9756121), np.float64(129.419928364829))",48113014124.0,0.7420423098228132,48113014124.0,972.79,4.0,388
"(np.float64(32.9191373), np.float64(-96.9756121), np.float64(129.419928364829))","(np.float64(32.9191373), np.float64(-96.9756121), np.float64(129.419928364829))",48113014124.0,0.0,48113014124.0,972.79,4.0,166
"(np.float64(32.9191373), np.float64(-96.9756121), np.float64(129.419928364829))","(np.float64(32.9174403), np.float64(-96.9682325), np.float64(118.130963376058))",48113014124.0,1.158698034333166,48113014124.0,972.79,4.0,488
"(np.float64(32.9174403), np.float64(-96.9682325), np.float64(118.130963376058))","(np.float64(32.9135535), np.float64(-96.9512085), np.float64(118.912468479339))",48113014124.0,2.269401313536954,48113014124.0,972.79,4.0,179
"(np.float64(32.9135535), np.float64(-96.9512085), np.float64(118.912468479339))","(np.float64(32.913510531127685), np.float64(-96.95103173759324), np.float64(118.517227390057))",48113014124.0,0.04725310835664617,48113014124.0,972.79,4.0,500
"(np.float64(32.913510531127685), np.float64(-96.95103173759324), np.float64(118.517227390057))","(np.float64(32.9124359), np.float64(-96.9463582), np.float64(109.263120399695))",48113014124.0,0.5775098561228075,48113014124.0,972.79,4.0,80
"(np.float64(32.91036415807985), np.float64(-96.93715485114068), np.float64(102.37470529470232))","(np.float64(32.9096403), np.float64(-96.9341137), np.float64(101.907553512578))",48113014138.0,0.42613858849081493,48113014138.0,3988.16,4.0,261
"(np.float64(32.9086627717742), np.float64(-96.92983925740036), np.float64(102.5646684347858))","(np.float64(32.907326), np.float64(-96.921686), np.float64(101.788654286279))",48113009900.0,0.8208960150872535,48113009900.0,703.59,4.0,150
"(np.float64(32.907326), np.float64(-96.921686), np.float64(101.788654286279))","(np.float64(32.9074552), np.float64(-96.910953), np.float64(107.880504349928))",48113009900.0,1.3635023731094762,48113009900.0,703.59,4.0,72
"(np.float64(32.9074552), np.float64(-96.910953), np.float64(107.880504349928))","(np.float64(32.9076872), np.float64(-96.8991975), np.float64(108.774658203125))",48113009900.0,1.239427064741921,48113009900.0,703.59,4.0,491
"(np.float64(32.9076872), np.float64(-96.8991975), np.float64(108.774658203125))","(np.float64(32.9076872), np.float64(-96.8991975), np.float64(108.774658203125))",48113009900.0,0.0,48113009900.0,703.59,4.0,176
"(np.float64(32.9076872), np.float64(-96.8991975), np.float64(108.774658203125))","(np.float64(32.9077123), np.float64(-96.8987759), np.float64(108.422839893202))",48113009900.0,0.05231803268674269,48113009900.0,703.59,4.0,410
"(np.float64(32.9077123), np.float64(-96.8987759), np.float64(108.422839893202))","(np.float64(32.9077123), np.float64(-96.8987759), np.float64(108.422839893202))",48113009900.0,0.0,48113009900.0,703.59,4.0,11
"(np.float64(32.9077123), np.float64(-96.8987759), np.float64(108.422839893202))","(np.float64(32.9076973), np.float64(-96.8983091), np.float64(109.826110839844))",48113009900.0,0.04372426859346906,48113009900.0,703.59,4.0,222
"(np.float64(32.9076973), np.float64(-96.8983091), np.float64(109.826110839844))","(np.float64(32.9077039692891), np.float64(-96.89820297845972), np.float64(110.156657624941))",48113009900.0,0.00996088449404835,48113009900.0,703.59,4.0,422
"(np.float64(32.9077039692891), np.float64(-96.89820297845972), np.float64(110.156657624941))","(np.float64(32.9077257), np.float64(-96.8978572), np.float64(111.233686453476))",48113009900.0,0.05237756563269508,48113009900.0,703.59,4.0,338
"(np.float64(32.9077257), np.float64(-96.8978572), np.float64(111.233686453476))","(np.float64(32.9077257), np.float64(-96.8978572), np.float64(111.233686453476))",48113009900.0,0.0,48113009900.0,703.59,4.0,222
"(np.float64(32.9077257), np.float64(-96.8978572), np.float64(111.233686453476))","(np.float64(32.907733481381385), np.float64(-96.89776993033034), np.float64(111.233686453476))",48113009900.0,0.008209735981006218,48113009900.0,703.59,4.0,4
"(np.float64(32.907733481381385), np.float64(-96.89776993033034), np.float64(111.233686453476))","(np.float64(32.9077336), np.float64(-96.8977686), np.float64(111.233686453476))",48113009900.0,0.00012514840975312808,48113009900.0,703.59,4.0,413
"(np.float64(32.9077336), np.float64(-96.8977686), np.float64(111.233686453476))","(np.float64(32.9077444), np.float64(-96.8972757), np.float64(111.42135597613))",48113009900.0,0.046127710774878934,48113009900.0,703.59,4.0,422
"(np.float64(32.9077444), np.float64(-96.8972757), np.float64(111.42135597613))","(np.float64(32.90774793552239), np.float64(-96.89715342985076), np.float64(111.42135597613))",48113009900.0,0.01716657282124449,48113009900.0,703.59,4.0,369
"(np.float64(32.90774793552239), np.float64(-96.89715342985076), np.float64(111.42135597613))","(np.float64(32.908349408418545), np.float64(-96.8935169337462), np.float64(109.18921935363))",48113009900.0,0.40573862803433863,48113009900.0,703.59,4.0,410
"(np.float64(32.908349408418545), np.float64(-96.8935169337462), np.float64(109.18921935363))","(np.float64(32.90838886511892), np.float64(-96.8933093563971), np.float64(109.93121923289806))",48113009900.0,0.051718299420986796,48113009900.0,703.59,4.0,222
"(np.float64(32.90838886511892), np.float64(-96.8933093563971), np.float64(109.93121923289806))","(np.float64(32.908542404469806), np.float64(-96.89250160280552), np.float64(112.81859143422636))",48113009900.0,0.12867198552681747,48113009900.0,703.59,4.0,11
"(np.float64(32.9089029), np.float64(-96.8904428), np.float64(109.660660663775))","(np.float64(32.9095048), np.float64(-96.8878466), np.float64(107.687758330319))",48113009605.0,0.25188980641638037,48113009605.0,6174.62,4.0,156
"(np.float64(32.9095048), np.float64(-96.8878466), np.float64(107.687758330319))","(np.float64(32.909874), np.float64(-96.8859114), np.float64(107.740111501855))",48113009605.0,0.2288533590301296,48113009605.0,6174.62,4.0,220
"(np.float64(32.909874), np.float64(-96.8859114), np.float64(107.740111501855))","(np.float64(32.910636876136365), np.float64(-96.88239378674244), np.float64(117.06220202181972))",48113009605.0,0.47297070369747307,48113009605.0,6174.62,4.0,161
"(np.float64(32.910636876136365), np.float64(-96.88239378674244), np.float64(117.06220202181972))","(np.float64(32.9108505), np.float64(-96.8815477), np.float64(118.758893033612))",48113009605.0,0.10219376873742418,48113009605.0,6174.62,4.0,426
"(np.float64(32.9108505), np.float64(-96.8815477), np.float64(118.758893033612))","(np.float64(32.9128796), np.float64(-96.8726536), np.float64(119.159911451813))",48113009605.0,1.2063530422935531,48113009605.0,6174.62,4.0,227
"(np.float64(32.9128796), np.float64(-96.8726536), np.float64(119.159911451813))","(np.float64(32.9144258), np.float64(-96.8669585), np.float64(116.18075641894))",48113009605.0,0.6764184442949553,48113009605.0,6174.62,4.0,67
"(np.float64(32.9144258), np.float64(-96.8669585), np.float64(116.18075641894))","(np.float64(32.915278312582785), np.float64(-96.86402020397352), np.float64(117.43483856596252))",48113009605.0,0.4079333599420071,48113009605.0,6174.62,4.0,152
"(np.float64(32.923867068315886), np.float64(-96.77719471465272), np.float64(128.78876221273433))","(np.float64(32.9238585), np.float64(-96.7750771), np.float64(130.209646877831))",48113013202.0,0.21747073119841204,48113013202.0,4409.22,4.0,200
"(np.float64(32.9238585), np.float64(-96.7750771), np.float64(130.209646877831))","(np.float64(32.9238464), np.float64(-96.7738478), np.float64(134.29296688698))",48113013202.0,0.11506330863081515,48113013202.0,4409.22,4.0,437
"(np.float64(32.9238464), np.float64(-96.7738478), np.float64(134.29296688698))","(np.float64(32.9238423435653), np.float64(-96.77087065776932), np.float64(144.4181392126544))",48113013202.0,0.3690213373309088,48113013202.0,4409.22,4.0,302
"(np.float64(32.9238423435653), np.float64(-96.77087065776932), np.float64(144.4181392126544))","(np.float64(32.92366532440847), np.float64(-96.7684987692634), np.float64(152.9419040802566))",48113013202.0,0.2643661753056876,48113013202.0,4409.22,4.0,277
"(np.float64(32.92366532440847), np.float64(-96.7684987692634), np.float64(152.9419040802566))","(np.float64(32.9231629), np.float64(-96.7662414), np.float64(151.739639763013))",48113013202.0,0.421212794766147,48113013202.0,4409.22,4.0,405
"(np.float64(32.9231629), np.float64(-96.7662414), np.float64(151.739639763013))","(np.float64(32.9209082), np.float64(-96.7658064), np.float64(144.185946658311))",48113013202.0,0.2534603104801387,48113013202.0,4409.22,4.0,61
"(np.float64(32.9209082), np.float64(-96.7658064), np.float64(144.185946658311))","(np.float64(32.920376300222884), np.float64(-96.76595373969168), np.float64(141.71098228448642))",48113013202.0,0.14141550068981049,48113013202.0,4409.22,4.0,72
"(np.float64(32.917824172149814), np.float64(-96.76668382303596), np.float64(130.74885959723795))","(np.float64(32.9180126), np.float64(-96.7666085), np.float64(130.712530896257))",48113007829.0,0.07357683368496065,48113007829.0,4129.89,4.0,88
"(np.float64(32.9151923), np.float64(-96.7677359), np.float64(131.256281914351))","(np.float64(32.9126462), np.float64(-96.7686031), np.float64(135.593751222686))",48113013202.0,0.29382967086750533,48113013202.0,4409.22,4.0,417
"(np.float64(32.9126462), np.float64(-96.7686031), np.float64(135.593751222686))","(np.float64(32.9099995), np.float64(-96.7690882), np.float64(132.615024846496))",48113013202.0,0.3671676510224248,48113013202.0,4409.22,4.0,382
"(np.float64(32.90774159000474), np.float64(-96.76910729957366), np.float64(129.9555011861747))","(np.float64(32.9076115), np.float64(-96.7691084), np.float64(129.802272117569))",48113013101.0,0.041138659886018315,48113013101.0,2854.92,4.0,370
"(np.float64(32.87996051339411), np.float64(-96.77033118027416), np.float64(140.55038267289092))","(np.float64(32.8778825753897), np.float64(-96.77035073849788), np.float64(141.35066871705322))",48113007801.0,0.29598391717676875,48113007801.0,2668.81,4.0,16
"(np.float64(32.8778825753897), np.float64(-96.77035073849788), np.float64(141.35066871705322))","(np.float64(32.8777273), np.float64(-96.7703522), np.float64(141.410470658746))",48113007801.0,0.01722142566216749,48113007801.0,2668.81,4.0,484
"(np.float64(32.8777273), np.float64(-96.7703522), np.float64(141.410470658746))","(np.float64(32.8754878), np.float64(-96.7704026), np.float64(146.389819878507))",48113007801.0,0.36539037025265153,48113007801.0,2668.81,4.0,11
"(np.float64(32.8754878), np.float64(-96.7704026), np.float64(146.389819878507))","(np.float64(32.875386718033866), np.float64(-96.7704020946783), np.float64(146.27953970904866))",48113007801.0,0.011211117101087149,48113007801.0,2668.81,4.0,58
"(np.float64(32.875386718033866), np.float64(-96.7704020946783), np.float64(146.27953970904866))","(np.float64(32.8754878), np.float64(-96.7704026), np.float64(146.389819878507))",48113007801.0,0.011211117101087149,48113007801.0,2668.81,4.0,309
"(np.float64(32.8754878), np.float64(-96.7704026), np.float64(146.389819878507))","(np.float64(32.87304512198953), np.float64(-96.77042978913612), np.float64(142.87978962671008))",48113007801.0,0.31575161212838865,48113007801.0,2668.81,4.0,218
"(np.float64(32.87304512198953), np.float64(-96.77042978913612), np.float64(142.87978962671008))","(np.float64(32.87158135602094), np.float64(-96.77050230922777), np.float64(139.5704364098827))",48113007801.0,0.16251397251333227,48113007801.0,2668.81,4.0,257
"(np.float64(32.87158135602094), np.float64(-96.77050230922777), np.float64(139.5704364098827))","(np.float64(32.87124520105183), np.float64(-96.77051120763274), np.float64(139.42888448880524))",48113007801.0,0.037292745419888605,48113007801.0,2668.81,4.0,184
"(np.float64(32.87124520105183), np.float64(-96.77051120763274), np.float64(139.42888448880524))","(np.float64(32.8663359), np.float64(-96.7706781), np.float64(140.241434062216))",48113007801.0,0.7215223927765845,48113007801.0,2668.81,4.0,236
"(np.float64(32.8663359), np.float64(-96.7706781), np.float64(140.241434062216))","(np.float64(32.8663359), np.float64(-96.7706781), np.float64(140.241434062216))",48113007801.0,0.0,48113007801.0,2668.81,4.0,73
"(np.float64(32.860893082115446), np.float64(-96.77007235688154), np.float64(148.53309284652744))","(np.float64(32.8608369), np.float64(-96.7700905), np.float64(148.50075929851))",48113007912.0,0.006458216740977301,48113007912.0,11743.03,4.0,257
"(np.float64(32.8608369), np.float64(-96.7700905), np.float64(148.50075929851))","(np.float64(32.86128590881099), np.float64(-96.76994549976314), np.float64(148.75916978794953))",48113007912.0,0.05161421729240287,48113007912.0,11743.03,4.0,73
"(np.float64(32.86128590881099), np.float64(-96.76994549976314), np.float64(148.75916978794953))","(np.float64(32.8617953), np.float64(-96.769781), np.float64(149.052331131884))",48113007912.0,0.05855524460706336,48113007912.0,11743.03,4.0,257
"(np.float64(32.8617953), np.float64(-96.769781), np.float64(149.052331131884))","(np.float64(32.8633259), np.float64(-96.7690184), np.float64(148.343740479938))",48113007912.0,0.328816188172883,48113007912.0,11743.03,4.0,73
"(np.float64(32.8633259), np.float64(-96.7690184), np.float64(148.343740479938))","(np.float64(32.86296581793171), np.float64(-96.76867362618243), np.float64(211.18199744387687))",48113007912.0,0.13008037423338192,48113007912.0,11743.03,4.0,493
"(np.float64(32.86296581793171), np.float64(-96.76867362618243), np.float64(211.18199744387687))","(np.float64(32.863023), np.float64(-96.7687008), np.float64(211.188110351562))",48113007912.0,0.019783363228980704,48113007912.0,11743.03,4.0,6
"(np.float64(32.863023), np.float64(-96.7687008), np.float64(211.188110351562))","(np.float64(32.8631898), np.float64(-96.7689845), np.float64(209.191467285156))",48113007912.0,0.16200107052384938,48113007912.0,11743.03,4.0,493
"(np.float64(32.8631898), np.float64(-96.7689845), np.float64(209.191467285156))","(np.float64(32.8632013), np.float64(-96.7689929), np.float64(209.191467285156))",48113007912.0,0.0014982858950626237,48113007912.0,11743.03,4.0,81
"(np.float64(32.8632013), np.float64(-96.7689929), np.float64(209.191467285156))","(np.float64(32.86270160333395), np.float64(-96.7698160091243), np.float64(187.0907820571628))",48113007912.0,0.2527269723472511,48113007912.0,11743.03,4.0,493
"(np.float64(32.86270160333395), np.float64(-96.7698160091243), np.float64(187.0907820571628))","(np.float64(32.86539522061222), np.float64(-96.76993608346476), np.float64(175.9960507882104))",48113007912.0,0.5280486357647212,48113007912.0,11743.03,4.0,81
"(np.float64(32.8531503), np.float64(-96.6448671), np.float64(138.447428546784))","(np.float64(32.8479887), np.float64(-96.638917), np.float64(135.385112367092))",48113018127.0,1.013116738108891,48113018127.0,5767.72,4.0,24
"(np.float64(32.8239804), np.float64(-96.6294007), np.float64(148.945016126172))","(np.float64(32.8239804), np.float64(-96.6294007), np.float64(148.945016126172))",48113018130.0,0.0,48113018130.0,3302.35,4.0,461
"(np.float64(32.8239804), np.float64(-96.6294007), np.float64(148.945016126172))","(np.float64(32.8241998811608), np.float64(-96.62811327107516), np.float64(144.74694928718495))",48113018130.0,0.12305978561237588,48113018130.0,3302.35,4.0,96
"(np.float64(32.8314697), np.float64(-96.6154814), np.float64(121.866380273547))","(np.float64(32.83509871710165), np.float64(-96.6078425264988), np.float64(120.00568300508549))",48113017808.0,1.0545110410323328,48113017808.0,4140.82,4.0,437
"(np.float64(32.83509871710165), np.float64(-96.6078425264988), np.float64(120.00568300508549))","(np.float64(32.8360547), np.float64(-96.6054923), np.float64(114.849506708926))",48113017808.0,0.39520312063743623,48113017808.0,4140.82,4.0,310
"(np.float64(32.8360547), np.float64(-96.6054923), np.float64(114.849506708926))","(np.float64(32.839768525774176), np.float64(-96.596293003192), np.float64(117.96016918570572))",48113017808.0,1.1614453177336037,48113017808.0,4140.82,4.0,222
"(np.float64(32.8405432), np.float64(-96.5943501), np.float64(121.335348779232))","(np.float64(32.8405432), np.float64(-96.5943501), np.float64(121.335348779232))",48113018132.0,0.0,48113018132.0,3869.35,4.0,474
"(np.float64(32.8405432), np.float64(-96.5943501), np.float64(121.335348779232))","(np.float64(32.8405432), np.float64(-96.5943501), np.float64(121.335348779232))",48113018132.0,0.0,48113018132.0,3869.35,4.0,402
"(np.float64(32.8405432), np.float64(-96.5943501), np.float64(121.335348779232))","(np.float64(32.8420122), np.float64(-96.5907378), np.float64(119.330871490059))",48113018132.0,0.4740806162735577,48113018132.0,3869.35,4.0,222
"(np.float64(32.8420122), np.float64(-96.5907378), np.float64(119.330871490059))","(np.float64(32.8434049), np.float64(-96.5872664), np.float64(110.0612099102))",48113018132.0,0.3599491161776903,48113018132.0,3869.35,4.0,65
"(np.float64(32.8434049), np.float64(-96.5872664), np.float64(110.0612099102))","(np.float64(32.8434049), np.float64(-96.5872664), np.float64(110.0612099102))",48113018132.0,0.0,48113018132.0,3869.35,4.0,356
"(np.float64(32.8434049), np.float64(-96.5872664), np.float64(110.0612099102))","(np.float64(32.84544619995263), np.float64(-96.58223360099478), np.float64(117.19680394601455))",48113018132.0,0.5228264984308034,48113018132.0,3869.35,4.0,20
"(np.float64(32.84544619995263), np.float64(-96.58223360099478), np.float64(117.19680394601455))","(np.float64(32.846118408574135), np.float64(-96.58054201994317), np.float64(117.3479338771217))",48113018132.0,0.17503146613435228,48113018132.0,3869.35,4.0,310
"(np.float64(32.846118408574135), np.float64(-96.58054201994317), np.float64(117.3479338771217))","(np.float64(32.84629019436835), np.float64(-96.5801032622098), np.float64(117.55070899290226))",48113018132.0,0.045279641393688036,48113018132.0,3869.35,4.0,65
"(np.float64(32.84629019436835), np.float64(-96.5801032622098), np.float64(117.55070899290226))","(np.float64(32.8490577), np.float64(-96.573136), np.float64(120.500750631311))",48113018132.0,0.8600042746829182,48113018132.0,3869.35,4.0,156
"(np.float64(32.8560776), np.float64(-96.5557589), np.float64(112.908793647669))","(np.float64(32.8560776), np.float64(-96.5557589), np.float64(112.908793647669))",48113018141.0,0.0,48113018141.0,4456.43,4.0,394
"(np.float64(32.8560776), np.float64(-96.5557589), np.float64(112.908793647669))","(np.float64(32.86442271346978), np.float64(-96.54448685440266), np.float64(110.99253092871098))",48113018141.0,1.9166061848274878,48113018141.0,4456.43,4.0,329
"(np.float64(32.86442271346978), np.float64(-96.54448685440266), np.float64(110.99253092871098))","(np.float64(32.8691364), np.float64(-96.5346709), np.float64(106.371954330989))",48113018141.0,1.1590134252085071,48113018141.0,4456.43,4.0,453
"(np.float64(32.8691364), np.float64(-96.5346709), np.float64(106.371954330989))","(np.float64(32.87070080288326), np.float64(-96.5311663710502), np.float64(103.96941556511597))",48113018141.0,0.46791644652741354,48113018141.0,4456.43,4.0,68
"(np.float64(32.87070080288326), np.float64(-96.5311663710502), np.float64(103.96941556511597))","(np.float64(32.8722155), np.float64(-96.5276719), np.float64(105.846221186976))",48113018141.0,0.5066702513397721,48113018141.0,4456.43,4.0,179
"(np.float64(32.8767544), np.float64(-96.5174842), np.float64(102.710724804383))","(np.float64(32.87831764582339), np.float64(-96.5143642954654), np.float64(104.79689369259304))",48397040510.0,0.3880343705452601,48397040510.0,2786.2,1.0,211
"(np.float64(32.87831764582339), np.float64(-96.5143642954654), np.float64(104.79689369259304))","(np.float64(32.888111), np.float64(-96.4933667), np.float64(102.220288396635))",48397040510.0,3.7675909282863893,48397040510.0,2786.2,1.0,197
"(np.float64(32.888111), np.float64(-96.4933667), np.float64(102.220288396635))","(np.float64(32.89396956911217), np.float64(-96.48014762212378), np.float64(108.79740793973876))",48397040510.0,1.9580157747949372,48397040510.0,2786.2,1.0,149
"(np.float64(32.89396956911217), np.float64(-96.48014762212378), np.float64(108.79740793973876))","(np.float64(32.8938862), np.float64(-96.4803943), np.float64(107.961866985348))",48397040510.0,0.024877882765493863,48397040510.0,2786.2,1.0,380
"(np.float64(32.8938862), np.float64(-96.4803943), np.float64(107.961866985348))","(np.float64(32.89522164775977), np.float64(-96.47644289151572), np.float64(121.3459761191486))",48397040510.0,0.398504240878384,48397040510.0,2786.2,1.0,32
"(np.float64(32.8978266360687), np.float64(-96.4672102558206), np.float64(136.3830475989712))","(np.float64(32.899421), np.float64(-96.4616163), np.float64(131.365775553337))",48397040503.0,0.5525303869195444,48397040503.0,1731.62,1.0,186
"(np.float64(32.899421), np.float64(-96.4616163), np.float64(131.365775553337))","(np.float64(32.9010777), np.float64(-96.4576021), np.float64(139.565019985717))",48397040503.0,0.4181849884574643,48397040503.0,1731.62,1.0,43
"(np.float64(32.9010777), np.float64(-96.4576021), np.float64(139.565019985717))","(np.float64(32.9033531914611), np.float64(-96.45492773605314), np.float64(133.5282596930562))",48397040503.0,0.3554267473652217,48397040503.0,1731.62,1.0,42
"(np.float64(32.9033531914611), np.float64(-96.45492773605314), np.float64(133.5282596930562))","(np.float64(32.90774275532923), np.float64(-96.45125006333492), np.float64(136.48305156418934))",48397040503.0,0.9694845721741132,48397040503.0,1731.62,1.0,480
"(np.float64(32.9131887), np.float64(-96.4446773), np.float64(131.573239254934))","(np.float64(32.91553638969121), np.float64(-96.4347318152019), np.float64(142.83312599378667))",48397040305.0,1.2262424100183522,48397040305.0,871.62,1.0,369
"(np.float64(32.91553638969121), np.float64(-96.4347318152019), np.float64(142.83312599378667))","(np.float64(32.9155803), np.float64(-96.4345528), np.float64(143.387332245048))",48397040305.0,0.017448384890444514,48397040305.0,871.62,1.0,202
"(np.float64(32.9155803), np.float64(-96.4345528), np.float64(143.387332245048))","(np.float64(32.91654626881612), np.float64(-96.43035639978106), np.float64(146.2830220982693))",48397040305.0,0.4069196678703552,48397040305.0,871.62,1.0,336
"(np.float64(32.9174032), np.float64(-96.4268164), np.float64(140.808583148199))","(np.float64(32.91843037612715), np.float64(-96.42299609711144), np.float64(142.39257664642304))",48397040305.0,0.37510793518636787,48397040305.0,871.62,1.0,87
"(np.float64(32.9221872), np.float64(-96.407775), np.float64(148.847940105098))","(np.float64(32.93006802836607), np.float64(-96.38561224091998), np.float64(147.001094005397))",48397040408.0,2.8005356649397455,48397040408.0,872.23,1.0,94
"(np.float64(32.93006802836607), np.float64(-96.38561224091998), np.float64(147.001094005397))","(np.float64(32.9301384), np.float64(-96.3854521), np.float64(147.113598567031))",48397040408.0,0.016889635793451367,48397040408.0,872.23,1.0,145
"(np.float64(32.9363657), np.float64(-96.3773793), np.float64(135.098720243989))","(np.float64(32.9384874), np.float64(-96.3747831), np.float64(135.744544056049))",48397040409.0,0.3381156200590984,48397040409.0,712.99,1.0,450
"(np.float64(32.9384874), np.float64(-96.3747831), np.float64(135.744544056049))","(np.float64(32.94074), np.float64(-96.3721466), np.float64(135.071100981479))",48397040409.0,0.3510079929275045,48397040409.0,712.99,1.0,302
"(np.float64(32.94074), np.float64(-96.3721466), np.float64(135.071100981479))","(np.float64(32.94175836173664), np.float64(-96.37091120186068), np.float64(134.54381109824277))",48397040409.0,0.1615660446881791,48397040409.0,712.99,1.0,161
"(np.float64(32.94175836173664), np.float64(-96.37091120186068), np.float64(134.54381109824277))","(np.float64(32.9429026), np.float64(-96.3695231), np.float64(133.951344552641))",48397040409.0,0.1815355906203316,48397040409.0,712.99,1.0,499
"(np.float64(32.9429026), np.float64(-96.3695231), np.float64(133.951344552641))","(np.float64(32.9429026), np.float64(-96.3695231), np.float64(133.951344552641))",48397040409.0,0.0,48397040409.0,712.99,1.0,262
"(np.float64(32.9429026), np.float64(-96.3695231), np.float64(133.951344552641))","(np.float64(32.944776831928), np.float64(-96.36735883983891), np.float64(136.8305398570559))",48397040409.0,0.29013252546304746,48397040409.0,712.99,1.0,161
"(np.float64(32.95798808740721), np.float64(-96.35084350469477), np.float64(135.636718312526))","(np.float64(32.9651162), np.float64(-96.3387622), np.float64(140.818867860516))",48397040410.0,2.084796221755525,48397040410.0,3735.35,1.0,149
"(np.float64(32.9795048), np.float64(-96.295209), np.float64(139.358046451418))","(np.float64(32.98097826729821), np.float64(-96.27948514234538), np.float64(150.60466865996116))",48231961401.0,2.627708808139974,48231961401.0,267.92,1.0,268
"(np.float64(32.9895741), np.float64(-96.2551835), np.float64(140.074263578749))","(np.float64(32.991922171640184), np.float64(-96.25136291315984), np.float64(139.67277825586342))",48231961401.0,0.5655980498912957,48231961401.0,267.92,1.0,362
"(np.float64(32.991922171640184), np.float64(-96.25136291315984), np.float64(139.67277825586342))","(np.float64(32.9938573), np.float64(-96.2483851), np.float64(137.845591542105))",48231961401.0,0.5698219869240966,48231961401.0,267.92,1.0,492
"(np.float64(32.9938573), np.float64(-96.2483851), np.float64(137.845591542105))","(np.float64(33.0078484), np.float64(-96.2242214), np.float64(136.754358400705))",48231961401.0,3.3897502691024797,48231961401.0,267.92,1.0,231
"(np.float64(33.0078484), np.float64(-96.2242214), np.float64(136.754358400705))","(np.float64(33.0098139), np.float64(-96.2206989), np.float64(138.61943636547))",48231961401.0,0.3948044817316622,48231961401.0,267.92,1.0,320
"(np.float64(33.0098139), np.float64(-96.2206989), np.float64(138.61943636547))","(np.float64(33.01000524769701), np.float64(-96.22036413547548), np.float64(138.45214590253988))",48231961401.0,0.037801545044288815,48231961401.0,267.92,1.0,36
"(np.float64(33.01000524769701), np.float64(-96.22036413547548), np.float64(138.45214590253988))","(np.float64(33.01173717028814), np.float64(-96.2173341212565), np.float64(136.93796968531618))",48231961401.0,0.4177491355158311,48231961401.0,267.92,1.0,320
"(np.float64(33.01173717028814), np.float64(-96.2173341212565), np.float64(136.93796968531618))","(np.float64(33.0180973), np.float64(-96.206392), np.float64(135.533567610856))",48231961401.0,1.6594896537316637,48231961401.0,267.92,1.0,36
"(np.float64(33.0180973), np.float64(-96.206392), np.float64(135.533567610856))","(np.float64(33.0314799), np.float64(-96.1899036), np.float64(138.514382518178))",48231961401.0,2.62531095593838,48231961401.0,267.92,1.0,364
"(np.float64(33.0314799), np.float64(-96.1899036), np.float64(138.514382518178))","(np.float64(33.0342067), np.float64(-96.1872554), np.float64(137.421244290002))",48231961401.0,0.390724340237995,48231961401.0,267.92,1.0,337
"(np.float64(33.0482724), np.float64(-96.1756029), np.float64(135.409239038632))","(np.float64(33.067066), np.float64(-96.1501439), np.float64(139.34913885608))",48231961300.0,4.287060085191198,48231961300.0,165.07,1.0,30
"(np.float64(33.067066), np.float64(-96.1501439), np.float64(139.34913885608))","(np.float64(33.06940291657936), np.float64(-96.1474196045036), np.float64(133.5641837807554))",48231961300.0,0.438375989579699,48231961300.0,165.07,1.0,494
"(np.float64(33.06940291657936), np.float64(-96.1474196045036), np.float64(133.5641837807554))","(np.float64(33.0767064), np.float64(-96.1394043), np.float64(139.870927370416))",48231961300.0,1.2584651917828702,48231961300.0,165.07,1.0,189
"(np.float64(33.0767064), np.float64(-96.1394043), np.float64(139.870927370416))","(np.float64(33.0793783), np.float64(-96.1364826), np.float64(142.722169597761))",48231961300.0,0.4027991143298552,48231961300.0,165.07,1.0,313
"(np.float64(33.0793783), np.float64(-96.1364826), np.float64(142.722169597761))","(np.float64(33.0846191), np.float64(-96.1305714), np.float64(144.312886139219))",48231961300.0,0.8961105076924374,48231961300.0,165.07,1.0,189
"(np.float64(33.0846191), np.float64(-96.1305714), np.float64(144.312886139219))","(np.float64(33.0868534), np.float64(-96.1276634), np.float64(144.444178890695))",48231961300.0,0.48267698020209054,48231961300.0,165.07,1.0,441
"(np.float64(33.0868534), np.float64(-96.1276634), np.float64(144.444178890695))","(np.float64(33.0868534), np.float64(-96.1276634), np.float64(144.444178890695))",48231961300.0,0.0,48231961300.0,165.07,1.0,313
"(np.float64(33.13308929640694), np.float64(-96.03396719386782), np.float64(136.0340510900814))","(np.float64(33.133097), np.float64(-96.0306735), np.float64(130.976956504864))",48231961102.0,0.37094979155510643,48231961102.0,82.65,1.0,328
"(np.float64(33.133097), np.float64(-96.0306735), np.float64(130.976956504864))","(np.float64(33.132759193053964), np.float64(-96.02264329287206), np.float64(131.4132283497526))",48231961102.0,1.1756468387507661,48231961102.0,82.65,1.0,13
"(np.float64(33.132759193053964), np.float64(-96.02264329287206), np.float64(131.4132283497526))","(np.float64(33.132766), np.float64(-96.0228742), np.float64(131.452598216608))",48231961102.0,0.14853312157463872,48231961102.0,82.65,1.0,328
"(np.float64(33.132766), np.float64(-96.0228742), np.float64(131.452598216608))","(np.float64(33.1326502), np.float64(-96.018946), np.float64(130.782836687995))",48231961102.0,0.5767429952711348,48231961102.0,82.65,1.0,13
"(np.float64(33.1326502), np.float64(-96.018946), np.float64(130.782836687995))","(np.float64(33.13237513254938), np.float64(-96.01471747732673), np.float64(135.18852697281673))",48231961102.0,0.5275398374932767,48231961102.0,82.65,1.0,328
"(np.float64(33.13237513254938), np.float64(-96.01471747732673), np.float64(135.18852697281673))","(np.float64(33.13215906241675), np.float64(-96.01333216517602), np.float64(136.5591667685485))",48231961102.0,0.1838945432638984,48231961102.0,82.65,1.0,13
"(np.float64(33.13215906241675), np.float64(-96.01333216517602), np.float64(136.5591667685485))","(np.float64(33.1318691), np.float64(-96.0114731), np.float64(138.398541895558))",48231961102.0,0.17644540939254014,48231961102.0,82.65,1.0,328
"(np.float64(33.1318691), np.float64(-96.0114731), np.float64(138.398541895558))","(np.float64(33.131804517984385), np.float64(-96.01114714071645), np.float64(139.32801284885136))",48231961102.0,0.03126301410283258,48231961102.0,82.65,1.0,13
"(np.float64(33.131804517984385), np.float64(-96.01114714071645), np.float64(139.32801284885136))","(np.float64(33.131675643751294), np.float64(-96.01049668482264), np.float64(141.18278395111622))",48231961102.0,0.2940541292749087,48231961102.0,82.65,1.0,328
"(np.float64(33.131675643751294), np.float64(-96.01049668482264), np.float64(141.18278395111622))","(np.float64(33.1310452), np.float64(-96.0073147), np.float64(150.256194697437))",48231961102.0,0.49248625035938776,48231961102.0,82.65,1.0,13
"(np.float64(33.12956559199543), np.float64(-95.99836868911278), np.float64(135.65310724765945))","(np.float64(33.1294757), np.float64(-95.9948774), np.float64(140.844518632448))",48231960700.0,0.5623527305110567,48231960700.0,46.18,1.0,13
"(np.float64(33.1294757), np.float64(-95.9948774), np.float64(140.844518632448))","(np.float64(33.12910414547956), np.float64(-95.98569486433288), np.float64(140.66660908863358))",48231960700.0,1.043379299681517,48231960700.0,46.18,1.0,328
"(np.float64(33.12910414547956), np.float64(-95.98569486433288), np.float64(140.66660908863358))","(np.float64(33.1288986), np.float64(-95.9775433), np.float64(135.107072947678))",48231960700.0,1.1329771348213302,48231960700.0,46.18,1.0,158
"(np.float64(33.1288986), np.float64(-95.9775433), np.float64(135.107072947678))","(np.float64(33.1302233), np.float64(-95.9632886), np.float64(146.753173361335))",48231960700.0,1.5423321751769,48231960700.0,46.18,1.0,345
"(np.float64(33.1302233), np.float64(-95.9632886), np.float64(146.753173361335))","(np.float64(33.1302233), np.float64(-95.9632886), np.float64(146.753173361335))",48231960700.0,0.0,48231960700.0,46.18,1.0,105
"(np.float64(33.1302233), np.float64(-95.9632886), np.float64(146.753173361335))","(np.float64(33.1309832), np.float64(-95.9586533), np.float64(145.789303959267))",48231960700.0,0.6586378653727321,48231960700.0,46.18,1.0,345
"(np.float64(33.1309832), np.float64(-95.9586533), np.float64(145.789303959267))","(np.float64(33.1315882), np.float64(-95.9230949), np.float64(136.605043214396))",48231960700.0,4.3010213166427,48231960700.0,46.18,1.0,105
"(np.float64(33.1315882), np.float64(-95.9230949), np.float64(136.605043214396))","(np.float64(33.1312386), np.float64(-95.9099578), np.float64(140.725716207251))",48231960700.0,1.6445258334129302,48231960700.0,46.18,1.0,231
"(np.float64(33.1312386), np.float64(-95.9099578), np.float64(140.725716207251))","(np.float64(33.13009519799427), np.float64(-95.89095053868196), np.float64(157.4421674249831))",48231960700.0,2.7294937291929817,48231960700.0,46.18,1.0,193
"(np.float64(33.13009519799427), np.float64(-95.89095053868196), np.float64(157.4421674249831))","(np.float64(33.12971608425395), np.float64(-95.87924764951768), np.float64(147.37173482276958))",48231960700.0,1.4443492820046238,48231960700.0,46.18,1.0,171
"(np.float64(33.1292936), np.float64(-95.8548513), np.float64(158.014358070445))","(np.float64(33.12976601751547), np.float64(-95.83391638657784), np.float64(158.5771366751181))",48223950200.0,3.114504572737189,48223950200.0,29.34,5.0,476
"(np.float64(33.12976601751547), np.float64(-95.83391638657784), np.float64(158.5771366751181))","(np.float64(33.13141897017338), np.float64(-95.79890781236378), np.float64(149.10420873823176))",48223950200.0,5.980910028993201,48223950200.0,29.34,5.0,367
"(np.float64(33.13141897017338), np.float64(-95.79890781236378), np.float64(149.10420873823176))","(np.float64(33.1249382), np.float64(-95.7385738), np.float64(127.339247663909))",48223950200.0,7.6508169589225545,48223950200.0,29.34,5.0,395
"(np.float64(33.1249382), np.float64(-95.7385738), np.float64(127.339247663909))","(np.float64(33.1221568), np.float64(-95.7305666), np.float64(130.023785384409))",48223950200.0,1.2426628413536216,48223950200.0,29.34,5.0,398
"(np.float64(33.1221568), np.float64(-95.7305666), np.float64(130.023785384409))","(np.float64(33.119559), np.float64(-95.7224372), np.float64(133.166160669613))",48223950200.0,0.8598786384933184,48223950200.0,29.34,5.0,328
"(np.float64(33.119559), np.float64(-95.7224372), np.float64(133.166160669613))","(np.float64(33.119327), np.float64(-95.7175087), np.float64(126.189658701711))",48223950200.0,0.6135305112414495,48223950200.0,29.34,5.0,318
"(np.float64(33.119327), np.float64(-95.7175087), np.float64(126.189658701711))","(np.float64(33.119327), np.float64(-95.7175087), np.float64(126.189658701711))",48223950200.0,0.0,48223950200.0,29.34,5.0,434
"(np.float64(33.119327), np.float64(-95.7175087), np.float64(126.189658701711))","(np.float64(33.119327), np.float64(-95.7175087), np.float64(126.189658701711))",48223950200.0,0.0,48223950200.0,29.34,5.0,318
"(np.float64(33.119327), np.float64(-95.7175087), np.float64(126.189658701711))","(np.float64(33.120083321081054), np.float64(-95.71283992776875), np.float64(120.39109649683743))",48223950200.0,0.5660371184503042,48223950200.0,29.34,5.0,398
"(np.float64(33.1207449), np.float64(-95.7085921), np.float64(121.657557556216))","(np.float64(33.1207422), np.float64(-95.7045086), np.float64(128.290928594152))",48223950302.0,0.6996131444532437,48223950302.0,59.62,5.0,398
"(np.float64(33.1207422), np.float64(-95.7045086), np.float64(128.290928594152))","(np.float64(33.1207161), np.float64(-95.6996667), np.float64(130.059896013436))",48223950302.0,0.6969058220225902,48223950302.0,59.62,5.0,328
"(np.float64(33.1207161), np.float64(-95.6996667), np.float64(130.059896013436))","(np.float64(33.120665337683604), np.float64(-95.69029425394102), np.float64(125.2753525951102))",48223950302.0,1.0339640068827565,48223950302.0,59.62,5.0,318
"(np.float64(33.120665337683604), np.float64(-95.69029425394102), np.float64(125.2753525951102))","(np.float64(33.1207473), np.float64(-95.6866514), np.float64(131.225394323071))",48223950302.0,0.6575411419110566,48223950302.0,59.62,5.0,227
"(np.float64(33.1207473), np.float64(-95.6866514), np.float64(131.225394323071))","(np.float64(33.1207473), np.float64(-95.6866514), np.float64(131.225394323071))",48223950302.0,0.0,48223950302.0,59.62,5.0,219
"(np.float64(33.1207473), np.float64(-95.6866514), np.float64(131.225394323071))","(np.float64(33.1211789), np.float64(-95.6649476), np.float64(134.032440004101))",48223950302.0,3.3474245892845604,48223950302.0,59.62,5.0,227
"(np.float64(33.1211789), np.float64(-95.6649476), np.float64(134.032440004101))","(np.float64(33.1208064), np.float64(-95.655806), np.float64(135.456069961333))",48223950302.0,1.1775782018585783,48223950302.0,59.62,5.0,182
"(np.float64(33.1208064), np.float64(-95.655806), np.float64(135.456069961333))","(np.float64(33.12074752549669), np.float64(-95.65371588509932), np.float64(135.00815455888127))",48223950302.0,0.5245700207433505,48223950302.0,59.62,5.0,255
"(np.float64(33.11636944265411), np.float64(-95.59485891714294), np.float64(120.5727952558522))","(np.float64(33.11655885613453), np.float64(-95.59312297603032), np.float64(119.571355855623))",48223950600.0,0.34455293118604335,48223950600.0,787.88,5.0,336
"(np.float64(33.11655885613453), np.float64(-95.59312297603032), np.float64(119.571355855623))","(np.float64(33.1168081), np.float64(-95.5908387), np.float64(118.253589946909))",48223950600.0,0.2149841818366225,48223950600.0,787.88,5.0,59
"(np.float64(33.1606926), np.float64(-95.1234758), np.float64(96.1226439039745))","(np.float64(33.1601187), np.float64(-95.1105764), np.float64(105.829538393172))",48449950200.0,1.9797453279649204,48449950200.0,42.7,7.0,382
"(np.float64(33.1601187), np.float64(-95.1105764), np.float64(105.829538393172))","(np.float64(33.1599657), np.float64(-95.1018683), np.float64(95.9426006105505))",48449950200.0,0.8668010285034147,48449950200.0,42.7,7.0,153
"(np.float64(33.1599657), np.float64(-95.1018683), np.float64(95.9426006105505))","(np.float64(33.158826100459144), np.float64(-95.0560289056736), np.float64(97.08131205881035))",48449950200.0,5.281919447965477,48449950200.0,42.7,7.0,212
"(np.float64(33.158826100459144), np.float64(-95.0560289056736), np.float64(97.08131205881035))","(np.float64(33.1583895), np.float64(-95.0436438), np.float64(93.1176263493698))",48449950200.0,1.4256937253290936,48449950200.0,42.7,7.0,370
"(np.float64(33.175238), np.float64(-94.9815905), np.float64(107.381219125947))","(np.float64(33.1765843), np.float64(-94.9774314), np.float64(101.549654922675))",48449950600.0,0.4633574410843573,48449950600.0,1896.42,7.0,496
"(np.float64(33.1765843), np.float64(-94.9774314), np.float64(101.549654922675))","(np.float64(33.17678180559006), np.float64(-94.97679152091098), np.float64(101.35562754968257))",48449950600.0,0.15886271146507286,48449950600.0,1896.42,7.0,174
"(np.float64(33.17678180559006), np.float64(-94.97679152091098), np.float64(101.35562754968257))","(np.float64(33.1778395), np.float64(-94.9733648), np.float64(100.316559907473))",48449950600.0,0.5106923813453088,48449950600.0,1896.42,7.0,381
"(np.float64(33.1815459), np.float64(-94.9611547), np.float64(85.2879659784609))","(np.float64(33.1909459), np.float64(-94.9373095), np.float64(88.8458892474902))",48449950301.0,2.7854077965753556,48449950301.0,67.07,7.0,174
"(np.float64(33.1909459), np.float64(-94.9373095), np.float64(88.8458892474902))","(np.float64(33.195314077756585), np.float64(-94.92662304507424), np.float64(92.07641762094596))",48449950301.0,1.5426300394375827,48449950301.0,67.07,7.0,494
"(np.float64(33.195314077756585), np.float64(-94.92662304507424), np.float64(92.07641762094596))","(np.float64(33.195324225535984), np.float64(-94.92659809778208), np.float64(92.06662318948028))",48449950301.0,0.04469424051315325,48449950301.0,67.07,7.0,344
"(np.float64(33.2001812), np.float64(-94.9152603), np.float64(88.9774342036045))","(np.float64(33.2025591), np.float64(-94.9114951), np.float64(91.3319400628165))",48449950400.0,0.4391044444510969,48449950400.0,50.09,7.0,263
"(np.float64(33.2025591), np.float64(-94.9114951), np.float64(91.3319400628165))","(np.float64(33.2025591), np.float64(-94.9114951), np.float64(91.3319400628165))",48449950400.0,0.0,48449950400.0,50.09,7.0,426
"(np.float64(33.2025591), np.float64(-94.9114951), np.float64(91.3319400628165))","(np.float64(33.2050969), np.float64(-94.9082204), np.float64(94.964031785462))",48449950400.0,0.4152868205139641,48449950400.0,50.09,7.0,263
"(np.float64(33.2050969), np.float64(-94.9082204), np.float64(94.964031785462))","(np.float64(33.2077976), np.float64(-94.9054052), np.float64(98.4982838905949))",48449950400.0,0.4412016978220344,48449950400.0,50.09,7.0,177
"(np.float64(33.2077976), np.float64(-94.9054052), np.float64(98.4982838905949))","(np.float64(33.216665103155805), np.float64(-94.89653240458188), np.float64(98.11459859155424))",48449950400.0,1.6397552712700039,48449950400.0,50.09,7.0,263
"(np.float64(33.216665103155805), np.float64(-94.89653240458188), np.float64(98.11459859155424))","(np.float64(33.219657944819616), np.float64(-94.89376569492605), np.float64(90.91028974497736))",48449950400.0,0.5160039555629787,48449950400.0,50.09,7.0,500
"(np.float64(33.219657944819616), np.float64(-94.89376569492605), np.float64(90.91028974497736))","(np.float64(33.2221844), np.float64(-94.8914655), np.float64(85.6570134646217))",48449950400.0,0.5725255442753243,48449950400.0,50.09,7.0,177
"(np.float64(33.2221844), np.float64(-94.8914655), np.float64(85.6570134646217))","(np.float64(33.2221844), np.float64(-94.8914655), np.float64(85.6570134646217))",48449950400.0,0.0,48449950400.0,50.09,7.0,158
"(np.float64(33.2221844), np.float64(-94.8914655), np.float64(85.6570134646217))","(np.float64(33.231664404466656), np.float64(-94.88165787661308), np.float64(87.83617685530469))",48449950400.0,1.5699196912411377,48449950400.0,50.09,7.0,263
"(np.float64(33.231664404466656), np.float64(-94.88165787661308), np.float64(87.83617685530469))","(np.float64(33.2371507), np.float64(-94.872416), np.float64(96.7194283919866))",48449950400.0,1.689899177224522,48449950400.0,50.09,7.0,208
"(np.float64(33.2371507), np.float64(-94.872416), np.float64(96.7194283919866))","(np.float64(33.243645), np.float64(-94.8613301), np.float64(89.7839033867216))",48449950400.0,1.9082046987376944,48449950400.0,50.09,7.0,79
"(np.float64(33.243645), np.float64(-94.8613301), np.float64(89.7839033867216))","(np.float64(33.25431006309893), np.float64(-94.84289538573732), np.float64(69.29601230275482))",48449950400.0,2.6532986627411566,48449950400.0,50.09,7.0,347
"(np.float64(33.25431006309893), np.float64(-94.84289538573732), np.float64(69.29601230275482))","(np.float64(33.2623702), np.float64(-94.8290815), np.float64(65.1962899233388))",48449950400.0,2.8103341497879955,48449950400.0,50.09,7.0,374
"(np.float64(33.27335336622554), np.float64(-94.80999584041712), np.float64(57.62025519656418))","(np.float64(33.2922456), np.float64(-94.7563573), np.float64(61.2407758244645))",48343950100.0,7.928202676469677,48343950100.0,32.59,8.0,205
"(np.float64(33.2922456), np.float64(-94.7563573), np.float64(61.2407758244645))","(np.float64(33.292330560082114), np.float64(-94.75562009510502), np.float64(61.53765319615262))",48343950100.0,0.3670353621093089,48343950100.0,32.59,8.0,83
"(np.float64(33.292330560082114), np.float64(-94.75562009510502), np.float64(61.53765319615262))","(np.float64(33.29250048024633), np.float64(-94.75414568531502), np.float64(62.131407939528856))",48343950100.0,0.2772435616677184,48343950100.0,32.59,8.0,30
"(np.float64(33.29250048024633), np.float64(-94.75414568531502), np.float64(62.131407939528856))","(np.float64(33.2937172), np.float64(-94.7429992), np.float64(65.7035636909227))",48343950100.0,1.3732680616780224,48343950100.0,32.59,8.0,373
"(np.float64(33.2937172), np.float64(-94.7429992), np.float64(65.7035636909227))","(np.float64(33.29539146711946), np.float64(-94.72772434790252), np.float64(66.29783523173575))",48343950100.0,2.4645882784132214,48343950100.0,32.59,8.0,258
"(np.float64(33.29539146711946), np.float64(-94.72772434790252), np.float64(66.29783523173575))","(np.float64(33.2957176), np.float64(-94.7249135), np.float64(67.3650445577265))",48343950100.0,0.26429532767018443,48343950100.0,32.59,8.0,85
"(np.float64(33.2957176), np.float64(-94.7249135), np.float64(67.3650445577265))","(np.float64(33.295746426989766), np.float64(-94.72463888683764), np.float64(67.2144194745609))",48343950100.0,0.07215163401576233,48343950100.0,32.59,8.0,273
"(np.float64(33.295746426989766), np.float64(-94.72463888683764), np.float64(67.2144194745609))","(np.float64(33.29583354353918), np.float64(-94.72380899265426), np.float64(66.75922322934458))",48343950100.0,0.21223131438724896,48343950100.0,32.59,8.0,85
"(np.float64(33.29583354353918), np.float64(-94.72380899265426), np.float64(66.75922322934458))","(np.float64(33.2972075), np.float64(-94.7159706), np.float64(63.4573505858869))",48343950100.0,1.7992806486201929,48343950100.0,32.59,8.0,83
"(np.float64(33.2972075), np.float64(-94.7159706), np.float64(63.4573505858869))","(np.float64(33.300777450664135), np.float64(-94.70870656029412), np.float64(58.19531097498008))",48343950100.0,1.1551806242991858,48343950100.0,32.59,8.0,468
"(np.float64(33.300777450664135), np.float64(-94.70870656029412), np.float64(58.19531097498008))","(np.float64(33.301088326186736), np.float64(-94.70826017520864), np.float64(57.73521584771871))",48343950100.0,0.23477179977399013,48343950100.0,32.59,8.0,83
"(np.float64(33.301088326186736), np.float64(-94.70826017520864), np.float64(57.73521584771871))","(np.float64(33.30165731400005), np.float64(-94.70756323924029), np.float64(57.093317285571246))",48343950100.0,0.24771228702181253,48343950100.0,32.59,8.0,78
"(np.float64(33.32155924321272), np.float64(-94.68441534546484), np.float64(57.178371911573215))","(np.float64(33.3219222), np.float64(-94.6839967), np.float64(58.2831373628744))",48037011700.0,0.0948231169667657,48037011700.0,10.21,3.0,30
"(np.float64(33.3219222), np.float64(-94.6839967), np.float64(58.2831373628744))","(np.float64(33.38785993055189), np.float64(-94.59655316934428), np.float64(66.89650307562937))",48037011700.0,25.89348035378021,48037011700.0,10.21,3.0,83
"(np.float64(33.38785993055189), np.float64(-94.59655316934428), np.float64(66.89650307562937))","(np.float64(33.414047), np.float64(-94.5596422), np.float64(74.8094334718813))",48037011700.0,10.81965360979197,48037011700.0,10.21,3.0,58
"(np.float64(33.414047), np.float64(-94.5596422), np.float64(74.8094334718813))","(np.float64(33.41675922929633), np.float64(-94.556019149568), np.float64(73.39147646255824))",48037011700.0,0.6865766084467488,48037011700.0,10.21,3.0,471
"(np.float64(33.44453020900206), np.float64(-94.51566199350528), np.float64(78.20765408992082))","(np.float64(33.46759694184397), np.float64(-94.46410787905435), np.float64(84.25761833803415))",48037011501.0,11.987887835539281,48037011501.0,128.27,3.0,471
"(np.float64(33.46759694184397), np.float64(-94.46410787905435), np.float64(84.25761833803415))","(np.float64(33.4763544), np.float64(-94.4322118), np.float64(85.8172159955149))",48037011501.0,5.378556140723992,48037011501.0,128.27,3.0,76
"(np.float64(33.475546558739936), np.float64(-94.42321764580768), np.float64(78.93956288431613))","(np.float64(33.47506967618496), np.float64(-94.41817809884752), np.float64(77.98694722009326))",48037011502.0,0.6558959997731422,48037011502.0,68.16,3.0,76
"(np.float64(33.47506967618496), np.float64(-94.41817809884752), np.float64(77.98694722009326))","(np.float64(33.47359810953808), np.float64(-94.40073076078234), np.float64(78.10455894190841))",48037011502.0,2.6028243982963284,48037011502.0,68.16,3.0,30
"(np.float64(33.47359810953808), np.float64(-94.40073076078234), np.float64(78.10455894190841))","(np.float64(33.47320135265751), np.float64(-94.39595281379796), np.float64(78.87127462783093))",48037011502.0,0.7538957596325655,48037011502.0,68.16,3.0,76
"(np.float64(33.46963595831713), np.float64(-94.3551519187431), np.float64(76.94749407425503))","(np.float64(33.469603767174604), np.float64(-94.35472271657144), np.float64(77.04241247030485))",48037011302.0,0.08819152096894489,48037011302.0,17.46,3.0,462
"(np.float64(33.469603767174604), np.float64(-94.35472271657144), np.float64(77.04241247030485))","(np.float64(33.4693267), np.float64(-94.3510286), np.float64(77.8593692401553))",48037011302.0,0.47301268388212514,48037011302.0,17.46,3.0,76
"(np.float64(33.4693267), np.float64(-94.3510286), np.float64(77.8593692401553))","(np.float64(33.4682236), np.float64(-94.338089), np.float64(76.6911216780256))",48037011302.0,1.8877682809650778,48037011302.0,17.46,3.0,315
"(np.float64(33.4682236), np.float64(-94.338089), np.float64(76.6911216780256))","(np.float64(33.46834820075401), np.float64(-94.33396080009426), np.float64(78.13530559475157))",48037011302.0,0.38399879934668313,48037011302.0,17.46,3.0,332
"(np.float64(33.82458117620853), np.float64(-93.40413216625592), np.float64(69.42241021203444))","(np.float64(33.84220026368798), np.float64(-93.38120122626113), np.float64(86.72780485875901))",5099090200.0,5.438434810322183,5099090200.0,,9.0,78
"(np.float64(33.84220026368798), np.float64(-93.38120122626113), np.float64(86.72780485875901))","(np.float64(33.8533285), np.float64(-93.3647159), np.float64(65.1407358464626))",5099090200.0,3.6314195935748983,5099090200.0,,9.0,364
"(np.float64(33.8533285), np.float64(-93.3647159), np.float64(65.1407358464626))","(np.float64(33.87209979606558), np.float64(-93.33896579778688), np.float64(46.5152673146872))",5099090200.0,5.1881432916389745,5099090200.0,,9.0,29
"(np.float64(33.9286206), np.float64(-93.2620116), np.float64(51.6096934207926))","(np.float64(33.929636136842106), np.float64(-93.26032495631578), np.float64(52.061480965524645))",5019953700.0,0.48162019791315264,5019953700.0,,7.0,364
"(np.float64(33.929636136842106), np.float64(-93.26032495631578), np.float64(52.061480965524645))","(np.float64(33.9330888), np.float64(-93.2550233), np.float64(51.0222530344029))",5019953700.0,0.8992279517317713,5019953700.0,,7.0,189
"(np.float64(33.9330888), np.float64(-93.2550233), np.float64(51.0222530344029))","(np.float64(33.93337115918639), np.float64(-93.25465021595556), np.float64(51.80155815314279))",5019953700.0,0.2701335573406817,5019953700.0,,7.0,364
"(np.float64(33.93337115918639), np.float64(-93.25465021595556), np.float64(51.80155815314279))","(np.float64(33.9407328), np.float64(-93.2452986), np.float64(63.4735824672067))",5019953700.0,2.7823201056378872,5019953700.0,,7.0,189
"(np.float64(33.9407328), np.float64(-93.2452986), np.float64(63.4735824672067))","(np.float64(33.941938159735976), np.float64(-93.24381495775576), np.float64(60.01198234388369))",5019953700.0,0.19157586083634232,5019953700.0,,7.0,458
"(np.float64(33.941938159735976), np.float64(-93.24381495775576), np.float64(60.01198234388369))","(np.float64(33.9720192), np.float64(-93.20835), np.float64(37.7030763837637))",5019953700.0,8.9159436249976,5019953700.0,,7.0,460
"(np.float64(33.9720192), np.float64(-93.20835), np.float64(37.7030763837637))","(np.float64(33.9918231), np.float64(-93.1887441), np.float64(37.5964766653307))",5019953700.0,4.318758453126564,5019953700.0,,7.0,360
"(np.float64(33.9918231), np.float64(-93.1887441), np.float64(37.5964766653307))","(np.float64(34.0089146), np.float64(-93.1713867), np.float64(25.299235043037))",5019953700.0,2.732144023311408,5019953700.0,,7.0,305
"(np.float64(34.0089146), np.float64(-93.1713867), np.float64(25.299235043037))","(np.float64(34.014316451209105), np.float64(-93.16579131541016), np.float64(26.339541873940103))",5019953700.0,0.7913326747057726,5019953700.0,,7.0,408
"(np.float64(34.014316451209105), np.float64(-93.16579131541016), np.float64(26.339541873940103))","(np.float64(34.0172992), np.float64(-93.1626708), np.float64(29.3699619436213))",5019953700.0,0.4855965403553869,5019953700.0,,7.0,305
"(np.float64(34.0172992), np.float64(-93.1626708), np.float64(29.3699619436213))","(np.float64(34.0495246), np.float64(-93.1348735), np.float64(49.8433233978486))",5019953700.0,6.210236673500798,5019953700.0,,7.0,304
"(np.float64(34.0495246), np.float64(-93.1348735), np.float64(49.8433233978486))","(np.float64(34.05319370799264), np.float64(-93.13253471187345), np.float64(47.29082865288995))",5019953700.0,0.5424926619377423,5019953700.0,,7.0,146
"(np.float64(34.05319370799264), np.float64(-93.13253471187345), np.float64(47.29082865288995))","(np.float64(34.06126795265403), np.float64(-93.12755852677724), np.float64(53.53512089684743))",5019953700.0,1.4826826389492527,5019953700.0,,7.0,304
"(np.float64(34.09240593099552), np.float64(-93.10817733239996), np.float64(49.26292639505105))","(np.float64(34.10056282201138), np.float64(-93.10236269601518), np.float64(42.846987520485904))",5019953800.0,1.768540365061273,5019953800.0,,7.0,146
"(np.float64(34.10056282201138), np.float64(-93.10236269601518), np.float64(42.846987520485904))","(np.float64(34.1042446), np.float64(-93.1005252), np.float64(55.1179648812603))",5019953800.0,0.44246326294106636,5019953800.0,,7.0,25
"(np.float64(34.1186158), np.float64(-93.0929035), np.float64(61.971311617232))","(np.float64(34.1313418), np.float64(-93.0860332), np.float64(49.219505748465))",5019953601.0,2.414261212944059,5019953601.0,,7.0,292
"(np.float64(34.1313418), np.float64(-93.0860332), np.float64(49.219505748465))","(np.float64(34.14121785976247), np.float64(-93.08080723947744), np.float64(57.75762080459173))",5019953601.0,2.2504232060022424,5019953601.0,,7.0,326
"(np.float64(34.188229286698565), np.float64(-93.06629998507177), np.float64(31.12957109285992))","(np.float64(34.1992474), np.float64(-93.0518136), np.float64(57.2024356882889))",5019953602.0,4.257244988051465,5019953602.0,,7.0,69
"(np.float64(34.1992474), np.float64(-93.0518136), np.float64(57.2024356882889))","(np.float64(34.20633633132416), np.float64(-93.04202642316088), np.float64(41.2466627645593))",5019953602.0,1.5717329456179583,5019953602.0,,7.0,266
"(np.float64(34.20633633132416), np.float64(-93.04202642316088), np.float64(41.2466627645593))","(np.float64(34.20996266792453), np.float64(-93.03616138264152), np.float64(40.46091861800789))",5019953602.0,1.3213594159898199,5019953602.0,,7.0,69
"(np.float64(34.238198818368915), np.float64(-93.00437602421788), np.float64(75.75551949536892))","(np.float64(34.2758093), np.float64(-92.965806), np.float64(74.6421448963859))",5059020600.0,14.263938334776933,5059020600.0,,6.0,412
"(np.float64(34.2758093), np.float64(-92.965806), np.float64(74.6421448963859))","(np.float64(34.2785313), np.float64(-92.9630456), np.float64(68.9534158367434))",5059020600.0,0.3947374754114469,5059020600.0,,6.0,464
"(np.float64(34.2785313), np.float64(-92.9630456), np.float64(68.9534158367434))","(np.float64(34.287174738433244), np.float64(-92.95474278738662), np.float64(65.76803857070463))",5059020600.0,1.801551557167877,5059020600.0,,6.0,243
"(np.float64(34.287174738433244), np.float64(-92.95474278738662), np.float64(65.76803857070463))","(np.float64(34.289888), np.float64(-92.9527612), np.float64(70.644602704479))",5059020600.0,0.8765821242264015,5059020600.0,,6.0,41
"(np.float64(34.289888), np.float64(-92.9527612), np.float64(70.644602704479))","(np.float64(34.3019434), np.float64(-92.9443215), np.float64(61.0081910106452))",5059020600.0,1.8513577696004793,5059020600.0,,6.0,464
"(np.float64(34.3019434), np.float64(-92.9443215), np.float64(61.0081910106452))","(np.float64(34.3239531), np.float64(-92.9286674), np.float64(58.200909037424))",5059020600.0,3.5341492893673276,5059020600.0,,6.0,375
"(np.float64(34.3239531), np.float64(-92.9286674), np.float64(58.200909037424))","(np.float64(34.324402399771664), np.float64(-92.92819887241426), np.float64(57.34286790943294))",5059020600.0,0.16657224678226665,5059020600.0,,6.0,163
"(np.float64(34.324402399771664), np.float64(-92.92819887241426), np.float64(57.34286790943294))","(np.float64(34.3338813), np.float64(-92.9181538), np.float64(65.5215199979855))",5059020600.0,1.605356176393287,5059020600.0,,6.0,33
"(np.float64(34.3338813), np.float64(-92.9181538), np.float64(65.5215199979855))","(np.float64(34.3476841), np.float64(-92.896569), np.float64(68.3956962675028))",5059020600.0,5.9406764389947,5059020600.0,,6.0,251
"(np.float64(34.3601266), np.float64(-92.8766354), np.float64(38.3155750213224))","(np.float64(34.369009755883006), np.float64(-92.86221143863932), np.float64(42.718080901843024))",5059020600.0,3.7882166978999763,5059020600.0,,6.0,291
"(np.float64(34.369009755883006), np.float64(-92.86221143863932), np.float64(42.718080901843024))","(np.float64(34.3887281), np.float64(-92.8418539), np.float64(39.3545338759482))",5059020600.0,4.7332891914689,5059020600.0,,6.0,15
"(np.float64(34.3887281), np.float64(-92.8418539), np.float64(39.3545338759482))","(np.float64(34.38887691505059), np.float64(-92.84157806556556), np.float64(39.67025212288402))",5059020600.0,0.030266632455779152,5059020600.0,,6.0,163
"(np.float64(34.3965226), np.float64(-92.8279909), np.float64(52.7191013680553))","(np.float64(34.3965226), np.float64(-92.8279909), np.float64(52.7191013680553))",5059020200.0,0.0,5059020200.0,,6.0,291
"(np.float64(34.479488), np.float64(-92.7282289), np.float64(82.8517493500523))","(np.float64(34.5013759), np.float64(-92.7034823), np.float64(95.1301736536625))",5125010514.0,4.034432908419749,5125010514.0,,2.0,75
"(np.float64(34.5013759), np.float64(-92.7034823), np.float64(95.1301736536625))","(np.float64(34.5013759), np.float64(-92.7034823), np.float64(95.1301736536625))",5125010514.0,0.0,5125010514.0,,2.0,408
"(np.float64(34.5013759), np.float64(-92.7034823), np.float64(95.1301736536625))","(np.float64(34.5146059), np.float64(-92.6912078), np.float64(92.8735793379289))",5125010514.0,3.5763607790535765,5125010514.0,,2.0,85
"(np.float64(34.5146059), np.float64(-92.6912078), np.float64(92.8735793379289))","(np.float64(34.5270126), np.float64(-92.6809281), np.float64(95.4334575821902))",5125010514.0,2.0921151668886426,5125010514.0,,2.0,408
"(np.float64(34.5270126), np.float64(-92.6809281), np.float64(95.4334575821902))","(np.float64(34.5434878), np.float64(-92.6342082), np.float64(70.3018792475409))",5125010514.0,5.937952442748663,5125010514.0,,2.0,166
"(np.float64(34.5540569), np.float64(-92.6199554), np.float64(56.1407418125364))","(np.float64(34.5588756), np.float64(-92.6147009), np.float64(56.1216477273904))",5125010601.0,0.846018597580749,5125010601.0,,2.0,164
"(np.float64(34.5588756), np.float64(-92.6147009), np.float64(56.1216477273904))","(np.float64(34.5627174), np.float64(-92.6087761), np.float64(60.2490759166209))",5125010601.0,0.9833728249613172,5125010601.0,,2.0,214
"(np.float64(34.5627174), np.float64(-92.6087761), np.float64(60.2490759166209))","(np.float64(34.5627174), np.float64(-92.6087761), np.float64(60.2490759166209))",5125010601.0,0.15448649719744006,5125010601.0,,2.0,324
"(np.float64(34.5627174), np.float64(-92.6087761), np.float64(60.2490759166209))","(np.float64(34.56307991646051), np.float64(-92.6073003340628), np.float64(62.20224928189731))",5125010601.0,0.14129183064323125,5125010601.0,,2.0,58
"(np.float64(34.56307991646051), np.float64(-92.6073003340628), np.float64(62.20224928189731))","(np.float64(34.5634918), np.float64(-92.6056236), np.float64(64.4214035729329))",5125010601.0,0.19430719998820625,5125010601.0,,2.0,324
"(np.float64(34.5634918), np.float64(-92.6056236), np.float64(64.4214035729329))","(np.float64(34.5634918), np.float64(-92.6056236), np.float64(64.4214035729329))",5125010601.0,0.04361381632519261,5125010601.0,,2.0,166
"(np.float64(34.57330232849056), np.float64(-92.59012634584906), np.float64(76.75480548180195))","(np.float64(34.57692805771941), np.float64(-92.58478175049574), np.float64(86.28022130096879))",5125010101.0,0.9142443454999635,5125010101.0,,2.0,45
"(np.float64(34.57692805771941), np.float64(-92.58478175049574), np.float64(86.28022130096879))","(np.float64(34.57962174227642), np.float64(-92.5805022195122), np.float64(92.76270468391856))",5125010101.0,0.9268370814738235,5125010101.0,,2.0,15
"(np.float64(34.57962174227642), np.float64(-92.5805022195122), np.float64(92.76270468391856))","(np.float64(34.58275152518225), np.float64(-92.5753963469575), np.float64(101.67301311234824))",5125010101.0,0.7043454367429842,5125010101.0,,2.0,45
"(np.float64(34.584990172324424), np.float64(-92.57166255055373), np.float64(105.37013420601797))","(np.float64(34.58647758827928), np.float64(-92.5690677574552), np.float64(103.9533407700189))",5125010104.0,0.49517580304003983,5125010104.0,,2.0,161
"(np.float64(34.58647758827928), np.float64(-92.5690677574552), np.float64(103.9533407700189))","(np.float64(34.59770400466889), np.float64(-92.55510408203908), np.float64(102.1571449401055))",5125010104.0,3.330509667788203,5125010104.0,,2.0,445
"(np.float64(34.59770400466889), np.float64(-92.55510408203908), np.float64(102.1571449401055))","(np.float64(34.6021009), np.float64(-92.5441695), np.float64(104.870024223475))",5125010104.0,1.8145692538156302,5125010104.0,,2.0,219
"(np.float64(34.6021009), np.float64(-92.5441695), np.float64(104.870024223475))","(np.float64(34.6035717753181), np.float64(-92.5402635897448), np.float64(97.56314754240842))",5125010104.0,0.44263105139277537,5125010104.0,,2.0,248
"(np.float64(34.6035717753181), np.float64(-92.5402635897448), np.float64(97.56314754240842))","(np.float64(34.6034643), np.float64(-92.540548), np.float64(98.269295148463))",5125010104.0,0.028692348745337607,5125010104.0,,2.0,390
"(np.float64(34.6034643), np.float64(-92.540548), np.float64(98.269295148463))","(np.float64(34.604902159898806), np.float64(-92.53670852056564), np.float64(89.1967824132948))",5125010104.0,0.6835919113073541,5125010104.0,,2.0,94
"(np.float64(34.604902159898806), np.float64(-92.53670852056564), np.float64(89.1967824132948))","(np.float64(34.6048315), np.float64(-92.53693), np.float64(89.2863488866715))",5125010104.0,0.07122829684763987,5125010104.0,,2.0,390
"(np.float64(34.60595897799522), np.float64(-92.53339598434368), np.float64(87.85718992161176))","(np.float64(34.6060149), np.float64(-92.5332207), np.float64(87.7863047825632))",5125010107.0,0.11735002519857568,5125010107.0,,2.0,390
"(np.float64(34.6060149), np.float64(-92.5332207), np.float64(87.7863047825632))","(np.float64(34.60616117482245), np.float64(-92.5327415669786), np.float64(87.95503857555735))",5125010107.0,0.04684870775265688,5125010107.0,,2.0,94
"(np.float64(34.60616117482245), np.float64(-92.5327415669786), np.float64(87.95503857555735))","(np.float64(34.6072665), np.float64(-92.529121), np.float64(89.2300748844432))",5125010107.0,0.654343739580038,5125010107.0,,2.0,390
"(np.float64(34.6072665), np.float64(-92.529121), np.float64(89.2300748844432))","(np.float64(34.60856865071394), np.float64(-92.52511611190072), np.float64(82.63495154101678))",5125010107.0,0.3947817066991609,5125010107.0,,2.0,94
"(np.float64(34.60856865071394), np.float64(-92.52511611190072), np.float64(82.63495154101678))","(np.float64(34.60979458964799), np.float64(-92.5211333052899), np.float64(79.92382645157466))",5125010107.0,0.6704550572345944,5125010107.0,,2.0,272
"(np.float64(34.60979458964799), np.float64(-92.5211333052899), np.float64(79.92382645157466))","(np.float64(34.6108133), np.float64(-92.5177832), np.float64(80.1136718225747))",5125010107.0,0.7769340184429709,5125010107.0,,2.0,268
"(np.float64(34.6108133), np.float64(-92.5177832), np.float64(80.1136718225747))","(np.float64(34.6165472), np.float64(-92.5027202), np.float64(89.7763815359557))",5125010107.0,2.2612294735971235,5125010107.0,,2.0,272
"(np.float64(34.62342614857143), np.float64(-92.4889469997619), np.float64(85.46059010955298))","(np.float64(34.635574971075165), np.float64(-92.45788406175072), np.float64(75.3514529258772))",5125010411.0,6.5012511571521765,5125010411.0,,2.0,227
"(np.float64(34.801734), np.float64(-91.9909354), np.float64(42.7927365163655))","(np.float64(34.8020747), np.float64(-91.9824326), np.float64(39.1303564319699))",5085020302.0,0.7790237843875637,5085020302.0,,2.0,346
"(np.float64(34.8020747), np.float64(-91.9824326), np.float64(39.1303564319699))","(np.float64(34.80243836288868), np.float64(-91.97457789877556), np.float64(36.95019064087816))",5085020302.0,0.7199462181724685,5085020302.0,,2.0,402
"(np.float64(34.80348731178997), np.float64(-91.94672385599044), np.float64(41.523364070956006))","(np.float64(34.8034756), np.float64(-91.9334554), np.float64(34.4425429410434))",5085020500.0,1.9494188153887317,5085020500.0,,2.0,100
"(np.float64(34.8034756), np.float64(-91.9334554), np.float64(34.4425429410434))","(np.float64(34.8034756), np.float64(-91.9334554), np.float64(34.4425429410434))",5085020500.0,0.0,5085020500.0,,2.0,346
"(np.float64(34.8034756), np.float64(-91.9334554), np.float64(34.4425429410434))","(np.float64(34.80352001584996), np.float64(-91.91726766540008), np.float64(35.21554017156293))",5085020500.0,1.8178305055458017,5085020500.0,,2.0,100
"(np.float64(34.80352001584996), np.float64(-91.91726766540008), np.float64(35.21554017156293))","(np.float64(34.8035058), np.float64(-91.9106358), np.float64(33.1668706908144))",5085020500.0,0.9337547240881156,5085020500.0,,2.0,421
"(np.float64(34.8035058), np.float64(-91.9106358), np.float64(33.1668706908144))","(np.float64(34.8037492), np.float64(-91.8992507), np.float64(34.4616002675841))",5085020500.0,1.1957760712248517,5085020500.0,,2.0,348
"(np.float64(34.8037492), np.float64(-91.8992507), np.float64(34.4616002675841))","(np.float64(34.8020227), np.float64(-91.852353), np.float64(32.4981417647739))",5085020500.0,7.551456710994379,5085020500.0,,2.0,278
"(np.float64(34.8020227), np.float64(-91.852353), np.float64(32.4981417647739))","(np.float64(34.80058796237932), np.float64(-91.84441726001616), np.float64(31.114549160505145))",5085020500.0,1.0321950288552606,5085020500.0,,2.0,285
"(np.float64(34.80058796237932), np.float64(-91.84441726001616), np.float64(31.114549160505145))","(np.float64(34.799139784931505), np.float64(-91.8201135235711), np.float64(31.91625022684188))",5085020500.0,3.9156096575500086,5085020500.0,,2.0,278
"(np.float64(34.799139784931505), np.float64(-91.8201135235711), np.float64(31.91625022684188))","(np.float64(34.7990241), np.float64(-91.8155662), np.float64(31.8203778727331))",5085020500.0,0.6447997018373784,5085020500.0,,2.0,100
"(np.float64(34.79867839687847), np.float64(-91.79803676200038), np.float64(31.56754413630404))","(np.float64(34.7986767923578), np.float64(-91.79794783717232), np.float64(31.57007126180742))",5085020400.0,0.05788588478981617,5085020400.0,,2.0,18
"(np.float64(34.7986767923578), np.float64(-91.79794783717232), np.float64(31.57007126180742))","(np.float64(34.7985993), np.float64(-91.7936531), np.float64(31.6921219879529))",5085020400.0,0.6711422236555974,5085020400.0,,2.0,285
"(np.float64(34.7985993), np.float64(-91.7936531), np.float64(31.6921219879529))","(np.float64(34.7985277), np.float64(-91.7888555), np.float64(30.4974330110667))",5085020400.0,0.4391135362620753,5085020400.0,,2.0,18
"(np.float64(34.7985277), np.float64(-91.7888555), np.float64(30.4974330110667))","(np.float64(34.79847850406736), np.float64(-91.78778986208908), np.float64(29.83133811928321))",5085020400.0,0.21836274882840856,5085020400.0,,2.0,278
"(np.float64(34.79847850406736), np.float64(-91.78778986208908), np.float64(29.83133811928321))","(np.float64(34.797977564082856), np.float64(-91.77213946543058), np.float64(28.7450003646138))",5085020400.0,1.9526438603952336,5085020400.0,,2.0,285
"(np.float64(34.797977564082856), np.float64(-91.77213946543058), np.float64(28.7450003646138))","(np.float64(34.80106057311201), np.float64(-91.7433553303241), np.float64(33.44018184350232))",5085020400.0,4.534110499778639,5085020400.0,,2.0,479
"(np.float64(34.80106057311201), np.float64(-91.7433553303241), np.float64(33.44018184350232))","(np.float64(34.80204741387447), np.float64(-91.70241617092968), np.float64(37.43514438029453))",5085020400.0,5.287029775613234,5085020400.0,,2.0,109
"(np.float64(34.80204741387447), np.float64(-91.70241617092968), np.float64(37.43514438029453))","(np.float64(34.8020388), np.float64(-91.7021642), np.float64(37.5740593687501))",5085020400.0,0.02307757083123275,5085020400.0,,2.0,442
"(np.float64(34.8020388), np.float64(-91.7021642), np.float64(37.5740593687501))","(np.float64(34.8019823), np.float64(-91.697917), np.float64(35.8858236662202))",5085020400.0,0.38870714182313854,5085020400.0,,2.0,109
"(np.float64(34.8019823), np.float64(-91.697917), np.float64(35.8858236662202))","(np.float64(34.802019657600226), np.float64(-91.69752403741876), np.float64(35.87253707189716))",5085020400.0,0.08797718907850297,5085020400.0,,2.0,442
"(np.float64(34.8167515), np.float64(-91.6599523), np.float64(33.3850836869385))","(np.float64(34.817884892243306), np.float64(-91.64260300977318), np.float64(35.39189176018654))",5117460200.0,2.818836544933013,5117460200.0,,8.0,362
"(np.float64(34.817884892243306), np.float64(-91.64260300977318), np.float64(35.39189176018654))","(np.float64(34.81806483106753), np.float64(-91.62036397747076), np.float64(32.644605312769905))",5117460200.0,2.861414780789379,5117460200.0,,8.0,329
"(np.float64(34.81806483106753), np.float64(-91.62036397747076), np.float64(32.644605312769905))","(np.float64(34.81807388175772), np.float64(-91.61232307691212), np.float64(34.867325943298084))",5117460200.0,1.2732632478520678,5117460200.0,,8.0,362
"(np.float64(34.81807388175772), np.float64(-91.61232307691212), np.float64(34.867325943298084))","(np.float64(34.818144), np.float64(-91.6077905), np.float64(36.2297617187374))",5117460200.0,0.6279230839897262,5117460200.0,,8.0,329
"(np.float64(34.818144), np.float64(-91.6077905), np.float64(36.2297617187374))","(np.float64(34.818863614893615), np.float64(-91.59029204680851), np.float64(30.012070834146847))",5117460200.0,3.6552509048636663,5117460200.0,,8.0,362
"(np.float64(34.818863614893615), np.float64(-91.59029204680851), np.float64(30.012070834146847))","(np.float64(34.8190067), np.float64(-91.5880121), np.float64(28.3648645317536))",5117460200.0,0.20920015363075273,5117460200.0,,8.0,329
"(np.float64(34.8190067), np.float64(-91.5880121), np.float64(28.3648645317536))","(np.float64(34.81908437112727), np.float64(-91.57721874571168), np.float64(26.570216205398005))",5117460200.0,1.5112864868073057,5117460200.0,,8.0,362
"(np.float64(34.8153259), np.float64(-91.567545), np.float64(34.8683352064413))","(np.float64(34.81889404271466), np.float64(-91.55719284067648), np.float64(51.6542073235651))",5117460200.0,2.80572450242576,5117460200.0,,8.0,145
"(np.float64(34.84063583824362), np.float64(-91.45504585509914), np.float64(60.33675033372761))","(np.float64(34.8406962), np.float64(-91.4548105), np.float64(60.6298257044047))",5117460100.0,0.022546308596627956,5117460100.0,,8.0,195
"(np.float64(34.8406962), np.float64(-91.4548105), np.float64(60.6298257044047))","(np.float64(34.8445708461684), np.float64(-91.43651695525072), np.float64(42.964424985286))",5117460100.0,2.9321344523396156,5117460100.0,,8.0,430
"(np.float64(34.8460366446234), np.float64(-91.4082682544292), np.float64(41.867867523082666))","(np.float64(34.8458414), np.float64(-91.3926401), np.float64(42.1817283391075))",5117460300.0,2.1002889175819677,5117460300.0,,8.0,10
"(np.float64(34.8698016667066), np.float64(-91.28999682208682), np.float64(32.547159133705485))","(np.float64(34.8869739), np.float64(-91.2571055), np.float64(23.1523743857789))",5095950100.0,7.208786361360377,5095950100.0,,8.0,75
"(np.float64(34.8869739), np.float64(-91.2571055), np.float64(23.1523743857789))","(np.float64(34.88966884809763), np.float64(-91.25346804473816), np.float64(24.233669933676268))",5095950100.0,0.49080114655557017,5095950100.0,,8.0,345
"(np.float64(34.88966884809763), np.float64(-91.25346804473816), np.float64(24.233669933676268))","(np.float64(34.8918856), np.float64(-91.2504728), np.float64(28.8268318840934))",5095950100.0,0.43112897406343,5095950100.0,,8.0,75
"(np.float64(34.8918856), np.float64(-91.2504728), np.float64(28.8268318840934))","(np.float64(34.89899684938154), np.float64(-91.24064918896288), np.float64(25.93564518940856))",5095950100.0,2.7008919336359356,5095950100.0,,8.0,82
"(np.float64(34.89899684938154), np.float64(-91.24064918896288), np.float64(25.93564518940856))","(np.float64(34.90005240038351), np.float64(-91.2387183392138), np.float64(25.10237810560626))",5095950100.0,0.2119111231316643,5095950100.0,,8.0,345
"(np.float64(34.90005240038351), np.float64(-91.2387183392138), np.float64(25.10237810560626))","(np.float64(34.9077106), np.float64(-91.2161975), np.float64(19.9632015715076))",5095950100.0,5.680182215122121,5095950100.0,,8.0,82
"(np.float64(34.9077106), np.float64(-91.2161975), np.float64(19.9632015715076))","(np.float64(34.9100636), np.float64(-91.178969), np.float64(22.8850720969307))",5095950100.0,5.696796956724377,5095950100.0,,8.0,210
"(np.float64(34.9100636), np.float64(-91.178969), np.float64(22.8850720969307))","(np.float64(34.91224744596888), np.float64(-91.17079647100424), np.float64(21.78098110756745))",5095950100.0,1.6859580557273497,5095950100.0,,8.0,377
"(np.float64(34.91224744596888), np.float64(-91.17079647100424), np.float64(21.78098110756745))","(np.float64(34.9138875), np.float64(-91.1664915), np.float64(21.1250610351563))",5095950100.0,0.8636554191611016,5095950100.0,,8.0,210
"(np.float64(34.9138875), np.float64(-91.1664915), np.float64(21.1250610351563))","(np.float64(34.9153527), np.float64(-91.1626787), np.float64(16.8255930622716))",5095950100.0,0.4671376450413274,5095950100.0,,8.0,55
"(np.float64(34.9153527), np.float64(-91.1626787), np.float64(16.8255930622716))","(np.float64(34.9153527), np.float64(-91.1626787), np.float64(16.8255930622716))",5095950100.0,0.0,5095950100.0,,8.0,210
"(np.float64(34.9153527), np.float64(-91.1626787), np.float64(16.8255930622716))","(np.float64(34.91563280584813), np.float64(-91.1617833801958), np.float64(18.27795905875356))",5095950100.0,0.3617857030097507,5095950100.0,,8.0,181
"(np.float64(34.91563280584813), np.float64(-91.1617833801958), np.float64(18.27795905875356))","(np.float64(34.91647761640514), np.float64(-91.15908305948643), np.float64(22.65835359419097))",5095950100.0,0.43905689991068697,5095950100.0,,8.0,55
"(np.float64(34.91647761640514), np.float64(-91.15908305948643), np.float64(22.65835359419097))","(np.float64(34.9165403), np.float64(-91.1588827), np.float64(22.9833718768431))",5095950100.0,0.019587933639731242,5095950100.0,,8.0,210
"(np.float64(34.9165403), np.float64(-91.1588827), np.float64(22.9833718768431))","(np.float64(34.91659822413328), np.float64(-91.15861776633427), np.float64(22.77189598892549))",5095950100.0,0.06863998015523606,5095950100.0,,8.0,107
"(np.float64(34.91659822413328), np.float64(-91.15861776633427), np.float64(22.77189598892549))","(np.float64(34.9174061), np.float64(-91.1549227), np.float64(19.8224126462378))",5095950100.0,0.5860549500811852,5095950100.0,,8.0,55
"(np.float64(34.9174061), np.float64(-91.1549227), np.float64(19.8224126462378))","(np.float64(34.91758111812216), np.float64(-91.15386121910008), np.float64(20.04683332144236))",5095950100.0,0.09892260497977538,5095950100.0,,8.0,181
"(np.float64(34.9189381), np.float64(-91.1461454), np.float64(20.2538452148437))","(np.float64(34.9189381), np.float64(-91.1461454), np.float64(20.2538452148437))",5123960300.0,0.12270485898473638,5123960300.0,,6.0,107
"(np.float64(34.9189381), np.float64(-91.1461454), np.float64(20.2538452148437))","(np.float64(34.9210196), np.float64(-91.1380492), np.float64(20.3431883011895))",5123960300.0,0.8998944749791911,5123960300.0,,6.0,210
"(np.float64(34.9210196), np.float64(-91.1380492), np.float64(20.3431883011895))","(np.float64(34.9226387), np.float64(-91.1341029), np.float64(20.1080737829882))",5123960300.0,0.4028549862044074,5123960300.0,,6.0,55
"(np.float64(34.9226387), np.float64(-91.1341029), np.float64(20.1080737829882))","(np.float64(34.9336297), np.float64(-91.0835856), np.float64(18.354150198232))",5123960300.0,10.433239430932707,5123960300.0,,6.0,107
"(np.float64(34.9336297), np.float64(-91.0835856), np.float64(18.354150198232))","(np.float64(34.95146483469582), np.float64(-91.02383907514258), np.float64(21.25079897457574))",5123960300.0,9.99019700172,5123960300.0,,6.0,286
"(np.float64(34.9548742), np.float64(-91.012799), np.float64(22.1576538085937))","(np.float64(34.9564022), np.float64(-91.0081428), np.float64(21.9156117361043))",5123960300.0,0.8935435261854199,5123960300.0,,6.0,391
"(np.float64(34.9564022), np.float64(-91.0081428), np.float64(21.9156117361043))","(np.float64(34.9588476), np.float64(-91.0000091), np.float64(22.4197998046875))",5123960300.0,1.1008023525744595,5123960300.0,,6.0,286
"(np.float64(34.9588476), np.float64(-91.0000091), np.float64(22.4197998046875))","(np.float64(34.96803299509757), np.float64(-90.97020294174204), np.float64(24.205218604061454))",5123960300.0,4.415441864926514,5123960300.0,,6.0,391
"(np.float64(34.96803299509757), np.float64(-90.97020294174204), np.float64(24.205218604061454))","(np.float64(34.9736118), np.float64(-90.9515379), np.float64(25.8101798045237))",5123960300.0,3.256397234917484,5123960300.0,,6.0,384
"(np.float64(35.00059350428571), np.float64(-90.86167379809524), np.float64(27.41001514670615))","(np.float64(35.0006736), np.float64(-90.8614435), np.float64(27.5636463266701))",5123960201.0,0.31832912695142274,5123960201.0,,6.0,248
"(np.float64(35.0006736), np.float64(-90.8614435), np.float64(27.5636463266701))","(np.float64(35.0042021), np.float64(-90.8531552), np.float64(26.973302030824))",5123960201.0,1.088468084888479,5123960201.0,,6.0,95
"(np.float64(35.0042021), np.float64(-90.8531552), np.float64(26.973302030824))","(np.float64(35.006312), np.float64(-90.8496338), np.float64(22.048095703125))",5123960201.0,0.4502584486652755,5123960201.0,,6.0,248
"(np.float64(35.006312), np.float64(-90.8496338), np.float64(22.048095703125))","(np.float64(35.00835298883055), np.float64(-90.84643289923628), np.float64(19.91298048503701))",5123960201.0,0.5841851123778937,5123960201.0,,6.0,409
"(np.float64(35.00835298883055), np.float64(-90.84643289923628), np.float64(19.91298048503701))","(np.float64(35.0109209384678), np.float64(-90.84219722792848), np.float64(28.062233766072023))",5123960201.0,0.6497135020515027,5123960201.0,,6.0,248
"(np.float64(35.0109209384678), np.float64(-90.84219722792848), np.float64(28.062233766072023))","(np.float64(35.0129175), np.float64(-90.8389614), np.float64(31.1096518431593))",5123960201.0,0.46728835306664795,5123960201.0,,6.0,409
"(np.float64(35.0129175), np.float64(-90.8389614), np.float64(31.1096518431593))","(np.float64(35.0174141964235), np.float64(-90.8315620096098), np.float64(24.375237109622383))",5123960201.0,1.0948285525020995,5123960201.0,,6.0,248
"(np.float64(35.0174141964235), np.float64(-90.8315620096098), np.float64(24.375237109622383))","(np.float64(35.02159310099715), np.float64(-90.82477280128204), np.float64(24.2931150632626))",5123960201.0,1.1770899011291025,5123960201.0,,6.0,409
"(np.float64(35.02159310099715), np.float64(-90.82477280128204), np.float64(24.2931150632626))","(np.float64(35.0226291), np.float64(-90.8231209), np.float64(23.273168154549))",5123960201.0,0.2292902381783425,5123960201.0,,6.0,257
"(np.float64(35.02351965302014), np.float64(-90.82175268715244), np.float64(22.1560869708822))","(np.float64(35.02463201296415), np.float64(-90.82002190561673), np.float64(21.069339351463576))",5123960400.0,0.23944651783550452,5123960400.0,,6.0,257
"(np.float64(35.02463201296415), np.float64(-90.82002190561673), np.float64(21.069339351463576))","(np.float64(35.02675055314058), np.float64(-90.81638782696258), np.float64(24.109446933380195))",5123960400.0,0.8075595555355082,5123960400.0,,6.0,409
"(np.float64(35.02675055314058), np.float64(-90.81638782696258), np.float64(24.109446933380195))","(np.float64(35.0371097), np.float64(-90.7809013), np.float64(62.5732567720399))",5123960400.0,5.124135876898154,5123960400.0,,6.0,38
"(np.float64(35.0374596), np.float64(-90.7672279), np.float64(53.7210382498011))","(np.float64(35.0327953), np.float64(-90.7264497), np.float64(50.3648822165339))",5123960202.0,8.564934699314867,5123960202.0,,6.0,58
"(np.float64(35.0327953), np.float64(-90.7264497), np.float64(50.3648822165339))","(np.float64(35.0345162), np.float64(-90.7220705), np.float64(40.077027893059))",5123960202.0,0.8896715026865625,5123960202.0,,6.0,92
"(np.float64(35.0345162), np.float64(-90.7220705), np.float64(40.077027893059))","(np.float64(35.041970644338974), np.float64(-90.71124671859096), np.float64(26.4207617570363))",5123960202.0,1.8972546001741843,5123960202.0,,6.0,402
"(np.float64(35.041970644338974), np.float64(-90.71124671859096), np.float64(26.4207617570363))","(np.float64(35.04419588449815), np.float64(-90.70792735157312), np.float64(24.325708604683538))",5123960202.0,0.626601286087145,5123960202.0,,6.0,58
"(np.float64(35.04419588449815), np.float64(-90.70792735157312), np.float64(24.325708604683538))","(np.float64(35.054760041394026), np.float64(-90.69183284381222), np.float64(24.408030576221574))",5123960202.0,2.9889815894118525,5123960202.0,,6.0,402
"(np.float64(35.057512492531245), np.float64(-90.68714927165772), np.float64(15.098367717591))","(np.float64(35.05795928581156), np.float64(-90.68637369460002), np.float64(15.0107532724336))",5123960100.0,0.11154672752228048,5123960100.0,,6.0,402
"(np.float64(35.05795928581156), np.float64(-90.68637369460002), np.float64(15.0107532724336))","(np.float64(35.05798982674923), np.float64(-90.68628947080146), np.float64(15.092403256264344))",5123960100.0,0.021741016321447287,5123960100.0,,6.0,92
"(np.float64(35.05798982674923), np.float64(-90.68628947080146), np.float64(15.092403256264344))","(np.float64(35.0579878), np.float64(-90.6861356), np.float64(15.4420784218893))",5123960100.0,0.020600935644533955,5123960100.0,,6.0,402
"(np.float64(35.0579878), np.float64(-90.6861356), np.float64(15.4420784218893))","(np.float64(35.0578768), np.float64(-90.6865037), np.float64(15.2240265736629))",5123960100.0,0.041901030375127414,5123960100.0,,6.0,92
"(np.float64(35.0578768), np.float64(-90.6865037), np.float64(15.2240265736629))","(np.float64(35.0578027), np.float64(-90.686608), np.float64(15.2240265736629))",5123960100.0,0.012574199295007617,5123960100.0,,6.0,402
"(np.float64(35.0578027), np.float64(-90.686608), np.float64(15.2240265736629))","(np.float64(35.057312257314635), np.float64(-90.68732582585172), np.float64(15.0342745751657))",5123960100.0,0.18371477525663782,5123960100.0,,6.0,92
"(np.float64(35.057312257314635), np.float64(-90.68732582585172), np.float64(15.0342745751657))","(np.float64(35.05730802653938), np.float64(-90.68731304434368), np.float64(15.068689863556564))",5123960100.0,0.0013083799780600513,5123960100.0,,6.0,402
"(np.float64(35.05730802653938), np.float64(-90.68731304434368), np.float64(15.068689863556564))","(np.float64(35.057194445816734), np.float64(-90.68756619043825), np.float64(15.9556394328575))",5123960100.0,0.04538246141676684,5123960100.0,,6.0,92
"(np.float64(35.057194445816734), np.float64(-90.68756619043825), np.float64(15.9556394328575))","(np.float64(35.05703785888223), np.float64(-90.68781120838324), np.float64(14.5642062830161))",5123960100.0,0.02835678454315404,5123960100.0,,6.0,402
"(np.float64(35.05703785888223), np.float64(-90.68781120838324), np.float64(14.5642062830161))","(np.float64(35.0550385), np.float64(-90.6885091), np.float64(17.0538041593586))",5123960100.0,0.4531441090885671,5123960100.0,,6.0,92
"(np.float64(35.0550385), np.float64(-90.6885091), np.float64(17.0538041593586))","(np.float64(35.053164419943016), np.float64(-90.68964215982906), np.float64(17.641002689234494))",5123960100.0,0.2486024411009055,5123960100.0,,6.0,402
"(np.float64(35.053164419943016), np.float64(-90.68964215982906), np.float64(17.641002689234494))","(np.float64(35.05312), np.float64(-90.6896552), np.float64(17.6927630420788))",5123960100.0,0.005069854710131867,5123960100.0,,6.0,58
"(np.float64(35.05312), np.float64(-90.6896552), np.float64(17.6927630420788))","(np.float64(35.05256766088343), np.float64(-90.68861658079328), np.float64(16.846992104646112))",5123960100.0,0.33942728816353696,5123960100.0,,6.0,402
"(np.float64(35.05256766088343), np.float64(-90.68861658079328), np.float64(16.846992104646112))","(np.float64(35.0538838), np.float64(-90.6866269), np.float64(21.9073111257185))",5123960100.0,0.32120058329068,5123960100.0,,6.0,92
"(np.float64(35.0538838), np.float64(-90.6866269), np.float64(21.9073111257185))","(np.float64(35.05828465976831), np.float64(-90.68042910225788), np.float64(22.02477673756402))",5123960100.0,0.9919010657580041,5123960100.0,,6.0,58
"(np.float64(35.05828465976831), np.float64(-90.68042910225788), np.float64(22.02477673756402))","(np.float64(35.06669336442857), np.float64(-90.66842723966668), np.float64(25.28546190723366))",5123960100.0,1.973357427237038,5123960100.0,,6.0,92
"(np.float64(35.06669336442857), np.float64(-90.66842723966668), np.float64(25.28546190723366))","(np.float64(35.0689561133968), np.float64(-90.66505868346772), np.float64(23.81402574201911))",5123960100.0,0.956766042298711,5123960100.0,,6.0,58
"(np.float64(35.0689561133968), np.float64(-90.66505868346772), np.float64(23.81402574201911))","(np.float64(35.0889182), np.float64(-90.6296057), np.float64(22.683892993858))",5123960100.0,7.439235456587871,5123960100.0,,6.0,92
"(np.float64(35.0889182), np.float64(-90.6296057), np.float64(22.683892993858))","(np.float64(35.11694612538177), np.float64(-90.5495376062033), np.float64(19.497782466866628))",5123960100.0,14.760938418494353,5123960100.0,,6.0,171
"(np.float64(35.11694612538177), np.float64(-90.5495376062033), np.float64(19.497782466866628))","(np.float64(35.11782743030303), np.float64(-90.54775001363636), np.float64(18.13855897791352))",5123960100.0,0.40199374216021333,5123960100.0,,6.0,325
"(np.float64(35.1244725), np.float64(-90.5309644), np.float64(30.7025792223757))","(np.float64(35.1287794), np.float64(-90.518758), np.float64(33.2832796715495))",5123960100.0,1.3077345937105742,5123960100.0,,6.0,171
"(np.float64(35.1287794), np.float64(-90.518758), np.float64(33.2832796715495))","(np.float64(35.13237738951004), np.float64(-90.49216059439246), np.float64(29.00075369240917))",5123960100.0,3.3864287062940113,5123960100.0,,6.0,325
"(np.float64(35.13237738951004), np.float64(-90.49216059439246), np.float64(29.00075369240917))","(np.float64(35.1330141), np.float64(-90.4743543), np.float64(31.7815692408532))",5123960100.0,2.0299348573369396,5123960100.0,,6.0,53
"(np.float64(35.1330141), np.float64(-90.4743543), np.float64(31.7815692408532))","(np.float64(35.1394387), np.float64(-90.4265518), np.float64(29.7340571328137))",5123960100.0,4.54283562512262,5123960100.0,,6.0,474
"(np.float64(35.1394387), np.float64(-90.4265518), np.float64(29.7340571328137))","(np.float64(35.1395559033365), np.float64(-90.42630226276036), np.float64(29.67591112684993))",5123960100.0,0.026196213413534408,5123960100.0,,6.0,468
"(np.float64(35.1395559033365), np.float64(-90.42630226276036), np.float64(29.67591112684993))","(np.float64(35.1470632), np.float64(-90.410523), np.float64(26.7429798692366))",5123960100.0,1.7906094850822907,5123960100.0,,6.0,474
"(np.float64(35.1498139), np.float64(-90.3630122), np.float64(29.023551806663))","(np.float64(35.1484427), np.float64(-90.3338753), np.float64(28.5438291404893))",5035031000.0,3.57310389697747,5035031000.0,,1.0,175
"(np.float64(35.1484427), np.float64(-90.3338753), np.float64(28.5438291404893))","(np.float64(35.1481661), np.float64(-90.3295264), np.float64(33.5426182945354))",5035031000.0,0.3975052236025937,5035031000.0,,1.0,258
"(np.float64(35.1481661), np.float64(-90.3295264), np.float64(33.5426182945354))","(np.float64(35.14783326676232), np.float64(-90.29289913591585), np.float64(31.55678795421864))",5035031000.0,3.8894689958905184,5035031000.0,,1.0,175
"(np.float64(35.1478393), np.float64(-90.2903561), np.float64(33.4147207841834))","(np.float64(35.147795437966906), np.float64(-90.28817866335696), np.float64(31.14139934275032))",5035030703.0,0.19848976632856155,5035030703.0,,1.0,258
"(np.float64(35.147795437966906), np.float64(-90.28817866335696), np.float64(31.14139934275032))","(np.float64(35.1477455), np.float64(-90.2856996), np.float64(28.5531688644352))",5035030703.0,0.22598535889304264,5035030703.0,,1.0,414
"(np.float64(35.1477455), np.float64(-90.2856996), np.float64(28.5531688644352))","(np.float64(35.14769), np.float64(-90.2813945), np.float64(32.0048358508363))",5035030703.0,0.39236247611757336,5035030703.0,,1.0,319
"(np.float64(35.14769), np.float64(-90.2813945), np.float64(32.0048358508363))","(np.float64(35.14758207163966), np.float64(-90.27490240343184), np.float64(28.749195518119134))",5035030703.0,0.6547378215216828,5035030703.0,,1.0,414
"(np.float64(35.14758207163966), np.float64(-90.27490240343184), np.float64(28.749195518119134))","(np.float64(35.14860236543438), np.float64(-90.26325006797276), np.float64(26.53585250086244))",5035030703.0,1.2672861973136766,5035030703.0,,1.0,319
"(np.float64(35.1567611), np.float64(-90.2369576), np.float64(21.9197941839406))","(np.float64(35.1591648), np.float64(-90.2293341), np.float64(24.1001682015125))",5035030202.0,0.8116989690320353,5035030202.0,,1.0,321
"(np.float64(35.1591648), np.float64(-90.2293341), np.float64(24.1001682015125))","(np.float64(35.1591648), np.float64(-90.2293341), np.float64(24.1001682015125))",5035030202.0,0.0,5035030202.0,,1.0,405
"(np.float64(35.1591648), np.float64(-90.2293341), np.float64(24.1001682015125))","(np.float64(35.1602685), np.float64(-90.2255128), np.float64(21.8022409866318))",5035030202.0,0.36907377115984336,5035030202.0,,1.0,321
"(np.float64(35.1602685), np.float64(-90.2255128), np.float64(21.8022409866318))","(np.float64(35.1613949), np.float64(-90.2217553), np.float64(20.7235356915295))",5035030202.0,0.3644411113097405,5035030202.0,,1.0,277
"(np.float64(35.1613949), np.float64(-90.2217553), np.float64(20.7235356915295))","(np.float64(35.1641633), np.float64(-90.2127504), np.float64(21.4041228032522))",5035030202.0,0.8760848204828398,5035030202.0,,1.0,52
"(np.float64(35.1641633), np.float64(-90.2127504), np.float64(21.4041228032522))","(np.float64(35.1641633), np.float64(-90.2127504), np.float64(21.4041228032522))",5035030202.0,0.0,5035030202.0,,1.0,21
"(np.float64(35.1641633), np.float64(-90.2127504), np.float64(21.4041228032522))","(np.float64(35.1641633), np.float64(-90.2127504), np.float64(21.4041228032522))",5035030202.0,0.0,5035030202.0,,1.0,94
"(np.float64(35.1641633), np.float64(-90.2127504), np.float64(21.4041228032522))","(np.float64(35.165095918377084), np.float64(-90.20953858472554), np.float64(19.2407749107621))",5035030202.0,0.310375378372723,5035030202.0,,1.0,52
"(np.float64(35.165095918377084), np.float64(-90.20953858472554), np.float64(19.2407749107621))","(np.float64(35.1671116), np.float64(-90.2028208), np.float64(22.5897107065516))",5035030202.0,0.8128955609765943,5035030202.0,,1.0,404
"(np.float64(35.1671116), np.float64(-90.2028208), np.float64(22.5897107065516))","(np.float64(35.16719166109363), np.float64(-90.20258244237012), np.float64(22.33217961451936))",5035030202.0,0.023462765608933043,5035030202.0,,1.0,493
"(np.float64(35.168129), np.float64(-90.1997918), np.float64(19.3170582716325))","(np.float64(35.1695737), np.float64(-90.1971729), np.float64(20.0058118329743))",5035030201.0,0.2874236286818681,5035030201.0,,1.0,360
"(np.float64(35.1695737), np.float64(-90.1971729), np.float64(20.0058118329743))","(np.float64(35.1708428), np.float64(-90.1942992), np.float64(20.5391467618308))",5035030201.0,0.29725297587139277,5035030201.0,,1.0,146
"(np.float64(35.1708428), np.float64(-90.1942992), np.float64(20.5391467618308))","(np.float64(35.17084698332734), np.float64(-90.19382284701372), np.float64(20.31685955620976))",5035030201.0,0.04339800490053331,5035030201.0,,1.0,401
"(np.float64(35.17084698332734), np.float64(-90.19382284701372), np.float64(20.31685955620976))","(np.float64(35.1708696), np.float64(-90.1912475), np.float64(19.1150896341732))",5035030201.0,0.2913218332267226,5035030201.0,,1.0,105
"(np.float64(35.1558367), np.float64(-90.1513892), np.float64(23.1742210579979))","(np.float64(35.1551979), np.float64(-90.1481049), np.float64(24.3711442270496))",5035030602.0,0.3075304436793334,5035030602.0,,1.0,18
"(np.float64(35.1551979), np.float64(-90.1481049), np.float64(24.3711442270496))","(np.float64(35.1563631), np.float64(-90.1333595), np.float64(28.1054588568225))",5035030602.0,1.5034637196887397,5035030602.0,,1.0,13
"(np.float64(35.1563631), np.float64(-90.1333595), np.float64(28.1054588568225))","(np.float64(35.1558987), np.float64(-90.1178117), np.float64(26.2002165598446))",5035030602.0,1.8886086272006377,5035030602.0,,1.0,467
"(np.float64(35.1558987), np.float64(-90.1178117), np.float64(26.2002165598446))","(np.float64(35.15553399456522), np.float64(-90.11604823260868), np.float64(29.857071505207816))",5035030602.0,0.16573540959426,5035030602.0,,1.0,18
"(np.float64(35.15553399456522), np.float64(-90.11604823260868), np.float64(29.857071505207816))","(np.float64(35.1551184), np.float64(-90.1140387), np.float64(34.0241852801566))",5035030602.0,0.18886224311606004,5035030602.0,,1.0,467
"(np.float64(35.1551184), np.float64(-90.1140387), np.float64(34.0241852801566))","(np.float64(35.15431156956998), np.float64(-90.10960146759126), np.float64(31.435690260846293))",5035030602.0,0.41411175730567873,5035030602.0,,1.0,496
"(np.float64(35.15431156956998), np.float64(-90.10960146759126), np.float64(31.435690260846293))","(np.float64(35.1537735463864), np.float64(-90.10676861724136), np.float64(33.34822554579554))",5035030602.0,0.37103969727251584,5035030602.0,,1.0,331
"(np.float64(35.1537735463864), np.float64(-90.10676861724136), np.float64(33.34822554579554))","(np.float64(35.15370456975855), np.float64(-90.1063669960628), np.float64(33.82228278257175))",5035030602.0,0.0373987821426965,5035030602.0,,1.0,496
"(np.float64(35.15370456975855), np.float64(-90.1063669960628), np.float64(33.82228278257175))","(np.float64(35.15314981563393), np.float64(-90.10245777154432), np.float64(39.65769793538865))",5035030602.0,0.4024831493777054,5035030602.0,,1.0,331
"(np.float64(35.15314981563393), np.float64(-90.10245777154432), np.float64(39.65769793538865))","(np.float64(35.1530248), np.float64(-90.0990058), np.float64(37.2796181493926))",5035030602.0,0.38025503372519426,5035030602.0,,1.0,445
"(np.float64(35.1530248), np.float64(-90.0990058), np.float64(37.2796181493926))","(np.float64(35.153032593663745), np.float64(-90.09874579639585), np.float64(36.985676805652766))",5035030602.0,0.023708713229599332,5035030602.0,,1.0,496
"(np.float64(35.153032593663745), np.float64(-90.09874579639585), np.float64(36.985676805652766))","(np.float64(35.1530248), np.float64(-90.0990058), np.float64(37.2796181493926))",5035030602.0,0.023708713229599332,5035030602.0,,1.0,445
"(np.float64(35.1530248), np.float64(-90.0990058), np.float64(37.2796181493926))","(np.float64(35.15307175634339), np.float64(-90.0908128314502), np.float64(27.823642423750343))",5035030602.0,0.7469023070200946,5035030602.0,,1.0,496
"(np.float64(35.15307175634339), np.float64(-90.0908128314502), np.float64(27.823642423750343))","(np.float64(35.15306202891953), np.float64(-90.08649581441652), np.float64(30.089252320540258))",5035030602.0,0.42697401843337657,5035030602.0,,1.0,331
"(np.float64(35.15306202891953), np.float64(-90.08649581441652), np.float64(30.089252320540258))","(np.float64(35.1530928), np.float64(-90.0833032), np.float64(33.2760497347893))",5035030602.0,0.290943041353959,5035030602.0,,1.0,496
"(np.float64(35.1530928), np.float64(-90.0833032), np.float64(33.2760497347893))","(np.float64(35.1530604), np.float64(-90.0796083), np.float64(30.0760546168192))",5035030602.0,0.3367073572688948,5035030602.0,,1.0,373
"(np.float64(35.1530604), np.float64(-90.0796083), np.float64(30.0760546168192))","(np.float64(35.15312), np.float64(-90.0757607), np.float64(41.7030822515409))",5035030602.0,0.35084196249153193,5035030602.0,,1.0,184
"(np.float64(35.15312), np.float64(-90.0757607), np.float64(41.7030822515409))","(np.float64(35.1530643), np.float64(-90.0719544), np.float64(45.3288117897615))",5035030602.0,0.3875035495121072,5035030602.0,,1.0,373
"(np.float64(35.1530643), np.float64(-90.0719544), np.float64(45.3288117897615))","(np.float64(35.1530563), np.float64(-90.0681822), np.float64(49.0960426779248))",5035030602.0,0.38412891368560836,5035030602.0,,1.0,184
"(np.float64(35.1530563), np.float64(-90.0681822), np.float64(49.0960426779248))","(np.float64(35.1530563), np.float64(-90.0681822), np.float64(49.0960426779248))",5035030602.0,0.06475600021180798,5035030602.0,,1.0,177
"(np.float64(35.1530563), np.float64(-90.0681822), np.float64(49.0960426779248))","(np.float64(35.15303564124513), np.float64(-90.06729902651807), np.float64(50.48816410622732))",5035030602.0,0.08051818181305274,5035030602.0,,1.0,184
"(np.float64(35.1531284), np.float64(-90.0502919), np.float64(41.6856388124774))","(np.float64(35.151393), np.float64(-90.0400194), np.float64(30.2829957399252))",47157011300.0,0.9602093932366005,47157011300.0,,1.0,101
"(np.float64(35.1497580768509), np.float64(-90.02475219899624), np.float64(26.325720911666423))","(np.float64(35.1498209), np.float64(-90.0243811), np.float64(28.9458391267073))",47157002400.0,0.046675363170013646,47157002400.0,,1.0,431
"(np.float64(35.1498209), np.float64(-90.0243811), np.float64(28.9458391267073))","(np.float64(35.1498209), np.float64(-90.0243811), np.float64(28.9458391267073))",47157002400.0,0.0,47157002400.0,,1.0,27
"(np.float64(35.15010609464286), np.float64(-90.02329071785714), np.float64(23.5395273120932))","(np.float64(35.1504594), np.float64(-90.0226231), np.float64(27.6716023981078))",47157002400.0,0.07248779800267877,47157002400.0,,1.0,269
"(np.float64(35.1504594), np.float64(-90.0226231), np.float64(27.6716023981078))","(np.float64(35.1512925), np.float64(-90.0219322), np.float64(26.7416957190623))",47157002400.0,0.11183485965681825,47157002400.0,,1.0,8
"(np.float64(35.15151603311132), np.float64(-90.02164789224548), np.float64(27.00045140922219))","(np.float64(35.151576498094286), np.float64(-90.02161787693079), np.float64(27.2369285815074))",47157002500.0,0.007522290617071129,47157002500.0,,1.0,8
"(np.float64(35.151576498094286), np.float64(-90.02161787693079), np.float64(27.2369285815074))","(np.float64(35.1518761), np.float64(-90.0215769), np.float64(26.9139231439398))",47157002500.0,0.033450437131335185,47157002500.0,,1.0,27
"(np.float64(35.1518761), np.float64(-90.0215769), np.float64(26.9139231439398))","(np.float64(35.154311790903265), np.float64(-90.02100664426649), np.float64(23.766973686681524))",47157002500.0,0.2765283835362629,47157002500.0,,1.0,8
"(np.float64(35.154311790903265), np.float64(-90.02100664426649), np.float64(23.766973686681524))","(np.float64(35.1572808), np.float64(-90.0204771), np.float64(27.4506513374474))",47157002500.0,0.46617484902159234,47157002500.0,,1.0,386
"(np.float64(35.1585869669351), np.float64(-90.02033786598768), np.float64(25.91116769950033))","(np.float64(35.1680843), np.float64(-90.0184875), np.float64(32.8898653749163))",47157011200.0,1.4079106458385175,47157011200.0,,1.0,384
"(np.float64(35.1680843), np.float64(-90.0184875), np.float64(32.8898653749163))","(np.float64(35.1704042), np.float64(-90.0183604), np.float64(36.2191737693092))",47157011200.0,0.2576614651850869,47157011200.0,,1.0,471
"(np.float64(35.17160649036828), np.float64(-90.01836219235128), np.float64(37.811172193997216))","(np.float64(35.1851599), np.float64(-90.0174994), np.float64(33.7214168954979))",47157000400.0,1.5419454741748098,47157000400.0,,1.0,99
"(np.float64(35.1927514), np.float64(-89.9958079), np.float64(33.6601565803769))","(np.float64(35.1923139), np.float64(-89.9880943), np.float64(32.8846767537124))",47157010220.0,0.704200508574755,47157010220.0,,1.0,24
"(np.float64(35.1923139), np.float64(-89.9880943), np.float64(32.8846767537124))","(np.float64(35.1923139), np.float64(-89.9880943), np.float64(32.8846767537124))",47157010220.0,0.0,47157010220.0,,1.0,198
"(np.float64(35.1923139), np.float64(-89.9880943), np.float64(32.8846767537124))","(np.float64(35.192222897555126), np.float64(-89.98632703533077), np.float64(33.31509522562829))",47157010220.0,0.1612698319751655,47157010220.0,,1.0,196
"(np.float64(35.192222897555126), np.float64(-89.98632703533077), np.float64(33.31509522562829))","(np.float64(35.19209761650159), np.float64(-89.98395551489592), np.float64(34.05157003329015))",47157010220.0,0.21643545209365767,47157010220.0,,1.0,95
"(np.float64(35.19209761650159), np.float64(-89.98395551489592), np.float64(34.05157003329015))","(np.float64(35.191303192099326), np.float64(-89.97013164875847), np.float64(34.247075565307505))",47157010220.0,1.616750426436572,47157010220.0,,1.0,150
"(np.float64(35.1904179), np.float64(-89.9545966), np.float64(38.5644954611553))","(np.float64(35.1904179), np.float64(-89.9545966), np.float64(38.5644954611553))",47157020543.0,0.0,47157020543.0,,1.0,351
"(np.float64(35.1904179), np.float64(-89.9545966), np.float64(38.5644954611553))","(np.float64(35.1898492), np.float64(-89.946547), np.float64(35.5593614601787))",47157020543.0,0.7359101918101084,47157020543.0,,1.0,149
"(np.float64(35.1898492), np.float64(-89.946547), np.float64(35.5593614601787))","(np.float64(35.18985445056926), np.float64(-89.94619060939279), np.float64(35.565263818121494))",47157020543.0,0.032464330337488835,47157020543.0,,1.0,351
"(np.float64(35.18985445056926), np.float64(-89.94619060939279), np.float64(35.565263818121494))","(np.float64(35.1899051), np.float64(-89.9427527), np.float64(35.6222007053474))",47157020543.0,0.39432673439369276,47157020543.0,,1.0,318
"(np.float64(35.19055869109077), np.float64(-89.9379868994735), np.float64(34.56462838828828))","(np.float64(35.1927616463949), np.float64(-89.92732761792276), np.float64(41.615413066086965))",47157008900.0,1.2849700879444061,47157008900.0,,1.0,318
"(np.float64(35.1927616463949), np.float64(-89.92732761792276), np.float64(41.615413066086965))","(np.float64(35.1924984), np.float64(-89.9232853), np.float64(42.3429764352093))",47157008900.0,0.4708356428812797,47157008900.0,,1.0,228
"(np.float64(35.16787711822356), np.float64(-89.90158884660178), np.float64(45.49844567027196))","(np.float64(35.1540287), np.float64(-89.8886032), np.float64(50.2810942617391))",47157009800.0,2.532977736694956,47157009800.0,,1.0,171
"(np.float64(35.1604895), np.float64(-89.8735904), np.float64(40.2432245629452))","(np.float64(35.16272094034335), np.float64(-89.86812228655222), np.float64(41.97414527477464))",47157021200.0,0.7001845174256869,47157021200.0,,1.0,68
"(np.float64(35.16272094034335), np.float64(-89.86812228655222), np.float64(41.97414527477464))","(np.float64(35.1648081), np.float64(-89.8626375), np.float64(46.7015942392391))",47157021200.0,0.6667840712807059,47157021200.0,,1.0,178
"(np.float64(35.1691683), np.float64(-89.8510891), np.float64(43.8461954161322))","(np.float64(35.1691683), np.float64(-89.8510891), np.float64(43.8461954161322))",47157021122.0,0.0,47157021122.0,,1.0,242
"(np.float64(35.1728681), np.float64(-89.8415345), np.float64(45.3686203915311))","(np.float64(35.171764), np.float64(-89.836632), np.float64(41.6009242600751))",47157021121.0,0.8848748382128296,47157021121.0,,1.0,421
"(np.float64(35.171764), np.float64(-89.836632), np.float64(41.6009242600751))","(np.float64(35.1715587), np.float64(-89.8364608), np.float64(40.3379852819487))",47157021121.0,0.027633580191957476,47157021121.0,,1.0,70
"(np.float64(35.1715587), np.float64(-89.8364608), np.float64(40.3379852819487))","(np.float64(35.1720273), np.float64(-89.8361623), np.float64(41.0454961841228))",47157021121.0,0.2565571036202158,47157021121.0,,1.0,421
"(np.float64(35.1718749), np.float64(-89.8360633), np.float64(45.0910188404611))","(np.float64(35.17186051296735), np.float64(-89.8360407597255), np.float64(50.038914293949176))",47157021121.0,0.025275821875072033,47157021121.0,,1.0,478
"(np.float64(35.17186051296735), np.float64(-89.8360407597255), np.float64(50.038914293949176))","(np.float64(35.17616903923628), np.float64(-89.83369544062053), np.float64(53.940108801174105))",47157021121.0,0.6525381337216188,47157021121.0,,1.0,430
"(np.float64(35.180072111686464), np.float64(-89.82551651173397), np.float64(60.799772540008576))","(np.float64(35.1835353), np.float64(-89.8177115), np.float64(61.089998557847))",47157021112.0,0.8630023291989105,47157021112.0,,1.0,262
"(np.float64(35.1865936), np.float64(-89.8110249), np.float64(62.243925702215))","(np.float64(35.1940442), np.float64(-89.7945184), np.float64(69.9994729778414))",47157021113.0,2.473113960003522,47157021113.0,,1.0,186
"(np.float64(35.1940442), np.float64(-89.7945184), np.float64(69.9994729778414))","(np.float64(35.1940442), np.float64(-89.7945184), np.float64(69.9994729778414))",47157021113.0,0.0,47157021113.0,,1.0,318
"(np.float64(35.1940442), np.float64(-89.7945184), np.float64(69.9994729778414))","(np.float64(35.1940442), np.float64(-89.7945184), np.float64(69.9994729778414))",47157021113.0,0.0,47157021113.0,,1.0,234
"(np.float64(35.19680300181384), np.float64(-89.78836859880668), np.float64(74.11606624998504))","(np.float64(35.1999024), np.float64(-89.7814701), np.float64(79.8991202123787))",47157021142.0,0.7658597708951878,47157021142.0,,1.0,353
"(np.float64(35.1999024), np.float64(-89.7814701), np.float64(79.8991202123787))","(np.float64(35.20124026239316), np.float64(-89.77855569686609), np.float64(83.96162612422437))",47157021142.0,0.3041164119162861,47157021142.0,,1.0,234
"(np.float64(35.20124026239316), np.float64(-89.77855569686609), np.float64(83.96162612422437))","(np.float64(35.2027406), np.float64(-89.7753472), np.float64(88.6278051383903))",47157021142.0,0.33630206535421303,47157021142.0,,1.0,189
"(np.float64(35.2109578), np.float64(-89.7591068), np.float64(90.1433881399343))","(np.float64(35.2142599), np.float64(-89.7524979), np.float64(89.7518336822083))",47157020837.0,0.7047680663615373,47157020837.0,,1.0,268
"(np.float64(35.2142599), np.float64(-89.7524979), np.float64(89.7518336822083))","(np.float64(35.21499560618459), np.float64(-89.75118836546146), np.float64(91.97414788160869))",47157020837.0,0.14451315355223796,47157020837.0,,1.0,193
"(np.float64(35.21499560618459), np.float64(-89.75118836546146), np.float64(91.97414788160869))","(np.float64(35.219518), np.float64(-89.743292), np.float64(93.4913876372742))",47157020837.0,0.8769947021955223,47157020837.0,,1.0,353
"(np.float64(35.219518), np.float64(-89.743292), np.float64(93.4913876372742))","(np.float64(35.2235819), np.float64(-89.7365633), np.float64(92.5470434757205))",47157020837.0,0.7607046728721027,47157020837.0,,1.0,220
"(np.float64(35.2235819), np.float64(-89.7365633), np.float64(92.5470434757205))","(np.float64(35.2274476), np.float64(-89.7299135), np.float64(88.5098749347553))",47157020837.0,0.9615315087644438,47157020837.0,,1.0,284
"(np.float64(35.2274476), np.float64(-89.7299135), np.float64(88.5098749347553))","(np.float64(35.2331572), np.float64(-89.7202653), np.float64(92.0790404458071))",47157020837.0,1.0829753194958913,47157020837.0,,1.0,249
"(np.float64(35.2331572), np.float64(-89.7202653), np.float64(92.0790404458071))","(np.float64(35.235147), np.float64(-89.7168929), np.float64(92.8795876903285))",47157020837.0,0.37812174018804506,47157020837.0,,1.0,225
"(np.float64(35.235147), np.float64(-89.7168929), np.float64(92.8795876903285))","(np.float64(35.2419157), np.float64(-89.7040069), np.float64(73.6631919344775))",47157020837.0,1.6159224492521083,47157020837.0,,1.0,366
"(np.float64(35.2419157), np.float64(-89.7040069), np.float64(73.6631919344775))","(np.float64(35.2419157), np.float64(-89.7040069), np.float64(73.6631919344775))",47157020837.0,0.0,47157020837.0,,1.0,45
"(np.float64(35.2419157), np.float64(-89.7040069), np.float64(73.6631919344775))","(np.float64(35.25130449185173), np.float64(-89.68587103542815), np.float64(56.40591616652743))",47157020837.0,2.2737797741856864,47157020837.0,,1.0,268
"(np.float64(35.25130449185173), np.float64(-89.68587103542815), np.float64(56.40591616652743))","(np.float64(35.26024558528951), np.float64(-89.66870359864663), np.float64(60.86710914924705))",47157020837.0,1.9732342268744616,47157020837.0,,1.0,366
"(np.float64(35.26024558528951), np.float64(-89.66870359864663), np.float64(60.86710914924705))","(np.float64(35.2670371), np.float64(-89.6556778), np.float64(63.4197077488814))",47157020837.0,1.8250496439649586,47157020837.0,,1.0,212
"(np.float64(35.2796439), np.float64(-89.6313756), np.float64(81.0929685377035))","(np.float64(35.2796439), np.float64(-89.6313756), np.float64(81.0929685377035))",47047060401.0,0.0,47047060401.0,,8.0,145
"(np.float64(35.2796439), np.float64(-89.6313756), np.float64(81.0929685377035))","(np.float64(35.28810050033429), np.float64(-89.61556587440306), np.float64(64.69329848834823))",47047060401.0,2.313036190863282,47047060401.0,,8.0,460
"(np.float64(35.28810050033429), np.float64(-89.61556587440306), np.float64(64.69329848834823))","(np.float64(35.2891893), np.float64(-89.613886), np.float64(64.5291430174174))",47047060401.0,0.19479342283044507,47047060401.0,,8.0,58
"(np.float64(35.2891893), np.float64(-89.613886), np.float64(64.5291430174174))","(np.float64(35.2981278), np.float64(-89.6014632), np.float64(61.9513237313826))",47047060401.0,1.99462494058546,47047060401.0,,8.0,460
"(np.float64(35.3213656), np.float64(-89.569214), np.float64(69.0152620882237))","(np.float64(35.3323252), np.float64(-89.5535915), np.float64(70.8879141376969))",47047060300.0,2.0854307110300967,47047060300.0,,8.0,58
"(np.float64(35.3323252), np.float64(-89.5535915), np.float64(70.8879141376969))","(np.float64(35.3429433), np.float64(-89.5310191), np.float64(65.9436758782441))",47047060300.0,2.642742547506841,47047060300.0,,8.0,145
"(np.float64(35.3429433), np.float64(-89.5310191), np.float64(65.9436758782441))","(np.float64(35.3464006), np.float64(-89.5235333), np.float64(65.6622991068229))",47047060300.0,0.7812875867798335,47047060300.0,,8.0,231
"(np.float64(35.3464006), np.float64(-89.5235333), np.float64(65.6622991068229))","(np.float64(35.3732227), np.float64(-89.4645696), np.float64(73.8973933997452))",47047060300.0,7.261864129405402,47047060300.0,,8.0,145
"(np.float64(35.3732227), np.float64(-89.4645696), np.float64(73.8973933997452))","(np.float64(35.386015), np.float64(-89.4234115), np.float64(73.9128980449712))",47047060300.0,4.62175270354012,47047060300.0,,8.0,27
"(np.float64(35.386015), np.float64(-89.4234115), np.float64(73.9128980449712))","(np.float64(35.3894665), np.float64(-89.4163652), np.float64(72.1929464436155))",47047060300.0,0.7460614644446715,47047060300.0,,8.0,428
"(np.float64(36.15180079567294), np.float64(-86.62569148627752), np.float64(153.4898539875191))","(np.float64(36.1569413), np.float64(-86.625859), np.float64(132.300261310405))",47037015624.0,1.001671580654148,47037015624.0,,2.0,357
"(np.float64(36.1569413), np.float64(-86.625859), np.float64(132.300261310405))","(np.float64(36.158523), np.float64(-86.6243854), np.float64(124.156223164379))",47037015624.0,0.26805997527190073,47037015624.0,,2.0,56
"(np.float64(36.158523), np.float64(-86.6243854), np.float64(124.156223164379))","(np.float64(36.1602688), np.float64(-86.6217916), np.float64(116.196973616492))",47037015624.0,0.30342460606068855,47037015624.0,,2.0,367
"(np.float64(36.16521772594278), np.float64(-86.61384831228868), np.float64(137.72155695799265))","(np.float64(36.1686329), np.float64(-86.6078245), np.float64(137.276033781022))",47037015632.0,0.825291781171089,47037015632.0,,2.0,311
"(np.float64(36.1686329), np.float64(-86.6078245), np.float64(137.276033781022))","(np.float64(36.1697419), np.float64(-86.6038392), np.float64(132.173232956232))",47037015632.0,0.37913136705304185,47037015632.0,,2.0,497
"(np.float64(36.1697419), np.float64(-86.6038392), np.float64(132.173232956232))","(np.float64(36.1701281), np.float64(-86.5957244), np.float64(130.299529844933))",47037015632.0,0.8183166871350321,47037015632.0,,2.0,96
"(np.float64(36.1701281), np.float64(-86.5957244), np.float64(130.299529844933))","(np.float64(36.1697579), np.float64(-86.5909819), np.float64(130.902709960938))",47037015632.0,0.42866398558051017,47037015632.0,,2.0,497
"(np.float64(36.1697579), np.float64(-86.5909819), np.float64(130.902709960938))","(np.float64(36.1696521), np.float64(-86.5868216), np.float64(141.462053897347))",47037015632.0,0.3746435564794403,47037015632.0,,2.0,96
"(np.float64(36.1686706), np.float64(-86.5644341), np.float64(156.985936064674))","(np.float64(36.1680021), np.float64(-86.5509885), np.float64(161.511901440029))",47189030906.0,1.2125653805873178,47189030906.0,,9.0,163
"(np.float64(36.1680021), np.float64(-86.5509885), np.float64(161.511901440029))","(np.float64(36.16795081833423), np.float64(-86.55029773893528), np.float64(162.0986515621842))",47189030906.0,0.06241351357789046,47189030906.0,,9.0,325
"(np.float64(36.16795081833423), np.float64(-86.55029773893528), np.float64(162.0986515621842))","(np.float64(36.1676744), np.float64(-86.5465744), np.float64(165.26135091902))",47189030906.0,0.46124901855393696,47189030906.0,,9.0,240
"(np.float64(36.1676744), np.float64(-86.5465744), np.float64(165.26135091902))","(np.float64(36.1674702), np.float64(-86.5418333), np.float64(168.490918608001))",47189030906.0,0.42719360459756067,47189030906.0,,9.0,163
"(np.float64(36.1674702), np.float64(-86.5418333), np.float64(168.490918608001))","(np.float64(36.16721694336974), np.float64(-86.53808042636506), np.float64(170.89603945896488))",47189030906.0,0.3388415330698936,47189030906.0,,9.0,240
"(np.float64(36.16721694336974), np.float64(-86.53808042636506), np.float64(170.89603945896488))","(np.float64(36.1671452), np.float64(-86.5370173), np.float64(171.577369990319))",47189030906.0,0.23538471897005858,47189030906.0,,9.0,314
"(np.float64(36.1671452), np.float64(-86.5370173), np.float64(171.577369990319))","(np.float64(36.1672299), np.float64(-86.5326084), np.float64(162.640681582267))",47189030906.0,0.43784909020054846,47189030906.0,,9.0,28
"(np.float64(36.1672299), np.float64(-86.5326084), np.float64(162.640681582267))","(np.float64(36.1677551), np.float64(-86.528302), np.float64(161.024002133508))",47189030906.0,0.391829673256491,47189030906.0,,9.0,264
"(np.float64(36.1677551), np.float64(-86.528302), np.float64(161.024002133508))","(np.float64(36.1687536), np.float64(-86.5240511), np.float64(158.635311961302))",47189030906.0,0.3982031570123886,47189030906.0,,9.0,206
"(np.float64(36.1687536), np.float64(-86.5240511), np.float64(158.635311961302))","(np.float64(36.1698421), np.float64(-86.5199214), np.float64(164.585639311453))",47189030906.0,0.7166128671994497,47189030906.0,,9.0,292
"(np.float64(36.1698421), np.float64(-86.5199214), np.float64(164.585639311453))","(np.float64(36.1708625), np.float64(-86.5154725), np.float64(165.974445836201))",47189030906.0,0.4159841861736149,47189030906.0,,9.0,298
"(np.float64(36.1708625), np.float64(-86.5154725), np.float64(165.974445836201))","(np.float64(36.1708625), np.float64(-86.5154725), np.float64(165.974445836201))",47189030906.0,0.0,47189030906.0,,9.0,28
"(np.float64(36.1708625), np.float64(-86.5154725), np.float64(165.974445836201))","(np.float64(36.17123473624289), np.float64(-86.51348536148008), np.float64(170.0401147676649))",47189030906.0,0.18353918732477115,47189030906.0,,9.0,292
"(np.float64(36.1716551), np.float64(-86.5112413), np.float64(174.631445944813))","(np.float64(36.17469284418165), np.float64(-86.48457613916746), np.float64(169.56766716501312))",47189030908.0,2.928756220627274,47189030908.0,,9.0,21
"(np.float64(36.17469284418165), np.float64(-86.48457613916746), np.float64(169.56766716501312))","(np.float64(36.1760949), np.float64(-86.473393), np.float64(169.832984444244))",47189030908.0,1.0182621829534473,47189030908.0,,9.0,148
"(np.float64(36.1760949), np.float64(-86.473393), np.float64(169.832984444244))","(np.float64(36.1778594), np.float64(-86.4606207), np.float64(159.543076405573))",47189030908.0,1.1657376369009647,47189030908.0,,9.0,110
"(np.float64(36.1783866), np.float64(-86.456216), np.float64(155.087059722911))","(np.float64(36.1796474), np.float64(-86.4468445), np.float64(155.875259705778))",47189030907.0,0.8546888179962046,47189030907.0,,9.0,147
"(np.float64(36.1796474), np.float64(-86.4468445), np.float64(155.875259705778))","(np.float64(36.18066385260304), np.float64(-86.43976709197398), np.float64(151.68344001037622))",47189030907.0,0.7573984311689863,47189030907.0,,9.0,209
"(np.float64(36.18066385260304), np.float64(-86.43976709197398), np.float64(151.68344001037622))","(np.float64(36.1817421), np.float64(-86.4319318), np.float64(149.022664998157))",47189030907.0,0.7150135542714611,47189030907.0,,9.0,147
"(np.float64(36.1817421), np.float64(-86.4319318), np.float64(149.022664998157))","(np.float64(36.1848028), np.float64(-86.3969369), np.float64(157.609218175833))",47189030907.0,3.933974248138327,47189030907.0,,9.0,209
"(np.float64(36.1848028), np.float64(-86.3969369), np.float64(157.609218175833))","(np.float64(36.1842058), np.float64(-86.3703084), np.float64(184.202789792815))",47189030907.0,3.2617852116005417,47189030907.0,,9.0,25
"(np.float64(36.1828431), np.float64(-86.3198684), np.float64(151.499240069928))","(np.float64(36.1828431), np.float64(-86.3198684), np.float64(151.499240069928))",47189030800.0,0.0,47189030800.0,,9.0,321
"(np.float64(36.1828431), np.float64(-86.3198684), np.float64(151.499240069928))","(np.float64(36.18278294), np.float64(-86.318032486), np.float64(149.44704998394604))",47189030800.0,0.1653013782762713,47189030800.0,,9.0,279
"(np.float64(36.18278294), np.float64(-86.318032486), np.float64(149.44704998394604))","(np.float64(36.1827151), np.float64(-86.3159622), np.float64(147.13287818486))",47189030800.0,0.18640376952212923,47189030800.0,,9.0,268
"(np.float64(36.1827151), np.float64(-86.3159622), np.float64(147.13287818486))","(np.float64(36.1824679), np.float64(-86.3076819), np.float64(148.946553752888))",47189030800.0,0.7459141259361313,47189030800.0,,9.0,149
"(np.float64(36.1359811), np.float64(-85.4533928), np.float64(309.05717840436))","(np.float64(36.13656188735106), np.float64(-85.44876069670009), np.float64(309.2427294598012))",47141000201.0,0.42383325860710297,47141000201.0,,4.0,411
"(np.float64(36.13656188735106), np.float64(-85.44876069670009), np.float64(309.2427294598012))","(np.float64(36.137721), np.float64(-85.4448971), np.float64(308.064745045308))",47141000201.0,0.5110293080969233,47141000201.0,,4.0,72
"(np.float64(36.137721), np.float64(-85.4448971), np.float64(308.064745045308))","(np.float64(36.13968681158799), np.float64(-85.43489316995708), np.float64(290.6881062083526))",47141000201.0,0.9295363765602926,47141000201.0,,4.0,411
"(np.float64(36.1403679), np.float64(-85.4233515), np.float64(271.759544283086))","(np.float64(36.14636848976293), np.float64(-85.4119794024693), np.float64(272.6184122057785))",47141001300.0,1.3460562602756976,47141001300.0,,4.0,74
"(np.float64(36.14636848976293), np.float64(-85.4119794024693), np.float64(272.6184122057785))","(np.float64(36.1465413), np.float64(-85.4081131), np.float64(278.729589608793))",47141001300.0,0.39853027566589316,47141001300.0,,4.0,368
"(np.float64(36.1465413), np.float64(-85.4081131), np.float64(278.729589608793))","(np.float64(36.14644073141621), np.float64(-85.40771811149185), np.float64(279.11384411393067))",47141001300.0,0.03726167950436819,47141001300.0,,4.0,199
"(np.float64(36.14644073141621), np.float64(-85.40771811149185), np.float64(279.11384411393067))","(np.float64(36.142556879979935), np.float64(-85.39475189440164), np.float64(307.0897719168582))",47141001300.0,1.5356067309539632,47141001300.0,,4.0,148
"(np.float64(36.14347163298771), np.float64(-85.36891421324886), np.float64(401.52753747880286))","(np.float64(36.1316819), np.float64(-85.344175), np.float64(513.442338714639))",47141000100.0,5.658936295230745,47141000100.0,,4.0,106
"(np.float64(36.1316819), np.float64(-85.344175), np.float64(513.442338714639))","(np.float64(36.13598271606464), np.float64(-85.3130951918251), np.float64(508.4351980350273))",47141000100.0,5.45021276672974,47141000100.0,,4.0,107
"(np.float64(36.13598271606464), np.float64(-85.3130951918251), np.float64(508.4351980350273))","(np.float64(36.1394188), np.float64(-85.2826602), np.float64(535.96544684555))",47141000100.0,3.6284850417586005,47141000100.0,,4.0,267
"(np.float64(36.1394188), np.float64(-85.2826602), np.float64(535.96544684555))","(np.float64(36.13246130252021), np.float64(-85.26043034778887), np.float64(522.1963113798215))",47141000100.0,3.2822485297018433,47141000100.0,,4.0,350
"(np.float64(36.13246130252021), np.float64(-85.26043034778887), np.float64(522.1963113798215))","(np.float64(36.1287084), np.float64(-85.2577496), np.float64(524.818777832789))",47141000100.0,0.48133882765544717,47141000100.0,,4.0,167
"(np.float64(36.1287084), np.float64(-85.2577496), np.float64(524.818777832789))","(np.float64(36.1262395), np.float64(-85.2559538), np.float64(527.350509621434))",47141000100.0,0.3575381249232103,47141000100.0,,4.0,238
"(np.float64(36.1262395), np.float64(-85.2559538), np.float64(527.350509621434))","(np.float64(36.11812246111453), np.float64(-85.24867793626949), np.float64(538.0117714025941))",47141000100.0,1.26940850598691,47141000100.0,,4.0,167
"(np.float64(36.0942314), np.float64(-85.2308389), np.float64(574.755342397969))","(np.float64(36.0669893), np.float64(-85.1891271), np.float64(564.814110630788))",47035970301.0,5.879856594602937,47035970301.0,,9.0,405
"(np.float64(36.0669893), np.float64(-85.1891271), np.float64(564.814110630788))","(np.float64(36.0534089), np.float64(-85.1717888), np.float64(561.698017857203))",47035970301.0,2.746828953966144,47035970301.0,,9.0,366
"(np.float64(36.0534089), np.float64(-85.1717888), np.float64(561.698017857203))","(np.float64(36.04714952186312), np.float64(-85.13670811587453), np.float64(556.013414075655))",47035970301.0,3.4167956515930094,47035970301.0,,9.0,389
"(np.float64(36.04714952186312), np.float64(-85.13670811587453), np.float64(556.013414075655))","(np.float64(36.04669285082821), np.float64(-85.13430481722669), np.float64(558.1307888186877))",47035970301.0,0.42217587178245464,47035970301.0,,9.0,180
"(np.float64(36.04669285082821), np.float64(-85.13430481722669), np.float64(558.1307888186877))","(np.float64(36.03252474399157), np.float64(-85.09757122522376), np.float64(545.797805021592))",47035970301.0,3.906345426406395,47035970301.0,,9.0,478
"(np.float64(36.03252474399157), np.float64(-85.09757122522376), np.float64(545.797805021592))","(np.float64(36.0307241), np.float64(-85.0947957), np.float64(547.143854037164))",47035970301.0,0.32017925211178616,47035970301.0,,9.0,7
"(np.float64(36.0307241), np.float64(-85.0947957), np.float64(547.143854037164))","(np.float64(36.0284207), np.float64(-85.0909496), np.float64(541.271755644193))",47035970301.0,0.4307609600124089,47035970301.0,,9.0,149
"(np.float64(36.0284207), np.float64(-85.0909496), np.float64(541.271755644193))","(np.float64(36.022089152998376), np.float64(-85.0806744191248), np.float64(532.7749242552719))",47035970301.0,1.1626540431595598,47035970301.0,,9.0,7
"(np.float64(35.9984278793168), np.float64(-85.04115993097801), np.float64(501.2613625561277))","(np.float64(35.9950398), np.float64(-85.0349446), np.float64(512.721243754785))",47035970401.0,0.6750625143488637,47035970401.0,,9.0,189
"(np.float64(35.9950398), np.float64(-85.0349446), np.float64(512.721243754785))","(np.float64(35.99409610588512), np.float64(-85.03319624915255), np.float64(509.8778108471992))",47035970401.0,0.31556986217199534,47035970401.0,,9.0,191
"(np.float64(35.99409610588512), np.float64(-85.03319624915255), np.float64(509.8778108471992))","(np.float64(35.9851028), np.float64(-85.0174609), np.float64(517.444986986257))",47035970401.0,2.134504322139344,47035970401.0,,9.0,446
"(np.float64(35.9851028), np.float64(-85.0174609), np.float64(517.444986986257))","(np.float64(35.984228932470586), np.float64(-85.01644379929412), np.float64(514.9167572265))",47035970401.0,0.13350771050566562,47035970401.0,,9.0,412
"(np.float64(35.984228932470586), np.float64(-85.01644379929412), np.float64(514.9167572265))","(np.float64(35.9832365), np.float64(-85.0152887), np.float64(512.045501318434))",47035970401.0,0.16992472768444916,47035970401.0,,9.0,499
"(np.float64(35.9832365), np.float64(-85.0152887), np.float64(512.045501318434))","(np.float64(35.98179733595506), np.float64(-85.01494774719102), np.float64(511.141396414144))",47035970401.0,0.1626367350044562,47035970401.0,,9.0,412
"(np.float64(35.98179733595506), np.float64(-85.01494774719102), np.float64(511.141396414144))","(np.float64(35.9816933), np.float64(-85.0149231), np.float64(511.076039433111))",47035970401.0,0.011756874144977395,47035970401.0,,9.0,499
"(np.float64(35.9816933), np.float64(-85.0149231), np.float64(511.076039433111))","(np.float64(35.98106604613278), np.float64(-85.01445525482545), np.float64(511.6832871653781))",47035970401.0,0.08587557535282268,47035970401.0,,9.0,446
"(np.float64(35.98106604613278), np.float64(-85.01445525482545), np.float64(511.6832871653781))","(np.float64(35.9808046), np.float64(-85.0145125), np.float64(509.81891982675))",47035970401.0,0.02952679850610061,47035970401.0,,9.0,412
"(np.float64(35.9808046), np.float64(-85.0145125), np.float64(509.81891982675))","(np.float64(35.9808046), np.float64(-85.0145125), np.float64(509.81891982675))",47035970401.0,0.0,47035970401.0,,9.0,446
"(np.float64(35.9808046), np.float64(-85.0145125), np.float64(509.81891982675))","(np.float64(35.9808046), np.float64(-85.0145125), np.float64(509.81891982675))",47035970401.0,0.0,47035970401.0,,9.0,499
"(np.float64(35.9808046), np.float64(-85.0145125), np.float64(509.81891982675))","(np.float64(35.9799575375), np.float64(-85.01596976210317), np.float64(508.956583345698))",47035970401.0,0.22350263273278106,47035970401.0,,9.0,412
"(np.float64(35.9799575375), np.float64(-85.01596976210317), np.float64(508.956583345698))","(np.float64(35.9801597), np.float64(-85.0160629), np.float64(514.547617660735))",47035970401.0,0.06417430412635128,47035970401.0,,9.0,205
"(np.float64(35.8665387), np.float64(-84.3862704), np.float64(212.884664245012))","(np.float64(35.86684010183424), np.float64(-84.38570143192284), np.float64(213.47525271014803))",47145030206.0,0.061315327588250326,47145030206.0,,2.0,247
"(np.float64(35.86684010183424), np.float64(-84.38570143192284), np.float64(213.47525271014803))","(np.float64(35.87793748103744), np.float64(-84.36264751312264), np.float64(221.2518910408172))",47145030206.0,3.3032766369058373,47145030206.0,,2.0,442
"(np.float64(35.87793748103744), np.float64(-84.36264751312264), np.float64(221.2518910408172))","(np.float64(35.8809499), np.float64(-84.34316), np.float64(224.290973463871))",47145030206.0,2.419015384498776,47145030206.0,,2.0,49
"(np.float64(35.875540052364585), np.float64(-84.32593793623225), np.float64(235.06607716601))","(np.float64(35.87389028081417), np.float64(-84.32219367052394), np.float64(237.640361782314))",47105060100.0,0.6681581279044845,47105060100.0,,2.0,183
"(np.float64(35.87389028081417), np.float64(-84.32219367052394), np.float64(237.640361782314))","(np.float64(35.8685089), np.float64(-84.3043706), np.float64(259.827490861373))",47105060100.0,2.383952221137099,47105060100.0,,2.0,44
"(np.float64(35.8685089), np.float64(-84.3043706), np.float64(259.827490861373))","(np.float64(35.869457), np.float64(-84.2922116), np.float64(251.811638974533))",47105060100.0,1.1034318484786603,47105060100.0,,2.0,161
"(np.float64(35.869457), np.float64(-84.2922116), np.float64(251.811638974533))","(np.float64(35.8705295), np.float64(-84.2788517), np.float64(260.094538445288))",47105060100.0,1.2126972943867458,47105060100.0,,2.0,56
"(np.float64(35.8705295), np.float64(-84.2788517), np.float64(260.094538445288))","(np.float64(35.87086807515352), np.float64(-84.27486884558337), np.float64(259.419348803734))",47105060100.0,0.48121530043640415,47105060100.0,,2.0,180
"(np.float64(35.87086807515352), np.float64(-84.27486884558337), np.float64(259.419348803734))","(np.float64(35.8708886), np.float64(-84.2746274), np.float64(259.37841796875))",47105060100.0,0.02192458927321595,47105060100.0,,2.0,191
"(np.float64(35.8708886), np.float64(-84.2746274), np.float64(259.37841796875))","(np.float64(35.8708886), np.float64(-84.2746274), np.float64(259.37841796875))",47105060100.0,0.0,47105060100.0,,2.0,56
"(np.float64(35.8708886), np.float64(-84.2746274), np.float64(259.37841796875))","(np.float64(35.87126716942858), np.float64(-84.27043381914285), np.float64(248.31760373068525))",47105060100.0,0.4569159532764956,47105060100.0,,2.0,180
"(np.float64(35.87126716942858), np.float64(-84.27043381914285), np.float64(248.31760373068525))","(np.float64(35.8713713), np.float64(-84.2652545), np.float64(236.392200605088))",47105060100.0,0.5579451583378814,47105060100.0,,2.0,191
"(np.float64(35.8690968), np.float64(-84.256051), np.float64(227.38947574323))","(np.float64(35.870979341964386), np.float64(-84.25140285463797), np.float64(235.88886744845013))",47105060301.0,0.5369870872803789,47105060301.0,,2.0,305
"(np.float64(35.87692732491506), np.float64(-84.23989774484711), np.float64(242.29439399002032))","(np.float64(35.878864), np.float64(-84.2359588), np.float64(237.706678195694))",47093005810.0,0.537262790629128,47093005810.0,,4.0,180
"(np.float64(35.878864), np.float64(-84.2359588), np.float64(237.706678195694))","(np.float64(35.878864), np.float64(-84.2359588), np.float64(237.706678195694))",47093005810.0,0.0,47093005810.0,,4.0,227
"(np.float64(35.878864), np.float64(-84.2359588), np.float64(237.706678195694))","(np.float64(35.878864), np.float64(-84.2359588), np.float64(237.706678195694))",47093005810.0,0.0,47093005810.0,,4.0,56
"(np.float64(35.878864), np.float64(-84.2359588), np.float64(237.706678195694))","(np.float64(35.88053900724499), np.float64(-84.23238362464251), np.float64(244.60451905680387))",47093005810.0,0.4956899176513351,47093005810.0,,4.0,487
"(np.float64(35.88053900724499), np.float64(-84.23238362464251), np.float64(244.60451905680387))","(np.float64(35.8861171), np.float64(-84.2200398), np.float64(270.75912659701))",47093005810.0,1.2755684163944259,47093005810.0,,4.0,227
"(np.float64(35.8861171), np.float64(-84.2200398), np.float64(270.75912659701))","(np.float64(35.8861171), np.float64(-84.2200398), np.float64(270.75912659701))",47093005810.0,0.0,47093005810.0,,4.0,214
"(np.float64(35.8861171), np.float64(-84.2200398), np.float64(270.75912659701))","(np.float64(35.8885928), np.float64(-84.213365), np.float64(293.20678177805))",47093005810.0,0.6627791412698952,47093005810.0,,4.0,374
"(np.float64(35.8944767), np.float64(-84.1922136), np.float64(287.819339247399))","(np.float64(35.89597249804283), np.float64(-84.18630474121123), np.float64(283.6561134447455))",47093005809.0,0.5590665873430429,47093005809.0,,4.0,211
"(np.float64(35.8989028), np.float64(-84.1740855), np.float64(263.06472462245))","(np.float64(35.8997331), np.float64(-84.1707086), np.float64(264.082993141452))",47093005803.0,0.3931878681017206,47093005803.0,,4.0,270
"(np.float64(35.8997331), np.float64(-84.1707086), np.float64(264.082993141452))","(np.float64(35.9037873), np.float64(-84.1545606), np.float64(254.270867420958))",47093005803.0,2.2775773945423246,47093005803.0,,4.0,386
"(np.float64(35.9037873), np.float64(-84.1545606), np.float64(254.270867420958))","(np.float64(35.9037873), np.float64(-84.1545606), np.float64(254.270867420958))",47093005803.0,0.041314348774879606,47093005803.0,,4.0,279
"(np.float64(35.9037873), np.float64(-84.1545606), np.float64(254.270867420958))","(np.float64(35.904285291603415), np.float64(-84.1526119310721), np.float64(252.46271488894928))",47093005803.0,0.18440208117576312,47093005803.0,,4.0,495
"(np.float64(35.904285291603415), np.float64(-84.1526119310721), np.float64(252.46271488894928))","(np.float64(35.9077674945159), np.float64(-84.1379746868264), np.float64(259.98310382005883))",47093005803.0,1.376926890628205,47093005803.0,,4.0,491
"(np.float64(35.9077674945159), np.float64(-84.1379746868264), np.float64(259.98310382005883))","(np.float64(35.9104101), np.float64(-84.1257017), np.float64(260.779552748244))",47093005803.0,1.3352837081189133,47093005803.0,,4.0,288
"(np.float64(35.91129), np.float64(-84.1215691), np.float64(263.502728502738))","(np.float64(35.91129), np.float64(-84.1215691), np.float64(263.502728502738))",47093005706.0,0.0,47093005706.0,,4.0,288
"(np.float64(35.91129), np.float64(-84.1215691), np.float64(263.502728502738))","(np.float64(35.9120456), np.float64(-84.1175717), np.float64(265.742666494682))",47093005706.0,0.4394665643338409,47093005706.0,,4.0,199
"(np.float64(35.9120456), np.float64(-84.1175717), np.float64(265.742666494682))","(np.float64(35.913808291670584), np.float64(-84.11016145778824), np.float64(264.8027649262075))",47093005706.0,0.7402661872591312,47093005706.0,,4.0,220
"(np.float64(35.913808291670584), np.float64(-84.11016145778824), np.float64(264.8027649262075))","(np.float64(35.9163982), np.float64(-84.0987839), np.float64(262.374493593153))",47093005706.0,1.066930766520336,47093005706.0,,4.0,374
"(np.float64(35.92349075192582), np.float64(-84.06632976671422), np.float64(266.8706747688891))","(np.float64(35.92388336890157), np.float64(-84.0646103276272), np.float64(267.8966565161222))",47093005704.0,0.16118911009739484,47093005704.0,,4.0,87
"(np.float64(35.9255976), np.float64(-84.0566176), np.float64(267.312314453434))","(np.float64(35.92793809923991), np.float64(-84.04622511691211), np.float64(282.12871829850144))",47093004403.0,1.143852964812366,47093004403.0,,4.0,436
"(np.float64(35.92793809923991), np.float64(-84.04622511691211), np.float64(282.12871829850144))","(np.float64(35.928345169453685), np.float64(-84.04430350465559), np.float64(287.32529761774146))",47093004403.0,0.1792856019821189,47093004403.0,,4.0,496
"(np.float64(35.928345169453685), np.float64(-84.04430350465559), np.float64(287.32529761774146))","(np.float64(35.9283933), np.float64(-84.0440763), np.float64(287.939722827832))",47093004403.0,0.021198050077248322,47093004403.0,,4.0,436
"(np.float64(35.9283933), np.float64(-84.0440763), np.float64(287.939722827832))","(np.float64(35.9283933), np.float64(-84.0440763), np.float64(287.939722827832))",47093004403.0,0.0,47093004403.0,,4.0,153
"(np.float64(35.9283933), np.float64(-84.0440763), np.float64(287.939722827832))","(np.float64(35.9283933), np.float64(-84.0440763), np.float64(287.939722827832))",47093004403.0,0.0,47093004403.0,,4.0,87
"(np.float64(35.9318553), np.float64(-84.027951), np.float64(271.812632574306))","(np.float64(35.93356940734945), np.float64(-84.02031687918445), np.float64(263.2221518136798))",47093004404.0,0.714768002839332,47093004404.0,,4.0,352
"(np.float64(35.93356940734945), np.float64(-84.02031687918445), np.float64(263.2221518136798))","(np.float64(35.937273351586924), np.float64(-84.01091734680246), np.float64(247.2650540368923))",47093004404.0,1.1302788785137454,47093004404.0,,4.0,379
"(np.float64(35.9556842224782), np.float64(-83.97343091650121), np.float64(256.5641494465348))","(np.float64(35.9567976964812), np.float64(-83.97126644129324), np.float64(252.0995839880821))",47093002600.0,0.32258513915528175,47093002600.0,,4.0,57
"(np.float64(35.9567976964812), np.float64(-83.97126644129324), np.float64(252.0995839880821))","(np.float64(35.9576936), np.float64(-83.9695249), np.float64(248.507385253906))",47093002600.0,0.18595864549869295,47093002600.0,,4.0,455
"(np.float64(35.9576936), np.float64(-83.9695249), np.float64(248.507385253906))","(np.float64(35.9576936), np.float64(-83.9695249), np.float64(248.507385253906))",47093002600.0,0.0,47093002600.0,,4.0,16
"(np.float64(35.9576936), np.float64(-83.9695249), np.float64(248.507385253906))","(np.float64(35.9592861), np.float64(-83.9606463), np.float64(259.666386099071))",47093002600.0,1.030398585028981,47093002600.0,,4.0,296
"(np.float64(35.9710013), np.float64(-83.9229028), np.float64(259.227403065021))","(np.float64(35.9710013), np.float64(-83.9229028), np.float64(259.227403065021))",47093000100.0,0.0,47093000100.0,,4.0,294
"(np.float64(35.979011), np.float64(-83.9183536), np.float64(255.954404665131))","(np.float64(35.9822617), np.float64(-83.9181594), np.float64(253.856162098468))",47093006700.0,0.4291224984684462,47093006700.0,,4.0,299
"(np.float64(35.9822617), np.float64(-83.9181594), np.float64(253.856162098468))","(np.float64(35.9822617), np.float64(-83.9181594), np.float64(253.856162098468))",47093006700.0,0.0,47093006700.0,,4.0,42
"(np.float64(35.9822617), np.float64(-83.9181594), np.float64(253.856162098468))","(np.float64(35.9900329), np.float64(-83.9031578), np.float64(276.653848228694))",47093006700.0,1.8467995372156274,47093006700.0,,4.0,421
"(np.float64(35.9900329), np.float64(-83.9031578), np.float64(276.653848228694))","(np.float64(35.9900329), np.float64(-83.9031578), np.float64(276.653848228694))",47093006700.0,0.0,47093006700.0,,4.0,42
"(np.float64(36.0122824), np.float64(-83.8492652), np.float64(252.686726790035))","(np.float64(36.0117544), np.float64(-83.8450182), np.float64(247.653130342338))",47093003200.0,0.4395211931898386,47093003200.0,,4.0,45
"(np.float64(35.9852544), np.float64(-83.58907), np.float64(278.23307617563))","(np.float64(35.9858790156856), np.float64(-83.58609005834488), np.float64(269.6574760131057))",47155080101.0,0.2776691545463174,47155080101.0,,6.0,191
"(np.float64(35.9858790156856), np.float64(-83.58609005834488), np.float64(269.6574760131057))","(np.float64(35.98750421637548), np.float64(-83.5810036988322), np.float64(268.0785010153808))",47155080101.0,0.4941789434102003,47155080101.0,,6.0,365
"(np.float64(35.98750421637548), np.float64(-83.5810036988322), np.float64(268.0785010153808))","(np.float64(35.99130617342427), np.float64(-83.5715027303857), np.float64(268.6334859538706))",47155080101.0,1.6390013775077343,47155080101.0,,6.0,154
"(np.float64(35.99130617342427), np.float64(-83.5715027303857), np.float64(268.6334859538706))","(np.float64(35.9913943), np.float64(-83.5712975), np.float64(268.376214270183))",47155080101.0,0.020933360185957827,47155080101.0,,6.0,191
"(np.float64(35.9925936), np.float64(-83.5677508), np.float64(264.62404745351))","(np.float64(35.9939395), np.float64(-83.5642399), np.float64(261.104985175227))",47089070802.0,0.35007045529018405,47089070802.0,,1.0,191
"(np.float64(35.9939395), np.float64(-83.5642399), np.float64(261.104985175227))","(np.float64(35.995164927783065), np.float64(-83.56119255195051), np.float64(261.0491311701232))",47089070802.0,0.3065935917429788,47089070802.0,,1.0,495
"(np.float64(35.995164927783065), np.float64(-83.56119255195051), np.float64(261.0491311701232))","(np.float64(36.001655), np.float64(-83.5450446), np.float64(258.719059535225))",47089070802.0,1.7921597895628683,47089070802.0,,1.0,154
"(np.float64(36.001655), np.float64(-83.5450446), np.float64(258.719059535225))","(np.float64(36.005721577693045), np.float64(-83.53459170247855), np.float64(262.0953090715132))",47089070802.0,1.4254508692628325,47089070802.0,,1.0,495
"(np.float64(36.005721577693045), np.float64(-83.53459170247855), np.float64(262.0953090715132))","(np.float64(36.01013625616778), np.float64(-83.52321249036969), np.float64(262.4631971566483))",47089070802.0,1.251600523112143,47089070802.0,,1.0,215
"(np.float64(36.01013625616778), np.float64(-83.52321249036969), np.float64(262.4631971566483))","(np.float64(36.014821487902914), np.float64(-83.50689150886227), np.float64(289.9663976024721))",47089070802.0,3.6037763197263035,47089070802.0,,1.0,155
"(np.float64(36.014821487902914), np.float64(-83.50689150886227), np.float64(289.9663976024721))","(np.float64(36.01704203463059), np.float64(-83.49877154636926), np.float64(307.92668500284213))",47089070802.0,1.1502349160017542,47089070802.0,,1.0,242
"(np.float64(36.0234728), np.float64(-83.4731131), np.float64(351.761429673709))","(np.float64(36.028398), np.float64(-83.4606294), np.float64(373.914911991091))",47089070701.0,1.2613184324394717,47089070701.0,,1.0,212
"(np.float64(36.028398), np.float64(-83.4606294), np.float64(373.914911991091))","(np.float64(36.028398), np.float64(-83.4606294), np.float64(373.914911991091))",47089070701.0,0.0,47089070701.0,,1.0,432
"(np.float64(36.028398), np.float64(-83.4606294), np.float64(373.914911991091))","(np.float64(36.033343071973306), np.float64(-83.45245426139181), np.float64(380.21333337342))",47089070701.0,1.1625956458926774,47089070701.0,,1.0,212
"(np.float64(36.033343071973306), np.float64(-83.45245426139181), np.float64(380.21333337342))","(np.float64(36.0393319), np.float64(-83.4382212), np.float64(367.368132095613))",47089070701.0,1.4780990228825481,47089070701.0,,1.0,432
"(np.float64(36.0393319), np.float64(-83.4382212), np.float64(367.368132095613))","(np.float64(36.04341750305344), np.float64(-83.42875811030534), np.float64(366.6502340939495))",47089070701.0,1.385977521685095,47089070701.0,,1.0,496
"(np.float64(36.04341750305344), np.float64(-83.42875811030534), np.float64(366.6502340939495))","(np.float64(36.0442197769084), np.float64(-83.42695898769084), np.float64(368.7300781149665))",47089070701.0,0.18498003870702082,47089070701.0,,1.0,355
"(np.float64(36.0442197769084), np.float64(-83.42695898769084), np.float64(368.7300781149665))","(np.float64(36.04670894596832), np.float64(-83.42161052829374), np.float64(355.81873796923423))",47089070701.0,0.5566373325100529,47089070701.0,,1.0,96
"(np.float64(36.04670894596832), np.float64(-83.42161052829374), np.float64(355.81873796923423))","(np.float64(36.0481831), np.float64(-83.4190329), np.float64(348.158002386757))",47089070701.0,0.32496954035316716,47089070701.0,,1.0,12
"(np.float64(36.05681420042796), np.float64(-83.4056181302425), np.float64(382.8809178135917))","(np.float64(36.0610632), np.float64(-83.3987643), np.float64(370.619857521081))",47089070702.0,0.8374387164715941,47089070702.0,,1.0,149
"(np.float64(36.0610632), np.float64(-83.3987643), np.float64(370.619857521081))","(np.float64(36.064272355229534), np.float64(-83.39398496213914), np.float64(360.82615235388965))",47089070702.0,0.7763148635924804,47089070702.0,,1.0,96
"(np.float64(36.064272355229534), np.float64(-83.39398496213914), np.float64(360.82615235388965))","(np.float64(36.0671907), np.float64(-83.3881012), np.float64(357.022617501962))",47089070702.0,0.6238109275883781,47089070702.0,,1.0,149
"(np.float64(36.0671907), np.float64(-83.3881012), np.float64(357.022617501962))","(np.float64(36.058292352056505), np.float64(-83.37270328433735), np.float64(352.6404326577892))",47089070702.0,2.13395946041946,47089070702.0,,1.0,437
"(np.float64(36.058292352056505), np.float64(-83.37270328433735), np.float64(352.6404326577892))","(np.float64(36.0547459), np.float64(-83.3625869), np.float64(332.174644245935))",47089070702.0,0.9966375936398306,47089070702.0,,1.0,205
"(np.float64(36.0547459), np.float64(-83.3625869), np.float64(332.174644245935))","(np.float64(36.0547459), np.float64(-83.3625869), np.float64(332.174644245935))",47089070702.0,0.0,47089070702.0,,1.0,146
"(np.float64(36.0547459), np.float64(-83.3625869), np.float64(332.174644245935))","(np.float64(36.0534537), np.float64(-83.3588917), np.float64(316.46334942053))",47089070702.0,0.36286529671566337,47089070702.0,,1.0,480
"(np.float64(36.0534537), np.float64(-83.3588917), np.float64(316.46334942053))","(np.float64(36.05284907979028), np.float64(-83.3570953577693), np.float64(319.5708389663544))",47089070702.0,0.3214192309902847,47089070702.0,,1.0,146
"(np.float64(36.7689454), np.float64(-108.2110468), np.float64(1651.36655677068))","(np.float64(36.77115912130618), np.float64(-108.20976631501046), np.float64(1657.96255647029))",35045943300.0,0.4543182026519482,35045943300.0,6.95,9.0,82
"(np.float64(36.7735397), np.float64(-108.20572), np.float64(1674.24924207016))","(np.float64(36.7742844), np.float64(-108.1849432), np.float64(1714.35121070238))",35045000202.0,3.5358060605950676,35045000202.0,669.87,9.0,82
"(np.float64(36.7742844), np.float64(-108.1849432), np.float64(1714.35121070238))","(np.float64(36.7768054), np.float64(-108.1682924), np.float64(1724.1391323771))",35045000202.0,2.604597280972507,35045000202.0,669.87,9.0,81
"(np.float64(36.774466), np.float64(-108.1582959), np.float64(1690.52976267082))","(np.float64(36.774466), np.float64(-108.1582959), np.float64(1690.52976267082))",35045000201.0,0.04483042568017862,35045000201.0,838.14,9.0,66
"(np.float64(36.774466), np.float64(-108.1582959), np.float64(1690.52976267082))","(np.float64(36.77392403661207), np.float64(-108.1555959988865), np.float64(1697.2077844314715))",35045000201.0,0.32230260220992674,35045000201.0,838.14,9.0,81
"(np.float64(36.767246779823566), np.float64(-108.14967589342784), np.float64(1666.0485782076985))","(np.float64(36.761520748414576), np.float64(-108.15567490615238), np.float64(1653.0162043258651))",35045000202.0,1.4855357869492847,35045000202.0,669.87,9.0,276
"(np.float64(36.7515686), np.float64(-108.1579588), np.float64(1629.66879916832))","(np.float64(36.7515686), np.float64(-108.1579588), np.float64(1629.66879916832))",35045000206.0,0.07555799563207283,35045000206.0,2841.1,9.0,277
"(np.float64(36.7498968079717), np.float64(-108.1594623714151), np.float64(1621.005733402316))","(np.float64(36.74734575767575), np.float64(-108.16249525724533), np.float64(1617.235026692217))",35045000204.0,0.7849117740711435,35045000204.0,1163.02,9.0,277
"(np.float64(36.7437333), np.float64(-108.1668853), np.float64(1614.16185330029))","(np.float64(36.7429747), np.float64(-108.1677677), np.float64(1612.70372449762))",35045000206.0,0.13120973393348256,35045000206.0,2841.1,9.0,277
"(np.float64(36.74245973415917), np.float64(-108.16754868683614), np.float64(1613.6464417950972))","(np.float64(36.7412227), np.float64(-108.1667148), np.float64(1612.79029273412))",35045000207.0,0.30724911139151256,35045000207.0,1719.37,9.0,280
"(np.float64(36.7412227), np.float64(-108.1667148), np.float64(1612.79029273412))","(np.float64(36.7394344), np.float64(-108.1666928), np.float64(1613.14600987973))",35045000207.0,0.19851301795693974,35045000207.0,1719.37,9.0,277
"(np.float64(36.73558094062648), np.float64(-108.16708030009492), np.float64(1611.247609865123))","(np.float64(36.73344403217746), np.float64(-108.16756755327012), np.float64(1615.9600471731603))",35045000100.0,0.2979190520284331,35045000100.0,860.78,9.0,277
"(np.float64(36.73344403217746), np.float64(-108.16756755327012), np.float64(1615.9600471731603))","(np.float64(36.7318259), np.float64(-108.1668372), np.float64(1622.8044865099))",35045000100.0,0.3121484072274911,35045000100.0,860.78,9.0,285
"(np.float64(36.7318259), np.float64(-108.1668372), np.float64(1622.8044865099))","(np.float64(36.7318259), np.float64(-108.1668372), np.float64(1622.8044865099))",35045000100.0,0.0,35045000100.0,860.78,9.0,241
"(np.float64(36.7318259), np.float64(-108.1668372), np.float64(1622.8044865099))","(np.float64(36.7305809), np.float64(-108.16519), np.float64(1629.67614299349))",35045000100.0,0.20200251152726578,35045000100.0,860.78,9.0,285
"(np.float64(36.7305809), np.float64(-108.16519), np.float64(1629.67614299349))","(np.float64(36.7296623), np.float64(-108.1632419), np.float64(1631.9022746943))",35045000100.0,0.30755432020968737,35045000100.0,860.78,9.0,241
"(np.float64(36.7296623), np.float64(-108.1632419), np.float64(1631.9022746943))","(np.float64(36.72839781045269), np.float64(-108.16155310178344), np.float64(1632.9522669740109))",35045000100.0,0.2068421508370243,35045000100.0,860.78,9.0,285
"(np.float64(36.72839781045269), np.float64(-108.16155310178344), np.float64(1632.9522669740109))","(np.float64(36.72824917241599), np.float64(-108.16146915911388), np.float64(1631.5694663240895))",35045000100.0,0.08534790256875685,35045000100.0,860.78,9.0,297
"(np.float64(36.72824917241599), np.float64(-108.16146915911388), np.float64(1631.5694663240895))","(np.float64(36.726248), np.float64(-108.1601241), np.float64(1627.37166059145))",35045000100.0,0.38356839441748214,35045000100.0,860.78,9.0,285
"(np.float64(36.726248), np.float64(-108.1601241), np.float64(1627.37166059145))","(np.float64(36.726248), np.float64(-108.1601241), np.float64(1627.37166059145))",35045000100.0,0.0,35045000100.0,860.78,9.0,241
"(np.float64(36.726248), np.float64(-108.1601241), np.float64(1627.37166059145))","(np.float64(36.7243918), np.float64(-108.1589174), np.float64(1632.90923364973))",35045000100.0,0.39710424262099825,35045000100.0,860.78,9.0,285
"(np.float64(36.71306371592858), np.float64(-108.14524285560032), np.float64(1630.5116444404534))","(np.float64(36.7048138415677), np.float64(-108.1103303391924), np.float64(1628.0071443742856))",35045000607.0,6.081061398681396,35045000607.0,486.48,9.0,271
"(np.float64(36.7048138415677), np.float64(-108.1103303391924), np.float64(1628.0071443742856))","(np.float64(36.7047935), np.float64(-108.1101809), np.float64(1627.97132299478))",35045000607.0,0.0135460365923601,35045000607.0,486.48,9.0,342
"(np.float64(36.7047935), np.float64(-108.1101809), np.float64(1627.97132299478))","(np.float64(36.703703350572766), np.float64(-108.10416930563332), np.float64(1628.24327246942))",35045000607.0,0.8300363528921716,35045000607.0,486.48,9.0,257
"(np.float64(36.703703350572766), np.float64(-108.10416930563332), np.float64(1628.24327246942))","(np.float64(36.7028054), np.float64(-108.098742), np.float64(1626.99428654864))",35045000607.0,0.8975360289635329,35045000607.0,486.48,9.0,391
"(np.float64(36.6945229), np.float64(-108.0956929), np.float64(1611.93570634999))","(np.float64(36.69424812844208), np.float64(-108.09567066570972), np.float64(1611.7412882629592))",35045000708.0,0.07688567051440555,35045000708.0,226.24,9.0,271
"(np.float64(36.6891232), np.float64(-108.0957636), np.float64(1611.03812543845))","(np.float64(36.68899340626499), np.float64(-108.09576330070016), np.float64(1610.9385276555013))",35045000900.0,0.03906488091801267,35045000900.0,318.45,9.0,271
"(np.float64(36.68899340626499), np.float64(-108.09576330070016), np.float64(1610.9385276555013))","(np.float64(36.6891232), np.float64(-108.0957636), np.float64(1611.03812543845))",35045000900.0,0.014407466049622316,35045000900.0,318.45,9.0,396
"(np.float64(36.6891232), np.float64(-108.0957636), np.float64(1611.03812543845))","(np.float64(36.687387169808034), np.float64(-108.09573883529528), np.float64(1609.9078868266745))",35045000900.0,0.19288271272358767,35045000900.0,318.45,9.0,271
"(np.float64(36.687387169808034), np.float64(-108.09573883529528), np.float64(1609.9078868266745))","(np.float64(36.6858123), np.float64(-108.0953642), np.float64(1612.30752657874))",35045000900.0,0.2869204836343273,35045000900.0,318.45,9.0,396
"(np.float64(36.6858123), np.float64(-108.0953642), np.float64(1612.30752657874))","(np.float64(36.6832554), np.float64(-108.0927406), np.float64(1620.10239218098))",35045000900.0,0.44920222584652036,35045000900.0,318.45,9.0,271
"(np.float64(36.6832554), np.float64(-108.0927406), np.float64(1620.10239218098))","(np.float64(36.6822272), np.float64(-108.0908239), np.float64(1618.81458125277))",35045000900.0,0.22878249143335963,35045000900.0,318.45,9.0,396
"(np.float64(36.6761409), np.float64(-108.0817441), np.float64(1639.68500036864))","(np.float64(36.67554537867426), np.float64(-108.07789129919652), np.float64(1639.5428548285631))",35045943201.0,0.5554898562480155,35045943201.0,3.26,9.0,257
"(np.float64(36.67554537867426), np.float64(-108.07789129919652), np.float64(1639.5428548285631))","(np.float64(36.6755633), np.float64(-108.0757011), np.float64(1638.36729445238))",35045943201.0,0.29307410732847927,35045943201.0,3.26,9.0,446
"(np.float64(36.6755600384106), np.float64(-108.07435201343424), np.float64(1637.6372500815048))","(np.float64(36.67556255061224), np.float64(-108.0716621740136), np.float64(1636.4950776071746))",35045000900.0,0.46025570038223373,35045000900.0,318.45,9.0,446
"(np.float64(36.67556255061224), np.float64(-108.0716621740136), np.float64(1636.4950776071746))","(np.float64(36.67556894673469), np.float64(-108.070492027483), np.float64(1636.1825672697096))",35045000900.0,0.10462723038448163,35045000900.0,318.45,9.0,271
"(np.float64(36.67556894673469), np.float64(-108.070492027483), np.float64(1636.1825672697096))","(np.float64(36.67555717144938), np.float64(-108.06256300363069), np.float64(1636.8878792675098))",35045000900.0,1.0349433396253713,35045000900.0,318.45,9.0,446
"(np.float64(36.67555717144938), np.float64(-108.06256300363069), np.float64(1636.8878792675098))","(np.float64(36.6755586), np.float64(-108.0628596), np.float64(1637.08261694655))",35045000900.0,0.026520269588743386,35045000900.0,318.45,9.0,260
"(np.float64(36.6755586), np.float64(-108.0628596), np.float64(1637.08261694655))","(np.float64(36.6754835), np.float64(-108.0410453), np.float64(1646.09662532838))",35045000900.0,2.9926304399823342,35045000900.0,318.45,9.0,446
"(np.float64(36.6754835), np.float64(-108.0410453), np.float64(1646.09662532838))","(np.float64(36.6754835), np.float64(-108.0410453), np.float64(1646.09662532838))",35045000900.0,0.0,35045000900.0,318.45,9.0,260
"(np.float64(36.6742656), np.float64(-108.0294444), np.float64(1668.8021467497))","(np.float64(36.677911), np.float64(-108.0181142), np.float64(1652.06301898409))",35045000900.0,1.6897741125244161,35045000900.0,318.45,9.0,257
"(np.float64(35.5453536), np.float64(-82.9045741), np.float64(798.007921904369))","(np.float64(35.54549760874848), np.float64(-82.90339114301337), np.float64(797.1553786265257))",37087920501.0,0.108468843973737,37087920501.0,250.83,4.0,384
"(np.float64(35.54549760874848), np.float64(-82.90339114301337), np.float64(797.1553786265257))","(np.float64(35.5458315), np.float64(-82.9006484), np.float64(795.178715784752))",37087920501.0,0.2514894779395302,37087920501.0,250.83,4.0,89
"(np.float64(35.5458315), np.float64(-82.9006484), np.float64(795.178715784752))","(np.float64(35.5458315), np.float64(-82.9006484), np.float64(795.178715784752))",37087920501.0,0.033497165677644,37087920501.0,250.83,4.0,384
"(np.float64(35.5544999), np.float64(-82.8604402), np.float64(776.655302783789))","(np.float64(35.5557028), np.float64(-82.8533983), np.float64(783.458326839073))",37087920201.0,0.8490763138464752,37087920201.0,200.82,4.0,89
"(np.float64(35.5557028), np.float64(-82.8533983), np.float64(783.458326839073))","(np.float64(35.5557028), np.float64(-82.8533983), np.float64(783.458326839073))",37087920201.0,0.0,37087920201.0,200.82,4.0,449
"(np.float64(35.5557028), np.float64(-82.8533983), np.float64(783.458326839073))","(np.float64(35.5563535486335), np.float64(-82.84979070314287), np.float64(788.5600606375856))",37087920201.0,0.33509124361885173,37087920201.0,200.82,4.0,418
"(np.float64(35.55611539127319), np.float64(-82.8289993174368), np.float64(781.4492899721834))","(np.float64(35.5528442204352), np.float64(-82.8201003319773), np.float64(799.874948380868))",37087920202.0,1.1695588410335398,37087920202.0,242.13,4.0,418
"(np.float64(35.5528442204352), np.float64(-82.8201003319773), np.float64(799.874948380868))","(np.float64(35.5398882), np.float64(-82.8074908), np.float64(788.817532286115))",37087920202.0,3.412821907750663,37087920202.0,242.13,4.0,199
"(np.float64(35.5398882), np.float64(-82.8074908), np.float64(788.817532286115))","(np.float64(35.5408994), np.float64(-82.8036232), np.float64(798.609759368777))",37087920202.0,0.36841268944040234,37087920202.0,242.13,4.0,156
"(np.float64(35.5408994), np.float64(-82.8036232), np.float64(798.609759368777))","(np.float64(35.54018115773345), np.float64(-82.79252777716103), np.float64(779.6543336587823))",37087920202.0,1.7591115950511584,37087920202.0,242.13,4.0,56
"(np.float64(35.5407344), np.float64(-82.7644611), np.float64(700.768296070337))","(np.float64(35.5407344), np.float64(-82.7644611), np.float64(700.768296070337))",37021002504.0,0.0,37021002504.0,455.65,2.0,80
"(np.float64(35.5416105), np.float64(-82.7565179), np.float64(691.501801991281))","(np.float64(35.5429852), np.float64(-82.7488674), np.float64(684.929713336148))",37021002503.0,0.8946166323998952,37021002503.0,1055.31,2.0,80
"(np.float64(35.5429852), np.float64(-82.7488674), np.float64(684.929713336148))","(np.float64(35.5496364), np.float64(-82.7385237), np.float64(701.420673824928))",37021002503.0,1.6113469368692883,37021002503.0,1055.31,2.0,286
"(np.float64(35.55443051598258), np.float64(-82.68197057505577), np.float64(634.5893772916073))","(np.float64(35.55443356666667), np.float64(-82.6748508484375), np.float64(646.0995304634018))",37021002505.0,1.0339176901374452,37021002505.0,1064.38,2.0,145
"(np.float64(35.55443356666667), np.float64(-82.6748508484375), np.float64(646.0995304634018))","(np.float64(35.55462042969163), np.float64(-82.67426028432013), np.float64(646.6863768808665))",37021002505.0,0.05862722928418808,37021002505.0,1064.38,2.0,447
"(np.float64(35.5611579006772), np.float64(-82.59125483498872), np.float64(586.9118389902642))","(np.float64(35.5612532), np.float64(-82.5911413), np.float64(586.621117430167))",37021002101.0,0.014760528916630315,37021002101.0,158.37,2.0,93
"(np.float64(35.5612532), np.float64(-82.5911413), np.float64(586.621117430167))","(np.float64(35.5612532), np.float64(-82.5911413), np.float64(586.621117430167))",37021002101.0,0.0,37021002101.0,158.37,2.0,33
"(np.float64(35.5612532), np.float64(-82.5911413), np.float64(586.621117430167))","(np.float64(35.56259523663866), np.float64(-82.57358624689076), np.float64(597.103086206837))",37021002101.0,1.854657604132663,37021002101.0,158.37,2.0,209
"(np.float64(35.56259523663866), np.float64(-82.57358624689076), np.float64(597.103086206837))","(np.float64(35.559451571311634), np.float64(-82.56931214041495), np.float64(592.8368817579135))",37021002101.0,0.7669816448103195,37021002101.0,158.37,2.0,76
"(np.float64(35.559451571311634), np.float64(-82.56931214041495), np.float64(592.8368817579135))","(np.float64(35.55759282047733), np.float64(-82.56436571446301), np.float64(594.9553106476119))",37021002101.0,0.7059425448540448,37021002101.0,158.37,2.0,20
"(np.float64(35.55759282047733), np.float64(-82.56436571446301), np.float64(594.9553106476119))","(np.float64(35.557446411039834), np.float64(-82.56226744970822), np.float64(597.9207911317795))",37021002101.0,0.19192771112862003,37021002101.0,158.37,2.0,290
"(np.float64(35.557446411039834), np.float64(-82.56226744970822), np.float64(597.9207911317795))","(np.float64(35.5582806), np.float64(-82.5544396), np.float64(598.67162696559))",37021002101.0,0.9331829863478728,37021002101.0,158.37,2.0,383
"(np.float64(35.5582806), np.float64(-82.5544396), np.float64(598.67162696559))","(np.float64(35.558043667505515), np.float64(-82.5464135736936), np.float64(610.7368365001968))",37021002101.0,1.1233026721104415,37021002101.0,158.37,2.0,76
"(np.float64(35.5577803), np.float64(-82.5356659), np.float64(622.450207512263))","(np.float64(35.55774617211186), np.float64(-82.53533864042802), np.float64(621.7924486987665))",37021002000.0,0.029921572160912253,37021002000.0,2124.05,2.0,17
"(np.float64(35.55774617211186), np.float64(-82.53533864042802), np.float64(621.7924486987665))","(np.float64(35.5573168), np.float64(-82.5312213), np.float64(613.517008691325))",37021002000.0,0.6867139772215779,37021002000.0,2124.05,2.0,454
"(np.float64(35.5573168), np.float64(-82.5312213), np.float64(613.517008691325))","(np.float64(35.55660414074074), np.float64(-82.52118656296297), np.float64(602.1016102670034))",37021002000.0,1.133583072058642,37021002000.0,2124.05,2.0,17
"(np.float64(35.55660414074074), np.float64(-82.52118656296297), np.float64(602.1016102670034))","(np.float64(35.5565527), np.float64(-82.5191877), np.float64(597.678586863485))",37021002000.0,0.18138917651582231,37021002000.0,2124.05,2.0,454
"(np.float64(35.5565527), np.float64(-82.5191877), np.float64(597.678586863485))","(np.float64(35.5567163), np.float64(-82.5115175), np.float64(616.777690073833))",37021002000.0,0.7675701768446043,37021002000.0,2124.05,2.0,17
"(np.float64(35.5679784), np.float64(-82.4957242), np.float64(610.82198158744))","(np.float64(35.569522452526215), np.float64(-82.49303497993327), np.float64(620.8715400635572))",37021001900.0,0.2981559377653811,37021001900.0,1291.96,2.0,359
"(np.float64(35.569522452526215), np.float64(-82.49303497993327), np.float64(620.8715400635572))","(np.float64(35.570024434799485), np.float64(-82.49127660336353), np.float64(623.2941305089095))",37021001900.0,0.34436083177919874,37021001900.0,1291.96,2.0,346
"(np.float64(35.57631666895409), np.float64(-82.47547100946521), np.float64(604.1044345845562))","(np.float64(35.5763735), np.float64(-82.475287), np.float64(604.323684629856))",37021003003.0,0.051628354101171246,37021003003.0,450.44,2.0,346
"(np.float64(35.5763735), np.float64(-82.475287), np.float64(604.323684629856))","(np.float64(35.583651), np.float64(-82.459157), np.float64(610.15770737818))",37021003003.0,2.7342457000838576,37021003003.0,450.44,2.0,359
"(np.float64(35.583651), np.float64(-82.459157), np.float64(610.15770737818))","(np.float64(35.5883082), np.float64(-82.4526245), np.float64(607.391965638349))",37021003003.0,0.906905041924013,37021003003.0,450.44,2.0,330
"(np.float64(35.5883082), np.float64(-82.4526245), np.float64(607.391965638349))","(np.float64(35.58990372616), np.float64(-82.44899095953647), np.float64(609.9698105893145))",37021003003.0,0.37573511608331217,37021003003.0,450.44,2.0,107
"(np.float64(35.7088314), np.float64(-81.7777895), np.float64(332.428511340339))","(np.float64(35.7108275), np.float64(-81.7738398), np.float64(320.636031174377))",37023020303.0,0.7416458461581701,37023020303.0,319.49,2.0,293
"(np.float64(35.7108275), np.float64(-81.7738398), np.float64(320.636031174377))","(np.float64(35.71602472139299), np.float64(-81.76359307851507), np.float64(293.81785158445786))",37023020303.0,1.8525107801413538,37023020303.0,319.49,2.0,382
"(np.float64(35.71602472139299), np.float64(-81.76359307851507), np.float64(293.81785158445786))","(np.float64(35.718127797657765), np.float64(-81.7306404735516), np.float64(291.9498106630717))",37023020303.0,3.388656591753766,37023020303.0,319.49,2.0,91
"(np.float64(35.718127797657765), np.float64(-81.7306404735516), np.float64(291.9498106630717))","(np.float64(35.717853834364085), np.float64(-81.726555334846), np.float64(283.0171334601921))",37023020303.0,0.5000313494552625,37023020303.0,319.49,2.0,173
"(np.float64(35.717853834364085), np.float64(-81.726555334846), np.float64(283.0171334601921))","(np.float64(35.7170675717291), np.float64(-81.71162291250721), np.float64(304.6410660892421))",37023020303.0,2.6504454706403324,37023020303.0,319.49,2.0,91
"(np.float64(35.7170675717291), np.float64(-81.71162291250721), np.float64(304.6410660892421))","(np.float64(35.71801969964763), np.float64(-81.70521447658514), np.float64(305.72541129561296))",37023020303.0,0.9419183660477387,37023020303.0,319.49,2.0,173
"(np.float64(35.71801969964763), np.float64(-81.70521447658514), np.float64(305.72541129561296))","(np.float64(35.7189037), np.float64(-81.7017054), np.float64(295.572626310582))",37023020303.0,0.9780561057754068,37023020303.0,319.49,2.0,477
"(np.float64(35.7189037), np.float64(-81.7017054), np.float64(295.572626310582))","(np.float64(35.71939932899978), np.float64(-81.697721820994), np.float64(304.8384672221956))",37023020303.0,0.5885054482840203,37023020303.0,319.49,2.0,197
"(np.float64(35.71939932899978), np.float64(-81.697721820994), np.float64(304.8384672221956))","(np.float64(35.71907577657658), np.float64(-81.69444546173541), np.float64(302.4510254618214))",37023020303.0,0.4329591179603561,37023020303.0,319.49,2.0,477
"(np.float64(35.71907577657658), np.float64(-81.69444546173541), np.float64(302.4510254618214))","(np.float64(35.719056), np.float64(-81.6942452), np.float64(302.305097255416))",37023020303.0,0.018253984442272258,37023020303.0,319.49,2.0,197
"(np.float64(35.7186601), np.float64(-81.6907719), np.float64(302.429886035629))","(np.float64(35.7186601), np.float64(-81.6907719), np.float64(302.429886035629))",37023021301.0,0.14150956897446715,37023021301.0,351.04,2.0,160
"(np.float64(35.7186601), np.float64(-81.6907719), np.float64(302.429886035629))","(np.float64(35.71808587561719), np.float64(-81.68288473297775), np.float64(286.9958257944255))",37023021301.0,0.771326608982064,37023021301.0,351.04,2.0,477
"(np.float64(35.71808587561719), np.float64(-81.68288473297775), np.float64(286.9958257944255))","(np.float64(35.7173314), np.float64(-81.6742769), np.float64(303.625997437919))",37023021301.0,1.534702138054587,37023021301.0,351.04,2.0,160
"(np.float64(35.7198387), np.float64(-81.6633081), np.float64(291.652647895179))","(np.float64(35.7209477), np.float64(-81.6599971), np.float64(292.212243175102))",37023021201.0,0.4249926426351156,37023021201.0,147.38,2.0,160
"(np.float64(35.7209477), np.float64(-81.6599971), np.float64(292.212243175102))","(np.float64(35.721015528346804), np.float64(-81.6598043483648), np.float64(292.0532996509976))",37023021201.0,0.01899624047289014,37023021201.0,147.38,2.0,477
"(np.float64(35.721015528346804), np.float64(-81.6598043483648), np.float64(292.0532996509976))","(np.float64(35.72597071213158), np.float64(-81.63200664818092), np.float64(321.9371164703877))",37023021201.0,4.101333166897273,37023021201.0,147.38,2.0,172
"(np.float64(35.72597071213158), np.float64(-81.63200664818092), np.float64(321.9371164703877))","(np.float64(35.7307615), np.float64(-81.6000237), np.float64(348.766833297351))",37023021201.0,6.036786406667343,37023021201.0,147.38,2.0,407
"(np.float64(35.7307615), np.float64(-81.6000237), np.float64(348.766833297351))","(np.float64(35.7268396), np.float64(-81.5573252), np.float64(347.434750044334))",37023021201.0,6.6209627788277094,37023021201.0,147.38,2.0,430
"(np.float64(35.731661), np.float64(-81.5064266), np.float64(344.140371552769))","(np.float64(35.7301605), np.float64(-81.5025928), np.float64(348.334245460176))",37023021202.0,0.451427790756973,37023021202.0,236.83,2.0,503
"(np.float64(35.7301605), np.float64(-81.5025928), np.float64(348.334245460176))","(np.float64(35.7269092), np.float64(-81.4906423), np.float64(321.988835138204))",37023021202.0,1.140231096243497,37023021202.0,236.83,2.0,368
"(np.float64(35.7269092), np.float64(-81.4906423), np.float64(321.988835138204))","(np.float64(35.72531311036649), np.float64(-81.48501340848168), np.float64(315.3043997659915))",37023021202.0,0.6782008935210827,37023021202.0,236.83,2.0,503
"(np.float64(35.72531311036649), np.float64(-81.48501340848168), np.float64(315.3043997659915))","(np.float64(35.722299300217344), np.float64(-81.47401377527018), np.float64(322.76994986493526))",37023021202.0,1.431210912131624,37023021202.0,236.83,2.0,49
"(np.float64(35.722299300217344), np.float64(-81.47401377527018), np.float64(322.76994986493526))","(np.float64(35.72115331242042), np.float64(-81.47028592398543), np.float64(321.2289001424086))",37023021202.0,0.45197205578390415,37023021202.0,236.83,2.0,503
"(np.float64(35.72115331242042), np.float64(-81.47028592398543), np.float64(321.2289001424086))","(np.float64(35.72065092643569), np.float64(-81.46900082634077), np.float64(317.36798542151985))",37023021202.0,0.3133224680786597,37023021202.0,236.83,2.0,212
"(np.float64(35.72065092643569), np.float64(-81.46900082634077), np.float64(317.36798542151985))","(np.float64(35.7167802), np.float64(-81.4585415), np.float64(312.733842811945))",37023021202.0,2.939622722062574,37023021202.0,236.83,2.0,49
"(np.float64(35.7167802), np.float64(-81.4585415), np.float64(312.733842811945))","(np.float64(35.71626430556793), np.float64(-81.45712316622124), np.float64(311.7369928899258))",37023021202.0,0.4264141248128509,37023021202.0,236.83,2.0,212
"(np.float64(35.71626430556793), np.float64(-81.45712316622124), np.float64(311.7369928899258))","(np.float64(35.7153735), np.float64(-81.4546741), np.float64(310.015711546844))",37023021202.0,0.242666576090508,37023021202.0,236.83,2.0,49
"(np.float64(35.71359770775047), np.float64(-81.44965266805293), np.float64(303.9197404716993))","(np.float64(35.7056619180089), np.float64(-81.42654348539052), np.float64(303.0057766774942))",37023021202.0,2.784499511371636,37023021202.0,236.83,2.0,503
"(np.float64(35.7059123), np.float64(-81.3984775), np.float64(255.966162248301))","(np.float64(35.7060576), np.float64(-81.3944401), np.float64(259.257681176113))",37035011101.0,0.36575835702125126,37035011101.0,286.08,2.0,224
"(np.float64(35.7060576), np.float64(-81.3944401), np.float64(259.257681176113))","(np.float64(35.70633735878187), np.float64(-81.3797353378187), np.float64(251.38963637281827))",37035011101.0,2.143285305759838,37035011101.0,286.08,2.0,154
"(np.float64(35.70633735878187), np.float64(-81.3797353378187), np.float64(251.38963637281827))","(np.float64(35.706691), np.float64(-81.3688494), np.float64(242.479997680172))",37035011101.0,1.0291469672181468,37035011101.0,286.08,2.0,224
"(np.float64(35.706691), np.float64(-81.3688494), np.float64(242.479997680172))","(np.float64(35.707165505420825), np.float64(-81.36279782396576), np.float64(235.6006354913781))",37035011101.0,0.6565829094808668,37035011101.0,286.08,2.0,290
"(np.float64(35.712738), np.float64(-81.3101955), np.float64(272.512858552567))","(np.float64(35.7071617), np.float64(-81.286128), np.float64(239.436560987109))",37035011000.0,2.9499480346839335,37035011000.0,405.45,2.0,103
"(np.float64(35.7071617), np.float64(-81.286128), np.float64(239.436560987109))","(np.float64(35.7072924), np.float64(-81.2773868), np.float64(234.093719034882))",37035011000.0,1.0595091519398279,37035011000.0,405.45,2.0,452
"(np.float64(35.9250576), np.float64(-80.5861637), np.float64(202.81857789805))","(np.float64(35.9270983), np.float64(-80.583008), np.float64(193.0990952377))",37059080600.0,0.5577420898931146,37059080600.0,213.48,2.0,418
"(np.float64(35.9270983), np.float64(-80.583008), np.float64(193.0990952377))","(np.float64(35.93280510685037), np.float64(-80.57424335591274), np.float64(197.8324498276592))",37059080600.0,1.2910915849802846,37059080600.0,213.48,2.0,290
"(np.float64(35.93280510685037), np.float64(-80.57424335591274), np.float64(197.8324498276592))","(np.float64(35.94012676617856), np.float64(-80.56265785852621), np.float64(198.12903358835))",37059080600.0,2.7109149644996995,37059080600.0,213.48,2.0,485
"(np.float64(35.94012676617856), np.float64(-80.56265785852621), np.float64(198.12903358835))","(np.float64(35.941104), np.float64(-80.5609485), np.float64(197.797939357298))",37059080600.0,0.3284461267328751,37059080600.0,213.48,2.0,500
"(np.float64(35.941104), np.float64(-80.5609485), np.float64(197.797939357298))","(np.float64(35.9429626), np.float64(-80.557166), np.float64(192.259773012973))",37059080600.0,0.5055461786412482,37059080600.0,213.48,2.0,485
"(np.float64(35.9591519), np.float64(-80.5283028), np.float64(182.965205244064))","(np.float64(35.96323904731591), np.float64(-80.52172144674584), np.float64(171.09855888424835))",37059080302.0,0.8481215290201038,37059080302.0,176.71,2.0,500
"(np.float64(35.96323904731591), np.float64(-80.52172144674584), np.float64(171.09855888424835))","(np.float64(35.9681296), np.float64(-80.5145077), np.float64(176.065538197966))",37059080302.0,1.217484648089755,37059080302.0,176.71,2.0,12
"(np.float64(35.9681296), np.float64(-80.5145077), np.float64(176.065538197966))","(np.float64(35.97452852275862), np.float64(-80.50618399264367), np.float64(181.5205043095032))",37059080302.0,2.054799142996693,37059080302.0,176.71,2.0,500
"(np.float64(35.97452852275862), np.float64(-80.50618399264367), np.float64(181.5205043095032))","(np.float64(35.9836579), np.float64(-80.4949568), np.float64(203.07647483491))",37059080302.0,1.8317694023299156,37059080302.0,176.71,2.0,450
"(np.float64(35.9836579), np.float64(-80.4949568), np.float64(203.07647483491))","(np.float64(35.98624295650057), np.float64(-80.49174352776193), np.float64(197.0136322994769))",37059080302.0,0.40779206337639035,37059080302.0,176.71,2.0,150
"(np.float64(35.98624295650057), np.float64(-80.49174352776193), np.float64(197.0136322994769))","(np.float64(35.986073), np.float64(-80.4919502), np.float64(197.071112251279))",37059080302.0,0.02651483792236773,37059080302.0,176.71,2.0,389
"(np.float64(35.986073), np.float64(-80.4919502), np.float64(197.071112251279))","(np.float64(35.986073), np.float64(-80.4919502), np.float64(197.071112251279))",37059080302.0,0.0,37059080302.0,176.71,2.0,450
"(np.float64(35.986073), np.float64(-80.4919502), np.float64(197.071112251279))","(np.float64(35.98891646029609), np.float64(-80.48848499827005), np.float64(196.1370246803406))",37059080302.0,0.44407906110144957,37059080302.0,176.71,2.0,150
"(np.float64(35.98891646029609), np.float64(-80.48848499827005), np.float64(196.1370246803406))","(np.float64(35.9912637), np.float64(-80.4855724), np.float64(195.55843716208))",37059080302.0,0.606854573855119,37059080302.0,176.71,2.0,428
"(np.float64(35.9912637), np.float64(-80.4855724), np.float64(195.55843716208))","(np.float64(35.9938362), np.float64(-80.4822098), np.float64(203.295491239026))",37059080302.0,0.46470588007359237,37059080302.0,176.71,2.0,150
"(np.float64(35.9938362), np.float64(-80.4822098), np.float64(203.295491239026))","(np.float64(35.99606411808628), np.float64(-80.47827993440973), np.float64(212.93602575776688))",37059080302.0,0.5768818756180679,37059080302.0,176.71,2.0,307
"(np.float64(36.00316760519603), np.float64(-80.45617285040152), np.float64(193.692813178392))","(np.float64(36.0048157), np.float64(-80.4498792), np.float64(188.016461934246))",37059080301.0,0.5962348441189677,37059080301.0,822.58,2.0,387
"(np.float64(36.02387131488658), np.float64(-80.40287672533081), np.float64(193.6656647790796))","(np.float64(36.0256756), np.float64(-80.3990813), np.float64(198.273282616342))",37067004005.0,0.6920975032387845,37067004005.0,969.44,1.0,9
"(np.float64(36.0406412502439), np.float64(-80.37676720878049), np.float64(197.4253975664348))","(np.float64(36.0414621), np.float64(-80.3755144), np.float64(200.063342636433))",37067004013.0,0.14508729126737188,37067004013.0,1706.35,1.0,56
"(np.float64(36.0475049), np.float64(-80.3656777), np.float64(175.781138547874))","(np.float64(36.05183507991077), np.float64(-80.3587362536677), np.float64(189.80638167199743))",37067003904.0,0.7889347106873925,37067003904.0,2174.52,1.0,104
"(np.float64(36.05183507991077), np.float64(-80.3587362536677), np.float64(189.80638167199743))","(np.float64(36.0617349), np.float64(-80.3428011), np.float64(205.442475550994))",37067003904.0,2.338470104152887,37067003904.0,2174.52,1.0,53
"(np.float64(36.0698589), np.float64(-80.3290023), np.float64(188.606674553618))","(np.float64(36.0707884), np.float64(-80.3254305), np.float64(199.947185287412))",37067003805.0,0.6063726385744691,37067003805.0,2246.26,1.0,256
"(np.float64(36.0707884), np.float64(-80.3254305), np.float64(199.947185287412))","(np.float64(36.0708151), np.float64(-80.3216792), np.float64(204.318936639433))",37067003805.0,0.33798041046635136,37067003805.0,2246.26,1.0,231
"(np.float64(36.0708151), np.float64(-80.3216792), np.float64(204.318936639433))","(np.float64(36.07068675051483), np.float64(-80.32111621500675), np.float64(204.69089132782648))",37067003805.0,0.0526801323703235,37067003805.0,2246.26,1.0,256
"(np.float64(36.07068675051483), np.float64(-80.32111621500675), np.float64(204.69089132782648))","(np.float64(36.0686204), np.float64(-80.3144249), np.float64(201.238498854061))",37067003805.0,0.8610440855444527,37067003805.0,2246.26,1.0,231
"(np.float64(36.0686204), np.float64(-80.3144249), np.float64(201.238498854061))","(np.float64(36.0679832494022), np.float64(-80.31261130765185), np.float64(203.88975398301488))",37067003805.0,0.2670894920049485,37067003805.0,2246.26,1.0,256
"(np.float64(36.0657547), np.float64(-80.3068364), np.float64(207.760768552212))","(np.float64(36.0647294), np.float64(-80.3025136), np.float64(201.521297129883))",37067003804.0,0.4057766890546789,37067003804.0,750.11,1.0,19
"(np.float64(36.0647294), np.float64(-80.3025136), np.float64(201.521297129883))","(np.float64(36.0647294), np.float64(-80.3025136), np.float64(201.521297129883))",37067003804.0,0.0,37067003804.0,750.11,1.0,43
"(np.float64(36.0647294), np.float64(-80.3025136), np.float64(201.521297129883))","(np.float64(36.06427650696023), np.float64(-80.29864343167614), np.float64(194.3838958315319))",37067003804.0,0.6450197025726424,37067003804.0,750.11,1.0,19
"(np.float64(36.06427650696023), np.float64(-80.29864343167614), np.float64(194.3838958315319))","(np.float64(36.0642485), np.float64(-80.2984041), np.float64(193.942518074017))",37067003804.0,0.021789441085624698,37067003804.0,750.11,1.0,43
"(np.float64(36.0630879), np.float64(-80.2894963), np.float64(198.60723605012))","(np.float64(36.0624267), np.float64(-80.2850785), np.float64(192.157531551549))",37067003803.0,0.4047786160040521,37067003803.0,708.48,1.0,104
"(np.float64(36.0624267), np.float64(-80.2850785), np.float64(192.157531551549))","(np.float64(36.06204874251392), np.float64(-80.28222348883679), np.float64(191.8008902038092))",37067003803.0,0.289482121080968,37067003803.0,708.48,1.0,93
"(np.float64(36.0614005), np.float64(-80.2760578), np.float64(191.468362085478))","(np.float64(36.0626429), np.float64(-80.2682226), np.float64(179.769714355469))",37067003701.0,0.8347090348158988,37067003701.0,1889.42,1.0,184
"(np.float64(36.0626429), np.float64(-80.2682226), np.float64(179.769714355469))","(np.float64(36.06283242827478), np.float64(-80.26772705633654), np.float64(180.80427596825388))",37067003701.0,0.15804417020969896,37067003701.0,1889.42,1.0,164
"(np.float64(36.06283242827478), np.float64(-80.26772705633654), np.float64(180.80427596825388))","(np.float64(36.0638539), np.float64(-80.2650563), np.float64(186.380095389706))",37067003701.0,0.42471948854036695,37067003701.0,1889.42,1.0,184
"(np.float64(36.0638539), np.float64(-80.2650563), np.float64(186.380095389706))","(np.float64(36.064011052760016), np.float64(-80.26453609699016), np.float64(185.94276298889585))",37067003701.0,0.050007888003056465,37067003701.0,1889.42,1.0,213
"(np.float64(36.064011052760016), np.float64(-80.26453609699016), np.float64(185.94276298889585))","(np.float64(36.0648643), np.float64(-80.2617117), np.float64(183.568304761704))",37067003701.0,0.37152767215172067,37067003701.0,1889.42,1.0,164
"(np.float64(36.06551035140543), np.float64(-80.25619263172939), np.float64(188.17145339912847))","(np.float64(36.0655161), np.float64(-80.2543467), np.float64(193.577944771773))",37067001902.0,0.2024753560685258,37067001902.0,2103.83,1.0,406
"(np.float64(36.0655161), np.float64(-80.2543467), np.float64(193.577944771773))","(np.float64(36.06501510809266), np.float64(-80.25081020109374), np.float64(199.16812103220784))",37067001902.0,0.381046389220697,37067001902.0,2103.83,1.0,367
"(np.float64(36.06501510809266), np.float64(-80.25081020109374), np.float64(199.16812103220784))","(np.float64(36.0647535), np.float64(-80.246851), np.float64(195.354894501193))",37067001902.0,0.5433063040223653,37067001902.0,2103.83,1.0,245
"(np.float64(36.0658095), np.float64(-80.2383462), np.float64(203.164711477386))","(np.float64(36.0625647), np.float64(-80.2309273), np.float64(211.844659096046))",37067001901.0,1.375219372879614,37067001901.0,2891.01,1.0,245
"(np.float64(36.0625647), np.float64(-80.2309273), np.float64(211.844659096046))","(np.float64(36.0625647), np.float64(-80.2309273), np.float64(211.844659096046))",37067001901.0,0.07469186716368703,37067001901.0,2891.01,1.0,210
"(np.float64(36.0625647), np.float64(-80.2309273), np.float64(211.844659096046))","(np.float64(36.061289), np.float64(-80.2230276), np.float64(228.717651367187))",37067001901.0,0.7259378466442599,37067001901.0,2891.01,1.0,245
"(np.float64(36.05793933391575), np.float64(-80.20222748943853), np.float64(219.78048267123413))","(np.float64(36.0636509), np.float64(-80.1888773), np.float64(227.228502283741))",37067003404.0,2.1700855654495177,37067003404.0,2578.23,1.0,278
"(np.float64(36.0636509), np.float64(-80.1888773), np.float64(227.228502283741))","(np.float64(36.06449530014647), np.float64(-80.18765871808861), np.float64(229.72002458845856))",37067003404.0,0.14435615777174207,37067003404.0,2578.23,1.0,29
"(np.float64(36.07407636952789), np.float64(-80.14186758369098), np.float64(215.1305314232577))","(np.float64(36.0744845), np.float64(-80.1366366), np.float64(224.474769404575))",37067003310.0,0.6059016515471475,37067003310.0,1753.81,1.0,386
"(np.float64(36.0744845), np.float64(-80.1366366), np.float64(224.474769404575))","(np.float64(36.0747518), np.float64(-80.1330452), np.float64(226.512419938627))",37067003310.0,0.32488318517826964,37067003310.0,1753.81,1.0,214
"(np.float64(36.0747518), np.float64(-80.1330452), np.float64(226.512419938627))","(np.float64(36.0747518), np.float64(-80.1330452), np.float64(226.512419938627))",37067003310.0,0.0,37067003310.0,1753.81,1.0,347
"(np.float64(36.0747518), np.float64(-80.1330452), np.float64(226.512419938627))","(np.float64(36.0747518), np.float64(-80.1330452), np.float64(226.512419938627))",37067003310.0,0.048641274866399124,37067003310.0,1753.81,1.0,214
"(np.float64(36.0749474), np.float64(-80.1301885), np.float64(226.765925054484))","(np.float64(36.075063742368044), np.float64(-80.1192484211127), np.float64(225.98839645700755))",37067003308.0,1.7717796924927538,37067003308.0,1564.68,1.0,214
"(np.float64(36.06244768459344), np.float64(-79.57438886105564), np.float64(155.1282736449941))","(np.float64(36.06256119326275), np.float64(-79.57108244910857), np.float64(156.64837438619617))",37081017200.0,0.37363495424667853,37081017200.0,213.11,2.0,260
"(np.float64(36.06256119326275), np.float64(-79.57108244910857), np.float64(156.64837438619617))","(np.float64(36.0617596), np.float64(-79.5473653), np.float64(154.016823330113))",37081017200.0,3.1190237897375295,37081017200.0,213.11,2.0,433
"(np.float64(36.06291632761919), np.float64(-79.53870086328064), np.float64(144.52092733874406))","(np.float64(36.0648568), np.float64(-79.5185281), np.float64(159.041917085979))",37001021703.0,1.9344637322637288,37001021703.0,876.23,3.0,277
"(np.float64(36.0648568), np.float64(-79.5185281), np.float64(159.041917085979))","(np.float64(36.06521942911271), np.float64(-79.5166357892566), np.float64(158.35252825460415))",37001021703.0,0.17516743684166025,37001021703.0,876.23,3.0,19
"(np.float64(36.06521942911271), np.float64(-79.5166357892566), np.float64(158.35252825460415))","(np.float64(36.0656291), np.float64(-79.514498), np.float64(157.573709002816))",37001021703.0,0.236784266543475,37001021703.0,876.23,3.0,431
"(np.float64(36.0656291), np.float64(-79.514498), np.float64(157.573709002816))","(np.float64(36.06736089982081), np.float64(-79.50125286342731), np.float64(161.92138599340512))",37001021703.0,2.1808955981536022,37001021703.0,876.23,3.0,19
"(np.float64(36.06872244942748), np.float64(-79.48933357061068), np.float64(157.07971471704252))","(np.float64(36.06894377933586), np.float64(-79.48788849260264), np.float64(158.74775738176032))",37001020701.0,0.23993079883417273,37001020701.0,2091.61,3.0,19
"(np.float64(36.0635543), np.float64(-79.4292052), np.float64(156.51794891605))","(np.float64(36.062874), np.float64(-79.4206996), np.float64(149.013088105098))",37001020901.0,0.7706725508293809,37001020901.0,1374.36,3.0,362
"(np.float64(36.062874), np.float64(-79.4206996), np.float64(149.013088105098))","(np.float64(36.06125136677741), np.float64(-79.4081573820598), np.float64(144.89151087484444))",37001020901.0,1.502018352510734,37001020901.0,1374.36,3.0,285
"(np.float64(36.06125136677741), np.float64(-79.4081573820598), np.float64(144.89151087484444))","(np.float64(36.0603249), np.float64(-79.4039329), np.float64(151.104703899759))",37001020901.0,0.4830226937995921,37001020901.0,1374.36,3.0,315
"(np.float64(36.06651846817715), np.float64(-79.32581428041583), np.float64(142.84925844726953))","(np.float64(36.06646461641286), np.float64(-79.32552384441396), np.float64(143.17429590898757))",37001021204.0,0.06704564812686324,37001021204.0,426.66,3.0,489
"(np.float64(36.06646461641286), np.float64(-79.32552384441396), np.float64(143.17429590898757))","(np.float64(36.0656759), np.float64(-79.3212701), np.float64(147.934815535509))",37001021204.0,0.4870037704410696,37001021204.0,426.66,3.0,175
"(np.float64(36.06781927169178), np.float64(-79.30857107845678), np.float64(146.68704542671838))","(np.float64(36.068723286786216), np.float64(-79.30166982553091), np.float64(149.39428431159945))",37001021205.0,0.9711702795365713,37001021205.0,1769.36,3.0,146
"(np.float64(36.068723286786216), np.float64(-79.30166982553091), np.float64(149.39428431159945))","(np.float64(36.06783293632558), np.float64(-79.2837062593144), np.float64(151.03509968197406))",37001021205.0,1.8087466681957047,37001021205.0,1769.36,3.0,42
"(np.float64(36.078109), np.float64(-79.2398343), np.float64(160.372958098899))","(np.float64(36.07851997210076), np.float64(-79.21646155655893), np.float64(167.24875173558))",37135011103.0,3.4066509933754157,37135011103.0,174.0,1.0,33
"(np.float64(36.07851997210076), np.float64(-79.21646155655893), np.float64(167.24875173558))","(np.float64(36.0774716), np.float64(-79.2087368), np.float64(161.414712642757))",37135011103.0,1.2061718895641353,37135011103.0,174.0,1.0,89
"(np.float64(36.0774716), np.float64(-79.2087368), np.float64(161.414712642757))","(np.float64(36.0769438), np.float64(-79.2050994), np.float64(161.280136441434))",37135011103.0,0.33284285926272605,37135011103.0,174.0,1.0,49
"(np.float64(36.0523697), np.float64(-79.121992), np.float64(165.682449133734))","(np.float64(36.0505154), np.float64(-79.1202305), np.float64(175.725490988838))",37135011106.0,0.26005936937703283,37135011106.0,617.59,1.0,94
"(np.float64(36.0505154), np.float64(-79.1202305), np.float64(175.725490988838))","(np.float64(36.03754127627702), np.float64(-79.10106747715321), np.float64(152.73255151290087))",37135011106.0,4.68116381050097,37135011106.0,617.59,1.0,206
"(np.float64(36.0321444), np.float64(-79.0909682), np.float64(156.57709989131))","(np.float64(36.0292745), np.float64(-79.089891), np.float64(153.376684564722))",37135010902.0,0.3930746949807068,37135010902.0,526.69,1.0,355
"(np.float64(36.0292745), np.float64(-79.089891), np.float64(153.376684564722))","(np.float64(36.0205708), np.float64(-79.0879877), np.float64(132.601918045166))",37135010902.0,1.9510804499304877,37135010902.0,526.69,1.0,30
"(np.float64(36.0205708), np.float64(-79.0879877), np.float64(132.601918045166))","(np.float64(36.019126297074095), np.float64(-79.08765579216612), np.float64(127.56907130062028))",37135010902.0,0.16313055352728711,37135010902.0,526.69,1.0,401
"(np.float64(35.9975045), np.float64(-79.076719), np.float64(112.031762911116))","(np.float64(35.9886403), np.float64(-79.0756417), np.float64(119.55215621115))",37135011208.0,1.8691385395905318,37135011208.0,542.48,1.0,214
"(np.float64(35.9886403), np.float64(-79.0756417), np.float64(119.55215621115))","(np.float64(35.9886403), np.float64(-79.0756417), np.float64(119.55215621115))",37135011208.0,0.0,37135011208.0,542.48,1.0,378
"(np.float64(35.9792642), np.float64(-79.0715455), np.float64(108.728562745747))","(np.float64(35.971103), np.float64(-79.0625063), np.float64(118.00206997875))",37135011207.0,2.444845430726796,37135011207.0,2494.6,1.0,187
"(np.float64(36.6780062064504), np.float64(-108.01765008427532), np.float64(1650.6876074863478))","(np.float64(36.6575106), np.float64(-107.996267), np.float64(1696.03160866551))",35045943201.0,7.34413573552513,35045943201.0,3.26,9.0,257
"(np.float64(36.6575106), np.float64(-107.996267), np.float64(1696.03160866551))","(np.float64(36.6543416), np.float64(-107.9979939), np.float64(1708.10834617051))",35045943201.0,0.456267234176656,35045943201.0,3.26,9.0,446
"(np.float64(36.6543416), np.float64(-107.9979939), np.float64(1708.10834617051))","(np.float64(36.65086781260001), np.float64(-107.9995600612632), np.float64(1716.4463774866376))",35045943201.0,0.5690361849176153,35045943201.0,3.26,9.0,257
"(np.float64(36.65086781260001), np.float64(-107.9995600612632), np.float64(1716.4463774866376))","(np.float64(36.6479962), np.float64(-108.0010379), np.float64(1723.46769566959))",35045943201.0,0.5365675074068146,35045943201.0,3.26,9.0,178
"(np.float64(36.6479962), np.float64(-108.0010379), np.float64(1723.46769566959))","(np.float64(36.63628989427208), np.float64(-108.01284254677805), np.float64(1782.3662655973017))",35045943201.0,2.68946630062434,35045943201.0,3.26,9.0,257
"(np.float64(36.63628989427208), np.float64(-108.01284254677805), np.float64(1782.3662655973017))","(np.float64(36.63465847303468), np.float64(-108.01426213928464), np.float64(1786.079645082771))",35045943201.0,0.22291566047579586,35045943201.0,3.26,9.0,446
"(np.float64(36.63465847303468), np.float64(-108.01426213928464), np.float64(1786.079645082771))","(np.float64(36.6348763), np.float64(-108.0141897), np.float64(1785.76913139729))",35045943201.0,0.08394529053840505,35045943201.0,3.26,9.0,257
"(np.float64(36.6348763), np.float64(-108.0141897), np.float64(1785.76913139729))","(np.float64(36.63179584943503), np.float64(-108.01521411694917), np.float64(1790.1603327183575))",35045943201.0,0.5299755186858099,35045943201.0,3.26,9.0,7
"(np.float64(36.63179584943503), np.float64(-108.01521411694917), np.float64(1790.1603327183575))","(np.float64(36.63126909453395), np.float64(-108.0153346637444), np.float64(1791.2175943463174))",35045943201.0,0.10336748182723443,35045943201.0,3.26,9.0,446
"(np.float64(36.63126909453395), np.float64(-108.0153346637444), np.float64(1791.2175943463174))","(np.float64(36.6315818), np.float64(-108.0152853), np.float64(1790.46546151106))",35045943201.0,0.03499883348519937,35045943201.0,3.26,9.0,257
"(np.float64(36.6315818), np.float64(-108.0152853), np.float64(1790.46546151106))","(np.float64(36.63001483290961), np.float64(-108.01553266172316), np.float64(1794.234399148534))",35045943201.0,0.17537920060149764,35045943201.0,3.26,9.0,7
"(np.float64(36.63001483290961), np.float64(-108.01553266172316), np.float64(1794.234399148534))","(np.float64(36.6282301), np.float64(-108.0158144), np.float64(1798.52711663895))",35045943201.0,0.19975228089271313,35045943201.0,3.26,9.0,257
"(np.float64(36.6282301), np.float64(-108.0158144), np.float64(1798.52711663895))","(np.float64(36.6250975), np.float64(-108.0161062), np.float64(1808.07276922977))",35045943201.0,0.5775307592055363,35045943201.0,3.26,9.0,260
"(np.float64(36.6250975), np.float64(-108.0161062), np.float64(1808.07276922977))","(np.float64(36.62252396646558), np.float64(-108.0165634658623), np.float64(1817.0809975512))",35045943201.0,0.6409226129588443,35045943201.0,3.26,9.0,48
"(np.float64(36.62252396646558), np.float64(-108.0165634658623), np.float64(1817.0809975512))","(np.float64(36.62130383161932), np.float64(-108.01677047736445), np.float64(1821.684007506688))",35045943201.0,0.13679843797773272,35045943201.0,3.26,9.0,257
"(np.float64(36.62130383161932), np.float64(-108.01677047736445), np.float64(1821.684007506688))","(np.float64(36.621455), np.float64(-108.0167534), np.float64(1820.8227377932))",35045943201.0,0.05917445057448311,35045943201.0,3.26,9.0,48
"(np.float64(36.621455), np.float64(-108.0167534), np.float64(1820.8227377932))","(np.float64(36.6182258), np.float64(-108.0171182), np.float64(1839.22084556049))",35045943201.0,0.36040226042797874,35045943201.0,3.26,9.0,260
"(np.float64(36.6182258), np.float64(-108.0171182), np.float64(1839.22084556049))","(np.float64(36.614928384042045), np.float64(-108.01685396378404), np.float64(1844.3930852454712))",35045943201.0,0.6004806637581409,35045943201.0,3.26,9.0,271
"(np.float64(36.614928384042045), np.float64(-108.01685396378404), np.float64(1844.3930852454712))","(np.float64(36.6147716), np.float64(-108.0168414), np.float64(1844.63901255782))",35045943201.0,0.01744145102711035,35045943201.0,3.26,9.0,49
"(np.float64(36.6147716), np.float64(-108.0168414), np.float64(1844.63901255782))","(np.float64(36.6080995), np.float64(-108.0146529), np.float64(1859.73599445688))",35045943201.0,1.206327523938481,35045943201.0,3.26,9.0,446
"(np.float64(36.6080995), np.float64(-108.0146529), np.float64(1859.73599445688))","(np.float64(36.6047723), np.float64(-108.0135143), np.float64(1863.86084130577))",35045943201.0,0.3831498130766531,35045943201.0,3.26,9.0,298
"(np.float64(36.6047723), np.float64(-108.0135143), np.float64(1863.86084130577))","(np.float64(36.6014997), np.float64(-108.0118682), np.float64(1866.99782381153))",35045943201.0,0.5048734345709098,35045943201.0,3.26,9.0,254
"(np.float64(36.6014997), np.float64(-108.0118682), np.float64(1866.99782381153))","(np.float64(36.60010633492891), np.float64(-108.01087859066352), np.float64(1868.8177900276287))",35045943201.0,0.35639451500815833,35045943201.0,3.26,9.0,178
"(np.float64(36.60010633492891), np.float64(-108.01087859066352), np.float64(1868.8177900276287))","(np.float64(36.59870029009478), np.float64(-108.00987997578198), np.float64(1870.654318120316))",35045943201.0,0.17986464876551916,35045943201.0,3.26,9.0,49
"(np.float64(36.59870029009478), np.float64(-108.00987997578198), np.float64(1870.654318120316))","(np.float64(36.598527), np.float64(-108.0097569), np.float64(1870.88066376701))",35045943201.0,0.022167744333258407,35045943201.0,3.26,9.0,107
"(np.float64(36.598527), np.float64(-108.0097569), np.float64(1870.88066376701))","(np.float64(36.5925575), np.float64(-108.0054896), np.float64(1878.35027051106))",35045943201.0,1.07299947669058,35045943201.0,3.26,9.0,178
"(np.float64(36.5925575), np.float64(-108.0054896), np.float64(1878.35027051106))","(np.float64(36.58954008933028), np.float64(-108.00332326757324), np.float64(1887.3558253048047))",35045943201.0,0.42719039634075856,35045943201.0,3.26,9.0,298
"(np.float64(36.58954008933028), np.float64(-108.00332326757324), np.float64(1887.3558253048047))","(np.float64(36.5867453), np.float64(-108.0014276), np.float64(1892.01557948671))",35045943201.0,0.5523489871600598,35045943201.0,3.26,9.0,178
"(np.float64(36.5867453), np.float64(-108.0014276), np.float64(1892.01557948671))","(np.float64(36.5808678), np.float64(-107.9971869), np.float64(1904.87516232321))",35045943201.0,0.8452682469467251,35045943201.0,3.26,9.0,298
"(np.float64(36.5808678), np.float64(-107.9971869), np.float64(1904.87516232321))","(np.float64(36.5808678), np.float64(-107.9971869), np.float64(1904.87516232321))",35045943201.0,0.0,35045943201.0,3.26,9.0,421
"(np.float64(36.5808678), np.float64(-107.9971869), np.float64(1904.87516232321))","(np.float64(36.5569391), np.float64(-107.9803119), np.float64(1922.80844787613))",35045943201.0,3.838210211621661,35045943201.0,3.26,9.0,343
"(np.float64(36.5569391), np.float64(-107.9803119), np.float64(1922.80844787613))","(np.float64(36.55659918751961), np.float64(-107.98008404294), np.float64(1923.3536337010369))",35045943201.0,0.042898934178494344,35045943201.0,3.26,9.0,107
"(np.float64(36.55659918751961), np.float64(-107.98008404294), np.float64(1923.3536337010369))","(np.float64(36.5507182), np.float64(-107.9760088), np.float64(1946.14998184899))",35045943201.0,1.145712421650444,35045943201.0,3.26,9.0,178
"(np.float64(36.5507182), np.float64(-107.9760088), np.float64(1946.14998184899))","(np.float64(36.5476505), np.float64(-107.9739787), np.float64(1954.44917708365))",35045943201.0,0.4256016442455781,35045943201.0,3.26,9.0,254
"(np.float64(36.5476505), np.float64(-107.9739787), np.float64(1954.44917708365))","(np.float64(36.5447364), np.float64(-107.9717091), np.float64(1959.60699239578))",35045943201.0,0.3820788149568306,35045943201.0,3.26,9.0,178
"(np.float64(36.5447364), np.float64(-107.9717091), np.float64(1959.60699239578))","(np.float64(36.54458990913394), np.float64(-107.97157937318048), np.float64(1959.5745883122008))",35045943201.0,0.019985679930578492,35045943201.0,3.26,9.0,463
"(np.float64(36.54458990913394), np.float64(-107.97157937318048), np.float64(1959.5745883122008))","(np.float64(36.5420811653484), np.float64(-107.96935772372882), np.float64(1959.0196489805385))",35045943201.0,0.48704349515756884,35045943201.0,3.26,9.0,227
"(np.float64(36.5420811653484), np.float64(-107.96935772372882), np.float64(1959.0196489805385))","(np.float64(36.538724290759696), np.float64(-107.96618021841576), np.float64(1964.3707898908328))",35045943201.0,0.46904386466497594,35045943201.0,3.26,9.0,343
"(np.float64(36.538724290759696), np.float64(-107.96618021841576), np.float64(1964.3707898908328))","(np.float64(36.53673063208036), np.float64(-107.96440277819184), np.float64(1963.062960395776))",35045943201.0,0.350050517118754,35045943201.0,3.26,9.0,464
"(np.float64(36.53673063208036), np.float64(-107.96440277819184), np.float64(1963.062960395776))","(np.float64(36.535653319831496), np.float64(-107.96344230379133), np.float64(1962.3562492876708))",35045943201.0,0.1473205836038303,35045943201.0,3.26,9.0,107
"(np.float64(36.535653319831496), np.float64(-107.96344230379133), np.float64(1962.3562492876708))","(np.float64(36.531413566871166), np.float64(-107.95953579263804), np.float64(1965.842419574824))",35045943201.0,0.8908676792796486,35045943201.0,3.26,9.0,343
"(np.float64(36.531413566871166), np.float64(-107.95953579263804), np.float64(1965.842419574824))","(np.float64(36.40715346840855), np.float64(-107.85574058902613), np.float64(2069.496996357652))",35045943201.0,36.6615669578273,35045943201.0,3.26,9.0,227
"(np.float64(36.40715346840855), np.float64(-107.85574058902613), np.float64(2069.496996357652))","(np.float64(36.36470027024146), np.float64(-107.8162018530758), np.float64(2081.3097065324564))",35045943201.0,15.383205635995072,35045943201.0,3.26,9.0,226
"(np.float64(36.36470027024146), np.float64(-107.8162018530758), np.float64(2081.3097065324564))","(np.float64(36.35504567088496), np.float64(-107.80393687055358), np.float64(2036.0124534048327))",35045943201.0,2.8874350712715744,35045943201.0,3.26,9.0,323
"(np.float64(36.35504567088496), np.float64(-107.80393687055358), np.float64(2036.0124534048327))","(np.float64(36.354002920152816), np.float64(-107.8026486643744), np.float64(2033.500705425428))",35045943201.0,0.4728346827580595,35045943201.0,3.26,9.0,425
"(np.float64(36.354002920152816), np.float64(-107.8026486643744), np.float64(2033.500705425428))","(np.float64(36.347284156899), np.float64(-107.79548356519678), np.float64(2025.7031734816603))",35045943201.0,1.6728860522952234,35045943201.0,3.26,9.0,226
"(np.float64(36.347284156899), np.float64(-107.79548356519678), np.float64(2025.7031734816603))","(np.float64(36.3438157), np.float64(-107.7934504), np.float64(2008.26231155546))",35045943201.0,1.1687899758409463,35045943201.0,3.26,9.0,323
"(np.float64(36.3438157), np.float64(-107.7934504), np.float64(2008.26231155546))","(np.float64(36.3397541366125), np.float64(-107.79102570308726), np.float64(2004.116788295756))",35045943201.0,1.3069708612601378,35045943201.0,3.26,9.0,425
"(np.float64(36.3397541366125), np.float64(-107.79102570308726), np.float64(2004.116788295756))","(np.float64(36.31871592300048), np.float64(-107.77987188135351), np.float64(2045.2198077924684))",35045943201.0,5.855890695413868,35045943201.0,3.26,9.0,226
"(np.float64(36.31871592300048), np.float64(-107.77987188135351), np.float64(2045.2198077924684))","(np.float64(36.261175), np.float64(-107.7407827), np.float64(2090.45286743798))",35045943201.0,17.453826619418038,35045943201.0,3.26,9.0,425
"(np.float64(36.261175), np.float64(-107.7407827), np.float64(2090.45286743798))","(np.float64(36.24745558685714), np.float64(-107.734248456), np.float64(2052.429847865072))",35045943201.0,3.7255900363835575,35045943201.0,3.26,9.0,10
"(np.float64(36.24745558685714), np.float64(-107.734248456), np.float64(2052.429847865072))","(np.float64(36.24001966502136), np.float64(-107.71572021129568), np.float64(2061.72398595953))",35045943201.0,2.5963126678687503,35045943201.0,3.26,9.0,364
"(np.float64(36.24001966502136), np.float64(-107.71572021129568), np.float64(2061.72398595953))","(np.float64(36.241568634829534), np.float64(-107.70552203319254), np.float64(2075.70895184292))",35045943201.0,1.6664025171765915,35045943201.0,3.26,9.0,93
"(np.float64(36.241568634829534), np.float64(-107.70552203319254), np.float64(2075.70895184292))","(np.float64(36.25291114194498), np.float64(-107.65899967821191), np.float64(2092.9948702922943))",35045943201.0,9.472967176929508,35045943201.0,3.26,9.0,231
"(np.float64(36.25291114194498), np.float64(-107.65899967821191), np.float64(2092.9948702922943))","(np.float64(36.2527638), np.float64(-107.6591669), np.float64(2093.88737768247))",35045943201.0,0.022232925935574993,35045943201.0,3.26,9.0,226
"(np.float64(36.2527638), np.float64(-107.6591669), np.float64(2093.88737768247))","(np.float64(36.25608540496894), np.float64(-107.6547904378882), np.float64(2073.6867238809004))",35045943201.0,1.079524343302411,35045943201.0,3.26,9.0,231
"(np.float64(36.25608540496894), np.float64(-107.6547904378882), np.float64(2073.6867238809004))","(np.float64(36.258335165871976), np.float64(-107.64951752387506), np.float64(2065.324907730999))",35045943201.0,0.7994554763450733,35045943201.0,3.26,9.0,226
"(np.float64(36.258335165871976), np.float64(-107.64951752387506), np.float64(2065.324907730999))","(np.float64(36.2593938), np.float64(-107.64654), np.float64(2074.42049878971))",35045943201.0,0.8969711981705538,35045943201.0,3.26,9.0,93
"(np.float64(36.2593938), np.float64(-107.64654), np.float64(2074.42049878971))","(np.float64(36.261792), np.float64(-107.6399569), np.float64(2066.40716872502))",35045943201.0,1.1098259755121342,35045943201.0,3.26,9.0,226
"(np.float64(36.261792), np.float64(-107.6399569), np.float64(2066.40716872502))","(np.float64(36.2609669), np.float64(-107.633283), np.float64(2067.45750105158))",35045943201.0,0.8436308225385757,35045943201.0,3.26,9.0,263
"(np.float64(36.2609669), np.float64(-107.633283), np.float64(2067.45750105158))","(np.float64(36.257986), np.float64(-107.6268859), np.float64(2073.22659799082))",35045943201.0,0.979517334264562,35045943201.0,3.26,9.0,226
"(np.float64(36.255994939705815), np.float64(-107.6232943224841), np.float64(2079.3547575923835))","(np.float64(36.25024436668255), np.float64(-107.60846291937229), np.float64(2097.07235238414))",35039941000.0,2.8451242444355325,35039941000.0,2.21,6.0,226
"(np.float64(36.25024436668255), np.float64(-107.60846291937229), np.float64(2097.07235238414))","(np.float64(36.23344534889412), np.float64(-107.5658915993412), np.float64(2180.202340680975))",35039941000.0,10.055156090686062,35039941000.0,2.21,6.0,263
"(np.float64(36.23344534889412), np.float64(-107.5658915993412), np.float64(2180.202340680975))","(np.float64(36.23347283842004), np.float64(-107.5651178443423), np.float64(2180.2564111740844))",35039941000.0,0.1591599772597114,35039941000.0,2.21,6.0,14
"(np.float64(36.23347283842004), np.float64(-107.5651178443423), np.float64(2180.2564111740844))","(np.float64(36.2332253), np.float64(-107.5611757), np.float64(2174.6184837146))",35039941000.0,0.4919896860885972,35039941000.0,2.21,6.0,263
"(np.float64(36.2332253), np.float64(-107.5611757), np.float64(2174.6184837146))","(np.float64(36.2321372), np.float64(-107.5568125), np.float64(2149.98309833159))",35039941000.0,0.41128311155350905,35039941000.0,2.21,6.0,14
"(np.float64(36.2302969), np.float64(-107.5481541), np.float64(2132.12719673743))","(np.float64(36.22837776261859), np.float64(-107.53900947191651), np.float64(2117.38066370458))",35039941000.0,1.0218967052727728,35039941000.0,2.21,6.0,261
"(np.float64(36.21138778883524), np.float64(-107.46240031427922), np.float64(2109.3293161059346))","(np.float64(36.1893648), np.float64(-107.3799944), np.float64(2049.1469756188))",35043940900.0,18.65784794992793,35043940900.0,4.78,2.0,12
"(np.float64(36.1893648), np.float64(-107.3799944), np.float64(2049.1469756188))","(np.float64(36.18600467737611), np.float64(-107.37213336251908), np.float64(2029.4920234295264))",35043940900.0,1.7122179232173897,35043940900.0,4.78,2.0,245
"(np.float64(36.18600467737611), np.float64(-107.37213336251908), np.float64(2029.4920234295264))","(np.float64(36.1861086), np.float64(-107.3723949), np.float64(2029.50053449243))",35043940900.0,0.19034506018707043,35043940900.0,4.78,2.0,185
"(np.float64(36.1861086), np.float64(-107.3723949), np.float64(2029.50053449243))","(np.float64(36.1845656), np.float64(-107.3685117), np.float64(2029.37416576184))",35043940900.0,0.4949911337707837,35043940900.0,4.78,2.0,12
"(np.float64(36.1845656), np.float64(-107.3685117), np.float64(2029.37416576184))","(np.float64(36.18263102784994), np.float64(-107.36410963137294), np.float64(2024.97923708846))",35043940900.0,0.8324883877284149,35043940900.0,4.78,2.0,245
"(np.float64(36.18263102784994), np.float64(-107.36410963137294), np.float64(2024.97923708846))","(np.float64(36.1362659), np.float64(-107.2311032), np.float64(2084.28892777849))",35043940900.0,33.062899585003535,35043940900.0,4.78,2.0,12
"(np.float64(36.1362659), np.float64(-107.2311032), np.float64(2084.28892777849))","(np.float64(36.12666973225653), np.float64(-107.20013666821852), np.float64(2101.2456009962616))",35043940900.0,5.8457736374233304,35043940900.0,4.78,2.0,245
"(np.float64(36.12666973225653), np.float64(-107.20013666821852), np.float64(2101.2456009962616))","(np.float64(36.12426425329228), np.float64(-107.19610002501184), np.float64(2115.160897534897))",35043940900.0,1.2624115852087376,35043940900.0,4.78,2.0,12
"(np.float64(36.0772445), np.float64(-107.1373012), np.float64(2217.20752871073))","(np.float64(36.07155425389977), np.float64(-107.08248270837124), np.float64(2176.5830247103054))",35043010900.0,11.527960910911217,35043010900.0,1.39,2.0,243
"(np.float64(36.07155425389977), np.float64(-107.08248270837124), np.float64(2176.5830247103054))","(np.float64(36.0715508), np.float64(-107.0784479), np.float64(2166.76685370308))",35043010900.0,0.741841762769858,35043010900.0,1.39,2.0,37
"(np.float64(36.0715508), np.float64(-107.0784479), np.float64(2166.76685370308))","(np.float64(36.0716492), np.float64(-107.0605472), np.float64(2205.17969852796))",35043010900.0,3.6200778828869344,35043010900.0,1.39,2.0,502
"(np.float64(36.0716492), np.float64(-107.0605472), np.float64(2205.17969852796))","(np.float64(36.05369537949026), np.float64(-106.97010444628108), np.float64(2136.2463162738254))",35043010900.0,17.923820179502314,35043010900.0,1.39,2.0,37
"(np.float64(36.05369537949026), np.float64(-106.97010444628108), np.float64(2136.2463162738254))","(np.float64(36.0513267), np.float64(-106.9681014), np.float64(2123.51993641857))",35043010900.0,0.6766940501451105,35043010900.0,1.39,2.0,382
"(np.float64(36.0513267), np.float64(-106.9681014), np.float64(2123.51993641857))","(np.float64(36.04513510818146), np.float64(-106.96803953085244), np.float64(2114.677584647835))",35043010900.0,0.8376867762657194,35043010900.0,1.39,2.0,36
"(np.float64(36.04513510818146), np.float64(-106.96803953085244), np.float64(2114.677584647835))","(np.float64(36.026219447750975), np.float64(-106.96059912553606), np.float64(2080.448550699536))",35043010900.0,4.365692332046915,35043010900.0,1.39,2.0,382
"(np.float64(36.026219447750975), np.float64(-106.96059912553606), np.float64(2080.448550699536))","(np.float64(36.0128954789624), np.float64(-106.9665882841028), np.float64(2090.522326268964))",35043010900.0,3.415131915037952,35043010900.0,1.39,2.0,381
"(np.float64(36.0128954789624), np.float64(-106.9665882841028), np.float64(2090.522326268964))","(np.float64(36.0128219), np.float64(-106.9666641), np.float64(2090.50324369901))",35043010900.0,0.010650989651093434,35043010900.0,1.39,2.0,36
"(np.float64(36.0128219), np.float64(-106.9666641), np.float64(2090.50324369901))","(np.float64(35.96487992680851), np.float64(-106.9907940263357), np.float64(2051.767353423264))",35043010900.0,10.840834373899318,35043010900.0,1.39,2.0,347
"(np.float64(35.96487992680851), np.float64(-106.9907940263357), np.float64(2051.767353423264))","(np.float64(35.9571656), np.float64(-106.9892637), np.float64(2047.66120004577))",35043010900.0,1.7065686056680498,35043010900.0,1.39,2.0,26
"(np.float64(35.9571656), np.float64(-106.9892637), np.float64(2047.66120004577))","(np.float64(35.9540954), np.float64(-106.9890998), np.float64(2046.86219739036))",35043010900.0,0.6713145925624009,35043010900.0,1.39,2.0,38
"(np.float64(35.9540954), np.float64(-106.9890998), np.float64(2046.86219739036))","(np.float64(35.95123556682464), np.float64(-106.98894008625594), np.float64(2046.627057951637))",35043010900.0,0.3177510479056561,35043010900.0,1.39,2.0,26
"(np.float64(35.95123556682464), np.float64(-106.98894008625594), np.float64(2046.627057951637))","(np.float64(35.941278517618045), np.float64(-106.98421225846246), np.float64(2038.708086149184))",35043010900.0,2.401049366337763,35043010900.0,1.39,2.0,13
"(np.float64(35.941278517618045), np.float64(-106.98421225846246), np.float64(2038.708086149184))","(np.float64(35.9348289), np.float64(-106.9811655), np.float64(2036.20312540996))",35043010900.0,1.4167292800841906,35043010900.0,1.39,2.0,26
"(np.float64(35.9348289), np.float64(-106.9811655), np.float64(2036.20312540996))","(np.float64(35.9348289), np.float64(-106.9811655), np.float64(2036.20312540996))",35043010900.0,0.10724289193153029,35043010900.0,1.39,2.0,38
"(np.float64(35.9348289), np.float64(-106.9811655), np.float64(2036.20312540996))","(np.float64(35.9211316), np.float64(-106.9856637), np.float64(2031.32681042331))",35043010900.0,2.7806056430454293,35043010900.0,1.39,2.0,26
"(np.float64(35.9211316), np.float64(-106.9856637), np.float64(2031.32681042331))","(np.float64(35.9211316), np.float64(-106.9856637), np.float64(2031.32681042331))",35043010900.0,0.048412898304052564,35043010900.0,1.39,2.0,13
"(np.float64(35.9211316), np.float64(-106.9856637), np.float64(2031.32681042331))","(np.float64(35.917817), np.float64(-106.9856065), np.float64(2029.70814414999))",35043010900.0,0.3679370293481232,35043010900.0,1.39,2.0,38
"(np.float64(35.917817), np.float64(-106.9856065), np.float64(2029.70814414999))","(np.float64(35.91476840717658), np.float64(-106.98431585486308), np.float64(2028.065281992576))",35043010900.0,0.6658315427473143,35043010900.0,1.39,2.0,13
"(np.float64(35.91476840717658), np.float64(-106.98431585486308), np.float64(2028.065281992576))","(np.float64(35.91436860777545), np.float64(-106.98408581106224), np.float64(2027.8513975198607))",35043010900.0,0.09005397996391543,35043010900.0,1.39,2.0,38
"(np.float64(35.91436860777545), np.float64(-106.98408581106224), np.float64(2027.8513975198607))","(np.float64(35.90244516508389), np.float64(-106.9748437019451), np.float64(2020.7642756300547))",35043010900.0,2.6035283508341283,35043010900.0,1.39,2.0,13
"(np.float64(35.90244516508389), np.float64(-106.9748437019451), np.float64(2020.7642756300547))","(np.float64(35.88914983904652), np.float64(-106.97522134399138), np.float64(2019.770393024068))",35043010900.0,3.2410692151261866,35043010900.0,1.39,2.0,38
"(np.float64(35.88914983904652), np.float64(-106.97522134399138), np.float64(2019.770393024068))","(np.float64(35.8828709), np.float64(-106.9728327), np.float64(2011.43609257273))",35043010900.0,1.500300566337252,35043010900.0,1.39,2.0,227
"(np.float64(35.8828709), np.float64(-106.9728327), np.float64(2011.43609257273))","(np.float64(35.8728015), np.float64(-106.9723783), np.float64(2009.21018517298))",35043010900.0,2.300917551526978,35043010900.0,1.39,2.0,38
"(np.float64(35.8728015), np.float64(-106.9723783), np.float64(2009.21018517298))","(np.float64(35.87258120602931), np.float64(-106.97235174881074), np.float64(2009.0795507637235))",35043010900.0,0.06758783209642562,35043010900.0,1.39,2.0,185
"(np.float64(35.87258120602931), np.float64(-106.97235174881074), np.float64(2009.0795507637235))","(np.float64(35.86253549234977), np.float64(-106.9703694716745), np.float64(2003.9527830934128))",35043010900.0,2.5958232646078074,35043010900.0,1.39,2.0,38
