index,population_density,rucc,longitude,latitude,elevation,altitude,phone_abs_time,num_seen_cells,rsrp,rsrq,rssi,physiographic_region_provcode,physiographic_region_fencode,cell_tower_distance,distance_to_next_point_meters,cum_distance
40315,267.92,1,-96.2953394,32.9796966,168.332260131836,127.825318504602,1724421977736,5,-88,-13,-55,3,3f,NaN,0,0
40316,267.92,1,-96.2953394,32.9796966,168.332260131836,127.825318504602,1724421978738,5,-88,-13,-55,3,3f,NaN,1.07929504189416,1.07929504189416
40317,267.92,1,-96.2953324974155,32.9796888099404,168.336868286133,127.825318504602,1724421979739,5,-88,-13,-55,3,3f,NaN,0.0152319899771005,1.09452703187126
40318,267.92,1,-96.2953324,32.9796887,168.336959838867,127.825318504602,1724421980742,3,-88,-12,-59,3,3f,NaN,0,1.09452703187126
40319,267.92,1,-96.2953324,32.9796887,168.336959838867,127.825318504602,1724421981747,3,-88,-12,-59,3,3f,NaN,0,1.09452703187126
40320,267.92,1,-96.2953324,32.9796887,168.336959838867,127.825318504602,1724421982753,3,-89,-13,-59,3,3f,NaN,0,1.09452703187126
40321,267.92,1,-96.2953324,32.9796887,168.336959838867,127.825318504602,1724421983751,3,-89,-13,-59,3,3f,NaN,3.17802213037825,4.27254916224951
40322,267.92,1,-96.2953202103896,32.9796620111688,168.369812011719,127.719265728811,1724421984751,3,-87,-12,-59,3,3f,NaN,3.22305495402163,7.49560411627114
40323,267.92,1,-96.295307848052,32.9796349441558,168.418228149414,127.611710180894,1724421985753,3,-87,-12,-59,3,3f,NaN,1.02931897160205,8.52492308787319
40324,267.92,1,-96.2953039,32.9796263,168.431243896484,127.577361103715,1724421986759,3,-87,-12,-55,3,3f,NaN,0,8.52492308787319
40325,267.92,1,-96.2953039,32.9796263,168.431243896484,127.577361103715,1724421987759,3,-87,-12,-55,3,3f,NaN,0,8.52492308787319
40326,267.92,1,-96.2953039,32.9796263,168.431243896484,127.577361103715,1724421988764,3,-89,-12,-59,3,3f,NaN,0,8.52492308787319
40327,267.92,1,-96.2953039,32.9796263,168.431243896484,127.577361103715,1724421989765,3,-89,-12,-59,3,3f,NaN,5.53596867691929,14.0608917647925
40328,267.92,1,-96.2952559299103,32.9795969849452,168.44889831543,127.577361103715,1724421990773,5,-90,-11,-59,3,3f,NaN,0.0726945513306149,14.1335863161231
40329,267.92,1,-96.2952553,32.9795966,168.44905090332,127.577361103715,1724421991775,5,-90,-11,-59,3,3f,NaN,0,14.1335863161231
40330,267.92,1,-96.2952553,32.9795966,168.44905090332,127.577361103715,1724421992774,5,-92,-12,-63,3,3f,NaN,0,14.1335863161231
40331,267.92,1,-96.2952553,32.9795966,168.44905090332,127.577361103715,1724421993776,5,-92,-12,-63,3,3f,NaN,0,14.1335863161231
40332,267.92,1,-96.2952553,32.9795966,168.44905090332,127.577361103715,1724421994776,5,-92,-12,-63,3,3f,NaN,6.8769576798334,21.0105439959565
40333,267.92,1,-96.2951920321175,32.9795648484604,168.517944335938,128.174382851,1724421995779,5,-92,-12,-63,3,3f,NaN,6.95313931910635,27.9636833150629
40334,267.92,1,-96.2951280633823,32.9795327451919,168.531753540039,128.778018132243,1724421996783,5,-92,-12,-63,3,3f,NaN,0.789500003827212,28.7531833188901
40335,267.92,1,-96.2951208,32.9795291,168.530822753906,128.846558393261,1724421997784,5,-88,-13,-57,3,3f,NaN,0,28.7531833188901
40336,267.92,1,-96.2951208,32.9795291,168.530822753906,128.846558393261,1724421998785,5,-88,-13,-57,3,3f,NaN,0,28.7531833188901
40337,267.92,1,-96.2951208,32.9795291,168.530822753906,128.846558393261,1724421999791,4,-87,-11,-55,3,3f,NaN,0,28.7531833188901
40338,267.92,1,-96.2951208,32.9795291,168.530822753906,128.846558393261,1724422000791,4,-87,-11,-55,3,3f,NaN,0.615410569572948,29.368593888463
40339,267.92,1,-96.2951144771859,32.9795275192965,168.528533935547,128.846558393261,1724422001790,4,-87,-11,-59,3,3f,NaN,0.00751263966236318,29.3761065281254
40340,267.92,1,-96.2951144,32.9795275,168.528503417969,128.846558393261,1724422002792,4,-87,-11,-59,3,3f,NaN,0,29.3761065281254
40341,267.92,1,-96.2951144,32.9795275,168.528503417969,128.846558393261,1724422003794,4,-86,-11,-55,3,3f,NaN,0,29.3761065281254
40342,267.92,1,-96.2951144,32.9795275,168.528503417969,128.846558393261,1724422004795,4,-86,-11,-55,3,3f,NaN,0,29.3761065281254
40343,267.92,1,-96.2951144,32.9795275,168.528503417969,128.846558393261,1724422005797,4,-87,-13,-57,3,3f,NaN,0,29.3761065281254
40344,267.92,1,-96.2951144,32.9795275,168.528503417969,128.846558393261,1724422006803,4,-87,-13,-57,3,3f,NaN,2.26891783067372,31.6450243587991
40345,267.92,1,-96.2951276731649,32.9795445992374,168.517120361328,128.359878764976,1724422007805,4,-89,-12,-59,3,3f,NaN,2.29868149730561,33.9437058561047
40346,267.92,1,-96.295141120448,32.9795619227836,168.498107910156,127.866814842878,1724422008809,4,-89,-12,-59,3,3f,NaN,0.235820906005386,34.1795267621101
40347,267.92,1,-96.2951425,32.9795637,168.496429443359,127.816231591906,1724422009810,4,-91,-14,-59,3,3f,NaN,0,34.1795267621101
40348,267.92,1,-96.2951425,32.9795637,168.496429443359,127.816231591906,1724422010815,4,-91,-14,-59,3,3f,NaN,0,34.1795267621101
40349,267.92,1,-96.2951425,32.9795637,168.496429443359,127.816231591906,1724422011815,4,-92,-12,-61,3,3f,NaN,0.790018651272183,34.9695454133823
40350,267.92,1,-96.2951473414925,32.9795695295522,168.491592407227,127.816231591906,1724422012820,4,-92,-12,-61,3,3f,NaN,0.00954705893104623,34.9790924723133
40351,267.92,1,-96.2951474,32.9795696,168.49153137207,127.816231591906,1724422013817,4,-90,-11,-63,3,3f,NaN,0,34.9790924723133
40352,267.92,1,-96.2951474,32.9795696,168.49153137207,127.816231591906,1724422014823,4,-90,-11,-63,3,3f,NaN,0,34.9790924723133
40353,267.92,1,-96.2951474,32.9795696,168.49153137207,127.816231591906,1724422015825,4,-87,-12,-57,3,3f,NaN,0,34.9790924723133
40354,267.92,1,-96.2951474,32.9795696,168.49153137207,127.816231591906,1724422016824,4,-87,-12,-57,3,3f,NaN,0,34.9790924723133
40355,267.92,1,-96.2951474,32.9795696,168.49153137207,127.816231591906,1724422017833,5,-88,-12,-57,3,3f,NaN,3.34651331720419,38.3256057895175
40356,267.92,1,-96.2951802234509,32.979557450143,168.530014038086,128.581457085784,1724422018833,5,-88,-12,-57,3,3f,NaN,3.38377246396882,41.7093782534863
40357,267.92,1,-96.2952134123451,32.9795451650143,168.570068359375,129.355202296698,1724422019832,5,-88,-13,-59,3,3f,NaN,0.375974741161148,42.0853529946475
40358,267.92,1,-96.2952171,32.9795438,168.575805664063,129.4411739868,1724422020836,5,-88,-13,-59,3,3f,NaN,0,42.0853529946475
40359,267.92,1,-96.2952171,32.9795438,168.575805664063,129.4411739868,1724422021840,5,-90,-11,-61,3,3f,NaN,0,42.0853529946475
40360,267.92,1,-96.2952171,32.9795438,168.575805664063,129.4411739868,1724422022846,5,-90,-11,-61,3,3f,NaN,0.986089178695287,43.0714421733428
40361,267.92,1,-96.2952268417582,32.9795403559441,168.590148925781,129.4411739868,1724422023846,5,-89,-12,-57,3,3f,NaN,0.0160176986902313,43.087459872033
40362,267.92,1,-96.295227,32.9795403,168.590286254883,129.4411739868,1724422024849,5,-89,-12,-57,3,3f,NaN,0,43.087459872033
40363,267.92,1,-96.295227,32.9795403,168.590286254883,129.4411739868,1724422025850,5,-89,-12,-57,3,3f,NaN,0,43.087459872033
40364,267.92,1,-96.295227,32.9795403,168.590286254883,129.4411739868,1724422026850,4,-87,-11,-57,3,3f,NaN,0,43.087459872033
40365,267.92,1,-96.295227,32.9795403,168.590286254883,129.4411739868,1724422027851,4,-87,-11,-57,3,3f,NaN,0.964546504131924,44.0520063761649
40366,267.92,1,-96.2952202717888,32.9795337129401,168.588348388672,129.172102135766,1724422028852,4,-88,-15,-55,3,3f,NaN,0.980150945634552,45.0321573217995
40367,267.92,1,-96.2952134347288,32.9795270193149,168.586868286133,128.898677251753,1724422029857,4,-88,-15,-55,3,3f,NaN,0.105329649300946,45.1374869711004
40368,267.92,1,-96.2952127,32.9795263,168.586730957031,128.869294279143,1724422030853,4,-89,-13,-57,3,3f,NaN,0,45.1374869711004
40369,267.92,1,-96.2952127,32.9795263,168.586730957031,128.869294279143,1724422031856,4,-89,-13,-57,3,3f,NaN,0,45.1374869711004
40370,267.92,1,-96.2952127,32.9795263,168.586730957031,128.869294279143,1724422032861,4,-88,-12,-59,3,3f,NaN,0,45.1374869711004
40371,267.92,1,-96.2952127,32.9795263,168.586730957031,128.869294279143,1724422033862,4,-88,-12,-59,3,3f,NaN,0.431143759958871,45.5686307310593
40372,267.92,1,-96.2952100296703,32.9795231351648,168.586547851563,128.869294279143,1724422034864,4,-86,-12,-57,3,3f,NaN,0.00479048118967262,45.573421212249
40373,267.92,1,-96.29521,32.9795231,168.586547851563,128.869294279143,1724422035870,4,-86,-12,-57,3,3f,NaN,0,45.573421212249
40374,267.92,1,-96.29521,32.9795231,168.586547851563,128.869294279143,1724422036869,4,-87,-12,-53,3,3f,NaN,0,45.573421212249
40375,267.92,1,-96.29521,32.9795231,168.586547851563,128.869294279143,1724422037870,4,-87,-12,-53,3,3f,NaN,0,45.573421212249
40376,267.92,1,-96.29521,32.9795231,168.586547851563,128.869294279143,1724422038873,4,-90,-12,-63,3,3f,NaN,0,45.573421212249
40377,267.92,1,-96.29521,32.9795231,168.586547851563,128.869294279143,1724422039876,4,-90,-12,-63,3,3f,NaN,0.391784245586684,45.9652054578357
40378,267.92,1,-96.2952118429594,32.9795199338902,168.588973999023,128.417571974415,1724422040876,4,-91,-13,-59,3,3f,NaN,0.397324626651962,46.3625300844876
40379,267.92,1,-96.2952137119809,32.9795167230072,168.591384887695,127.959461677498,1724422041880,4,-91,-13,-59,3,3f,NaN,0.039969911962238,46.4024999964499
40380,267.92,1,-96.2952139,32.9795164,168.591613769531,127.913376876713,1724422042880,3,-87,-12,-59,3,3f,NaN,0,46.4024999964499
40381,267.92,1,-96.2952139,32.9795164,168.591613769531,127.913376876713,1724422043882,3,-87,-12,-59,3,3f,NaN,0,46.4024999964499
40382,267.92,1,-96.2952139,32.9795164,168.591613769531,127.913376876713,1724422044887,4,-88,-14,-55,3,3f,NaN,0.116232193818674,46.5187321902685
40383,267.92,1,-96.2952142964,32.979515409,168.592254638672,127.913376876713,1724422045890,4,-88,-14,-55,3,3f,NaN,0.00105559030312414,46.5197877805717
40384,267.92,1,-96.2952143,32.9795154,168.592254638672,127.913376876713,1724422046895,4,-87,-13,-57,3,3f,NaN,0,46.5197877805717
40385,267.92,1,-96.2952143,32.9795154,168.592254638672,127.913376876713,1724422047896,4,-87,-13,-57,3,3f,NaN,0,46.5197877805717
40386,267.92,1,-96.2952143,32.9795154,168.592254638672,127.913376876713,1724422048897,4,-87,-13,-55,3,3f,NaN,0,46.5197877805717
40387,267.92,1,-96.2952143,32.9795154,168.592254638672,127.913376876713,1724422049898,4,-87,-13,-55,3,3f,NaN,0.62750478244357,47.1472925630152
40388,267.92,1,-96.2952134069458,32.9795098066603,168.594146728516,128.440504735554,1724422050899,4,-87,-12,-59,3,3f,NaN,0.637666805953437,47.7849593689687
40389,267.92,1,-96.2952124994291,32.9795041227402,168.596115112305,128.976169077938,1724422051903,4,-87,-12,-59,3,3f,NaN,0.0698638876371004,47.8548232566058
40390,267.92,1,-96.2952124,32.9795035,168.596343994141,129.034857402303,1724422052905,4,-86,-12,-55,3,3f,NaN,0,47.8548232566058
40391,267.92,1,-96.2952124,32.9795035,168.596343994141,129.034857402303,1724422053908,4,-86,-12,-55,3,3f,NaN,0,47.8548232566058
40392,267.92,1,-96.2952124,32.9795035,168.596343994141,129.034857402303,1724422054908,5,-87,-14,-55,3,3f,NaN,0.210342256886154,48.0651655134919
40393,267.92,1,-96.2952121039039,32.9795016247247,168.59700012207,129.034857402303,1724422055909,5,-87,-14,-55,3,3f,NaN,0.0027732723217026,48.0679387858136
40394,267.92,1,-96.2952121,32.9795016,168.597015380859,129.034857402303,1724422056911,5,-87,-14,-55,3,3f,NaN,0,48.0679387858136
40395,267.92,1,-96.2952121,32.9795016,168.597015380859,129.034857402303,1724422057912,5,-86,-12,-55,3,3f,NaN,0,48.0679387858136
40396,267.92,1,-96.2952121,32.9795016,168.597015380859,129.034857402303,1724422058920,5,-86,-12,-55,3,3f,NaN,0,48.0679387858136
40397,267.92,1,-96.2952121,32.9795016,168.597015380859,129.034857402303,1724422059919,5,-87,-13,-55,3,3f,NaN,0,48.0679387858136
40398,267.92,1,-96.2952121,32.9795016,168.597015380859,129.034857402303,1724422060925,5,-87,-13,-55,3,3f,NaN,0.802334413519366,48.870273199333
40399,267.92,1,-96.2952126647059,32.9794944,168.60009765625,129.242491314785,1724422061926,5,-87,-13,-57,3,3f,NaN,0.807187244388063,49.6774604437211
40400,267.92,1,-96.2952132328273,32.9794871564516,168.602874755859,129.451381077545,1724422062924,5,-87,-13,-57,3,3f,NaN,0.0954389713240393,49.7728994150451
40401,267.92,1,-96.2952133,32.9794863,168.603210449219,129.476079466328,1724422063927,4,-87,-12,-55,3,3f,NaN,0,49.7728994150451
40402,267.92,1,-96.2952133,32.9794863,168.603210449219,129.476079466328,1724422064931,4,-87,-12,-55,3,3f,NaN,0,49.7728994150451
40403,267.92,1,-96.2952133,32.9794863,168.603210449219,129.476079466328,1724422065932,4,-86,-13,-55,3,3f,NaN,0.24215927281638,50.0150586878615
40404,267.92,1,-96.2952134974078,32.9794841285145,168.604049682617,129.476079466328,1724422066935,4,-86,-13,-55,3,3f,NaN,0.0031798738722827,50.0182385617338
40405,267.92,1,-96.2952135,32.9794841,168.604049682617,129.476079466328,1724422067936,5,-87,-12,-57,3,3f,NaN,0,50.0182385617338
40406,267.92,1,-96.2952135,32.9794841,168.604049682617,129.476079466328,1724422068943,5,-87,-12,-57,3,3f,NaN,0,50.0182385617338
40407,267.92,1,-96.2952135,32.9794841,168.604049682617,129.476079466328,1724422069943,4,-87,-13,-55,3,3f,NaN,0,50.0182385617338
40408,267.92,1,-96.2952135,32.9794841,168.604049682617,129.476079466328,1724422070945,4,-87,-13,-55,3,3f,NaN,0.0713958894674117,50.0896344512012
40409,267.92,1,-96.2952129809342,32.979484571878,168.60368347168,129.997656100142,1724422071948,4,-87,-13,-55,3,3f,NaN,0.0721891699828305,50.161823621184
40410,267.92,1,-96.295212456101,32.979485048999,168.603302001953,130.525028029887,1724422072949,4,-87,-13,-55,3,3f,NaN,0.00771652548115894,50.1695401466652
40411,267.92,1,-96.2952124,32.9794851,168.603256225586,130.581400453946,1724422073950,4,-87,-13,-55,3,3f,NaN,0,50.1695401466652
40412,267.92,1,-96.2952124,32.9794851,168.603256225586,130.581400453946,1724422074963,4,-87,-13,-55,3,3f,NaN,0,50.1695401466652
40413,267.92,1,-96.2952124,32.9794851,168.603256225586,130.581400453946,1724422075958,4,-87,-11,-57,3,3f,NaN,0,50.1695401466652
40414,267.92,1,-96.2952124,32.9794851,168.603256225586,130.581400453946,1724422076961,4,-87,-11,-57,3,3f,NaN,0.0214166610767151,50.1909568077419
40415,267.92,1,-96.295212202775,32.9794851986125,168.603149414063,130.581400453946,1724422077968,4,-87,-12,-59,3,3f,NaN,0.000301337962581636,50.1912581457045
40416,267.92,1,-96.2952122,32.9794852,168.603149414063,130.581400453946,1724422078968,4,-87,-12,-59,3,3f,NaN,0,50.1912581457045
40417,267.92,1,-96.2952122,32.9794852,168.603149414063,130.581400453946,1724422079967,4,-85,-12,-53,3,3f,NaN,0,50.1912581457045
40418,267.92,1,-96.2952122,32.9794852,168.603149414063,130.581400453946,1724422080969,4,-85,-12,-53,3,3f,NaN,0.146626606903702,50.3378847526082
40419,267.92,1,-96.2952108375654,32.9794845422729,168.602828979492,129.921829404279,1724422081970,4,-86,-12,-57,3,3f,NaN,0.148704310977475,50.4865890635856
40420,267.92,1,-96.295209455825,32.9794838752259,168.602523803711,129.252912206136,1724422082972,4,-86,-12,-57,3,3f,NaN,0.0167700489226514,50.5033591125083
40421,267.92,1,-96.2952093,32.9794838,168.602478027344,129.177475436285,1724422083976,4,-86,-10,-59,3,3f,NaN,0,50.5033591125083
40422,267.92,1,-96.2952093,32.9794838,168.602478027344,129.177475436285,1724422084976,4,-86,-10,-59,3,3f,NaN,0,50.5033591125083
40423,267.92,1,-96.2952093,32.9794838,168.602478027344,129.177475436285,1724422085982,3,-87,-13,-55,3,3f,NaN,0.0643729307401133,50.5677320432484
40424,267.92,1,-96.2952087071928,32.9794835035964,168.602355957031,129.177475436285,1724422086983,3,-87,-13,-55,3,3f,NaN,0.000781065651316181,50.5685131088997
40425,267.92,1,-96.2952087,32.9794835,168.602355957031,129.177475436285,1724422087985,4,-86,-12,-55,3,3f,NaN,0,50.5685131088997
40426,267.92,1,-96.2952087,32.9794835,168.602355957031,129.177475436285,1724422088989,4,-86,-12,-55,3,3f,NaN,0,50.5685131088997
40427,267.92,1,-96.2952087,32.9794835,168.602355957031,129.177475436285,1724422089989,4,-87,-14,-55,3,3f,NaN,0,50.5685131088997
40428,267.92,1,-96.2952087,32.9794835,168.602355957031,129.177475436285,1724422090993,4,-87,-14,-55,3,3f,NaN,0.125991048133944,50.6945041570337
40429,267.92,1,-96.2952077512207,32.9794826935376,168.602310180664,128.816452436395,1724422091996,4,-87,-11,-59,3,3f,NaN,0.127135269707161,50.8216394267408
40430,267.92,1,-96.2952067938248,32.9794818797511,168.602264404297,128.452150721066,1724422092996,4,-87,-11,-59,3,3f,NaN,0.0124592587402895,50.8340986854811
40431,267.92,1,-96.2952067,32.9794818,168.602264404297,128.416449152964,1724422094002,4,-88,-13,-57,3,3f,NaN,0,50.8340986854811
40432,267.92,1,-96.2952067,32.9794818,168.602264404297,128.416449152964,1724422095005,4,-88,-13,-57,3,3f,NaN,0,50.8340986854811
40433,267.92,1,-96.2952067,32.9794818,168.602264404297,128.416449152964,1724422096007,4,-88,-13,-57,3,3f,NaN,0.0638644576279356,50.897963143109
40434,267.92,1,-96.2952062045226,32.9794814036181,168.602233886719,128.416449152964,1724422097006,4,-88,-13,-57,3,3f,NaN,0.000582941833359769,50.8985460849424
40435,267.92,1,-96.2952062,32.9794814,168.602233886719,128.416449152964,1724422098006,4,-86,-13,-55,3,3f,NaN,0,50.8985460849424
40436,267.92,1,-96.2952062,32.9794814,168.602233886719,128.416449152964,1724422099008,4,-86,-13,-55,3,3f,NaN,0,50.8985460849424
40437,267.92,1,-96.2952062,32.9794814,168.602233886719,128.416449152964,1724422100011,4,-87,-13,-55,3,3f,NaN,0,50.8985460849424
40438,267.92,1,-96.2952062,32.9794814,168.602233886719,128.416449152964,1724422101013,4,-87,-13,-55,3,3f,NaN,0,50.8985460849424
40439,267.92,1,-96.2952062,32.9794814,168.602233886719,128.416449152964,1724422102020,4,-86,-13,-55,3,3f,NaN,0.196882550868738,51.0954286358111
40440,267.92,1,-96.2952083099762,32.9794813531116,168.603012084961,129.621714615922,1724422103019,4,-86,-13,-55,3,3f,NaN,0.200074173244434,51.2955028090556
40441,267.92,1,-96.2952104541568,32.9794813054632,168.60383605957,130.846518323467,1724422104022,4,-87,-11,-59,3,3f,NaN,0.0229397068910145,51.3184425159466
40442,267.92,1,-96.2952107,32.9794813,168.603942871094,130.68837869305,1724422105030,4,-87,-11,-59,3,3f,NaN,0,51.3184425159466
40443,267.92,1,-96.2952107,32.9794813,168.603942871094,130.683329582057,1724422106033,4,-87,-13,-55,3,3f,NaN,0,51.3184425159466
40444,267.92,1,-96.2952107,32.9794813,168.603942871094,130.683329582057,1724422107033,4,-87,-13,-55,3,3f,NaN,0,51.3184425159466
40445,267.92,1,-96.2952107,32.9794813,168.603942871094,130.683329582057,1724422108032,3,-86,-13,-55,3,3f,NaN,0.0553521562127439,51.3737946721593
40446,267.92,1,-96.2952112934132,32.9794813,168.60417175293,130.683329582057,1724422109033,3,-86,-13,-55,3,3f,NaN,0.000614401065205773,51.3744090732245
40447,267.92,1,-96.2952113,32.9794813,168.60417175293,130.683329582057,1724422110035,3,-86,-13,-55,3,3f,NaN,0,51.3744090732245
40448,267.92,1,-96.2952113,32.9794813,168.60417175293,130.683329582057,1724422111040,4,-87,-12,-59,3,3f,NaN,0,51.3744090732245
40449,267.92,1,-96.2952113,32.9794813,168.60417175293,130.683329582057,1724422112041,4,-87,-12,-59,3,3f,NaN,0,51.3744090732245
40450,267.92,1,-96.2952113,32.9794813,168.60417175293,130.683329582057,1724422113044,4,-86,-13,-55,3,3f,NaN,0.241233608134209,51.6156426813587
40451,267.92,1,-96.295211010412,32.9794791441777,168.604827880859,130.312171065986,1724422114047,4,-86,-13,-55,3,3f,NaN,0.242935856844602,51.8585785382033
40452,267.92,1,-96.2952107187804,32.979476973143,168.605499267578,129.938393487806,1724422115046,4,-87,-14,-55,3,3f,NaN,0.243422212233853,52.1020007504372
40453,267.92,1,-96.295210426565,32.9794747977619,168.606170654297,129.563867606166,1724422116047,4,-87,-14,-55,3,3f,NaN,0.0221292896312856,52.1241300400685
40454,267.92,1,-96.2952104,32.9794746,168.606231689453,129.529819798744,1724422117050,4,-87,-14,-55,3,3f,NaN,0,52.1241300400685
40455,267.92,1,-96.2952104,32.9794746,168.606231689453,129.529819798744,1724422118050,4,-85,-11,-55,3,3f,NaN,0,52.1241300400685
40456,267.92,1,-96.2952104,32.9794746,168.606231689453,129.529819798744,1724422119049,4,-85,-11,-55,3,3f,NaN,0.122175929329242,52.2463059693977
40457,267.92,1,-96.2952103004024,32.9794735044266,168.606597900391,129.529819798744,1724422120051,4,-88,-12,-57,3,3f,NaN,0.00049364494285364,52.2467996143406
40458,267.92,1,-96.2952103,32.9794735,168.606597900391,129.529819798744,1724422121058,4,-88,-12,-57,3,3f,NaN,0,52.2467996143406
40459,267.92,1,-96.2952103,32.9794735,168.606597900391,129.529819798744,1724422122059,4,-88,-12,-57,3,3f,NaN,0,52.2467996143406
40460,267.92,1,-96.2952103,32.9794735,168.606597900391,129.529819798744,1724422123060,4,-89,-13,-57,3,3f,NaN,0,52.2467996143406
40461,267.92,1,-96.2952103,32.9794735,168.606597900391,129.529819798744,1724422124060,4,-89,-13,-57,3,3f,NaN,0,52.2467996143406
40462,267.92,1,-96.2952103,32.9794735,168.606597900391,129.529819798744,1724422125066,4,-87,-13,-51,3,3f,NaN,0.165029501584025,52.4118291159246
40463,267.92,1,-96.2952098235602,32.9794749293194,168.605895996094,130.508610174334,1724422126078,4,-87,-13,-51,3,3f,NaN,0.164699767827832,52.5765288837524
40464,267.92,1,-96.2952093480724,32.979476355783,168.605209350586,131.485444924798,1724422127077,4,-88,-14,-55,3,3f,NaN,0.0166513249902088,52.5931802087427
40465,267.92,1,-96.2952093,32.9794765,168.605133056641,131.584203993664,1724422128083,4,-88,-14,-55,3,3f,NaN,0,52.5931802087427
40466,267.92,1,-96.2952093,32.9794765,168.605133056641,131.584203993664,1724422129079,4,-88,-14,-55,3,3f,NaN,0,52.5931802087427
40467,267.92,1,-96.2952093,32.9794765,168.605133056641,131.584203993664,1724422130079,4,-87,-13,-55,3,3f,NaN,0,52.5931802087427
40468,267.92,1,-96.2952093,32.9794765,168.605133056641,131.584203993664,1724422131081,4,-87,-13,-55,3,3f,NaN,0.0818891566868341,52.6750693654295
40469,267.92,1,-96.295209002991,32.9794771930209,168.604782104492,131.584203993664,1724422132085,4,-88,-11,-61,3,3f,NaN,0.000824667323783399,52.6758940327533
40470,267.92,1,-96.295209,32.9794772,168.604766845703,131.584203993664,1724422133087,4,-88,-11,-61,3,3f,NaN,0,52.6758940327533
40471,267.92,1,-96.295209,32.9794772,168.604766845703,131.584203993664,1724422134085,4,-88,-12,-59,3,3f,NaN,0,52.6758940327533
40472,267.92,1,-96.295209,32.9794772,168.604766845703,131.584203993664,1724422135088,4,-88,-12,-59,3,3f,NaN,0,52.6758940327533
40473,267.92,1,-96.295209,32.9794772,168.604766845703,131.584203993664,1724422136092,3,-87,-12,-57,3,3f,NaN,0,52.6758940327533
40474,267.92,1,-96.295209,32.9794772,168.604766845703,131.584203993664,1724422137094,3,-87,-12,-57,3,3f,NaN,0.123631529762866,52.7995255625161
40475,267.92,1,-96.2952102252021,32.9794776241084,168.605072021484,130.686242527887,1724422138095,4,-86,-12,-57,3,3f,NaN,0.125003827072917,52.9245293895891
40476,267.92,1,-96.2952114640038,32.9794780529244,168.605392456055,129.778313780452,1724422139097,4,-86,-12,-57,3,3f,NaN,0.0137229753955243,52.9382523649846
40477,267.92,1,-96.2952116,32.9794781,168.605422973633,129.678640963867,1724422140098,4,-87,-12,-59,3,3f,NaN,0,52.9382523649846
40478,267.92,1,-96.2952116,32.9794781,168.605422973633,129.678640963867,1724422141104,4,-87,-12,-59,3,3f,NaN,0,52.9382523649846
40479,267.92,1,-96.2952116,32.9794781,168.605422973633,129.678640963867,1724422142103,4,-86,-11,-57,3,3f,NaN,0.0428357005483388,52.9810880655329
40480,267.92,1,-96.2952119944719,32.9794782972359,168.605514526367,129.678640963867,1724422143113,4,-86,-11,-57,3,3f,NaN,0.000600299648436672,52.9816883651814
40481,267.92,1,-96.295212,32.9794783,168.605514526367,129.678640963867,1724422144109,4,-87,-14,-55,3,3f,NaN,0,52.9816883651814
40482,267.92,1,-96.295212,32.9794783,168.605514526367,129.678640963867,1724422145112,4,-87,-14,-55,3,3f,NaN,0,52.9816883651814
40483,267.92,1,-96.295212,32.9794783,168.605514526367,129.678640963867,1724422146111,4,-87,-14,-55,3,3f,NaN,0,52.9816883651814
40484,267.92,1,-96.295212,32.9794783,168.605514526367,129.678640963867,1724422147117,4,-87,-12,-55,3,3f,NaN,0,52.9816883651814
40485,267.92,1,-96.295212,32.9794783,168.605514526367,129.678640963867,1724422148118,4,-87,-12,-55,3,3f,NaN,0.101372760375429,53.0830611255568
40486,267.92,1,-96.2952110104712,32.9794779230366,168.605270385742,130.198863470407,1724422149120,4,-87,-11,-59,3,3f,NaN,0.102499124900738,53.1855602504575
40487,267.92,1,-96.2952100099476,32.9794775418848,168.605026245117,130.724866227019,1724422150121,4,-87,-11,-59,3,3f,NaN,0.0112636344808914,53.1968238849384
40488,267.92,1,-96.2952099,32.9794775,168.604995727539,130.782668727746,1724422151119,4,-85,-11,-55,3,3f,NaN,0,53.1968238849384
40489,267.92,1,-96.2952099,32.9794775,168.604995727539,130.782668727746,1724422152126,4,-85,-11,-55,3,3f,NaN,0,53.1968238849384
40490,267.92,1,-96.2952099,32.9794775,168.604995727539,130.782668727746,1724422153126,4,-87,-12,-61,3,3f,NaN,0.0384669301782013,53.2352908151166
40491,267.92,1,-96.2952095047856,32.9794774011964,168.604888916016,130.782668727746,1724422154127,4,-87,-12,-61,3,3f,NaN,0.00046579143061837,53.2357566065472
40492,267.92,1,-96.2952095,32.9794774,168.604888916016,130.782668727746,1724422155134,4,-86,-11,-57,3,3f,NaN,0,53.2357566065472
40493,267.92,1,-96.2952095,32.9794774,168.604888916016,130.782668727746,1724422156136,4,-86,-11,-57,3,3f,NaN,0,53.2357566065472
40494,267.92,1,-96.2952095,32.9794774,168.604888916016,130.782668727746,1724422157142,4,-88,-11,-59,3,3f,NaN,0,53.2357566065472
40495,267.92,1,-96.2952095,32.9794774,168.604888916016,130.782668727746,1724422158142,4,-88,-11,-59,3,3f,NaN,0,53.2357566065472
40496,267.92,1,-96.2952095,32.9794774,168.604888916016,130.782668727746,1724422159145,4,-87,-12,-57,3,3f,NaN,0.173560871911711,53.4093174784589
40497,267.92,1,-96.2952094055238,32.9794789588571,168.604278564453,130.976807553459,1724422160149,4,-87,-12,-57,3,3f,NaN,0.175135521397248,53.5844529998562
40498,267.92,1,-96.2952093101905,32.9794805318571,168.60368347168,131.172707719325,1724422161150,4,-90,-12,-57,3,3f,NaN,0.0187207853807403,53.6031737852369
40499,267.92,1,-96.2952093,32.9794807,168.603607177734,131.193648096695,1724422162152,4,-90,-12,-57,3,3f,NaN,0,53.6031737852369
40500,267.92,1,-96.2952093,32.9794807,168.603607177734,131.193648096695,1724422163154,4,-90,-12,-57,3,3f,NaN,0,53.6031737852369
40501,267.92,1,-96.2952093,32.9794807,168.603607177734,131.193648096695,1724422164152,4,-91,-13,-59,3,3f,NaN,0,53.6031737852369
40502,267.92,1,-96.2952093,32.9794807,168.603607177734,131.193648096695,1724422165154,4,-91,-13,-59,3,3f,NaN,0.0885465194184112,53.6917203046553
40503,267.92,1,-96.295209201003,32.9794814919759,168.603286743164,131.193648096695,1724422166152,4,-87,-12,-57,3,3f,NaN,0.000897130358153023,53.6926174350135
40504,267.92,1,-96.2952092,32.9794815,168.603286743164,131.193648096695,1724422167163,4,-87,-12,-57,3,3f,NaN,0,53.6926174350135
40505,267.92,1,-96.2952092,32.9794815,168.603286743164,131.193648096695,1724422168161,4,-87,-13,-57,3,3f,NaN,0,53.6926174350135
40506,267.92,1,-96.2952092,32.9794815,168.603286743164,131.193648096695,1724422169168,4,-87,-13,-57,3,3f,NaN,0,53.6926174350135
40507,267.92,1,-96.2952092,32.9794815,168.603286743164,131.193648096695,1724422170169,4,-87,-12,-59,3,3f,NaN,0,53.6926174350135
40508,267.92,1,-96.2952092,32.9794815,168.603286743164,131.193648096695,1724422171171,4,-87,-12,-59,3,3f,NaN,0.10358618683111,53.7962036218446
40509,267.92,1,-96.2952102383325,32.9794818303785,168.603561401367,131.097235193078,1724422172172,4,-88,-13,-61,3,3f,NaN,0.105373973490479,53.9015775953351
40510,267.92,1,-96.2952112945855,32.979482166459,168.603866577148,130.999158310413,1724422173174,4,-88,-13,-61,3,3f,NaN,0.0105163683804666,53.9120939637155
40511,267.92,1,-96.2952114,32.9794822,168.603897094727,130.989370198371,1724422174175,4,-88,-12,-57,3,3f,NaN,0,53.9120939637155
40512,267.92,1,-96.2952114,32.9794822,168.603897094727,130.989370198371,1724422175176,4,-88,-12,-57,3,3f,NaN,0,53.9120939637155
40513,267.92,1,-96.2952114,32.9794822,168.603897094727,130.989370198371,1724422176180,5,-91,-13,-61,3,3f,NaN,0.0429163303048133,53.9550102940204
40514,267.92,1,-96.2952117952144,32.9794823976072,168.603973388672,130.989370198371,1724422177180,5,-91,-13,-61,3,3f,NaN,0.000519668808262993,53.9555299628286
40515,267.92,1,-96.2952118,32.9794824,168.603973388672,130.989370198371,1724422178180,5,-90,-13,-57,3,3f,NaN,0,53.9555299628286
40516,267.92,1,-96.2952118,32.9794824,168.603973388672,130.989370198371,1724422179189,5,-90,-13,-57,3,3f,NaN,0,53.9555299628286
40517,267.92,1,-96.2952118,32.9794824,168.603973388672,130.989370198371,1724422180190,5,-91,-14,-59,3,3f,NaN,0,53.9555299628286
40518,267.92,1,-96.2952118,32.9794824,168.603973388672,130.989370198371,1724422181193,5,-91,-14,-59,3,3f,NaN,0.166653176876656,54.1221831397053
40519,267.92,1,-96.295211189619,32.9794838085714,168.603240966797,131.429227562369,1724422182194,4,-87,-13,-55,3,3f,NaN,0.169188466946666,54.2913716066519
40520,267.92,1,-96.2952105699524,32.9794852385714,168.602478027344,131.875776468416,1724422183195,4,-87,-13,-55,3,3f,NaN,0.0190992018537472,54.3104708085057
40521,267.92,1,-96.2952105,32.9794854,168.602386474609,131.926186085183,1724422184202,3,-87,-12,-57,3,3f,NaN,0,54.3104708085057
40522,267.92,1,-96.2952105,32.9794854,168.602386474609,131.926186085183,1724422185203,3,-87,-12,-57,3,3f,NaN,0,54.3104708085057
40523,267.92,1,-96.2952105,32.9794854,168.602386474609,131.926186085183,1724422186204,3,-87,-13,-53,3,3f,NaN,0.0790842114306529,54.3895550199364
40524,267.92,1,-96.2952103023904,32.9794860916335,168.60205078125,131.926186085183,1724422187208,3,-87,-13,-53,3,3f,NaN,0.00095666009615945,54.3905116800325
40525,267.92,1,-96.2952103,32.9794861,168.60205078125,131.926186085183,1724422188208,4,-88,-13,-55,3,3f,NaN,0,54.3905116800325
40526,267.92,1,-96.2952103,32.9794861,168.60205078125,131.926186085183,1724422189209,4,-88,-13,-55,3,3f,NaN,0,54.3905116800325
40527,267.92,1,-96.2952103,32.9794861,168.60205078125,131.926186085183,1724422190216,3,-86,-12,-55,3,3f,NaN,0,54.3905116800325
40528,267.92,1,-96.2952103,32.9794861,168.60205078125,131.926186085183,1724422191217,3,-86,-12,-55,3,3f,NaN,0.054161269713029,54.4446729497455
40529,267.92,1,-96.2952098277247,32.9794863833652,168.601760864258,131.612047951717,1724422192218,3,-86,-12,-57,3,3f,NaN,0.0548191059172529,54.4994920556628
40530,267.92,1,-96.2952093497132,32.9794866701721,168.601455688477,131.294094375334,1724422193218,3,-86,-12,-57,3,3f,NaN,0.00570118687111537,54.5051932425339
40531,267.92,1,-96.2952093,32.9794867,168.601425170898,131.26102720339,1724422194218,3,-89,-12,-57,3,3f,NaN,0,54.5051932425339
40532,267.92,1,-96.2952093,32.9794867,168.601425170898,131.26102720339,1724422195219,3,-89,-12,-57,3,3f,NaN,0,54.5051932425339
40533,267.92,1,-96.2952093,32.9794867,168.601425170898,131.26102720339,1724422196229,4,-87,-11,-55,3,3f,NaN,0.0286224196626554,54.5338156621966
40534,267.92,1,-96.2952091027916,32.9794868972084,168.601272583008,131.26102720339,1724422197230,4,-87,-11,-55,3,3f,NaN,0.000405167115035512,54.5342208293116
40535,267.92,1,-96.2952091,32.9794869,168.601272583008,131.26102720339,1724422198231,4,-89,-13,-59,3,3f,NaN,0,54.5342208293116
40536,267.92,1,-96.2952091,32.9794869,168.601272583008,131.26102720339,1724422199232,4,-89,-13,-59,3,3f,NaN,0,54.5342208293116
40537,267.92,1,-96.2952091,32.9794869,168.601272583008,131.26102720339,1724422200234,4,-87,-13,-57,3,3f,NaN,0,54.5342208293116
40538,267.92,1,-96.2952091,32.9794869,168.601272583008,131.26102720339,1724422201240,4,-87,-13,-57,3,3f,NaN,0.158191103823467,54.6924119331351
40539,267.92,1,-96.2952098549188,32.9794881739255,168.601119995117,131.410639754512,1724422202240,3,-86,-12,-57,3,3f,NaN,0.160432682663212,54.8528446157983
40540,267.92,1,-96.2952106205349,32.9794894659026,168.600967407227,131.562372321541,1724422203242,3,-86,-12,-57,3,3f,NaN,0.0166516910107721,54.869496306809
40541,267.92,1,-96.2952107,32.9794896,168.600967407227,131.578121011133,1724422204246,3,-90,-13,-63,3,3f,NaN,0,54.869496306809
40542,267.92,1,-96.2952107,32.9794896,168.600967407227,131.578121011133,1724422205249,3,-90,-13,-63,3,3f,NaN,0,54.869496306809
40543,267.92,1,-96.2952107,32.9794896,168.600967407227,131.578121011133,1724422206248,3,-87,-11,-57,3,3f,NaN,0.0714092397957971,54.9409055466048
40544,267.92,1,-96.2952109961078,32.9794901922156,168.600875854492,131.578121011133,1724422207251,3,-87,-11,-57,3,3f,NaN,0.000938641365293128,54.9418441879701
40545,267.92,1,-96.295211,32.9794902,168.600875854492,131.578121011133,1724422208254,3,-87,-13,-55,3,3f,NaN,0,54.9418441879701
40546,267.92,1,-96.295211,32.9794902,168.600875854492,131.578121011133,1724422209256,3,-87,-13,-55,3,3f,NaN,0,54.9418441879701
40547,267.92,1,-96.295211,32.9794902,168.600875854492,131.578121011133,1724422210260,3,-90,-13,-59,3,3f,NaN,0,54.9418441879701
40548,267.92,1,-96.295211,32.9794902,168.600875854492,131.578121011133,1724422211261,3,-90,-13,-59,3,3f,NaN,0,54.9418441879701
40549,267.92,1,-96.295211,32.9794902,168.600875854492,131.578121011133,1724422212263,4,-88,-11,-55,3,3f,NaN,0.136421988943626,55.0782661769138
40550,267.92,1,-96.2952096755131,32.9794907203341,168.600128173828,131.786329493227,1724422213264,4,-88,-11,-55,3,3f,NaN,0.137798600128725,55.2160647770425
40551,267.92,1,-96.2952083376611,32.9794912459189,168.599380493164,131.996638969085,1724422214265,4,-90,-13,-59,3,3f,NaN,0.0141790735634182,55.2302438506059
40552,267.92,1,-96.2952082,32.9794913,168.599304199219,132.018279204863,1724422215266,4,-90,-13,-59,3,3f,NaN,0,55.2302438506059
40553,267.92,1,-96.2952082,32.9794913,168.599304199219,132.018279204863,1724422216265,4,-88,-12,-61,3,3f,NaN,0,55.2302438506059
40554,267.92,1,-96.2952082,32.9794913,168.599304199219,132.018279204863,1724422217271,4,-88,-12,-61,3,3f,NaN,0,55.2302438506059
40555,267.92,1,-96.2952082,32.9794913,168.599304199219,132.018279204863,1724422218274,4,-89,-13,-57,3,3f,NaN,0.0642508641519758,55.2944947147579
40556,267.92,1,-96.2952076083169,32.9794915958416,168.598968505859,132.018279204863,1724422219279,4,-89,-13,-57,3,3f,NaN,0.000903129535792206,55.2953978442937
40557,267.92,1,-96.2952076,32.9794916,168.59895324707,132.018279204863,1724422220281,4,-88,-11,-59,3,3f,NaN,0,55.2953978442937
40558,267.92,1,-96.2952076,32.9794916,168.59895324707,132.018279204863,1724422221280,4,-88,-11,-59,3,3f,NaN,0,55.2953978442937
40559,267.92,1,-96.2952076,32.9794916,168.59895324707,132.018279204863,1724422222283,4,-90,-13,-57,3,3f,NaN,0,55.2953978442937
40560,267.92,1,-96.2952076,32.9794916,168.59895324707,132.018279204863,1724422223284,4,-90,-13,-57,3,3f,NaN,0.0113304876881302,55.3067283319818
40561,267.92,1,-96.2952076469834,32.9794916939667,168.598937988281,132.817110777146,1724422224285,5,-86,-12,-53,3,3f,NaN,0.0114908894158343,55.3182192213976
40562,267.92,1,-96.2952076946318,32.9794917892637,168.598922729492,133.627250379775,1724422225288,5,-86,-12,-53,3,3f,NaN,0.00129458306560596,55.3195138044632
40563,267.92,1,-96.2952077,32.9794918,168.598922729492,133.718522338994,1724422226289,5,-86,-12,-59,3,3f,NaN,0,55.3195138044632
40564,267.92,1,-96.2952077,32.9794918,168.598922729492,133.718522338994,1724422227294,5,-86,-12,-59,3,3f,NaN,0,55.3195138044632
40565,267.92,1,-96.2952077,32.9794918,168.598922729492,133.718522338994,1724422228300,5,-86,-12,-55,3,3f,NaN,0,55.3195138044632
40566,267.92,1,-96.2952077,32.9794918,168.598922729492,133.718522338994,1724422229301,5,-86,-12,-55,3,3f,NaN,0.0110082982535982,55.3305221027168
40567,267.92,1,-96.2952077,32.979491899,168.598892211914,133.718522338994,1724422230305,5,-86,-13,-55,3,3f,NaN,0.000111194540801131,55.3306332972576
40568,267.92,1,-96.2952077,32.9794919,168.598892211914,133.718522338994,1724422231306,5,-86,-13,-55,3,3f,NaN,0,55.3306332972576
40569,267.92,1,-96.2952077,32.9794919,168.598892211914,133.718522338994,1724422232306,5,-87,-12,-59,3,3f,NaN,0,55.3306332972576
40570,267.92,1,-96.2952077,32.9794919,168.598892211914,133.718522338994,1724422233311,5,-87,-12,-59,3,3f,NaN,0,55.3306332972576
40571,267.92,1,-96.2952077,32.9794919,168.598892211914,133.718522338994,1724422234311,4,-86,-11,-55,3,3f,NaN,0.0695736806625916,55.4002069779202
40572,267.92,1,-96.2952084108262,32.9794920895536,168.599105834961,133.059714832663,1724422235321,4,-86,-11,-55,3,3f,NaN,0.0696433991591157,55.4698503770794
40573,267.92,1,-96.2952091223647,32.9794922792972,168.599319458008,132.400247198569,1724422236320,4,-87,-13,-55,3,3f,NaN,0.00759872855413349,55.4774491056335
40574,267.92,1,-96.2952092,32.9794923,168.599349975586,132.328293272527,1724422237321,4,-87,-13,-55,3,3f,NaN,0,55.4774491056335
40575,267.92,1,-96.2952092,32.9794923,168.599349975586,132.328293272527,1724422238325,4,-86,-12,-53,3,3f,NaN,0,55.4774491056335
40576,267.92,1,-96.2952092,32.9794923,168.599349975586,132.328293272527,1724422239326,4,-86,-12,-53,3,3f,NaN,0,55.4774491056335
40577,267.92,1,-96.2952092,32.9794923,168.599349975586,132.328293272527,1724422240331,4,-87,-13,-55,3,3f,NaN,0.0383153505529696,55.5157644561865
40578,267.92,1,-96.2952095936571,32.9794923984143,168.599487304688,132.328293272527,1724422241333,4,-87,-13,-55,3,3f,NaN,0.000617365021925487,55.5163818212084
40579,267.92,1,-96.2952096,32.9794924,168.599487304688,132.328293272527,1724422242334,5,-87,-13,-55,3,3f,NaN,0,55.5163818212084
40580,267.92,1,-96.2952096,32.9794924,168.599487304688,132.328293272527,1724422243335,5,-87,-13,-55,3,3f,NaN,0,55.5163818212084
40581,267.92,1,-96.2952096,32.9794924,168.599487304688,132.328293272527,1724422244335,5,-87,-13,-57,3,3f,NaN,0,55.5163818212084
40582,267.92,1,-96.2952096,32.9794924,168.599487304688,132.328293272527,1724422245336,5,-87,-13,-57,3,3f,NaN,0,55.5163818212084
40583,267.92,1,-96.2952096,32.9794924,168.599487304688,132.328293272527,1724422246341,5,-87,-12,-59,3,3f,NaN,0.0180881790018119,55.5344700002102
40584,267.92,1,-96.2952096946514,32.9794922580229,168.599578857422,133.320289616382,1724422247342,5,-87,-12,-59,3,3f,NaN,0.0183254531173366,55.5527954533275
40585,267.92,1,-96.2952097905444,32.9794921141834,168.599670410156,134.325299030339,1724422248346,4,-91,-11,-61,3,3f,NaN,0.00180699430387328,55.5546024476314
40586,267.92,1,-96.2952098,32.9794921,168.599670410156,134.424398564185,1724422249352,4,-91,-11,-61,3,3f,NaN,0,55.5546024476314
40587,267.92,1,-96.2952098,32.9794921,168.599670410156,134.424398564185,1724422250358,4,-88,-13,-57,3,3f,NaN,0,55.5546024476314
40588,267.92,1,-96.2952098,32.9794921,168.599670410156,134.424398564185,1724422251360,4,-88,-13,-57,3,3f,NaN,0.009142686519168,55.5637451341506
40589,267.92,1,-96.2952098980159,32.9794921,168.599716186523,134.424398564185,1724422252360,4,-87,-13,-55,3,3f,NaN,0.000185072549013654,55.5639302066996
40590,267.92,1,-96.2952099,32.9794921,168.599716186523,134.424398564185,1724422253362,4,-87,-13,-55,3,3f,NaN,0,55.5639302066996
40591,267.92,1,-96.2952099,32.9794921,168.599716186523,134.424398564185,1724422254363,4,-87,-13,-55,3,3f,NaN,0,55.5639302066996
40592,267.92,1,-96.2952099,32.9794921,168.599716186523,134.424398564185,1724422255363,4,-87,-13,-55,3,3f,NaN,0,55.5639302066996
40593,267.92,1,-96.2952099,32.9794921,168.599716186523,134.424398564185,1724422256365,4,-87,-13,-55,3,3f,NaN,0,55.5639302066996
40594,267.92,1,-96.2952099,32.9794921,168.599716186523,134.424398564185,1724422257371,3,-86,-12,-57,3,3f,NaN,0.238212697447497,55.8021429041471
40595,267.92,1,-96.2952088126075,32.9794901616046,168.599960327148,133.506699908671,1724422258370,3,-86,-12,-57,3,3f,NaN,0.242062603512207,56.0442055076593
40596,267.92,1,-96.2952077076409,32.9794881918816,168.60026550293,132.574169759735,1724422259376,4,-87,-13,-57,3,3f,NaN,0.023580655274993,56.0677861629343
40597,267.92,1,-96.2952076,32.979488,168.600296020508,132.483326862522,1724422260377,4,-87,-13,-57,3,3f,NaN,0,56.0677861629343
40598,267.92,1,-96.2952076,32.979488,168.600296020508,132.483326862522,1724422261379,3,-86,-12,-53,3,3f,NaN,0,56.0677861629343
40599,267.92,1,-96.2952076,32.979488,168.600296020508,132.483326862522,1724422262385,3,-86,-12,-53,3,3f,NaN,0.0954006178069742,56.1631867807413
40600,267.92,1,-96.2952072044088,32.9794872088176,168.600433349609,132.483326862522,1724422263383,4,-87,-11,-59,3,3f,NaN,0.00106322470173333,56.164250005443
40601,267.92,1,-96.2952072,32.9794872,168.600433349609,132.483326862522,1724422264384,4,-87,-11,-59,3,3f,NaN,0,56.164250005443
40602,267.92,1,-96.2952072,32.9794872,168.600433349609,132.483326862522,1724422265394,4,-87,-12,-57,3,3f,NaN,0,56.164250005443
40603,267.92,1,-96.2952072,32.9794872,168.600433349609,132.483326862522,1724422266392,4,-87,-12,-57,3,3f,NaN,0,56.164250005443
40604,267.92,1,-96.2952072,32.9794872,168.600433349609,132.483326862522,1724422267395,3,-87,-13,-53,3,3f,NaN,0.138376628560293,56.3026266340033
40605,267.92,1,-96.2952083334608,32.9794880028681,168.600570678711,132.964583058387,1724422268398,3,-87,-13,-53,3,3f,NaN,0.139917255495227,56.4425438894985
40606,267.92,1,-96.2952094795411,32.979488814675,168.600738525391,133.451197369793,1724422269397,3,-86,-13,-55,3,3f,NaN,0.0147060153746464,56.4572499048732
40607,267.92,1,-96.2952096,32.9794889,168.60075378418,133.502343018139,1724422270399,3,-86,-13,-55,3,3f,NaN,0,56.4572499048732
40608,267.92,1,-96.2952096,32.9794889,168.60075378418,133.502343018139,1724422271399,3,-87,-14,-61,3,3f,NaN,0,56.4572499048732
40609,267.92,1,-96.2952096,32.9794889,168.60075378418,133.502343018139,1724422272402,3,-87,-14,-61,3,3f,NaN,0,56.4572499048732
40610,267.92,1,-96.2952096,32.9794889,168.60075378418,133.502343018139,1724422273409,3,-89,-13,-59,3,3f,NaN,0.070626770849288,56.5278766757225
40611,267.92,1,-96.2952101927711,32.9794892951807,168.600860595703,133.502343018139,1724422274409,3,-89,-13,-59,3,3f,NaN,0.000861302852339846,56.5287379785748
40612,267.92,1,-96.2952102,32.9794893,168.600860595703,133.502343018139,1724422275410,3,-87,-12,-57,3,3f,NaN,0,56.5287379785748
40613,267.92,1,-96.2952102,32.9794893,168.600860595703,133.502343018139,1724422276415,3,-87,-12,-57,3,3f,NaN,0,56.5287379785748
40614,267.92,1,-96.2952102,32.9794893,168.600860595703,133.502343018139,1724422277416,4,-88,-13,-55,3,3f,NaN,0,56.5287379785748
40615,267.92,1,-96.2952102,32.9794893,168.600860595703,133.502343018139,1724422278419,4,-88,-13,-55,3,3f,NaN,0,56.5287379785748
40616,267.92,1,-96.2952102,32.9794893,168.600860595703,133.502343018139,1724422279422,4,-87,-12,-59,3,3f,NaN,0.0759735942273588,56.6047115728022
40617,267.92,1,-96.295210010163,32.9794886355705,168.601013183594,134.00076830467,1724422280426,4,-87,-12,-59,3,3f,NaN,0.0767410150937987,56.681452587896
40618,267.92,1,-96.2952098184084,32.9794879644295,168.601181030273,134.504228190054,1724422281426,4,-89,-13,-57,3,3f,NaN,0.00736713268344261,56.6888197205794
40619,267.92,1,-96.2952098,32.9794879,168.601196289063,134.552560339051,1724422282430,4,-89,-13,-57,3,3f,NaN,0,56.6888197205794
40620,267.92,1,-96.2952098,32.9794879,168.601196289063,134.552560339051,1724422283431,4,-88,-13,-57,3,3f,NaN,0,56.6888197205794
40621,267.92,1,-96.2952098,32.9794879,168.601196289063,134.552560339051,1724422284430,4,-88,-13,-57,3,3f,NaN,0,56.6888197205794
40622,267.92,1,-96.2952098,32.9794879,168.601196289063,134.552560339051,1724422285437,5,-86,-11,-57,3,3f,NaN,0.0328596021405745,56.72167932272
40623,267.92,1,-96.2952098,32.9794876044865,168.601303100586,134.552560339051,1724422286438,5,-86,-11,-57,3,3f,NaN,0.000498876242623543,56.7221781989626
40624,267.92,1,-96.2952098,32.9794876,168.601303100586,134.552560339051,1724422287439,6,-88,-14,-55,3,3f,NaN,0,56.7221781989626
40625,267.92,1,-96.2952098,32.9794876,168.601303100586,134.552560339051,1724422288441,6,-88,-14,-55,3,3f,NaN,0,56.7221781989626
40626,267.92,1,-96.2952098,32.9794876,168.601303100586,134.552560339051,1724422289443,5,-87,-12,-59,3,3f,NaN,0,56.7221781989626
40627,267.92,1,-96.2952098,32.9794876,168.601303100586,134.552560339051,1724422290446,5,-87,-12,-59,3,3f,NaN,0,56.7221781989626
40628,267.92,1,-96.2952098,32.9794876,168.601303100586,134.552560339051,1724422291447,5,-87,-14,-55,3,3f,NaN,0.0528800392229771,56.7750582381856
40629,267.92,1,-96.2952103201429,32.9794874108571,168.601593017578,133.64201153097,1724422292450,5,-87,-14,-55,3,3f,NaN,0.0533593026343796,56.8284175408199
40630,267.92,1,-96.295210845,32.97948722,168.601867675781,132.723210014659,1724422293452,4,-86,-11,-57,3,3f,NaN,0.00559154446564855,56.8340090852856
40631,267.92,1,-96.2952109,32.9794872,168.601898193359,132.626928418638,1724422294455,4,-86,-11,-57,3,3f,NaN,0,56.8340090852856
40632,267.92,1,-96.2952109,32.9794872,168.601898193359,132.626928418638,1724422295455,5,-88,-11,-57,3,3f,NaN,0,56.8340090852856
40633,267.92,1,-96.2952109,32.9794872,168.601898193359,132.626928418638,1724422296461,5,-88,-11,-57,3,3f,NaN,0,56.8340090852856
40634,267.92,1,-96.2952109,32.9794872,168.601898193359,132.626928418638,1724422297461,5,-88,-13,-57,3,3f,NaN,0,56.8340090852856
40635,267.92,1,-96.2952109,32.9794872,168.601898193359,132.626928418638,1724422298471,5,-88,-13,-57,3,3f,NaN,0.100125019902233,56.9341341051878
40636,267.92,1,-96.2952108526542,32.9794863004304,168.602203369141,134.996506806411,1724422299466,5,-88,-12,-59,3,3f,NaN,0.101439789346526,57.0355738945344
40637,267.92,1,-96.2952108046868,32.9794853890483,168.602508544922,137.397200869983,1724422300469,5,-88,-12,-59,3,3f,NaN,0.00991136528680993,57.0454852598212
40638,267.92,1,-96.2952108,32.9794853,168.6025390625,137.631765195237,1724422301471,5,-89,-11,-61,3,3f,NaN,0,57.0454852598212
40639,267.92,1,-96.2952108,32.9794853,168.6025390625,137.631765195237,1724422302474,5,-89,-11,-61,3,3f,NaN,0,57.0454852598212
40640,267.92,1,-96.2952108,32.9794853,168.6025390625,137.631765195237,1724422303475,5,-88,-13,-57,3,3f,NaN,0.0556452804876614,57.1011305403088
40641,267.92,1,-96.2952107012935,32.9794848064677,168.602676391602,137.631765195237,1724422304477,5,-88,-13,-57,3,3f,NaN,0.000729226298588006,57.1018597666074
40642,267.92,1,-96.2952107,32.9794848,168.602676391602,137.631765195237,1724422305481,5,-87,-11,-59,3,3f,NaN,0,57.1018597666074
40643,267.92,1,-96.2952107,32.9794848,168.602676391602,137.631765195237,1724422306486,5,-87,-11,-59,3,3f,NaN,0,57.1018597666074
40644,267.92,1,-96.2952107,32.9794848,168.602676391602,137.631765195237,1724422307482,4,-87,-11,-59,3,3f,NaN,0,57.1018597666074
40645,267.92,1,-96.2952107,32.9794848,168.602676391602,137.631765195237,1724422308489,4,-87,-11,-59,3,3f,NaN,0,57.1018597666074
40646,267.92,1,-96.2952107,32.9794848,168.602676391602,137.631765195237,1724422309489,4,-89,-11,-61,3,3f,NaN,0.0982833194431948,57.2001430860506
40647,267.92,1,-96.2952115516405,32.979485320447,168.602844238281,136.192494508675,1724422310495,4,-89,-11,-61,3,3f,NaN,0.0988759829190774,57.2990190689697
40648,267.92,1,-96.2952124084166,32.9794858440323,168.602996826172,134.744544802898,1724422311496,4,-88,-12,-59,3,3f,NaN,0.0105691595892505,57.309588228559
40649,267.92,1,-96.2952125,32.9794859,168.60302734375,134.589768960223,1724422312496,4,-88,-12,-59,3,3f,NaN,0,57.309588228559
40650,267.92,1,-96.2952125,32.9794859,168.60302734375,134.589768960223,1724422313502,5,-88,-12,-59,3,3f,NaN,0,57.309588228559
40651,267.92,1,-96.2952125,32.9794859,168.60302734375,134.589768960223,1724422314503,5,-88,-12,-59,3,3f,NaN,0,57.309588228559
40652,267.92,1,-96.2952125,32.9794859,168.60302734375,134.589768960223,1724422315504,5,-88,-11,-57,3,3f,NaN,0.0429572457755133,57.3525454743345
40653,267.92,1,-96.2952128955912,32.9794860977956,168.603118896484,134.589768960223,1724422316504,5,-88,-11,-57,3,3f,NaN,0.000478750855912427,57.3530242251904
40654,267.92,1,-96.2952129,32.9794861,168.603118896484,134.589768960223,1724422317506,5,-89,-14,-57,3,3f,NaN,0,57.3530242251904
40655,267.92,1,-96.2952129,32.9794861,168.603118896484,134.589768960223,1724422318507,5,-89,-14,-57,3,3f,NaN,0,57.3530242251904
40656,267.92,1,-96.2952129,32.9794861,168.603118896484,134.589768960223,1724422319510,5,-89,-13,-57,3,3f,NaN,0,57.3530242251904
40657,267.92,1,-96.2952129,32.9794861,168.603118896484,134.589768960223,1724422320513,5,-89,-13,-57,3,3f,NaN,0,57.3530242251904
40658,267.92,1,-96.2952129,32.9794861,168.603118896484,134.589768960223,1724422321520,4,-87,-13,-55,3,3f,NaN,0.0796342304550852,57.4326584556455
40659,267.92,1,-96.2952132302138,32.9794854395724,168.603485107422,133.599014086068,1724422322524,4,-87,-13,-55,3,3f,NaN,0.0802757870348161,57.5129342426803
40660,267.92,1,-96.2952135630879,32.9794847738242,168.603851318359,132.600277299534,1724422323525,4,-90,-12,-63,3,3f,NaN,0.00890170709108688,57.5218359497714
40661,267.92,1,-96.2952136,32.9794847,168.603881835938,132.489528265263,1724422324525,4,-90,-12,-63,3,3f,NaN,0,57.5218359497714
40662,267.92,1,-96.2952136,32.9794847,168.603881835938,132.489528265263,1724422325528,4,-91,-13,-61,3,3f,NaN,0,57.5218359497714
40663,267.92,1,-96.2952136,32.9794847,168.603881835938,132.489528265263,1724422326528,4,-91,-13,-61,3,3f,NaN,0.0238517467100411,57.5456876964814
40664,267.92,1,-96.2952136989044,32.9794845021912,168.603988647461,132.489528265263,1724422327532,4,-87,-11,-59,3,3f,NaN,0.000264214478220107,57.5459519109596
40665,267.92,1,-96.2952137,32.9794845,168.603988647461,132.489528265263,1724422328531,4,-87,-11,-59,3,3f,NaN,0,57.5459519109596
40666,267.92,1,-96.2952137,32.9794845,168.603988647461,132.489528265263,1724422329535,3,-88,-11,-59,3,3f,NaN,0,57.5459519109596
40667,267.92,1,-96.2952137,32.9794845,168.603988647461,132.489528265263,1724422330536,3,-88,-11,-59,3,3f,NaN,0,57.5459519109596
40668,267.92,1,-96.2952137,32.9794845,168.603988647461,132.489528265263,1724422331540,3,-90,-10,-61,3,3f,NaN,0.0935511436189547,57.6395030545786
40669,267.92,1,-96.2952134152784,32.9794853067111,168.603607177734,135.223197940816,1724422332544,3,-90,-10,-61,3,3f,NaN,0.0937387993487086,57.7332418539273
40670,267.92,1,-96.2952131299857,32.9794861150404,168.60319519043,137.962351407092,1724422333543,5,-90,-12,-61,3,3f,NaN,0.00985243205976754,57.743094285987
40671,267.92,1,-96.2952131,32.9794862,168.603164672852,138.250250420064,1724422334545,5,-90,-12,-61,3,3f,NaN,0,57.743094285987
40672,267.92,1,-96.2952131,32.9794862,168.603164672852,138.250250420064,1724422335545,4,-92,-13,-65,3,3f,NaN,0,57.743094285987
40673,267.92,1,-96.2952131,32.9794862,168.603164672852,138.250250420064,1724422336549,4,-92,-13,-65,3,3f,NaN,0.0448499858325911,57.7879442718196
40674,267.92,1,-96.2952130013105,32.9794865947581,168.602981567383,138.250250420064,1724422337550,4,-90,-12,-61,3,3f,NaN,0.000595552956316383,57.788539824776
40675,267.92,1,-96.295213,32.9794866,168.602981567383,138.250250420064,1724422338558,4,-90,-12,-61,3,3f,NaN,0,57.788539824776
40676,267.92,1,-96.295213,32.9794866,168.602981567383,138.250250420064,1724422339559,4,-90,-11,-61,3,3f,NaN,0,57.788539824776
40677,267.92,1,-96.295213,32.9794866,168.602981567383,138.250250420064,1724422340566,4,-90,-11,-61,3,3f,NaN,0,57.788539824776
40678,267.92,1,-96.295213,32.9794866,168.602981567383,138.250250420064,1724422341565,4,-90,-12,-59,3,3f,NaN,0,57.788539824776
40679,267.92,1,-96.295213,32.9794866,168.602981567383,138.250250420064,1724422342566,4,-90,-12,-59,3,3f,NaN,0.048185056866686,57.8367248816426
40680,267.92,1,-96.2952129053333,32.979487026,168.602783203125,135.51078884961,1724422343573,4,-91,-13,-59,3,3f,NaN,0.0486213341949421,57.8853462158376
40681,267.92,1,-96.2952128098095,32.9794874558571,168.602600097656,132.746523301154,1724422344576,4,-91,-13,-59,3,3f,NaN,0.0049930232362729,57.8903392390739
40682,267.92,1,-96.2952128,32.9794875,168.602584838867,132.462655552908,1724422345575,4,-90,-13,-57,3,3f,NaN,0,57.8903392390739
40683,267.92,1,-96.2952128,32.9794875,168.602584838867,132.462655552908,1724422346575,4,-90,-13,-57,3,3f,NaN,0,57.8903392390739
40684,267.92,1,-96.2952128,32.9794875,168.602584838867,132.462655552908,1724422347576,4,-90,-11,-61,3,3f,NaN,0.02195103504862,57.9122902741225
40685,267.92,1,-96.2952128,32.9794876974104,168.602508544922,132.462655552908,1724422348579,4,-90,-11,-61,3,3f,NaN,0.000287950540178741,57.9125782246627
40686,267.92,1,-96.2952128,32.9794877,168.602508544922,132.462655552908,1724422349584,4,-91,-13,-59,3,3f,NaN,0,57.9125782246627
40687,267.92,1,-96.2952128,32.9794877,168.602508544922,132.462655552908,1724422350586,4,-91,-13,-59,3,3f,NaN,0,57.9125782246627
40688,267.92,1,-96.2952128,32.9794877,168.602508544922,132.462655552908,1724422351594,4,-89,-13,-61,3,3f,NaN,0,57.9125782246627
40689,267.92,1,-96.2952128,32.9794877,168.602508544922,132.462655552908,1724422352593,4,-89,-13,-61,3,3f,NaN,0,57.9125782246627
40690,267.92,1,-96.2952128,32.9794877,168.602508544922,132.462655552908,1724422353594,4,-91,-14,-59,3,3f,NaN,0.150855747997232,58.0634339726599
40691,267.92,1,-96.2952124680516,32.9794890277937,168.601898193359,133.968560473892,1724422354599,4,-91,-14,-59,3,3f,NaN,0.151767262893789,58.2152012355537
40692,267.92,1,-96.2952121340974,32.9794903636103,168.601287841797,135.483564518266,1724422355598,5,-90,-12,-59,3,3f,NaN,0.0154957571713872,58.2306969927251
40693,267.92,1,-96.2952121,32.9794905,168.601226806641,135.63824961589,1724422356601,5,-90,-12,-59,3,3f,NaN,0,58.2306969927251
40694,267.92,1,-96.2952121,32.9794905,168.601226806641,135.63824961589,1724422357602,4,-87,-12,-55,3,3f,NaN,0,58.2306969927251
40695,267.92,1,-96.2952121,32.9794905,168.601226806641,135.63824961589,1724422358604,4,-87,-12,-55,3,3f,NaN,0.0557574758821817,58.2864544686073
40696,267.92,1,-96.2952120010946,32.9794909945274,168.601013183594,135.63824961589,1724422359610,4,-89,-14,-55,3,3f,NaN,0.00061703136433118,58.2870714999716
40697,267.92,1,-96.295212,32.979491,168.601013183594,135.63824961589,1724422360612,4,-89,-14,-55,3,3f,NaN,0,58.2870714999716
40698,267.92,1,-96.295212,32.979491,168.601013183594,135.63824961589,1724422361618,4,-89,-13,-59,3,3f,NaN,0,58.2870714999716
40699,267.92,1,-96.295212,32.979491,168.601013183594,135.63824961589,1724422362618,4,-89,-13,-59,3,3f,NaN,0,58.2870714999716
40700,267.92,1,-96.295212,32.979491,168.601013183594,135.63824961589,1724422363624,4,-90,-14,-57,3,3f,NaN,0.12595126081111,58.4130227607827
40701,267.92,1,-96.2952121408163,32.9794921265306,168.600677490234,136.870112481323,1724422364626,4,-90,-14,-57,3,3f,NaN,0.12735213879826,58.5403748995809
40702,267.92,1,-96.2952122831989,32.9794932655909,168.600326538086,138.115676551529,1724422365626,4,-89,-14,-57,3,3f,NaN,0.0150275510632556,58.5554024506442
40703,267.92,1,-96.2952123,32.9794934,168.600296020508,138.262653111813,1724422366629,4,-89,-14,-57,3,3f,NaN,0,58.5554024506442
40704,267.92,1,-96.2952123,32.9794934,168.600296020508,138.262653111813,1724422367631,4,-89,-12,-57,3,3f,NaN,0,58.5554024506442
40705,267.92,1,-96.2952123,32.9794934,168.600296020508,138.262653111813,1724422368633,4,-89,-12,-57,3,3f,NaN,0,58.5554024506442
40706,267.92,1,-96.2952123,32.9794934,168.600296020508,138.262653111813,1724422369635,4,-88,-11,-59,3,3f,NaN,0.0773793254284821,58.6327817760727
40707,267.92,1,-96.2952123987065,32.9794940909453,168.600082397461,138.262653111813,1724422370638,4,-88,-11,-59,3,3f,NaN,0.00101403969570236,58.6337958157684
40708,267.92,1,-96.2952124,32.9794941,168.600082397461,138.262653111813,1724422371639,5,-89,-13,-59,3,3f,NaN,0,58.6337958157684
40709,267.92,1,-96.2952124,32.9794941,168.600082397461,138.262653111813,1724422372642,5,-89,-13,-59,3,3f,NaN,0,58.6337958157684
40710,267.92,1,-96.2952124,32.9794941,168.600082397461,138.262653111813,1724422373641,5,-88,-12,-57,3,3f,NaN,0,58.6337958157684
40711,267.92,1,-96.2952124,32.9794941,168.600082397461,138.262653111813,1724422374647,5,-88,-12,-57,3,3f,NaN,0,58.6337958157684
40712,267.92,1,-96.2952124,32.9794941,168.600082397461,138.262653111813,1724422375647,5,-87,-13,-55,3,3f,NaN,0.126819460009665,58.7606152757781
40713,267.92,1,-96.2952124,32.9794952405148,168.599685668945,137.01255160634,1724422376656,5,-87,-13,-55,3,3f,NaN,0.127201058037939,58.887816333816
40714,267.92,1,-96.2952124,32.9794963844614,168.599273681641,135.758688511582,1724422377656,4,-89,-11,-59,3,3f,NaN,0.0128473066477181,58.9006636404637
40715,267.92,1,-96.2952124,32.9794965,168.599243164063,135.632048339012,1724422378658,4,-89,-11,-59,3,3f,NaN,0,58.9006636404637
40716,267.92,1,-96.2952124,32.9794965,168.599243164063,135.632048339012,1724422379660,3,-90,-12,-57,3,3f,NaN,0,58.9006636404637
40717,267.92,1,-96.2952124,32.9794965,168.599243164063,135.632048339012,1724422380661,3,-90,-12,-57,3,3f,NaN,0.0439437005963223,58.94460734106
40718,267.92,1,-96.2952124,32.9794968951952,168.599090576172,135.632048339012,1724422381661,3,-90,-12,-59,3,3f,NaN,0.000534269791187661,58.9451416108512
40719,267.92,1,-96.2952124,32.9794969,168.599090576172,135.632048339012,1724422382663,3,-90,-12,-59,3,3f,NaN,0,58.9451416108512
40720,267.92,1,-96.2952124,32.9794969,168.599090576172,135.632048339012,1724422383663,3,-90,-12,-61,3,3f,NaN,0,58.9451416108512
40721,267.92,1,-96.2952124,32.9794969,168.599090576172,135.632048339012,1724422384664,3,-90,-12,-61,3,3f,NaN,0,58.9451416108512
40722,267.92,1,-96.2952124,32.9794969,168.599090576172,135.632048339012,1724422385674,4,-90,-12,-61,3,3f,NaN,0,58.9451416108512
40723,267.92,1,-96.2952124,32.9794969,168.599090576172,135.632048339012,1724422386677,4,-90,-12,-61,3,3f,NaN,0.0836421780692791,59.0287837889205
40724,267.92,1,-96.2952117138889,32.9794973843137,168.598617553711,136.748641265548,1724422387676,4,-90,-12,-61,3,3f,NaN,0.0848274012206044,59.1136111901411
40725,267.92,1,-96.2952110180555,32.9794978754902,168.598129272461,137.88105635906,1724422388678,4,-90,-12,-61,3,3f,NaN,0.0387733949410905,59.1523845850822
40726,267.92,1,-96.2952107,32.9794981,168.597900390625,138.398667250106,1724422389677,5,-90,-11,-61,3,3f,NaN,0,59.1523845850822
40727,267.92,1,-96.2952107,32.9794981,168.597900390625,138.398667250106,1724422390680,5,-90,-11,-61,3,3f,NaN,0,59.1523845850822
40728,267.92,1,-96.2952107,32.9794981,168.597900390625,138.398667250106,1724422391683,4,-90,-11,-61,3,3f,NaN,0.0287378905595102,59.1811224756417
40729,267.92,1,-96.295210501996,32.979498298004,168.597717285156,138.398667250106,1724422392686,4,-90,-11,-61,3,3f,NaN,0.00028969527552018,59.1814121709172
40730,267.92,1,-96.2952105,32.9794983,168.597717285156,138.398667250106,1724422393688,5,-90,-11,-61,3,3f,NaN,0,59.1814121709172
40731,267.92,1,-96.2952105,32.9794983,168.597717285156,138.398667250106,1724422394691,5,-90,-11,-61,3,3f,NaN,0,59.1814121709172
40732,267.92,1,-96.2952105,32.9794983,168.597717285156,138.398667250106,1724422395695,5,-90,-11,-61,3,3f,NaN,0,59.1814121709172
40733,267.92,1,-96.2952105,32.9794983,168.597717285156,138.398667250106,1724422396696,5,-90,-11,-61,3,3f,NaN,0,59.1814121709172
40734,267.92,1,-96.2952105,32.9794983,168.597717285156,138.398667250106,1724422397696,5,-90,-12,-61,3,3f,NaN,0.0475100771122382,59.2289222480295
40735,267.92,1,-96.2952100753431,32.9794980640795,168.597625732422,138.287673659346,1724422398704,5,-90,-12,-61,3,3f,NaN,0.0477006858431638,59.2766229338726
40736,267.92,1,-96.2952096489825,32.9794978272125,168.597534179688,138.176234758292,1724422399705,4,-88,-11,-57,3,3f,NaN,0.0054801002988945,59.2821030341715
40737,267.92,1,-96.2952096,32.9794978,168.597518920898,138.163432087342,1724422400705,4,-88,-11,-57,3,3f,NaN,0,59.2821030341715
40738,267.92,1,-96.2952096,32.9794978,168.597518920898,138.163432087342,1724422401711,4,-88,-11,-57,3,3f,NaN,0,59.2821030341715
40739,267.92,1,-96.2952096,32.9794978,168.597518920898,138.163432087342,1724422402712,3,-88,-12,-55,3,3f,NaN,0,59.2821030341715
40740,267.92,1,-96.2952096,32.9794978,168.597518920898,138.163432087342,1724422403716,3,-88,-12,-55,3,3f,NaN,0.0214145531469809,59.3035175873185
40741,267.92,1,-96.2952094027944,32.9794977013972,168.597473144531,138.163432087342,1724422404717,4,-89,-11,-61,3,3f,NaN,0.000303443201039435,59.3038210305195
40742,267.92,1,-96.2952094,32.9794977,168.597473144531,138.163432087342,1724422405723,4,-89,-11,-61,3,3f,NaN,0,59.3038210305195
40743,267.92,1,-96.2952094,32.9794977,168.597473144531,138.163432087342,1724422406720,4,-90,-12,-59,3,3f,NaN,0,59.3038210305195
40744,267.92,1,-96.2952094,32.9794977,168.597473144531,138.163432087342,1724422407722,4,-90,-12,-59,3,3f,NaN,0,59.3038210305195
40745,267.92,1,-96.2952094,32.9794977,168.597473144531,138.163432087342,1724422408731,4,-87,-13,-57,3,3f,NaN,0,59.3038210305195
40746,267.92,1,-96.2952094,32.9794977,168.597473144531,138.163432087342,1724422409733,4,-87,-13,-57,3,3f,NaN,0.0924653062057659,59.3962863367253
40747,267.92,1,-96.2952088805992,32.9794969917261,168.597503662109,138.099819704094,1724422410736,4,-87,-11,-59,3,3f,NaN,0.0931171378374456,59.4894034745628
40748,267.92,1,-96.2952083575368,32.9794962784593,168.597534179688,138.035758895183,1724422411736,4,-87,-11,-59,3,3f,NaN,0.0102428773087347,59.4996463518715
40749,267.92,1,-96.2952083,32.9794962,168.597549438477,138.028712206203,1724422412738,4,-88,-13,-57,3,3f,NaN,0,59.4996463518715
40750,267.92,1,-96.2952083,32.9794962,168.597549438477,138.028712206203,1724422413739,4,-88,-13,-57,3,3f,NaN,0,59.4996463518715
40751,267.92,1,-96.2952083,32.9794962,168.597549438477,138.028712206203,1724422414744,4,-88,-13,-55,3,3f,NaN,0.0375747512513471,59.5372211031228
40752,267.92,1,-96.2952081033797,32.9794959050696,168.597564697266,138.028712206203,1724422415745,4,-88,-13,-55,3,3f,NaN,0.000645875426802752,59.5378669785496
40753,267.92,1,-96.2952081,32.9794959,168.597564697266,138.028712206203,1724422416745,3,-87,-11,-57,3,3f,NaN,0,59.5378669785496
40754,267.92,1,-96.2952081,32.9794959,168.597564697266,138.028712206203,1724422417753,3,-87,-11,-57,3,3f,NaN,0,59.5378669785496
40755,267.92,1,-96.2952081,32.9794959,168.597564697266,138.028712206203,1724422418751,3,-88,-12,-57,3,3f,NaN,0,59.5378669785496
40756,267.92,1,-96.2952081,32.9794959,168.597564697266,138.028712206203,1724422419755,3,-88,-12,-57,3,3f,NaN,0,59.5378669785496
40757,267.92,1,-96.2952081,32.9794959,168.597564697266,138.028712206203,1724422420756,4,-88,-11,-61,3,3f,NaN,0.0685242713815452,59.6063912499312
40758,267.92,1,-96.2952081940284,32.9794952888152,168.597839355469,138.234714345802,1724422421761,4,-88,-11,-61,3,3f,NaN,0.0690078222829336,59.6753990722141
40759,267.92,1,-96.2952082887204,32.9794946733175,168.598098754883,138.442170129532,1724422422760,4,-87,-12,-59,3,3f,NaN,0.00822014510598191,59.6836192173201
40760,267.92,1,-96.2952083,32.9794946,168.598129272461,138.466882079746,1724422423760,4,-87,-12,-59,3,3f,NaN,0,59.6836192173201
40761,267.92,1,-96.2952083,32.9794946,168.598129272461,138.466882079746,1724422424765,4,-88,-12,-57,3,3f,NaN,0,59.6836192173201
40762,267.92,1,-96.2952083,32.9794946,168.598129272461,138.466882079746,1724422425766,4,-88,-12,-57,3,3f,NaN,0,59.6836192173201
40763,267.92,1,-96.2952083,32.9794946,168.598129272461,138.466882079746,1724422426767,4,-88,-11,-57,3,3f,NaN,0.0329295327828811,59.716548750103
40764,267.92,1,-96.2952083,32.9794943038576,168.598236083984,138.466882079746,1724422427774,4,-88,-11,-57,3,3f,NaN,0.000428945600316913,59.7169776957033
40765,267.92,1,-96.2952083,32.9794943,168.598236083984,138.466882079746,1724422428776,5,-86,-12,-57,3,3f,NaN,0,59.7169776957033
40766,267.92,1,-96.2952083,32.9794943,168.598236083984,138.466882079746,1724422429779,5,-86,-12,-57,3,3f,NaN,0,59.7169776957033
40767,267.92,1,-96.2952083,32.9794943,168.598236083984,138.466882079746,1724422430779,5,-89,-13,-59,3,3f,NaN,0,59.7169776957033
40768,267.92,1,-96.2952083,32.9794943,168.598236083984,138.466882079746,1724422431782,5,-89,-13,-59,3,3f,NaN,0.0167587341186166,59.7337364298219
40769,267.92,1,-96.2952084406562,32.9794942062292,168.598327636719,138.265816355092,1724422432783,4,-89,-14,-57,3,3f,NaN,0.0169966896055736,59.7507331194275
40770,267.92,1,-96.2952085833096,32.979494111127,168.598434448242,138.061895741853,1724422433783,4,-89,-14,-57,3,3f,NaN,0.00198861210704919,59.7527217315345
40771,267.92,1,-96.2952086,32.9794941,168.598434448242,138.038037030104,1724422434790,4,-88,-12,-57,3,3f,NaN,0,59.7527217315345
40772,267.92,1,-96.2952086,32.9794941,168.598434448242,138.038037030104,1724422435789,4,-88,-12,-57,3,3f,NaN,0,59.7527217315345
40773,267.92,1,-96.2952086,32.9794941,168.598434448242,138.038037030104,1724422436788,3,-87,-12,-57,3,3f,NaN,0,59.7527217315345
40774,267.92,1,-96.2952086,32.9794941,168.598434448242,138.038037030104,1724422437789,3,-87,-12,-57,3,3f,NaN,0.0143692353446333,59.7670909668792
40775,267.92,1,-96.295208699004,32.979494000996,168.598510742188,138.038037030104,1724422438798,3,-88,-13,-55,3,3f,NaN,0.000144557675286569,59.7672355245545
40776,267.92,1,-96.2952087,32.979494,168.598510742188,138.038037030104,1724422439798,3,-88,-13,-55,3,3f,NaN,0,59.7672355245545
40777,267.92,1,-96.2952087,32.979494,168.598510742188,138.038037030104,1724422440800,4,-87,-11,-59,3,3f,NaN,0,59.7672355245545
40778,267.92,1,-96.2952087,32.979494,168.598510742188,138.038037030104,1724422441802,4,-87,-11,-59,3,3f,NaN,0,59.7672355245545
40779,267.92,1,-96.2952087,32.979494,168.598510742188,138.038037030104,1724422442809,4,-87,-12,-59,3,3f,NaN,0.0141264135251324,59.7813619380796
40780,267.92,1,-96.2952088407407,32.9794939530864,168.598587036133,138.070513541829,1724422443809,4,-87,-12,-59,3,3f,NaN,0.0142979983585463,59.7956599364381
40781,267.92,1,-96.2952089831909,32.979493905603,168.598663330078,138.103384505113,1724422444809,3,-88,-11,-57,3,3f,NaN,0.00168715967817124,59.7973470961163
40782,267.92,1,-96.295209,32.9794939,168.598678588867,138.10726327878,1724422445811,3,-88,-11,-57,3,3f,NaN,0,59.7973470961163
40783,267.92,1,-96.295209,32.9794939,168.598678588867,138.10726327878,1724422446816,3,-87,-13,-55,3,3f,NaN,0,59.7973470961163
40784,267.92,1,-96.295209,32.9794939,168.598678588867,138.10726327878,1724422447817,3,-87,-13,-55,3,3f,NaN,0,59.7973470961163
40785,267.92,1,-96.295209,32.9794939,168.598678588867,138.10726327878,1724422448818,3,-90,-12,-59,3,3f,NaN,0.00920721563449324,59.8065543117508
40786,267.92,1,-96.2952090987077,32.9794939,168.598724365234,138.10726327878,1724422449821,3,-90,-12,-59,3,3f,NaN,0.000120541917980815,59.8066748536688
40787,267.92,1,-96.2952091,32.9794939,168.598724365234,138.10726327878,1724422450821,4,-91,-12,-59,3,3f,NaN,0,59.8066748536688
40788,267.92,1,-96.2952091,32.9794939,168.598724365234,138.10726327878,1724422451833,4,-91,-12,-59,3,3f,NaN,0,59.8066748536688
40789,267.92,1,-96.2952091,32.9794939,168.598724365234,138.10726327878,1724422452833,4,-91,-12,-61,3,3f,NaN,0,59.8066748536688
40790,267.92,1,-96.2952091,32.9794939,168.598724365234,138.10726327878,1724422453832,4,-91,-12,-61,3,3f,NaN,0.0409051454681045,59.8475799991369
40791,267.92,1,-96.2952094766935,32.9794937116532,168.59895324707,138.39375276802,1724422454836,4,-90,-12,-59,3,3f,NaN,0.0413166655087746,59.8888966646457
40792,267.92,1,-96.2952098571767,32.9794935214116,168.599182128906,138.683124445281,1724422455840,4,-90,-12,-59,3,3f,NaN,0.00465017897340078,59.8935468436191
40793,267.92,1,-96.2952099,32.9794935,168.599212646484,138.715693169913,1724422456839,4,-90,-12,-59,3,3f,NaN,0,59.8935468436191
40794,267.92,1,-96.2952099,32.9794935,168.599212646484,138.715693169913,1724422457843,4,-88,-11,-59,3,3f,NaN,0,59.8935468436191
40795,267.92,1,-96.2952099,32.9794935,168.599212646484,138.715693169913,1724422458847,4,-88,-11,-59,3,3f,NaN,0,59.8935468436191
40796,267.92,1,-96.2952099,32.9794935,168.599212646484,138.715693169913,1724422459846,4,-87,-12,-57,3,3f,NaN,0,59.8935468436191
40797,267.92,1,-96.2952099,32.9794935,168.599212646484,138.715693169913,1724422460847,4,-87,-12,-57,3,3f,NaN,0.0325123960405366,59.9260592396596
40798,267.92,1,-96.2952102299427,32.9794934057307,168.599395751953,138.62667261844,1724422461849,4,-87,-13,-55,3,3f,NaN,0.0329406226189352,59.9589998622785
40799,267.92,1,-96.2952105642311,32.9794933102197,168.599563598633,138.53647955717,1724422462849,4,-87,-13,-55,3,3f,NaN,0.00352465163604862,59.9625245139146
40800,267.92,1,-96.2952106,32.9794933,168.599594116211,138.526828899614,1724422463854,4,-87,-12,-57,3,3f,NaN,0,59.9625245139146
40801,267.92,1,-96.2952106,32.9794933,168.599594116211,138.526828899614,1724422464857,4,-87,-12,-57,3,3f,NaN,0,59.9625245139146
40802,267.92,1,-96.2952106,32.9794933,168.599594116211,138.526828899614,1724422465859,4,-87,-11,-59,3,3f,NaN,0.0183956350361047,59.9809201489507
40803,267.92,1,-96.2952107972139,32.9794933,168.599670410156,138.526828899614,1724422466863,4,-87,-11,-59,3,3f,NaN,0.000259881521166521,59.9811800304719
40804,267.92,1,-96.2952108,32.9794933,168.599670410156,138.526828899614,1724422467865,4,-90,-13,-59,3,3f,NaN,0,59.9811800304719
40805,267.92,1,-96.2952108,32.9794933,168.599670410156,138.526828899614,1724422468867,4,-90,-13,-59,3,3f,NaN,0,59.9811800304719
40806,267.92,1,-96.2952108,32.9794933,168.599670410156,138.526828899614,1724422469871,4,-90,-14,-59,3,3f,NaN,0,59.9811800304719
40807,267.92,1,-96.2952108,32.9794933,168.599670410156,138.526828899614,1724422470870,4,-90,-14,-59,3,3f,NaN,0,59.9811800304719
40808,267.92,1,-96.2952108,32.9794933,168.599670410156,138.526828899614,1724422471880,4,-86,-14,-53,3,3f,NaN,0.0183771363974128,59.9995571668693
40809,267.92,1,-96.2952109888092,32.9794933472023,168.599746704102,138.323905603252,1724422472879,4,-86,-14,-53,3,3f,NaN,0.0186564216937492,60.018213588563
40810,267.92,1,-96.2952111804878,32.979493395122,168.599807739258,138.117898366216,1724422473881,4,-85,-13,-55,3,3f,NaN,0.00189915580843043,60.0201127443714
40811,267.92,1,-96.2952112,32.9794934,168.599807739258,138.096927569632,1724422474886,4,-85,-13,-55,3,3f,NaN,0,60.0201127443714
40812,267.92,1,-96.2952112,32.9794934,168.599807739258,138.096927569632,1724422475887,4,-90,-12,-57,3,3f,NaN,0,60.0201127443714
40813,267.92,1,-96.2952112,32.9794934,168.599807739258,138.096927569632,1724422476887,4,-90,-12,-57,3,3f,NaN,0,60.0201127443714
40814,267.92,1,-96.2952112,32.9794934,168.599807739258,138.096927569632,1724422477893,4,-88,-12,-57,3,3f,NaN,0.00920589145802503,60.0293186358295
40815,267.92,1,-96.2952112986935,32.9794934,168.599853515625,138.096927569632,1724422478892,4,-88,-12,-57,3,3f,NaN,0.00012186747282358,60.0294405033023
40816,267.92,1,-96.2952113,32.9794934,168.599853515625,138.096927569632,1724422479895,4,-88,-12,-57,3,3f,NaN,0,60.0294405033023
40817,267.92,1,-96.2952113,32.9794934,168.599853515625,138.096927569632,1724422480895,4,-88,-12,-53,3,3f,NaN,0,60.0294405033023
40818,267.92,1,-96.2952113,32.9794934,168.599853515625,138.096927569632,1724422481896,4,-88,-12,-53,3,3f,NaN,0,60.0294405033023
40819,267.92,1,-96.2952113,32.9794934,168.599853515625,138.096927569632,1724422482900,4,-88,-11,-61,3,3f,NaN,0,60.0294405033023
40820,267.92,1,-96.2952113,32.9794934,168.599853515625,138.096927569632,1724422483904,4,-88,-11,-61,3,3f,NaN,0.0248370205174854,60.0542775238198
40821,267.92,1,-96.2952114417946,32.9794935890595,168.599853515625,138.489672596046,1724422484903,4,-91,-13,-59,3,3f,NaN,0.0252404646117955,60.0795179884316
40822,267.92,1,-96.2952115858925,32.97949378119,168.599838256836,138.888797237103,1724422485904,4,-91,-13,-59,3,3f,NaN,0.0024710969440696,60.0819890853756
40823,267.92,1,-96.2952116,32.9794938,168.599838256836,138.927872376787,1724422486908,4,-91,-13,-59,3,3f,NaN,0,60.0819890853756
40824,267.92,1,-96.2952116,32.9794938,168.599838256836,138.927872376787,1724422487911,4,-88,-12,-57,3,3f,NaN,0,60.0819890853756
40825,267.92,1,-96.2952116,32.9794938,168.599838256836,138.927872376787,1724422488912,4,-88,-12,-57,3,3f,NaN,0,60.0819890853756
40826,267.92,1,-96.2952116,32.9794938,168.599838256836,138.927872376787,1724422489916,5,-87,-14,-55,3,3f,NaN,0.0143251136299051,60.0963141990056
40827,267.92,1,-96.2952116987,32.9794938987,168.599853515625,138.927872376787,1724422490919,5,-87,-14,-55,3,3f,NaN,0.000188679156992321,60.0965028781625
40828,267.92,1,-96.2952117,32.9794939,168.599853515625,138.927872376787,1724422491918,5,-87,-13,-57,3,3f,NaN,0,60.0965028781625
40829,267.92,1,-96.2952117,32.9794939,168.599853515625,138.927872376787,1724422492925,5,-87,-13,-57,3,3f,NaN,0,60.0965028781625
40830,267.92,1,-96.2952117,32.9794939,168.599853515625,138.927872376787,1724422493925,5,-88,-12,-57,3,3f,NaN,0,60.0965028781625
40831,267.92,1,-96.2952117,32.9794939,168.599853515625,138.927872376787,1724422494926,5,-88,-12,-57,3,3f,NaN,0,60.0965028781625
40832,267.92,1,-96.2952117,32.9794939,168.599853515625,138.927872376787,1724422495932,5,-87,-13,-55,3,3f,NaN,0.021938495191539,60.1184413733541
40833,267.92,1,-96.2952114648042,32.9794939,168.599746704102,138.865897166709,1724422496930,5,-87,-13,-55,3,3f,NaN,0.0223394024172415,60.1407807757713
40834,267.92,1,-96.2952112253104,32.9794939,168.599639892578,138.80278941472,1724422497933,5,-87,-13,-55,3,3f,NaN,0.00236089280469808,60.143141668576
40835,267.92,1,-96.2952112,32.9794939,168.599639892578,138.79612000125,1724422498938,4,-88,-13,-57,3,3f,NaN,0,60.143141668576
40836,267.92,1,-96.2952112,32.9794939,168.599639892578,138.79612000125,1724422499941,4,-88,-13,-57,3,3f,NaN,0,60.143141668576
40837,267.92,1,-96.2952112,32.9794939,168.599639892578,138.79612000125,1724422500944,4,-88,-13,-57,3,3f,NaN,0.00920673976055243,60.1523484083366
40838,267.92,1,-96.2952111012974,32.9794939,168.599594116211,138.79612000125,1724422501943,4,-88,-13,-57,3,3f,NaN,0.000121017791921622,60.1524694261285
40839,267.92,1,-96.2952111,32.9794939,168.599594116211,138.79612000125,1724422502943,4,-88,-13,-57,3,3f,NaN,0,60.1524694261285
40840,267.92,1,-96.2952111,32.9794939,168.599594116211,138.79612000125,1724422503949,4,-88,-13,-57,3,3f,NaN,0,60.1524694261285
40841,267.92,1,-96.2952111,32.9794939,168.599594116211,138.79612000125,1724422504952,4,-88,-12,-57,3,3f,NaN,0,60.1524694261285
40842,267.92,1,-96.2952111,32.9794939,168.599594116211,138.79612000125,1724422505953,4,-88,-12,-57,3,3f,NaN,0,60.1524694261285
40843,267.92,1,-96.2952111,32.9794939,168.599594116211,138.79612000125,1724422506955,4,-87,-12,-57,3,3f,NaN,0.0679829502692443,60.2204523763977
40844,267.92,1,-96.2952108180998,32.9794933361995,168.599670410156,138.748620532671,1724422507956,4,-87,-12,-57,3,3f,NaN,0.0688765612946395,60.2893289376924
40845,267.92,1,-96.295210532494,32.9794927649881,168.599746704102,138.70049670303,1724422508958,4,-87,-11,-59,3,3f,NaN,0.00783625043745108,60.2971651881298
40846,267.92,1,-96.2952105,32.9794927,168.599761962891,138.695021536783,1724422509964,4,-87,-11,-59,3,3f,NaN,0,60.2971651881298
40847,267.92,1,-96.2952105,32.9794927,168.599761962891,138.695021536783,1724422510964,4,-90,-12,-55,3,3f,NaN,0,60.2971651881298
40848,267.92,1,-96.2952105,32.9794927,168.599761962891,138.695021536783,1724422511967,4,-90,-12,-55,3,3f,NaN,0,60.2971651881298
40849,267.92,1,-96.2952105,32.9794927,168.599761962891,138.695021536783,1724422512968,4,-89,-14,-57,3,3f,NaN,0.0377262341007604,60.3348914222306
40850,267.92,1,-96.295210302587,32.9794924038806,168.59977722168,138.695021536783,1724422513972,4,-89,-14,-57,3,3f,NaN,0.000494393627935287,60.3353858158585
40851,267.92,1,-96.2952103,32.9794924,168.59977722168,138.695021536783,1724422514977,4,-91,-12,-61,3,3f,NaN,0,60.3353858158585
40852,267.92,1,-96.2952103,32.9794924,168.59977722168,138.695021536783,1724422515980,4,-91,-12,-61,3,3f,NaN,0,60.3353858158585
40853,267.92,1,-96.2952103,32.9794924,168.59977722168,138.695021536783,1724422516980,4,-92,-12,-63,3,3f,NaN,0,60.3353858158585
40854,267.92,1,-96.2952103,32.9794924,168.59977722168,138.695021536783,1724422517984,4,-92,-12,-63,3,3f,NaN,0,60.3353858158585
40855,267.92,1,-96.2952103,32.9794924,168.59977722168,138.695021536783,1724422518982,4,-94,-12,-61,3,3f,NaN,0.0681989658835441,60.4035847817421
40856,267.92,1,-96.2952102529188,32.9794917879449,168.599990844727,138.68773117775,1724422519985,4,-94,-12,-61,3,3f,NaN,0.0688864433282124,60.4724712250703
40857,267.92,1,-96.2952102053631,32.97949116972,168.600189208984,138.680367327195,1724422520987,4,-88,-12,-57,3,3f,NaN,0.00776863418762518,60.4802398592579
40858,267.92,1,-96.2952102,32.9794911,168.600204467773,138.679536872991,1724422521987,4,-88,-12,-57,3,3f,NaN,0,60.4802398592579
40859,267.92,1,-96.2952102,32.9794911,168.600204467773,138.679536872991,1724422522989,4,-90,-13,-59,3,3f,NaN,0,60.4802398592579
40860,267.92,1,-96.2952102,32.9794911,168.600204467773,138.679536872991,1724422523995,4,-90,-13,-59,3,3f,NaN,0.0219501675325737,60.5021900267905
40861,267.92,1,-96.2952102,32.9794909025974,168.600280761719,138.679536872991,1724422524995,4,-89,-12,-59,3,3f,NaN,0.000288817266137507,60.5024788440566
40862,267.92,1,-96.2952102,32.9794909,168.600280761719,138.679536872991,1724422526004,4,-89,-12,-59,3,3f,NaN,0,60.5024788440566
40863,267.92,1,-96.2952102,32.9794909,168.600280761719,138.679536872991,1724422527005,4,-88,-13,-55,3,3f,NaN,0,60.5024788440566
40864,267.92,1,-96.2952102,32.9794909,168.600280761719,138.679536872991,1724422528006,4,-88,-13,-55,3,3f,NaN,0,60.5024788440566
40865,267.92,1,-96.2952102,32.9794909,168.600280761719,138.679536872991,1724422529006,4,-88,-11,-57,3,3f,NaN,0.0113728696410281,60.5138517136976
40866,267.92,1,-96.2952101528409,32.9794909943182,168.600219726563,138.729642147049,1724422530013,4,-88,-11,-57,3,3f,NaN,0.0114185351029852,60.5252702488006
40867,267.92,1,-96.2952101054924,32.9794910890151,168.600173950195,138.779948647107,1724422531013,4,-88,-13,-57,3,3f,NaN,0.00132455494144663,60.5265948037421
40868,267.92,1,-96.2952101,32.9794911,168.600173950195,138.687976880088,1724422532014,4,-88,-13,-57,3,3f,NaN,0,60.5265948037421
40869,267.92,1,-96.2952101,32.9794911,168.600173950195,138.686752897686,1724422533015,4,-88,-12,-59,3,3f,NaN,0,60.5265948037421
40870,267.92,1,-96.2952101,32.9794911,168.600173950195,138.686752897686,1724422534018,4,-88,-12,-59,3,3f,NaN,0,60.5265948037421
40871,267.92,1,-96.2952101,32.9794911,168.600173950195,138.686752897686,1724422535020,4,-88,-11,-61,3,3f,NaN,0,60.5265948037421
40872,267.92,1,-96.2952101,32.9794911,168.600173950195,138.686752897686,1724422536021,4,-88,-11,-61,3,3f,NaN,0,60.5265948037421
40873,267.92,1,-96.2952101,32.9794911,168.600173950195,138.686752897686,1724422537022,4,-89,-13,-57,3,3f,NaN,0,60.5265948037421
40874,267.92,1,-96.2952101,32.9794911,168.600173950195,138.686752897686,1724422538023,4,-89,-13,-57,3,3f,NaN,0,60.5265948037421
40875,267.92,1,-96.2952101,32.9794911,168.600173950195,138.686752897686,1724422539027,4,-89,-14,-57,3,3f,NaN,0.0411421193326722,60.5677369230747
40876,267.92,1,-96.2952098165309,32.9794908165309,168.600143432617,138.901260843516,1724422540029,4,-89,-14,-57,3,3f,NaN,0.0416845575988325,60.6094214806736
40877,267.92,1,-96.2952095293244,32.9794905293244,168.600128173828,139.118596987415,1724422541028,4,-89,-14,-57,3,3f,NaN,0.039376480179175,60.6487979608528
40878,267.92,1,-96.2952092045902,32.9794903030601,168.600082397461,138.807500201801,1724422542036,4,-89,-13,-59,3,3f,NaN,0.000546904759466089,60.6493448656122
40879,267.92,1,-96.2952092,32.9794903,168.600082397461,138.802321487396,1724422543038,4,-89,-13,-59,3,3f,NaN,0,60.6493448656122
40880,267.92,1,-96.2952092,32.9794903,168.600082397461,138.802321487396,1724422544047,3,-89,-11,-61,3,3f,NaN,0.0706276367175333,60.7199725023298
40881,267.92,1,-96.2952086072217,32.9794899048144,168.599975585938,138.802321487396,1724422545048,3,-89,-11,-61,3,3f,NaN,0.000860438017205828,60.720832940347
40882,267.92,1,-96.2952086,32.9794899,168.599975585938,138.802321487396,1724422546047,3,-90,-12,-59,3,3f,NaN,0,60.720832940347
40883,267.92,1,-96.2952086,32.9794899,168.599975585938,138.802321487396,1724422547049,3,-90,-12,-59,3,3f,NaN,0,60.720832940347
40884,267.92,1,-96.2952086,32.9794899,168.599975585938,138.802321487396,1724422548051,5,-89,-12,-57,3,3f,NaN,0,60.720832940347
40885,267.92,1,-96.2952086,32.9794899,168.599975585938,138.802321487396,1724422549051,5,-89,-12,-57,3,3f,NaN,0,60.720832940347
40886,267.92,1,-96.2952086,32.9794899,168.599975585938,138.802321487396,1724422550053,5,-89,-12,-59,3,3f,NaN,0.0426628596266359,60.7634957999736
40887,267.92,1,-96.2952081749522,32.9794897583174,168.599868774414,138.636448281265,1724422551055,5,-89,-12,-59,3,3f,NaN,0.0431810274931304,60.8066768274667
40888,267.92,1,-96.2952077447419,32.979489614914,168.599746704102,138.468560420809,1724422552055,3,-89,-12,-57,3,3f,NaN,0.00449083098499174,60.8111676584517
40889,267.92,1,-96.2952077,32.9794896,168.599731445313,138.451100083322,1724422553063,3,-89,-12,-57,3,3f,NaN,0,60.8111676584517
40890,267.92,1,-96.2952077,32.9794896,168.599731445313,138.451100083322,1724422554068,3,-89,-11,-61,3,3f,NaN,0,60.8111676584517
40891,267.92,1,-96.2952077,32.9794896,168.599731445313,138.451100083322,1724422555067,3,-89,-11,-61,3,3f,NaN,0.0214798166534631,60.8326474751052
40892,267.92,1,-96.2952075021934,32.9794895010967,168.599700927734,138.451100083322,1724422556072,4,-88,-12,-57,3,3f,NaN,0.000238181587283514,60.8328856566925
40893,267.92,1,-96.2952075,32.9794895,168.599700927734,138.451100083322,1724422557073,4,-88,-12,-57,3,3f,NaN,0,60.8328856566925
40894,267.92,1,-96.2952075,32.9794895,168.599700927734,138.451100083322,1724422558078,4,-88,-11,-59,3,3f,NaN,0,60.8328856566925
40895,267.92,1,-96.2952075,32.9794895,168.599700927734,138.451100083322,1724422559077,4,-88,-11,-59,3,3f,NaN,0,60.8328856566925
40896,267.92,1,-96.2952075,32.9794895,168.599700927734,138.451100083322,1724422560079,4,-90,-11,-61,3,3f,NaN,0,60.8328856566925
40897,267.92,1,-96.2952075,32.9794895,168.599700927734,138.451100083322,1724422561080,4,-90,-11,-61,3,3f,NaN,0.0271569951318589,60.8600426518243
40898,267.92,1,-96.2952072088583,32.9794895,168.599578857422,138.67856567784,1724422562079,3,-89,-12,-59,3,3f,NaN,0.0275701398940866,60.8876127917184
40899,267.92,1,-96.2952069132874,32.9794895,168.599472045898,138.909491702295,1724422563080,3,-89,-12,-59,3,3f,NaN,0.0277629351274282,60.9153757268458
40900,267.92,1,-96.2952066156496,32.9794895,168.599349975586,139.142032594053,1724422564088,3,-90,-12,-57,3,3f,NaN,0.00145975730448468,60.9168354841503
40901,267.92,1,-96.2952066,32.9794895,168.599349975586,139.154259446497,1724422565091,3,-90,-12,-57,3,3f,NaN,0,60.9168354841503
40902,267.92,1,-96.2952066,32.9794895,168.599349975586,139.154259446497,1724422566092,4,-90,-14,-57,3,3f,NaN,0.00920710342119727,60.9260425875715
40903,267.92,1,-96.2952065012935,32.9794895,168.599304199219,139.154259446497,1724422567096,4,-90,-14,-57,3,3f,NaN,0.000120654596096234,60.9261632421676
40904,267.92,1,-96.2952065,32.9794895,168.599304199219,139.154259446497,1724422568096,4,-90,-14,-57,3,3f,NaN,0,60.9261632421676
40905,267.92,1,-96.2952065,32.9794895,168.599304199219,139.154259446497,1724422569099,4,-90,-14,-57,3,3f,NaN,0,60.9261632421676
40906,267.92,1,-96.2952065,32.9794895,168.599304199219,139.154259446497,1724422570100,4,-91,-13,-61,3,3f,NaN,0,60.9261632421676
40907,267.92,1,-96.2952065,32.9794895,168.599304199219,139.154259446497,1724422571104,4,-91,-13,-61,3,3f,NaN,0.101364866217155,61.0275281083848
40908,267.92,1,-96.2952057479543,32.97948884196,168.599258422852,139.421429375209,1724422572105,4,-90,-12,-59,3,3f,NaN,0.102903793030232,61.130431901415
40909,267.92,1,-96.295204984491,32.9794881739296,168.599212646484,139.692655527536,1724422573108,4,-90,-12,-59,3,3f,NaN,0.0113881606698421,61.1418200620849
40910,267.92,1,-96.2952049,32.9794881,168.599212646484,139.72267158228,1724422574111,4,-90,-12,-55,3,3f,NaN,0,61.1418200620849
40911,267.92,1,-96.2952049,32.9794881,168.599212646484,139.72267158228,1724422575112,4,-90,-12,-55,3,3f,NaN,0,61.1418200620849
40912,267.92,1,-96.2952049,32.9794881,168.599212646484,139.72267158228,1724422576113,5,-89,-14,-57,3,3f,NaN,0.0495504954244056,61.1913705575093
40913,267.92,1,-96.2952045039841,32.979487802988,168.599166870117,139.72267158228,1724422577115,5,-89,-14,-57,3,3f,NaN,0.000498494456588672,61.1918690519658
40914,267.92,1,-96.2952045,32.9794878,168.599166870117,139.72267158228,1724422578116,5,-89,-13,-55,3,3f,NaN,0,61.1918690519658
40915,267.92,1,-96.2952045,32.9794878,168.599166870117,139.72267158228,1724422579115,5,-89,-13,-55,3,3f,NaN,0,61.1918690519658
40916,267.92,1,-96.2952045,32.9794878,168.599166870117,139.72267158228,1724422580120,6,-90,-13,-59,3,3f,NaN,0,61.1918690519658
40917,267.92,1,-96.2952045,32.9794878,168.599166870117,139.72267158228,1724422581126,6,-90,-13,-59,3,3f,NaN,0.0248808605855229,61.2167499125514
40918,267.92,1,-96.2952043579551,32.9794879893932,168.599044799805,139.224351546407,1724422582128,6,-90,-13,-59,3,3f,NaN,0.0251570423567259,61.2419069549081
40919,267.92,1,-96.2952042143335,32.9794881808887,168.598922729492,138.720500208421,1724422583130,6,-90,-13,-59,3,3f,NaN,0.00251068007620368,61.2444176349843
40920,267.92,1,-96.2952042,32.9794882,168.598907470703,138.670215643752,1724422584133,6,-90,-13,-61,3,3f,NaN,0,61.2444176349843
40921,267.92,1,-96.2952042,32.9794882,168.598907470703,138.670215643752,1724422585135,6,-90,-13,-61,3,3f,NaN,0,61.2444176349843
40922,267.92,1,-96.2952042,32.9794882,168.598907470703,138.670215643752,1724422586134,7,-90,-12,-57,3,3f,NaN,0.0143680751331758,61.2587857101175
40923,267.92,1,-96.295204101004,32.979488298996,168.598831176758,138.670215643752,1724422587136,7,-90,-12,-57,3,3f,NaN,0.000145718033924284,61.2589314281514
40924,267.92,1,-96.2952041,32.9794883,168.598831176758,138.670215643752,1724422588136,5,-90,-13,-59,3,3f,NaN,0,61.2589314281514
40925,267.92,1,-96.2952041,32.9794883,168.598831176758,138.670215643752,1724422589142,5,-90,-13,-59,3,3f,NaN,0,61.2589314281514
40926,267.92,1,-96.2952041,32.9794883,168.598831176758,138.670215643752,1724422590142,4,-91,-13,-59,3,3f,NaN,0,61.2589314281514
40927,267.92,1,-96.2952041,32.9794883,168.598831176758,138.670215643752,1724422591144,4,-91,-13,-59,3,3f,NaN,0,61.2589314281514
40928,267.92,1,-96.2952041,32.9794883,168.598831176758,138.670215643752,1724422592145,4,-90,-12,-61,3,3f,NaN,0.0103498200601258,61.2692812482115
40929,267.92,1,-96.295204195311,32.9794882523445,168.598876953125,139.17445829941,1724422593150,4,-90,-12,-61,3,3f,NaN,0.0104017784012319,61.2796830266128
40930,267.92,1,-96.2952042911005,32.9794882044498,168.598937988281,139.681232293702,1724422594151,4,-90,-12,-57,3,3f,NaN,0.000966398876703968,61.2806494254895
40931,267.92,1,-96.2952043,32.9794882,168.598937988281,139.728315192272,1724422595156,4,-90,-12,-57,3,3f,NaN,0,61.2806494254895
40932,267.92,1,-96.2952043,32.9794882,168.598937988281,139.728315192272,1724422596156,4,-88,-13,-57,3,3f,NaN,0,61.2806494254895
40933,267.92,1,-96.2952043,32.9794882,168.598937988281,139.728315192272,1724422597163,4,-88,-13,-57,3,3f,NaN,0,61.2806494254895
40934,267.92,1,-96.2952043,32.9794882,168.598937988281,139.728315192272,1724422598165,4,-89,-13,-57,3,3f,NaN,0,61.2806494254895
40935,267.92,1,-96.2952043,32.9794882,168.598937988281,139.728315192272,1724422599170,4,-89,-13,-57,3,3f,NaN,0,61.2806494254895
40936,267.92,1,-96.2952043,32.9794882,168.598937988281,139.728315192272,1724422600170,4,-90,-11,-61,3,3f,NaN,0,61.2806494254895
40937,267.92,1,-96.2952043,32.9794882,168.598937988281,139.728315192272,1724422601173,4,-90,-11,-61,3,3f,NaN,0,61.2806494254895
40938,267.92,1,-96.2952043,32.9794882,168.598937988281,139.728315192272,1724422602175,4,-89,-11,-61,3,3f,NaN,0.00497731699197229,61.2856267424814
40939,267.92,1,-96.2952043342937,32.9794881657063,168.598968505859,139.492803235102,1724422603175,4,-89,-11,-61,3,3f,NaN,0.00503775190969448,61.2906644943911
40940,267.92,1,-96.2952043690038,32.9794881309962,168.598999023438,139.254430808817,1724422604175,4,-90,-11,-59,3,3f,NaN,0.00449872512413297,61.2951632195153
40941,267.92,1,-96.2952044,32.9794881,168.599014282227,139.041564232144,1724422605175,4,-90,-11,-59,3,3f,NaN,0,61.2951632195153
40942,267.92,1,-96.2952044,32.9794881,168.599014282227,139.041564232144,1724422606184,4,-90,-11,-59,3,3f,NaN,0,61.2951632195153
40943,267.92,1,-96.2952044,32.9794881,168.599014282227,139.041564232144,1724422607182,3,-88,-13,-59,3,3f,NaN,0,61.2951632195153
40944,267.92,1,-96.2952044,32.9794881,168.599014282227,139.041564232144,1724422608184,3,-88,-13,-59,3,3f,NaN,0,61.2951632195153
40945,267.92,1,-96.2952044,32.9794881,168.599014282227,139.041564232144,1724422609187,3,-88,-13,-59,3,3f,NaN,0,61.2951632195153
40946,267.92,1,-96.2952044,32.9794881,168.599014282227,139.041564232144,1724422610189,3,-89,-11,-61,3,3f,NaN,0,61.2951632195153
40947,267.92,1,-96.2952044,32.9794881,168.599014282227,139.041564232144,1724422611196,3,-89,-11,-61,3,3f,NaN,0,61.2951632195153
40948,267.92,1,-96.2952044,32.9794881,168.599014282227,139.041564232144,1724422612195,4,-90,-13,-59,3,3f,NaN,0.0310568941100808,61.3262201136253
40949,267.92,1,-96.2952047329513,32.9794881,168.599151611328,139.246032791211,1724422613202,4,-90,-13,-59,3,3f,NaN,0.0310880764480163,61.3573081900734
40950,267.92,1,-96.2952050662369,32.9794881,168.599273681641,139.450706639995,1724422614199,4,-88,-12,-59,3,3f,NaN,0.00314934057489972,61.3604575306483
40951,267.92,1,-96.2952051,32.9794881,168.59928894043,139.471440901507,1724422615201,4,-88,-12,-59,3,3f,NaN,0,61.3604575306483
40952,267.92,1,-96.2952051,32.9794881,168.59928894043,139.471440901507,1724422616200,3,-88,-11,-59,3,3f,NaN,0,61.3604575306483
40953,267.92,1,-96.2952051,32.9794881,168.59928894043,139.471440901507,1724422617202,3,-88,-11,-59,3,3f,NaN,0,61.3604575306483
40954,267.92,1,-96.2952051,32.9794881,168.59928894043,139.471440901507,1724422618206,4,-89,-13,-57,3,3f,NaN,0.0183948619957879,61.378852392644
40955,267.92,1,-96.2952052972056,32.9794881,168.599365234375,139.471440901507,1724422619206,4,-89,-13,-57,3,3f,NaN,0.000260655660147519,61.3791130483042
40956,267.92,1,-96.2952053,32.9794881,168.599365234375,139.471440901507,1724422620215,6,-90,-12,-59,3,3f,NaN,0,61.3791130483042
40957,267.92,1,-96.2952053,32.9794881,168.599365234375,139.471440901507,1724422621217,6,-90,-12,-59,3,3f,NaN,0,61.3791130483042
40958,267.92,1,-96.2952053,32.9794881,168.599365234375,139.471440901507,1724422622216,6,-90,-13,-59,3,3f,NaN,0,61.3791130483042
40959,267.92,1,-96.2952053,32.9794881,168.599365234375,139.471440901507,1724422623220,6,-90,-13,-59,3,3f,NaN,0.0480543793686223,61.4271674276728
40960,267.92,1,-96.2952052055901,32.9794885248447,168.599166870117,139.1292366807,1724422624222,6,-89,-12,-59,3,3f,NaN,0.0486866791161583,61.475854106789
40961,267.92,1,-96.2952051099379,32.9794889552795,168.598968505859,138.782529772776,1724422625223,6,-89,-12,-59,3,3f,NaN,0.00505835653174805,61.4809124633207
40962,267.92,1,-96.2952051,32.979489,168.59895324707,138.746508275849,1724422626225,6,-89,-12,-59,3,3f,NaN,0,61.4809124633207
40963,267.92,1,-96.2952051,32.979489,168.59895324707,138.746508275849,1724422627226,4,-88,-13,-61,3,3f,NaN,0,61.4809124633207
40964,267.92,1,-96.2952051,32.979489,168.59895324707,138.746508275849,1724422628227,4,-88,-13,-61,3,3f,NaN,0,61.4809124633207
40965,267.92,1,-96.2952051,32.979489,168.59895324707,138.746508275849,1724422629232,4,-90,-14,-57,3,3f,NaN,0.0219953352532763,61.502907798574
40966,267.92,1,-96.2952051,32.9794891978088,168.598876953125,138.746508275849,1724422630237,4,-90,-14,-57,3,3f,NaN,0.000243650335522401,61.5031514489095
40967,267.92,1,-96.2952051,32.9794892,168.598876953125,138.746508275849,1724422631236,4,-90,-13,-59,3,3f,NaN,0,61.5031514489095
40968,267.92,1,-96.2952051,32.9794892,168.598876953125,138.746508275849,1724422632240,4,-90,-13,-59,3,3f,NaN,0,61.5031514489095
40969,267.92,1,-96.2952051,32.9794892,168.598876953125,138.746508275849,1724422633241,4,-90,-13,-59,3,3f,NaN,0,61.5031514489095
40970,267.92,1,-96.2952051,32.9794892,168.598876953125,138.746508275849,1724422634248,4,-90,-13,-59,3,3f,NaN,0.0215773601694898,61.524728809079
40971,267.92,1,-96.2952051474796,32.9794890100816,168.59895324707,139.085795999292,1724422635249,4,-88,-12,-59,3,3f,NaN,0.0218173463610043,61.54654615544
40972,267.92,1,-96.2952051954873,32.9794888180509,168.599044799805,139.428857398122,1724422636249,4,-88,-12,-59,3,3f,NaN,0.00205083220203604,61.5485969876421
40973,267.92,1,-96.2952052,32.9794888,168.599060058594,139.461105169612,1724422637256,4,-90,-14,-57,3,3f,NaN,0,61.5485969876421
40974,267.92,1,-96.2952052,32.9794888,168.599060058594,139.461105169612,1724422638254,4,-90,-14,-57,3,3f,NaN,0,61.5485969876421
40975,267.92,1,-96.2952052,32.9794888,168.599060058594,139.461105169612,1724422639262,4,-90,-14,-57,3,3f,NaN,0.0109860588713855,61.5595830465134
40976,267.92,1,-96.2952052,32.9794887012,168.599105834961,139.461105169612,1724422640262,4,-90,-14,-57,3,3f,NaN,0.000133433923013842,61.5597164804365
40977,267.92,1,-96.2952052,32.9794887,168.599105834961,139.461105169612,1724422641263,4,-88,-12,-57,3,3f,NaN,0,61.5597164804365
40978,267.92,1,-96.2952052,32.9794887,168.599105834961,139.461105169612,1724422642264,4,-88,-12,-57,3,3f,NaN,0,61.5597164804365
40979,267.92,1,-96.2952052,32.9794887,168.599105834961,139.461105169612,1724422643269,4,-90,-13,-59,3,3f,NaN,0,61.5597164804365
40980,267.92,1,-96.2952052,32.9794887,168.599105834961,139.461105169612,1724422644269,4,-90,-13,-59,3,3f,NaN,0,61.5597164804365
40981,267.92,1,-96.2952052,32.9794887,168.599105834961,139.461105169612,1724422645274,4,-90,-12,-61,3,3f,NaN,0.0275422016225509,61.587258682059
40982,267.92,1,-96.2952050102343,32.9794888897657,168.59895324707,139.408933884877,1724422646276,4,-90,-12,-61,3,3f,NaN,0.027764306186794,61.6150229882458
40983,267.92,1,-96.2952048189383,32.9794890810617,168.59880065918,139.356341863975,1724422647276,4,-89,-13,-59,3,3f,NaN,0.00274866638635303,61.6177716546322
40984,267.92,1,-96.2952048,32.9794891,168.598785400391,139.351135253906,1724422648279,4,-89,-13,-59,3,3f,NaN,0,61.6177716546322
40985,267.92,1,-96.2952048,32.9794891,168.598785400391,139.351135253906,1724422649279,4,-90,-12,-61,3,3f,NaN,0,61.6177716546322
40986,267.92,1,-96.2952048,32.9794891,168.598785400391,139.351135253906,1724422650282,4,-90,-12,-61,3,3f,NaN,0.0143116093011926,61.6320832639334
40987,267.92,1,-96.2952047013931,32.979489198607,168.598709106445,139.351135253906,1724422651290,4,-90,-13,-57,3,3f,NaN,0.000202183804930373,61.6322854477383
40988,267.92,1,-96.2952047,32.9794892,168.598709106445,139.351135253906,1724422652289,4,-90,-13,-57,3,3f,NaN,0,61.6322854477383
40989,267.92,1,-96.2952047,32.9794892,168.598709106445,139.351135253906,1724422653295,5,-90,-14,-57,3,3f,NaN,0,61.6322854477383
40990,267.92,1,-96.2952047,32.9794892,168.598709106445,139.351135253906,1724422654295,5,-90,-14,-57,3,3f,NaN,0,61.6322854477383
40991,267.92,1,-96.2952047,32.9794892,168.598709106445,139.351135253906,1724422655296,5,-90,-13,-57,3,3f,NaN,0.0350407517346335,61.6673261994729
40992,267.92,1,-96.295204874435,32.979488920904,168.598892211914,139.258363176334,1724422656297,5,-90,-13,-57,3,3f,NaN,0.0354308862550594,61.702757085728
40993,267.92,1,-96.2952050508121,32.9794886387006,168.599060058594,139.164558211259,1724422657296,5,-90,-14,-57,3,3f,NaN,0.029969073687605,61.7327261594156
40994,267.92,1,-96.2952052,32.9794884,168.599212646484,139.08521367123,1724422658297,5,-90,-14,-57,3,3f,NaN,0,61.7327261594156
40995,267.92,1,-96.2952052,32.9794884,168.599212646484,139.08521367123,1724422659304,5,-88,-13,-55,3,3f,NaN,0,61.7327261594156
40996,267.92,1,-96.2952052,32.9794884,168.599212646484,139.08521367123,1724422660306,5,-88,-13,-55,3,3f,NaN,0.0143535027176829,61.7470796621333
40997,267.92,1,-96.2952052988956,32.9794883011044,168.59928894043,139.08521367123,1724422661305,4,-89,-12,-59,3,3f,NaN,0.000160291294538922,61.7472399534278
40998,267.92,1,-96.2952053,32.9794883,168.59928894043,139.08521367123,1724422662311,4,-89,-12,-59,3,3f,NaN,0,61.7472399534278
40999,267.92,1,-96.2952053,32.9794883,168.59928894043,139.08521367123,1724422663311,4,-89,-13,-57,3,3f,NaN,0,61.7472399534278
41000,267.92,1,-96.2952053,32.9794883,168.59928894043,139.08521367123,1724422664316,4,-89,-13,-57,3,3f,NaN,0,61.7472399534278
41001,267.92,1,-96.2952053,32.9794883,168.59928894043,139.08521367123,1724422665316,4,-89,-14,-57,3,3f,NaN,0.00682678100173575,61.7540667344295
41002,267.92,1,-96.2952052529635,32.9794882529635,168.59928894043,139.156039218027,1724422666319,4,-89,-14,-57,3,3f,NaN,0.0068749514870849,61.7609416859166
41003,267.92,1,-96.2952052055951,32.9794882055951,168.59928894043,139.227364541868,1724422667318,3,-90,-11,-61,3,3f,NaN,0.000812061530189925,61.7617537474468
41004,267.92,1,-96.2952052,32.9794882,168.59928894043,139.235789354894,1724422668326,3,-90,-11,-61,3,3f,NaN,0,61.7617537474468
41005,267.92,1,-96.2952052,32.9794882,168.59928894043,139.235789354894,1724422669323,3,-89,-12,-59,3,3f,NaN,0,61.7617537474468
41006,267.92,1,-96.2952052,32.9794882,168.59928894043,139.235789354894,1724422670329,3,-89,-12,-59,3,3f,NaN,0,61.7617537474468
41007,267.92,1,-96.2952052,32.9794882,168.59928894043,139.235789354894,1724422671332,3,-89,-13,-57,3,3f,NaN,0,61.7617537474468
41008,267.92,1,-96.2952052,32.9794882,168.59928894043,139.235789354894,1724422672332,3,-89,-13,-57,3,3f,NaN,0,61.7617537474468
41009,267.92,1,-96.2952052,32.9794882,168.59928894043,139.235789354894,1724422673336,5,-88,-11,-59,3,3f,NaN,0,61.7617537474468
41010,267.92,1,-96.2952052,32.9794882,168.59928894043,139.235789354894,1724422674338,5,-88,-11,-59,3,3f,NaN,0,61.7617537474468
41011,267.92,1,-96.2952052,32.9794882,168.59928894043,139.235789354894,1724422675340,5,-88,-12,-61,3,3f,NaN,0,61.7617537474468
41012,267.92,1,-96.2952052,32.9794882,168.59928894043,139.235789354894,1724422676342,5,-88,-12,-61,3,3f,NaN,0.00680894275133319,61.7685626901981
41013,267.92,1,-96.2952052469136,32.9794882469136,168.59928894043,139.312745572553,1724422677342,5,-89,-13,-55,3,3f,NaN,0.00692609881159649,61.7754887890097
41014,267.92,1,-96.2952052946344,32.9794882946344,168.59928894043,139.391025935658,1724422678347,5,-89,-13,-55,3,3f,NaN,0.000778752456080862,61.7762675414658
41015,267.92,1,-96.2952053,32.9794883,168.59928894043,139.399827608325,1724422679347,6,-89,-13,-61,3,3f,NaN,0,61.7762675414658
41016,267.92,1,-96.2952053,32.9794883,168.59928894043,139.399827608325,1724422680351,6,-89,-13,-61,3,3f,NaN,0,61.7762675414658
41017,267.92,1,-96.2952053,32.9794883,168.59928894043,139.399827608325,1724422681352,6,-89,-13,-57,3,3f,NaN,0,61.7762675414658
41018,267.92,1,-96.2952053,32.9794883,168.59928894043,139.399827608325,1724422682354,6,-89,-13,-57,3,3f,NaN,0,61.7762675414658
41019,267.92,1,-96.2952053,32.9794883,168.59928894043,139.399827608325,1724422683360,5,-89,-12,-61,3,3f,NaN,0,61.7762675414658
41020,267.92,1,-96.2952053,32.9794883,168.59928894043,139.399827608325,1724422684360,5,-89,-12,-61,3,3f,NaN,0,61.7762675414658
41021,267.92,1,-96.2952053,32.9794883,168.59928894043,139.399827608325,1724422685367,4,-89,-14,-57,3,3f,NaN,0,61.7762675414658
41022,267.92,1,-96.2952053,32.9794883,168.59928894043,139.399827608325,1724422686367,4,-89,-14,-57,3,3f,NaN,0,61.7762675414658
41023,267.92,1,-96.2952053,32.9794883,168.59928894043,139.399827608325,1724422687370,4,-89,-12,-59,3,3f,NaN,0.0536881067571403,61.829955648223
41024,267.92,1,-96.295205864539,32.9794882059102,168.599548339844,139.139846932928,1724422688374,4,-89,-12,-59,3,3f,NaN,0.0541197718452352,61.8840754200682
41025,267.92,1,-96.295206433617,32.9794881110638,168.599792480469,138.877775960643,1724422689377,5,-89,-11,-61,3,3f,NaN,0.00631307635019265,61.8903884964184
41026,267.92,1,-96.2952065,32.9794881,168.599822998047,138.847205368662,1724422690380,5,-89,-11,-61,3,3f,NaN,0,61.8903884964184
41027,267.92,1,-96.2952065,32.9794881,168.599822998047,138.847205368662,1724422691381,5,-88,-12,-59,3,3f,NaN,0,61.8903884964184
41028,267.92,1,-96.2952065,32.9794881,168.599822998047,138.847205368662,1724422692383,5,-88,-12,-59,3,3f,NaN,0.0184316501026033,61.908820146521
41029,267.92,1,-96.2952066976,32.9794881,168.599899291992,138.847205368662,1724422693383,4,-88,-12,-61,3,3f,NaN,0.000223866227777876,61.9090440127488
41030,267.92,1,-96.2952067,32.9794881,168.599899291992,138.847205368662,1724422694384,4,-88,-12,-61,3,3f,NaN,0,61.9090440127488
41031,267.92,1,-96.2952067,32.9794881,168.599899291992,138.847205368662,1724422695394,3,-89,-13,-57,3,3f,NaN,0,61.9090440127488
41032,267.92,1,-96.2952067,32.9794881,168.599899291992,138.847205368662,1724422696394,3,-89,-13,-57,3,3f,NaN,0,61.9090440127488
41033,267.92,1,-96.2952067,32.9794881,168.599899291992,138.847205368662,1724422697393,3,-89,-13,-57,3,3f,NaN,0,61.9090440127488
41034,267.92,1,-96.2952067,32.9794881,168.599899291992,138.847205368662,1724422698396,3,-89,-13,-57,3,3f,NaN,0.0204210933217632,61.9294651060705
41035,267.92,1,-96.2952065119431,32.9794881940284,168.599792480469,139.098041020273,1724422699397,3,-89,-12,-57,3,3f,NaN,0.0206269512783553,61.9500920573489
41036,267.92,1,-96.2952063219905,32.9794882890047,168.599685668945,139.351405257082,1724422700399,3,-89,-12,-57,3,3f,NaN,0.00238795123276264,61.9524800085817
41037,267.92,1,-96.2952063,32.9794883,168.599670410156,139.380736845375,1724422701400,3,-89,-13,-57,3,3f,NaN,0,61.9524800085817
41038,267.92,1,-96.2952063,32.9794883,168.599670410156,139.380736845375,1724422702399,3,-89,-13,-57,3,3f,NaN,0,61.9524800085817
41039,267.92,1,-96.2952063,32.9794883,168.599670410156,139.380736845375,1724422703408,3,-90,-12,-59,3,3f,NaN,0.00920686229545535,61.9616868708771
41040,267.92,1,-96.2952062012961,32.9794883,168.599639892578,139.380736845375,1724422704408,3,-90,-12,-59,3,3f,NaN,0.000120897174161313,61.9618077680513
41041,267.92,1,-96.2952062,32.9794883,168.599639892578,139.380736845375,1724422705408,3,-90,-14,-57,3,3f,NaN,0,61.9618077680513
41042,267.92,1,-96.2952062,32.9794883,168.599639892578,139.380736845375,1724422706415,3,-90,-14,-57,3,3f,NaN,0,61.9618077680513
41043,267.92,1,-96.2952062,32.9794883,168.599639892578,139.380736845375,1724422707416,4,-90,-13,-57,3,3f,NaN,0,61.9618077680513
41044,267.92,1,-96.2952062,32.9794883,168.599639892578,139.380736845375,1724422708417,4,-90,-13,-57,3,3f,NaN,0,61.9618077680513
41045,267.92,1,-96.2952062,32.9794883,168.599639892578,139.380736845375,1724422709424,4,-88,-13,-57,3,3f,NaN,0.0739788284451976,62.0357865964965
41046,267.92,1,-96.295206811692,32.9794887234791,168.599716186523,139.302613344179,1724422710426,4,-88,-13,-57,3,3f,NaN,0.0748008148949046,62.1105874113914
41047,267.92,1,-96.2952074301806,32.9794891516635,168.599792480469,139.22362180408,1724422711427,4,-90,-12,-61,3,3f,NaN,0.00844404923905963,62.1190314606304
41048,267.92,1,-96.2952075,32.9794892,168.599807739258,139.214704677176,1724422712428,4,-90,-12,-61,3,3f,NaN,0,62.1190314606304
41049,267.92,1,-96.2952075,32.9794892,168.599807739258,139.214704677176,1724422713428,4,-88,-12,-59,3,3f,NaN,0,62.1190314606304
41050,267.92,1,-96.2952075,32.9794892,168.599807739258,139.214704677176,1724422714429,4,-88,-12,-59,3,3f,NaN,0,62.1190314606304
41051,267.92,1,-96.2952075,32.9794892,168.599807739258,139.214704677176,1724422715435,4,-87,-13,-55,3,3f,NaN,0.0353163957360932,62.1543478563665
41052,267.92,1,-96.2952077964108,32.9794893976072,168.599853515625,139.214704677176,1724422716436,4,-87,-13,-55,3,3f,NaN,0.000427640819310833,62.1547754971859
41053,267.92,1,-96.2952078,32.9794894,168.599853515625,139.214704677176,1724422717438,4,-88,-13,-57,3,3f,NaN,0,62.1547754971859
41054,267.92,1,-96.2952078,32.9794894,168.599853515625,139.214704677176,1724422718441,4,-88,-13,-57,3,3f,NaN,0,62.1547754971859
41055,267.92,1,-96.2952078,32.9794894,168.599853515625,139.214704677176,1724422719440,4,-88,-13,-57,3,3f,NaN,0,62.1547754971859
41056,267.92,1,-96.2952078,32.9794894,168.599853515625,139.214704677176,1724422720440,4,-88,-13,-57,3,3f,NaN,0.00878063022124482,62.1635561274071
41057,267.92,1,-96.2952077058656,32.9794894,168.599807739258,139.071057877241,1724422721447,4,-88,-12,-59,3,3f,NaN,0.00883356357792087,62.172389690985
41058,267.92,1,-96.2952076111637,32.9794894,168.59977722168,138.926544865448,1724422722448,4,-88,-12,-59,3,3f,NaN,0.00104132358210368,62.1734310145671
41059,267.92,1,-96.2952076,32.9794894,168.59977722168,138.909509365556,1724422723448,4,-89,-13,-57,3,3f,NaN,0,62.1734310145671
41060,267.92,1,-96.2952076,32.9794894,168.59977722168,138.909509365556,1724422724448,4,-89,-13,-57,3,3f,NaN,0,62.1734310145671
41061,267.92,1,-96.2952076,32.9794894,168.59977722168,138.909509365556,1724422725456,4,-90,-12,-63,3,3f,NaN,0,62.1734310145671
41062,267.92,1,-96.2952076,32.9794894,168.59977722168,138.909509365556,1724422726457,4,-90,-12,-63,3,3f,NaN,0,62.1734310145671
41063,267.92,1,-96.2952076,32.9794894,168.59977722168,138.909509365556,1724422727459,5,-89,-11,-59,3,3f,NaN,0,62.1734310145671
41064,267.92,1,-96.2952076,32.9794894,168.59977722168,138.909509365556,1724422728460,5,-89,-11,-59,3,3f,NaN,0,62.1734310145671
41065,267.92,1,-96.2952076,32.9794894,168.59977722168,138.909509365556,1724422729461,4,-89,-11,-59,3,3f,NaN,0,62.1734310145671
41066,267.92,1,-96.2952076,32.9794894,168.59977722168,138.909509365556,1724422730463,4,-89,-11,-59,3,3f,NaN,0,62.1734310145671
41067,267.92,1,-96.2952076,32.9794894,168.59977722168,138.909509365556,1724422731468,4,-90,-12,-59,3,3f,NaN,0.0235287238933304,62.1969597384604
41068,267.92,1,-96.2952077880455,32.9794895410342,168.599792480469,139.023174315493,1724422732472,4,-90,-12,-59,3,3f,NaN,0.0236949211175808,62.220654659578
41069,267.92,1,-96.2952079774194,32.9794896830645,168.599807739258,139.137642146006,1724422733470,4,-90,-13,-59,3,3f,NaN,0.00282534489262548,62.2234800044707
41070,267.92,1,-96.295208,32.9794897,168.599822998047,139.151291115776,1724422734479,4,-90,-13,-59,3,3f,NaN,0,62.2234800044707
41071,267.92,1,-96.295208,32.9794897,168.599822998047,139.151291115776,1724422735477,4,-90,-12,-59,3,3f,NaN,0,62.2234800044707
41072,267.92,1,-96.295208,32.9794897,168.599822998047,139.151291115776,1724422736479,4,-90,-12,-59,3,3f,NaN,0,62.2234800044707
41073,267.92,1,-96.295208,32.9794897,168.599822998047,139.151291115776,1724422737481,4,-90,-12,-61,3,3f,NaN,0.0143543008244457,62.2378343052951
41074,267.92,1,-96.2952080989011,32.9794897989011,168.599822998047,139.151291115776,1724422738483,4,-90,-12,-61,3,3f,NaN,0.000159492240814959,62.2379937975359
41075,267.92,1,-96.2952081,32.9794898,168.599822998047,139.151291115776,1724422739487,4,-88,-12,-61,3,3f,NaN,0,62.2379937975359
41076,267.92,1,-96.2952081,32.9794898,168.599822998047,139.151291115776,1724422740490,4,-88,-12,-61,3,3f,NaN,0,62.2379937975359
41077,267.92,1,-96.2952081,32.9794898,168.599822998047,139.151291115776,1724422741490,4,-89,-14,-57,3,3f,NaN,0,62.2379937975359
41078,267.92,1,-96.2952081,32.9794898,168.599822998047,139.151291115776,1724422742495,4,-89,-14,-57,3,3f,NaN,0.0337015227492765,62.2716953202852
41079,267.92,1,-96.2952078171428,32.9794899885714,168.599639892578,139.103796641338,1724422743498,4,-89,-14,-57,3,3f,NaN,0.0340419339009277,62.3057372541861
41080,267.92,1,-96.2952075314286,32.9794901790476,168.599456787109,139.055822424734,1724422744498,4,-89,-14,-57,3,3f,NaN,0.00374461660481957,62.3094818707909
41081,267.92,1,-96.2952075,32.9794902,168.59944152832,139.050545260908,1724422745504,3,-88,-13,-59,3,3f,NaN,0,62.3094818707909
41082,267.92,1,-96.2952075,32.9794902,168.59944152832,139.050545260908,1724422746505,3,-88,-13,-59,3,3f,NaN,0,62.3094818707909
41083,267.92,1,-96.2952075,32.9794902,168.59944152832,139.050545260908,1724422747504,3,-89,-12,-59,3,3f,NaN,0.014297813564785,62.3237796843557
41084,267.92,1,-96.2952074014881,32.9794902985119,168.599365234375,139.050545260908,1724422748508,3,-89,-12,-59,3,3f,NaN,0.000215980318438409,62.3239956646742
41085,267.92,1,-96.2952074,32.9794903,168.599365234375,139.050545260908,1724422749509,3,-88,-11,-57,3,3f,NaN,0,62.3239956646742
41086,267.92,1,-96.2952074,32.9794903,168.599365234375,139.050545260908,1724422750512,3,-88,-11,-57,3,3f,NaN,0,62.3239956646742
41087,267.92,1,-96.2952074,32.9794903,168.599365234375,139.050545260908,1724422751518,3,-86,-11,-59,3,3f,NaN,0,62.3239956646742
41088,267.92,1,-96.2952074,32.9794903,168.599365234375,139.050545260908,1724422752516,3,-86,-11,-59,3,3f,NaN,0.0842193087821366,62.4082149734563
41089,267.92,1,-96.2952074472727,32.9794895436364,168.599655151367,139.034348616696,1724422753519,3,-91,-14,-57,3,3f,NaN,0.085668430793174,62.4938834042495
41090,267.92,1,-96.2952074953588,32.9794887742584,168.599960327148,139.017873285286,1724422754524,3,-91,-14,-57,3,3f,NaN,0.00826849874739844,62.5021519029969
41091,267.92,1,-96.2952075,32.9794887,168.599990844727,139.016283128921,1724422755524,3,-88,-13,-57,3,3f,NaN,0,62.5021519029969
41092,267.92,1,-96.2952075,32.9794887,168.599990844727,139.016283128921,1724422756528,3,-88,-13,-57,3,3f,NaN,0,62.5021519029969
41093,267.92,1,-96.2952075,32.9794887,168.599990844727,139.016283128921,1724422757528,4,-91,-13,-59,3,3f,NaN,0.0328942498465633,62.5350461528434
41094,267.92,1,-96.2952075,32.9794884041749,168.60009765625,139.016283128921,1724422758531,4,-91,-13,-59,3,3f,NaN,0.000464227746547224,62.53551038059
41095,267.92,1,-96.2952075,32.9794884,168.60009765625,139.016283128921,1724422759531,5,-87,-12,-59,3,3f,NaN,0,62.53551038059
41096,267.92,1,-96.2952075,32.9794884,168.60009765625,139.016283128921,1724422760534,5,-87,-12,-59,3,3f,NaN,0,62.53551038059
41097,267.92,1,-96.2952075,32.9794884,168.60009765625,139.016283128921,1724422761536,4,-88,-11,-59,3,3f,NaN,0,62.53551038059
41098,267.92,1,-96.2952075,32.9794884,168.60009765625,139.016283128921,1724422762543,4,-88,-11,-59,3,3f,NaN,0.0227257617429555,62.5582361423329
41099,267.92,1,-96.2952075942354,32.9794885884707,168.600067138672,139.143084582054,1724422763544,4,-88,-12,-59,3,3f,NaN,0.023024482118701,62.5812606244516
41100,267.92,1,-96.2952076897094,32.9794887794188,168.600036621094,139.271552788362,1724422764546,4,-88,-12,-59,3,3f,NaN,0.00248167694668027,62.5837423013983
41101,267.92,1,-96.2952077,32.9794888,168.600036621094,139.285399660898,1724422765549,3,-87,-12,-55,3,3f,NaN,0,62.5837423013983
41102,267.92,1,-96.2952077,32.9794888,168.600036621094,139.285399660898,1724422766549,3,-87,-12,-55,3,3f,NaN,0,62.5837423013983
41103,267.92,1,-96.2952077,32.9794888,168.600036621094,139.285399660898,1724422767550,4,-87,-12,-57,3,3f,NaN,0.0109644428681896,62.5947067442665
41104,267.92,1,-96.2952077,32.9794888986056,168.599990844727,139.285399660898,1724422768553,4,-87,-12,-57,3,3f,NaN,0.000155049926209719,62.5948617941927
41105,267.92,1,-96.2952077,32.9794889,168.599990844727,139.285399660898,1724422769557,3,-89,-13,-57,3,3f,NaN,0,62.5948617941927
41106,267.92,1,-96.2952077,32.9794889,168.599990844727,139.285399660898,1724422770556,3,-89,-13,-57,3,3f,NaN,0,62.5948617941927
41107,267.92,1,-96.2952077,32.9794889,168.599990844727,139.285399660898,1724422771560,2,-88,-14,-57,3,3f,NaN,0,62.5948617941927
41108,267.92,1,-96.2952077,32.9794889,168.599990844727,139.285399660898,1724422772561,2,-88,-14,-57,3,3f,NaN,0.00442665653019084,62.5992884507229
41109,267.92,1,-96.2952076525432,32.9794889,168.599975585938,139.244575467231,1724422773561,3,-87,-11,-59,3,3f,NaN,0.00449827357400644,62.6037867242969
41110,267.92,1,-96.2952076043186,32.9794889,168.599960327148,139.203090821492,1724422774566,3,-87,-11,-59,3,3f,NaN,0.000402829302034914,62.6041895535989
41111,267.92,1,-96.2952076,32.9794889,168.599960327148,139.19937577859,1724422775567,2,-90,-12,-57,3,3f,NaN,0,62.6041895535989
41112,267.92,1,-96.2952076,32.9794889,168.599960327148,139.19937577859,1724422776574,2,-90,-12,-57,3,3f,NaN,0,62.6041895535989
41113,267.92,1,-96.2952076,32.9794889,168.599960327148,139.19937577859,1724422777576,3,-90,-13,-57,3,3f,NaN,0,62.6041895535989
41114,267.92,1,-96.2952076,32.9794889,168.599960327148,139.19937577859,1724422778578,3,-90,-13,-57,3,3f,NaN,0.0114294214534178,62.6156189750524
41115,267.92,1,-96.2952075526064,32.9794888052128,168.599975585938,139.174507969065,1724422779579,3,-88,-12,-59,3,3f,NaN,0.0115447442926518,62.627163719345
41116,267.92,1,-96.2952075047346,32.9794887094692,168.599990844727,139.149389223015,1724422780580,3,-88,-12,-59,3,3f,NaN,0.00114179475786901,62.6283055141029
41117,267.92,1,-96.2952075,32.9794887,168.599990844727,139.146904951428,1724422781582,3,-86,-14,-55,3,3f,NaN,0,62.6283055141029
41118,267.92,1,-96.2952075,32.9794887,168.599990844727,139.146904951428,1724422782583,3,-86,-14,-55,3,3f,NaN,0,62.6283055141029
41119,267.92,1,-96.2952075,32.9794887,168.599990844727,139.146904951428,1724422783588,4,-90,-13,-59,3,3f,NaN,0.0109747945942714,62.6392803086972
41120,267.92,1,-96.2952075,32.9794886013013,168.600021362305,139.146904951428,1724422784591,4,-90,-13,-59,3,3f,NaN,0.00014469741004043,62.6394250061072
41121,267.92,1,-96.2952075,32.9794886,168.600021362305,139.146904951428,1724422785597,3,-87,-14,-53,3,3f,NaN,0,62.6394250061072
41122,267.92,1,-96.2952075,32.9794886,168.600021362305,139.146904951428,1724422786597,3,-87,-14,-53,3,3f,NaN,0,62.6394250061072
41123,267.92,1,-96.2952075,32.9794886,168.600021362305,139.146904951428,1724422787597,4,-89,-14,-57,3,3f,NaN,0,62.6394250061072
41124,267.92,1,-96.2952075,32.9794886,168.600021362305,139.146904951428,1724422788601,4,-89,-14,-57,3,3f,NaN,0,62.6394250061072
41125,267.92,1,-96.2952075,32.9794886,168.600021362305,139.146904951428,1724422789606,3,-89,-13,-59,3,3f,NaN,0.0294880324184358,62.6689130385256
41126,267.92,1,-96.2952076421279,32.9794883631202,168.600173950195,139.154542741806,1724422790608,3,-89,-13,-59,3,3f,NaN,0.0297552865364322,62.6986683250621
41127,267.92,1,-96.2952077855439,32.9794881240935,168.600311279297,139.16224975687,1724422791610,3,-89,-12,-57,3,3f,NaN,0.00299928479340436,62.7016676098555
41128,267.92,1,-96.2952078,32.9794881,168.600326538086,139.163026611682,1724422792610,3,-89,-12,-57,3,3f,NaN,0,62.7016676098555
41129,267.92,1,-96.2952078,32.9794881,168.600326538086,139.163026611682,1724422793610,3,-87,-10,-59,3,3f,NaN,0,62.7016676098555
41130,267.92,1,-96.2952078,32.9794881,168.600326538086,139.163026611682,1724422794616,3,-87,-10,-59,3,3f,NaN,0,62.7016676098555
41131,267.92,1,-96.2952078,32.9794881,168.600326538086,139.163026611682,1724422795616,3,-88,-14,-57,3,3f,NaN,0.0143122108051546,62.7159798206606
41132,267.92,1,-96.2952078986111,32.9794880013889,168.600402832031,139.163026611682,1724422796622,3,-88,-14,-57,3,3f,NaN,0.000201581770212263,62.7161814024308
41133,267.92,1,-96.2952079,32.979488,168.600402832031,139.163026611682,1724422797621,3,-89,-14,-57,3,3f,NaN,0,62.7161814024308
41134,267.92,1,-96.2952079,32.979488,168.600402832031,139.163026611682,1724422798623,3,-89,-14,-57,3,3f,NaN,0,62.7161814024308
41135,267.92,1,-96.2952079,32.979488,168.600402832031,139.163026611682,1724422799623,4,-91,-13,-59,3,3f,NaN,0,62.7161814024308
41136,267.92,1,-96.2952079,32.979488,168.600402832031,139.163026611682,1724422800630,4,-91,-13,-59,3,3f,NaN,0.0289290192809914,62.7451104217118
41137,267.92,1,-96.2952081761828,32.9794881183641,168.600463867188,139.052934056113,1724422801631,5,-89,-12,-59,3,3f,NaN,0.0294582101300407,62.7745686318419
41138,267.92,1,-96.2952084574178,32.9794882388933,168.600524902344,138.940827612332,1724422802633,5,-89,-12,-59,3,3f,NaN,0.0149349029149889,62.7895035347569
41139,267.92,1,-96.2952086,32.9794883,168.600570678711,138.883991211692,1724422803639,5,-88,-13,-61,3,3f,NaN,0,62.7895035347569
41140,267.92,1,-96.2952086,32.9794883,168.600570678711,138.883991211692,1724422804640,5,-88,-13,-61,3,3f,NaN,0,62.7895035347569
41141,267.92,1,-96.2952086,32.9794883,168.600570678711,138.883991211692,1724422805642,4,-89,-13,-57,3,3f,NaN,0.00919756220693043,62.7987010969638
41142,267.92,1,-96.2952086986042,32.9794883,168.600601196289,138.883991211692,1724422806643,4,-89,-13,-57,3,3f,NaN,0.000130197262686238,62.7988312942265
41143,267.92,1,-96.2952087,32.9794883,168.600601196289,138.883991211692,1724422807643,4,-89,-12,-59,3,3f,NaN,0,62.7988312942265
41144,267.92,1,-96.2952087,32.9794883,168.600601196289,138.883991211692,1724422808646,4,-89,-12,-59,3,3f,NaN,0,62.7988312942265
41145,267.92,1,-96.2952087,32.9794883,168.600601196289,138.883991211692,1724422809649,4,-88,-13,-57,3,3f,NaN,0,62.7988312942265
41146,267.92,1,-96.2952087,32.9794883,168.600601196289,138.883991211692,1724422810650,4,-88,-13,-57,3,3f,NaN,0,62.7988312942265
41147,267.92,1,-96.2952087,32.9794883,168.600601196289,138.883991211692,1724422811655,3,-87,-12,-59,3,3f,NaN,0.0157459685103955,62.8145772627369
41148,267.92,1,-96.2952087,32.9794884416069,168.600555419922,138.961259030369,1724422812655,3,-87,-12,-59,3,3f,NaN,0.015969315178016,62.8305465779149
41149,267.92,1,-96.2952087,32.9794885852224,168.600494384766,139.039622846474,1724422813656,4,-87,-13,-55,3,3f,NaN,0.00164319469478661,62.8321897726097
41150,267.92,1,-96.2952087,32.9794886,168.600494384766,139.047686256123,1724422814658,4,-87,-13,-55,3,3f,NaN,0,62.8321897726097
41151,267.92,1,-96.2952087,32.9794886,168.600494384766,139.047686256123,1724422815663,3,-88,-12,-57,3,3f,NaN,0,62.8321897726097
41152,267.92,1,-96.2952087,32.9794886,168.600494384766,139.047686256123,1724422816663,3,-88,-12,-57,3,3f,NaN,0.0110189162391587,62.8432086888488
41153,267.92,1,-96.2952087,32.9794886990955,168.600463867188,139.047686256123,1724422817663,3,-91,-12,-61,3,3f,NaN,0.000100575765153169,62.843309264614
41154,267.92,1,-96.2952087,32.9794887,168.600463867188,139.047686256123,1724422818668,3,-91,-12,-61,3,3f,NaN,0,62.843309264614
41155,267.92,1,-96.2952087,32.9794887,168.600463867188,139.047686256123,1724422819667,4,-88,-11,-57,3,3f,NaN,0,62.843309264614
41156,267.92,1,-96.2952087,32.9794887,168.600463867188,139.047686256123,1724422820669,4,-88,-11,-57,3,3f,NaN,0,62.843309264614
41157,267.92,1,-96.2952087,32.9794887,168.600463867188,139.047686256123,1724422821679,4,-88,-13,-55,3,3f,NaN,0.0316122132735048,62.8749214778875
41158,267.92,1,-96.2952088888519,32.9794889360648,168.600448608398,139.10440850912,1724422822682,4,-88,-13,-55,3,3f,NaN,0.0318674037454209,62.9067888816329
41159,267.92,1,-96.2952090792282,32.9794891740353,168.600433349609,139.161588661232,1724422823681,4,-89,-14,-57,3,3f,NaN,0.00347701992203181,62.9102659015549
41160,267.92,1,-96.2952091,32.9794892,168.600433349609,139.167827536688,1724422824680,4,-89,-14,-57,3,3f,NaN,0,62.9102659015549
41161,267.92,1,-96.2952091,32.9794892,168.600433349609,139.167827536688,1724422825682,4,-87,-12,-57,3,3f,NaN,0,62.9102659015549
41162,267.92,1,-96.2952091,32.9794892,168.600433349609,139.167827536688,1724422826681,4,-87,-12,-57,3,3f,NaN,0,62.9102659015549
41163,267.92,1,-96.2952091,32.9794892,168.600433349609,139.167827536688,1724422827693,4,-87,-12,-55,3,3f,NaN,0.0238506848527109,62.9341165864077
41164,267.92,1,-96.2952091989,32.9794893978,168.600402832031,139.167827536688,1724422828695,4,-87,-12,-55,3,3f,NaN,0.000265275414912269,62.9343818618226
41165,267.92,1,-96.2952092,32.9794894,168.600402832031,139.167827536688,1724422829696,4,-88,-12,-57,3,3f,NaN,0,62.9343818618226
41166,267.92,1,-96.2952092,32.9794894,168.600402832031,139.167827536688,1724422830699,4,-88,-12,-57,3,3f,NaN,0,62.9343818618226
41167,267.92,1,-96.2952092,32.9794894,168.600402832031,139.167827536688,1724422831698,4,-87,-12,-57,3,3f,NaN,0,62.9343818618226
41168,267.92,1,-96.2952092,32.9794894,168.600402832031,139.167827536688,1724422832704,4,-87,-12,-57,3,3f,NaN,0,62.9343818618226
41169,267.92,1,-96.2952092,32.9794894,168.600402832031,139.167827536688,1724422833708,3,-86,-11,-55,3,3f,NaN,0.0206098374641061,62.9549916992867
41170,267.92,1,-96.295209389795,32.9794894948975,168.600448608398,139.061158396744,1724422834712,3,-86,-11,-55,3,3f,NaN,0.0206926774334226,62.9756843767201
41171,267.92,1,-96.2952095803529,32.9794895901764,168.600494384766,138.954060436137,1724422835711,3,-88,-13,-57,3,3f,NaN,0.00213348160211918,62.9778178583222
41172,267.92,1,-96.2952096,32.9794896,168.600494384766,138.943018304062,1724422836712,3,-88,-13,-57,3,3f,NaN,0,62.9778178583222
41173,267.92,1,-96.2952096,32.9794896,168.600494384766,138.943018304062,1724422837714,4,-88,-12,-61,3,3f,NaN,0,62.9778178583222
41174,267.92,1,-96.2952096,32.9794896,168.600494384766,138.943018304062,1724422838718,4,-88,-12,-61,3,3f,NaN,0.00921582423196491,62.9870336825542
41175,267.92,1,-96.2952096988,32.9794896,168.600540161133,138.943018304062,1724422839721,4,-86,-12,-57,3,3f,NaN,0.000111933774764512,62.9871456163289
41176,267.92,1,-96.2952097,32.9794896,168.600540161133,138.943018304062,1724422840721,4,-86,-12,-57,3,3f,NaN,0,62.9871456163289
41177,267.92,1,-96.2952097,32.9794896,168.600540161133,138.943018304062,1724422841724,4,-86,-12,-57,3,3f,NaN,0,62.9871456163289
41178,267.92,1,-96.2952097,32.9794896,168.600540161133,138.943018304062,1724422842726,3,-90,-12,-63,3,3f,NaN,0,62.9871456163289
41179,267.92,1,-96.2952097,32.9794896,168.600540161133,138.943018304062,1724422843728,3,-90,-12,-63,3,3f,NaN,0,62.9871456163289
41180,267.92,1,-96.2952097,32.9794896,168.600540161133,138.943018304062,1724422844729,4,-88,-11,-59,3,3f,NaN,0.0137506430921897,63.0008962594211
41181,267.92,1,-96.2952097947419,32.9794895052581,168.600616455078,138.958449546528,1724422845734,4,-88,-11,-59,3,3f,NaN,0.0138893962004415,63.0147856556216
41182,267.92,1,-96.2952098904398,32.9794894095602,168.600692749023,138.974036502843,1724422846735,4,-88,-11,-59,3,3f,NaN,0.00138754772374565,63.0161732033453
41183,267.92,1,-96.2952099,32.9794894,168.600692749023,138.975593641336,1724422847735,3,-85,-12,-53,3,3f,NaN,0,63.0161732033453
41184,267.92,1,-96.2952099,32.9794894,168.600692749023,138.975593641336,1724422848736,3,-85,-12,-53,3,3f,NaN,0,63.0161732033453
41185,267.92,1,-96.2952099,32.9794894,168.600692749023,138.975593641336,1724422849737,3,-87,-13,-57,3,3f,NaN,0,63.0161732033453
41186,267.92,1,-96.2952099,32.9794894,168.600692749023,138.975593641336,1724422850739,3,-87,-13,-57,3,3f,NaN,0.0142978127729701,63.0304710161183
41187,267.92,1,-96.2952099985119,32.9794893014881,168.600769042969,138.975593641336,1724422851744,4,-87,-14,-55,3,3f,NaN,0.000215980319447231,63.0306869964377
41188,267.92,1,-96.29521,32.9794893,168.600769042969,138.975593641336,1724422852746,4,-87,-14,-55,3,3f,NaN,0,63.0306869964377
41189,267.92,1,-96.29521,32.9794893,168.600769042969,138.975593641336,1724422853754,5,-89,-13,-55,3,3f,NaN,0,63.0306869964377
41190,267.92,1,-96.29521,32.9794893,168.600769042969,138.975593641336,1724422854758,5,-89,-13,-55,3,3f,NaN,0,63.0306869964377
41191,267.92,1,-96.29521,32.9794893,168.600769042969,138.975593641336,1724422855759,4,-88,-14,-55,3,3f,NaN,0.00690502440949349,63.0375920208472
41192,267.92,1,-96.2952099524244,32.9794893475756,168.600738525391,138.926158862143,1724422856761,4,-88,-14,-55,3,3f,NaN,0.00697470445420692,63.0445667253014
41193,267.92,1,-96.2952099043687,32.9794893956313,168.600692749023,138.876225245623,1724422857762,4,-88,-14,-55,3,3f,NaN,0.00063406422871689,63.0452007895302
41194,267.92,1,-96.2952099,32.9794894,168.600692749023,138.871685825939,1724422858762,4,-90,-13,-59,3,3f,NaN,0,63.0452007895302
41195,267.92,1,-96.2952099,32.9794894,168.600692749023,138.871685825939,1724422859767,4,-90,-13,-59,3,3f,NaN,0,63.0452007895302
41196,267.92,1,-96.2952099,32.9794894,168.600692749023,138.871685825939,1724422860767,2,-88,-11,-59,3,3f,NaN,0,63.0452007895302
41197,267.92,1,-96.2952099,32.9794894,168.600692749023,138.871685825939,1724422861772,2,-88,-11,-59,3,3f,NaN,0,63.0452007895302
41198,267.92,1,-96.2952099,32.9794894,168.600692749023,138.871685825939,1724422862772,2,-87,-12,-55,3,3f,NaN,0,63.0452007895302
41199,267.92,1,-96.2952099,32.9794894,168.600692749023,138.871685825939,1724422863774,2,-87,-12,-55,3,3f,NaN,0,63.0452007895302
41200,267.92,1,-96.2952099,32.9794894,168.600692749023,138.871685825939,1724422864777,2,-89,-13,-57,3,3f,NaN,0,63.0452007895302
41201,267.92,1,-96.2952099,32.9794894,168.600692749023,138.871685825939,1724422865779,2,-89,-13,-57,3,3f,NaN,0,63.0452007895302
41202,267.92,1,-96.2952099,32.9794894,168.600692749023,138.871685825939,1724422866780,3,-87,-12,-57,3,3f,NaN,0.0181314694415611,63.0633322589717
41203,267.92,1,-96.2952098051221,32.9794895423169,168.600601196289,138.9359228502,1724422867783,3,-87,-12,-57,3,3f,NaN,0.0183693210946923,63.0817015800664
41204,267.92,1,-96.2952097089995,32.9794896865007,168.600509643555,139.001002539763,1724422868787,3,-86,-12,-53,3,3f,NaN,0.00171983750179711,63.0834214175682
41205,267.92,1,-96.2952097,32.9794897,168.600509643555,139.007095658109,1724422869788,3,-86,-12,-53,3,3f,NaN,0,63.0834214175682
41206,267.92,1,-96.2952097,32.9794897,168.600509643555,139.007095658109,1724422870789,4,-88,-13,-55,3,3f,NaN,0,63.0834214175682
41207,267.92,1,-96.2952097,32.9794897,168.600509643555,139.007095658109,1724422871798,4,-88,-13,-55,3,3f,NaN,0.011018816688137,63.0944402342563
41208,267.92,1,-96.2952097,32.9794897990946,168.600463867188,139.007095658109,1724422872798,4,-86,-12,-55,3,3f,NaN,0.000100676106262343,63.0945409103626
41209,267.92,1,-96.2952097,32.9794898,168.600463867188,139.007095658109,1724422873798,4,-86,-12,-55,3,3f,NaN,0,63.0945409103626
41210,267.92,1,-96.2952097,32.9794898,168.600463867188,139.007095658109,1724422874800,3,-85,-12,-55,3,3f,NaN,0,63.0945409103626
41211,267.92,1,-96.2952097,32.9794898,168.600463867188,139.007095658109,1724422875801,3,-85,-12,-55,3,3f,NaN,0,63.0945409103626
41212,267.92,1,-96.2952097,32.9794898,168.600463867188,139.007095658109,1724422876802,3,-85,-12,-53,3,3f,NaN,0.0114094545154196,63.105950364878
41213,267.92,1,-96.2952096526892,32.9794897053784,168.600479125977,139.016639823715,1724422877808,3,-85,-12,-53,3,3f,NaN,0.0114553700773401,63.1174057349554
41214,267.92,1,-96.295209605188,32.979489610376,168.600494384766,139.026222396425,1724422878806,3,-87,-14,-57,3,3f,NaN,0.00125113587440436,63.1186568708298
41215,267.92,1,-96.2952096,32.9794896,168.600494384766,139.027268990038,1724422879809,3,-87,-14,-57,3,3f,NaN,0,63.1186568708298
41216,267.92,1,-96.2952096,32.9794896,168.600494384766,139.027268990038,1724422880815,3,-86,-12,-57,3,3f,NaN,0,63.1186568708298
41217,267.92,1,-96.2952096,32.9794896,168.600494384766,139.027268990038,1724422881814,3,-86,-12,-57,3,3f,NaN,0,63.1186568708298
41218,267.92,1,-96.2952096,32.9794896,168.600494384766,139.027268990038,1724422882815,3,-86,-13,-55,3,3f,NaN,0,63.1186568708298
41219,267.92,1,-96.2952096,32.9794896,168.600494384766,139.027268990038,1724422883824,3,-86,-13,-55,3,3f,NaN,0,63.1186568708298
41220,267.92,1,-96.2952096,32.9794896,168.600494384766,139.027268990038,1724422884826,3,-87,-11,-59,3,3f,NaN,0,63.1186568708298
41221,267.92,1,-96.2952096,32.9794896,168.600494384766,139.027268990038,1724422885824,3,-87,-11,-59,3,3f,NaN,0,63.1186568708298
41222,267.92,1,-96.2952096,32.9794896,168.600494384766,139.027268990038,1724422886832,3,-87,-11,-59,3,3f,NaN,0,63.1186568708298
41223,267.92,1,-96.2952096,32.9794896,168.600494384766,139.027268990038,1724422887834,4,-88,-12,-57,3,3f,NaN,0.016442329998998,63.1350992008288
41224,267.92,1,-96.295209552531,32.9794894575931,168.600524902344,139.083429425195,1724422888837,4,-88,-12,-57,3,3f,NaN,0.0165084884551627,63.1516076892839
41225,267.92,1,-96.295209504871,32.9794893146132,168.600555419922,139.139815858079,1724422889835,4,-85,-12,-57,3,3f,NaN,0.00168724116960786,63.1532949304535
41226,267.92,1,-96.2952095,32.9794893,168.600570678711,139.145578800117,1724422890837,4,-85,-12,-57,3,3f,NaN,0,63.1532949304535
41227,267.92,1,-96.2952095,32.9794893,168.600570678711,139.145578800117,1724422891839,4,-88,-15,-55,3,3f,NaN,0,63.1532949304535
41228,267.92,1,-96.2952095,32.9794893,168.600570678711,139.145578800117,1724422892838,4,-88,-15,-55,3,3f,NaN,0,63.1532949304535
41229,267.92,1,-96.2952095,32.9794893,168.600570678711,139.145578800117,1724422893841,4,-87,-12,-57,3,3f,NaN,0.0109328851943108,63.1642278156479
41230,267.92,1,-96.2952095,32.9794892016782,168.600601196289,139.145578800117,1724422894849,4,-87,-12,-57,3,3f,NaN,0.000186606810001032,63.1644144224579
41231,267.92,1,-96.2952095,32.9794892,168.600601196289,139.145578800117,1724422895849,5,-90,-14,-57,3,3f,NaN,0,63.1644144224579
41232,267.92,1,-96.2952095,32.9794892,168.600601196289,139.145578800117,1724422896852,5,-90,-14,-57,3,3f,NaN,0,63.1644144224579
41233,267.92,1,-96.2952095,32.9794892,168.600601196289,139.145578800117,1724422897854,5,-88,-13,-53,3,3f,NaN,0,63.1644144224579
41234,267.92,1,-96.2952095,32.9794892,168.600601196289,139.145578800117,1724422898855,5,-88,-13,-53,3,3f,NaN,0.0102513943655361,63.1746658168234
41235,267.92,1,-96.2952094055954,32.9794892472023,168.600540161133,139.089968395443,1724422899856,4,-86,-12,-55,3,3f,NaN,0.010396804716955,63.1850626215404
41236,267.92,1,-96.2952093098517,32.9794892950741,168.600494384766,139.033569190703,1724422900857,4,-86,-12,-55,3,3f,NaN,0.00106979880819058,63.1861324203485
41237,267.92,1,-96.2952093,32.9794893,168.600479125977,139.02776587593,1724422901863,3,-87,-11,-59,3,3f,NaN,0,63.1861324203485
41238,267.92,1,-96.2952093,32.9794893,168.600479125977,139.02776587593,1724422902865,3,-87,-11,-59,3,3f,NaN,0,63.1861324203485
41239,267.92,1,-96.2952093,32.9794893,168.600479125977,139.02776587593,1724422903866,3,-86,-11,-57,3,3f,NaN,0,63.1861324203485
41240,267.92,1,-96.2952093,32.9794893,168.600479125977,139.02776587593,1724422904872,3,-86,-11,-57,3,3f,NaN,0,63.1861324203485
41241,267.92,1,-96.2952093,32.9794893,168.600479125977,139.02776587593,1724422905871,4,-86,-12,-53,3,3f,NaN,0,63.1861324203485
41242,267.92,1,-96.2952093,32.9794893,168.600479125977,139.02776587593,1724422906871,4,-86,-12,-53,3,3f,NaN,0,63.1861324203485
41243,267.92,1,-96.2952093,32.9794893,168.600479125977,139.02776587593,1724422907876,4,-87,-13,-53,3,3f,NaN,0,63.1861324203485
41244,267.92,1,-96.2952093,32.9794893,168.600479125977,139.02776587593,1724422908879,4,-87,-13,-53,3,3f,NaN,0.00875032275946382,63.194882743108
41245,267.92,1,-96.2952092061905,32.9794893,168.600448608398,139.00717271544,1724422909877,4,-86,-12,-57,3,3f,NaN,0.00891022966744696,63.2037929727755
41246,267.92,1,-96.2952091106667,32.9794893,168.600402832031,138.986203233236,1724422910880,4,-86,-12,-57,3,3f,NaN,0.000994964975486759,63.2047879377509
41247,267.92,1,-96.2952091,32.9794893,168.600402832031,138.983861675901,1724422911884,4,-86,-13,-53,3,3f,NaN,0,63.2047879377509
41248,267.92,1,-96.2952091,32.9794893,168.600402832031,138.983861675901,1724422912886,4,-86,-13,-53,3,3f,NaN,0,63.2047879377509
41249,267.92,1,-96.2952091,32.9794893,168.600402832031,138.983861675901,1724422913886,5,-85,-12,-55,3,3f,NaN,0,63.2047879377509
41250,267.92,1,-96.2952091,32.9794893,168.600402832031,138.983861675901,1724422914887,5,-85,-12,-55,3,3f,NaN,0,63.2047879377509
41251,267.92,1,-96.2952091,32.9794893,168.600402832031,138.983861675901,1724422915887,4,-87,-13,-57,3,3f,NaN,0,63.2047879377509
41252,267.92,1,-96.2952091,32.9794893,168.600402832031,138.983861675901,1724422916894,4,-87,-13,-57,3,3f,NaN,0,63.2047879377509
41253,267.92,1,-96.2952091,32.9794893,168.600402832031,138.983861675901,1724422917894,5,-90,-13,-59,3,3f,NaN,0,63.2047879377509
41254,267.92,1,-96.2952091,32.9794893,168.600402832031,138.983861675901,1724422918896,5,-90,-13,-59,3,3f,NaN,0,63.2047879377509
41255,267.92,1,-96.2952091,32.9794893,168.600402832031,138.983861675901,1724422919904,4,-85,-12,-57,3,3f,NaN,0.0136204250218504,63.2184083627728
41256,267.92,1,-96.2952090061553,32.9794892061553,168.600387573242,138.978272373066,1724422920906,4,-85,-12,-57,3,3f,NaN,0.0137578716941924,63.232166234467
41257,267.92,1,-96.2952089113636,32.9794891113636,168.600387573242,138.972626669597,1724422921907,4,-87,-11,-59,3,3f,NaN,0.00164928888384787,63.2338155233508
41258,267.92,1,-96.2952089,32.9794891,168.600387573242,138.971949861988,1724422922908,4,-87,-11,-59,3,3f,NaN,0,63.2338155233508
41259,267.92,1,-96.2952089,32.9794891,168.600387573242,138.971949861988,1724422923910,4,-86,-12,-57,3,3f,NaN,0,63.2338155233508
41260,267.92,1,-96.2952089,32.9794891,168.600387573242,138.971949861988,1724422924912,4,-86,-12,-57,3,3f,NaN,0,63.2338155233508
41261,267.92,1,-96.2952089,32.9794891,168.600387573242,138.971949861988,1724422925916,4,-87,-13,-55,3,3f,NaN,0,63.2338155233508
41262,267.92,1,-96.2952089,32.9794891,168.600387573242,138.971949861988,1724422926916,4,-87,-13,-55,3,3f,NaN,0,63.2338155233508
41263,267.92,1,-96.2952089,32.9794891,168.600387573242,138.971949861988,1724422927916,4,-87,-13,-55,3,3f,NaN,0,63.2338155233508
41264,267.92,1,-96.2952089,32.9794891,168.600387573242,138.971949861988,1724422928924,3,-90,-14,-59,3,3f,NaN,0,63.2338155233508
41265,267.92,1,-96.2952089,32.9794891,168.600387573242,138.971949861988,1724422929924,3,-90,-14,-59,3,3f,NaN,0,63.2338155233508
41266,267.92,1,-96.2952089,32.9794891,168.600387573242,138.971949861988,1724422930927,4,-91,-12,-61,3,3f,NaN,0.0141676246369006,63.2479831479877
41267,267.92,1,-96.2952087588487,32.9794891470504,168.600311279297,138.963798551789,1724422931928,4,-91,-12,-61,3,3f,NaN,0.014310877854232,63.262294025842
41268,267.92,1,-96.2952086162702,32.9794891945766,168.600250244141,138.955564821871,1724422932927,4,-91,-13,-59,3,3f,NaN,0.0016330717162842,63.2639270975582
41269,267.92,1,-96.2952086,32.9794892,168.600234985352,138.954625237076,1724422933934,4,-91,-13,-59,3,3f,NaN,0,63.2639270975582
41270,267.92,1,-96.2952086,32.9794892,168.600234985352,138.954625237076,1724422934935,4,-90,-12,-59,3,3f,NaN,0,63.2639270975582
41271,267.92,1,-96.2952086,32.9794892,168.600234985352,138.954625237076,1724422935938,4,-90,-12,-59,3,3f,NaN,0,63.2639270975582
41272,267.92,1,-96.2952086,32.9794892,168.600234985352,138.954625237076,1724422936943,4,-90,-14,-57,3,3f,NaN,0.00922515219878296,63.273152249757
41273,267.92,1,-96.2952085011,32.9794892,168.600189208984,138.954625237076,1724422937944,4,-90,-14,-57,3,3f,NaN,0.000102605850202773,63.2732548556072
41274,267.92,1,-96.2952085,32.9794892,168.600189208984,138.954625237076,1724422938952,3,-88,-13,-55,3,3f,NaN,0,63.2732548556072
41275,267.92,1,-96.2952085,32.9794892,168.600189208984,138.954625237076,1724422939953,3,-88,-13,-55,3,3f,NaN,0,63.2732548556072
41276,267.92,1,-96.2952085,32.9794892,168.600189208984,138.954625237076,1724422940953,3,-89,-13,-61,3,3f,NaN,0,63.2732548556072
41277,267.92,1,-96.2952085,32.9794892,168.600189208984,138.954625237076,1724422941957,3,-89,-13,-61,3,3f,NaN,0.0179187610980399,63.2911736167053
41278,267.92,1,-96.2952084062351,32.9794893406473,168.600112915039,138.930682476771,1724422942957,3,-91,-12,-59,3,3f,NaN,0.0182462080776588,63.3094198247829
41279,267.92,1,-96.2952083107568,32.9794894838648,168.600021362305,138.90630218379,1724422943960,3,-91,-12,-59,3,3f,NaN,0.00205565819339492,63.3114754829763
41280,267.92,1,-96.2952083,32.9794895,168.600006103516,138.903555450882,1724422944960,4,-92,-12,-63,3,3f,NaN,0,63.3114754829763
41281,267.92,1,-96.2952083,32.9794895,168.600006103516,138.903555450882,1724422945963,4,-92,-12,-63,3,3f,NaN,0,63.3114754829763
41282,267.92,1,-96.2952083,32.9794895,168.600006103516,138.903555450882,1724422946962,4,-86,-11,-59,3,3f,NaN,0.0143541420227507,63.3258296249991
41283,267.92,1,-96.2952082011,32.9794895989,168.59992980957,138.903555450882,1724422947964,4,-86,-11,-59,3,3f,NaN,0.000159651056088646,63.3259892760552
41284,267.92,1,-96.2952082,32.9794896,168.59992980957,138.903555450882,1724422948966,4,-89,-11,-59,3,3f,NaN,0,63.3259892760552
41285,267.92,1,-96.2952082,32.9794896,168.59992980957,138.903555450882,1724422949968,4,-89,-11,-59,3,3f,NaN,0,63.3259892760552
41286,267.92,1,-96.2952082,32.9794896,168.59992980957,138.903555450882,1724422950972,4,-87,-13,-55,3,3f,NaN,0,63.3259892760552
41287,267.92,1,-96.2952082,32.9794896,168.59992980957,138.903555450882,1724422951973,4,-87,-13,-55,3,3f,NaN,0,63.3259892760552
41288,267.92,1,-96.2952082,32.9794896,168.59992980957,138.903555450882,1724422952975,4,-87,-13,-55,3,3f,NaN,0.0104982359525205,63.3364875120077
41289,267.92,1,-96.2952082,32.9794895055871,168.599960327148,138.947554268078,1724422953983,4,-87,-13,-55,3,3f,NaN,0.0105298141686736,63.3470173261763
41290,267.92,1,-96.2952082,32.9794894108902,168.600006103516,138.991685478906,1724422954983,4,-87,-14,-55,3,3f,NaN,0.00121093546760455,63.3482282616439
41291,267.92,1,-96.2952082,32.9794894,168.600006103516,138.996760568151,1724422955984,4,-87,-14,-55,3,3f,NaN,0,63.3482282616439
41292,267.92,1,-96.2952082,32.9794894,168.600006103516,138.996760568151,1724422956984,3,-86,-10,-55,3,3f,NaN,0,63.3482282616439
41293,267.92,1,-96.2952082,32.9794894,168.600006103516,138.996760568151,1724422957990,3,-86,-10,-55,3,3f,NaN,0,63.3482282616439
41294,267.92,1,-96.2952082,32.9794894,168.600006103516,138.996760568151,1724422958991,5,-87,-13,-57,3,3f,NaN,0,63.3482282616439
41295,267.92,1,-96.2952082,32.9794894,168.600006103516,138.996760568151,1724422959993,5,-87,-13,-57,3,3f,NaN,0,63.3482282616439
41296,267.92,1,-96.2952082,32.9794894,168.600006103516,138.996760568151,1724422960998,4,-86,-13,-55,3,3f,NaN,0,63.3482282616439
41297,267.92,1,-96.2952082,32.9794894,168.600006103516,138.996760568151,1724422961998,4,-86,-13,-55,3,3f,NaN,0,63.3482282616439
41298,267.92,1,-96.2952082,32.9794894,168.600006103516,138.996760568151,1724422963002,4,-87,-14,-55,3,3f,NaN,0.0168919164986091,63.3651201781426
41299,267.92,1,-96.295208341774,32.979489305484,168.60009765625,138.961360103785,1724422964004,4,-87,-14,-55,3,3f,NaN,0.0170623664178257,63.3821825445604
41300,267.92,1,-96.2952084849786,32.9794892100143,168.600189208984,138.9256024198,1724422965005,5,-89,-13,-59,3,3f,NaN,0.00178975363897156,63.3839722981994
41301,267.92,1,-96.2952085,32.9794892,168.600189208984,139.017798762711,1724422966008,5,-89,-13,-59,3,3f,NaN,0,63.3839722981994
41302,267.92,1,-96.2952085,32.9794892,168.600189208984,139.019306349787,1724422967008,5,-90,-12,-59,3,3f,NaN,0,63.3839722981994
41303,267.92,1,-96.2952085,32.9794892,168.600189208984,139.019306349787,1724422968009,5,-90,-12,-59,3,3f,NaN,0,63.3839722981994
41304,267.92,1,-96.2952085,32.9794892,168.600189208984,139.019306349787,1724422969015,4,-90,-14,-57,3,3f,NaN,0.00917013772185655,63.3931424359212
41305,267.92,1,-96.2952085983102,32.9794892,168.600234985352,139.019306349787,1724422970017,4,-90,-14,-57,3,3f,NaN,0.000157620327129183,63.3933000562483
41306,267.92,1,-96.2952086,32.9794892,168.600234985352,139.019306349787,1724422971018,4,-90,-13,-59,3,3f,NaN,0,63.3933000562483
41307,267.92,1,-96.2952086,32.9794892,168.600234985352,139.019306349787,1724422972026,4,-90,-13,-59,3,3f,NaN,0,63.3933000562483
41308,267.92,1,-96.2952086,32.9794892,168.600234985352,139.019306349787,1724422973025,3,-89,-12,-57,3,3f,NaN,0,63.3933000562483
41309,267.92,1,-96.2952086,32.9794892,168.600234985352,139.019306349787,1724422974027,3,-89,-12,-57,3,3f,NaN,0.0294162270901826,63.4227162833385
41310,267.92,1,-96.2952084582182,32.979489436303,168.60009765625,139.070369572475,1724422975030,4,-89,-13,-55,3,3f,NaN,0.0297127616298094,63.4524290449683
41311,267.92,1,-96.2952083150072,32.9794896749881,168.599945068359,139.121947545392,1724422976032,4,-89,-13,-55,3,3f,NaN,0.00311361416581729,63.4555426591342
41312,267.92,1,-96.2952083,32.9794897,168.59992980957,139.127352422794,1724422977032,3,-89,-13,-61,3,3f,NaN,0,63.4555426591342
41313,267.92,1,-96.2952083,32.9794897,168.59992980957,139.127352422794,1724422978034,3,-89,-13,-61,3,3f,NaN,0,63.4555426591342
41314,267.92,1,-96.2952083,32.9794897,168.59992980957,139.127352422794,1724422979037,3,-90,-14,-57,3,3f,NaN,0.0109749391802792,63.4665175983144
41315,267.92,1,-96.2952083,32.9794897987,168.599899291992,139.127352422794,1724422980035,3,-90,-14,-57,3,3f,NaN,0.000144553614120197,63.4666621519286
41316,267.92,1,-96.2952083,32.9794898,168.599899291992,139.127352422794,1724422981048,3,-89,-13,-57,3,3f,NaN,0,63.4666621519286
41317,267.92,1,-96.2952083,32.9794898,168.599899291992,139.127352422794,1724422982053,3,-89,-13,-57,3,3f,NaN,0,63.4666621519286
41318,267.92,1,-96.2952083,32.9794898,168.599899291992,139.127352422794,1724422983052,3,-90,-14,-57,3,3f,NaN,0,63.4666621519286
41319,267.92,1,-96.2952083,32.9794898,168.599899291992,139.127352422794,1724422984050,3,-90,-14,-57,3,3f,NaN,0.00479615487815851,63.4714583068067
41320,267.92,1,-96.2952082669545,32.9794898330455,168.599868774414,139.072421607991,1724422985057,3,-91,-13,-57,3,3f,NaN,0.00482989999752416,63.4762882068042
41321,267.92,1,-96.2952082336765,32.9794898663235,168.599853515625,139.017104345244,1724422986059,3,-91,-13,-57,3,3f,NaN,0.00482989403340561,63.4811181008376
41322,267.92,1,-96.2952082003986,32.9794898996015,168.599822998047,138.961787082498,1724422987061,4,-89,-12,-57,3,3f,NaN,5.78435445124231e-05,63.4811759443822
41323,267.92,1,-96.2952082,32.9794899,168.599822998047,138.961124600309,1724422988061,4,-89,-12,-57,3,3f,NaN,0,63.4811759443822
41324,267.92,1,-96.2952082,32.9794899,168.599822998047,138.961124600309,1724422989066,4,-90,-12,-59,3,3f,NaN,0,63.4811759443822
41325,267.92,1,-96.2952082,32.9794899,168.599822998047,138.961124600309,1724422990066,4,-90,-12,-59,3,3f,NaN,0,63.4811759443822
41326,267.92,1,-96.2952082,32.9794899,168.599822998047,138.961124600309,1724422991066,4,-92,-14,-59,3,3f,NaN,0,63.4811759443822
41327,267.92,1,-96.2952082,32.9794899,168.599822998047,138.961124600309,1724422992069,4,-92,-14,-59,3,3f,NaN,0,63.4811759443822
41328,267.92,1,-96.2952082,32.9794899,168.599822998047,138.961124600309,1724422993071,4,-92,-12,-63,3,3f,NaN,0,63.4811759443822
41329,267.92,1,-96.2952082,32.9794899,168.599822998047,138.961124600309,1724422994076,4,-92,-12,-63,3,3f,NaN,0.0372433103112044,63.5184192546934
41330,267.92,1,-96.2952079167382,32.9794901360515,168.599624633789,139.048383828974,1724422995080,3,-90,-11,-59,3,3f,NaN,0.0375818830862112,63.5560011377796
41331,267.92,1,-96.2952076309013,32.9794903742489,168.599426269531,139.136436323354,1724422996079,3,-90,-11,-59,3,3f,NaN,0.00406291030505638,63.5600640480846
41332,267.92,1,-96.2952076,32.9794904,168.599395751953,139.145955511936,1724422997079,3,-88,-11,-59,3,3f,NaN,0,63.5600640480846
41333,267.92,1,-96.2952076,32.9794904,168.599395751953,139.145955511936,1724422998079,3,-88,-11,-59,3,3f,NaN,0,63.5600640480846
41334,267.92,1,-96.2952076,32.9794904,168.599395751953,139.145955511936,1724422999081,4,-90,-11,-59,3,3f,NaN,0,63.5600640480846
41335,267.92,1,-96.2952076,32.9794904,168.599395751953,139.145955511936,1724423000089,4,-90,-11,-59,3,3f,NaN,0,63.5600640480846
41336,267.92,1,-96.2952076,32.9794904,168.599395751953,139.145955511936,1724423001091,4,-91,-11,-63,3,3f,NaN,0.0210360118326677,63.5811000599173
41337,267.92,1,-96.2952076,32.9794905891814,168.599334716797,139.139112312321,1724423002091,4,-91,-11,-63,3,3f,NaN,0.0212702214129656,63.6023702813303
41338,267.92,1,-96.2952076,32.9794907804691,168.599258422852,139.132192923237,1724423003090,4,-92,-12,-61,3,3f,NaN,0.00217173714187665,63.6045420184721
41339,267.92,1,-96.2952076,32.9794908,168.599258422852,139.131486439066,1724423004090,4,-92,-12,-61,3,3f,NaN,0,63.6045420184721
41340,267.92,1,-96.2952076,32.9794908,168.599258422852,139.131486439066,1724423005104,4,-92,-12,-61,3,3f,NaN,0,63.6045420184721
41341,267.92,1,-96.2952076,32.9794908,168.599258422852,139.131486439066,1724423006107,4,-92,-12,-61,3,3f,NaN,0.0109642864308698,63.615506304903
41342,267.92,1,-96.2952076,32.9794908986042,168.599212646484,139.131486439066,1724423007106,3,-89,-13,-59,3,3f,NaN,0.000155206363529533,63.6156615112665
41343,267.92,1,-96.2952076,32.9794909,168.599212646484,139.131486439066,1724423008109,3,-89,-13,-59,3,3f,NaN,0,63.6156615112665
41344,267.92,1,-96.2952076,32.9794909,168.599212646484,139.131486439066,1724423009110,4,-92,-12,-61,3,3f,NaN,0,63.6156615112665
41345,267.92,1,-96.2952076,32.9794909,168.599212646484,139.131486439066,1724423010114,4,-92,-12,-61,3,3f,NaN,0,63.6156615112665
41346,267.92,1,-96.2952076,32.9794909,168.599212646484,139.131486439066,1724423011119,4,-93,-13,-61,3,3f,NaN,0,63.6156615112665
41347,267.92,1,-96.2952076,32.9794909,168.599212646484,139.131486439066,1724423012116,4,-93,-13,-61,3,3f,NaN,0.0425595924292455,63.6582211036958
41348,267.92,1,-96.2952076475826,32.9794905193394,168.599380493164,139.152945183171,1724423013123,4,-95,-12,-65,3,3f,NaN,0.0429021270877212,63.7011232307835
41349,267.92,1,-96.2952076955481,32.9794901356151,168.599533081055,139.174576633466,1724423014125,4,-95,-12,-65,3,3f,NaN,0.00398193108005541,63.7051051618636
41350,267.92,1,-96.2952077,32.9794901,168.599548339844,139.176584342924,1724423015128,4,-93,-12,-63,3,3f,NaN,0,63.7051051618636
41351,267.92,1,-96.2952077,32.9794901,168.599548339844,139.176584342924,1724423016128,4,-93,-12,-63,3,3f,NaN,0,63.7051051618636
41352,267.92,1,-96.2952077,32.9794901,168.599548339844,139.176584342924,1724423017127,4,-89,-12,-57,3,3f,NaN,0.0109753729383023,63.7160805348019
41353,267.92,1,-96.2952077,32.9794900012961,168.599594116211,139.176584342924,1724423018128,4,-89,-12,-57,3,3f,NaN,0.000144119856097077,63.716224654658
41354,267.92,1,-96.2952077,32.97949,168.599594116211,139.176584342924,1724423019133,4,-89,-12,-61,3,3f,NaN,0,63.716224654658
41355,267.92,1,-96.2952077,32.97949,168.599594116211,139.176584342924,1724423020137,4,-89,-12,-61,3,3f,NaN,0,63.716224654658
41356,267.92,1,-96.2952077,32.97949,168.599594116211,139.176584342924,1724423021137,2,-90,-12,-59,3,3f,NaN,0,63.716224654658
41357,267.92,1,-96.2952077,32.97949,168.599594116211,139.176584342924,1724423022138,2,-90,-12,-59,3,3f,NaN,0.00439502610045576,63.7206196807584
41358,267.92,1,-96.2952076528823,32.97949,168.599563598633,139.147279169476,1724423023139,3,-92,-14,-59,3,3f,NaN,0.00444834254193916,63.7250680233004
41359,267.92,1,-96.295207605193,32.97949,168.599548339844,139.117618422639,1724423024140,3,-92,-14,-59,3,3f,NaN,0.000484390647632398,63.725552413948
41360,267.92,1,-96.2952076,32.97949,168.599548339844,139.114388631025,1724423025140,4,-90,-11,-61,3,3f,NaN,0,63.725552413948
41361,267.92,1,-96.2952076,32.97949,168.599548339844,139.114388631025,1724423026147,4,-90,-11,-61,3,3f,NaN,0,63.725552413948
41362,267.92,1,-96.2952076,32.97949,168.599548339844,139.114388631025,1724423027145,6,-89,-11,-59,3,3f,NaN,0,63.725552413948
41363,267.92,1,-96.2952076,32.97949,168.599548339844,139.114388631025,1724423028154,6,-89,-11,-59,3,3f,NaN,0,63.725552413948
41364,267.92,1,-96.2952076,32.97949,168.599548339844,139.114388631025,1724423029155,6,-88,-13,-57,3,3f,NaN,0,63.725552413948
41365,267.92,1,-96.2952076,32.97949,168.599548339844,139.114388631025,1724423030154,6,-88,-13,-57,3,3f,NaN,0,63.725552413948
41366,267.92,1,-96.2952076,32.97949,168.599548339844,139.114388631025,1724423031160,5,-88,-12,-57,3,3f,NaN,0,63.725552413948
41367,267.92,1,-96.2952076,32.97949,168.599548339844,139.114388631025,1724423032160,5,-88,-12,-57,3,3f,NaN,0,63.725552413948
41368,267.92,1,-96.2952076,32.97949,168.599548339844,139.131658079281,1724423033167,4,-93,-13,-61,3,3f,NaN,0,63.725552413948
41369,267.92,1,-96.2952076,32.97949,168.599548339844,139.149066657029,1724423034168,4,-93,-13,-61,3,3f,NaN,0,63.725552413948
41370,267.92,1,-96.2952076,32.97949,168.599548339844,139.166249149352,1724423035172,5,-90,-12,-59,3,3f,NaN,0,63.725552413948
41371,267.92,1,-96.2952076,32.97949,168.599548339844,139.166249149352,1724423036175,5,-90,-12,-59,3,3f,NaN,0,63.725552413948
41372,267.92,1,-96.2952076,32.97949,168.599548339844,139.166249149352,1724423037175,4,-90,-13,-59,3,3f,NaN,0,63.725552413948
41373,267.92,1,-96.2952076,32.97949,168.599548339844,139.166249149352,1724423038177,4,-90,-13,-59,3,3f,NaN,0,63.725552413948
41374,267.92,1,-96.2952076,32.97949,168.599548339844,139.166249149352,1724423039179,5,-92,-12,-61,3,3f,NaN,0,63.725552413948
41375,267.92,1,-96.2952076,32.97949,168.599548339844,139.166249149352,1724423040181,5,-92,-12,-61,3,3f,NaN,0,63.725552413948
41376,267.92,1,-96.2952076,32.97949,168.599548339844,139.166249149352,1724423041182,5,-90,-11,-61,3,3f,NaN,0,63.725552413948
41377,267.92,1,-96.2952076,32.97949,168.599548339844,139.166249149352,1724423042184,5,-90,-11,-61,3,3f,NaN,0,63.725552413948
41378,267.92,1,-96.2952076,32.97949,168.599548339844,139.166249149352,1724423043184,4,-91,-13,-59,3,3f,NaN,0.0261851154009249,63.7517375293489
41379,267.92,1,-96.2952076,32.9794902354884,168.599456787109,139.135982943392,1724423044191,4,-91,-13,-59,3,3f,NaN,0.02626384129699,63.7780013706459
41380,267.92,1,-96.2952076,32.9794904716848,168.599380493164,139.105625756853,1724423045192,4,-90,-11,-59,3,3f,NaN,0.00314850648399438,63.7811498771299
41381,267.92,1,-96.2952076,32.9794905,168.599365234375,139.101986533691,1724423046201,4,-90,-11,-59,3,3f,NaN,0,63.7811498771299
41382,267.92,1,-96.2952076,32.9794905,168.599365234375,139.101986533691,1724423047199,5,-91,-12,-61,3,3f,NaN,0,63.7811498771299
41383,267.92,1,-96.2952076,32.9794905,168.599365234375,139.101986533691,1724423048200,5,-91,-12,-61,3,3f,NaN,0.010996811961904,63.7921466890918
41384,267.92,1,-96.2952076,32.9794905988967,168.599319458008,139.101986533691,1724423049201,5,-91,-12,-61,3,3f,NaN,0.000122680832495333,63.7922693699243
41385,267.92,1,-96.2952076,32.9794906,168.599319458008,139.101986533691,1724423050202,5,-91,-12,-61,3,3f,NaN,0,63.7922693699243
41386,267.92,1,-96.2952076,32.9794906,168.599319458008,139.101986533691,1724423051203,5,-90,-12,-59,3,3f,NaN,0,63.7922693699243
41387,267.92,1,-96.2952076,32.9794906,168.599319458008,139.101986533691,1724423052203,5,-90,-12,-59,3,3f,NaN,0,63.7922693699243
41388,267.92,1,-96.2952076,32.9794906,168.599319458008,139.101986533691,1724423053208,4,-93,-12,-63,3,3f,NaN,0,63.7922693699243
41389,267.92,1,-96.2952076,32.9794906,168.599319458008,139.101986533691,1724423054207,4,-93,-12,-63,3,3f,NaN,0.00439553906006671,63.7966649089844
41390,267.92,1,-96.2952076471232,32.9794906,168.599349975586,139.112965702398,1724423055208,5,-90,-13,-59,3,3f,NaN,0.00446206332325858,63.8011269723076
41391,267.92,1,-96.2952076949596,32.9794906,168.599365234375,139.124111054284,1724423056214,5,-90,-13,-59,3,3f,NaN,0.000470156843317562,63.8015971291509
41392,267.92,1,-96.2952077,32.9794906,168.599365234375,139.125285415417,1724423057213,5,-89,-13,-59,3,3f,NaN,0,63.8015971291509
41393,267.92,1,-96.2952077,32.9794906,168.599365234375,139.125285415417,1724423058223,5,-89,-13,-59,3,3f,NaN,0,63.8015971291509
41394,267.92,1,-96.2952077,32.9794906,168.599365234375,139.125285415417,1724423059224,5,-91,-13,-61,3,3f,NaN,0,63.8015971291509
41395,267.92,1,-96.2952077,32.9794906,168.599365234375,139.125285415417,1724423060227,5,-91,-13,-61,3,3f,NaN,0,63.8015971291509
41396,267.92,1,-96.2952077,32.9794906,168.599365234375,139.125285415417,1724423061233,5,-91,-12,-61,3,3f,NaN,0,63.8015971291509
41397,267.92,1,-96.2952077,32.9794906,168.599365234375,139.125285415417,1724423062233,5,-91,-12,-61,3,3f,NaN,0,63.8015971291509
41398,267.92,1,-96.2952077,32.9794906,168.599365234375,139.125285415417,1724423063235,3,-89,-12,-57,3,3f,NaN,0,63.8015971291509
41399,267.92,1,-96.2952077,32.9794906,168.599365234375,139.125285415417,1724423064242,3,-89,-12,-57,3,3f,NaN,0,63.8015971291509
41400,267.92,1,-96.2952077,32.9794906,168.599365234375,139.125285415417,1724423065241,4,-92,-13,-61,3,3f,NaN,0.0136374938597227,63.8152346230107
41401,267.92,1,-96.2952077939623,32.9794906939623,168.599365234375,139.138703940066,1724423066247,4,-92,-13,-61,3,3f,NaN,0.0137333280421888,63.8289679510529
41402,267.92,1,-96.2952078885849,32.9794907885849,168.599365234375,139.152216771615,1724423067250,4,-91,-14,-59,3,3f,NaN,0.0016567640996108,63.8306247151525
41403,267.92,1,-96.2952079,32.9794908,168.599365234375,139.153846933746,1724423068248,4,-91,-14,-59,3,3f,NaN,0,63.8306247151525
41404,267.92,1,-96.2952079,32.9794908,168.599365234375,139.153846933746,1724423069248,3,-90,-12,-61,3,3f,NaN,0,63.8306247151525
41405,267.92,1,-96.2952079,32.9794908,168.599365234375,139.153846933746,1724423070249,3,-90,-12,-61,3,3f,NaN,0,63.8306247151525
41406,267.92,1,-96.2952079,32.9794908,168.599365234375,139.153846933746,1724423071251,4,-90,-13,-59,3,3f,NaN,0,63.8306247151525
41407,267.92,1,-96.2952079,32.9794908,168.599365234375,139.153846933746,1724423072256,4,-90,-13,-59,3,3f,NaN,0,63.8306247151525
41408,267.92,1,-96.2952079,32.9794908,168.599365234375,139.153846933746,1724423073256,3,-91,-14,-59,3,3f,NaN,0,63.8306247151525
41409,267.92,1,-96.2952079,32.9794908,168.599365234375,139.153846933746,1724423074256,3,-91,-14,-59,3,3f,NaN,0,63.8306247151525
41410,267.92,1,-96.2952079,32.9794908,168.599365234375,139.153846933746,1724423075258,3,-90,-13,-61,3,3f,NaN,0,63.8306247151525
41411,267.92,1,-96.2952079,32.9794908,168.599365234375,139.153846933746,1724423076262,3,-90,-13,-61,3,3f,NaN,0.0162896080879812,63.8469143232405
41412,267.92,1,-96.295207947028,32.9794909410842,168.599334716797,139.144039175186,1724423077264,3,-90,-12,-59,3,3f,NaN,0.016487254518619,63.8634015777591
41413,267.92,1,-96.2952079946267,32.9794910838802,168.599304199219,139.134112414499,1724423078265,3,-90,-12,-59,3,3f,NaN,0.00186119621358838,63.8652627739727
41414,267.92,1,-96.295208,32.9794911,168.599304199219,139.132991811145,1724423079270,4,-90,-12,-61,3,3f,NaN,0,63.8652627739727
41415,267.92,1,-96.295208,32.9794911,168.599304199219,139.132991811145,1724423080270,4,-90,-12,-61,3,3f,NaN,0,63.8652627739727
41416,267.92,1,-96.295208,32.9794911,168.599304199219,139.132991811145,1724423081271,3,-89,-11,-59,3,3f,NaN,0,63.8652627739727
41417,267.92,1,-96.295208,32.9794911,168.599304199219,139.132991811145,1724423082276,3,-89,-11,-59,3,3f,NaN,0.0109863259209517,63.8762490998936
41418,267.92,1,-96.295208,32.9794911988024,168.599258422852,139.132991811145,1724423083279,3,-91,-12,-61,3,3f,NaN,0.000133166873447695,63.8763822667671
41419,267.92,1,-96.295208,32.9794912,168.599258422852,139.132991811145,1724423084285,3,-91,-12,-61,3,3f,NaN,0,63.8763822667671
41420,267.92,1,-96.295208,32.9794912,168.599258422852,139.132991811145,1724423085286,3,-90,-12,-63,3,3f,NaN,0,63.8763822667671
41421,267.92,1,-96.295208,32.9794912,168.599258422852,139.132991811145,1724423086285,3,-90,-12,-63,3,3f,NaN,0,63.8763822667671
41422,267.92,1,-96.295208,32.9794912,168.599258422852,139.132991811145,1724423087287,3,-90,-12,-59,3,3f,NaN,0,63.8763822667671
41423,267.92,1,-96.295208,32.9794912,168.599258422852,139.132991811145,1724423088288,3,-90,-12,-59,3,3f,NaN,0.015684055675773,63.8920663224428
41424,267.92,1,-96.295208,32.9794910589499,168.599319458008,139.204200799909,1724423089289,3,-92,-13,-61,3,3f,NaN,0.0160184404468749,63.9080847628897
41425,267.92,1,-96.295208,32.9794909148926,168.599365234375,139.276927949855,1724423090295,3,-92,-13,-61,3,3f,NaN,0.0016559814704627,63.9097407443602
41426,267.92,1,-96.295208,32.9794909,168.599380493164,139.284446462374,1724423091298,3,-91,-13,-59,3,3f,NaN,0,63.9097407443602
41427,267.92,1,-96.295208,32.9794909,168.599380493164,139.284446462374,1724423092297,3,-91,-13,-59,3,3f,NaN,0,63.9097407443602
41428,267.92,1,-96.295208,32.9794909,168.599380493164,139.284446462374,1724423093302,3,-91,-12,-61,3,3f,NaN,0,63.9097407443602
41429,267.92,1,-96.295208,32.9794909,168.599380493164,139.284446462374,1724423094301,3,-91,-12,-61,3,3f,NaN,0,63.9097407443602
41430,267.92,1,-96.295208,32.9794909,168.599380493164,139.284446462374,1724423095302,4,-90,-13,-57,3,3f,NaN,0,63.9097407443602
41431,267.92,1,-96.295208,32.9794909,168.599380493164,139.284446462374,1724423096309,4,-90,-13,-57,3,3f,NaN,0,63.9097407443602
41432,267.92,1,-96.295208,32.9794909,168.599380493164,139.284446462374,1724423097311,4,-90,-11,-59,3,3f,NaN,0,63.9097407443602
41433,267.92,1,-96.295208,32.9794909,168.599380493164,139.284446462374,1724423098317,4,-90,-11,-59,3,3f,NaN,0.011322312136108,63.9210630564963
41434,267.92,1,-96.2952080469495,32.9794909938989,168.599365234375,139.263333850992,1724423099317,4,-88,-12,-59,3,3f,NaN,0.0115062413899489,63.9325692978862
41435,267.92,1,-96.2952080946616,32.9794910893232,168.599334716797,139.241878293639,1724423100318,4,-88,-12,-59,3,3f,NaN,0.00128740615939598,63.9338567040456
41436,267.92,1,-96.2952081,32.9794911,168.599334716797,139.239477671837,1724423101321,4,-88,-10,-57,3,3f,NaN,0,63.9338567040456
41437,267.92,1,-96.2952081,32.9794911,168.599334716797,139.239477671837,1724423102321,4,-88,-10,-57,3,3f,NaN,0,63.9338567040456
41438,267.92,1,-96.2952081,32.9794911,168.599334716797,139.239477671837,1724423103321,4,-90,-12,-57,3,3f,NaN,0,63.9338567040456
41439,267.92,1,-96.2952081,32.9794911,168.599334716797,139.239477671837,1724423104329,4,-90,-12,-57,3,3f,NaN,0.0179925898329346,63.9518492938786
41440,267.92,1,-96.2952080058488,32.9794912412268,168.599243164063,139.2487061097,1724423105330,3,-90,-13,-59,3,3f,NaN,0.018210690690675,63.9700599845692
41441,267.92,1,-96.2952079105563,32.9794913841655,168.599166870117,139.258046407416,1724423106332,3,-90,-13,-59,3,3f,NaN,0.00201734733912265,63.9720773319084
41442,267.92,1,-96.2952079,32.9794914,168.599151611328,139.259081111055,1724423107335,3,-90,-12,-61,3,3f,NaN,0,63.9720773319084
41443,267.92,1,-96.2952079,32.9794914,168.599151611328,139.259081111055,1724423108336,3,-90,-12,-61,3,3f,NaN,0,63.9720773319084
41444,267.92,1,-96.2952079,32.9794914,168.599151611328,139.259081111055,1724423109338,3,-91,-12,-61,3,3f,NaN,0,63.9720773319084
41445,267.92,1,-96.2952079,32.9794914,168.599151611328,139.259081111055,1724423110341,3,-91,-12,-61,3,3f,NaN,0.0367328907805853,64.008810222689
41446,267.92,1,-96.2952078531429,32.979491728,168.599014282227,139.231255881606,1724423111338,3,-90,-12,-63,3,3f,NaN,0.037516826038018,64.046327048727
41447,267.92,1,-96.2952078052857,32.979492063,168.598861694336,139.20283682104,1724423112343,3,-90,-12,-63,3,3f,NaN,0.00414364911519301,64.0504706978422
41448,267.92,1,-96.2952078,32.9794921,168.598846435547,139.199697999425,1724423113344,3,-90,-12,-61,3,3f,NaN,0,64.0504706978422
41449,267.92,1,-96.2952078,32.9794921,168.598846435547,139.199697999425,1724423114345,3,-90,-12,-61,3,3f,NaN,0,64.0504706978422
41450,267.92,1,-96.2952078,32.9794921,168.598846435547,139.199697999425,1724423115350,3,-89,-11,-61,3,3f,NaN,0.0219726510518158,64.072443348894
41451,267.92,1,-96.2952078,32.9794922976048,168.598785400391,139.199697999425,1724423116352,3,-89,-11,-61,3,3f,NaN,0.00026633374689539,64.0727096826409
41452,267.92,1,-96.2952078,32.9794923,168.598770141602,139.199697999425,1724423117354,3,-90,-13,-59,3,3f,NaN,0,64.0727096826409
41453,267.92,1,-96.2952078,32.9794923,168.598770141602,139.199697999425,1724423118357,3,-90,-13,-59,3,3f,NaN,0,64.0727096826409
41454,267.92,1,-96.2952078,32.9794923,168.598770141602,139.199697999425,1724423119357,3,-92,-13,-63,3,3f,NaN,0,64.0727096826409
41455,267.92,1,-96.2952078,32.9794923,168.598770141602,139.199697999425,1724423120357,3,-92,-13,-63,3,3f,NaN,0,64.0727096826409
41456,267.92,1,-96.2952078,32.9794923,168.598770141602,139.199697999425,1724423121365,3,-88,-11,-57,3,3f,NaN,0.00667621193525293,64.0793858945761
41457,267.92,1,-96.2952077284264,32.9794923,168.598754882813,139.190686633517,1724423122366,3,-88,-11,-57,3,3f,NaN,0.0067776711774905,64.0861635657536
41458,267.92,1,-96.2952076557651,32.9794923,168.598724365234,139.181538316759,1724423123368,3,-88,-11,-57,3,3f,NaN,0.00520163365580937,64.0913651994094
41459,267.92,1,-96.2952076,32.9794923,168.598693847656,139.1745173032,1724423124368,3,-88,-12,-61,3,3f,NaN,0,64.0913651994094
41460,267.92,1,-96.2952076,32.9794923,168.598693847656,139.1745173032,1724423125369,3,-88,-12,-61,3,3f,NaN,0,64.0913651994094
41461,267.92,1,-96.2952076,32.9794923,168.598693847656,139.1745173032,1724423126376,3,-89,-12,-59,3,3f,NaN,0,64.0913651994094
41462,267.92,1,-96.2952076,32.9794923,168.598693847656,139.1745173032,1724423127377,3,-89,-12,-59,3,3f,NaN,0,64.0913651994094
41463,267.92,1,-96.2952076,32.9794923,168.598693847656,139.1745173032,1724423128383,3,-90,-13,-59,3,3f,NaN,0,64.0913651994094
41464,267.92,1,-96.2952076,32.9794923,168.598693847656,139.1745173032,1724423129384,3,-90,-13,-59,3,3f,NaN,0,64.0913651994094
41465,267.92,1,-96.2952076,32.9794923,168.598693847656,139.1745173032,1724423130384,3,-88,-12,-55,3,3f,NaN,0,64.0913651994094
41466,267.92,1,-96.2952076,32.9794923,168.598693847656,139.1745173032,1724423131387,3,-88,-12,-55,3,3f,NaN,0.0422218420751847,64.1335870414846
41467,267.92,1,-96.295207647205,32.9794926776397,168.598571777344,139.215411374339,1724423132388,3,-89,-12,-59,3,3f,NaN,0.0428201410266581,64.1764071825113
41468,267.92,1,-96.2952076950788,32.9794930606307,168.598449707031,139.256884916121,1724423133390,3,-89,-12,-59,3,3f,NaN,0.00440166747094422,64.1808088499822
41469,267.92,1,-96.2952077,32.9794931,168.598434448242,139.261148164428,1724423134396,3,-89,-12,-59,3,3f,NaN,0,64.1808088499822
41470,267.92,1,-96.2952077,32.9794931,168.598434448242,139.261148164428,1724423135398,3,-89,-10,-63,3,3f,NaN,0,64.1808088499822
41471,267.92,1,-96.2952077,32.9794931,168.598434448242,139.261148164428,1724423136403,3,-89,-10,-63,3,3f,NaN,0,64.1808088499822
41472,267.92,1,-96.2952077,32.9794931,168.598434448242,139.261148164428,1724423137403,4,-90,-13,-59,3,3f,NaN,0.0220376223150494,64.2028464722973
41473,267.92,1,-96.2952077,32.9794932981891,168.598373413086,139.261148164428,1724423138405,4,-90,-13,-59,3,3f,NaN,0.000201363273749319,64.203047835571
41474,267.92,1,-96.2952077,32.9794933,168.598373413086,139.261148164428,1724423139406,3,-89,-14,-57,3,3f,NaN,0,64.203047835571
41475,267.92,1,-96.2952077,32.9794933,168.598373413086,139.261148164428,1724423140406,3,-89,-14,-57,3,3f,NaN,0,64.203047835571
41476,267.92,1,-96.2952077,32.9794933,168.598373413086,139.261148164428,1724423141409,4,-89,-12,-61,3,3f,NaN,0,64.203047835571
41477,267.92,1,-96.2952077,32.9794933,168.598373413086,139.261148164428,1724423142413,4,-89,-12,-61,3,3f,NaN,0,64.203047835571
41478,267.92,1,-96.2952077,32.9794933,168.598373413086,139.261148164428,1724423143416,5,-91,-11,-63,3,3f,NaN,0.0383024000555918,64.2413502356266
41479,267.92,1,-96.2952074647338,32.9794935823194,168.598159790039,139.258494222339,1724423144418,5,-91,-11,-63,3,3f,NaN,0.0388053563309101,64.2801555919575
41480,267.92,1,-96.2952072263783,32.979493868346,168.597961425781,139.255805430506,1724423145421,5,-89,-13,-57,3,3f,NaN,0.00429451093083142,64.2844501028883
41481,267.92,1,-96.2952072,32.9794939,168.597946166992,139.255507867302,1724423146425,5,-89,-13,-57,3,3f,NaN,0,64.2844501028883
41482,267.92,1,-96.2952072,32.9794939,168.597946166992,139.255507867302,1724423147422,4,-88,-12,-59,3,3f,NaN,0,64.2844501028883
41483,267.92,1,-96.2952072,32.9794939,168.597946166992,139.255507867302,1724423148427,4,-88,-12,-59,3,3f,NaN,0.0143410060533065,64.2987911089416
41484,267.92,1,-96.2952071011905,32.9794939988095,168.597869873047,139.255507867302,1724423149438,4,-89,-13,-57,3,3f,NaN,0.000172786726800894,64.2989638956684
41485,267.92,1,-96.2952071,32.979494,168.597869873047,139.255507867302,1724423150438,4,-89,-13,-57,3,3f,NaN,0,64.2989638956684
41486,267.92,1,-96.2952071,32.979494,168.597869873047,139.255507867302,1724423151440,4,-89,-11,-63,3,3f,NaN,0,64.2989638956684
41487,267.92,1,-96.2952071,32.979494,168.597869873047,139.255507867302,1724423152440,4,-89,-11,-63,3,3f,NaN,0,64.2989638956684
41488,267.92,1,-96.2952071,32.979494,168.597869873047,139.255507867302,1724423153441,3,-89,-11,-61,3,3f,NaN,0.016938598385933,64.3159024940544
41489,267.92,1,-96.2952072421658,32.9794940947772,168.597885131836,139.224963911578,1724423154443,3,-89,-11,-61,3,3f,NaN,0.0171269907169653,64.3330294847713
41490,267.92,1,-96.2952073859128,32.9794941906085,168.597915649414,139.194080235417,1724423155443,3,-89,-12,-59,3,3f,NaN,0.00167844626157154,64.3347079310329
41491,267.92,1,-96.2952074,32.9794942,168.597915649414,139.191053635153,1724423156448,3,-89,-12,-59,3,3f,NaN,0,64.3347079310329
41492,267.92,1,-96.2952074,32.9794942,168.597915649414,139.191053635153,1724423157450,3,-88,-13,-57,3,3f,NaN,0,64.3347079310329
41493,267.92,1,-96.2952074,32.9794942,168.597915649414,139.191053635153,1724423158456,3,-88,-13,-57,3,3f,NaN,0.00921571373085441,64.3439236447637
41494,267.92,1,-96.2952074987988,32.9794942,168.597946166992,139.191053635153,1724423159456,3,-90,-13,-59,3,3f,NaN,0.000112045115481551,64.3440356898792
41495,267.92,1,-96.2952075,32.9794942,168.597946166992,139.191053635153,1724423160459,3,-90,-13,-59,3,3f,NaN,0,64.3440356898792
41496,267.92,1,-96.2952075,32.9794942,168.597946166992,139.191053635153,1724423161459,3,-88,-12,-57,3,3f,NaN,0,64.3440356898792
41497,267.92,1,-96.2952075,32.9794942,168.597946166992,139.191053635153,1724423162464,3,-88,-12,-57,3,3f,NaN,0,64.3440356898792
41498,267.92,1,-96.2952075,32.9794942,168.597946166992,139.191053635153,1724423163466,4,-90,-13,-59,3,3f,NaN,0.0427849970489618,64.3868206869282
41499,267.92,1,-96.2952074058544,32.9794945765826,168.597778320313,139.17831740856,1724423164466,4,-90,-13,-59,3,3f,NaN,0.0432608584528546,64.430081545381
41500,267.92,1,-96.2952073106616,32.9794949573536,168.597595214844,139.165439525251,1724423165466,4,-90,-13,-61,3,3f,NaN,0.00484522121919855,64.4349267666002
41501,267.92,1,-96.2952073,32.979495,168.597579956055,139.16399720232,1724423166471,4,-90,-13,-61,3,3f,NaN,0,64.4349267666002
41502,267.92,1,-96.2952073,32.979495,168.597579956055,139.16399720232,1724423167472,3,-89,-12,-59,3,3f,NaN,0,64.4349267666002
41503,267.92,1,-96.2952073,32.979495,168.597579956055,139.16399720232,1724423168480,3,-89,-12,-59,3,3f,NaN,0,64.4349267666002
41504,267.92,1,-96.2952073,32.979495,168.597579956055,139.16399720232,1724423169478,4,-90,-13,-59,3,3f,NaN,0.022016595717109,64.4569433623173
41505,267.92,1,-96.2952073,32.979495198,168.597503662109,139.16399720232,1724423170480,4,-90,-13,-59,3,3f,NaN,0.000222389871689736,64.457165752189
41506,267.92,1,-96.2952073,32.9794952,168.597503662109,139.16399720232,1724423171484,4,-90,-13,-59,3,3f,NaN,0,64.457165752189
41507,267.92,1,-96.2952073,32.9794952,168.597503662109,139.16399720232,1724423172486,3,-90,-14,-59,3,3f,NaN,0,64.457165752189
41508,267.92,1,-96.2952073,32.9794952,168.597503662109,139.16399720232,1724423173496,3,-90,-14,-59,3,3f,NaN,0,64.457165752189
41509,267.92,1,-96.2952073,32.9794952,168.597503662109,139.16399720232,1724423174498,3,-90,-12,-61,3,3f,NaN,0.0313719140425575,64.4885376662316
41510,267.92,1,-96.2952073,32.9794954821344,168.597396850586,139.173433358893,1724423175497,3,-90,-12,-61,3,3f,NaN,0.0318486836376639,64.5203863498693
41511,267.92,1,-96.2952073,32.9794957685565,168.597290039063,139.183012922101,1724423176499,3,-89,-13,-59,3,3f,NaN,0.00349635829608724,64.5238827081653
41512,267.92,1,-96.2952073,32.9794958,168.597274780273,139.184064570757,1724423177502,3,-89,-13,-59,3,3f,NaN,0,64.5238827081653
41513,267.92,1,-96.2952073,32.9794958,168.597274780273,139.184064570757,1724423178497,4,-89,-12,-61,3,3f,NaN,0,64.5238827081653
41514,267.92,1,-96.2952073,32.9794958,168.597274780273,139.184064570757,1724423179504,4,-89,-12,-61,3,3f,NaN,0,64.5238827081653
41515,267.92,1,-96.2952073,32.9794958,168.597274780273,139.184064570757,1724423180507,4,-89,-13,-59,3,3f,NaN,0.0219948453990425,64.5458775535644
41516,267.92,1,-96.2952073,32.9794959978044,168.597198486328,139.184064570757,1724423181507,4,-89,-13,-59,3,3f,NaN,0.000244139399668687,64.546121692964
41517,267.92,1,-96.2952073,32.979496,168.597198486328,139.184064570757,1724423182511,3,-89,-13,-59,3,3f,NaN,0,64.546121692964
41518,267.92,1,-96.2952073,32.979496,168.597198486328,139.184064570757,1724423183511,3,-89,-13,-59,3,3f,NaN,0,64.546121692964
41519,267.92,1,-96.2952073,32.979496,168.597198486328,139.184064570757,1724423184517,3,-89,-13,-57,3,3f,NaN,0,64.546121692964
41520,267.92,1,-96.2952073,32.979496,168.597198486328,139.184064570757,1724423185519,3,-89,-13,-57,3,3f,NaN,0.0113190330474146,64.5574407260115
41521,267.92,1,-96.2952073469359,32.9794960938717,168.597183227539,139.158239511625,1724423186520,4,-89,-12,-59,3,3f,NaN,0.0115596230900251,64.5690003491015
41522,267.92,1,-96.2952073948694,32.9794961897387,168.59716796875,139.131865539292,1724423187529,4,-89,-12,-59,3,3f,NaN,0.00123730406822475,64.5702376531697
41523,267.92,1,-96.2952074,32.9794962,168.59716796875,139.12904255712,1724423188528,4,-89,-11,-59,3,3f,NaN,0,64.5702376531697
41524,267.92,1,-96.2952074,32.9794962,168.59716796875,139.12904255712,1724423189529,4,-89,-11,-59,3,3f,NaN,0,64.5702376531697
41525,267.92,1,-96.2952074,32.9794962,168.59716796875,139.12904255712,1724423190531,4,-89,-11,-59,3,3f,NaN,0,64.5702376531697
41526,267.92,1,-96.2952074,32.9794962,168.59716796875,139.12904255712,1724423191531,4,-88,-11,-57,3,3f,NaN,0.0109424705355431,64.5811801237053
41527,267.92,1,-96.2952074,32.979496298408,168.597137451172,139.12904255712,1724423192531,4,-88,-11,-57,3,3f,NaN,0.000177022258856283,64.5813571459641
41528,267.92,1,-96.2952074,32.9794963,168.597137451172,139.12904255712,1724423193533,3,-91,-12,-61,3,3f,NaN,0,64.5813571459641
41529,267.92,1,-96.2952074,32.9794963,168.597137451172,139.12904255712,1724423194545,3,-91,-12,-61,3,3f,NaN,0,64.5813571459641
41530,267.92,1,-96.2952074,32.9794963,168.597137451172,139.12904255712,1724423195544,3,-89,-13,-59,3,3f,NaN,0,64.5813571459641
41531,267.92,1,-96.2952074,32.9794963,168.597137451172,139.12904255712,1724423196546,3,-89,-13,-59,3,3f,NaN,0,64.5813571459641
41532,267.92,1,-96.2952074,32.9794963,168.597137451172,139.343035140103,1724423197547,4,-89,-13,-57,3,3f,NaN,0,64.5813571459641
41533,267.92,1,-96.2952074,32.9794963,168.597137451172,139.559405418453,1724423198548,4,-89,-13,-57,3,3f,NaN,0,64.5813571459641
41534,267.92,1,-96.2952074,32.9794963,168.597137451172,139.583614680366,1724423199548,4,-90,-12,-61,3,3f,NaN,0,64.5813571459641
41535,267.92,1,-96.2952074,32.9794963,168.597137451172,139.583614680366,1724423200558,4,-90,-12,-61,3,3f,NaN,0,64.5813571459641
41536,267.92,1,-96.2952074,32.9794963,168.597137451172,139.583614680366,1724423201559,4,-88,-12,-59,3,3f,NaN,0,64.5813571459641
41537,267.92,1,-96.2952074,32.9794963,168.597137451172,139.583614680366,1724423202559,4,-88,-12,-59,3,3f,NaN,0,64.5813571459641
41538,267.92,1,-96.2952074,32.9794963,168.597137451172,139.583614680366,1724423203560,4,-90,-11,-61,3,3f,NaN,0,64.5813571459641
41539,267.92,1,-96.2952074,32.9794963,168.597137451172,139.583614680366,1724423204567,4,-90,-11,-61,3,3f,NaN,0,64.5813571459641
41540,267.92,1,-96.2952074,32.9794963,168.597137451172,139.583614680366,1724423205570,3,-89,-11,-59,3,3f,NaN,0,64.5813571459641
41541,267.92,1,-96.2952074,32.9794963,168.597137451172,139.583614680366,1724423206570,3,-89,-11,-59,3,3f,NaN,0,64.5813571459641
41542,267.92,1,-96.2952074,32.9794963,168.597137451172,139.583614680366,1724423207579,3,-89,-13,-57,3,3f,NaN,0.00682879790452941,64.5881859438686
41543,267.92,1,-96.2952074470504,32.9794962529496,168.59716796875,139.560360073354,1724423208577,3,-89,-13,-57,3,3f,NaN,0.00692547421125636,64.5951114180799
41544,267.92,1,-96.2952074947669,32.9794962052331,168.597213745117,139.536776280802,1724423209580,3,-91,-14,-59,3,3f,NaN,0.000759521360076992,64.59587093944
41545,267.92,1,-96.2952075,32.9794962,168.597213745117,139.534189822995,1724423210581,3,-91,-14,-59,3,3f,NaN,0,64.59587093944
41546,267.92,1,-96.2952075,32.9794962,168.597213745117,139.534189822995,1724423211580,4,-89,-13,-59,3,3f,NaN,0,64.59587093944
41547,267.92,1,-96.2952075,32.9794962,168.597213745117,139.534189822995,1724423212584,4,-89,-13,-59,3,3f,NaN,0,64.59587093944
41548,267.92,1,-96.2952075,32.9794962,168.597213745117,139.534189822995,1724423213584,3,-89,-13,-59,3,3f,NaN,0,64.59587093944
41549,267.92,1,-96.2952075,32.9794962,168.597213745117,139.534189822995,1724423214586,3,-89,-13,-59,3,3f,NaN,0,64.59587093944
41550,267.92,1,-96.2952075,32.9794962,168.597213745117,139.534189822995,1724423215586,4,-89,-14,-57,3,3f,NaN,0,64.59587093944
41551,267.92,1,-96.2952075,32.9794962,168.597213745117,139.534189822995,1724423216588,4,-89,-14,-57,3,3f,NaN,0,64.59587093944
41552,267.92,1,-96.2952075,32.9794962,168.597213745117,139.534189822995,1724423217587,3,-89,-13,-59,3,3f,NaN,0,64.59587093944
41553,267.92,1,-96.2952075,32.9794962,168.597213745117,139.534189822995,1724423218599,3,-89,-13,-59,3,3f,NaN,0.0276037046637127,64.6234746441037
41554,267.92,1,-96.2952074058599,32.9794959646498,168.597259521484,139.394823862586,1724423219601,3,-89,-12,-59,3,3f,NaN,0.0279668967565437,64.6514415408602
41555,267.92,1,-96.2952073104812,32.979495726203,168.597305297852,139.25362413954,1724423220602,3,-89,-12,-59,3,3f,NaN,0.00307329160699832,64.6545148324672
41556,267.92,1,-96.2952073,32.9794957,168.597320556641,139.238107686458,1724423221602,3,-89,-12,-59,3,3f,NaN,0,64.6545148324672
41557,267.92,1,-96.2952073,32.9794957,168.597320556641,139.238107686458,1724423222607,3,-89,-12,-59,3,3f,NaN,0,64.6545148324672
41558,267.92,1,-96.2952073,32.9794957,168.597320556641,139.238107686458,1724423223613,3,-89,-12,-59,3,3f,NaN,0.010964598515422,64.6654794309827
41559,267.92,1,-96.2952073,32.979495601393,168.597351074219,139.238107686458,1724423224614,3,-90,-13,-59,3,3f,NaN,0.000154894278977379,64.6656343252616
41560,267.92,1,-96.2952073,32.9794956,168.597351074219,139.238107686458,1724423225614,3,-90,-13,-59,3,3f,NaN,0,64.6656343252616
41561,267.92,1,-96.2952073,32.9794956,168.597351074219,139.238107686458,1724423226615,3,-90,-13,-59,3,3f,NaN,0,64.6656343252616
41562,267.92,1,-96.2952073,32.9794956,168.597351074219,139.238107686458,1724423227617,3,-91,-12,-61,3,3f,NaN,0,64.6656343252616
41563,267.92,1,-96.2952073,32.9794956,168.597351074219,139.238107686458,1724423228617,3,-91,-12,-61,3,3f,NaN,0,64.6656343252616
41564,267.92,1,-96.2952073,32.9794956,168.597351074219,139.238107686458,1724423229622,5,-89,-13,-55,3,3f,NaN,0.0168616773118733,64.6824960025735
41565,267.92,1,-96.2952071584798,32.9794955056532,168.597320556641,139.356502916619,1724423230626,5,-89,-13,-55,3,3f,NaN,0.016963561502933,64.6994595640764
41566,267.92,1,-96.2952070161045,32.9794954107363,168.597305297852,139.475613525814,1724423231625,4,-89,-12,-61,3,3f,NaN,0.00191879669387625,64.7013783607703
41567,267.92,1,-96.295207,32.9794954,168.597305297852,139.489086497625,1724423232633,4,-89,-12,-61,3,3f,NaN,0,64.7013783607703
41568,267.92,1,-96.295207,32.9794954,168.597305297852,139.489086497625,1724423233632,4,-90,-11,-61,3,3f,NaN,0,64.7013783607703
41569,267.92,1,-96.295207,32.9794954,168.597305297852,139.489086497625,1724423234634,4,-90,-11,-61,3,3f,NaN,0.00920577062407797,64.7105841313944
41570,267.92,1,-96.2952069013078,32.9794954,168.597259521484,139.489086497625,1724423235635,4,-90,-14,-57,3,3f,NaN,0.000121988095489022,64.7107061194899
41571,267.92,1,-96.2952069,32.9794954,168.597259521484,139.489086497625,1724423236636,4,-90,-14,-57,3,3f,NaN,0,64.7107061194899
41572,267.92,1,-96.2952069,32.9794954,168.597259521484,139.489086497625,1724423237643,4,-89,-12,-59,3,3f,NaN,0,64.7107061194899
41573,267.92,1,-96.2952069,32.9794954,168.597259521484,139.489086497625,1724423238646,4,-89,-12,-59,3,3f,NaN,0,64.7107061194899
41574,267.92,1,-96.2952069,32.9794954,168.597259521484,139.489086497625,1724423239647,3,-89,-12,-59,3,3f,NaN,0.0114233443788951,64.7221294638688
41575,267.92,1,-96.2952068526316,32.9794953052632,168.597274780273,139.385726035579,1724423240650,3,-89,-12,-59,3,3f,NaN,0.0115387391856225,64.7336682030544
41576,267.92,1,-96.2952068047847,32.9794952095694,168.597290039063,139.281321528463,1724423241650,3,-90,-12,-59,3,3f,NaN,0.00115387594523341,64.7348220789996
41577,267.92,1,-96.2952068,32.9794952,168.597290039063,139.270881077751,1724423242652,3,-90,-12,-59,3,3f,NaN,0,64.7348220789996
41578,267.92,1,-96.2952068,32.9794952,168.597290039063,139.270881077751,1724423243656,3,-90,-12,-59,3,3f,NaN,0,64.7348220789996
41579,267.92,1,-96.2952068,32.9794952,168.597290039063,139.270881077751,1724423244656,3,-90,-12,-59,3,3f,NaN,0,64.7348220789996
41580,267.92,1,-96.2952068,32.9794952,168.597290039063,139.270881077751,1724423245658,4,-89,-13,-59,3,3f,NaN,0,64.7348220789996
41581,267.92,1,-96.2952068,32.9794952,168.597290039063,139.270881077751,1724423246661,4,-89,-13,-59,3,3f,NaN,0,64.7348220789996
41582,267.92,1,-96.2952068,32.9794952,168.597290039063,139.270881077751,1724423247663,3,-90,-14,-59,3,3f,NaN,0,64.7348220789996
41583,267.92,1,-96.2952068,32.9794952,168.597290039063,139.270881077751,1724423248664,3,-90,-14,-59,3,3f,NaN,0,64.7348220789996
41584,267.92,1,-96.2952068,32.9794952,168.597290039063,139.270881077751,1724423249669,3,-89,-13,-59,3,3f,NaN,0,64.7348220789996
41585,267.92,1,-96.2952068,32.9794952,168.597290039063,139.270881077751,1724423250672,3,-89,-13,-59,3,3f,NaN,0,64.7348220789996
41586,267.92,1,-96.2952068,32.9794952,168.597290039063,139.270881077751,1724423251674,3,-89,-14,-57,3,3f,NaN,0.010183851438808,64.7450059304385
41587,267.92,1,-96.2952067062174,32.9794951531087,168.597274780273,139.275868076168,1724423252675,3,-89,-14,-57,3,3f,NaN,0.0103384698060282,64.7553444002445
41588,267.92,1,-96.2952066110109,32.9794951055055,168.597244262695,139.280930788124,1724423253678,4,-89,-11,-59,3,3f,NaN,0.00119567597958527,64.7565400762241
41589,267.92,1,-96.2952066,32.9794951,168.597244262695,139.281516306157,1724423254680,4,-89,-11,-59,3,3f,NaN,0,64.7565400762241
41590,267.92,1,-96.2952066,32.9794951,168.597244262695,139.281516306157,1724423255682,3,-90,-13,-57,3,3f,NaN,0,64.7565400762241
41591,267.92,1,-96.2952066,32.9794951,168.597244262695,139.281516306157,1724423256692,3,-90,-13,-57,3,3f,NaN,0,64.7565400762241
41592,267.92,1,-96.2952066,32.9794951,168.597244262695,139.281516306157,1724423257692,3,-90,-11,-63,3,3f,NaN,0,64.7565400762241
41593,267.92,1,-96.2952066,32.9794951,168.597244262695,139.281516306157,1724423258693,3,-90,-11,-63,3,3f,NaN,0,64.7565400762241
41594,267.92,1,-96.2952066,32.9794951,168.597244262695,139.281516306157,1724423259695,3,-89,-12,-59,3,3f,NaN,0,64.7565400762241
41595,267.92,1,-96.2952066,32.9794951,168.597244262695,139.281516306157,1724423260696,3,-89,-12,-59,3,3f,NaN,0,64.7565400762241
41596,267.92,1,-96.2952066,32.9794951,168.597244262695,139.281516306157,1724423261696,3,-91,-13,-59,3,3f,NaN,0,64.7565400762241
41597,267.92,1,-96.2952066,32.9794951,168.597244262695,139.281516306157,1724423262699,3,-91,-13,-59,3,3f,NaN,0.0113635363688726,64.7679036125929
41598,267.92,1,-96.2952065528796,32.9794951942408,168.597198486328,139.376402177854,1724423263703,4,-88,-12,-59,3,3f,NaN,0.0114668504847071,64.7793704630777
41599,267.92,1,-96.2952065053308,32.9794952893384,168.597137451172,139.472150648385,1724423264702,4,-88,-12,-59,3,3f,NaN,0.00128557338885175,64.7806560364665
41600,267.92,1,-96.2952065,32.9794953,168.597137451172,139.482885211648,1724423265705,3,-89,-12,-61,3,3f,NaN,0,64.7806560364665
41601,267.92,1,-96.2952065,32.9794953,168.597137451172,139.482885211648,1724423266706,3,-89,-12,-61,3,3f,NaN,0,64.7806560364665
41602,267.92,1,-96.2952065,32.9794953,168.597137451172,139.482885211648,1724423267712,3,-90,-13,-57,3,3f,NaN,0,64.7806560364665
41603,267.92,1,-96.2952065,32.9794953,168.597137451172,139.482885211648,1724423268714,3,-90,-13,-57,3,3f,NaN,0,64.7806560364665
41604,267.92,1,-96.2952065,32.9794953,168.597137451172,139.482885211648,1724423269716,3,-91,-13,-59,3,3f,NaN,0,64.7806560364665
41605,267.92,1,-96.2952065,32.9794953,168.597137451172,139.482885211648,1724423270719,3,-91,-13,-59,3,3f,NaN,0,64.7806560364665
41606,267.92,1,-96.2952065,32.9794953,168.597137451172,139.482885211648,1724423271718,4,-88,-11,-59,3,3f,NaN,0,64.7806560364665
41607,267.92,1,-96.2952065,32.9794953,168.597137451172,139.482885211648,1724423272725,4,-88,-11,-59,3,3f,NaN,0,64.7806560364665
41608,267.92,1,-96.2952065,32.9794953,168.597137451172,139.482885211648,1724423273728,4,-89,-12,-59,3,3f,NaN,0.0162633890922948,64.7969194255588
41609,267.92,1,-96.2952064530476,32.9794954408571,168.597061157227,139.405666676493,1724423274727,4,-89,-12,-59,3,3f,NaN,0.0165767916429126,64.8134962172017
41610,267.92,1,-96.2952064051905,32.9794955844286,168.596984863281,139.326960157394,1724423275732,4,-89,-12,-59,3,3f,NaN,0.00179787795696321,64.8152940951587
41611,267.92,1,-96.2952064,32.9794956,168.596984863281,139.318423828457,1724423276735,3,-90,-12,-59,3,3f,NaN,0,64.8152940951587
41612,267.92,1,-96.2952064,32.9794956,168.596984863281,139.318423828457,1724423277733,3,-90,-12,-59,3,3f,NaN,0,64.8152940951587
41613,267.92,1,-96.2952064,32.9794956,168.596984863281,139.318423828457,1724423278738,3,-90,-12,-59,3,3f,NaN,0,64.8152940951587
41614,267.92,1,-96.2952064,32.9794956,168.596984863281,139.318423828457,1724423279739,3,-90,-13,-59,3,3f,NaN,0.010965365690359,64.826259460849
41615,267.92,1,-96.2952064,32.9794956986139,168.596939086914,139.318423828457,1724423280745,3,-90,-13,-59,3,3f,NaN,0.000154127104040313,64.8264135879531
41616,267.92,1,-96.2952064,32.9794957,168.596939086914,139.318423828457,1724423281747,5,-90,-13,-59,3,3f,NaN,0,64.8264135879531
41617,267.92,1,-96.2952064,32.9794957,168.596939086914,139.318423828457,1724423282749,5,-90,-13,-59,3,3f,NaN,0,64.8264135879531
41618,267.92,1,-96.2952064,32.9794957,168.596939086914,139.318423828457,1724423283752,4,-89,-12,-59,3,3f,NaN,0,64.8264135879531
41619,267.92,1,-96.2952064,32.9794957,168.596939086914,139.318423828457,1724423284753,4,-89,-12,-59,3,3f,NaN,0,64.8264135879531
41620,267.92,1,-96.2952064,32.9794957,168.596939086914,139.318423828457,1724423285757,4,-89,-11,-59,3,3f,NaN,0.00687129352285014,64.8332848814759
41621,267.92,1,-96.2952063526568,32.9794956526568,168.596939086914,139.393084402589,1724423286756,4,-89,-11,-59,3,3f,NaN,0.00697551834568936,64.8402603998216
41622,267.92,1,-96.2952063045955,32.9794956045955,168.596939086914,139.468877341344,1724423287760,4,-89,-14,-57,3,3f,NaN,0.000666980796149188,64.8409273806178
41623,267.92,1,-96.2952063,32.9794956,168.596939086914,139.47612447493,1724423288763,4,-89,-14,-57,3,3f,NaN,0,64.8409273806178
41624,267.92,1,-96.2952063,32.9794956,168.596939086914,139.47612447493,1724423289761,5,-89,-11,-61,3,3f,NaN,0,64.8409273806178
41625,267.92,1,-96.2952063,32.9794956,168.596939086914,139.47612447493,1724423290766,5,-89,-11,-61,3,3f,NaN,0,64.8409273806178
41626,267.92,1,-96.2952063,32.9794956,168.596939086914,139.47612447493,1724423291769,3,-89,-12,-57,3,3f,NaN,0,64.8409273806178
41627,267.92,1,-96.2952063,32.9794956,168.596939086914,139.47612447493,1724423292775,3,-89,-12,-57,3,3f,NaN,0,64.8409273806178
41628,267.92,1,-96.2952063,32.9794956,168.596939086914,139.47612447493,1724423293776,4,-90,-13,-59,3,3f,NaN,0,64.8409273806178
41629,267.92,1,-96.2952063,32.9794956,168.596939086914,139.47612447493,1724423294777,4,-90,-13,-59,3,3f,NaN,0,64.8409273806178
41630,267.92,1,-96.2952063,32.9794956,168.596939086914,139.47612447493,1724423295779,4,-90,-13,-59,3,3f,NaN,0.0102330130256249,64.8511603936434
41631,267.92,1,-96.2952062057647,32.9794956471177,168.596878051758,139.375361932778,1724423296778,4,-90,-12,-59,3,3f,NaN,0.0103571761568965,64.8615175698003
41632,267.92,1,-96.2952061103859,32.979495694807,168.596817016602,139.273376791531,1724423297779,4,-90,-12,-59,3,3f,NaN,0.00112780795116067,64.8626453777515
41633,267.92,1,-96.2952061,32.9794957,168.596817016602,139.26227151641,1724423298786,5,-90,-13,-59,3,3f,NaN,0,64.8626453777515
41634,267.92,1,-96.2952061,32.9794957,168.596817016602,139.26227151641,1724423299789,5,-90,-13,-59,3,3f,NaN,0,64.8626453777515
41635,267.92,1,-96.2952061,32.9794957,168.596817016602,139.26227151641,1724423300790,5,-89,-13,-57,3,3f,NaN,0,64.8626453777515
41636,267.92,1,-96.2952061,32.9794957,168.596817016602,139.26227151641,1724423301792,5,-89,-13,-57,3,3f,NaN,0,64.8626453777515
41637,267.92,1,-96.2952061,32.9794957,168.596817016602,139.26227151641,1724423302797,4,-89,-13,-57,3,3f,NaN,0,64.8626453777515
41638,267.92,1,-96.2952061,32.9794957,168.596817016602,139.26227151641,1724423303796,4,-89,-13,-57,3,3f,NaN,0,64.8626453777515
41639,267.92,1,-96.2952061,32.9794957,168.596817016602,139.26227151641,1724423304799,4,-89,-11,-59,3,3f,NaN,0,64.8626453777515
41640,267.92,1,-96.2952061,32.9794957,168.596817016602,139.26227151641,1724423305800,4,-89,-11,-59,3,3f,NaN,0.0205340704466544,64.8831794481981
41641,267.92,1,-96.2952059585203,32.9794958414797,168.596710205078,139.392086622075,1724423306801,4,-90,-13,-59,3,3f,NaN,0.0209497458951243,64.9041291940932
41642,267.92,1,-96.2952058141766,32.9794959858234,168.596588134766,139.524529563886,1724423307809,4,-90,-13,-59,3,3f,NaN,0.00205756185814898,64.9061867559514
41643,267.92,1,-96.2952058,32.979496,168.596572875977,139.537537352814,1724423308808,4,-90,-12,-59,3,3f,NaN,0,64.9061867559514
41644,267.92,1,-96.2952058,32.979496,168.596572875977,139.537537352814,1724423309816,4,-90,-12,-59,3,3f,NaN,0,64.9061867559514
41645,267.92,1,-96.2952058,32.979496,168.596572875977,139.537537352814,1724423310818,4,-90,-11,-61,3,3f,NaN,0.0143544612790709,64.9205412172305
41646,267.92,1,-96.2952057010978,32.9794960989022,168.596496582031,139.537537352814,1724423311819,4,-90,-11,-61,3,3f,NaN,0.000159332210371191,64.9207005494408
41647,267.92,1,-96.2952057,32.9794961,168.596496582031,139.537537352814,1724423312821,4,-91,-11,-59,3,3f,NaN,0,64.9207005494408
41648,267.92,1,-96.2952057,32.9794961,168.596496582031,139.537537352814,1724423313822,4,-91,-11,-59,3,3f,NaN,0,64.9207005494408
41649,267.92,1,-96.2952057,32.9794961,168.596496582031,139.537537352814,1724423314823,4,-90,-12,-61,3,3f,NaN,0,64.9207005494408
41650,267.92,1,-96.2952057,32.9794961,168.596496582031,139.537537352814,1724423315827,4,-90,-12,-61,3,3f,NaN,0,64.9207005494408
41651,267.92,1,-96.2952057,32.9794961,168.596496582031,139.537537352814,1724423316824,4,-91,-13,-61,3,3f,NaN,0.0137105408190335,64.9344110902599
41652,267.92,1,-96.2952056055344,32.9794961944656,168.596420288086,139.4626420057,1724423317825,4,-91,-13,-61,3,3f,NaN,0.0139875379211698,64.948398628181
41653,267.92,1,-96.2952055091603,32.9794962908397,168.596343994141,139.38623362127,1724423318835,4,-91,-13,-61,3,3f,NaN,0.00132950736640103,64.9497281355474
41654,267.92,1,-96.2952055,32.9794963,168.596343994141,139.378971042156,1724423319834,4,-93,-13,-63,3,3f,NaN,0,64.9497281355474
41655,267.92,1,-96.2952055,32.9794963,168.596343994141,139.378971042156,1724423320835,4,-93,-13,-63,3,3f,NaN,0,64.9497281355474
41656,267.92,1,-96.2952055,32.9794963,168.596343994141,139.378971042156,1724423321840,4,-94,-14,-61,3,3f,NaN,0,64.9497281355474
41657,267.92,1,-96.2952055,32.9794963,168.596343994141,139.378971042156,1724423322841,4,-94,-14,-61,3,3f,NaN,0,64.9497281355474
41658,267.92,1,-96.2952055,32.9794963,168.596343994141,139.378971042156,1724423323845,4,-92,-14,-59,3,3f,NaN,0,64.9497281355474
41659,267.92,1,-96.2952055,32.9794963,168.596343994141,139.378971042156,1724423324848,4,-92,-14,-59,3,3f,NaN,0,64.9497281355474
41660,267.92,1,-96.2952055,32.9794963,168.596343994141,139.378971042156,1724423325850,4,-92,-13,-61,3,3f,NaN,0,64.9497281355474
41661,267.92,1,-96.2952055,32.9794963,168.596343994141,139.378971042156,1724423326852,4,-92,-13,-61,3,3f,NaN,0.00440811165710939,64.9541362472046
41662,267.92,1,-96.295205452742,32.9794963,168.596313476563,139.366803250589,1724423327855,3,-93,-12,-63,3,3f,NaN,0.00444813676366116,64.9585843839682
41663,267.92,1,-96.2952054050549,32.9794963,168.596298217773,139.354524954356,1724423328855,3,-93,-12,-63,3,3f,NaN,0.0004715088781656,64.9590558928464
41664,267.92,1,-96.2952054,32.9794963,168.596298217773,139.353223454955,1724423329858,3,-93,-12,-63,3,3f,NaN,0,64.9590558928464
41665,267.92,1,-96.2952054,32.9794963,168.596298217773,139.353223454955,1724423330858,3,-93,-12,-63,3,3f,NaN,0,64.9590558928464
41666,267.92,1,-96.2952054,32.9794963,168.596298217773,139.353223454955,1724423331859,4,-93,-12,-63,3,3f,NaN,0,64.9590558928464
41667,267.92,1,-96.2952054,32.9794963,168.596298217773,139.353223454955,1724423332861,4,-93,-12,-63,3,3f,NaN,0,64.9590558928464
41668,267.92,1,-96.2952054,32.9794963,168.596298217773,139.353223454955,1724423333864,4,-92,-13,-59,3,3f,NaN,0,64.9590558928464
41669,267.92,1,-96.2952054,32.9794963,168.596298217773,139.353223454955,1724423334866,4,-92,-13,-59,3,3f,NaN,0,64.9590558928464
41670,267.92,1,-96.2952054,32.9794963,168.596298217773,139.353223454955,1724423335867,4,-92,-12,-61,3,3f,NaN,0,64.9590558928464
41671,267.92,1,-96.2952054,32.9794963,168.596298217773,139.353223454955,1724423336876,4,-92,-12,-61,3,3f,NaN,0.00680614157214018,64.9658620344185
41672,267.92,1,-96.2952054468943,32.9794963468943,168.596298217773,139.243019553564,1724423337877,3,-92,-13,-59,3,3f,NaN,0.00690247551751038,64.972764509936
41673,267.92,1,-96.2952054944524,32.9794963944523,168.596298217773,139.131255637391,1724423338880,3,-92,-13,-59,3,3f,NaN,0.00080517552755767,64.9735696854636
41674,267.92,1,-96.2952055,32.9794964,168.596298217773,139.118218370998,1724423339879,3,-92,-13,-59,3,3f,NaN,0,64.9735696854636
41675,267.92,1,-96.2952055,32.9794964,168.596298217773,139.118218370998,1724423340881,3,-91,-14,-59,3,3f,NaN,0,64.9735696854636
41676,267.92,1,-96.2952055,32.9794964,168.596298217773,139.118218370998,1724423341882,3,-91,-14,-59,3,3f,NaN,0,64.9735696854636
41677,267.92,1,-96.2952055,32.9794964,168.596298217773,139.118218370998,1724423342886,3,-92,-12,-61,3,3f,NaN,0,64.9735696854636
41678,267.92,1,-96.2952055,32.9794964,168.596298217773,139.118218370998,1724423343888,3,-92,-12,-61,3,3f,NaN,0,64.9735696854636
41679,267.92,1,-96.2952055,32.9794964,168.596298217773,139.118218370998,1724423344897,3,-93,-12,-63,3,3f,NaN,0,64.9735696854636
41680,267.92,1,-96.2952055,32.9794964,168.596298217773,139.118218370998,1724423345895,3,-93,-12,-63,3,3f,NaN,0,64.9735696854636
41681,267.92,1,-96.2952055,32.9794964,168.596298217773,139.118218370998,1724423346898,3,-93,-13,-63,3,3f,NaN,0,64.9735696854636
41682,267.92,1,-96.2952055,32.9794964,168.596298217773,139.118218370998,1724423347904,3,-93,-13,-63,3,3f,NaN,0.00524173974438612,64.978811425208
41683,267.92,1,-96.2952055,32.9794964471401,168.596282958984,139.241137528184,1724423348905,4,-92,-12,-61,3,3f,NaN,0.0053053433662025,64.9841167685742
41684,267.92,1,-96.2952055,32.9794964948522,168.596267700195,139.365548121048,1724423349906,4,-92,-12,-61,3,3f,NaN,0.000572409683810731,64.984689178258
41685,267.92,1,-96.2952055,32.9794965,168.596267700195,139.378971042156,1724423350907,3,-93,-13,-63,3,3f,NaN,0,64.984689178258
41686,267.92,1,-96.2952055,32.9794965,168.596267700195,139.378971042156,1724423351912,3,-93,-13,-63,3,3f,NaN,0,64.984689178258
41687,267.92,1,-96.2952055,32.9794965,168.596267700195,139.378971042156,1724423352913,3,-92,-14,-59,3,3f,NaN,0,64.984689178258
41688,267.92,1,-96.2952055,32.9794965,168.596267700195,139.378971042156,1724423353912,3,-92,-14,-59,3,3f,NaN,0,64.984689178258
41689,267.92,1,-96.2952055,32.9794965,168.596267700195,139.378971042156,1724423354917,3,-93,-14,-61,3,3f,NaN,0,64.984689178258
41690,267.92,1,-96.2952055,32.9794965,168.596267700195,139.378971042156,1724423355919,3,-93,-14,-61,3,3f,NaN,0,64.984689178258
41691,267.92,1,-96.2952055,32.9794965,168.596267700195,139.378971042156,1724423356922,3,-93,-12,-63,3,3f,NaN,0,64.984689178258
41692,267.92,1,-96.2952055,32.9794965,168.596267700195,139.378971042156,1724423357927,3,-93,-12,-63,3,3f,NaN,0,64.984689178258
41693,267.92,1,-96.2952055,32.9794965,168.596267700195,139.378971042156,1724423358928,4,-92,-12,-63,3,3f,NaN,0,64.984689178258
41694,267.92,1,-96.2952055,32.9794965,168.596267700195,139.378971042156,1724423359931,4,-92,-12,-63,3,3f,NaN,0.00674522714099922,64.991434405399
41695,267.92,1,-96.2952055621165,32.9794964689418,168.596298217773,139.382636213024,1724423360931,4,-93,-14,-63,3,3f,NaN,0.00682002236436873,64.9982544277634
41696,267.92,1,-96.2952056249217,32.9794964375391,168.596343994141,139.386342025908,1724423361934,4,-93,-14,-63,3,3f,NaN,0.00679962120816447,65.0050540489715
41697,267.92,1,-96.2952056875391,32.9794964062304,168.596374511719,139.390036754606,1724423362934,4,-93,-12,-63,3,3f,NaN,0.00135312627495868,65.0064071752465
41698,267.92,1,-96.2952057,32.9794964,168.596389770508,139.390772005617,1724423363936,4,-93,-12,-63,3,3f,NaN,0,65.0064071752465
41699,267.92,1,-96.2952057,32.9794964,168.596389770508,139.390772005617,1724423364935,4,-93,-12,-63,3,3f,NaN,0,65.0064071752465
41700,267.92,1,-96.2952057,32.9794964,168.596389770508,139.390772005617,1724423365936,4,-93,-12,-63,3,3f,NaN,0,65.0064071752465
41701,267.92,1,-96.2952057,32.9794964,168.596389770508,139.390772005617,1724423366938,4,-94,-14,-61,3,3f,NaN,0,65.0064071752465
41702,267.92,1,-96.2952057,32.9794964,168.596389770508,139.390772005617,1724423367940,4,-94,-14,-61,3,3f,NaN,0,65.0064071752465
41703,267.92,1,-96.2952057,32.9794964,168.596389770508,139.390772005617,1724423368945,4,-94,-14,-63,3,3f,NaN,0,65.0064071752465
41704,267.92,1,-96.2952057,32.9794964,168.596389770508,139.390772005617,1724423369944,4,-94,-14,-63,3,3f,NaN,0.0114499206678562,65.0178570959143
41705,267.92,1,-96.2952057474786,32.9794963050428,168.596435546875,139.366378837811,1724423370953,4,-94,-14,-63,3,3f,NaN,0.0114499201569902,65.0293070160713
41706,267.92,1,-96.2952057949572,32.9794962100856,168.596496582031,139.341985670005,1724423371951,4,-94,-14,-63,3,3f,NaN,0.00121611988534629,65.0305231359567
41707,267.92,1,-96.2952058,32.9794962,168.596496582031,139.339394812503,1724423372951,4,-95,-13,-65,3,3f,NaN,0,65.0305231359567
41708,267.92,1,-96.2952058,32.9794962,168.596496582031,139.339394812503,1724423373952,4,-95,-13,-65,3,3f,NaN,0,65.0305231359567
41709,267.92,1,-96.2952058,32.9794962,168.596496582031,139.339394812503,1724423374956,4,-95,-13,-65,3,3f,NaN,0,65.0305231359567
41710,267.92,1,-96.2952058,32.9794962,168.596496582031,139.339394812503,1724423375961,4,-94,-14,-63,3,3f,NaN,0,65.0305231359567
41711,267.92,1,-96.2952058,32.9794962,168.596496582031,139.339394812503,1724423376966,4,-94,-14,-63,3,3f,NaN,0,65.0305231359567
41712,267.92,1,-96.2952058,32.9794962,168.596496582031,139.339394812503,1724423377969,4,-94,-13,-63,3,3f,NaN,0,65.0305231359567
41713,267.92,1,-96.2952058,32.9794962,168.596496582031,139.339394812503,1724423378970,4,-94,-13,-63,3,3f,NaN,0,65.0305231359567
41714,267.92,1,-96.2952058,32.9794962,168.596496582031,139.339394812503,1724423379969,4,-95,-13,-63,3,3f,NaN,0.0209183788690425,65.0514415148257
41715,267.92,1,-96.2952058,32.9794960118765,168.596572875977,139.432156179938,1724423380972,4,-95,-13,-63,3,3f,NaN,0.0212142018408103,65.0726557166665
41716,267.92,1,-96.2952058,32.9794958210926,168.596649169922,139.526229324285,1724423381976,4,-95,-12,-63,3,3f,NaN,0.00234538967765714,65.0750011063442
41717,267.92,1,-96.2952058,32.9794958,168.596649169922,139.53662984124,1724423382977,4,-95,-12,-63,3,3f,NaN,0,65.0750011063442
41718,267.92,1,-96.2952058,32.9794958,168.596649169922,139.53662984124,1724423383976,4,-95,-12,-65,3,3f,NaN,0,65.0750011063442
41719,267.92,1,-96.2952058,32.9794958,168.596649169922,139.53662984124,1724423384985,4,-95,-12,-65,3,3f,NaN,0,65.0750011063442
41720,267.92,1,-96.2952058,32.9794958,168.596649169922,139.53662984124,1724423385985,4,-95,-14,-63,3,3f,NaN,0.0109864594457347,65.0859875657899
41721,267.92,1,-96.2952058,32.9794957011964,168.596694946289,139.53662984124,1724423386988,4,-95,-14,-63,3,3f,NaN,0.000133033348664622,65.0861205991386
41722,267.92,1,-96.2952058,32.9794957,168.596694946289,139.53662984124,1724423387987,3,-94,-13,-65,3,3f,NaN,0,65.0861205991386
41723,267.92,1,-96.2952058,32.9794957,168.596694946289,139.53662984124,1724423388990,3,-94,-13,-65,3,3f,NaN,0,65.0861205991386
41724,267.92,1,-96.2952058,32.9794957,168.596694946289,139.53662984124,1724423389997,4,-92,-12,-59,3,3f,NaN,0,65.0861205991386
41725,267.92,1,-96.2952058,32.9794957,168.596694946289,139.53662984124,1724423390998,4,-92,-12,-59,3,3f,NaN,0.0138173485699765,65.0999379477085
41726,267.92,1,-96.2952058952015,32.9794956047985,168.596771240234,139.443770062077,1724423392001,4,-92,-13,-61,3,3f,NaN,0.0139287852270764,65.1138667329356
41727,267.92,1,-96.2952059911708,32.9794955088292,168.59684753418,139.350161413728,1724423393001,4,-92,-13,-61,3,3f,NaN,0.0139287858386414,65.1277955187743
41728,267.92,1,-96.2952060871401,32.9794954128599,168.596923828125,139.256552765379,1724423394001,4,-94,-12,-61,3,3f,NaN,0.00186645923064938,65.1296619780049
41729,267.92,1,-96.2952061,32.9794954,168.596923828125,139.2440092065,1724423395003,4,-94,-12,-61,3,3f,NaN,0,65.1296619780049
41730,267.92,1,-96.2952061,32.9794954,168.596923828125,139.2440092065,1724423396002,3,-94,-12,-65,3,3f,NaN,0,65.1296619780049
41731,267.92,1,-96.2952061,32.9794954,168.596923828125,139.2440092065,1724423397007,3,-94,-12,-65,3,3f,NaN,0,65.1296619780049
41732,267.92,1,-96.2952061,32.9794954,168.596923828125,139.2440092065,1724423398008,4,-94,-12,-63,3,3f,NaN,0,65.1296619780049
41733,267.92,1,-96.2952061,32.9794954,168.596923828125,139.2440092065,1724423399012,4,-94,-12,-63,3,3f,NaN,0,65.1296619780049
41734,267.92,1,-96.2952061,32.9794954,168.596923828125,139.2440092065,1724423400016,4,-94,-12,-63,3,3f,NaN,0,65.1296619780049
41735,267.92,1,-96.2952061,32.9794954,168.596923828125,139.2440092065,1724423401018,3,-94,-12,-63,3,3f,NaN,0.0113925485996273,65.1410545266045
41736,267.92,1,-96.2952061472407,32.9794954944814,168.596908569336,139.20106594931,1724423402020,3,-94,-12,-63,3,3f,NaN,0.0114958129822128,65.1525503395868
41737,267.92,1,-96.2952061949096,32.9794955898192,168.596893310547,139.157733478309,1724423403022,3,-92,-12,-61,3,3f,NaN,0.00122759864833275,65.1537779382351
41738,267.92,1,-96.2952062,32.9794956,168.596893310547,139.228899463693,1724423404021,3,-92,-12,-61,3,3f,NaN,0,65.1537779382351
41739,267.92,1,-96.2952062,32.9794956,168.596893310547,139.229839403216,1724423405025,3,-92,-12,-61,3,3f,NaN,0,65.1537779382351
41740,267.92,1,-96.2952062,32.9794956,168.596893310547,139.229839403216,1724423406025,3,-94,-12,-65,3,3f,NaN,0,65.1537779382351
41741,267.92,1,-96.2952062,32.9794956,168.596893310547,139.229839403216,1724423407031,3,-94,-12,-65,3,3f,NaN,0,65.1537779382351
41742,267.92,1,-96.2952062,32.9794956,168.596893310547,139.229839403216,1724423408030,3,-94,-12,-65,3,3f,NaN,0,65.1537779382351
41743,267.92,1,-96.2952062,32.9794956,168.596893310547,139.229839403216,1724423409033,3,-94,-12,-65,3,3f,NaN,0,65.1537779382351
41744,267.92,1,-96.2952062,32.9794956,168.596893310547,139.229839403216,1724423410036,4,-94,-12,-65,3,3f,NaN,0,65.1537779382351
41745,267.92,1,-96.2952062,32.9794956,168.596893310547,139.229839403216,1724423411038,4,-94,-12,-65,3,3f,NaN,0,65.1537779382351
41746,267.92,1,-96.2952062,32.9794956,168.596893310547,139.229839403216,1724423412040,4,-95,-12,-63,3,3f,NaN,0.0136917320040554,65.1674696702392
41747,267.92,1,-96.295206294336,32.979495505664,168.596969604492,139.317287629061,1724423413043,4,-95,-12,-63,3,3f,NaN,0.0138299026218539,65.181299572861
41748,267.92,1,-96.295206389624,32.979495410376,168.597045898438,139.405618278981,1724423414044,3,-94,-12,-61,3,3f,NaN,0.00150595157574595,65.1828055244368
41749,267.92,1,-96.2952064,32.9794954,168.597045898438,139.4152367014,1724423415055,3,-94,-12,-61,3,3f,NaN,0,65.1828055244368
41750,267.92,1,-96.2952064,32.9794954,168.597045898438,139.4152367014,1724423416055,4,-93,-12,-61,3,3f,NaN,0,65.1828055244368
41751,267.92,1,-96.2952064,32.9794954,168.597045898438,139.4152367014,1724423417056,4,-93,-12,-61,3,3f,NaN,0,65.1828055244368
41752,267.92,1,-96.2952064,32.9794954,168.597045898438,139.4152367014,1724423418055,4,-93,-12,-63,3,3f,NaN,0.0143976831838015,65.1972032076206
41753,267.92,1,-96.2952064992,32.9794953008,168.597137451172,139.4152367014,1724423419059,4,-93,-12,-63,3,3f,NaN,0.00011610974785436,65.1973193173684
41754,267.92,1,-96.2952065,32.9794953,168.597137451172,139.4152367014,1724423420058,4,-93,-12,-63,3,3f,NaN,0,65.1973193173684
41755,267.92,1,-96.2952065,32.9794953,168.597137451172,139.4152367014,1724423421064,3,-94,-14,-63,3,3f,NaN,0,65.1973193173684
41756,267.92,1,-96.2952065,32.9794953,168.597137451172,139.4152367014,1724423422066,3,-94,-14,-63,3,3f,NaN,0,65.1973193173684
41757,267.92,1,-96.2952065,32.9794953,168.597137451172,139.4152367014,1724423423067,3,-94,-14,-61,3,3f,NaN,0.0157830188723921,65.2131023362408
41758,267.92,1,-96.2952065,32.9794954419401,168.597076416016,139.354160432342,1724423424072,3,-94,-14,-61,3,3f,NaN,0.0158464668469762,65.2289488030878
41759,267.92,1,-96.2952065,32.9794955844508,168.597030639648,139.292838630544,1724423425071,4,-93,-12,-63,3,3f,NaN,0.00172899187374223,65.2306777949615
41760,267.92,1,-96.2952065,32.9794956,168.597015380859,139.286147863381,1724423426081,4,-93,-12,-63,3,3f,NaN,0,65.2306777949615
41761,267.92,1,-96.2952065,32.9794956,168.597015380859,139.286147863381,1724423427083,4,-94,-13,-63,3,3f,NaN,0,65.2306777949615
41762,267.92,1,-96.2952065,32.9794956,168.597015380859,139.286147863381,1724423428084,4,-94,-13,-63,3,3f,NaN,0,65.2306777949615
41763,267.92,1,-96.2952065,32.9794956,168.597015380859,139.286147863381,1724423429086,4,-93,-13,-61,3,3f,NaN,0,65.2306777949615
41764,267.92,1,-96.2952065,32.9794956,168.597015380859,139.286147863381,1724423430085,4,-93,-13,-61,3,3f,NaN,0,65.2306777949615
41765,267.92,1,-96.2952065,32.9794956,168.597015380859,139.286147863381,1724423431086,4,-93,-13,-61,3,3f,NaN,0,65.2306777949615
41766,267.92,1,-96.2952065,32.9794956,168.597015380859,139.286147863381,1724423432090,4,-93,-13,-61,3,3f,NaN,0,65.2306777949615
41767,267.92,1,-96.2952065,32.9794956,168.597015380859,139.286147863381,1724423433095,4,-95,-13,-65,3,3f,NaN,0.0136437925196645,65.2443215874812
41768,267.92,1,-96.2952065940057,32.9794956940057,168.597030639648,139.293686788642,1724423434094,4,-95,-13,-65,3,3f,NaN,0.0138095109349181,65.2581310984161
41769,267.92,1,-96.2952066891532,32.9794957891532,168.597030639648,139.301317279797,1724423435094,4,-94,-13,-63,3,3f,NaN,0.00157428186800534,65.2597053802841
41770,267.92,1,-96.2952067,32.9794958,168.597030639648,139.302187155789,1724423436097,4,-94,-13,-63,3,3f,NaN,0,65.2597053802841
41771,267.92,1,-96.2952067,32.9794958,168.597030639648,139.302187155789,1724423437101,4,-94,-14,-61,3,3f,NaN,0,65.2597053802841
41772,267.92,1,-96.2952067,32.9794958,168.597030639648,139.302187155789,1724423438102,4,-94,-14,-61,3,3f,NaN,0,65.2597053802841
41773,267.92,1,-96.2952067,32.9794958,168.597030639648,139.302187155789,1724423439098,4,-94,-13,-61,3,3f,NaN,0.00922646778446861,65.2689318480686
41774,267.92,1,-96.2952067989141,32.9794958,168.597061157227,139.302187155789,1724423440109,4,-94,-13,-61,3,3f,NaN,0.000101290892842067,65.2690331389614
41775,267.92,1,-96.2952068,32.9794958,168.597076416016,139.302187155789,1724423441108,3,-94,-14,-61,3,3f,NaN,0,65.2690331389614
41776,267.92,1,-96.2952068,32.9794958,168.597076416016,139.302187155789,1724423442114,3,-94,-14,-61,3,3f,NaN,0,65.2690331389614
41777,267.92,1,-96.2952068,32.9794958,168.597076416016,139.302187155789,1724423443113,4,-94,-14,-61,3,3f,NaN,0,65.2690331389614
41778,267.92,1,-96.2952068,32.9794958,168.597076416016,139.302187155789,1724423444115,4,-94,-14,-61,3,3f,NaN,0.0183061136939809,65.2873392526554
41779,267.92,1,-96.2952066119205,32.9794958470199,168.596969604492,139.357446923199,1724423445120,4,-94,-13,-63,3,3f,NaN,0.0184534452805331,65.3057926979359
41780,267.92,1,-96.2952064223273,32.9794958944182,168.596878051758,139.413151437228,1724423446122,4,-94,-13,-63,3,3f,NaN,0.00217315518300797,65.3079658531189
41781,267.92,1,-96.2952064,32.9794959,168.596862792969,139.419711449858,1724423447124,4,-95,-13,-63,3,3f,NaN,0,65.3079658531189
41782,267.92,1,-96.2952064,32.9794959,168.596862792969,139.419711449858,1724423448124,4,-95,-13,-63,3,3f,NaN,0,65.3079658531189
41783,267.92,1,-96.2952064,32.9794959,168.596862792969,139.419711449858,1724423449128,4,-94,-13,-63,3,3f,NaN,0.00918798163562253,65.3171538347546
41784,267.92,1,-96.2952063014985,32.9794959,168.596832275391,139.419711449858,1724423450128,4,-94,-13,-63,3,3f,NaN,0.000139775705569934,65.3172936104601
41785,267.92,1,-96.2952063,32.9794959,168.596817016602,139.419711449858,1724423451134,4,-95,-13,-63,3,3f,NaN,0,65.3172936104601
41786,267.92,1,-96.2952063,32.9794959,168.596817016602,139.419711449858,1724423452133,4,-95,-13,-63,3,3f,NaN,0,65.3172936104601
41787,267.92,1,-96.2952063,32.9794959,168.596817016602,139.419711449858,1724423453137,4,-92,-12,-63,3,3f,NaN,0,65.3172936104601
41788,267.92,1,-96.2952063,32.9794959,168.596817016602,139.419711449858,1724423454139,4,-92,-12,-63,3,3f,NaN,0.00618722270053678,65.3234808331607
41789,267.92,1,-96.2952063663313,32.9794959,168.59684753418,139.383639999538,1724423455142,4,-92,-12,-61,3,3f,NaN,0.00631234573083506,65.3297931788915
41790,267.92,1,-96.295206434004,32.9794959,168.596878051758,139.346839096229,1724423456151,4,-92,-12,-61,3,3f,NaN,0.00615594757656723,65.3359491264681
41791,267.92,1,-96.2952065,32.9794959,168.596908569336,139.310950009157,1724423457149,4,-94,-12,-65,3,3f,NaN,0,65.3359491264681
41792,267.92,1,-96.2952065,32.9794959,168.596908569336,139.310950009157,1724423458153,4,-94,-12,-65,3,3f,NaN,0,65.3359491264681
41793,267.92,1,-96.2952065,32.9794959,168.596908569336,139.310950009157,1724423459153,4,-94,-13,-63,3,3f,NaN,0,65.3359491264681
41794,267.92,1,-96.2952065,32.9794959,168.596908569336,139.310950009157,1724423460155,4,-94,-13,-63,3,3f,NaN,0,65.3359491264681
41795,267.92,1,-96.2952065,32.9794959,168.596908569336,139.310950009157,1724423461155,4,-93,-12,-63,3,3f,NaN,0,65.3359491264681
41796,267.92,1,-96.2952065,32.9794959,168.596908569336,139.310950009157,1724423462160,4,-93,-12,-63,3,3f,NaN,0,65.3359491264681
41797,267.92,1,-96.2952065,32.9794959,168.596908569336,139.310950009157,1724423463162,4,-93,-13,-63,3,3f,NaN,0,65.3359491264681
41798,267.92,1,-96.2952065,32.9794959,168.596908569336,139.310950009157,1724423464162,4,-93,-13,-63,3,3f,NaN,0.0378076706022474,65.3737567970703
41799,267.92,1,-96.2952065944709,32.9794962306482,168.596817016602,139.295767657971,1724423465169,5,-94,-13,-63,3,3f,NaN,0.0381891911867915,65.4119459882571
41800,267.92,1,-96.2952066898951,32.979496564633,168.596740722656,139.280432104451,1724423466170,5,-94,-13,-63,3,3f,NaN,0.00404400814342585,65.4159899964005
41801,267.92,1,-96.2952067,32.9794966,168.596725463867,139.278808159723,1724423467170,4,-94,-12,-63,3,3f,NaN,0,65.4159899964005
41802,267.92,1,-96.2952067,32.9794966,168.596725463867,139.278808159723,1724423468177,4,-94,-12,-63,3,3f,NaN,0,65.4159899964005
41803,267.92,1,-96.2952067,32.9794966,168.596725463867,139.278808159723,1724423469179,3,-94,-13,-63,3,3f,NaN,0.0219285736518271,65.4379185700524
41804,267.92,1,-96.2952067,32.9794967972084,168.596649169922,139.278808159723,1724423470178,3,-94,-13,-63,3,3f,NaN,0.000310411936971592,65.4382289819893
41805,267.92,1,-96.2952067,32.9794968,168.596649169922,139.278808159723,1724423471179,3,-93,-13,-63,3,3f,NaN,0,65.4382289819893
41806,267.92,1,-96.2952067,32.9794968,168.596649169922,139.278808159723,1724423472182,3,-93,-13,-63,3,3f,NaN,0,65.4382289819893
41807,267.92,1,-96.2952067,32.9794968,168.596649169922,139.278808159723,1724423473191,4,-94,-12,-63,3,3f,NaN,0,65.4382289819893
41808,267.92,1,-96.2952067,32.9794968,168.596649169922,139.278808159723,1724423474194,4,-94,-12,-63,3,3f,NaN,0.0429226811296295,65.481151663119
41809,267.92,1,-96.2952069365155,32.9794964688783,168.596878051758,139.36892719099,1724423475198,4,-94,-13,-63,3,3f,NaN,0.0433991267646167,65.5245507898836
41810,267.92,1,-96.2952071756563,32.9794961340811,168.597106933594,139.46004653441,1724423476200,4,-94,-13,-63,3,3f,NaN,0.00441787142428731,65.5289686613078
41811,267.92,1,-96.2952072,32.9794961,168.597122192383,139.469322156195,1724423477200,3,-95,-13,-63,3,3f,NaN,0,65.5289686613078
41812,267.92,1,-96.2952072,32.9794961,168.597122192383,139.469322156195,1724423478203,3,-95,-13,-63,3,3f,NaN,0,65.5289686613078
41813,267.92,1,-96.2952072,32.9794961,168.597122192383,139.469322156195,1724423479204,4,-94,-13,-65,3,3f,NaN,0.0143396275343089,65.5433082888422
41814,267.92,1,-96.2952072988,32.9794960012,168.597198486328,139.469322156195,1724423480205,4,-94,-13,-65,3,3f,NaN,0.000174165955133115,65.5434824547973
41815,267.92,1,-96.2952073,32.979496,168.597198486328,139.469322156195,1724423481206,4,-94,-14,-61,3,3f,NaN,0,65.5434824547973
41816,267.92,1,-96.2952073,32.979496,168.597198486328,139.469322156195,1724423482204,4,-94,-14,-61,3,3f,NaN,0,65.5434824547973
41817,267.92,1,-96.2952073,32.979496,168.597198486328,139.469322156195,1724423483208,4,-94,-12,-65,3,3f,NaN,0,65.5434824547973
41818,267.92,1,-96.2952073,32.979496,168.597198486328,139.469322156195,1724423484211,4,-94,-12,-65,3,3f,NaN,0.0113622107986054,65.5548446655959
41819,267.92,1,-96.2952073471149,32.9794960942298,168.597183227539,139.423689591213,1724423485213,4,-94,-13,-63,3,3f,NaN,0.0115347254052313,65.5663793910011
41820,267.92,1,-96.2952073949452,32.9794961898903,168.59716796875,139.377364224131,1724423486216,4,-94,-13,-63,3,3f,NaN,0.00121902400182822,65.5675984150029
41821,267.92,1,-96.2952074,32.9794962,168.59716796875,139.372468422625,1724423487215,3,-95,-13,-63,3,3f,NaN,0,65.5675984150029
41822,267.92,1,-96.2952074,32.9794962,168.59716796875,139.372468422625,1724423488217,3,-95,-13,-63,3,3f,NaN,0,65.5675984150029
41823,267.92,1,-96.2952074,32.9794962,168.59716796875,139.372468422625,1724423489220,3,-94,-14,-61,3,3f,NaN,0,65.5675984150029
41824,267.92,1,-96.2952074,32.9794962,168.59716796875,139.372468422625,1724423490222,3,-94,-14,-61,3,3f,NaN,0.0109550021129651,65.5785534171159
41825,267.92,1,-96.2952074,32.9794962985207,168.597137451172,139.372468422625,1724423491230,3,-93,-14,-61,3,3f,NaN,0.000164490681434235,65.5787179077973
41826,267.92,1,-96.2952074,32.9794963,168.597137451172,139.372468422625,1724423492230,3,-93,-14,-61,3,3f,NaN,0,65.5787179077973
41827,267.92,1,-96.2952074,32.9794963,168.597137451172,139.372468422625,1724423493230,3,-93,-12,-63,3,3f,NaN,0,65.5787179077973
41828,267.92,1,-96.2952074,32.9794963,168.597137451172,139.372468422625,1724423494232,3,-93,-12,-63,3,3f,NaN,0,65.5787179077973
41829,267.92,1,-96.2952074,32.9794963,168.597137451172,139.372468422625,1724423495236,3,-93,-12,-63,3,3f,NaN,0.0220053104760315,65.6007232182734
41830,267.92,1,-96.2952076359121,32.9794963,168.597229003906,139.409571668927,1724423496237,3,-93,-11,-65,3,3f,NaN,0.0222948605406068,65.623018078814
41831,267.92,1,-96.2952078749284,32.9794963,168.59733581543,139.447163115839,1724423497238,3,-93,-11,-65,3,3f,NaN,0.0023386181291507,65.6253566969431
41832,267.92,1,-96.2952079,32.9794963,168.59733581543,139.451106274606,1724423498246,3,-94,-12,-65,3,3f,NaN,0,65.6253566969431
41833,267.92,1,-96.2952079,32.9794963,168.59733581543,139.451106274606,1724423499246,3,-94,-12,-65,3,3f,NaN,0,65.6253566969431
41834,267.92,1,-96.2952079,32.9794963,168.59733581543,139.451106274606,1724423500247,4,-93,-12,-61,3,3f,NaN,0.00923448070685683,65.63459117765
41835,267.92,1,-96.295207999,32.9794963,168.597381591797,139.451106274606,1724423501249,4,-93,-12,-61,3,3f,NaN,9.32779176334318e-05,65.6346844555676
41836,267.92,1,-96.295208,32.9794963,168.597381591797,139.451106274606,1724423502248,4,-94,-14,-61,3,3f,NaN,0,65.6346844555676
41837,267.92,1,-96.295208,32.9794963,168.597381591797,139.451106274606,1724423503256,4,-94,-14,-61,3,3f,NaN,0,65.6346844555676
41838,267.92,1,-96.295208,32.9794963,168.597381591797,139.451106274606,1724423504257,3,-94,-12,-65,3,3f,NaN,0,65.6346844555676
41839,267.92,1,-96.295208,32.9794963,168.597381591797,139.451106274606,1724423505262,3,-94,-12,-65,3,3f,NaN,0.0113129553644302,65.645997410932
41840,267.92,1,-96.2952080469107,32.9794963938213,168.597366333008,139.464499959392,1724423506263,4,-94,-13,-63,3,3f,NaN,0.011484874872736,65.6574822858048
41841,267.92,1,-96.2952080945342,32.9794964890684,168.597351074219,139.478097195618,1724423507265,4,-94,-13,-63,3,3f,NaN,0.00131812995623391,65.658800415761
41842,267.92,1,-96.2952081,32.9794965,168.597351074219,139.479657756662,1724423508268,3,-93,-13,-59,3,3f,NaN,0,65.658800415761
41843,267.92,1,-96.2952081,32.9794965,168.597351074219,139.479657756662,1724423509269,3,-93,-13,-59,3,3f,NaN,0,65.658800415761
41844,267.92,1,-96.2952081,32.9794965,168.597351074219,139.479657756662,1724423510270,3,-93,-13,-63,3,3f,NaN,0,65.658800415761
41845,267.92,1,-96.2952081,32.9794965,168.597351074219,139.479657756662,1724423511274,3,-93,-13,-63,3,3f,NaN,0,65.658800415761
41846,267.92,1,-96.2952081,32.9794965,168.597351074219,139.479657756662,1724423512276,3,-94,-13,-61,3,3f,NaN,0,65.658800415761
41847,267.92,1,-96.2952081,32.9794965,168.597351074219,139.479657756662,1724423513276,3,-94,-13,-61,3,3f,NaN,0,65.658800415761
41848,267.92,1,-96.2952081,32.9794965,168.597351074219,139.479657756662,1724423514279,3,-93,-12,-63,3,3f,NaN,0,65.658800415761
41849,267.92,1,-96.2952081,32.9794965,168.597351074219,139.479657756662,1724423515282,3,-93,-12,-63,3,3f,NaN,0.0102825513579923,65.669082967119
41850,267.92,1,-96.2952080053085,32.9794965473458,168.597290039063,139.487629769023,1724423516285,3,-93,-12,-63,3,3f,NaN,0.0103864217259094,65.6794693888449
41851,267.92,1,-96.2952079096604,32.9794965951698,168.597229003906,139.495682306762,1724423517285,3,-93,-12,-63,3,3f,NaN,0.00104902348190733,65.6805184123268
41852,267.92,1,-96.2952079,32.9794966,168.597229003906,139.496495613074,1724423518286,3,-92,-12,-61,3,3f,NaN,0,65.6805184123268
41853,267.92,1,-96.2952079,32.9794966,168.597229003906,139.496495613074,1724423519288,3,-92,-12,-61,3,3f,NaN,0,65.6805184123268
41854,267.92,1,-96.2952079,32.9794966,168.597229003906,139.496495613074,1724423520290,3,-92,-13,-61,3,3f,NaN,0,65.6805184123268
41855,267.92,1,-96.2952079,32.9794966,168.597229003906,139.496495613074,1724423521298,3,-92,-13,-61,3,3f,NaN,0.00920625432621781,65.689724666653
41856,267.92,1,-96.2952078013026,32.9794966,168.597183227539,139.496495613074,1724423522296,4,-93,-13,-61,3,3f,NaN,0.000121502941026102,65.6898461695941
41857,267.92,1,-96.2952078,32.9794966,168.597183227539,139.496495613074,1724423523300,4,-93,-13,-61,3,3f,NaN,0,65.6898461695941
41858,267.92,1,-96.2952078,32.9794966,168.597183227539,139.496495613074,1724423524304,4,-94,-13,-63,3,3f,NaN,0,65.6898461695941
41859,267.92,1,-96.2952078,32.9794966,168.597183227539,139.496495613074,1724423525301,4,-94,-13,-63,3,3f,NaN,0,65.6898461695941
41860,267.92,1,-96.2952078,32.9794966,168.597183227539,139.496495613074,1724423526312,4,-95,-13,-63,3,3f,NaN,0.0180785577443628,65.7079247273384
41861,267.92,1,-96.295207894601,32.9794967419016,168.597183227539,139.527481044579,1724423527313,4,-95,-13,-63,3,3f,NaN,0.0182976945041701,65.7262224218426
41862,267.92,1,-96.2952079903488,32.9794968855232,168.59716796875,139.558842057072,1724423528315,3,-93,-13,-63,3,3f,NaN,0.00184437504700218,65.7280667968896
41863,267.92,1,-96.295208,32.9794969,168.59716796875,139.562003197054,1724423529317,3,-93,-13,-63,3,3f,NaN,0,65.7280667968896
41864,267.92,1,-96.295208,32.9794969,168.59716796875,139.562003197054,1724423530319,3,-93,-13,-63,3,3f,NaN,0,65.7280667968896
41865,267.92,1,-96.295208,32.9794969,168.59716796875,139.562003197054,1724423531318,3,-93,-12,-61,3,3f,NaN,0,65.7280667968896
41866,267.92,1,-96.295208,32.9794969,168.59716796875,139.562003197054,1724423532318,3,-93,-12,-61,3,3f,NaN,0.0110523756535869,65.7391191725432
41867,267.92,1,-96.295208,32.9794969993964,168.597122192383,139.562003197054,1724423533319,3,-93,-12,-63,3,3f,NaN,6.7117140812404e-05,65.739186289684
41868,267.92,1,-96.295208,32.979497,168.597122192383,139.562003197054,1724423534318,3,-93,-12,-63,3,3f,NaN,0,65.739186289684
41869,267.92,1,-96.295208,32.979497,168.597122192383,139.562003197054,1724423535319,3,-93,-12,-63,3,3f,NaN,0,65.739186289684
41870,267.92,1,-96.295208,32.979497,168.597122192383,139.562003197054,1724423536317,3,-93,-12,-63,3,3f,NaN,0,65.739186289684
41871,267.92,1,-96.295208,32.979497,168.597122192383,139.562003197054,1724423537318,2,-93,-12,-63,3,3f,NaN,0,65.739186289684
41872,267.92,1,-96.295208,32.979497,168.597122192383,139.562003197054,1724423538320,2,-93,-12,-63,3,3f,NaN,0.00791529936507613,65.7471015890491
41873,267.92,1,-96.295208,32.979497071184,168.597091674805,139.448370696555,1724423539325,2,-93,-11,-63,3,3f,NaN,0.00795496333643617,65.7550565523855
41874,267.92,1,-96.295208,32.9794971427247,168.597076416016,139.334168894951,1724423540328,2,-93,-11,-63,3,3f,NaN,0.00636872209719892,65.7614252744827
41875,267.92,1,-96.295208,32.9794972,168.597045898438,139.242739137535,1724423541328,3,-93,-11,-65,3,3f,NaN,0,65.7614252744827
41876,267.92,1,-96.295208,32.9794972,168.597045898438,139.242739137535,1724423542327,3,-93,-11,-65,3,3f,NaN,0,65.7614252744827
41877,267.92,1,-96.295208,32.9794972,168.597045898438,139.242739137535,1724423543329,3,-93,-11,-65,3,3f,NaN,0,65.7614252744827
41878,267.92,1,-96.295208,32.9794972,168.597045898438,139.242739137535,1724423544329,3,-93,-11,-65,3,3f,NaN,0,65.7614252744827
41879,267.92,1,-96.295208,32.9794972,168.597045898438,139.242739137535,1724423545330,2,-94,-12,-63,3,3f,NaN,0,65.7614252744827
41880,267.92,1,-96.295208,32.9794972,168.597045898438,139.242739137535,1724423546331,2,-94,-12,-63,3,3f,NaN,0,65.7614252744827
41881,267.92,1,-96.295208,32.9794972,168.597045898438,139.242739137535,1724423547330,3,-93,-12,-63,3,3f,NaN,0,65.7614252744827
41882,267.92,1,-96.295208,32.9794972,168.597045898438,139.242739137535,1724423548332,3,-93,-12,-63,3,3f,NaN,0,65.7614252744827
41883,267.92,1,-96.295208,32.9794972,168.597045898438,139.242739137535,1724423549331,4,-93,-12,-61,3,3f,NaN,0.00442801745814463,65.7658532919408
41884,267.92,1,-96.2952080474714,32.9794972,168.597076416016,139.199327505068,1724423550333,4,-93,-12,-61,3,3f,NaN,0.00445916267735161,65.7703124546182
41885,267.92,1,-96.2952080952767,32.9794972,168.597091674805,139.155610464132,1724423551335,3,-93,-12,-61,3,3f,NaN,0.000440577068363192,65.7707530316866
41886,267.92,1,-96.2952081,32.9794972,168.597091674805,139.151291115776,1724423552335,3,-93,-12,-61,3,3f,NaN,0,65.7707530316866
41887,267.92,1,-96.2952081,32.9794972,168.597091674805,139.151291115776,1724423553334,3,-94,-11,-65,3,3f,NaN,0,65.7707530316866
41888,267.92,1,-96.2952081,32.9794972,168.597091674805,139.151291115776,1724423554336,3,-94,-11,-65,3,3f,NaN,0,65.7707530316866
41889,267.92,1,-96.2952081,32.9794972,168.597091674805,139.151291115776,1724423555336,3,-94,-12,-61,3,3f,NaN,0,65.7707530316866
41890,267.92,1,-96.2952081,32.9794972,168.597091674805,139.151291115776,1724423556337,3,-94,-12,-61,3,3f,NaN,0,65.7707530316866
41891,267.92,1,-96.2952081,32.9794972,168.597091674805,139.151291115776,1724423557337,3,-94,-12,-61,3,3f,NaN,0,65.7707530316866
41892,267.92,1,-96.2952081,32.9794972,168.597091674805,139.151291115776,1724423558337,2,-94,-12,-63,3,3f,NaN,0,65.7707530316866
41893,267.92,1,-96.2952081,32.9794972,168.597091674805,139.151291115776,1724423559340,2,-93,-11,-63,3,3f,NaN,0.0159017864016297,65.7866548180882
41894,267.92,1,-96.2952081,32.9794970569918,168.597152709961,139.122410442079,1724423560340,2,-93,-11,-63,3,3f,NaN,0.016046050053647,65.8027008681418
41895,267.92,1,-96.2952081,32.9794969126862,168.597198486328,139.093267746141,1724423561341,2,-93,-11,-63,3,3f,NaN,0.00141064113783383,65.8041115092797
41896,267.92,1,-96.2952081,32.9794969,168.597198486328,139.090705750894,1724423562341,3,-93,-12,-61,3,3f,NaN,0,65.8041115092797
41897,267.92,1,-96.2952081,32.9794969,168.597198486328,139.090705750894,1724423563342,3,-93,-12,-61,3,3f,NaN,0,65.8041115092797
41898,267.92,1,-96.2952081,32.9794969,168.597198486328,139.090705750894,1724423564345,3,-92,-11,-59,3,3f,NaN,0,65.8041115092797
41899,267.92,1,-96.2952081,32.9794969,168.597198486328,139.090705750894,1724423565344,3,-92,-11,-59,3,3f,NaN,0.0110527754378487,65.8151642847175
41900,267.92,1,-96.2952081,32.9794968006,168.597244262695,139.090705750894,1724423566344,4,-91,-12,-61,3,3f,NaN,6.67173565506578e-05,65.8152310020741
41901,267.92,1,-96.2952081,32.9794968,168.597244262695,139.090705750894,1724423567344,4,-91,-12,-61,3,3f,NaN,0,65.8152310020741
41902,267.92,1,-96.2952081,32.9794968,168.597244262695,139.090705750894,1724423568347,3,-92,-13,-61,3,3f,NaN,0,65.8152310020741
41903,267.92,1,-96.2952081,32.9794968,168.597244262695,139.090705750894,1724423569345,3,-92,-13,-61,3,3f,NaN,0,65.8152310020741
41904,267.92,1,-96.2952081,32.9794968,168.597244262695,139.090705750894,1724423570345,3,-92,-13,-61,3,3f,NaN,0.00445564600250085,65.8196866480766
41905,267.92,1,-96.2952081477676,32.9794968,168.597259521484,139.148137026966,1724423571346,3,-92,-12,-61,3,3f,NaN,0.00447804256472868,65.8241646906413
41906,267.92,1,-96.2952081957753,32.9794968,168.597274780273,139.205856902415,1724423572346,3,-92,-12,-61,3,3f,NaN,0.000394070004440326,65.8245587606457
41907,267.92,1,-96.2952082,32.9794968,168.597274780273,139.210936251454,1724423573350,3,-92,-12,-63,3,3f,NaN,0,65.8245587606457
41908,267.92,1,-96.2952082,32.9794968,168.597274780273,139.210936251454,1724423574351,3,-92,-12,-63,3,3f,NaN,0,65.8245587606457
41909,267.92,1,-96.2952082,32.9794968,168.597274780273,139.210936251454,1724423575351,3,-92,-12,-65,3,3f,NaN,0,65.8245587606457
41910,267.92,1,-96.2952082,32.9794968,168.597274780273,139.210936251454,1724423576352,3,-92,-12,-65,3,3f,NaN,0,65.8245587606457
41911,267.92,1,-96.2952082,32.9794968,168.597274780273,139.210936251454,1724423577353,3,-93,-12,-61,3,3f,NaN,0.0114766643809543,65.8360354250267
41912,267.92,1,-96.2952082475895,32.979496895179,168.597259521484,139.167795972129,1724423578357,3,-93,-12,-61,3,3f,NaN,0.0115111991051682,65.8475466241319
41913,267.92,1,-96.2952082953222,32.9794969906444,168.597259521484,139.124525882536,1724423579357,2,-91,-12,-61,3,3f,NaN,0.0011280966868456,65.8486747208187
41914,267.92,1,-96.2952083,32.979497,168.597244262695,139.120285413756,1724423580360,2,-91,-12,-61,3,3f,NaN,0,65.8486747208187
41915,267.92,1,-96.2952083,32.979497,168.597244262695,139.120285413756,1724423581358,2,-93,-12,-65,3,3f,NaN,0,65.8486747208187
41916,267.92,1,-96.2952083,32.979497,168.597244262695,139.120285413756,1724423582361,2,-93,-12,-65,3,3f,NaN,0.01104150009951,65.8597162209182
41917,267.92,1,-96.2952083,32.9794970992986,168.597213745117,139.120285413756,1724423583359,2,-93,-12,-65,3,3f,NaN,7.7992694889353e-05,65.8597942136131
41918,267.92,1,-96.2952083,32.9794971,168.597213745117,139.120285413756,1724423584360,2,-93,-12,-65,3,3f,NaN,0,65.8597942136131
41919,267.92,1,-96.2952083,32.9794971,168.597213745117,139.120285413756,1724423585361,2,-92,-12,-65,3,3f,NaN,0,65.8597942136131
41920,267.92,1,-96.2952083,32.9794971,168.597213745117,139.120285413756,1724423586362,2,-92,-12,-65,3,3f,NaN,0,65.8597942136131
41921,267.92,1,-96.2952083,32.9794971,168.597213745117,139.120285413756,1724423587362,2,-93,-12,-65,3,3f,NaN,0,65.8597942136131
41922,267.92,1,-96.2952083,32.9794971,168.597213745117,139.120285413756,1724423588368,2,-93,-12,-65,3,3f,NaN,0.0044202934593919,65.8642145070725
41923,267.92,1,-96.2952083473886,32.9794971,168.597229003906,139.079820546282,1724423589367,4,-93,-12,-63,3,3f,NaN,0.0044783964724599,65.8686929035449
41924,267.92,1,-96.2952083954001,32.9794971,168.597259521484,139.038823784696,1724423590369,4,-93,-12,-63,3,3f,NaN,0.000429068608125816,65.8691219721531
41925,267.92,1,-96.2952084,32.9794971,168.597259521484,139.034895951251,1724423591370,3,-93,-12,-61,3,3f,NaN,0,65.8691219721531
41926,267.92,1,-96.2952084,32.9794971,168.597259521484,139.034895951251,1724423592383,3,-93,-12,-61,3,3f,NaN,0,65.8691219721531
41927,267.92,1,-96.2952084,32.9794971,168.597259521484,139.034895951251,1724423593393,5,-93,-12,-61,3,3f,NaN,0,65.8691219721531
41928,267.92,1,-96.2952084,32.9794971,168.597259521484,139.034895951251,1724423594394,5,-93,-12,-61,3,3f,NaN,0,65.8691219721531
41929,267.92,1,-96.2952084,32.9794971,168.597259521484,139.034895951251,1724423595394,5,-93,-14,-61,3,3f,NaN,0,65.8691219721531
41930,267.92,1,-96.2952084,32.9794971,168.597259521484,139.034895951251,1724423596395,5,-93,-14,-61,3,3f,NaN,0,65.8691219721531
41931,267.92,1,-96.2952084,32.9794971,168.597259521484,139.034895951251,1724423597396,4,-93,-12,-63,3,3f,NaN,0,65.8691219721531
41932,267.92,1,-96.2952084,32.9794971,168.597259521484,139.034895951251,1724423598397,4,-93,-12,-63,3,3f,NaN,0,65.8691219721531
41933,267.92,1,-96.2952084,32.9794971,168.597259521484,139.034895951251,1724423599400,3,-93,-13,-61,3,3f,NaN,0,65.8691219721531
41934,267.92,1,-96.2952084,32.9794971,168.597259521484,139.14969505478,1724423600399,3,-93,-13,-61,3,3f,NaN,0,65.8691219721531
41935,267.92,1,-96.2952084,32.9794971,168.597259521484,139.266238825535,1724423601401,3,-92,-13,-65,3,3f,NaN,0,65.8691219721531
41936,267.92,1,-96.2952084,32.9794971,168.597259521484,139.279149363014,1724423602401,3,-92,-13,-65,3,3f,NaN,0,65.8691219721531
41937,267.92,1,-96.2952084,32.9794971,168.597259521484,139.279149363014,1724423603404,3,-92,-13,-61,3,3f,NaN,0,65.8691219721531
41938,267.92,1,-96.2952084,32.9794971,168.597259521484,139.279149363014,1724423604404,3,-92,-13,-61,3,3f,NaN,0,65.8691219721531
41939,267.92,1,-96.2952084,32.9794971,168.597259521484,139.279149363014,1724423605407,3,-91,-13,-59,3,3f,NaN,0,65.8691219721531
41940,267.92,1,-96.2952084,32.9794971,168.597259521484,139.279149363014,1724423606409,3,-91,-13,-59,3,3f,NaN,0,65.8691219721531
41941,267.92,1,-96.2952084,32.9794971,168.597259521484,139.279149363014,1724423607410,3,-91,-12,-61,3,3f,NaN,0,65.8691219721531
41942,267.92,1,-96.2952084,32.9794971,168.597259521484,139.279149363014,1724423608414,3,-91,-12,-61,3,3f,NaN,0,65.8691219721531
41943,267.92,1,-96.2952084,32.9794971,168.597259521484,139.279149363014,1724423609417,3,-92,-13,-59,3,3f,NaN,0,65.8691219721531
41944,267.92,1,-96.2952084,32.9794971,168.597259521484,139.279149363014,1724423610419,3,-92,-13,-59,3,3f,NaN,0.0141567144844183,65.8832786866375
41945,267.92,1,-96.2952082589574,32.9794971470142,168.597183227539,139.279432531769,1724423611422,4,-92,-13,-59,3,3f,NaN,0.0142708884366385,65.8975495750741
41946,267.92,1,-96.2952081167773,32.9794971944076,168.597106933594,139.279717984143,1724423612422,4,-92,-13,-59,3,3f,NaN,0.0016839686384257,65.8992335437126
41947,267.92,1,-96.2952081,32.9794972,168.597091674805,139.279751667523,1724423613426,3,-91,-12,-61,3,3f,NaN,0,65.8992335437126
41948,267.92,1,-96.2952081,32.9794972,168.597091674805,139.279751667523,1724423614436,3,-91,-12,-61,3,3f,NaN,0,65.8992335437126
41949,267.92,1,-96.2952081,32.9794972,168.597091674805,139.279751667523,1724423615436,3,-92,-14,-61,3,3f,NaN,0.00923485309343385,65.908468396806
41950,267.92,1,-96.295208000996,32.9794972,168.597045898438,139.279751667523,1724423616440,3,-92,-14,-61,3,3f,NaN,9.29041104255805e-05,65.9085613009164
41951,267.92,1,-96.295208,32.9794972,168.597045898438,139.279751667523,1724423617439,3,-91,-13,-59,3,3f,NaN,0,65.9085613009164
41952,267.92,1,-96.295208,32.9794972,168.597045898438,139.279751667523,1724423618442,3,-91,-13,-59,3,3f,NaN,0,65.9085613009164
41953,267.92,1,-96.295208,32.9794972,168.597045898438,139.279751667523,1724423619443,3,-92,-13,-63,3,3f,NaN,0,65.9085613009164
41954,267.92,1,-96.295208,32.9794972,168.597045898438,139.279751667523,1724423620449,3,-92,-13,-63,3,3f,NaN,0.00524644313511769,65.9138077440515
41955,267.92,1,-96.295208,32.9794971528176,168.597061157227,139.279467485644,1724423621449,3,-92,-13,-61,3,3f,NaN,0.00532078878622795,65.9191285328378
41956,267.92,1,-96.295208,32.9794971049666,168.597091674805,139.279179276896,1724423622451,3,-92,-13,-61,3,3f,NaN,0.000552260082966239,65.9196807929207
41957,267.92,1,-96.295208,32.9794971,168.597091674805,139.279149363014,1724423623451,3,-91,-13,-59,3,3f,NaN,0,65.9196807929207
41958,267.92,1,-96.295208,32.9794971,168.597091674805,139.279149363014,1724423624452,3,-91,-13,-59,3,3f,NaN,0,65.9196807929207
41959,267.92,1,-96.295208,32.9794971,168.597091674805,139.279149363014,1724423625454,3,-92,-13,-61,3,3f,NaN,0,65.9196807929207
41960,267.92,1,-96.295208,32.9794971,168.597091674805,139.279149363014,1724423626456,3,-92,-13,-61,3,3f,NaN,0,65.9196807929207
41961,267.92,1,-96.295208,32.9794971,168.597091674805,139.279149363014,1724423627458,3,-91,-12,-63,3,3f,NaN,0,65.9196807929207
41962,267.92,1,-96.295208,32.9794971,168.597091674805,139.279149363014,1724423628461,3,-91,-12,-63,3,3f,NaN,0,65.9196807929207
41963,267.92,1,-96.295208,32.9794971,168.597091674805,139.279149363014,1724423629468,3,-91,-12,-59,3,3f,NaN,0,65.9196807929207
41964,267.92,1,-96.295208,32.9794971,168.597091674805,139.279149363014,1724423630470,3,-91,-12,-59,3,3f,NaN,0,65.9196807929207
41965,267.92,1,-96.295208,32.9794971,168.597091674805,139.279149363014,1724423631471,4,-91,-13,-61,3,3f,NaN,0.0105174271772593,65.930198220098
41966,267.92,1,-96.295208,32.9794971945855,168.597045898438,139.274403277569,1724423632471,4,-91,-13,-61,3,3f,NaN,0.0106666178147633,65.9408648379128
41967,267.92,1,-96.295208,32.9794972905127,168.597015380859,139.269589871764,1724423633472,4,-92,-13,-59,3,3f,NaN,0.00105493980668869,65.9419197777194
41968,267.92,1,-96.295208,32.9794973,168.597015380859,139.26911382064,1724423634479,4,-92,-13,-59,3,3f,NaN,0,65.9419197777194
41969,267.92,1,-96.295208,32.9794973,168.597015380859,139.26911382064,1724423635481,3,-91,-12,-61,3,3f,NaN,0,65.9419197777194
41970,267.92,1,-96.295208,32.9794973,168.597015380859,139.26911382064,1724423636484,3,-91,-12,-61,3,3f,NaN,0,65.9419197777194
41971,267.92,1,-96.295208,32.9794973,168.597015380859,139.26911382064,1724423637484,3,-92,-13,-59,3,3f,NaN,0.0109860588713855,65.9529058365908
41972,267.92,1,-96.295208,32.9794973988,168.596984863281,139.26911382064,1724423638485,3,-92,-13,-59,3,3f,NaN,0.000133433923013842,65.9530392705138
41973,267.92,1,-96.295208,32.9794974,168.596969604492,139.26911382064,1724423639486,3,-92,-12,-63,3,3f,NaN,0,65.9530392705138
41974,267.92,1,-96.295208,32.9794974,168.596969604492,139.26911382064,1724423640494,3,-92,-12,-63,3,3f,NaN,0,65.9530392705138
41975,267.92,1,-96.295208,32.9794974,168.596969604492,139.26911382064,1724423641494,3,-92,-12,-61,3,3f,NaN,0,65.9530392705138
41976,267.92,1,-96.295208,32.9794974,168.596969604492,139.26911382064,1724423642494,3,-92,-12,-61,3,3f,NaN,0,65.9530392705138
41977,267.92,1,-96.295208,32.9794974,168.596969604492,139.26911382064,1724423643500,4,-92,-12,-61,3,3f,NaN,0.00683936422961255,65.9598786347434
41978,267.92,1,-96.2952079528768,32.9794974471232,168.596939086914,139.340363549877,1724423644504,4,-92,-12,-61,3,3f,NaN,0.00692216380394097,65.9668007985474
41979,267.92,1,-96.2952079051831,32.9794974948169,168.596908569336,139.412476040719,1724423645507,4,-91,-12,-61,3,3f,NaN,0.000752265360837063,65.9675530639082
41980,267.92,1,-96.2952079,32.9794975,168.596893310547,139.420312791967,1724423646509,4,-91,-12,-61,3,3f,NaN,0,65.9675530639082
41981,267.92,1,-96.2952079,32.9794975,168.596893310547,139.420312791967,1724423647510,3,-91,-12,-59,3,3f,NaN,0,65.9675530639082
41982,267.92,1,-96.2952079,32.9794975,168.596893310547,139.420312791967,1724423648511,3,-91,-12,-59,3,3f,NaN,0,65.9675530639082
41983,267.92,1,-96.2952079,32.9794975,168.596893310547,139.420312791967,1724423649513,4,-91,-13,-59,3,3f,NaN,0,65.9675530639082
41984,267.92,1,-96.2952079,32.9794975,168.596893310547,139.420312791967,1724423650512,4,-91,-13,-59,3,3f,NaN,0,65.9675530639082
41985,267.92,1,-96.2952079,32.9794975,168.596893310547,139.420312791967,1724423651519,4,-92,-13,-61,3,3f,NaN,0,65.9675530639082
41986,267.92,1,-96.2952079,32.9794975,168.596893310547,139.420312791967,1724423652520,4,-92,-13,-61,3,3f,NaN,0,65.9675530639082
41987,267.92,1,-96.2952079,32.9794975,168.596893310547,139.420312791967,1724423653523,4,-91,-12,-61,3,3f,NaN,0,65.9675530639082
41988,267.92,1,-96.2952079,32.9794975,168.596893310547,139.420312791967,1724423654529,4,-91,-12,-61,3,3f,NaN,0,65.9675530639082
41989,267.92,1,-96.2952079,32.9794975,168.596893310547,139.420312791967,1724423655529,4,-92,-13,-61,3,3f,NaN,0.0104979017455191,65.9780509656537
41990,267.92,1,-96.2952079,32.9794975944099,168.596862792969,139.395207261866,1724423656528,4,-92,-13,-61,3,3f,NaN,0.0106466696862246,65.98869763534
41991,267.92,1,-96.2952079,32.9794976901577,168.596832275391,139.369745985387,1724423657530,4,-92,-13,-61,3,3f,NaN,0.00109441415705502,65.989792049497
41992,267.92,1,-96.2952079,32.9794977,168.596817016602,139.367128708463,1724423658529,3,-92,-12,-61,3,3f,NaN,0,65.989792049497
41993,267.92,1,-96.2952079,32.9794977,168.596817016602,139.367128708463,1724423659541,3,-92,-12,-61,3,3f,NaN,0,65.989792049497
41994,267.92,1,-96.2952079,32.9794977,168.596817016602,139.367128708463,1724423660542,4,-91,-12,-61,3,3f,NaN,0,65.989792049497
41995,267.92,1,-96.2952079,32.9794977,168.596817016602,139.367128708463,1724423661545,4,-91,-12,-61,3,3f,NaN,0,65.989792049497
41996,267.92,1,-96.2952079,32.9794977,168.596817016602,139.367128708463,1724423662545,5,-91,-13,-59,3,3f,NaN,0,65.989792049497
41997,267.92,1,-96.2952079,32.9794977,168.596817016602,139.367128708463,1724423663545,5,-91,-13,-59,3,3f,NaN,0,65.989792049497
41998,267.92,1,-96.2952079,32.9794977,168.596817016602,139.367128708463,1724423664552,5,-91,-12,-61,3,3f,NaN,0,65.989792049497
41999,267.92,1,-96.2952079,32.9794977,168.596817016602,139.367128708463,1724423665548,5,-91,-12,-61,3,3f,NaN,0,65.989792049497
42000,267.92,1,-96.2952079,32.9794977,168.596817016602,139.367128708463,1724423666550,5,-93,-13,-61,3,3f,NaN,0.00685200463902366,65.996644054136
42001,267.92,1,-96.2952078527897,32.9794977472103,168.596786499023,139.225173996072,1724423667551,5,-93,-13,-61,3,3f,NaN,0.00699042275180664,66.0036344768879
42002,267.92,1,-96.2952078046257,32.9794977953743,168.596755981445,139.080351511713,1724423668561,4,-92,-12,-61,3,3f,NaN,0.000671364525970166,66.0043058414138
42003,267.92,1,-96.2952078,32.9794978,168.596740722656,139.066442817671,1724423669560,4,-92,-12,-61,3,3f,NaN,0,66.0043058414138
42004,267.92,1,-96.2952078,32.9794978,168.596740722656,139.066442817671,1724423670559,3,-92,-13,-61,3,3f,NaN,0,66.0043058414138
42005,267.92,1,-96.2952078,32.9794978,168.596740722656,139.066442817671,1724423671567,3,-92,-13,-61,3,3f,NaN,0,66.0043058414138
42006,267.92,1,-96.2952078,32.9794978,168.596740722656,139.066442817671,1724423672564,3,-93,-14,-61,3,3f,NaN,0,66.0043058414138
42007,267.92,1,-96.2952078,32.9794978,168.596740722656,139.066442817671,1724423673566,3,-93,-14,-61,3,3f,NaN,0,66.0043058414138
42008,267.92,1,-96.2952078,32.9794978,168.596740722656,139.066442817671,1724423674566,3,-91,-12,-61,3,3f,NaN,0,66.0043058414138
42009,267.92,1,-96.2952078,32.9794978,168.596740722656,139.066442817671,1724423675572,3,-91,-12,-61,3,3f,NaN,0,66.0043058414138
42010,267.92,1,-96.2952078,32.9794978,168.596740722656,139.066442817671,1724423676570,4,-92,-12,-63,3,3f,NaN,0,66.0043058414138
42011,267.92,1,-96.2952078,32.9794978,168.596740722656,139.066442817671,1724423677576,4,-92,-12,-63,3,3f,NaN,0.00886864103342054,66.0131744824472
42012,267.92,1,-96.2952078,32.9794978797576,168.596710205078,139.11958336894,1724423678577,4,-93,-13,-61,3,3f,NaN,0.00902138864473159,66.022195871092
42013,267.92,1,-96.2952078,32.9794979608889,168.5966796875,139.173639208326,1724423679581,4,-93,-13,-61,3,3f,NaN,0.00434895591064656,66.0265448270026
42014,267.92,1,-96.2952078,32.979498,168.596664428711,139.199697999425,1724423680579,4,-92,-13,-63,3,3f,NaN,0,66.0265448270026
42015,267.92,1,-96.2952078,32.979498,168.596664428711,139.199697999425,1724423681583,4,-92,-13,-63,3,3f,NaN,0,66.0265448270026
42016,267.92,1,-96.2952078,32.979498,168.596664428711,139.199697999425,1724423682585,4,-92,-13,-61,3,3f,NaN,0,66.0265448270026
42017,267.92,1,-96.2952078,32.979498,168.596664428711,139.199697999425,1724423683594,4,-92,-13,-61,3,3f,NaN,0,66.0265448270026
42018,267.92,1,-96.2952078,32.979498,168.596664428711,139.199697999425,1724423684594,4,-92,-13,-59,3,3f,NaN,0,66.0265448270026
42019,267.92,1,-96.2952078,32.979498,168.596664428711,139.195041802787,1724423685596,4,-92,-13,-59,3,3f,NaN,0,66.0265448270026
42020,267.92,1,-96.2952078,32.979498,168.596664428711,139.190338621319,1724423686597,4,-91,-12,-61,3,3f,NaN,0,66.0265448270026
42021,267.92,1,-96.2952078,32.979498,168.596664428711,139.18986877302,1724423687597,4,-91,-12,-61,3,3f,NaN,0,66.0265448270026
42022,267.92,1,-96.2952078,32.979498,168.596664428711,139.18986877302,1724423688600,3,-91,-12,-61,3,3f,NaN,0,66.0265448270026
42023,267.92,1,-96.2952078,32.979498,168.596664428711,139.18986877302,1724423689598,3,-91,-12,-61,3,3f,NaN,0,66.0265448270026
42024,267.92,1,-96.2952078,32.979498,168.596664428711,139.18986877302,1724423690603,3,-92,-12,-63,3,3f,NaN,0,66.0265448270026
42025,267.92,1,-96.2952078,32.979498,168.596664428711,139.18986877302,1724423691602,3,-92,-12,-63,3,3f,NaN,0,66.0265448270026
42026,267.92,1,-96.2952078,32.979498,168.596664428711,139.18986877302,1724423692606,3,-92,-13,-61,3,3f,NaN,0,66.0265448270026
42027,267.92,1,-96.2952078,32.979498,168.596664428711,139.18986877302,1724423693607,3,-92,-13,-61,3,3f,NaN,0,66.0265448270026
42028,267.92,1,-96.2952078,32.979498,168.596664428711,139.18986877302,1724423694611,4,-91,-12,-61,3,3f,NaN,0,66.0265448270026
42029,267.92,1,-96.2952078,32.979498,168.596664428711,139.18986877302,1724423695613,4,-91,-12,-61,3,3f,NaN,0.00688154096976071,66.0334263679724
42030,267.92,1,-96.2952078474138,32.9794979525862,168.596710205078,139.100178303846,1724423696614,4,-91,-11,-61,3,3f,NaN,0.00702750565083426,66.0404538736232
42031,267.92,1,-96.2952078958333,32.9794979041667,168.596740722656,139.008585309568,1724423697625,4,-91,-11,-61,3,3f,NaN,0.000604745887938764,66.0410586195111
42032,267.92,1,-96.2952079,32.9794979,168.596755981445,139.000703419853,1724423698622,4,-92,-12,-59,3,3f,NaN,0,66.0410586195111
42033,267.92,1,-96.2952079,32.9794979,168.596755981445,139.000703419853,1724423699624,4,-92,-12,-59,3,3f,NaN,0,66.0410586195111
42034,267.92,1,-96.2952079,32.9794979,168.596755981445,139.000703419853,1724423700628,4,-92,-12,-59,3,3f,NaN,0,66.0410586195111
42035,267.92,1,-96.2952079,32.9794979,168.596755981445,139.000703419853,1724423701628,4,-93,-12,-63,3,3f,NaN,0,66.0410586195111
42036,267.92,1,-96.2952079,32.9794979,168.596755981445,139.000703419853,1724423702630,4,-93,-12,-63,3,3f,NaN,0,66.0410586195111
42037,267.92,1,-96.2952079,32.9794979,168.596755981445,139.000703419853,1724423703630,4,-92,-13,-61,3,3f,NaN,0,66.0410586195111
42038,267.92,1,-96.2952079,32.9794979,168.596755981445,139.000703419853,1724423704633,4,-92,-13,-61,3,3f,NaN,0,66.0410586195111
42039,267.92,1,-96.2952079,32.9794979,168.596755981445,139.000703419853,1724423705641,3,-90,-13,-63,3,3f,NaN,0.0102390803743371,66.0512976998855
42040,267.92,1,-96.2952079942912,32.9794978528544,168.596801757813,139.037378367781,1724423706644,3,-90,-13,-63,3,3f,NaN,0.0103423920218452,66.0616400919073
42041,267.92,1,-96.2952080895338,32.9794978052331,168.596862792969,139.074423395909,1724423707645,3,-92,-13,-59,3,3f,NaN,0.00113652433820988,66.0627766162455
42042,267.92,1,-96.2952081,32.9794978,168.596878051758,139.078494278121,1724423708643,3,-92,-13,-59,3,3f,NaN,0,66.0627766162455
42043,267.92,1,-96.2952081,32.9794978,168.596878051758,139.078494278121,1724423709646,3,-92,-13,-59,3,3f,NaN,0,66.0627766162455
42044,267.92,1,-96.2952081,32.9794978,168.596878051758,139.078494278121,1724423710652,3,-92,-13,-59,3,3f,NaN,0,66.0627766162455
42045,267.92,1,-96.2952081,32.9794978,168.596878051758,139.078494278121,1724423711653,4,-93,-13,-61,3,3f,NaN,0,66.0627766162455
42046,267.92,1,-96.2952081,32.9794978,168.596878051758,139.078494278121,1724423712655,4,-93,-13,-61,3,3f,NaN,0,66.0627766162455
42047,267.92,1,-96.2952081,32.9794978,168.596878051758,139.078494278121,1724423713658,4,-92,-14,-59,3,3f,NaN,0,66.0627766162455
42048,267.92,1,-96.2952081,32.9794978,168.596878051758,139.078494278121,1724423714659,4,-92,-14,-59,3,3f,NaN,0,66.0627766162455
42049,267.92,1,-96.2952081,32.9794978,168.596878051758,139.078494278121,1724423715663,4,-93,-13,-63,3,3f,NaN,0,66.0627766162455
42050,267.92,1,-96.2952081,32.9794978,168.596878051758,139.078494278121,1724423716664,4,-93,-13,-63,3,3f,NaN,0.00522742888997306,66.0680040451355
42051,267.92,1,-96.2952081,32.9794977529886,168.596893310547,139.063017725351,1724423717663,4,-91,-13,-59,3,3f,NaN,0.00530127362562492,66.0733053187611
42052,267.92,1,-96.2952081,32.9794977053131,168.596908569336,139.047322533086,1724423718668,4,-91,-13,-59,3,3f,NaN,0.000590789488713896,66.0738961082498
42053,267.92,1,-96.2952081,32.9794977,168.596908569336,139.045573417132,1724423719670,4,-91,-13,-61,3,3f,NaN,0,66.0738961082498
42054,267.92,1,-96.2952081,32.9794977,168.596908569336,139.045573417132,1724423720672,4,-91,-13,-61,3,3f,NaN,0,66.0738961082498
42055,267.92,1,-96.2952081,32.9794977,168.596908569336,139.045573417132,1724423721674,4,-92,-13,-61,3,3f,NaN,0,66.0738961082498
42056,267.92,1,-96.2952081,32.9794977,168.596908569336,139.045573417132,1724423722680,4,-92,-13,-61,3,3f,NaN,0,66.0738961082498
42057,267.92,1,-96.2952081,32.9794977,168.596908569336,139.045573417132,1724423723678,4,-92,-14,-61,3,3f,NaN,0,66.0738961082498
42058,267.92,1,-96.2952081,32.9794977,168.596908569336,139.045573417132,1724423724679,4,-92,-14,-61,3,3f,NaN,0,66.0738961082498
42059,267.92,1,-96.2952081,32.9794977,168.596908569336,139.045573417132,1724423725684,4,-92,-14,-61,3,3f,NaN,0,66.0738961082498
42060,267.92,1,-96.2952081,32.9794977,168.596908569336,139.045573417132,1724423726684,4,-91,-13,-61,3,3f,NaN,0.0162857863152992,66.0901818945651
42061,267.92,1,-96.295208147017,32.9794978410511,168.596878051758,139.06801952935,1724423727688,4,-91,-13,-61,3,3f,NaN,0.016466206038855,66.106648100604
42062,267.92,1,-96.2952081945549,32.9794979836648,168.596832275391,139.090714289336,1724423728692,4,-90,-14,-57,3,3f,NaN,0.00188606626973965,66.1085341668737
42063,267.92,1,-96.2952082,32.979498,168.596832275391,139.093313788737,1724423729691,4,-90,-14,-57,3,3f,NaN,0,66.1085341668737
42064,267.92,1,-96.2952082,32.979498,168.596832275391,139.093313788737,1724423730696,4,-90,-12,-61,3,3f,NaN,0,66.1085341668737
42065,267.92,1,-96.2952082,32.979498,168.596832275391,139.093313788737,1724423731698,4,-90,-12,-61,3,3f,NaN,0,66.1085341668737
42066,267.92,1,-96.2952082,32.979498,168.596832275391,139.093313788737,1724423732704,4,-92,-13,-61,3,3f,NaN,0.0109975451630797,66.1195317120368
42067,267.92,1,-96.2952082,32.9794980989033,168.596786499023,139.093313788737,1724423733706,4,-92,-13,-61,3,3f,NaN,0.00012194763131964,66.1196536596681
42068,267.92,1,-96.2952082,32.9794981,168.596786499023,139.093313788737,1724423734709,4,-92,-15,-59,3,3f,NaN,0,66.1196536596681
42069,267.92,1,-96.2952082,32.9794981,168.596786499023,139.093313788737,1724423735711,4,-92,-15,-59,3,3f,NaN,0,66.1196536596681
42070,267.92,1,-96.2952082,32.9794981,168.596786499023,139.093313788737,1724423736711,4,-93,-13,-61,3,3f,NaN,0,66.1196536596681
42071,267.92,1,-96.2952082,32.9794981,168.596786499023,139.093313788737,1724423737713,4,-93,-13,-61,3,3f,NaN,0.00436975533410967,66.1240234150022
42072,267.92,1,-96.2952082468468,32.9794981,168.596801757813,139.060226727333,1724423738712,4,-93,-14,-61,3,3f,NaN,0.0044272618471793,66.1284506768494
42073,267.92,1,-96.2952082943101,32.9794981,168.596832275391,139.026704309858,1724423739713,4,-93,-14,-61,3,3f,NaN,0.000530739927493745,66.1289814167769
42074,267.92,1,-96.2952083,32.9794981,168.596832275391,139.022685638432,1724423740714,4,-93,-14,-61,3,3f,NaN,0,66.1289814167769
42075,267.92,1,-96.2952083,32.9794981,168.596832275391,139.022685638432,1724423741714,4,-94,-15,-63,3,3f,NaN,0,66.1289814167769
42076,267.92,1,-96.2952083,32.9794981,168.596832275391,139.022685638432,1724423742715,4,-94,-15,-63,3,3f,NaN,0,66.1289814167769
42077,267.92,1,-96.2952083,32.9794981,168.596832275391,139.022685638432,1724423743720,4,-94,-14,-61,3,3f,NaN,0,66.1289814167769
42078,267.92,1,-96.2952083,32.9794981,168.596832275391,139.022685638432,1724423744733,4,-94,-14,-61,3,3f,NaN,0,66.1289814167769
42079,267.92,1,-96.2952083,32.9794981,168.596832275391,139.022685638432,1724423745735,4,-94,-14,-61,3,3f,NaN,0,66.1289814167769
42080,267.92,1,-96.2952083,32.9794981,168.596832275391,139.022685638432,1724423746736,4,-93,-12,-63,3,3f,NaN,0,66.1289814167769
42081,267.92,1,-96.2952083,32.9794981,168.596832275391,139.022685638432,1724423747736,4,-93,-12,-63,3,3f,NaN,0,66.1289814167769
42082,267.92,1,-96.2952083,32.9794981,168.596832275391,139.022685638432,1724423748737,5,-94,-13,-63,3,3f,NaN,0.0104573046808525,66.1394387214578
42083,267.92,1,-96.2952083,32.9794981940448,168.596786499023,139.088663588068,1724423749736,5,-94,-13,-63,3,3f,NaN,0.0106268211087076,66.1500655425665
42084,267.92,1,-96.2952083,32.9794982896141,168.596740722656,139.155711089066,1724423750739,5,-94,-14,-61,3,3f,NaN,0.0011548597992386,66.1512204023657
42085,267.92,1,-96.2952083,32.9794983,168.596740722656,139.162997407719,1724423751740,5,-94,-14,-61,3,3f,NaN,0,66.1512204023657
42086,267.92,1,-96.2952083,32.9794983,168.596740722656,139.162997407719,1724423752741,5,-93,-12,-63,3,3f,NaN,0,66.1512204023657
42087,267.92,1,-96.2952083,32.9794983,168.596740722656,139.162997407719,1724423753743,5,-93,-12,-63,3,3f,NaN,0,66.1512204023657
42088,267.92,1,-96.2952083,32.9794983,168.596740722656,139.162997407719,1724423754748,6,-93,-14,-61,3,3f,NaN,0,66.1512204023657
42089,267.92,1,-96.2952083,32.9794983,168.596740722656,139.162997407719,1724423755757,6,-93,-14,-61,3,3f,NaN,0,66.1512204023657
42090,267.92,1,-96.2952083,32.9794983,168.596740722656,139.162997407719,1724423756757,5,-93,-13,-61,3,3f,NaN,0,66.1512204023657
42091,267.92,1,-96.2952083,32.9794983,168.596740722656,139.162997407719,1724423757756,5,-93,-13,-61,3,3f,NaN,0,66.1512204023657
42092,267.92,1,-96.2952083,32.9794983,168.596740722656,139.162997407719,1724423758760,5,-93,-13,-61,3,3f,NaN,0,66.1512204023657
42093,267.92,1,-96.2952083,32.9794983,168.596740722656,139.162997407719,1724423759761,5,-93,-13,-63,3,3f,NaN,0.00521160580813513,66.1564320081738
42094,267.92,1,-96.2952083,32.9794983468691,168.596725463867,139.145837920582,1724423760761,5,-93,-13,-63,3,3f,NaN,0.00530654429916269,66.161738552473
42095,267.92,1,-96.2952083,32.979498394592,168.596694946289,139.12836581121,1724423761767,4,-93,-13,-61,3,3f,NaN,0.000601341897014058,66.16233989437
42096,267.92,1,-96.2952083,32.9794984,168.596694946289,139.126385870387,1724423762768,4,-93,-13,-61,3,3f,NaN,0,66.16233989437
42097,267.92,1,-96.2952083,32.9794984,168.596694946289,139.126385870387,1724423763774,4,-93,-14,-61,3,3f,NaN,0,66.16233989437
42098,267.92,1,-96.2952083,32.9794984,168.596694946289,139.126385870387,1724423764776,4,-93,-14,-61,3,3f,NaN,0,66.16233989437
42099,267.92,1,-96.2952083,32.9794984,168.596694946289,139.126385870387,1724423765777,4,-93,-15,-59,3,3f,NaN,0,66.16233989437
42100,267.92,1,-96.2952083,32.9794984,168.596694946289,139.126385870387,1724423766784,4,-93,-15,-59,3,3f,NaN,0,66.16233989437
42101,267.92,1,-96.2952083,32.9794984,168.596694946289,139.126385870387,1724423767784,4,-92,-13,-61,3,3f,NaN,0,66.16233989437
42102,267.92,1,-96.2952083,32.9794984,168.596694946289,139.126385870387,1724423768785,4,-92,-13,-61,3,3f,NaN,0,66.16233989437
42103,267.92,1,-96.2952083,32.9794984,168.596694946289,139.126385870387,1724423769787,4,-92,-13,-61,3,3f,NaN,0,66.16233989437
42104,267.92,1,-96.2952083,32.9794984,168.596694946289,139.126385870387,1724423770786,4,-93,-14,-61,3,3f,NaN,0.0068211406336026,66.1691610350036
42105,267.92,1,-96.2952083469977,32.9794984469976,168.596694946289,139.17479356622,1724423771789,4,-93,-14,-61,3,3f,NaN,0.00686231836121583,66.1760233533648
42106,267.92,1,-96.295208394279,32.979498494279,168.596694946289,139.223493461424,1724423772789,4,-93,-14,-61,3,3f,NaN,0.000830334331684997,66.1768536876965
42107,267.92,1,-96.2952084,32.9794985,168.596694946289,139.229386148744,1724423773788,4,-93,-14,-61,3,3f,NaN,0,66.1768536876965
42108,267.92,1,-96.2952084,32.9794985,168.596694946289,139.229386148744,1724423774790,4,-94,-14,-61,3,3f,NaN,0,66.1768536876965
42109,267.92,1,-96.2952084,32.9794985,168.596694946289,139.229386148744,1724423775791,4,-94,-14,-61,3,3f,NaN,0,66.1768536876965
42110,267.92,1,-96.2952084,32.9794985,168.596694946289,139.229386148744,1724423776797,4,-93,-13,-61,3,3f,NaN,0,66.1768536876965
42111,267.92,1,-96.2952084,32.9794985,168.596694946289,139.229386148744,1724423777799,4,-93,-13,-61,3,3f,NaN,0,66.1768536876965
42112,267.92,1,-96.2952084,32.9794985,168.596694946289,139.229386148744,1724423778803,4,-93,-14,-61,3,3f,NaN,0,66.1768536876965
42113,267.92,1,-96.2952084,32.9794985,168.596694946289,139.229386148744,1724423779805,4,-93,-14,-61,3,3f,NaN,0,66.1768536876965
42114,267.92,1,-96.2952084,32.9794985,168.596694946289,139.229386148744,1724423780805,4,-94,-15,-61,3,3f,NaN,0,66.1768536876965
42115,267.92,1,-96.2952084,32.9794985,168.596694946289,139.229386148744,1724423781812,4,-94,-15,-61,3,3f,NaN,0.00521259578773981,66.1820662834842
42116,267.92,1,-96.2952084,32.979498546878,168.596664428711,139.099429838847,1724423782813,4,-94,-14,-59,3,3f,NaN,0.00528096995772304,66.187347253442
42117,267.92,1,-96.2952084,32.9794985943709,168.596649169922,138.967768753947,1724423783817,4,-94,-14,-59,3,3f,NaN,0.0006259270489365,66.1879731804909
42118,267.92,1,-96.2952084,32.9794986,168.596649169922,138.952163505836,1724423784816,4,-94,-14,-59,3,3f,NaN,0,66.1879731804909
42119,267.92,1,-96.2952084,32.9794986,168.596649169922,138.952163505836,1724423785815,4,-94,-15,-61,3,3f,NaN,0,66.1879731804909
42120,267.92,1,-96.2952084,32.9794986,168.596649169922,138.952163505836,1724423786817,4,-94,-15,-61,3,3f,NaN,0,66.1879731804909
42121,267.92,1,-96.2952084,32.9794986,168.596649169922,138.952163505836,1724423787825,4,-93,-14,-61,3,3f,NaN,0,66.1879731804909
42122,267.92,1,-96.2952084,32.9794986,168.596649169922,138.952163505836,1724423788827,4,-93,-14,-61,3,3f,NaN,0,66.1879731804909
42123,267.92,1,-96.2952084,32.9794986,168.596649169922,138.952163505836,1724423789828,4,-94,-15,-61,3,3f,NaN,0,66.1879731804909
42124,267.92,1,-96.2952084,32.9794986,168.596649169922,138.952163505836,1724423790830,4,-94,-15,-61,3,3f,NaN,0,66.1879731804909
42125,267.92,1,-96.2952084,32.9794986,168.596649169922,138.952163505836,1724423791832,4,-93,-14,-61,3,3f,NaN,0,66.1879731804909
42126,267.92,1,-96.2952084,32.9794986,168.596649169922,138.952163505836,1724423792838,4,-93,-14,-61,3,3f,NaN,0,66.1879731804909
42127,267.92,1,-96.2952084,32.9794986,168.596649169922,138.952163505836,1724423793834,4,-94,-14,-61,3,3f,NaN,0.0104741177422951,66.1984472982332
42128,267.92,1,-96.2952084,32.979498694196,168.596603393555,139.011662775371,1724423794836,4,-94,-14,-61,3,3f,NaN,0.010643400304258,66.2090906985374
42129,267.92,1,-96.2952084,32.9794987899144,168.596557617188,139.072123649262,1724423795842,4,-93,-12,-63,3,3f,NaN,0.00112146754224563,66.2102121660797
42130,267.92,1,-96.2952084,32.9794988,168.596557617188,139.078494278121,1724423796843,4,-93,-12,-63,3,3f,NaN,0,66.2102121660797
42131,267.92,1,-96.2952084,32.9794988,168.596557617188,139.078494278121,1724423797851,4,-93,-13,-61,3,3f,NaN,0,66.2102121660797
42132,267.92,1,-96.2952084,32.9794988,168.596557617188,139.078494278121,1724423798851,4,-93,-13,-61,3,3f,NaN,0,66.2102121660797
42133,267.92,1,-96.2952084,32.9794988,168.596557617188,139.078494278121,1724423799853,4,-93,-12,-61,3,3f,NaN,0,66.2102121660797
42134,267.92,1,-96.2952084,32.9794988,168.596557617188,139.078494278121,1724423800854,4,-93,-12,-61,3,3f,NaN,0,66.2102121660797
42135,267.92,1,-96.2952084,32.9794988,168.596557617188,139.078494278121,1724423801856,4,-92,-14,-59,3,3f,NaN,0,66.2102121660797
42136,267.92,1,-96.2952084,32.9794988,168.596557617188,139.078494278121,1724423802856,4,-92,-14,-59,3,3f,NaN,0,66.2102121660797
42137,267.92,1,-96.2952084,32.9794988,168.596557617188,139.078494278121,1724423803857,4,-92,-13,-61,3,3f,NaN,0,66.2102121660797
42138,267.92,1,-96.2952084,32.9794988,168.596557617188,139.078494278121,1724423804864,4,-92,-13,-61,3,3f,NaN,0.0156258303816541,66.2258379964613
42139,267.92,1,-96.2952082487909,32.9794988604836,168.596466064453,139.048474551873,1724423805865,4,-92,-13,-61,3,3f,NaN,0.0158630581105895,66.2417010545719
42140,267.92,1,-96.2952080952862,32.9794989218855,168.596374511719,139.017999060551,1724423806868,4,-92,-13,-61,3,3f,NaN,0.0158472465488889,66.2575483011208
42141,267.92,1,-96.2952079419345,32.9794989832262,168.596282958984,138.987553953566,1724423807870,5,-92,-11,-63,3,3f,NaN,0.00433347975718297,66.261881780878
42142,267.92,1,-96.2952079,32.979499,168.596252441406,138.97922864487,1724423808869,5,-92,-11,-63,3,3f,NaN,0,66.261881780878
42143,267.92,1,-96.2952079,32.979499,168.596252441406,138.97922864487,1724423809870,3,-92,-12,-61,3,3f,NaN,0,66.261881780878
42144,267.92,1,-96.2952079,32.979499,168.596252441406,138.97922864487,1724423810879,3,-92,-12,-61,3,3f,NaN,0.00922494703956363,66.2711067279176
42145,267.92,1,-96.2952078011022,32.979499,168.596206665039,138.97922864487,1724423811880,3,-92,-14,-59,3,3f,NaN,0.000102809974142359,66.2712095378917
42146,267.92,1,-96.2952078,32.979499,168.596206665039,138.97922864487,1724423812885,3,-92,-14,-59,3,3f,NaN,0,66.2712095378917
42147,267.92,1,-96.2952078,32.979499,168.596206665039,138.97922864487,1724423813883,4,-93,-13,-63,3,3f,NaN,0,66.2712095378917
42148,267.92,1,-96.2952078,32.979499,168.596206665039,138.97922864487,1724423814886,4,-93,-13,-63,3,3f,NaN,0,66.2712095378917
42149,267.92,1,-96.2952078,32.979499,168.596206665039,138.97922864487,1724423815892,4,-93,-12,-65,3,3f,NaN,0,66.2712095378917
42150,267.92,1,-96.2952078,32.979499,168.596206665039,138.97922864487,1724423816893,4,-93,-12,-65,3,3f,NaN,0.0068800462042106,66.2780895840959
42151,267.92,1,-96.2952078474035,32.9794990474035,168.596206665039,139.000277290828,1724423817896,3,-93,-13,-61,3,3f,NaN,0.00690770890859152,66.2849972930045
42152,267.92,1,-96.2952078949976,32.9794990949976,168.596206665039,139.021410554458,1724423818895,3,-93,-13,-61,3,3f,NaN,0.000726037321048725,66.2857233303255
42153,267.92,1,-96.2952079,32.9794991,168.596206665039,139.023631768353,1724423819895,4,-93,-14,-61,3,3f,NaN,0,66.2857233303255
42154,267.92,1,-96.2952079,32.9794991,168.596206665039,139.023631768353,1724423820900,4,-93,-14,-61,3,3f,NaN,0,66.2857233303255
42155,267.92,1,-96.2952079,32.9794991,168.596206665039,139.023631768353,1724423821898,4,-93,-12,-65,3,3f,NaN,0,66.2857233303255
42156,267.92,1,-96.2952079,32.9794991,168.596206665039,139.023631768353,1724423822902,4,-93,-12,-65,3,3f,NaN,0,66.2857233303255
42157,267.92,1,-96.2952079,32.9794991,168.596206665039,139.023631768353,1724423823905,4,-93,-11,-63,3,3f,NaN,0,66.2857233303255
42158,267.92,1,-96.2952079,32.9794991,168.596206665039,139.023631768353,1724423824914,4,-93,-11,-63,3,3f,NaN,0,66.2857233303255
42159,267.92,1,-96.2952079,32.9794991,168.596206665039,139.023631768353,1724423825913,4,-93,-13,-61,3,3f,NaN,0,66.2857233303255
42160,267.92,1,-96.2952079,32.9794991,168.596206665039,139.023631768353,1724423826916,4,-93,-13,-61,3,3f,NaN,0.00439083689662277,66.2901141672222
42161,267.92,1,-96.2952079470728,32.9794991,168.596221923828,138.99691586985,1724423827919,5,-92,-12,-61,3,3f,NaN,0.00443967693650138,66.2945538441587
42162,267.92,1,-96.2952079946692,32.9794991,168.596252441406,138.969902827885,1724423828919,5,-92,-12,-61,3,3f,NaN,0.00049724449557184,66.2950510886542
42163,267.92,1,-96.295208,32.9794991,168.596252441406,138.966877367185,1724423829921,5,-92,-12,-61,3,3f,NaN,0,66.2950510886542
42164,267.92,1,-96.295208,32.9794991,168.596252441406,138.966877367185,1724423830928,5,-92,-13,-61,3,3f,NaN,0,66.2950510886542
42165,267.92,1,-96.295208,32.9794991,168.596252441406,138.966877367185,1724423831927,5,-92,-13,-61,3,3f,NaN,0,66.2950510886542
42166,267.92,1,-96.295208,32.9794991,168.596252441406,138.966877367185,1724423832929,5,-92,-14,-59,3,3f,NaN,0,66.2950510886542
42167,267.92,1,-96.295208,32.9794991,168.596252441406,138.966877367185,1724423833931,5,-92,-14,-59,3,3f,NaN,0,66.2950510886542
42168,267.92,1,-96.295208,32.9794991,168.596252441406,138.966877367185,1724423834939,5,-92,-13,-59,3,3f,NaN,0,66.2950510886542
42169,267.92,1,-96.295208,32.9794991,168.596252441406,138.966877367185,1724423835938,5,-92,-13,-59,3,3f,NaN,0,66.2950510886542
42170,267.92,1,-96.295208,32.9794991,168.596252441406,138.966877367185,1724423836939,4,-93,-13,-65,3,3f,NaN,0.00524235127209084,66.3002934399263
42171,267.92,1,-96.295208,32.9794990528544,168.596267700195,138.96383838023,1724423837942,4,-93,-13,-65,3,3f,NaN,0.00530053963436176,66.3055939795607
42172,267.92,1,-96.295208,32.9794990051855,168.596298217773,138.960765660826,1724423838944,4,-91,-13,-61,3,3f,NaN,0.000576601887946749,66.3061705814486
42173,267.92,1,-96.295208,32.979499,168.596298217773,138.960431402927,1724423839945,4,-91,-13,-61,3,3f,NaN,0,66.3061705814486
42174,267.92,1,-96.295208,32.979499,168.596298217773,138.960431402927,1724423840951,4,-92,-13,-61,3,3f,NaN,0,66.3061705814486
42175,267.92,1,-96.295208,32.979499,168.596298217773,138.960431402927,1724423841952,4,-92,-13,-61,3,3f,NaN,0,66.3061705814486
42176,267.92,1,-96.295208,32.979499,168.596298217773,138.960431402927,1724423842959,4,-92,-13,-61,3,3f,NaN,0,66.3061705814486
42177,267.92,1,-96.295208,32.979499,168.596298217773,138.960431402927,1724423843962,4,-92,-13,-61,3,3f,NaN,0,66.3061705814486
42178,267.92,1,-96.295208,32.979499,168.596298217773,138.960431402927,1724423844962,4,-92,-13,-61,3,3f,NaN,0,66.3061705814486
42179,267.92,1,-96.295208,32.979499,168.596298217773,138.960431402927,1724423845970,4,-92,-13,-61,3,3f,NaN,0,66.3061705814486
42180,267.92,1,-96.295208,32.979499,168.596298217773,138.960431402927,1724423846968,4,-93,-14,-61,3,3f,NaN,0,66.3061705814486
42181,267.92,1,-96.295208,32.979499,168.596298217773,138.960431402927,1724423847970,4,-93,-14,-61,3,3f,NaN,0.00527857836293983,66.3114491598116
42182,267.92,1,-96.295208,32.9794989525286,168.596313476563,138.844931918526,1724423848975,4,-93,-13,-63,3,3f,NaN,0.0053050992291731,66.3167542590407
42183,267.92,1,-96.295208,32.9794989048187,168.596343994141,138.728852034706,1724423849975,4,-93,-13,-63,3,3f,NaN,0.000535814412198953,66.3172900734529
42184,267.92,1,-96.295208,32.9794989,168.596343994141,138.71712796644,1724423850975,4,-92,-13,-61,3,3f,NaN,0,66.3172900734529
42185,267.92,1,-96.295208,32.9794989,168.596343994141,138.71712796644,1724423851976,4,-92,-13,-61,3,3f,NaN,0,66.3172900734529
42186,267.92,1,-96.295208,32.9794989,168.596343994141,138.71712796644,1724423852979,4,-91,-13,-61,3,3f,NaN,0,66.3172900734529
42187,267.92,1,-96.295208,32.9794989,168.596343994141,138.71712796644,1724423853982,4,-91,-13,-61,3,3f,NaN,0,66.3172900734529
42188,267.92,1,-96.295208,32.9794989,168.596343994141,138.71712796644,1724423854984,4,-90,-13,-59,3,3f,NaN,0,66.3172900734529
42189,267.92,1,-96.295208,32.9794989,168.596343994141,138.71712796644,1724423855988,4,-90,-13,-59,3,3f,NaN,0,66.3172900734529
42190,267.92,1,-96.295208,32.9794989,168.596343994141,138.71712796644,1724423856990,3,-90,-12,-61,3,3f,NaN,0,66.3172900734529
42191,267.92,1,-96.295208,32.9794989,168.596343994141,138.71712796644,1724423857991,3,-90,-12,-61,3,3f,NaN,0,66.3172900734529
42192,267.92,1,-96.295208,32.9794989,168.596343994141,138.71712796644,1724423858991,4,-91,-12,-61,3,3f,NaN,0.0044356658199188,66.3217257392728
42193,267.92,1,-96.2952079524466,32.9794989,168.596328735352,138.743499590627,1724423860006,4,-91,-12,-61,3,3f,NaN,0.00440466111004369,66.3261304003829
42194,267.92,1,-96.2952079052256,32.9794989,168.596298217773,138.769686797861,1724423861000,4,-92,-13,-61,3,3f,NaN,0.000487431419861655,66.3266178318027
42195,267.92,1,-96.2952079,32.9794989,168.596298217773,138.772584778541,1724423862003,4,-92,-13,-61,3,3f,NaN,0,66.3266178318027
42196,267.92,1,-96.2952079,32.9794989,168.596298217773,138.772584778541,1724423863001,4,-91,-13,-61,3,3f,NaN,0,66.3266178318027
42197,267.92,1,-96.2952079,32.9794989,168.596298217773,138.772584778541,1724423864006,4,-91,-13,-61,3,3f,NaN,0,66.3266178318027
42198,267.92,1,-96.2952079,32.9794989,168.596298217773,138.772584778541,1724423865006,4,-92,-12,-65,3,3f,NaN,0,66.3266178318027
42199,267.92,1,-96.2952079,32.9794989,168.596298217773,138.772584778541,1724423866008,4,-92,-12,-65,3,3f,NaN,0,66.3266178318027
42200,267.92,1,-96.2952079,32.9794989,168.596298217773,138.772584778541,1724423867011,3,-91,-12,-61,3,3f,NaN,0,66.3266178318027
42201,267.92,1,-96.2952079,32.9794989,168.596298217773,138.772584778541,1724423868015,3,-91,-12,-61,3,3f,NaN,0,66.3266178318027
42202,267.92,1,-96.2952079,32.9794989,168.596298217773,138.772584778541,1724423869015,4,-91,-13,-59,3,3f,NaN,0,66.3266178318027
42203,267.92,1,-96.2952079,32.9794989,168.596298217773,138.772584778541,1724423870015,4,-91,-13,-59,3,3f,NaN,0.00687824622208913,66.3334960780248
42204,267.92,1,-96.2952078526089,32.9794988526089,168.596298217773,138.714861452863,1724423871018,5,-91,-13,-61,3,3f,NaN,0.00699635869007314,66.3404924367149
42205,267.92,1,-96.295207804404,32.979498804404,168.596298217773,138.656146918562,1724423872025,5,-91,-13,-61,3,3f,NaN,0.000639187535267116,66.3411316242502
42206,267.92,1,-96.2952078,32.9794988,168.596298217773,138.650782730721,1724423873025,4,-92,-14,-59,3,3f,NaN,0,66.3411316242502
42207,267.92,1,-96.2952078,32.9794988,168.596298217773,138.650782730721,1724423874027,4,-92,-14,-59,3,3f,NaN,0,66.3411316242502
42208,267.92,1,-96.2952078,32.9794988,168.596298217773,138.650782730721,1724423875030,5,-92,-13,-61,3,3f,NaN,0,66.3411316242502
42209,267.92,1,-96.2952078,32.9794988,168.596298217773,138.650782730721,1724423876031,5,-92,-13,-61,3,3f,NaN,0,66.3411316242502
42210,267.92,1,-96.2952078,32.9794988,168.596298217773,138.650782730721,1724423877032,5,-92,-12,-63,3,3f,NaN,0,66.3411316242502
42211,267.92,1,-96.2952078,32.9794988,168.596298217773,138.650782730721,1724423878036,5,-92,-12,-63,3,3f,NaN,0,66.3411316242502
42212,267.92,1,-96.2952078,32.9794988,168.596298217773,138.650782730721,1724423879037,5,-91,-14,-59,3,3f,NaN,0,66.3411316242502
42213,267.92,1,-96.2952078,32.9794988,168.596298217773,138.650782730721,1724423880036,5,-91,-14,-59,3,3f,NaN,0,66.3411316242502
42214,267.92,1,-96.2952078,32.9794988,168.596298217773,138.650782730721,1724423881044,3,-92,-12,-61,3,3f,NaN,0.00688519781525453,66.3480168220654
42215,267.92,1,-96.295207847439,32.979498847439,168.596298217773,138.715594053131,1724423882047,3,-92,-12,-61,3,3f,NaN,0.0069616132409957,66.3549784353064
42216,267.92,1,-96.2952078954045,32.9794988954045,168.596298217773,138.78112477468,1724423883049,3,-92,-13,-61,3,3f,NaN,0.000666981391179916,66.3556454166976
42217,267.92,1,-96.2952079,32.9794989,168.596298217773,138.787403167164,1724423884053,3,-92,-13,-61,3,3f,NaN,0,66.3556454166976
42218,267.92,1,-96.2952079,32.9794989,168.596298217773,138.787403167164,1724423885054,3,-93,-14,-61,3,3f,NaN,0,66.3556454166976
42219,267.92,1,-96.2952079,32.9794989,168.596298217773,138.787403167164,1724423886058,3,-93,-14,-61,3,3f,NaN,0,66.3556454166976
42220,267.92,1,-96.2952079,32.9794989,168.596298217773,138.787403167164,1724423887057,4,-92,-12,-63,3,3f,NaN,0,66.3556454166976
42221,267.92,1,-96.2952079,32.9794989,168.596298217773,138.787403167164,1724423888065,4,-92,-12,-63,3,3f,NaN,0,66.3556454166976
42222,267.92,1,-96.2952079,32.9794989,168.596298217773,138.787403167164,1724423889068,4,-92,-12,-61,3,3f,NaN,0,66.3556454166976
42223,267.92,1,-96.2952079,32.9794989,168.596298217773,138.787403167164,1724423890068,4,-92,-12,-61,3,3f,NaN,0,66.3556454166976
42224,267.92,1,-96.2952079,32.9794989,168.596298217773,138.787403167164,1724423891068,4,-92,-13,-61,3,3f,NaN,0,66.3556454166976
42225,267.92,1,-96.2952079,32.9794989,168.596298217773,138.787403167164,1724423892070,4,-92,-13,-61,3,3f,NaN,0,66.3556454166976
42226,267.92,1,-96.2952079,32.9794989,168.596298217773,138.757895647012,1724423893073,4,-91,-12,-63,3,3f,NaN,0,66.3556454166976
42227,267.92,1,-96.2952079,32.9794989,168.596298217773,138.728030098304,1724423894074,4,-91,-12,-63,3,3f,NaN,0,66.3556454166976
42228,267.92,1,-96.2952079,32.9794989,168.596298217773,138.698164549596,1724423895075,4,-93,-13,-61,3,3f,NaN,0,66.3556454166976
42229,267.92,1,-96.2952079,32.9794989,168.596298217773,138.696255063964,1724423896084,4,-93,-13,-61,3,3f,NaN,0,66.3556454166976
42230,267.92,1,-96.2952079,32.9794989,168.596298217773,138.696255063964,1724423897084,4,-94,-13,-63,3,3f,NaN,0,66.3556454166976
42231,267.92,1,-96.2952079,32.9794989,168.596298217773,138.696255063964,1724423898087,4,-94,-13,-63,3,3f,NaN,0,66.3556454166976
42232,267.92,1,-96.2952079,32.9794989,168.596298217773,138.696255063964,1724423899089,4,-93,-12,-63,3,3f,NaN,0,66.3556454166976
42233,267.92,1,-96.2952079,32.9794989,168.596298217773,138.696255063964,1724423900095,4,-93,-12,-63,3,3f,NaN,0,66.3556454166976
42234,267.92,1,-96.2952079,32.9794989,168.596298217773,138.696255063964,1724423901096,4,-93,-13,-63,3,3f,NaN,0,66.3556454166976
42235,267.92,1,-96.2952079,32.9794989,168.596298217773,138.696255063964,1724423902097,4,-93,-13,-63,3,3f,NaN,0.0103147538453719,66.365960170543
42236,267.92,1,-96.2952079949881,32.979498947494,168.596313476563,138.786498954795,1724423903103,4,-92,-13,-59,3,3f,NaN,0.0103769504024548,66.3763371209454
42237,267.92,1,-96.2952080905489,32.9794989952745,168.596343994141,138.877287029893,1724423904104,4,-92,-13,-59,3,3f,NaN,0.00102629188242413,66.3773634128279
42238,267.92,1,-96.2952081,32.979499,168.596343994141,138.886266070287,1724423905111,4,-92,-12,-61,3,3f,NaN,0,66.3773634128279
42239,267.92,1,-96.2952081,32.979499,168.596343994141,138.886266070287,1724423906113,4,-92,-12,-61,3,3f,NaN,0,66.3773634128279
42240,267.92,1,-96.2952081,32.979499,168.596343994141,138.886266070287,1724423907112,4,-93,-12,-63,3,3f,NaN,0.00921604859505077,66.3865794614229
42241,267.92,1,-96.2952081988024,32.979499,168.596374511719,138.886266070287,1724423908113,4,-93,-12,-63,3,3f,NaN,0.000111709744209298,66.3866911711671
42242,267.92,1,-96.2952082,32.979499,168.596374511719,138.886266070287,1724423909113,4,-92,-12,-63,3,3f,NaN,0,66.3866911711671
42243,267.92,1,-96.2952082,32.979499,168.596374511719,138.886266070287,1724423910117,4,-92,-12,-63,3,3f,NaN,0,66.3866911711671
42244,267.92,1,-96.2952082,32.979499,168.596374511719,138.886266070287,1724423911115,4,-92,-11,-63,3,3f,NaN,0,66.3866911711671
42245,267.92,1,-96.2952082,32.979499,168.596374511719,138.886266070287,1724423912124,4,-92,-11,-63,3,3f,NaN,0.0102574451304496,66.3969486162976
42246,267.92,1,-96.2952081055397,32.9794989527698,168.59635925293,138.837339062954,1724423913126,5,-92,-12,-61,3,3f,NaN,0.0103715375226509,66.4073201538202
42247,267.92,1,-96.2952080100287,32.9794989050143,168.596343994141,138.787867872527,1724423914126,5,-92,-12,-61,3,3f,NaN,0.00108901347714483,66.4084091672973
42248,267.92,1,-96.295208,32.9794989,168.596343994141,138.782673397532,1724423915127,4,-92,-14,-61,3,3f,NaN,0,66.4084091672973
42249,267.92,1,-96.295208,32.9794989,168.596343994141,138.782673397532,1724423916130,4,-92,-14,-61,3,3f,NaN,0,66.4084091672973
42250,267.92,1,-96.295208,32.9794989,168.596343994141,138.782673397532,1724423917130,4,-91,-11,-61,3,3f,NaN,0,66.4084091672973
42251,267.92,1,-96.295208,32.9794989,168.596343994141,138.782673397532,1724423918136,4,-91,-11,-61,3,3f,NaN,0,66.4084091672973
42252,267.92,1,-96.295208,32.9794989,168.596343994141,138.782673397532,1724423919136,4,-90,-13,-57,3,3f,NaN,0,66.4084091672973
42253,267.92,1,-96.295208,32.9794989,168.596343994141,138.782673397532,1724423920137,4,-90,-13,-57,3,3f,NaN,0,66.4084091672973
42254,267.92,1,-96.295208,32.9794989,168.596343994141,138.782673397532,1724423921140,4,-91,-13,-59,3,3f,NaN,0,66.4084091672973
42255,267.92,1,-96.295208,32.9794989,168.596343994141,138.782673397532,1724423922143,4,-91,-13,-59,3,3f,NaN,0,66.4084091672973
42256,267.92,1,-96.295208,32.9794989,168.596343994141,138.782673397532,1724423923147,4,-92,-14,-59,3,3f,NaN,0.00525013521388279,66.4136593025112
42257,267.92,1,-96.295208,32.9794988527844,168.59635925293,138.826775834329,1724423924150,4,-92,-14,-59,3,3f,NaN,0.00529777116785354,66.4189570736791
42258,267.92,1,-96.295208,32.9794988051404,168.596389770508,138.871278394041,1724423925151,3,-91,-14,-59,3,3f,NaN,0.000571586412663024,66.4195286600917
42259,267.92,1,-96.295208,32.9794988,168.596389770508,138.876079869015,1724423926154,3,-91,-14,-59,3,3f,NaN,0,66.4195286600917
42260,267.92,1,-96.295208,32.9794988,168.596389770508,138.876079869015,1724423927157,3,-91,-14,-59,3,3f,NaN,0,66.4195286600917
42261,267.92,1,-96.295208,32.9794988,168.596389770508,138.876079869015,1724423928158,4,-91,-11,-61,3,3f,NaN,0,66.4195286600917
42262,267.92,1,-96.295208,32.9794988,168.596389770508,138.876079869015,1724423929166,4,-91,-11,-61,3,3f,NaN,0.00682432685477715,66.4263529869465
42263,267.92,1,-96.2952079529804,32.9794988470196,168.596343994141,138.9838888208,1724423930165,4,-91,-13,-59,3,3f,NaN,0.00692120759474781,66.4332741945413
42264,267.92,1,-96.2952079052933,32.9794988947067,168.596298217773,139.093228528493,1724423931165,4,-91,-13,-59,3,3f,NaN,0.000768258849814548,66.4340424533911
42265,267.92,1,-96.2952079,32.9794989,168.596298217773,139.105365236047,1724423932168,4,-91,-14,-61,3,3f,NaN,0,66.4340424533911
42266,267.92,1,-96.2952079,32.9794989,168.596298217773,139.105365236047,1724423933169,4,-91,-14,-61,3,3f,NaN,0,66.4340424533911
42267,267.92,1,-96.2952079,32.9794989,168.596298217773,139.105365236047,1724423934169,4,-90,-13,-57,3,3f,NaN,0,66.4340424533911
42268,267.92,1,-96.2952079,32.9794989,168.596298217773,139.105365236047,1724423935176,4,-90,-13,-57,3,3f,NaN,0,66.4340424533911
42269,267.92,1,-96.2952079,32.9794989,168.596298217773,139.105365236047,1724423936177,4,-89,-12,-59,3,3f,NaN,0,66.4340424533911
42270,267.92,1,-96.2952079,32.9794989,168.596298217773,139.105365236047,1724423937183,4,-89,-12,-59,3,3f,NaN,0,66.4340424533911
42271,267.92,1,-96.2952079,32.9794989,168.596298217773,139.105365236047,1724423938183,4,-91,-14,-59,3,3f,NaN,0,66.4340424533911
42272,267.92,1,-96.2952079,32.9794989,168.596298217773,139.105365236047,1724423939185,4,-91,-14,-59,3,3f,NaN,0,66.4340424533911
42273,267.92,1,-96.2952079,32.9794989,168.596298217773,139.105365236047,1724423940191,4,-91,-14,-59,3,3f,NaN,0.0179990339451525,66.4520414873362
42274,267.92,1,-96.2952078058151,32.9794990412774,168.59619140625,138.817223331753,1724423941191,4,-91,-14,-59,3,3f,NaN,0.0182358632656181,66.4702773506019
42275,267.92,1,-96.2952077103909,32.9794991844137,168.596084594727,138.525290086613,1724423942192,3,-91,-12,-61,3,3f,NaN,0.00198572851099066,66.4722630791128
42276,267.92,1,-96.2952077,32.9794992,168.596069335938,138.493501151827,1724423943198,3,-91,-12,-61,3,3f,NaN,0,66.4722630791128
42277,267.92,1,-96.2952077,32.9794992,168.596069335938,138.493501151827,1724423944201,3,-91,-14,-59,3,3f,NaN,0,66.4722630791128
42278,267.92,1,-96.2952077,32.9794992,168.596069335938,138.493501151827,1724423945200,3,-91,-14,-59,3,3f,NaN,0,66.4722630791128
42279,267.92,1,-96.2952077,32.9794992,168.596069335938,138.493501151827,1724423946204,4,-91,-14,-59,3,3f,NaN,0.0109642872209573,66.4832273663338
42280,267.92,1,-96.2952077,32.9794992986042,168.596038818359,138.493501151827,1724423947205,4,-91,-14,-59,3,3f,NaN,0.000155205573442059,66.4833825719072
42281,267.92,1,-96.2952077,32.9794993,168.596038818359,138.493501151827,1724423948204,4,-91,-12,-59,3,3f,NaN,0,66.4833825719072
42282,267.92,1,-96.2952077,32.9794993,168.596038818359,138.493501151827,1724423949211,4,-91,-12,-59,3,3f,NaN,0,66.4833825719072
42283,267.92,1,-96.2952077,32.9794993,168.596038818359,138.493501151827,1724423950213,4,-92,-12,-59,3,3f,NaN,0,66.4833825719072
42284,267.92,1,-96.2952077,32.9794993,168.596038818359,138.493501151827,1724423951215,4,-92,-12,-59,3,3f,NaN,0,66.4833825719072
42285,267.92,1,-96.2952077,32.9794993,168.596038818359,138.493501151827,1724423952217,4,-92,-13,-59,3,3f,NaN,0.0114142769657872,66.494796848873
42286,267.92,1,-96.2952077473308,32.9794993946616,168.596008300781,138.529189647853,1724423953221,4,-92,-13,-59,3,3f,NaN,0.0114717444950001,66.506268593368
42287,267.92,1,-96.2952077948999,32.9794994897998,168.595993041992,138.565057844263,1724423954219,5,-91,-13,-59,3,3f,NaN,0.00122993861002946,66.507498531978
42288,267.92,1,-96.2952078,32.9794995,168.595977783203,138.568903432455,1724423955224,5,-91,-13,-59,3,3f,NaN,0,66.507498531978
42289,267.92,1,-96.2952078,32.9794995,168.595977783203,138.568903432455,1724423956224,4,-92,-13,-61,3,3f,NaN,0,66.507498531978
42290,267.92,1,-96.2952078,32.9794995,168.595977783203,138.568903432455,1724423957226,4,-92,-13,-61,3,3f,NaN,0,66.507498531978
42291,267.92,1,-96.2952078,32.9794995,168.595977783203,138.568903432455,1724423958229,4,-91,-14,-61,3,3f,NaN,0,66.507498531978
42292,267.92,1,-96.2952078,32.9794995,168.595977783203,138.568903432455,1724423959231,4,-91,-14,-61,3,3f,NaN,0,66.507498531978
42293,267.92,1,-96.2952078,32.9794995,168.595977783203,138.568903432455,1724423960238,4,-91,-12,-57,3,3f,NaN,0,66.507498531978
42294,267.92,1,-96.2952078,32.9794995,168.595977783203,138.568903432455,1724423961240,4,-91,-12,-57,3,3f,NaN,0,66.507498531978
42295,267.92,1,-96.2952078,32.9794995,168.595977783203,138.568903432455,1724423962240,3,-90,-13,-57,3,3f,NaN,0.00441794313188021,66.5119164751099
42296,267.92,1,-96.2952078473634,32.9794995,168.596008300781,138.502902477613,1724423963248,3,-90,-13,-57,3,3f,NaN,0.00442680446082877,66.5163432795708
42297,267.92,1,-96.2952078948218,32.9794995,168.59602355957,138.436769123665,1724423964247,4,-92,-13,-59,3,3f,NaN,0.000483009368176604,66.5168262889389
42298,267.92,1,-96.2952079,32.9794995,168.59602355957,138.429553372333,1724423965248,4,-92,-13,-59,3,3f,NaN,0,66.5168262889389
42299,267.92,1,-96.2952079,32.9794995,168.59602355957,138.429553372333,1724423966250,4,-92,-13,-59,3,3f,NaN,0,66.5168262889389
42300,267.92,1,-96.2952079,32.9794995,168.59602355957,138.429553372333,1724423967250,4,-90,-13,-59,3,3f,NaN,0,66.5168262889389
42301,267.92,1,-96.2952079,32.9794995,168.59602355957,138.429553372333,1724423968253,4,-90,-13,-59,3,3f,NaN,0,66.5168262889389
42302,267.92,1,-96.2952079,32.9794995,168.59602355957,138.429553372333,1724423969255,3,-90,-13,-59,3,3f,NaN,0,66.5168262889389
42303,267.92,1,-96.2952079,32.9794995,168.59602355957,138.429553372333,1724423970256,3,-90,-13,-59,3,3f,NaN,0,66.5168262889389
42304,267.92,1,-96.2952079,32.9794995,168.59602355957,138.429553372333,1724423971263,4,-90,-12,-59,3,3f,NaN,0,66.5168262889389
42305,267.92,1,-96.2952079,32.9794995,168.59602355957,138.429553372333,1724423972267,4,-90,-12,-59,3,3f,NaN,0.011535506242945,66.5283617951819
42306,267.92,1,-96.2952079,32.9794996037413,168.595977783203,138.425869814955,1724423973268,3,-92,-13,-61,3,3f,NaN,0.0116987849301944,66.5400605801121
42307,267.92,1,-96.2952079,32.979499708951,168.595932006836,138.422134114197,1724423974271,3,-92,-13,-61,3,3f,NaN,0.0101241864199712,66.5501847665321
42308,267.92,1,-96.2952079,32.9794998,168.595886230469,138.418901224608,1724423975271,3,-91,-14,-59,3,3f,NaN,0,66.5501847665321
42309,267.92,1,-96.2952079,32.9794998,168.595886230469,138.418901224608,1724423976273,3,-91,-14,-59,3,3f,NaN,0,66.5501847665321
42310,267.92,1,-96.2952079,32.9794998,168.595886230469,138.418901224608,1724423977273,3,-92,-14,-59,3,3f,NaN,0,66.5501847665321
42311,267.92,1,-96.2952079,32.9794998,168.595886230469,138.418901224608,1724423978276,3,-92,-14,-59,3,3f,NaN,0.0109424705355431,66.5611272370676
42312,267.92,1,-96.2952079,32.979499898408,168.595840454102,138.418901224608,1724423979275,3,-91,-13,-59,3,3f,NaN,0.000177022258856283,66.5613042593264
42313,267.92,1,-96.2952079,32.9794999,168.595840454102,138.418901224608,1724423980287,3,-91,-13,-59,3,3f,NaN,0,66.5613042593264
42314,267.92,1,-96.2952079,32.9794999,168.595840454102,138.418901224608,1724423981287,3,-92,-14,-59,3,3f,NaN,0,66.5613042593264
42315,267.92,1,-96.2952079,32.9794999,168.595840454102,138.418901224608,1724423982292,3,-92,-14,-59,3,3f,NaN,0,66.5613042593264
42316,267.92,1,-96.2952079,32.9794999,168.595840454102,138.418901224608,1724423983297,3,-91,-13,-59,3,3f,NaN,0.006826374310596,66.568130633637
42317,267.92,1,-96.2952079470337,32.9794999470337,168.595840454102,138.389887510784,1724423984301,3,-91,-13,-59,3,3f,NaN,0.00689525590463955,66.5750258895417
42318,267.92,1,-96.295207994542,32.979499994542,168.595840454102,138.360581024873,1724423985302,3,-91,-13,-59,3,3f,NaN,0.000792163009421316,66.5758180525511
42319,267.92,1,-96.295208,32.9795,168.595840454102,138.357214145872,1724423986303,3,-91,-13,-59,3,3f,NaN,0,66.5758180525511
42320,267.92,1,-96.295208,32.9795,168.595840454102,138.357214145872,1724423987305,3,-91,-13,-59,3,3f,NaN,0,66.5758180525511
42321,267.92,1,-96.295208,32.9795,168.595840454102,138.357214145872,1724423988307,4,-91,-14,-59,3,3f,NaN,0,66.5758180525511
42322,267.92,1,-96.295208,32.9795,168.595840454102,138.357214145872,1724423989308,4,-91,-14,-59,3,3f,NaN,0,66.5758180525511
42323,267.92,1,-96.295208,32.9795,168.595840454102,138.357214145872,1724423990309,4,-91,-14,-59,3,3f,NaN,0,66.5758180525511
42324,267.92,1,-96.295208,32.9795,168.595840454102,138.357214145872,1724423991310,4,-91,-14,-59,3,3f,NaN,0,66.5758180525511
42325,267.92,1,-96.295208,32.9795,168.595840454102,138.357214145872,1724423992313,4,-91,-14,-59,3,3f,NaN,0,66.5758180525511
42326,267.92,1,-96.295208,32.9795,168.595840454102,138.357214145872,1724423993313,4,-90,-13,-61,3,3f,NaN,0.00763064803479623,66.5834487005859
42327,267.92,1,-96.2952080702703,32.9795000351351,168.595855712891,138.37453085932,1724423994314,4,-90,-13,-61,3,3f,NaN,0.00776966894327167,66.5912183695292
42328,267.92,1,-96.2952081418208,32.9795000709104,168.59587097168,138.392163059451,1724423995320,4,-90,-13,-59,3,3f,NaN,0.00631767935705212,66.5975360488862
42329,267.92,1,-96.2952082,32.9795001,168.595886230469,138.406500176456,1724423996320,4,-90,-13,-59,3,3f,NaN,0,66.5975360488862
42330,267.92,1,-96.2952082,32.9795001,168.595886230469,138.406500176456,1724423997321,3,-91,-13,-61,3,3f,NaN,0,66.5975360488862
42331,267.92,1,-96.2952082,32.9795001,168.595886230469,138.406500176456,1724423998325,3,-91,-13,-61,3,3f,NaN,0,66.5975360488862
42332,267.92,1,-96.2952082,32.9795001,168.595886230469,138.406500176456,1724423999327,4,-91,-13,-59,3,3f,NaN,0,66.5975360488862
42333,267.92,1,-96.2952082,32.9795001,168.595886230469,138.406500176456,1724424000324,4,-91,-13,-59,3,3f,NaN,0,66.5975360488862
42334,267.92,1,-96.2952082,32.9795001,168.595886230469,138.406500176456,1724424001327,4,-91,-13,-59,3,3f,NaN,0,66.5975360488862
42335,267.92,1,-96.2952082,32.9795001,168.595886230469,138.406500176456,1724424002332,3,-91,-14,-57,3,3f,NaN,0,66.5975360488862
42336,267.92,1,-96.2952082,32.9795001,168.595886230469,138.406500176456,1724424003335,3,-91,-14,-57,3,3f,NaN,0,66.5975360488862
42337,267.92,1,-96.2952082,32.9795001,168.595886230469,138.406500176456,1724424004337,3,-90,-13,-59,3,3f,NaN,0.0102798510342361,66.6078158999205
42338,267.92,1,-96.2952082946667,32.9795001473333,168.595901489258,138.396717146495,1724424005343,3,-90,-13,-59,3,3f,NaN,0.0102901958415577,66.618106095762
42339,267.92,1,-96.2952083894286,32.9795001947143,168.595932006836,138.386924274453,1724424006338,3,-91,-12,-63,3,3f,NaN,0.00114794903665645,66.6192540447987
42340,267.92,1,-96.2952084,32.9795002,168.595932006836,138.3858318033,1724424007340,3,-91,-12,-63,3,3f,NaN,0,66.6192540447987
42341,267.92,1,-96.2952084,32.9795002,168.595932006836,138.3858318033,1724424008348,3,-90,-14,-57,3,3f,NaN,0,66.6192540447987
42342,267.92,1,-96.2952084,32.9795002,168.595932006836,138.3858318033,1724424009348,3,-90,-14,-57,3,3f,NaN,0,66.6192540447987
42343,267.92,1,-96.2952084,32.9795002,168.595932006836,138.3858318033,1724424010348,3,-89,-12,-59,3,3f,NaN,0,66.6192540447987
42344,267.92,1,-96.2952084,32.9795002,168.595932006836,138.3858318033,1724424011352,3,-89,-12,-59,3,3f,NaN,0,66.6192540447987
42345,267.92,1,-96.2952084,32.9795002,168.595932006836,138.3858318033,1724424012354,4,-90,-12,-59,3,3f,NaN,0,66.6192540447987
42346,267.92,1,-96.2952084,32.9795002,168.595932006836,138.3858318033,1724424013356,4,-90,-12,-59,3,3f,NaN,0,66.6192540447987
42347,267.92,1,-96.2952084,32.9795002,168.595932006836,138.3858318033,1724424014359,4,-90,-14,-59,3,3f,NaN,0.00683245440459496,66.6260864992033
42348,267.92,1,-96.2952084470756,32.9795002470756,168.595932006836,138.436169541931,1724424015361,4,-90,-14,-59,3,3f,NaN,0.00690146909922215,66.6329879683025
42349,267.92,1,-96.2952084946267,32.9795002946267,168.595932006836,138.487015742569,1724424016361,4,-90,-14,-59,3,3f,NaN,0.000779868848561483,66.633767837151
42350,267.92,1,-96.2952085,32.9795003,168.595932006836,138.492761363241,1724424017370,4,-90,-14,-59,3,3f,NaN,0,66.633767837151
42351,267.92,1,-96.2952085,32.9795003,168.595932006836,138.492761363241,1724424018367,4,-91,-13,-61,3,3f,NaN,0,66.633767837151
42352,267.92,1,-96.2952085,32.9795003,168.595932006836,138.492761363241,1724424019374,4,-91,-13,-61,3,3f,NaN,0,66.633767837151
42353,267.92,1,-96.2952085,32.9795003,168.595932006836,138.492761363241,1724424020375,4,-90,-12,-59,3,3f,NaN,0,66.633767837151
42354,267.92,1,-96.2952085,32.9795003,168.595932006836,138.492761363241,1724424021376,4,-90,-12,-59,3,3f,NaN,0,66.633767837151
42355,267.92,1,-96.2952085,32.9795003,168.595932006836,138.492761363241,1724424022376,4,-90,-14,-57,3,3f,NaN,0,66.633767837151
42356,267.92,1,-96.2952085,32.9795003,168.595932006836,138.492761363241,1724424023382,4,-90,-14,-57,3,3f,NaN,0,66.633767837151
42357,267.92,1,-96.2952085,32.9795003,168.595932006836,138.492761363241,1724424024383,5,-91,-14,-59,3,3f,NaN,0,66.633767837151
42358,267.92,1,-96.2952085,32.9795003,168.595932006836,138.492761363241,1724424025381,5,-91,-14,-59,3,3f,NaN,0.0113473410317589,66.6451151781828
42359,267.92,1,-96.2952084529468,32.9795002058935,168.595947265625,138.435730760275,1724424026383,5,-91,-13,-59,3,3f,NaN,0.0114734231046042,66.6565886012874
42360,267.92,1,-96.2952084053707,32.9795001107414,168.595977783203,138.378066483943,1724424027384,5,-91,-13,-59,3,3f,NaN,0.00129519517317233,66.6578837964606
42361,267.92,1,-96.2952084,32.9795001,168.595977783203,138.371556930271,1724424028394,4,-91,-12,-61,3,3f,NaN,0,66.6578837964606
42362,267.92,1,-96.2952084,32.9795001,168.595977783203,138.371556930271,1724424029393,4,-91,-12,-61,3,3f,NaN,0,66.6578837964606
42363,267.92,1,-96.2952084,32.9795001,168.595977783203,138.371556930271,1724424030396,3,-91,-13,-59,3,3f,NaN,0,66.6578837964606
42364,267.92,1,-96.2952084,32.9795001,168.595977783203,138.371556930271,1724424031399,3,-91,-13,-59,3,3f,NaN,0,66.6578837964606
42365,267.92,1,-96.2952084,32.9795001,168.595977783203,138.371556930271,1724424032399,3,-91,-13,-59,3,3f,NaN,0,66.6578837964606
42366,267.92,1,-96.2952084,32.9795001,168.595977783203,138.371556930271,1724424033403,3,-91,-13,-59,3,3f,NaN,0,66.6578837964606
42367,267.92,1,-96.2952084,32.9795001,168.595977783203,138.371556930271,1724424034405,3,-90,-13,-59,3,3f,NaN,0,66.6578837964606
42368,267.92,1,-96.2952084,32.9795001,168.595977783203,138.371556930271,1724424035405,3,-90,-13,-59,3,3f,NaN,0,66.6578837964606
42369,267.92,1,-96.2952084,32.9795001,168.595977783203,138.371556930271,1724424036406,4,-90,-12,-59,3,3f,NaN,0.00527483517853079,66.6631586316391
42370,267.92,1,-96.2952083636564,32.9795001363436,168.595947265625,138.429127853719,1724424037408,4,-90,-12,-59,3,3f,NaN,0.00532811455545796,66.6684867461946
42371,267.92,1,-96.2952083269457,32.9795001730543,168.595901489258,138.487280301647,1724424038408,4,-90,-12,-59,3,3f,NaN,0.00391084287177733,66.6723975890663
42372,267.92,1,-96.2952083,32.9795002,168.595886230469,138.529964198426,1724424039409,4,-90,-12,-59,3,3f,NaN,0,66.6723975890663
42373,267.92,1,-96.2952083,32.9795002,168.595886230469,138.529964198426,1724424040409,3,-89,-12,-61,3,3f,NaN,0,66.6723975890663
42374,267.92,1,-96.2952083,32.9795002,168.595886230469,138.529964198426,1724424041409,3,-89,-12,-61,3,3f,NaN,0,66.6723975890663
42375,267.92,1,-96.2952083,32.9795002,168.595886230469,138.529964198426,1724424042413,3,-90,-12,-61,3,3f,NaN,0,66.6723975890663
42376,267.92,1,-96.2952083,32.9795002,168.595886230469,138.529964198426,1724424043416,3,-90,-12,-61,3,3f,NaN,0,66.6723975890663
42377,267.92,1,-96.2952083,32.9795002,168.595886230469,138.529964198426,1724424044416,4,-90,-12,-59,3,3f,NaN,0,66.6723975890663
42378,267.92,1,-96.2952083,32.9795002,168.595886230469,138.529964198426,1724424045423,4,-90,-12,-59,3,3f,NaN,0,66.6723975890663
42379,267.92,1,-96.2952083,32.9795002,168.595886230469,138.529964198426,1724424046425,4,-90,-13,-61,3,3f,NaN,0,66.6723975890663
42380,267.92,1,-96.2952083,32.9795002,168.595886230469,138.529964198426,1724424047431,4,-90,-13,-61,3,3f,NaN,0.00684834768614302,66.6792459367525
42381,267.92,1,-96.2952082528149,32.9795002471851,168.595840454102,138.489138022818,1724424048432,4,-90,-12,-61,3,3f,NaN,0.00693144574386944,66.6861773824964
42382,267.92,1,-96.2952082050572,32.9795002949427,168.595794677734,138.447816484108,1724424049433,4,-90,-12,-61,3,3f,NaN,0.000733998922409773,66.6869113814188
42383,267.92,1,-96.2952082,32.9795003,168.595794677734,138.443440776712,1724424050433,4,-90,-13,-59,3,3f,NaN,0,66.6869113814188
42384,267.92,1,-96.2952082,32.9795003,168.595794677734,138.443440776712,1724424051437,4,-90,-13,-59,3,3f,NaN,0,66.6869113814188
42385,267.92,1,-96.2952082,32.9795003,168.595794677734,138.443440776712,1724424052438,4,-91,-14,-59,3,3f,NaN,0,66.6869113814188
42386,267.92,1,-96.2952082,32.9795003,168.595794677734,138.443440776712,1724424053445,4,-91,-14,-59,3,3f,NaN,0,66.6869113814188
42387,267.92,1,-96.2952082,32.9795003,168.595794677734,138.443440776712,1724424054445,4,-91,-14,-59,3,3f,NaN,0,66.6869113814188
42388,267.92,1,-96.2952082,32.9795003,168.595794677734,138.443440776712,1724424055448,4,-91,-14,-59,3,3f,NaN,0,66.6869113814188
42389,267.92,1,-96.2952082,32.9795003,168.595794677734,138.443440776712,1724424056447,5,-91,-14,-61,3,3f,NaN,0,66.6869113814188
42390,267.92,1,-96.2952082,32.9795003,168.595794677734,138.443440776712,1724424057450,5,-91,-14,-61,3,3f,NaN,0,66.6869113814188
42391,267.92,1,-96.2952082,32.9795003,168.595794677734,138.443440776712,1724424058451,4,-90,-13,-59,3,3f,NaN,0.0163157380588132,66.7032271194776
42392,267.92,1,-96.2952081528965,32.9795004413105,168.595718383789,138.287798160842,1724424059455,4,-90,-13,-59,3,3f,NaN,0.0164637709082336,66.7196908903858
42393,267.92,1,-96.2952081053656,32.9795005839031,168.595626831055,138.130743464788,1724424060456,4,-91,-14,-57,3,3f,NaN,0.00185855034378084,66.7215494407296
42394,267.92,1,-96.2952081,32.9795006,168.595611572266,138.113014013585,1724424061458,4,-91,-14,-57,3,3f,NaN,0,66.7215494407296
42395,267.92,1,-96.2952081,32.9795006,168.595611572266,138.113014013585,1724424062464,4,-89,-13,-57,3,3f,NaN,0,66.7215494407296
42396,267.92,1,-96.2952081,32.9795006,168.595611572266,138.113014013585,1724424063467,4,-89,-13,-57,3,3f,NaN,0,66.7215494407296
42397,267.92,1,-96.2952081,32.9795006,168.595611572266,138.113014013585,1724424064469,4,-90,-12,-61,3,3f,NaN,0.0109211318530505,66.7324705725826
42398,267.92,1,-96.2952081,32.9795006982161,168.595565795898,138.113014013585,1724424065471,4,-90,-12,-61,3,3f,NaN,0.000198360941348854,66.732668933524
42399,267.92,1,-96.2952081,32.9795007,168.595565795898,138.113014013585,1724424066472,3,-91,-12,-59,3,3f,NaN,0,66.732668933524
42400,267.92,1,-96.2952081,32.9795007,168.595565795898,138.113014013585,1724424067470,3,-91,-12,-59,3,3f,NaN,0,66.732668933524
42401,267.92,1,-96.2952081,32.9795007,168.595565795898,138.113014013585,1724424068475,3,-91,-12,-59,3,3f,NaN,0,66.732668933524
42402,267.92,1,-96.2952081,32.9795007,168.595565795898,138.113014013585,1724424069479,3,-90,-14,-57,3,3f,NaN,0,66.732668933524
42403,267.92,1,-96.2952081,32.9795007,168.595565795898,138.113014013585,1724424070483,3,-90,-14,-57,3,3f,NaN,0.00687531323933389,66.7395442467633
42404,267.92,1,-96.2952080526291,32.9795007473709,168.59553527832,138.232201898084,1724424071487,4,-90,-14,-59,3,3f,NaN,0.00693776761851476,66.7464820143818
42405,267.92,1,-96.2952080048279,32.9795007951721,168.595489501953,138.352472215438,1724424072487,4,-90,-14,-59,3,3f,NaN,0.000700710855271209,66.7471827252371
42406,267.92,1,-96.295208,32.9795008,168.595489501953,138.364619517491,1724424073493,3,-90,-12,-61,3,3f,NaN,0,66.7471827252371
42407,267.92,1,-96.295208,32.9795008,168.595489501953,138.364619517491,1724424074493,3,-90,-12,-61,3,3f,NaN,0,66.7471827252371
42408,267.92,1,-96.295208,32.9795008,168.595489501953,138.364619517491,1724424075495,4,-90,-13,-61,3,3f,NaN,0,66.7471827252371
42409,267.92,1,-96.295208,32.9795008,168.595489501953,138.364619517491,1724424076497,4,-90,-13,-61,3,3f,NaN,0,66.7471827252371
42410,267.92,1,-96.295208,32.9795008,168.595489501953,138.364619517491,1724424077497,3,-90,-13,-59,3,3f,NaN,0,66.7471827252371
42411,267.92,1,-96.295208,32.9795008,168.595489501953,138.364619517491,1724424078504,3,-90,-13,-59,3,3f,NaN,0,66.7471827252371
42412,267.92,1,-96.295208,32.9795008,168.595489501953,138.364619517491,1724424079505,3,-90,-12,-59,3,3f,NaN,0,66.7471827252371
42413,267.92,1,-96.295208,32.9795008,168.595489501953,138.364619517491,1724424080507,3,-90,-12,-59,3,3f,NaN,0,66.7471827252371
42414,267.92,1,-96.295208,32.9795008,168.595489501953,138.381166652673,1724424081509,3,-92,-13,-61,3,3f,NaN,0,66.7471827252371
42415,267.92,1,-96.295208,32.9795008,168.595489501953,138.397914561992,1724424082510,3,-92,-13,-61,3,3f,NaN,0,66.7471827252371
42416,267.92,1,-96.295208,32.9795008,168.595489501953,138.399754991588,1724424083512,4,-90,-13,-59,3,3f,NaN,0,66.7471827252371
42417,267.92,1,-96.295208,32.9795008,168.595489501953,138.399754991588,1724424084516,4,-90,-13,-59,3,3f,NaN,0,66.7471827252371
42418,267.92,1,-96.295208,32.9795008,168.595489501953,138.399754991588,1724424085518,3,-90,-13,-59,3,3f,NaN,0,66.7471827252371
42419,267.92,1,-96.295208,32.9795008,168.595489501953,138.399754991588,1724424086521,3,-90,-13,-59,3,3f,NaN,0,66.7471827252371
42420,267.92,1,-96.295208,32.9795008,168.595489501953,138.399754991588,1724424087523,3,-91,-14,-59,3,3f,NaN,0,66.7471827252371
42421,267.92,1,-96.295208,32.9795008,168.595489501953,138.399754991588,1724424088524,3,-91,-14,-59,3,3f,NaN,0,66.7471827252371
42422,267.92,1,-96.295208,32.9795008,168.595489501953,138.399754991588,1724424089530,3,-90,-13,-59,3,3f,NaN,0,66.7471827252371
42423,267.92,1,-96.295208,32.9795008,168.595489501953,138.399754991588,1724424090531,3,-90,-13,-59,3,3f,NaN,0,66.7471827252371
42424,267.92,1,-96.295208,32.9795008,168.595489501953,138.399754991588,1724424091534,3,-90,-13,-59,3,3f,NaN,0.00256188770622089,66.7497446129433
42425,267.92,1,-96.2952079725348,32.9795008,168.595474243164,138.410772554277,1724424092533,3,-90,-13,-59,3,3f,NaN,0.00260345177898378,66.7523480647223
42426,267.92,1,-96.295207944624,32.9795008,168.595458984375,138.421968900944,1724424093535,3,-90,-13,-59,3,3f,NaN,0.00260085766970973,66.754948922392
42427,267.92,1,-96.295207916741,32.9795008,168.595443725586,138.433154073613,1724424094536,3,-90,-13,-61,3,3f,NaN,0.00156156099419218,66.7565104833862
42428,267.92,1,-96.2952079,32.9795008,168.595443725586,138.439869646814,1724424095537,3,-90,-13,-61,3,3f,NaN,0,66.7565104833862
42429,267.92,1,-96.2952079,32.9795008,168.595443725586,138.439869646814,1724424096543,3,-90,-12,-59,3,3f,NaN,0,66.7565104833862
42430,267.92,1,-96.2952079,32.9795008,168.595443725586,138.439869646814,1724424097544,3,-90,-12,-59,3,3f,NaN,0,66.7565104833862
42431,267.92,1,-96.2952079,32.9795008,168.595443725586,138.439869646814,1724424098547,3,-91,-13,-59,3,3f,NaN,0,66.7565104833862
42432,267.92,1,-96.2952079,32.9795008,168.595443725586,138.439869646814,1724424099550,3,-91,-13,-59,3,3f,NaN,0,66.7565104833862
42433,267.92,1,-96.2952079,32.9795008,168.595443725586,138.439869646814,1724424100552,3,-90,-13,-59,3,3f,NaN,0,66.7565104833862
42434,267.92,1,-96.2952079,32.9795008,168.595443725586,138.439869646814,1724424101554,3,-90,-13,-59,3,3f,NaN,0.00524793324009329,66.7617584166263
42435,267.92,1,-96.2952079,32.9795007528042,168.595458984375,138.470108653348,1724424102559,3,-91,-14,-59,3,3f,NaN,0.00528492829596681,66.7670433449223
42436,267.92,1,-96.2952079,32.9795007052757,168.595474243164,138.500560825084,1724424103559,3,-91,-14,-59,3,3f,NaN,0.000586630468251777,66.7676299753905
42437,267.92,1,-96.2952079,32.9795007,168.595489501953,138.503941016147,1724424104561,3,-91,-12,-59,3,3f,NaN,0,66.7676299753905
42438,267.92,1,-96.2952079,32.9795007,168.595489501953,138.503941016147,1724424105564,3,-91,-12,-59,3,3f,NaN,0,66.7676299753905
42439,267.92,1,-96.2952079,32.9795007,168.595489501953,138.503941016147,1724424106565,3,-90,-13,-59,3,3f,NaN,0,66.7676299753905
42440,267.92,1,-96.2952079,32.9795007,168.595489501953,138.503941016147,1724424107565,3,-90,-13,-59,3,3f,NaN,0,66.7676299753905
42441,267.92,1,-96.2952079,32.9795007,168.595489501953,138.503941016147,1724424108570,3,-90,-14,-57,3,3f,NaN,0,66.7676299753905
42442,267.92,1,-96.2952079,32.9795007,168.595489501953,138.503941016147,1724424109570,3,-90,-14,-57,3,3f,NaN,0,66.7676299753905
42443,267.92,1,-96.2952079,32.9795007,168.595489501953,138.503941016147,1724424110574,3,-90,-13,-59,3,3f,NaN,0,66.7676299753905
42444,267.92,1,-96.2952079,32.9795007,168.595489501953,138.503941016147,1724424111575,3,-90,-13,-59,3,3f,NaN,0,66.7676299753905
42445,267.92,1,-96.2952079,32.9795007,168.595489501953,138.503941016147,1724424112576,3,-90,-13,-57,3,3f,NaN,0,66.7676299753905
42446,267.92,1,-96.2952079,32.9795007,168.595489501953,138.503941016147,1724424113585,3,-90,-13,-57,3,3f,NaN,0.00440688132328603,66.7720368567138
42447,267.92,1,-96.2952079472448,32.9795007,168.595504760742,138.528722086774,1724424114585,3,-91,-11,-61,3,3f,NaN,0.00447840556874719,66.7765152622826
42448,267.92,1,-96.2952079952564,32.9795007,168.595520019531,138.553905284309,1724424115587,3,-91,-11,-61,3,3f,NaN,0.000442471267637443,66.7769577335502
42449,267.92,1,-96.295208,32.9795007,168.59553527832,138.556393444544,1724424116591,3,-91,-13,-61,3,3f,NaN,0,66.7769577335502
42450,267.92,1,-96.295208,32.9795007,168.59553527832,138.556393444544,1724424117591,3,-91,-13,-61,3,3f,NaN,0,66.7769577335502
42451,267.92,1,-96.295208,32.9795007,168.59553527832,138.556393444544,1724424118593,3,-90,-13,-59,3,3f,NaN,0,66.7769577335502
42452,267.92,1,-96.295208,32.9795007,168.59553527832,138.556393444544,1724424119605,3,-90,-13,-59,3,3f,NaN,0,66.7769577335502
42453,267.92,1,-96.295208,32.9795007,168.59553527832,138.556393444544,1724424120601,4,-91,-13,-59,3,3f,NaN,0,66.7769577335502
42454,267.92,1,-96.295208,32.9795007,168.59553527832,138.556393444544,1724424121603,4,-91,-13,-59,3,3f,NaN,0,66.7769577335502
42455,267.92,1,-96.295208,32.9795007,168.59553527832,138.556393444544,1724424122603,4,-90,-14,-57,3,3f,NaN,0,66.7769577335502
42456,267.92,1,-96.295208,32.9795007,168.59553527832,138.556393444544,1724424123604,4,-90,-14,-57,3,3f,NaN,0,66.7769577335502
42457,267.92,1,-96.295208,32.9795007,168.59553527832,138.556393444544,1724424124606,4,-91,-13,-59,3,3f,NaN,0.0113791397764926,66.7883368733267
42458,267.92,1,-96.2952080471851,32.9795006056298,168.595596313477,138.516039987734,1724424125610,4,-91,-13,-59,3,3f,NaN,0.0115172178037648,66.7998540911305
42459,267.92,1,-96.2952080949428,32.9795005101145,168.595657348633,138.475196903542,1724424126611,4,-90,-12,-57,3,3f,NaN,0.00121960244153363,66.801073693572
42460,267.92,1,-96.2952081,32.9795005,168.595657348633,138.470871861659,1724424127615,4,-90,-12,-57,3,3f,NaN,0,66.801073693572
42461,267.92,1,-96.2952081,32.9795005,168.595657348633,138.470871861659,1724424128616,4,-91,-14,-59,3,3f,NaN,0,66.801073693572
42462,267.92,1,-96.2952081,32.9795005,168.595657348633,138.470871861659,1724424129617,4,-91,-14,-59,3,3f,NaN,0,66.801073693572
42463,267.92,1,-96.2952081,32.9795005,168.595657348633,138.470871861659,1724424130623,3,-92,-13,-59,3,3f,NaN,0.0109101014418287,66.8119837950138
42464,267.92,1,-96.2952081,32.9795004018831,168.595703125,138.470871861659,1724424131624,3,-92,-13,-59,3,3f,NaN,0.000209391352570669,66.8121931863664
42465,267.92,1,-96.2952081,32.9795004,168.595703125,138.470871861659,1724424132627,4,-91,-13,-59,3,3f,NaN,0,66.8121931863664
42466,267.92,1,-96.2952081,32.9795004,168.595703125,138.470871861659,1724424133626,4,-91,-13,-59,3,3f,NaN,0,66.8121931863664
42467,267.92,1,-96.2952081,32.9795004,168.595703125,138.470871861659,1724424134632,4,-91,-13,-61,3,3f,NaN,0,66.8121931863664
42468,267.92,1,-96.2952081,32.9795004,168.595703125,138.470871861659,1724424135632,4,-91,-13,-61,3,3f,NaN,0.00443046029379079,66.8166236466602
42469,267.92,1,-96.2952080525024,32.9795004,168.595687866211,138.373284445116,1724424136630,4,-91,-14,-59,3,3f,NaN,0.00449330216043417,66.8211169488206
42470,267.92,1,-96.2952080043311,32.9795004,168.595672607422,138.274312809898,1724424137631,4,-91,-14,-59,3,3f,NaN,0.000403994411583898,66.8215209432322
42471,267.92,1,-96.295208,32.9795004,168.595657348633,138.265414261277,1724424138633,4,-91,-14,-59,3,3f,NaN,0,66.8215209432322
42472,267.92,1,-96.295208,32.9795004,168.595657348633,138.265414261277,1724424139633,4,-91,-14,-59,3,3f,NaN,0,66.8215209432322
42473,267.92,1,-96.295208,32.9795004,168.595657348633,138.265414261277,1724424140634,4,-91,-14,-59,3,3f,NaN,0,66.8215209432322
42474,267.92,1,-96.295208,32.9795004,168.595657348633,138.265414261277,1724424141643,4,-90,-14,-59,3,3f,NaN,0,66.8215209432322
42475,267.92,1,-96.295208,32.9795004,168.595657348633,138.265414261277,1724424142646,4,-90,-14,-59,3,3f,NaN,0,66.8215209432322
42476,267.92,1,-96.295208,32.9795004,168.595657348633,138.265414261277,1724424143650,3,-91,-13,-61,3,3f,NaN,0,66.8215209432322
42477,267.92,1,-96.295208,32.9795004,168.595657348633,138.265414261277,1724424144651,3,-91,-13,-61,3,3f,NaN,0,66.8215209432322
42478,267.92,1,-96.295208,32.9795004,168.595657348633,138.265414261277,1724424145650,4,-91,-14,-59,3,3f,NaN,0,66.8215209432322
42479,267.92,1,-96.295208,32.9795004,168.595657348633,138.265414261277,1724424146653,4,-91,-14,-59,3,3f,NaN,0,66.8215209432322
42480,267.92,1,-96.295208,32.9795004,168.595657348633,138.265414261277,1724424147654,3,-91,-12,-59,3,3f,NaN,0.00681865277272266,66.8283395960049
42481,267.92,1,-96.2952079530195,32.9795004469805,168.595626831055,138.279110008948,1724424148655,3,-91,-12,-59,3,3f,NaN,0.00694978455653676,66.8352893805615
42482,267.92,1,-96.2952079051355,32.9795004948645,168.595581054688,138.293069136382,1724424149662,3,-91,-12,-59,3,3f,NaN,0.00074535586145066,66.8360347364229
42483,267.92,1,-96.2952079,32.9795005,168.595581054688,138.294566242403,1724424150661,3,-91,-13,-59,3,3f,NaN,0,66.8360347364229
42484,267.92,1,-96.2952079,32.9795005,168.595581054688,138.294566242403,1724424151664,3,-91,-13,-59,3,3f,NaN,0,66.8360347364229
42485,267.92,1,-96.2952079,32.9795005,168.595581054688,138.294566242403,1724424152667,3,-91,-13,-59,3,3f,NaN,0,66.8360347364229
42486,267.92,1,-96.2952079,32.9795005,168.595581054688,138.294566242403,1724424153669,3,-91,-13,-59,3,3f,NaN,0,66.8360347364229
42487,267.92,1,-96.2952079,32.9795005,168.595581054688,138.294566242403,1724424154673,3,-92,-13,-61,3,3f,NaN,0,66.8360347364229
42488,267.92,1,-96.2952079,32.9795005,168.595581054688,138.294566242403,1724424155674,3,-92,-13,-61,3,3f,NaN,0,66.8360347364229
42489,267.92,1,-96.2952079,32.9795005,168.595581054688,138.294566242403,1724424156675,3,-91,-13,-61,3,3f,NaN,0,66.8360347364229
42490,267.92,1,-96.2952079,32.9795005,168.595581054688,138.294566242403,1724424157680,3,-91,-13,-61,3,3f,NaN,0,66.8360347364229
42491,267.92,1,-96.2952079,32.9795005,168.595581054688,138.294566242403,1724424158684,3,-91,-14,-59,3,3f,NaN,0.00451986210236811,66.8405545985253
42492,267.92,1,-96.2952079,32.9795005406481,168.595550537109,138.325065360174,1724424159686,3,-91,-14,-59,3,3f,NaN,0.00456090477636995,66.8451155033017
42493,267.92,1,-96.2952079,32.9795005816653,168.59553527832,138.355841462868,1724424160686,3,-91,-14,-59,3,3f,NaN,0.00203872591566129,66.8471542292173
42494,267.92,1,-96.2952079,32.9795006,168.59553527832,138.369598380773,1724424161688,3,-91,-14,-59,3,3f,NaN,0,66.8471542292173
42495,267.92,1,-96.2952079,32.9795006,168.59553527832,138.369598380773,1724424162694,3,-91,-13,-63,3,3f,NaN,0,66.8471542292173
42496,267.92,1,-96.2952079,32.9795006,168.59553527832,138.369598380773,1724424163695,3,-91,-13,-63,3,3f,NaN,0,66.8471542292173
42497,267.92,1,-96.2952079,32.9795006,168.59553527832,138.369598380773,1724424164702,3,-91,-13,-61,3,3f,NaN,0,66.8471542292173
42498,267.92,1,-96.2952079,32.9795006,168.59553527832,138.369598380773,1724424165702,3,-91,-13,-61,3,3f,NaN,0,66.8471542292173
42499,267.92,1,-96.2952079,32.9795006,168.59553527832,138.369598380773,1724424166702,3,-91,-14,-57,3,3f,NaN,0,66.8471542292173
42500,267.92,1,-96.2952079,32.9795006,168.59553527832,138.369598380773,1724424167708,3,-91,-14,-57,3,3f,NaN,0,66.8471542292173
42501,267.92,1,-96.2952079,32.9795006,168.59553527832,138.369598380773,1724424168708,3,-91,-13,-61,3,3f,NaN,0.00688297786540853,66.8540372070827
42502,267.92,1,-96.2952079474237,32.9795006474237,168.59553527832,138.32215072483,1724424169714,3,-91,-13,-61,3,3f,NaN,0.00693143891560691,66.8609686459983
42503,267.92,1,-96.2952079951813,32.9795006951813,168.59553527832,138.274368930466,1724424170715,3,-91,-14,-57,3,3f,NaN,0.000699376396115875,66.8616680223944
42504,267.92,1,-96.295208,32.9795007,168.59553527832,138.269547790375,1724424171721,3,-91,-14,-57,3,3f,NaN,0,66.8616680223944
42505,267.92,1,-96.295208,32.9795007,168.59553527832,138.269547790375,1724424172722,3,-90,-14,-57,3,3f,NaN,0,66.8616680223944
42506,267.92,1,-96.295208,32.9795007,168.59553527832,138.269547790375,1724424173723,3,-90,-14,-57,3,3f,NaN,0,66.8616680223944
42507,267.92,1,-96.295208,32.9795007,168.59553527832,138.269547790375,1724424174728,3,-91,-13,-59,3,3f,NaN,0,66.8616680223944
42508,267.92,1,-96.295208,32.9795007,168.59553527832,138.269547790375,1724424175730,3,-91,-13,-59,3,3f,NaN,0,66.8616680223944
42509,267.92,1,-96.295208,32.9795007,168.59553527832,138.269547790375,1724424176730,3,-91,-14,-59,3,3f,NaN,0,66.8616680223944
42510,267.92,1,-96.295208,32.9795007,168.59553527832,138.269547790375,1724424177733,3,-91,-14,-59,3,3f,NaN,0,66.8616680223944
42511,267.92,1,-96.295208,32.9795007,168.59553527832,138.269547790375,1724424178735,3,-91,-14,-59,3,3f,NaN,0.00877853869878602,66.8704465610932
42512,267.92,1,-96.295208094112,32.9795007,168.595565795898,138.265759934384,1724424179733,3,-91,-14,-59,3,3f,NaN,0.00893929394071598,66.8793858550339
42513,267.92,1,-96.2952081899474,32.9795007,168.595611572266,138.261902717856,1724424180734,3,-91,-13,-61,3,3f,NaN,0.000937682354285286,66.8803235373882
42514,267.92,1,-96.2952082,32.9795007,168.595611572266,138.261498114724,1724424181740,3,-91,-13,-61,3,3f,NaN,0,66.8803235373882
42515,267.92,1,-96.2952082,32.9795007,168.595611572266,138.261498114724,1724424182738,4,-91,-15,-57,3,3f,NaN,0,66.8803235373882
42516,267.92,1,-96.2952082,32.9795007,168.595611572266,138.261498114724,1724424183747,4,-91,-15,-57,3,3f,NaN,0,66.8803235373882
42517,267.92,1,-96.2952082,32.9795007,168.595611572266,138.261498114724,1724424184749,4,-91,-14,-59,3,3f,NaN,0,66.8803235373882
42518,267.92,1,-96.2952082,32.9795007,168.595611572266,138.261498114724,1724424185749,4,-91,-14,-59,3,3f,NaN,0,66.8803235373882
42519,267.92,1,-96.2952082,32.9795007,168.595611572266,138.261498114724,1724424186752,3,-91,-14,-57,3,3f,NaN,0,66.8803235373882
42520,267.92,1,-96.2952082,32.9795007,168.595611572266,138.261498114724,1724424187753,3,-91,-14,-57,3,3f,NaN,0,66.8803235373882
42521,267.92,1,-96.2952082,32.9795007,168.595611572266,138.261498114724,1724424188754,3,-91,-14,-59,3,3f,NaN,0.0139758344116297,66.8942993717999
42522,267.92,1,-96.2952082,32.9795008256877,168.595565795898,138.296780989346,1724424189759,3,-91,-14,-59,3,3f,NaN,0.0141169961802248,66.9084163679801
42523,267.92,1,-96.2952082,32.9795009526449,168.595504760742,138.33242025664,1724424190759,3,-91,-13,-59,3,3f,NaN,0.00526564700125603,66.9136820149813
42524,267.92,1,-96.2952082,32.979501,168.595474243164,138.345713703341,1724424191762,3,-91,-13,-59,3,3f,NaN,0,66.9136820149813
42525,267.92,1,-96.2952082,32.979501,168.595474243164,138.345713703341,1724424192768,3,-91,-13,-59,3,3f,NaN,0,66.9136820149813
42526,267.92,1,-96.2952082,32.979501,168.595474243164,138.345713703341,1724424193770,3,-91,-13,-59,3,3f,NaN,0.0109853920375576,66.9246674070189
42527,267.92,1,-96.2952082,32.979501098794,168.595428466797,138.345713703341,1724424194766,3,-92,-14,-59,3,3f,NaN,0.000134100756841735,66.9248015077757
42528,267.92,1,-96.2952082,32.9795011,168.595428466797,138.345713703341,1724424195771,3,-92,-14,-59,3,3f,NaN,0,66.9248015077757
42529,267.92,1,-96.2952082,32.9795011,168.595428466797,138.345713703341,1724424196780,4,-91,-13,-59,3,3f,NaN,0,66.9248015077757
42530,267.92,1,-96.2952082,32.9795011,168.595428466797,138.345713703341,1724424197782,4,-91,-13,-59,3,3f,NaN,0,66.9248015077757
42531,267.92,1,-96.2952082,32.9795011,168.595428466797,138.345713703341,1724424198781,3,-91,-13,-59,3,3f,NaN,0.00430280268594573,66.9291043104617
42532,267.92,1,-96.2952082296463,32.9795011296463,168.595428466797,138.287660481125,1724424199783,3,-91,-13,-59,3,3f,NaN,0.0043637016687335,66.9334680121304
42533,267.92,1,-96.2952082597122,32.9795011597122,168.595428466797,138.228785474165,1724424200786,4,-92,-14,-59,3,3f,NaN,0.00435936294855231,66.937827375079
42534,267.92,1,-96.2952082897482,32.9795011897482,168.595428466797,138.169969166115,1724424201788,4,-92,-14,-59,3,3f,NaN,0.00148792498804298,66.939315300067
42535,267.92,1,-96.2952083,32.9795012,168.595428466797,138.149894138817,1724424202792,4,-91,-13,-61,3,3f,NaN,0,66.939315300067
42536,267.92,1,-96.2952083,32.9795012,168.595428466797,138.149894138817,1724424203792,4,-91,-13,-61,3,3f,NaN,0,66.939315300067
42537,267.92,1,-96.2952083,32.9795012,168.595428466797,138.149894138817,1724424204795,4,-91,-13,-59,3,3f,NaN,0,66.939315300067
42538,267.92,1,-96.2952083,32.9795012,168.595428466797,138.149894138817,1724424205803,4,-91,-13,-59,3,3f,NaN,0,66.939315300067
42539,267.92,1,-96.2952083,32.9795012,168.595428466797,138.149894138817,1724424206799,4,-91,-12,-61,3,3f,NaN,0,66.939315300067
42540,267.92,1,-96.2952083,32.9795012,168.595428466797,138.149894138817,1724424207802,4,-91,-12,-61,3,3f,NaN,0,66.939315300067
42541,267.92,1,-96.2952083,32.9795012,168.595428466797,138.149894138817,1724424208804,4,-91,-14,-59,3,3f,NaN,0,66.939315300067
42542,267.92,1,-96.2952083,32.9795012,168.595428466797,138.149894138817,1724424209807,4,-91,-14,-59,3,3f,NaN,0,66.939315300067
42543,267.92,1,-96.2952083,32.9795012,168.595428466797,138.149894138817,1724424210807,3,-92,-13,-61,3,3f,NaN,0.0103475201979536,66.9496628202649
42544,267.92,1,-96.2952083298733,32.9795012896198,168.595413208008,138.219959649222,1724424211809,3,-92,-13,-61,3,3f,NaN,0.0104520341635264,66.9601148544285
42545,267.92,1,-96.2952083600483,32.9795013801448,168.59538269043,138.290732892056,1724424212809,4,-92,-13,-61,3,3f,NaN,0.0104938534980907,66.9706087079266
42546,267.92,1,-96.295208390344,32.979501471032,168.595352172852,138.36178922786,1724424213813,4,-92,-13,-61,3,3f,NaN,0.00334465066475255,66.9739533585913
42547,267.92,1,-96.2952084,32.9795015,168.595336914063,138.384436665567,1724424214816,4,-92,-13,-61,3,3f,NaN,0,66.9739533585913
42548,267.92,1,-96.2952084,32.9795015,168.595336914063,138.384436665567,1724424215816,4,-92,-13,-61,3,3f,NaN,0,66.9739533585913
42549,267.92,1,-96.2952084,32.9795015,168.595336914063,138.384436665567,1724424216822,4,-91,-13,-59,3,3f,NaN,0,66.9739533585913
42550,267.92,1,-96.2952084,32.9795015,168.595336914063,138.384436665567,1724424217824,4,-91,-13,-59,3,3f,NaN,0,66.9739533585913
42551,267.92,1,-96.2952084,32.9795015,168.595336914063,138.384436665567,1724424218825,4,-91,-13,-61,3,3f,NaN,0,66.9739533585913
42552,267.92,1,-96.2952084,32.9795015,168.595336914063,138.384436665567,1724424219831,4,-91,-13,-61,3,3f,NaN,0,66.9739533585913
42553,267.92,1,-96.2952084,32.9795015,168.595336914063,138.384436665567,1724424220830,3,-92,-13,-61,3,3f,NaN,0,66.9739533585913
42554,267.92,1,-96.2952084,32.9795015,168.595336914063,138.384436665567,1724424221833,3,-92,-13,-61,3,3f,NaN,0.0130365039400582,66.9869898625314
42555,267.92,1,-96.295208270118,32.979501543294,168.595260620117,138.390936405175,1724424222833,4,-93,-13,-61,3,3f,NaN,0.0131812192031438,67.0001710817345
42556,267.92,1,-96.2952081387942,32.9795015870686,168.595184326172,138.397508291237,1724424223835,4,-93,-13,-61,3,3f,NaN,0.0038938474121384,67.0040649291467
42557,267.92,1,-96.2952081,32.9795016,168.595169067383,138.39944968672,1724424224842,4,-92,-14,-59,3,3f,NaN,0,67.0040649291467
42558,267.92,1,-96.2952081,32.9795016,168.595169067383,138.39944968672,1724424225843,4,-92,-14,-59,3,3f,NaN,0,67.0040649291467
42559,267.92,1,-96.2952081,32.9795016,168.595169067383,138.39944968672,1724424226843,3,-92,-14,-59,3,3f,NaN,0.00919755949596502,67.0132624886426
42560,267.92,1,-96.2952080013958,32.9795016,168.595123291016,138.39944968672,1724424227845,3,-92,-14,-59,3,3f,NaN,0.000130197243074871,67.0133926858857
42561,267.92,1,-96.295208,32.9795016,168.595123291016,138.39944968672,1724424228848,3,-92,-14,-59,3,3f,NaN,0,67.0133926858857
42562,267.92,1,-96.295208,32.9795016,168.595123291016,138.39944968672,1724424229847,3,-91,-13,-59,3,3f,NaN,0,67.0133926858857
42563,267.92,1,-96.295208,32.9795016,168.595123291016,138.39944968672,1724424230849,3,-91,-13,-59,3,3f,NaN,0,67.0133926858857
42564,267.92,1,-96.295208,32.9795016,168.595123291016,138.39944968672,1724424231855,3,-90,-14,-57,3,3f,NaN,0,67.0133926858857
42565,267.92,1,-96.295208,32.9795016,168.595123291016,138.39944968672,1724424232857,3,-90,-14,-57,3,3f,NaN,0.00440948201538794,67.0178021679011
42566,267.92,1,-96.2952080472727,32.9795016,168.595138549805,138.380886331122,1724424233857,3,-90,-14,-57,3,3f,NaN,0.0044898225200206,67.0222919904211
42567,267.92,1,-96.2952080954067,32.9795016,168.595169067383,138.361984776739,1724424234863,3,-90,-14,-57,3,3f,NaN,0.000428452203631352,67.0227204426247
42568,267.92,1,-96.2952081,32.9795016,168.595169067383,138.360181049879,1724424235863,3,-90,-14,-59,3,3f,NaN,0,67.0227204426247
42569,267.92,1,-96.2952081,32.9795016,168.595169067383,138.360181049879,1724424236864,3,-90,-14,-59,3,3f,NaN,0,67.0227204426247
42570,267.92,1,-96.2952081,32.9795016,168.595169067383,138.360181049879,1724424237863,3,-91,-15,-57,3,3f,NaN,0,67.0227204426247
42571,267.92,1,-96.2952081,32.9795016,168.595169067383,138.360181049879,1724424238867,3,-91,-15,-57,3,3f,NaN,0,67.0227204426247
42572,267.92,1,-96.2952081,32.9795016,168.595169067383,138.360181049879,1724424239871,3,-91,-13,-59,3,3f,NaN,0,67.0227204426247
42573,267.92,1,-96.2952081,32.9795016,168.595169067383,138.360181049879,1724424240879,3,-91,-13,-59,3,3f,NaN,0,67.0227204426247
42574,267.92,1,-96.2952081,32.9795016,168.595169067383,138.360181049879,1724424241881,3,-91,-14,-57,3,3f,NaN,0,67.0227204426247
42575,267.92,1,-96.2952081,32.9795016,168.595169067383,138.360181049879,1724424242880,3,-91,-14,-57,3,3f,NaN,0,67.0227204426247
42576,267.92,1,-96.2952081,32.9795016,168.595169067383,138.267644603837,1724424243880,3,-90,-14,-59,3,3f,NaN,0,67.0227204426247
42577,267.92,1,-96.2952081,32.9795016,168.595169067383,138.173889339356,1724424244880,3,-90,-14,-59,3,3f,NaN,0,67.0227204426247
42578,267.92,1,-96.2952081,32.9795016,168.595169067383,138.16329499447,1724424245881,3,-90,-14,-59,3,3f,NaN,0,67.0227204426247
42579,267.92,1,-96.2952081,32.9795016,168.595169067383,138.16329499447,1724424246882,3,-91,-14,-59,3,3f,NaN,0,67.0227204426247
42580,267.92,1,-96.2952081,32.9795016,168.595169067383,138.16329499447,1724424247889,3,-91,-14,-59,3,3f,NaN,0,67.0227204426247
42581,267.92,1,-96.2952081,32.9795016,168.595169067383,138.16329499447,1724424248890,3,-91,-14,-59,3,3f,NaN,0,67.0227204426247
42582,267.92,1,-96.2952081,32.9795016,168.595169067383,138.16329499447,1724424249896,3,-91,-14,-59,3,3f,NaN,0,67.0227204426247
42583,267.92,1,-96.2952081,32.9795016,168.595169067383,138.16329499447,1724424250898,3,-91,-13,-59,3,3f,NaN,0,67.0227204426247
42584,267.92,1,-96.2952081,32.9795016,168.595169067383,138.16329499447,1724424251898,3,-91,-13,-59,3,3f,NaN,0,67.0227204426247
42585,267.92,1,-96.2952081,32.9795016,168.595169067383,138.16329499447,1724424252902,3,-91,-14,-57,3,3f,NaN,0.0101838508901625,67.0329042935149
42586,267.92,1,-96.2952081937826,32.9795016468913,168.595184326172,138.259493990308,1724424253903,3,-91,-14,-57,3,3f,NaN,0.0102972404763077,67.0432015339912
42587,267.92,1,-96.2952082886094,32.9795016943047,168.595199584961,138.356764027597,1724424254902,3,-90,-13,-59,3,3f,NaN,0.00123690467826519,67.0444384386695
42588,267.92,1,-96.2952083,32.9795017,168.59521484375,138.36844811616,1724424255910,3,-90,-13,-59,3,3f,NaN,0,67.0444384386695
42589,267.92,1,-96.2952083,32.9795017,168.59521484375,138.36844811616,1724424256908,3,-91,-13,-59,3,3f,NaN,0,67.0444384386695
42590,267.92,1,-96.2952083,32.9795017,168.59521484375,138.36844811616,1724424257910,3,-91,-13,-59,3,3f,NaN,0,67.0444384386695
42591,267.92,1,-96.2952083,32.9795017,168.59521484375,138.36844811616,1724424258917,3,-91,-14,-61,3,3f,NaN,0.00919756081110243,67.0536359994806
42592,267.92,1,-96.2952083986042,32.9795017,168.595245361328,138.36844811616,1724424259920,3,-91,-14,-61,3,3f,NaN,0.000130197242927417,67.0537661967235
42593,267.92,1,-96.2952084,32.9795017,168.595260620117,138.36844811616,1724424260922,3,-90,-13,-59,3,3f,NaN,0,67.0537661967235
42594,267.92,1,-96.2952084,32.9795017,168.595260620117,138.36844811616,1724424261923,3,-90,-13,-59,3,3f,NaN,0,67.0537661967235
42595,267.92,1,-96.2952084,32.9795017,168.595260620117,138.36844811616,1724424262924,4,-92,-13,-59,3,3f,NaN,0,67.0537661967235
42596,267.92,1,-96.2952084,32.9795017,168.595260620117,138.36844811616,1724424263925,3,-91,-14,-59,3,3f,NaN,0.00523798129827322,67.0590041780218
42597,267.92,1,-96.2952084,32.9795017471063,168.595230102539,138.347029480893,1724424264932,3,-91,-14,-59,3,3f,NaN,0.00527489892557431,67.0642790769474
42598,267.92,1,-96.2952084,32.9795017945446,168.59521484375,138.325459858267,1724424265932,3,-91,-14,-59,3,3f,NaN,0.000606612570551822,67.0648856895179
42599,267.92,1,-96.2952084,32.9795018,168.59521484375,138.322979351665,1724424266934,3,-92,-13,-61,3,3f,NaN,0,67.0648856895179
42600,267.92,1,-96.2952084,32.9795018,168.59521484375,138.322979351665,1724424267935,3,-92,-13,-61,3,3f,NaN,0,67.0648856895179
42601,267.92,1,-96.2952084,32.9795018,168.59521484375,138.322979351665,1724424268937,2,-90,-13,-59,3,3f,NaN,0,67.0648856895179
42602,267.92,1,-96.2952084,32.9795018,168.59521484375,138.322979351665,1724424269939,2,-90,-13,-59,3,3f,NaN,0,67.0648856895179
42603,267.92,1,-96.2952084,32.9795018,168.59521484375,138.322979351665,1724424270942,2,-91,-13,-59,3,3f,NaN,0,67.0648856895179
42604,267.92,1,-96.2952084,32.9795018,168.59521484375,138.322979351665,1724424271943,2,-91,-13,-59,3,3f,NaN,0,67.0648856895179
42605,267.92,1,-96.2952084,32.9795018,168.59521484375,138.322979351665,1724424272943,3,-91,-14,-59,3,3f,NaN,0,67.0648856895179
42606,267.92,1,-96.2952084,32.9795018,168.59521484375,138.322979351665,1724424273949,3,-91,-14,-59,3,3f,NaN,0,67.0648856895179
42607,267.92,1,-96.2952084,32.9795018,168.59521484375,138.322979351665,1724424274952,3,-91,-13,-59,3,3f,NaN,0.00438718883765517,67.0692728783556
42608,267.92,1,-96.2952084470337,32.9795018,168.595230102539,138.405349708957,1724424275957,3,-91,-13,-59,3,3f,NaN,0.00443145836573086,67.0737043367213
42609,267.92,1,-96.295208494542,32.9795018,168.595245361328,138.488551250481,1724424276958,3,-93,-14,-61,3,3f,NaN,0.000509109514525699,67.0742134462358
42610,267.92,1,-96.2952085,32.9795018,168.595245361328,138.498109869137,1724424277960,3,-93,-14,-61,3,3f,NaN,0,67.0742134462358
42611,267.92,1,-96.2952085,32.9795018,168.595245361328,138.498109869137,1724424278963,4,-91,-13,-61,3,3f,NaN,0,67.0742134462358
42612,267.92,1,-96.2952085,32.9795018,168.595245361328,138.498109869137,1724424279964,4,-91,-13,-61,3,3f,NaN,0,67.0742134462358
42613,267.92,1,-96.2952085,32.9795018,168.595245361328,138.498109869137,1724424280964,4,-90,-13,-59,3,3f,NaN,0,67.0742134462358
42614,267.92,1,-96.2952085,32.9795018,168.595245361328,138.498109869137,1724424281966,4,-90,-13,-59,3,3f,NaN,0,67.0742134462358
42615,267.92,1,-96.2952085,32.9795018,168.595245361328,138.498109869137,1724424282967,4,-91,-14,-59,3,3f,NaN,0,67.0742134462358
42616,267.92,1,-96.2952085,32.9795018,168.595245361328,138.498109869137,1724424283968,4,-91,-14,-59,3,3f,NaN,0,67.0742134462358
42617,267.92,1,-96.2952085,32.9795018,168.595245361328,138.498109869137,1724424284970,3,-91,-13,-61,3,3f,NaN,0,67.0742134462358
42618,267.92,1,-96.2952085,32.9795018,168.595245361328,138.498109869137,1724424285975,3,-91,-13,-61,3,3f,NaN,0.00680161267924415,67.0810150589151
42619,267.92,1,-96.2952085468631,32.9795017531369,168.595291137695,138.478025710423,1724424286975,3,-91,-12,-59,3,3f,NaN,0.00694647560583479,67.0879615345209
42620,267.92,1,-96.2952085947243,32.9795017052757,168.595336914063,138.457513795794,1724424287982,3,-91,-12,-59,3,3f,NaN,0.000765703965459549,67.0887272384863
42621,267.92,1,-96.2952086,32.9795017,168.595336914063,138.455252800239,1724424288984,4,-92,-13,-61,3,3f,NaN,0,67.0887272384863
42622,267.92,1,-96.2952086,32.9795017,168.595336914063,138.455252800239,1724424289986,4,-92,-13,-61,3,3f,NaN,0,67.0887272384863
42623,267.92,1,-96.2952086,32.9795017,168.595336914063,138.455252800239,1724424290986,3,-91,-14,-59,3,3f,NaN,0,67.0887272384863
42624,267.92,1,-96.2952086,32.9795017,168.595336914063,138.455252800239,1724424291990,3,-91,-14,-59,3,3f,NaN,0,67.0887272384863
42625,267.92,1,-96.2952086,32.9795017,168.595336914063,138.455252800239,1724424292991,3,-91,-14,-57,3,3f,NaN,0,67.0887272384863
42626,267.92,1,-96.2952086,32.9795017,168.595336914063,138.455252800239,1724424293994,3,-91,-14,-57,3,3f,NaN,0,67.0887272384863
42627,267.92,1,-96.2952086,32.9795017,168.595336914063,138.455252800239,1724424294996,3,-92,-13,-61,3,3f,NaN,0,67.0887272384863
42628,267.92,1,-96.2952086,32.9795017,168.595336914063,138.455252800239,1724424295999,3,-92,-13,-61,3,3f,NaN,0,67.0887272384863
42629,267.92,1,-96.2952086,32.9795017,168.595336914063,138.455252800239,1724424297007,4,-92,-13,-61,3,3f,NaN,0.00522399358963694,67.093951232076
42630,267.92,1,-96.2952086,32.9795017469805,168.595321655273,138.400138090022,1724424298006,4,-92,-13,-61,3,3f,NaN,0.00528744077413352,67.0992386728501
42631,267.92,1,-96.2952086,32.9795017945316,168.595306396484,138.344353970368,1724424299006,4,-92,-13,-59,3,3f,NaN,0.000608058430628888,67.0998467312807
42632,267.92,1,-96.2952086,32.9795018,168.595291137695,138.29254675456,1724424300007,4,-92,-13,-59,3,3f,NaN,0,67.0998467312807
42633,267.92,1,-96.2952086,32.9795018,168.595291137695,138.29197806155,1724424301007,4,-91,-13,-59,3,3f,NaN,0,67.0998467312807
42634,267.92,1,-96.2952086,32.9795018,168.595291137695,138.29197806155,1724424302009,4,-91,-13,-59,3,3f,NaN,0,67.0998467312807
42635,267.92,1,-96.2952086,32.9795018,168.595291137695,138.29197806155,1724424303014,3,-91,-13,-59,3,3f,NaN,0,67.0998467312807
42636,267.92,1,-96.2952086,32.9795018,168.595291137695,138.29197806155,1724424304017,3,-91,-13,-59,3,3f,NaN,0,67.0998467312807
42637,267.92,1,-96.2952086,32.9795018,168.595291137695,138.29197806155,1724424305023,4,-92,-14,-61,3,3f,NaN,0,67.0998467312807
42638,267.92,1,-96.2952086,32.9795018,168.595291137695,138.29197806155,1724424306025,4,-92,-14,-61,3,3f,NaN,0,67.0998467312807
42639,267.92,1,-96.2952086,32.9795018,168.595291137695,138.29197806155,1724424307027,3,-92,-14,-59,3,3f,NaN,0,67.0998467312807
42640,267.92,1,-96.2952086,32.9795018,168.595291137695,138.29197806155,1724424308027,3,-92,-14,-59,3,3f,NaN,0.00439527736837104,67.1042420086491
42641,267.92,1,-96.2952086471204,32.9795018,168.595321655273,138.358425597322,1724424309031,5,-91,-13,-59,3,3f,NaN,0.00445743657369048,67.1086994452228
42642,267.92,1,-96.2952086949072,32.9795018,168.595336914063,138.425812795217,1724424310035,5,-91,-13,-59,3,3f,NaN,0.000475044101404245,67.1091744893242
42643,267.92,1,-96.2952087,32.9795018,168.595336914063,138.432994498578,1724424311038,5,-91,-15,-57,3,3f,NaN,0,67.1091744893242
42644,267.92,1,-96.2952087,32.9795018,168.595336914063,138.432994498578,1724424312037,5,-91,-15,-57,3,3f,NaN,0,67.1091744893242
42645,267.92,1,-96.2952087,32.9795018,168.595336914063,138.432994498578,1724424313047,4,-91,-15,-59,3,3f,NaN,0,67.1091744893242
42646,267.92,1,-96.2952087,32.9795018,168.595336914063,138.432994498578,1724424314043,4,-91,-15,-59,3,3f,NaN,0,67.1091744893242
42647,267.92,1,-96.2952087,32.9795018,168.595336914063,138.432994498578,1724424315043,4,-92,-14,-59,3,3f,NaN,0,67.1091744893242
42648,267.92,1,-96.2952087,32.9795018,168.595336914063,138.432994498578,1724424316048,4,-92,-14,-59,3,3f,NaN,0,67.1091744893242
42649,267.92,1,-96.2952087,32.9795018,168.595336914063,138.432994498578,1724424317050,3,-92,-14,-61,3,3f,NaN,0,67.1091744893242
42650,267.92,1,-96.2952087,32.9795018,168.595336914063,138.432994498578,1724424318050,3,-92,-14,-61,3,3f,NaN,0,67.1091744893242
42651,267.92,1,-96.2952087,32.9795018,168.595336914063,138.432994498578,1724424319056,4,-91,-12,-61,3,3f,NaN,0.00271761489822948,67.1118921042224
42652,267.92,1,-96.2952087,32.9795017755599,168.595352172852,138.43768383635,1724424320060,4,-91,-12,-61,3,3f,NaN,0.00273402817541034,67.1146261323979
42653,267.92,1,-96.2952087,32.9795017509722,168.595367431641,138.44240150849,1724424321059,4,-92,-13,-61,3,3f,NaN,0.00273950901221613,67.1173656414101
42654,267.92,1,-96.2952087,32.9795017263352,168.595367431641,138.447128625419,1724424322060,4,-92,-13,-61,3,3f,NaN,0.00274224508513793,67.1201078864952
42655,267.92,1,-96.2952087,32.9795017016736,168.59538269043,138.451860464742,1724424323062,4,-92,-13,-61,3,3f,NaN,0.000186095623405479,67.1202939821186
42656,267.92,1,-96.2952087,32.9795017,168.59538269043,138.45218158757,1724424324065,3,-91,-13,-61,3,3f,NaN,0,67.1202939821186
42657,267.92,1,-96.2952087,32.9795017,168.59538269043,138.45218158757,1724424325067,3,-91,-13,-61,3,3f,NaN,0,67.1202939821186
42658,267.92,1,-96.2952087,32.9795017,168.59538269043,138.45218158757,1724424326065,4,-91,-13,-61,3,3f,NaN,0,67.1202939821186
42659,267.92,1,-96.2952087,32.9795017,168.59538269043,138.45218158757,1724424327068,4,-91,-13,-61,3,3f,NaN,0,67.1202939821186
42660,267.92,1,-96.2952087,32.9795017,168.59538269043,138.45218158757,1724424328070,3,-90,-12,-61,3,3f,NaN,0,67.1202939821186
42661,267.92,1,-96.2952087,32.9795017,168.59538269043,138.45218158757,1724424329071,3,-90,-12,-61,3,3f,NaN,0,67.1202939821186
42662,267.92,1,-96.2952087,32.9795017,168.59538269043,138.45218158757,1724424330072,3,-91,-14,-59,3,3f,NaN,0,67.1202939821186
42663,267.92,1,-96.2952087,32.9795017,168.59538269043,138.45218158757,1724424331076,3,-91,-14,-59,3,3f,NaN,0.00441395045304791,67.1247079325717
42664,267.92,1,-96.2952086526794,32.9795017,168.595367431641,138.442876737889,1724424332077,3,-92,-14,-59,3,3f,NaN,0.00446750151053077,67.1291754340822
42665,267.92,1,-96.2952086047847,32.9795017,168.595336914063,138.433458988111,1724424333078,3,-92,-14,-59,3,3f,NaN,0.000446306090451162,67.1296217401727
42666,267.92,1,-96.2952086,32.9795017,168.595336914063,138.432518153967,1724424334085,4,-91,-14,-59,3,3f,NaN,0,67.1296217401727
42667,267.92,1,-96.2952086,32.9795017,168.595336914063,138.432518153967,1724424335084,4,-91,-14,-59,3,3f,NaN,0,67.1296217401727
42668,267.92,1,-96.2952086,32.9795017,168.595336914063,138.432518153967,1724424336093,4,-92,-13,-61,3,3f,NaN,0,67.1296217401727
42669,267.92,1,-96.2952086,32.9795017,168.595336914063,138.432518153967,1724424337094,4,-92,-13,-61,3,3f,NaN,0,67.1296217401727
42670,267.92,1,-96.2952086,32.9795017,168.595336914063,138.432518153967,1724424338096,4,-92,-14,-59,3,3f,NaN,0,67.1296217401727
42671,267.92,1,-96.2952086,32.9795017,168.595336914063,138.432518153967,1724424339097,4,-92,-14,-59,3,3f,NaN,0,67.1296217401727
42672,267.92,1,-96.2952086,32.9795017,168.595336914063,138.432518153967,1724424340099,4,-92,-14,-59,3,3f,NaN,0,67.1296217401727
42673,267.92,1,-96.2952086,32.9795017,168.595336914063,138.432518153967,1724424341102,4,-92,-14,-59,3,3f,NaN,0.0102129396387258,67.1398346798114
42674,267.92,1,-96.2952086940505,32.9795016529748,168.595397949219,138.649575341555,1724424342104,4,-92,-14,-61,3,3f,NaN,0.0103473137031856,67.1501819935146
42675,267.92,1,-96.2952087893384,32.9795016053308,168.595474243164,138.869488544769,1724424343105,4,-92,-14,-61,3,3f,NaN,0.00115774270282613,67.1513397362174
42676,267.92,1,-96.2952088,32.9795016,168.595474243164,138.894094217856,1724424344111,4,-93,-15,-59,3,3f,NaN,0,67.1513397362174
42677,267.92,1,-96.2952088,32.9795016,168.595474243164,138.894094217856,1724424345113,4,-93,-15,-59,3,3f,NaN,0,67.1513397362174
42678,267.92,1,-96.2952088,32.9795016,168.595474243164,138.894094217856,1724424346112,4,-92,-14,-59,3,3f,NaN,0,67.1513397362174
42679,267.92,1,-96.2952088,32.9795016,168.595474243164,138.894094217856,1724424347117,4,-92,-14,-59,3,3f,NaN,0,67.1513397362174
42680,267.92,1,-96.2952088,32.9795016,168.595474243164,138.894094217856,1724424348117,3,-93,-14,-61,3,3f,NaN,0,67.1513397362174
42681,267.92,1,-96.2952088,32.9795016,168.595474243164,138.894094217856,1724424349124,3,-93,-14,-61,3,3f,NaN,0,67.1513397362174
42682,267.92,1,-96.2952088,32.9795016,168.595474243164,138.894094217856,1724424350127,3,-92,-12,-63,3,3f,NaN,0,67.1513397362174
42683,267.92,1,-96.2952088,32.9795016,168.595474243164,138.894094217856,1724424351127,3,-92,-12,-63,3,3f,NaN,0,67.1513397362174
42684,267.92,1,-96.2952088,32.9795016,168.595474243164,138.894094217856,1724424352127,4,-92,-14,-59,3,3f,NaN,0.00550128031918172,67.1568410165366
42685,267.92,1,-96.2952088,32.9795016494742,168.595458984375,138.817551363653,1724424353127,4,-92,-14,-59,3,3f,NaN,0.00560151081610883,67.1624425273527
42686,267.92,1,-96.2952088,32.9795016998498,168.595428466797,138.739614004009,1724424354133,4,-92,-14,-59,3,3f,NaN,0.00555695541319845,67.1679994827659
42687,267.92,1,-96.2952088,32.9795017498247,168.595413208008,138.662296424561,1724424355131,3,-92,-13,-63,3,3f,NaN,0.00557366813353188,67.1735731508994
42688,267.92,1,-96.2952088,32.9795017999499,168.59538269043,138.58474642754,1724424356132,3,-92,-13,-63,3,3f,NaN,5.57090677781093e-06,67.1735787218062
42689,267.92,1,-96.2952088,32.9795018,168.59538269043,138.584668955015,1724424357134,3,-94,-14,-61,3,3f,NaN,0,67.1735787218062
42690,267.92,1,-96.2952088,32.9795018,168.59538269043,138.584668955015,1724424358143,3,-94,-14,-61,3,3f,NaN,0,67.1735787218062
42691,267.92,1,-96.2952088,32.9795018,168.59538269043,138.584668955015,1724424359144,3,-93,-14,-59,3,3f,NaN,0,67.1735787218062
42692,267.92,1,-96.2952088,32.9795018,168.59538269043,138.584668955015,1724424360146,3,-93,-14,-59,3,3f,NaN,0,67.1735787218062
42693,267.92,1,-96.2952088,32.9795018,168.59538269043,138.584668955015,1724424361146,4,-93,-13,-63,3,3f,NaN,0,67.1735787218062
42694,267.92,1,-96.2952088,32.9795018,168.59538269043,138.584668955015,1724424362150,4,-93,-13,-63,3,3f,NaN,0.0182843377384317,67.1918630595446
42695,267.92,1,-96.2952086121442,32.9795018469639,168.595275878906,138.745283915691,1724424363151,4,-92,-13,-61,3,3f,NaN,0.0184874998920433,67.2103505594367
42696,267.92,1,-96.2952084222011,32.9795018944497,168.595169067383,138.907683487042,1724424364152,4,-92,-13,-61,3,3f,NaN,0.00216087282693716,67.2125114322636
42697,267.92,1,-96.2952084,32.9795019,168.595169067383,138.926665255122,1724424365152,4,-92,-14,-59,3,3f,NaN,0,67.2125114322636
42698,267.92,1,-96.2952084,32.9795019,168.595169067383,138.926665255122,1724424366161,4,-92,-14,-59,3,3f,NaN,0,67.2125114322636
42699,267.92,1,-96.2952084,32.9795019,168.595169067383,138.926665255122,1724424367162,4,-92,-14,-59,3,3f,NaN,0.00921593694582261,67.2217273692094
42700,267.92,1,-96.2952083011988,32.9795019,168.595123291016,138.926665255122,1724424368162,4,-92,-14,-59,3,3f,NaN,0.000111821087079068,67.2218391902965
42701,267.92,1,-96.2952083,32.9795019,168.595123291016,138.926665255122,1724424369164,4,-92,-14,-59,3,3f,NaN,0,67.2218391902965
42702,267.92,1,-96.2952083,32.9795019,168.595123291016,138.926665255122,1724424370166,4,-92,-14,-59,3,3f,NaN,0,67.2218391902965
42703,267.92,1,-96.2952083,32.9795019,168.595123291016,138.926665255122,1724424371169,4,-91,-14,-59,3,3f,NaN,0,67.2218391902965
42704,267.92,1,-96.2952083,32.9795019,168.595123291016,138.926665255122,1724424372170,4,-91,-14,-59,3,3f,NaN,0.00807954594571615,67.2299187362422
42705,267.92,1,-96.2952082664971,32.9795019670058,168.595077514648,138.790814471105,1724424373171,4,-92,-13,-61,3,3f,NaN,0.00821037487764118,67.2381291111199
42706,267.92,1,-96.2952082324517,32.9795020350966,168.595031738281,138.652763674391,1724424374175,4,-92,-13,-61,3,3f,NaN,0.00782603841262786,67.2459551495325
42707,267.92,1,-96.2952082,32.9795021,168.594985961914,138.521175414974,1724424375175,4,-91,-13,-59,3,3f,NaN,0,67.2459551495325
42708,267.92,1,-96.2952082,32.9795021,168.594985961914,138.521175414974,1724424376178,4,-91,-13,-59,3,3f,NaN,0,67.2459551495325
42709,267.92,1,-96.2952082,32.9795021,168.594985961914,138.521175414974,1724424377177,4,-92,-12,-61,3,3f,NaN,0,67.2459551495325
42710,267.92,1,-96.2952082,32.9795021,168.594985961914,138.521175414974,1724424378179,4,-92,-12,-61,3,3f,NaN,0,67.2459551495325
42711,267.92,1,-96.2952082,32.9795021,168.594985961914,138.521175414974,1724424379182,4,-92,-13,-61,3,3f,NaN,0,67.2459551495325
42712,267.92,1,-96.2952082,32.9795021,168.594985961914,138.521175414974,1724424380193,4,-92,-13,-61,3,3f,NaN,0,67.2459551495325
42713,267.92,1,-96.2952082,32.9795021,168.594985961914,138.521175414974,1724424381194,4,-92,-13,-61,3,3f,NaN,0,67.2459551495325
42714,267.92,1,-96.2952082,32.9795021,168.594985961914,138.521175414974,1724424382195,4,-92,-13,-61,3,3f,NaN,0,67.2459551495325
42715,267.92,1,-96.2952082,32.9795021,168.594985961914,138.521175414974,1724424383195,4,-92,-13,-63,3,3f,NaN,0.0113665120629101,67.2573216615954
42716,267.92,1,-96.2952082,32.9795022022215,168.594940185547,138.561743895134,1724424384207,4,-92,-13,-63,3,3f,NaN,0.011400704678514,67.2687223662739
42717,267.92,1,-96.2952082,32.9795023047505,168.59489440918,138.602434446949,1724424385207,3,-93,-13,-63,3,3f,NaN,0.010591261641774,67.2793136279157
42718,267.92,1,-96.2952082,32.9795024,168.594848632813,138.640235969585,1724424386206,3,-93,-13,-63,3,3f,NaN,0,67.2793136279157
42719,267.92,1,-96.2952082,32.9795024,168.594848632813,138.640235969585,1724424387210,3,-93,-13,-63,3,3f,NaN,0,67.2793136279157
42720,267.92,1,-96.2952082,32.9795024,168.594848632813,138.640235969585,1724424388210,4,-93,-15,-59,3,3f,NaN,0,67.2793136279157
42721,267.92,1,-96.2952082,32.9795024,168.594848632813,138.640235969585,1724424389212,4,-93,-15,-59,3,3f,NaN,0.0109750837662869,67.290288711682
42722,267.92,1,-96.2952082,32.9795024987013,168.594802856445,138.640235969585,1724424390215,3,-92,-12,-63,3,3f,NaN,0.000144409028112491,67.2904331207101
42723,267.92,1,-96.2952082,32.9795025,168.594802856445,138.640235969585,1724424391216,3,-92,-12,-63,3,3f,NaN,0,67.2904331207101
42724,267.92,1,-96.2952082,32.9795025,168.594802856445,138.640235969585,1724424392216,3,-92,-13,-59,3,3f,NaN,0,67.2904331207101
42725,267.92,1,-96.2952082,32.9795025,168.594802856445,138.640235969585,1724424393218,3,-92,-13,-59,3,3f,NaN,0,67.2904331207101
42726,267.92,1,-96.2952082,32.9795025,168.594802856445,138.640235969585,1724424394222,4,-92,-12,-61,3,3f,NaN,0,67.2904331207101
42727,267.92,1,-96.2952082,32.9795025,168.594802856445,138.640235969585,1724424395225,4,-92,-12,-61,3,3f,NaN,0.00381501953637285,67.2942481402465
42728,267.92,1,-96.2952082,32.9795025343093,168.594787597656,138.674861101138,1724424396233,4,-93,-14,-61,3,3f,NaN,0.00383035434415196,67.2980784945906
42729,267.92,1,-96.2952082,32.9795025687565,168.594772338867,138.709625289444,1724424397233,4,-93,-14,-61,3,3f,NaN,0.00347411812378706,67.3015526127144
42730,267.92,1,-96.2952082,32.9795026,168.594757080078,138.741156408238,1724424398232,4,-92,-13,-59,3,3f,NaN,0,67.3015526127144
42731,267.92,1,-96.2952082,32.9795026,168.594757080078,138.741156408238,1724424399234,4,-92,-13,-59,3,3f,NaN,0,67.3015526127144
42732,267.92,1,-96.2952082,32.9795026,168.594757080078,138.741156408238,1724424400238,3,-92,-13,-61,3,3f,NaN,0,67.3015526127144
42733,267.92,1,-96.2952082,32.9795026,168.594757080078,138.741156408238,1724424401237,3,-92,-13,-61,3,3f,NaN,0,67.3015526127144
42734,267.92,1,-96.2952082,32.9795026,168.594757080078,138.741156408238,1724424402241,3,-93,-12,-61,3,3f,NaN,0,67.3015526127144
42735,267.92,1,-96.2952082,32.9795026,168.594757080078,138.741156408238,1724424403242,3,-93,-12,-61,3,3f,NaN,0,67.3015526127144
42736,267.92,1,-96.2952082,32.9795026,168.594757080078,138.741156408238,1724424404248,3,-92,-13,-61,3,3f,NaN,0,67.3015526127144
42737,267.92,1,-96.2952082,32.9795026,168.594757080078,138.741156408238,1724424405249,3,-92,-13,-61,3,3f,NaN,0.00778561361703803,67.3093382263314
42738,267.92,1,-96.2952082,32.9795026700177,168.5947265625,138.657349046707,1724424406250,3,-91,-13,-59,3,3f,NaN,0.0079115630414125,67.3172497893728
42739,267.92,1,-96.2952082,32.9795027411681,168.594696044922,138.572185853241,1724424407255,3,-91,-13,-59,3,3f,NaN,0.00654180893034817,67.3237915983032
42740,267.92,1,-96.2952082,32.9795028,168.594665527344,138.501767332076,1724424408254,4,-91,-13,-57,3,3f,NaN,0,67.3237915983032
42741,267.92,1,-96.2952082,32.9795028,168.594665527344,138.501767332076,1724424409259,4,-91,-13,-57,3,3f,NaN,0,67.3237915983032
42742,267.92,1,-96.2952082,32.9795028,168.594665527344,138.501767332076,1724424410259,4,-91,-14,-59,3,3f,NaN,0,67.3237915983032
42743,267.92,1,-96.2952082,32.9795028,168.594665527344,138.501767332076,1724424411261,4,-91,-14,-59,3,3f,NaN,0,67.3237915983032
42744,267.92,1,-96.2952082,32.9795028,168.594665527344,138.501767332076,1724424412269,4,-91,-14,-59,3,3f,NaN,0,67.3237915983032
42745,267.92,1,-96.2952082,32.9795028,168.594665527344,138.501767332076,1724424413272,4,-91,-14,-59,3,3f,NaN,0,67.3237915983032
42746,267.92,1,-96.2952082,32.9795028,168.594665527344,138.501767332076,1724424414272,4,-90,-14,-57,3,3f,NaN,0,67.3237915983032
42747,267.92,1,-96.2952082,32.9795028,168.594665527344,138.501767332076,1724424415275,4,-90,-14,-57,3,3f,NaN,0,67.3237915983032
42748,267.92,1,-96.2952082,32.9795028,168.594665527344,138.501767332076,1724424416276,4,-91,-12,-61,3,3f,NaN,0.0163710547932007,67.3401626530964
42749,267.92,1,-96.2952082472632,32.9795029417896,168.594619750977,138.467840483844,1724424417281,4,-91,-12,-61,3,3f,NaN,0.0165029567448655,67.3566656098412
42750,267.92,1,-96.2952082949072,32.9795030847216,168.594589233398,138.433640307529,1724424418282,5,-90,-13,-59,3,3f,NaN,0.0017640473446778,67.3584296571859
42751,267.92,1,-96.2952083,32.9795031,168.594573974609,138.429984544426,1724424419289,5,-90,-13,-59,3,3f,NaN,0,67.3584296571859
42752,267.92,1,-96.2952083,32.9795031,168.594573974609,138.429984544426,1724424420290,5,-90,-14,-57,3,3f,NaN,0,67.3584296571859
42753,267.92,1,-96.2952083,32.9795031,168.594573974609,138.429984544426,1724424421292,5,-90,-14,-57,3,3f,NaN,0.0109753729383023,67.3694050301242
42754,267.92,1,-96.2952083,32.9795031987039,168.594528198242,138.429984544426,1724424422294,4,-88,-13,-57,3,3f,NaN,0.000144119856097077,67.3695491499803
42755,267.92,1,-96.2952083,32.9795032,168.594528198242,138.429984544426,1724424423296,4,-88,-13,-57,3,3f,NaN,0,67.3695491499803
42756,267.92,1,-96.2952083,32.9795032,168.594528198242,138.429984544426,1724424424297,3,-89,-13,-57,3,3f,NaN,0,67.3695491499803
42757,267.92,1,-96.2952083,32.9795032,168.594528198242,138.429984544426,1724424425303,3,-89,-13,-57,3,3f,NaN,0,67.3695491499803
42758,267.92,1,-96.2952083,32.9795032,168.594528198242,138.429984544426,1724424426307,3,-89,-13,-59,3,3f,NaN,0.0162944359083884,67.3858435858887
42759,267.92,1,-96.295208347042,32.979503058874,168.594619750977,138.589004854004,1724424427303,3,-89,-13,-59,3,3f,NaN,0.0165588385141035,67.4024024244028
42760,267.92,1,-96.2952083948473,32.979502915458,168.594711303711,138.750605614852,1724424428305,4,-89,-13,-59,3,3f,NaN,0.00178478481437417,67.4041872092172
42761,267.92,1,-96.2952084,32.9795029,168.594711303711,138.768023660932,1724424429312,4,-89,-13,-59,3,3f,NaN,0,67.4041872092172
42762,267.92,1,-96.2952084,32.9795029,168.594711303711,138.768023660932,1724424430311,4,-88,-12,-59,3,3f,NaN,0,67.4041872092172
42763,267.92,1,-96.2952084,32.9795029,168.594711303711,138.768023660932,1724424431312,4,-88,-12,-59,3,3f,NaN,0,67.4041872092172
42764,267.92,1,-96.2952084,32.9795029,168.594711303711,138.768023660932,1724424432313,4,-88,-14,-55,3,3f,NaN,0.0109647541626543,67.4151519633799
42765,267.92,1,-96.2952084,32.9795028013916,168.594757080078,138.768023660932,1724424433315,4,-88,-14,-55,3,3f,NaN,0.000154738631745039,67.4153067020116
42766,267.92,1,-96.2952084,32.9795028,168.594757080078,138.768023660932,1724424434321,5,-88,-13,-57,3,3f,NaN,0,67.4153067020116
42767,267.92,1,-96.2952084,32.9795028,168.594757080078,138.768023660932,1724424435322,5,-88,-13,-57,3,3f,NaN,0,67.4153067020116
42768,267.92,1,-96.2952084,32.9795028,168.594757080078,138.768023660932,1724424436323,3,-89,-14,-57,3,3f,NaN,0,67.4153067020116
42769,267.92,1,-96.2952084,32.9795028,168.594757080078,138.768023660932,1724424437329,3,-89,-14,-57,3,3f,NaN,0.0106187458877033,67.4259254478993
42770,267.92,1,-96.295208294206,32.9795028352647,168.594696044922,138.663925974775,1724424438326,3,-88,-13,-55,3,3f,NaN,0.0107802824671924,67.4367057303665
42771,267.92,1,-96.2952081868026,32.9795028710658,168.594635009766,138.558244652419,1724424439327,3,-88,-13,-55,3,3f,NaN,0.00871254181756685,67.4454182721841
42772,267.92,1,-96.2952081,32.9795029,168.594573974609,138.472833873412,1724424440327,3,-88,-12,-57,3,3f,NaN,0,67.4454182721841
42773,267.92,1,-96.2952081,32.9795029,168.594573974609,138.472833873412,1724424441332,3,-88,-12,-57,3,3f,NaN,0,67.4454182721841
42774,267.92,1,-96.2952081,32.9795029,168.594573974609,138.472833873412,1724424442333,3,-89,-14,-55,3,3f,NaN,0,67.4454182721841
42775,267.92,1,-96.2952081,32.9795029,168.594573974609,138.472833873412,1724424443340,3,-89,-14,-55,3,3f,NaN,0,67.4454182721841
42776,267.92,1,-96.2952081,32.9795029,168.594573974609,138.472833873412,1724424444340,2,-88,-13,-55,3,3f,NaN,0,67.4454182721841
42777,267.92,1,-96.2952081,32.9795029,168.594573974609,138.472833873412,1724424445344,2,-88,-13,-55,3,3f,NaN,0,67.4454182721841
42778,267.92,1,-96.2952081,32.9795029,168.594573974609,138.472833873412,1724424446344,2,-88,-13,-55,3,3f,NaN,0,67.4454182721841
42779,267.92,1,-96.2952081,32.9795029,168.594573974609,138.472833873412,1724424447344,3,-89,-13,-57,3,3f,NaN,0.0114843333477902,67.4569026055319
42780,267.92,1,-96.2952081476213,32.9795029952426,168.59455871582,138.641131552629,1724424448356,3,-89,-13,-57,3,3f,NaN,0.0114728683736264,67.4683754739055
42781,267.92,1,-96.2952081951951,32.9795030903901,168.594528198242,138.809261102296,1724424449356,4,-89,-13,-59,3,3f,NaN,0.00115875871501893,67.4695342326205
42782,267.92,1,-96.2952082,32.9795031,168.594528198242,138.826242186812,1724424450356,4,-89,-13,-59,3,3f,NaN,0,67.4695342326205
42783,267.92,1,-96.2952082,32.9795031,168.594528198242,138.826242186812,1724424451362,3,-88,-13,-57,3,3f,NaN,0,67.4695342326205
42784,267.92,1,-96.2952082,32.9795031,168.594528198242,138.826242186812,1724424452362,3,-88,-13,-57,3,3f,NaN,0,67.4695342326205
42785,267.92,1,-96.2952082,32.9795031,168.594528198242,138.826242186812,1724424453362,3,-89,-14,-57,3,3f,NaN,0,67.4695342326205
42786,267.92,1,-96.2952082,32.9795031,168.594528198242,138.826242186812,1724424454367,3,-89,-14,-57,3,3f,NaN,0,67.4695342326205
42787,267.92,1,-96.2952082,32.9795031,168.594528198242,138.826242186812,1724424455368,3,-89,-13,-57,3,3f,NaN,0,67.4695342326205
42788,267.92,1,-96.2952082,32.9795031,168.594528198242,138.826242186812,1724424456368,3,-89,-13,-57,3,3f,NaN,0,67.4695342326205
42789,267.92,1,-96.2952082,32.9795031,168.594528198242,138.826242186812,1724424457375,3,-89,-13,-57,3,3f,NaN,0,67.4695342326205
42790,267.92,1,-96.2952082,32.9795031,168.594528198242,138.826242186812,1724424458377,3,-89,-13,-57,3,3f,NaN,0.0163451692022572,67.4858794018228
42791,267.92,1,-96.2952081640335,32.979503243866,168.594451904297,138.833549506054,1724424459376,3,-88,-13,-57,3,3f,NaN,0.016593337154379,67.5024727389771
42792,267.92,1,-96.2952081275209,32.9795033899163,168.594375610352,138.840967766379,1724424460379,3,-88,-13,-57,3,3f,NaN,0.0125070315646329,67.5149797705418
42793,267.92,1,-96.2952081,32.9795035,168.594314575195,138.846559196892,1724424461381,3,-89,-13,-59,3,3f,NaN,0,67.5149797705418
42794,267.92,1,-96.2952081,32.9795035,168.594314575195,138.846559196892,1724424462382,3,-89,-13,-59,3,3f,NaN,0,67.5149797705418
42795,267.92,1,-96.2952081,32.9795035,168.594314575195,138.846559196892,1724424463388,3,-89,-13,-59,3,3f,NaN,0,67.5149797705418
42796,267.92,1,-96.2952081,32.9795035,168.594314575195,138.846559196892,1724424464389,3,-89,-13,-59,3,3f,NaN,0,67.5149797705418
42797,267.92,1,-96.2952081,32.9795035,168.594314575195,138.846559196892,1724424465395,3,-89,-13,-59,3,3f,NaN,0,67.5149797705418
42798,267.92,1,-96.2952081,32.9795035,168.594314575195,138.846559196892,1724424466398,3,-89,-13,-59,3,3f,NaN,0,67.5149797705418
42799,267.92,1,-96.2952081,32.9795035,168.594314575195,138.846559196892,1724424467399,3,-89,-14,-57,3,3f,NaN,0,67.5149797705418
42800,267.92,1,-96.2952081,32.9795035,168.594314575195,138.846559196892,1724424468401,3,-89,-14,-57,3,3f,NaN,0,67.5149797705418
42801,267.92,1,-96.2952081,32.9795035,168.594314575195,138.846559196892,1724424469402,3,-88,-13,-57,3,3f,NaN,0.0052777436485902,67.5202575141904
42802,267.92,1,-96.2952081363637,32.9795035363636,168.594314575195,138.714862357346,1724424470403,3,-88,-13,-57,3,3f,NaN,0.00532562727900796,67.5255831414694
42803,267.92,1,-96.2952081730572,32.9795035730572,168.594314575195,138.581970687603,1724424471404,4,-89,-13,-59,3,3f,NaN,0.00391042205265082,67.529493563522
42804,267.92,1,-96.2952082,32.9795036,168.594314575195,138.484392888141,1724424472406,4,-89,-13,-59,3,3f,NaN,0,67.529493563522
42805,267.92,1,-96.2952082,32.9795036,168.594314575195,138.484392888141,1724424473407,4,-87,-13,-57,3,3f,NaN,0,67.529493563522
42806,267.92,1,-96.2952082,32.9795036,168.594314575195,138.484392888141,1724424474407,4,-87,-13,-57,3,3f,NaN,0,67.529493563522
42807,267.92,1,-96.2952082,32.9795036,168.594314575195,138.484392888141,1724424475415,3,-89,-13,-57,3,3f,NaN,0,67.529493563522
42808,267.92,1,-96.2952082,32.9795036,168.594314575195,138.484392888141,1724424476417,3,-89,-13,-57,3,3f,NaN,0,67.529493563522
42809,267.92,1,-96.2952082,32.9795036,168.594314575195,138.484392888141,1724424477419,3,-88,-14,-57,3,3f,NaN,0,67.529493563522
42810,267.92,1,-96.2952082,32.9795036,168.594314575195,138.484392888141,1724424478423,3,-88,-14,-57,3,3f,NaN,0,67.529493563522
42811,267.92,1,-96.2952082,32.9795036,168.594314575195,138.484392888141,1724424479426,3,-88,-14,-57,3,3f,NaN,0.0244744369647381,67.5539680004868
42812,267.92,1,-96.2952082,32.9795038201039,168.594207763672,138.619342154261,1724424480425,3,-89,-13,-59,3,3f,NaN,0.0247713826508061,67.5787393831376
42813,267.92,1,-96.2952082,32.9795040428783,168.594100952148,138.755928823003,1724424481426,3,-89,-13,-59,3,3f,NaN,0.0174711363607645,67.5962105194984
42814,267.92,1,-96.2952082,32.9795042,168.594039916992,138.852262677281,1724424482428,3,-89,-14,-55,3,3f,NaN,0,67.5962105194984
42815,267.92,1,-96.2952082,32.9795042,168.594039916992,138.852262677281,1724424483428,3,-89,-14,-55,3,3f,NaN,0,67.5962105194984
42816,267.92,1,-96.2952082,32.9795042,168.594039916992,138.852262677281,1724424484436,4,-89,-13,-59,3,3f,NaN,0.0109859253466024,67.607196444845
42817,267.92,1,-96.2952082,32.9795042987988,168.593994140625,138.852262677281,1724424485437,4,-89,-13,-59,3,3f,NaN,0.000133567447796915,67.6073300122927
42818,267.92,1,-96.2952082,32.9795043,168.593994140625,138.852262677281,1724424486443,2,-90,-13,-59,3,3f,NaN,0,67.6073300122927
42819,267.92,1,-96.2952082,32.9795043,168.593994140625,138.852262677281,1724424487444,2,-90,-13,-59,3,3f,NaN,0,67.6073300122927
42820,267.92,1,-96.2952082,32.9795043,168.593994140625,138.852262677281,1724424488445,2,-89,-13,-57,3,3f,NaN,0,67.6073300122927
42821,267.92,1,-96.2952082,32.9795043,168.593994140625,138.852262677281,1724424489447,2,-89,-13,-57,3,3f,NaN,0.00421025131409496,67.6115402636068
42822,267.92,1,-96.2952082,32.9795043378637,168.593978881836,138.904772681172,1724424490448,3,-89,-14,-57,3,3f,NaN,0.00426985156268157,67.6158101151695
42823,267.92,1,-96.2952082,32.9795043762634,168.593963623047,138.958026001599,1724424491451,3,-89,-14,-57,3,3f,NaN,0.00263938991762282,67.6184495050871
42824,267.92,1,-96.2952082,32.9795044,168.593948364258,138.990944305352,1724424492453,4,-88,-13,-55,3,3f,NaN,0,67.6184495050871
42825,267.92,1,-96.2952082,32.9795044,168.593948364258,138.990944305352,1724424493455,4,-88,-13,-55,3,3f,NaN,0,67.6184495050871
42826,267.92,1,-96.2952082,32.9795044,168.593948364258,138.990944305352,1724424494455,4,-89,-14,-57,3,3f,NaN,0,67.6184495050871
42827,267.92,1,-96.2952082,32.9795044,168.593948364258,138.990944305352,1724424495464,4,-89,-14,-57,3,3f,NaN,0,67.6184495050871
42828,267.92,1,-96.2952082,32.9795044,168.593948364258,138.990944305352,1724424496468,3,-88,-12,-59,3,3f,NaN,0,67.6184495050871
42829,267.92,1,-96.2952082,32.9795044,168.593948364258,138.990944305352,1724424497470,3,-88,-12,-59,3,3f,NaN,0,67.6184495050871
42830,267.92,1,-96.2952082,32.9795044,168.593948364258,138.990944305352,1724424498470,2,-87,-13,-55,3,3f,NaN,0,67.6184495050871
42831,267.92,1,-96.2952082,32.9795044,168.593948364258,138.990944305352,1724424499470,2,-87,-13,-55,3,3f,NaN,0,67.6184495050871
42832,267.92,1,-96.2952082,32.9795044,168.593948364258,138.990944305352,1724424500474,2,-88,-13,-55,3,3f,NaN,0,67.6184495050871
42833,267.92,1,-96.2952082,32.9795044,168.593948364258,138.990944305352,1724424501475,2,-88,-13,-55,3,3f,NaN,0.0128003477987124,67.6312498528859
42834,267.92,1,-96.2952082,32.9795045151163,168.593887329102,138.902484578798,1724424502476,2,-90,-13,-61,3,3f,NaN,0.0129554988561188,67.644205351742
42835,267.92,1,-96.2952082,32.9795046316279,168.593841552734,138.812952613134,1724424503478,2,-90,-13,-61,3,3f,NaN,0.00760263093827935,67.6518079826803
42836,267.92,1,-96.2952082,32.9795047,168.593811035156,138.760412896757,1724424504476,3,-89,-13,-57,3,3f,NaN,0,67.6518079826803
42837,267.92,1,-96.2952082,32.9795047,168.593811035156,138.760412896757,1724424505486,3,-89,-13,-57,3,3f,NaN,0,67.6518079826803
42838,267.92,1,-96.2952082,32.9795047,168.593811035156,138.760412896757,1724424506488,4,-89,-13,-57,3,3f,NaN,0,67.6518079826803
42839,267.92,1,-96.2952082,32.9795047,168.593811035156,138.760412896757,1724424507488,4,-89,-13,-57,3,3f,NaN,0,67.6518079826803
42840,267.92,1,-96.2952082,32.9795047,168.593811035156,138.760412896757,1724424508492,4,-89,-13,-57,3,3f,NaN,0,67.6518079826803
42841,267.92,1,-96.2952082,32.9795047,168.593811035156,138.760412896757,1724424509491,3,-89,-14,-55,3,3f,NaN,0,67.6518079826803
42842,267.92,1,-96.2952082,32.9795047,168.593811035156,138.760412896757,1724424510490,3,-89,-14,-55,3,3f,NaN,0,67.6518079826803
42843,267.92,1,-96.2952082,32.9795047,168.593811035156,138.760412896757,1724424511495,3,-89,-13,-57,3,3f,NaN,0,67.6518079826803
42844,267.92,1,-96.2952082,32.9795047,168.593811035156,138.760412896757,1724424512496,3,-89,-13,-57,3,3f,NaN,0.00549873877333179,67.6573067214536
42845,267.92,1,-96.2952082378863,32.9795046621137,168.593841552734,138.866150014016,1724424513504,4,-90,-13,-59,3,3f,NaN,0.00555965304635142,67.6628663744999
42846,267.92,1,-96.2952082761923,32.9795046238077,168.593887329102,138.973058438717,1724424514508,4,-90,-13,-59,3,3f,NaN,0.00345540023396402,67.6663217747339
42847,267.92,1,-96.2952083,32.9795046,168.593902587891,139.039503515424,1724424515509,4,-88,-13,-55,3,3f,NaN,0,67.6663217747339
42848,267.92,1,-96.2952083,32.9795046,168.593902587891,139.039503515424,1724424516509,4,-88,-13,-55,3,3f,NaN,0,67.6663217747339
42849,267.92,1,-96.2952083,32.9795046,168.593902587891,139.039503515424,1724424517512,3,-87,-13,-59,3,3f,NaN,0,67.6663217747339
42850,267.92,1,-96.2952083,32.9795046,168.593902587891,139.039503515424,1724424518513,3,-87,-13,-59,3,3f,NaN,0,67.6663217747339
42851,267.92,1,-96.2952083,32.9795046,168.593902587891,139.039503515424,1724424519512,3,-89,-14,-57,3,3f,NaN,0,67.6663217747339
42852,267.92,1,-96.2952083,32.9795046,168.593902587891,139.039503515424,1724424520519,3,-89,-14,-57,3,3f,NaN,0,67.6663217747339
42853,267.92,1,-96.2952083,32.9795046,168.593902587891,139.039503515424,1724424521519,3,-89,-14,-57,3,3f,NaN,0,67.6663217747339
42854,267.92,1,-96.2952083,32.9795046,168.593902587891,139.039503515424,1724424522520,3,-89,-12,-59,3,3f,NaN,0,67.6663217747339
42855,267.92,1,-96.2952083,32.9795046,168.593902587891,139.039503515424,1724424523523,3,-89,-12,-59,3,3f,NaN,0.00914520599562927,67.6754669807295
42856,267.92,1,-96.2952082620782,32.9795045241564,168.59391784668,139.009332861733,1724424524523,3,-88,-13,-57,3,3f,NaN,0.00923766653777167,67.6847046472673
42857,267.92,1,-96.295208223773,32.979504447546,168.593933105469,138.978857145821,1724424525522,3,-88,-13,-57,3,3f,NaN,0.00573308660043285,67.6904377338677
42858,267.92,1,-96.2952082,32.9795044,168.593948364258,138.959943288098,1724424526522,3,-88,-13,-59,3,3f,NaN,0,67.6904377338677
42859,267.92,1,-96.2952082,32.9795044,168.593948364258,138.959943288098,1724424527527,3,-88,-13,-59,3,3f,NaN,0,67.6904377338677
42860,267.92,1,-96.2952082,32.9795044,168.593948364258,138.959943288098,1724424528526,3,-88,-14,-57,3,3f,NaN,0,67.6904377338677
42861,267.92,1,-96.2952082,32.9795044,168.593948364258,138.959943288098,1724424529528,3,-88,-14,-57,3,3f,NaN,0,67.6904377338677
42862,267.92,1,-96.2952082,32.9795044,168.593948364258,138.959943288098,1724424530527,3,-88,-14,-57,3,3f,NaN,0,67.6904377338677
42863,267.92,1,-96.2952082,32.9795044,168.593948364258,138.959943288098,1724424531536,3,-88,-14,-57,3,3f,NaN,0,67.6904377338677
42864,267.92,1,-96.2952082,32.9795044,168.593948364258,138.959943288098,1724424532537,3,-89,-14,-57,3,3f,NaN,0,67.6904377338677
42865,267.92,1,-96.2952082,32.9795044,168.593948364258,138.959943288098,1724424533538,3,-89,-14,-57,3,3f,NaN,0,67.6904377338677
42866,267.92,1,-96.2952082,32.9795044,168.593948364258,138.959943288098,1724424534540,3,-88,-13,-57,3,3f,NaN,0,67.6904377338677
42867,267.92,1,-96.2952082,32.9795044,168.593948364258,138.862273188439,1724424535542,3,-88,-13,-57,3,3f,NaN,0,67.6904377338677
42868,267.92,1,-96.2952082,32.9795044,168.593948364258,138.763419208784,1724424536544,3,-88,-13,-53,3,3f,NaN,0,67.6904377338677
42869,267.92,1,-96.2952082,32.9795044,168.593948364258,138.75306025882,1724424537545,3,-88,-13,-53,3,3f,NaN,0,67.6904377338677
42870,267.92,1,-96.2952082,32.9795044,168.593948364258,138.75306025882,1724424538543,3,-89,-14,-57,3,3f,NaN,0,67.6904377338677
42871,267.92,1,-96.2952082,32.9795044,168.593948364258,138.75306025882,1724424539545,3,-89,-14,-57,3,3f,NaN,0,67.6904377338677
42872,267.92,1,-96.2952082,32.9795044,168.593948364258,138.75306025882,1724424540555,4,-89,-14,-57,3,3f,NaN,0,67.6904377338677
42873,267.92,1,-96.2952082,32.9795044,168.593948364258,138.75306025882,1724424541559,4,-89,-14,-57,3,3f,NaN,0,67.6904377338677
42874,267.92,1,-96.2952082,32.9795044,168.593948364258,138.75306025882,1724424542563,4,-89,-14,-57,3,3f,NaN,0,67.6904377338677
42875,267.92,1,-96.2952082,32.9795044,168.593948364258,138.75306025882,1724424543566,4,-89,-14,-57,3,3f,NaN,0,67.6904377338677
42876,267.92,1,-96.2952082,32.9795044,168.593948364258,138.75306025882,1724424544567,4,-88,-13,-57,3,3f,NaN,0.0112588418642006,67.7016965757319
42877,267.92,1,-96.2952082775734,32.9795043224266,168.594024658203,138.882599274532,1724424545568,4,-88,-13,-57,3,3f,NaN,0.0113610922350962,67.713057667967
42878,267.92,1,-96.2952083558513,32.9795042441487,168.594085693359,139.013314729337,1724424546568,4,-90,-13,-59,3,3f,NaN,0.00640765090743322,67.7194653188744
42879,267.92,1,-96.2952084,32.9795042,168.594131469727,139.087038245847,1724424547570,4,-90,-13,-59,3,3f,NaN,0,67.7194653188744
42880,267.92,1,-96.2952084,32.9795042,168.594131469727,139.087038245847,1724424548576,5,-88,-13,-57,3,3f,NaN,0,67.7194653188744
42881,267.92,1,-96.2952084,32.9795042,168.594131469727,139.087038245847,1724424549580,5,-88,-13,-57,3,3f,NaN,0,67.7194653188744
42882,267.92,1,-96.2952084,32.9795042,168.594131469727,139.087038245847,1724424550580,3,-89,-12,-59,3,3f,NaN,0,67.7194653188744
42883,267.92,1,-96.2952084,32.9795042,168.594131469727,139.087038245847,1724424551587,3,-89,-12,-59,3,3f,NaN,0,67.7194653188744
42884,267.92,1,-96.2952084,32.9795042,168.594131469727,139.087038245847,1724424552589,3,-89,-12,-59,3,3f,NaN,0,67.7194653188744
42885,267.92,1,-96.2952084,32.9795042,168.594131469727,139.087038245847,1724424553589,3,-89,-12,-59,3,3f,NaN,0,67.7194653188744
42886,267.92,1,-96.2952084,32.9795042,168.594131469727,139.087038245847,1724424554590,3,-88,-12,-57,3,3f,NaN,0.00869381995826628,67.7281591388327
42887,267.92,1,-96.2952084,32.9795041218146,168.594161987305,139.024426363828,1724424555592,3,-88,-12,-57,3,3f,NaN,0.00882540823694132,67.7369845470697
42888,267.92,1,-96.2952084,32.9795040424458,168.594192504883,138.96086677421,1724424556598,3,-88,-12,-55,3,3f,NaN,0.0047197573935911,67.7417043044632
42889,267.92,1,-96.2952084,32.979504,168.594223022461,138.926875661671,1724424557599,3,-88,-12,-55,3,3f,NaN,0,67.7417043044632
42890,267.92,1,-96.2952084,32.979504,168.594223022461,138.926875661671,1724424558607,3,-88,-12,-57,3,3f,NaN,0,67.7417043044632
42891,267.92,1,-96.2952084,32.979504,168.594223022461,138.926875661671,1724424559608,3,-88,-12,-57,3,3f,NaN,0,67.7417043044632
42892,267.92,1,-96.2952084,32.979504,168.594223022461,138.926875661671,1724424560607,3,-88,-12,-59,3,3f,NaN,0,67.7417043044632
42893,267.92,1,-96.2952084,32.979504,168.594223022461,138.926875661671,1724424561615,3,-88,-12,-59,3,3f,NaN,0,67.7417043044632
42894,267.92,1,-96.2952084,32.979504,168.594223022461,138.926875661671,1724424562614,3,-88,-13,-57,3,3f,NaN,0,67.7417043044632
42895,267.92,1,-96.2952084,32.979504,168.594223022461,138.926875661671,1724424563617,3,-88,-13,-57,3,3f,NaN,0,67.7417043044632
42896,267.92,1,-96.2952084,32.979504,168.594223022461,138.926875661671,1724424564619,3,-87,-12,-57,3,3f,NaN,0,67.7417043044632
42897,267.92,1,-96.2952084,32.979504,168.594223022461,138.926875661671,1724424565617,3,-87,-12,-57,3,3f,NaN,0,67.7417043044632
42898,267.92,1,-96.2952084,32.979504,168.594223022461,139.031002826852,1724424566616,3,-89,-12,-59,3,3f,NaN,0,67.7417043044632
42899,267.92,1,-96.2952084,32.979504,168.594223022461,139.137886923086,1724424567624,3,-89,-12,-59,3,3f,NaN,0,67.7417043044632
42900,267.92,1,-96.2952084,32.979504,168.594223022461,139.147960325013,1724424568625,3,-89,-14,-57,3,3f,NaN,0,67.7417043044632
42901,267.92,1,-96.2952084,32.979504,168.594223022461,139.147960325013,1724424569633,3,-89,-14,-57,3,3f,NaN,0,67.7417043044632
42902,267.92,1,-96.2952084,32.979504,168.594223022461,139.147960325013,1724424570634,3,-89,-13,-57,3,3f,NaN,0,67.7417043044632
42903,267.92,1,-96.2952084,32.979504,168.594223022461,139.147960325013,1724424571637,3,-89,-13,-57,3,3f,NaN,0,67.7417043044632
42904,267.92,1,-96.2952084,32.979504,168.594223022461,139.147960325013,1724424572637,3,-89,-13,-59,3,3f,NaN,0,67.7417043044632
42905,267.92,1,-96.2952084,32.979504,168.594223022461,139.147960325013,1724424573640,3,-89,-13,-59,3,3f,NaN,0,67.7417043044632
42906,267.92,1,-96.2952084,32.979504,168.594223022461,139.147960325013,1724424574638,3,-88,-13,-55,3,3f,NaN,0,67.7417043044632
42907,267.92,1,-96.2952084,32.979504,168.594223022461,139.147960325013,1724424575641,3,-88,-13,-55,3,3f,NaN,0,67.7417043044632
42908,267.92,1,-96.2952084,32.979504,168.594223022461,139.147960325013,1724424576645,3,-89,-14,-57,3,3f,NaN,0,67.7417043044632
42909,267.92,1,-96.2952084,32.979504,168.594223022461,139.06948872192,1724424577647,3,-89,-14,-57,3,3f,NaN,0,67.7417043044632
42910,267.92,1,-96.2952084,32.979504,168.594223022461,138.98934751025,1724424578655,3,-89,-12,-59,3,3f,NaN,0,67.7417043044632
42911,267.92,1,-96.2952084,32.979504,168.594223022461,138.98163550873,1724424579657,3,-89,-12,-59,3,3f,NaN,0,67.7417043044632
42912,267.92,1,-96.2952084,32.979504,168.594223022461,138.98163550873,1724424580655,3,-88,-12,-59,3,3f,NaN,0,67.7417043044632
42913,267.92,1,-96.2952084,32.979504,168.594223022461,138.98163550873,1724424581658,3,-88,-12,-59,3,3f,NaN,0,67.7417043044632
42914,267.92,1,-96.2952084,32.979504,168.594223022461,138.98163550873,1724424582660,3,-88,-12,-59,3,3f,NaN,0,67.7417043044632
42915,267.92,1,-96.2952084,32.979504,168.594223022461,138.98163550873,1724424583667,3,-89,-12,-59,3,3f,NaN,0,67.7417043044632
42916,267.92,1,-96.2952084,32.979504,168.594223022461,138.98163550873,1724424584663,3,-89,-12,-59,3,3f,NaN,0,67.7417043044632
42917,267.92,1,-96.2952084,32.979504,168.594223022461,138.98163550873,1724424585665,3,-89,-12,-59,3,3f,NaN,0,67.7417043044632
42918,267.92,1,-96.2952084,32.979504,168.594223022461,138.98163550873,1724424586665,3,-89,-13,-57,3,3f,NaN,0.00751213589140185,67.7492164403546
42919,267.92,1,-96.2952084805353,32.979504,168.594253540039,138.942940643036,1724424587672,3,-89,-13,-57,3,3f,NaN,0.00755752683705941,67.7567739671917
42920,267.92,1,-96.2952085615572,32.979504,168.594299316406,138.904011971506,1724424588671,3,-88,-14,-57,3,3f,NaN,0.0035858502425426,67.7603598174342
42921,267.92,1,-96.2952086,32.979504,168.594314575195,138.88554131054,1724424589671,3,-88,-14,-57,3,3f,NaN,0,67.7603598174342
42922,267.92,1,-96.2952086,32.979504,168.594314575195,138.88554131054,1724424590681,3,-88,-12,-57,3,3f,NaN,0,67.7603598174342
42923,267.92,1,-96.2952086,32.979504,168.594314575195,138.88554131054,1724424591680,3,-88,-12,-57,3,3f,NaN,0,67.7603598174342
42924,267.92,1,-96.2952086,32.979504,168.594314575195,138.88554131054,1724424592682,3,-87,-12,-57,3,3f,NaN,0,67.7603598174342
42925,267.92,1,-96.2952086,32.979504,168.594314575195,138.88554131054,1724424593687,3,-87,-12,-57,3,3f,NaN,0,67.7603598174342
42926,267.92,1,-96.2952086,32.979504,168.594314575195,138.88554131054,1724424594692,3,-88,-14,-55,3,3f,NaN,0,67.7603598174342
42927,267.92,1,-96.2952086,32.979504,168.594314575195,138.88554131054,1724424595692,3,-88,-14,-55,3,3f,NaN,0,67.7603598174342
42928,267.92,1,-96.2952086,32.979504,168.594314575195,138.88554131054,1724424596692,3,-88,-13,-57,3,3f,NaN,0,67.7603598174342
42929,267.92,1,-96.2952086,32.979504,168.594314575195,138.88554131054,1724424597693,3,-88,-13,-57,3,3f,NaN,0.00439888674240341,67.7647587041767
42930,267.92,1,-96.2952086471591,32.979504,168.594329833984,139.029763314102,1724424598700,3,-88,-13,-57,3,3f,NaN,0.00443421938430109,67.769192923561
42931,267.92,1,-96.295208694697,32.979504,168.594360351563,139.175143727332,1724424599704,3,-88,-13,-57,3,3f,NaN,0.000494651684351434,67.7696875752453
42932,267.92,1,-96.2952087,32.979504,168.594360351563,139.191361462672,1724424600705,3,-88,-13,-57,3,3f,NaN,0,67.7696875752453
42933,267.92,1,-96.2952087,32.979504,168.594360351563,139.191361462672,1724424601706,3,-88,-13,-57,3,3f,NaN,0,67.7696875752453
42934,267.92,1,-96.2952087,32.979504,168.594360351563,139.191361462672,1724424602706,3,-87,-13,-57,3,3f,NaN,0,67.7696875752453
42935,267.92,1,-96.2952087,32.979504,168.594360351563,139.191361462672,1724424603707,3,-87,-13,-57,3,3f,NaN,0,67.7696875752453
42936,267.92,1,-96.2952087,32.979504,168.594360351563,139.191361462672,1724424604712,3,-90,-12,-61,3,3f,NaN,0,67.7696875752453
42937,267.92,1,-96.2952087,32.979504,168.594360351563,139.191361462672,1724424605717,3,-90,-12,-61,3,3f,NaN,0,67.7696875752453
42938,267.92,1,-96.2952087,32.979504,168.594360351563,139.191361462672,1724424606723,3,-89,-13,-59,3,3f,NaN,0,67.7696875752453
42939,267.92,1,-96.2952087,32.979504,168.594360351563,139.191361462672,1724424607724,3,-89,-13,-59,3,3f,NaN,0,67.7696875752453
42940,267.92,1,-96.2952087,32.979504,168.594360351563,139.191361462672,1724424608723,3,-89,-14,-57,3,3f,NaN,0.00918482204853286,67.7788723972939
42941,267.92,1,-96.2952087845826,32.9795039577087,168.59440612793,139.126682673527,1724424609725,3,-89,-14,-57,3,3f,NaN,0.00926807559343389,67.7881404728873
42942,267.92,1,-96.2952088699319,32.9795039150341,168.594467163086,139.061417671792,1724424610727,4,-89,-13,-57,3,3f,NaN,0.00326509798534964,67.7914055708726
42943,267.92,1,-96.2952089,32.9795039,168.594497680664,139.038425111301,1724424611726,4,-89,-13,-57,3,3f,NaN,0,67.7914055708726
42944,267.92,1,-96.2952089,32.9795039,168.594497680664,139.038425111301,1724424612726,4,-89,-13,-57,3,3f,NaN,0,67.7914055708726
42945,267.92,1,-96.2952089,32.9795039,168.594497680664,139.038425111301,1724424613730,4,-89,-13,-57,3,3f,NaN,0,67.7914055708726
42946,267.92,1,-96.2952089,32.9795039,168.594497680664,139.038425111301,1724424614731,4,-89,-13,-57,3,3f,NaN,0,67.7914055708726
42947,267.92,1,-96.2952089,32.9795039,168.594497680664,139.038425111301,1724424615731,5,-91,-14,-59,3,3f,NaN,0,67.7914055708726
42948,267.92,1,-96.2952089,32.9795039,168.594497680664,139.038425111301,1724424616733,5,-91,-14,-59,3,3f,NaN,0,67.7914055708726
42949,267.92,1,-96.2952089,32.9795039,168.594497680664,139.038425111301,1724424617739,4,-90,-14,-59,3,3f,NaN,0,67.7914055708726
42950,267.92,1,-96.2952089,32.9795039,168.594497680664,139.038425111301,1724424618739,4,-90,-14,-59,3,3f,NaN,0.00441370776668773,67.7958192786393
42951,267.92,1,-96.295208947318,32.9795039,168.594512939453,138.988575931141,1724424619740,3,-89,-12,-59,3,3f,NaN,0.00447178293864699,67.800291061578
42952,267.92,1,-96.2952089952586,32.9795039,168.594543457031,138.938070840716,1724424620741,3,-89,-12,-59,3,3f,NaN,0.000442265790731288,67.8007333273687
42953,267.92,1,-96.295209,32.9795039,168.594543457031,138.933075831773,1724424621743,3,-89,-12,-59,3,3f,NaN,0,67.8007333273687
42954,267.92,1,-96.295209,32.9795039,168.594543457031,138.933075831773,1724424622743,5,-90,-13,-59,3,3f,NaN,0,67.8007333273687
42955,267.92,1,-96.295209,32.9795039,168.594543457031,138.933075831773,1724424623751,5,-90,-13,-59,3,3f,NaN,0,67.8007333273687
42956,267.92,1,-96.295209,32.9795039,168.594543457031,138.933075831773,1724424624752,6,-90,-13,-59,3,3f,NaN,0,67.8007333273687
42957,267.92,1,-96.295209,32.9795039,168.594543457031,138.933075831773,1724424625755,6,-90,-13,-59,3,3f,NaN,0,67.8007333273687
42958,267.92,1,-96.295209,32.9795039,168.594543457031,138.933075831773,1724424626756,6,-89,-12,-61,3,3f,NaN,0,67.8007333273687
42959,267.92,1,-96.295209,32.9795039,168.594543457031,138.933075831773,1724424627760,6,-89,-12,-61,3,3f,NaN,0,67.8007333273687
42960,267.92,1,-96.295209,32.9795039,168.594543457031,138.933075831773,1724424628759,5,-89,-11,-59,3,3f,NaN,0,67.8007333273687
42961,267.92,1,-96.295209,32.9795039,168.594543457031,138.933075831773,1724424629761,5,-89,-11,-59,3,3f,NaN,0,67.8007333273687
42962,267.92,1,-96.295209,32.9795039,168.594543457031,138.933075831773,1724424630769,4,-89,-12,-59,3,3f,NaN,0,67.8007333273687
42963,267.92,1,-96.295209,32.9795039,168.594543457031,139.093479372106,1724424631766,4,-89,-12,-59,3,3f,NaN,0,67.8007333273687
42964,267.92,1,-96.295209,32.9795039,168.594543457031,139.257149786988,1724424632768,4,-89,-12,-59,3,3f,NaN,0,67.8007333273687
42965,267.92,1,-96.295209,32.9795039,168.594543457031,139.27609765937,1724424633774,4,-89,-12,-59,3,3f,NaN,0,67.8007333273687
42966,267.92,1,-96.295209,32.9795039,168.594543457031,139.27609765937,1724424634775,4,-90,-12,-59,3,3f,NaN,0,67.8007333273687
42967,267.92,1,-96.295209,32.9795039,168.594543457031,139.27609765937,1724424635776,4,-90,-12,-59,3,3f,NaN,0,67.8007333273687
42968,267.92,1,-96.295209,32.9795039,168.594543457031,139.27609765937,1724424636775,4,-90,-12,-59,3,3f,NaN,0,67.8007333273687
42969,267.92,1,-96.295209,32.9795039,168.594543457031,139.27609765937,1724424637782,4,-90,-12,-59,3,3f,NaN,0,67.8007333273687
42970,267.92,1,-96.295209,32.9795039,168.594543457031,139.27609765937,1724424638787,4,-89,-13,-57,3,3f,NaN,0,67.8007333273687
42971,267.92,1,-96.295209,32.9795039,168.594543457031,139.27609765937,1724424639786,4,-89,-13,-57,3,3f,NaN,0,67.8007333273687
42972,267.92,1,-96.295209,32.9795039,168.594543457031,139.27609765937,1724424640787,5,-90,-10,-63,3,3f,NaN,0,67.8007333273687
42973,267.92,1,-96.295209,32.9795039,168.594543457031,139.27609765937,1724424641788,5,-90,-10,-63,3,3f,NaN,0.0105309044893875,67.8112642318581
42974,267.92,1,-96.295209,32.9795039947067,168.594497680664,139.273161638079,1724424642791,4,-89,-12,-57,3,3f,NaN,0.0106157464525873,67.8218799783107
42975,267.92,1,-96.295209,32.9795040901764,168.594451904297,139.270201963041,1724424643792,4,-89,-12,-57,3,3f,NaN,0.00109233464682396,67.8229723129575
42976,267.92,1,-96.295209,32.9795041,168.594451904297,139.269897421054,1724424644791,6,-89,-12,-57,3,3f,NaN,0,67.8229723129575
42977,267.92,1,-96.295209,32.9795041,168.594451904297,139.269897421054,1724424645799,6,-89,-12,-57,3,3f,NaN,0,67.8229723129575
42978,267.92,1,-96.295209,32.9795041,168.594451904297,139.269897421054,1724424646797,6,-90,-13,-57,3,3f,NaN,0,67.8229723129575
42979,267.92,1,-96.295209,32.9795041,168.594451904297,139.269897421054,1724424647803,6,-90,-13,-57,3,3f,NaN,0,67.8229723129575
42980,267.92,1,-96.295209,32.9795041,168.594451904297,139.269897421054,1724424648803,5,-89,-11,-59,3,3f,NaN,0,67.8229723129575
42981,267.92,1,-96.295209,32.9795041,168.594451904297,139.269897421054,1724424649804,5,-89,-11,-59,3,3f,NaN,0,67.8229723129575
42982,267.92,1,-96.295209,32.9795041,168.594451904297,139.269897421054,1724424650805,5,-89,-12,-57,3,3f,NaN,0,67.8229723129575
42983,267.92,1,-96.295209,32.9795041,168.594451904297,139.269897421054,1724424651816,5,-89,-12,-57,3,3f,NaN,0.010529214492281,67.8335015274498
42984,267.92,1,-96.295209,32.9795041946915,168.59440612793,139.23138705949,1724424652819,5,-90,-11,-59,3,3f,NaN,0.0106355831787921,67.8441371106286
42985,267.92,1,-96.295209,32.9795042903396,168.594360351563,139.192487704376,1724424653819,5,-90,-11,-59,3,3f,NaN,0.00107418791772557,67.8452112985463
42986,267.92,1,-96.295209,32.9795043,168.594360351563,139.188558869509,1724424654823,5,-90,-11,-59,3,3f,NaN,0,67.8452112985463
42987,267.92,1,-96.295209,32.9795043,168.594360351563,139.188558869509,1724424655824,4,-90,-11,-61,3,3f,NaN,0,67.8452112985463
42988,267.92,1,-96.295209,32.9795043,168.594360351563,139.188558869509,1724424656822,4,-90,-11,-61,3,3f,NaN,0,67.8452112985463
42989,267.92,1,-96.295209,32.9795043,168.594360351563,139.188558869509,1724424657826,4,-90,-11,-61,3,3f,NaN,0,67.8452112985463
42990,267.92,1,-96.295209,32.9795043,168.594360351563,139.188558869509,1724424658825,4,-90,-11,-61,3,3f,NaN,0,67.8452112985463
42991,267.92,1,-96.295209,32.9795043,168.594360351563,139.188558869509,1724424659833,5,-89,-12,-61,3,3f,NaN,0,67.8452112985463
42992,267.92,1,-96.295209,32.9795043,168.594360351563,139.188558869509,1724424660835,5,-89,-12,-61,3,3f,NaN,0,67.8452112985463
42993,267.92,1,-96.295209,32.9795043,168.594360351563,139.188558869509,1724424661836,4,-90,-12,-59,3,3f,NaN,0,67.8452112985463
42994,267.92,1,-96.295209,32.9795043,168.594360351563,139.188558869509,1724424662840,4,-90,-12,-59,3,3f,NaN,0.00526095388166162,67.850472252428
42995,267.92,1,-96.295209,32.9795043473129,168.594345092773,139.234390061083,1724424663841,5,-90,-13,-57,3,3f,NaN,0.0053836694780058,67.855855921906
42996,267.92,1,-96.295209,32.9795043957294,168.594314575195,139.281290337247,1724424664850,5,-90,-13,-57,3,3f,NaN,0.000474869434731927,67.8563307913407
42997,267.92,1,-96.295209,32.9795044,168.594314575195,139.285427229793,1724424665844,5,-90,-14,-57,3,3f,NaN,0,67.8563307913407
42998,267.92,1,-96.295209,32.9795044,168.594314575195,139.285427229793,1724424666847,5,-90,-14,-57,3,3f,NaN,0,67.8563307913407
42999,267.92,1,-96.295209,32.9795044,168.594314575195,139.285427229793,1724424667849,5,-90,-11,-63,3,3f,NaN,0,67.8563307913407
43000,267.92,1,-96.295209,32.9795044,168.594314575195,139.285427229793,1724424668855,5,-90,-11,-63,3,3f,NaN,0,67.8563307913407
43001,267.92,1,-96.295209,32.9795044,168.594314575195,139.285427229793,1724424669856,5,-90,-13,-57,3,3f,NaN,0,67.8563307913407
43002,267.92,1,-96.295209,32.9795044,168.594314575195,139.285427229793,1724424670858,5,-90,-13,-57,3,3f,NaN,0,67.8563307913407
43003,267.92,1,-96.295209,32.9795044,168.594314575195,139.285427229793,1724424671859,4,-90,-13,-59,3,3f,NaN,0,67.8563307913407
43004,267.92,1,-96.295209,32.9795044,168.594314575195,139.285427229793,1724424672863,4,-90,-13,-59,3,3f,NaN,0,67.8563307913407
43005,267.92,1,-96.295209,32.9795044,168.594314575195,139.285427229793,1724424673863,4,-90,-13,-59,3,3f,NaN,0,67.8563307913407
43006,267.92,1,-96.295209,32.9795044,168.594314575195,139.285427229793,1724424674870,4,-90,-13,-59,3,3f,NaN,0.00680030640573246,67.8631310977464
43007,267.92,1,-96.2952089531459,32.9795044468541,168.594268798828,139.36310437722,1724424675870,6,-90,-12,-61,3,3f,NaN,0.00691792652725794,67.8700490242737
43008,267.92,1,-96.2952089054814,32.9795044945186,168.594223022461,139.442124873077,1724424676870,6,-90,-12,-61,3,3f,NaN,0.000795558528923549,67.8708445828026
43009,267.92,1,-96.2952089,32.9795045,168.594223022461,139.4512122301,1724424677875,6,-90,-13,-57,3,3f,NaN,0,67.8708445828026
43010,267.92,1,-96.2952089,32.9795045,168.594223022461,139.4512122301,1724424678876,6,-90,-13,-57,3,3f,NaN,0,67.8708445828026
43011,267.92,1,-96.2952089,32.9795045,168.594223022461,139.4512122301,1724424679883,6,-89,-12,-61,3,3f,NaN,0,67.8708445828026
43012,267.92,1,-96.2952089,32.9795045,168.594223022461,139.4512122301,1724424680884,6,-89,-12,-61,3,3f,NaN,0,67.8708445828026
43013,267.92,1,-96.2952089,32.9795045,168.594223022461,139.4512122301,1724424681887,6,-90,-13,-59,3,3f,NaN,0,67.8708445828026
43014,267.92,1,-96.2952089,32.9795045,168.594223022461,139.4512122301,1724424682890,6,-90,-13,-59,3,3f,NaN,0,67.8708445828026
43015,267.92,1,-96.2952089,32.9795045,168.594223022461,139.4512122301,1724424683893,5,-91,-14,-59,3,3f,NaN,0,67.8708445828026
43016,267.92,1,-96.2952089,32.9795045,168.594223022461,139.4512122301,1724424684893,5,-91,-14,-59,3,3f,NaN,0,67.8708445828026
43017,267.92,1,-96.2952089,32.9795045,168.594223022461,139.4512122301,1724424685897,5,-89,-12,-59,3,3f,NaN,0.00439031435981761,67.8752348971624
43018,267.92,1,-96.2952088529328,32.9795045,168.594207763672,139.454844224521,1724424686898,5,-89,-12,-59,3,3f,NaN,0.00446593456404062,67.8797008317265
43019,267.92,1,-96.2952088050549,32.9795045,168.594177246094,139.458538776091,1724424687902,6,-90,-13,-59,3,3f,NaN,0.000471508834377288,67.8801723405609
43020,267.92,1,-96.2952088,32.9795045,168.594177246094,139.458928838308,1724424688904,6,-90,-13,-59,3,3f,NaN,0,67.8801723405609
43021,267.92,1,-96.2952088,32.9795045,168.594177246094,139.458928838308,1724424689902,6,-90,-13,-59,3,3f,NaN,0,67.8801723405609
43022,267.92,1,-96.2952088,32.9795045,168.594177246094,139.458928838308,1724424690909,6,-90,-13,-59,3,3f,NaN,0,67.8801723405609
43023,267.92,1,-96.2952088,32.9795045,168.594177246094,139.458928838308,1724424691912,7,-91,-13,-59,3,3f,NaN,0,67.8801723405609
43024,267.92,1,-96.2952088,32.9795045,168.594177246094,139.458928838308,1724424692914,7,-91,-13,-59,3,3f,NaN,0,67.8801723405609
43025,267.92,1,-96.2952088,32.9795045,168.594177246094,139.458928838308,1724424693915,5,-92,-12,-59,3,3f,NaN,0,67.8801723405609
43026,267.92,1,-96.2952088,32.9795045,168.594177246094,139.458928838308,1724424694915,5,-92,-12,-59,3,3f,NaN,0,67.8801723405609
43027,267.92,1,-96.2952088,32.9795045,168.594177246094,139.458928838308,1724424695919,6,-91,-13,-59,3,3f,NaN,0.00439686127099166,67.8845692018319
43028,267.92,1,-96.2952087528626,32.9795045,168.594161987305,139.389973025769,1724424696919,6,-91,-13,-59,3,3f,NaN,0.00445917158756562,67.8890283734194
43029,267.92,1,-96.2952087050572,32.9795045,168.594131469727,139.320040106574,1724424697921,7,-89,-13,-61,3,3f,NaN,0.000471723574124241,67.8895000969935
43030,267.92,1,-96.2952087,32.9795045,168.594131469727,139.312642013326,1724424698923,7,-89,-13,-61,3,3f,NaN,0,67.8895000969935
43031,267.92,1,-96.2952087,32.9795045,168.594131469727,139.312642013326,1724424699926,6,-89,-12,-59,3,3f,NaN,0,67.8895000969935
43032,267.92,1,-96.2952087,32.9795045,168.594131469727,139.312642013326,1724424700930,6,-89,-12,-59,3,3f,NaN,0,67.8895000969935
43033,267.92,1,-96.2952087,32.9795045,168.594131469727,139.312642013326,1724424701933,6,-89,-11,-61,3,3f,NaN,0,67.8895000969935
43034,267.92,1,-96.2952087,32.9795045,168.594131469727,139.312642013326,1724424702937,6,-89,-11,-61,3,3f,NaN,0,67.8895000969935
43035,267.92,1,-96.2952087,32.9795045,168.594131469727,139.312642013326,1724424703942,7,-89,-13,-57,3,3f,NaN,0,67.8895000969935
43036,267.92,1,-96.2952087,32.9795045,168.594131469727,139.312642013326,1724424704941,7,-89,-13,-57,3,3f,NaN,0,67.8895000969935
43037,267.92,1,-96.2952087,32.9795045,168.594131469727,139.312642013326,1724424705943,6,-90,-12,-57,3,3f,NaN,0,67.8895000969935
43038,267.92,1,-96.2952087,32.9795045,168.594131469727,139.312642013326,1724424706943,6,-90,-12,-57,3,3f,NaN,0.00751489466429553,67.8970149916578
43039,267.92,1,-96.2952086688385,32.979504437677,168.594146728516,139.358227142924,1724424707946,6,-90,-12,-59,3,3f,NaN,0.00759078816922474,67.9046057798271
43040,267.92,1,-96.2952086373623,32.9795043747246,168.594161987305,139.404272728376,1724424708946,6,-90,-12,-59,3,3f,NaN,0.00763634242797239,67.912242122255
43041,267.92,1,-96.2952086056972,32.9795043113944,168.594177246094,139.450594587341,1724424709952,7,-89,-12,-59,3,3f,NaN,0.00137393438913523,67.9136160566442
43042,267.92,1,-96.2952086,32.9795043,168.594177246094,139.458928838308,1724424710952,7,-89,-12,-59,3,3f,NaN,0,67.9136160566442
43043,267.92,1,-96.2952086,32.9795043,168.594177246094,139.458928838308,1724424711951,5,-89,-12,-59,3,3f,NaN,0,67.9136160566442
43044,267.92,1,-96.2952086,32.9795043,168.594177246094,139.458928838308,1724424712956,5,-89,-12,-59,3,3f,NaN,0,67.9136160566442
43045,267.92,1,-96.2952086,32.9795043,168.594177246094,139.458928838308,1724424713956,4,-90,-14,-57,3,3f,NaN,0,67.9136160566442
43046,267.92,1,-96.2952086,32.9795043,168.594177246094,139.458928838308,1724424714956,4,-90,-14,-57,3,3f,NaN,0,67.9136160566442
43047,267.92,1,-96.2952086,32.9795043,168.594177246094,139.458928838308,1724424715963,4,-90,-14,-57,3,3f,NaN,0,67.9136160566442
43048,267.92,1,-96.2952086,32.9795043,168.594177246094,139.458928838308,1724424716963,4,-89,-12,-57,3,3f,NaN,0,67.9136160566442
43049,267.92,1,-96.2952086,32.9795043,168.594177246094,139.458928838308,1724424717964,4,-89,-12,-57,3,3f,NaN,0.00523674718163913,67.9188528038258
43050,267.92,1,-96.2952086,32.9795043470952,168.594146728516,139.437515681354,1724424718968,4,-89,-12,-57,3,3f,NaN,0.00530558829331938,67.9241583921191
43051,267.92,1,-96.2952086,32.9795043948095,168.594131469727,139.415821057221,1724424719970,4,-89,-12,-57,3,3f,NaN,0.000577157319440835,67.9247355494386
43052,267.92,1,-96.2952086,32.9795044,168.594131469727,139.413461063179,1724424720973,4,-90,-12,-61,3,3f,NaN,0,67.9247355494386
43053,267.92,1,-96.2952086,32.9795044,168.594131469727,139.413461063179,1724424721977,4,-90,-12,-61,3,3f,NaN,0,67.9247355494386
43054,267.92,1,-96.2952086,32.9795044,168.594131469727,139.413461063179,1724424722977,4,-88,-13,-57,3,3f,NaN,0,67.9247355494386
43055,267.92,1,-96.2952086,32.9795044,168.594131469727,139.413461063179,1724424723981,4,-88,-13,-57,3,3f,NaN,0,67.9247355494386
43056,267.92,1,-96.2952086,32.9795044,168.594131469727,139.413461063179,1724424724983,4,-88,-13,-57,3,3f,NaN,0,67.9247355494386
43057,267.92,1,-96.2952086,32.9795044,168.594131469727,139.413461063179,1724424725983,5,-90,-12,-59,3,3f,NaN,0,67.9247355494386
43058,267.92,1,-96.2952086,32.9795044,168.594131469727,139.413461063179,1724424726985,5,-90,-12,-59,3,3f,NaN,0,67.9247355494386
43059,267.92,1,-96.2952086,32.9795044,168.594131469727,139.413461063179,1724424727989,4,-89,-12,-59,3,3f,NaN,0.0068581652355231,67.9315937146741
43060,267.92,1,-96.2952086472528,32.9795044472527,168.594131469727,139.476437295248,1724424728991,4,-89,-12,-59,3,3f,NaN,0.00696218727261826,67.9385559019467
43061,267.92,1,-96.2952086952222,32.9795044952222,168.594131469727,139.54036867745,1724424729995,4,-88,-12,-59,3,3f,NaN,0.000693439805691817,67.9392493417524
43062,267.92,1,-96.2952087,32.9795045,168.594131469727,139.546736345,1724424730998,4,-88,-12,-59,3,3f,NaN,0,67.9392493417524
43063,267.92,1,-96.2952087,32.9795045,168.594131469727,139.546736345,1724424731998,4,-88,-12,-57,3,3f,NaN,0,67.9392493417524
43064,267.92,1,-96.2952087,32.9795045,168.594131469727,139.546736345,1724424733006,4,-88,-12,-57,3,3f,NaN,0,67.9392493417524
43065,267.92,1,-96.2952087,32.9795045,168.594131469727,139.546736345,1724424734005,4,-90,-12,-61,3,3f,NaN,0,67.9392493417524
43066,267.92,1,-96.2952087,32.9795045,168.594131469727,139.546736345,1724424735007,4,-90,-12,-61,3,3f,NaN,0,67.9392493417524
43067,267.92,1,-96.2952087,32.9795045,168.594131469727,139.546736345,1724424736010,5,-91,-13,-63,3,3f,NaN,0,67.9392493417524
43068,267.92,1,-96.2952087,32.9795045,168.594131469727,139.546736345,1724424737013,5,-91,-13,-63,3,3f,NaN,0,67.9392493417524
43069,267.92,1,-96.2952087,32.9795045,168.594131469727,139.546736345,1724424738011,5,-89,-13,-61,3,3f,NaN,0,67.9392493417524
43070,267.92,1,-96.2952087,32.9795045,168.594131469727,139.546736345,1724424739013,5,-89,-13,-61,3,3f,NaN,0,67.9392493417524
43071,267.92,1,-96.2952087,32.9795045,168.594131469727,139.420886449324,1724424740018,5,-90,-12,-57,3,3f,NaN,0,67.9392493417524
43072,267.92,1,-96.2952087,32.9795045,168.594131469727,139.294023677223,1724424741020,5,-90,-12,-57,3,3f,NaN,0,67.9392493417524
43073,267.92,1,-96.2952087,32.9795045,168.594131469727,139.295460736008,1724424742021,5,-90,-13,-59,3,3f,NaN,0,67.9392493417524
43074,267.92,1,-96.2952087,32.9795045,168.594131469727,139.295659328893,1724424743025,5,-90,-13,-59,3,3f,NaN,0,67.9392493417524
43075,267.92,1,-96.2952087,32.9795045,168.594131469727,139.295659328893,1724424744027,6,-90,-12,-63,3,3f,NaN,0,67.9392493417524
43076,267.92,1,-96.2952087,32.9795045,168.594131469727,139.295659328893,1724424745033,6,-90,-12,-63,3,3f,NaN,0,67.9392493417524
43077,267.92,1,-96.2952087,32.9795045,168.594131469727,139.295659328893,1724424746032,6,-90,-12,-59,3,3f,NaN,0,67.9392493417524
43078,267.92,1,-96.2952087,32.9795045,168.594131469727,139.295659328893,1724424747042,6,-90,-12,-59,3,3f,NaN,0,67.9392493417524
43079,267.92,1,-96.2952087,32.9795045,168.594131469727,139.295659328893,1724424748040,5,-89,-13,-59,3,3f,NaN,0,67.9392493417524
43080,267.92,1,-96.2952087,32.9795045,168.594131469727,139.295659328893,1724424749042,5,-89,-13,-59,3,3f,NaN,0,67.9392493417524
43081,267.92,1,-96.2952087,32.9795045,168.594131469727,139.295659328893,1724424750044,5,-90,-13,-59,3,3f,NaN,0.00442383762031403,67.9436731793727
43082,267.92,1,-96.2952087474266,32.9795045,168.594146728516,139.234093740314,1724424751047,5,-90,-13,-59,3,3f,NaN,0.00449563360126571,67.948168812974
43083,267.92,1,-96.2952087956229,32.9795045,168.594177246094,139.171529115814,1724424752049,5,-90,-13,-59,3,3f,NaN,0.000408285211101786,67.9485770981851
43084,267.92,1,-96.2952088,32.9795045,168.594177246094,139.165847099018,1724424753054,5,-90,-13,-59,3,3f,NaN,0,67.9485770981851
43085,267.92,1,-96.2952088,32.9795045,168.594177246094,139.165847099018,1724424754053,4,-89,-13,-57,3,3f,NaN,0,67.9485770981851
43086,267.92,1,-96.2952088,32.9795045,168.594177246094,139.165847099018,1724424755055,4,-89,-13,-57,3,3f,NaN,0,67.9485770981851
43087,267.92,1,-96.2952088,32.9795045,168.594177246094,139.165847099018,1724424756059,4,-88,-12,-57,3,3f,NaN,0,67.9485770981851
43088,267.92,1,-96.2952088,32.9795045,168.594177246094,139.165847099018,1724424757062,4,-88,-12,-57,3,3f,NaN,0,67.9485770981851
43089,267.92,1,-96.2952088,32.9795045,168.594177246094,139.165847099018,1724424758061,4,-88,-13,-57,3,3f,NaN,0,67.9485770981851
43090,267.92,1,-96.2952088,32.9795045,168.594177246094,139.165847099018,1724424759067,4,-88,-13,-57,3,3f,NaN,0,67.9485770981851
43091,267.92,1,-96.2952088,32.9795045,168.594177246094,139.165847099018,1724424760067,5,-89,-14,-57,3,3f,NaN,0,67.9485770981851
43092,267.92,1,-96.2952088,32.9795045,168.594177246094,139.165847099018,1724424761069,5,-89,-14,-57,3,3f,NaN,0.00302364830917621,67.9516007464943
43093,267.92,1,-96.2952087675844,32.9795045,168.594161987305,139.213813775384,1724424762070,5,-89,-14,-57,3,3f,NaN,0.00306339372011827,67.9546641402144
43094,267.92,1,-96.2952087347427,32.9795045,168.594146728516,139.262410954069,1724424763072,5,-89,-14,-57,3,3f,NaN,0.00305727496288413,67.9577214151773
43095,267.92,1,-96.2952087019666,32.9795045,168.594131469727,139.310911132397,1724424764072,5,-89,-14,-57,3,3f,NaN,0.000183439440502913,67.9579048546178
43096,267.92,1,-96.2952087,32.9795045,168.594131469727,139.313821143097,1724424765072,4,-90,-12,-59,3,3f,NaN,0,67.9579048546178
43097,267.92,1,-96.2952087,32.9795045,168.594131469727,139.313821143097,1724424766079,4,-90,-12,-59,3,3f,NaN,0,67.9579048546178
43098,267.92,1,-96.2952087,32.9795045,168.594131469727,139.313821143097,1724424767079,4,-88,-14,-53,3,3f,NaN,0,67.9579048546178
43099,267.92,1,-96.2952087,32.9795045,168.594131469727,139.313821143097,1724424768090,4,-88,-14,-53,3,3f,NaN,0,67.9579048546178
43100,267.92,1,-96.2952087,32.9795045,168.594131469727,139.313821143097,1724424769090,5,-89,-13,-57,3,3f,NaN,0,67.9579048546178
43101,267.92,1,-96.2952087,32.9795045,168.594131469727,139.313821143097,1724424770090,5,-89,-13,-57,3,3f,NaN,0,67.9579048546178
43102,267.92,1,-96.2952087,32.9795045,168.594131469727,139.313821143097,1724424771097,4,-88,-12,-59,3,3f,NaN,0,67.9579048546178
43103,267.92,1,-96.2952087,32.9795045,168.594131469727,139.313821143097,1724424772095,4,-88,-12,-59,3,3f,NaN,0,67.9579048546178
43104,267.92,1,-96.2952087,32.9795045,168.594131469727,139.313821143097,1724424773097,4,-89,-12,-59,3,3f,NaN,0.0206863194225369,67.9785911740403
43105,267.92,1,-96.2952088425287,32.9795046425287,168.594131469727,139.437302192036,1724424774099,4,-89,-12,-59,3,3f,NaN,0.0209365662926711,67.999527740333
43106,267.92,1,-96.2952089867816,32.9795047867816,168.594131469727,139.562276963341,1724424775103,4,-89,-12,-59,3,3f,NaN,0.00191849129764372,68.0014462316306
43107,267.92,1,-96.295209,32.9795048,168.594131469727,139.573728834815,1724424776103,4,-89,-12,-59,3,3f,NaN,0,68.0014462316306
43108,267.92,1,-96.295209,32.9795048,168.594131469727,139.573728834815,1724424777106,4,-89,-12,-59,3,3f,NaN,0,68.0014462316306
43109,267.92,1,-96.295209,32.9795048,168.594131469727,139.573728834815,1724424778109,4,-89,-12,-59,3,3f,NaN,0.0143387559494632,68.0157849875801
43110,267.92,1,-96.295209098794,32.979504898794,168.594146728516,139.573728834815,1724424779109,4,-89,-13,-57,3,3f,NaN,0.000175036090608287,68.0159600236707
43111,267.92,1,-96.2952091,32.9795049,168.594146728516,139.573728834815,1724424780111,4,-89,-13,-57,3,3f,NaN,0,68.0159600236707
43112,267.92,1,-96.2952091,32.9795049,168.594146728516,139.573728834815,1724424781113,4,-89,-12,-57,3,3f,NaN,0,68.0159600236707
43113,267.92,1,-96.2952091,32.9795049,168.594146728516,139.573728834815,1724424782114,4,-89,-12,-57,3,3f,NaN,0,68.0159600236707
43114,267.92,1,-96.2952091,32.9795049,168.594146728516,139.573728834815,1724424783120,4,-89,-13,-57,3,3f,NaN,0.00687495070511721,68.0228349743758
43115,267.92,1,-96.2952090526316,32.9795048526316,168.594131469727,139.572749867051,1724424784122,4,-89,-13,-57,3,3f,NaN,0.00695135194065763,68.0297863263165
43116,267.92,1,-96.2952090047368,32.9795048047368,168.594131469727,139.571760021866,1724424785123,5,-90,-12,-59,3,3f,NaN,0.00068748939429393,68.0304738157108
43117,267.92,1,-96.295209,32.9795048,168.594131469727,139.57166212509,1724424786125,5,-90,-12,-59,3,3f,NaN,0,68.0304738157108
43118,267.92,1,-96.295209,32.9795048,168.594131469727,139.57166212509,1724424787125,5,-88,-12,-59,3,3f,NaN,0,68.0304738157108
43119,267.92,1,-96.295209,32.9795048,168.594131469727,139.57166212509,1724424788126,5,-88,-12,-59,3,3f,NaN,0,68.0304738157108
43120,267.92,1,-96.295209,32.9795048,168.594131469727,139.57166212509,1724424789131,4,-88,-12,-57,3,3f,NaN,0,68.0304738157108
43121,267.92,1,-96.295209,32.9795048,168.594131469727,139.57166212509,1724424790132,4,-88,-12,-57,3,3f,NaN,0,68.0304738157108
43122,267.92,1,-96.295209,32.9795048,168.594131469727,139.57166212509,1724424791133,5,-88,-11,-57,3,3f,NaN,0,68.0304738157108
43123,267.92,1,-96.295209,32.9795048,168.594131469727,139.57166212509,1724424792140,5,-88,-11,-57,3,3f,NaN,0,68.0304738157108
43124,267.92,1,-96.295209,32.9795048,168.594131469727,139.57166212509,1724424793143,5,-88,-12,-57,3,3f,NaN,0,68.0304738157108
43125,267.92,1,-96.295209,32.9795048,168.594131469727,139.57166212509,1724424794144,5,-88,-12,-57,3,3f,NaN,0,68.0304738157108
43126,267.92,1,-96.295209,32.9795048,168.594131469727,139.470572489844,1724424795145,5,-88,-13,-57,3,3f,NaN,0,68.0304738157108
43127,267.92,1,-96.295209,32.9795048,168.594131469727,139.368461747171,1724424796145,5,-88,-13,-57,3,3f,NaN,0,68.0304738157108
43128,267.92,1,-96.295209,32.9795048,168.594131469727,139.358046451418,1724424797148,5,-89,-11,-61,3,3f,NaN,0,68.0304738157108
43129,267.92,1,-96.295209,32.9795048,168.594131469727,139.358046451418,1724424798149,5,-89,-11,-61,3,3f,NaN,0,68.0304738157108
43130,267.92,1,-96.295209,32.9795048,168.594131469727,139.358046451418,1724424799150,4,-90,-13,-57,3,3f,NaN,0,68.0304738157108
43131,267.92,1,-96.295209,32.9795048,168.594131469727,139.358046451418,1724424800152,4,-90,-13,-57,3,3f,NaN,0,68.0304738157108
43132,267.92,1,-96.295209,32.9795048,168.594131469727,139.358046451418,1724424801161,4,-88,-13,-55,3,3f,NaN,0,68.0304738157108
43133,267.92,1,-96.295209,32.9795048,168.594131469727,139.358046451418,1724424802164,4,-88,-13,-55,3,3f,NaN,0,68.0304738157108
43134,267.92,1,-96.295209,32.9795048,168.594131469727,139.358046451418,1724424803165,5,-89,-12,-59,3,3f,NaN,0,68.0304738157108
43135,267.92,1,-96.295209,32.9795048,168.594131469727,139.358046451418,1724424803165,4,-89,-12,-59,3,3f,NaN,0,68.0304738157108
43136,267.92,1,-96.295209,32.9795048,168.594131469727,139.358046451418,1724424804168,5,-89,-12,-59,3,3f,NaN,0.0163527314441161,68.0468265471549
43137,267.92,1,-96.2952089527897,32.9795049416309,168.594055175781,139.416960766443,1724424805171,5,-89,-13,-57,3,3f,NaN,0.0165344317891704,68.0633609789441
43138,267.92,1,-96.2952089050548,32.9795050848355,168.593963623047,139.476529684969,1724424806172,5,-89,-13,-57,3,3f,NaN,0.00175089483166279,68.0651118737757
43139,267.92,1,-96.2952089,32.9795051,168.593948364258,139.482837682335,1724424807175,5,-89,-12,-55,3,3f,NaN,0,68.0651118737757
43140,267.92,1,-96.2952089,32.9795051,168.593948364258,139.482837682335,1724424808176,5,-89,-12,-55,3,3f,NaN,0,68.0651118737757
43141,267.92,1,-96.2952089,32.9795051,168.593948364258,139.482837682335,1724424809177,5,-89,-12,-57,3,3f,NaN,0.0109321519931351,68.0760440257689
43142,267.92,1,-96.2952089,32.9795051983152,168.59391784668,139.482837682335,1724424810181,5,-89,-12,-57,3,3f,NaN,0.000187340801264198,68.0762313665701
43143,267.92,1,-96.2952089,32.9795052,168.59391784668,139.482837682335,1724424811184,4,-90,-12,-59,3,3f,NaN,0,68.0762313665701
43144,267.92,1,-96.2952089,32.9795052,168.59391784668,139.482837682335,1724424812184,4,-90,-12,-59,3,3f,NaN,0,68.0762313665701
43145,267.92,1,-96.2952089,32.9795052,168.59391784668,139.482837682335,1724424813187,5,-89,-12,-59,3,3f,NaN,0,68.0762313665701
43146,267.92,1,-96.2952089,32.9795052,168.59391784668,139.482837682335,1724424814189,5,-89,-12,-59,3,3f,NaN,0,68.0762313665701
43147,267.92,1,-96.2952089,32.9795052,168.59391784668,139.482837682335,1724424815189,5,-89,-11,-59,3,3f,NaN,0.0113547448962049,68.0875861114663
43148,267.92,1,-96.2952088529161,32.9795051058321,168.593933105469,139.575260612783,1724424816195,5,-89,-11,-59,3,3f,NaN,0.0114233477799981,68.0990094592463
43149,267.92,1,-96.2952088055476,32.9795050110953,168.593948364258,139.66824198994,1724424817194,6,-89,-13,-57,3,3f,NaN,0.0013378669458317,68.1003473261921
43150,267.92,1,-96.2952088,32.979505,168.593948364258,139.679131700778,1724424818201,6,-89,-13,-57,3,3f,NaN,0,68.1003473261921
43151,267.92,1,-96.2952088,32.979505,168.593948364258,139.679131700778,1724424819205,4,-89,-11,-59,3,3f,NaN,0,68.1003473261921
43152,267.92,1,-96.2952088,32.979505,168.593948364258,139.679131700778,1724424820213,4,-89,-11,-59,3,3f,NaN,0,68.1003473261921
43153,267.92,1,-96.2952088,32.979505,168.593948364258,139.679131700778,1724424821213,4,-89,-12,-61,3,3f,NaN,0,68.1003473261921
43154,267.92,1,-96.2952088,32.979505,168.593948364258,139.679131700778,1724424822223,4,-89,-12,-61,3,3f,NaN,0,68.1003473261921
43155,267.92,1,-96.2952088,32.979505,168.593948364258,139.679131700778,1724424823221,4,-88,-11,-57,3,3f,NaN,0,68.1003473261921
43156,267.92,1,-96.2952088,32.979505,168.593948364258,139.679131700778,1724424824222,4,-88,-11,-57,3,3f,NaN,0,68.1003473261921
43157,267.92,1,-96.2952088,32.979505,168.593948364258,139.679131700778,1724424825225,4,-89,-12,-59,3,3f,NaN,0.0105152923609051,68.1108626185531
43158,267.92,1,-96.2952088,32.9795050945663,168.59391784668,139.717262081922,1724424826228,4,-89,-12,-59,3,3f,NaN,0.0106000790179817,68.121462697571
43159,267.92,1,-96.2952088,32.9795051898951,168.593872070313,139.755699966139,1724424827228,4,-89,-12,-59,3,3f,NaN,0.00112361341982449,68.1225863109909
43160,267.92,1,-96.2952088,32.9795052,168.593856811523,139.759774381866,1724424828231,4,-89,-12,-59,3,3f,NaN,0,68.1225863109909
43161,267.92,1,-96.2952088,32.9795052,168.593856811523,139.759774381866,1724424829232,5,-89,-12,-57,3,3f,NaN,0,68.1225863109909
43162,267.92,1,-96.2952088,32.9795052,168.593856811523,139.759774381866,1724424830233,5,-89,-12,-57,3,3f,NaN,0,68.1225863109909
43163,267.92,1,-96.2952088,32.9795052,168.593856811523,139.759774381866,1724424831239,4,-89,-13,-57,3,3f,NaN,0.0109975451630797,68.1335838561539
43164,267.92,1,-96.2952088,32.9795052989033,168.593826293945,139.759774381866,1724424832242,4,-89,-13,-57,3,3f,NaN,0.00012194763131964,68.1337058037852
43165,267.92,1,-96.2952088,32.9795053,168.593826293945,139.759774381866,1724424833243,4,-89,-13,-57,3,3f,NaN,0,68.1337058037852
43166,267.92,1,-96.2952088,32.9795053,168.593826293945,139.759774381866,1724424834243,5,-89,-14,-57,3,3f,NaN,0,68.1337058037852
43167,267.92,1,-96.2952088,32.9795053,168.593826293945,139.759774381866,1724424835246,5,-89,-14,-57,3,3f,NaN,0,68.1337058037852
43168,267.92,1,-96.2952088,32.9795053,168.593826293945,139.759774381866,1724424836246,5,-88,-12,-59,3,3f,NaN,0.00441537789472248,68.13812118168
43169,267.92,1,-96.2952087526641,32.9795053,168.593795776367,139.790262670768,1724424837253,5,-88,-12,-59,3,3f,NaN,0.00443311910921117,68.1425543007892
43170,267.92,1,-96.295208705138,32.9795053,168.593780517578,139.820873525656,1724424838252,5,-89,-12,-59,3,3f,NaN,0.000479259344235217,68.1430335601334
43171,267.92,1,-96.2952087,32.9795053,168.593780517578,139.824182807265,1724424839259,5,-89,-12,-59,3,3f,NaN,0,68.1430335601334
43172,267.92,1,-96.2952087,32.9795053,168.593780517578,139.824182807265,1724424840260,4,-88,-13,-57,3,3f,NaN,0,68.1430335601334
43173,267.92,1,-96.2952087,32.9795053,168.593780517578,139.824182807265,1724424841261,4,-88,-13,-57,3,3f,NaN,0,68.1430335601334
43174,267.92,1,-96.2952087,32.9795053,168.593780517578,139.824182807265,1724424842262,5,-88,-10,-59,3,3f,NaN,0,68.1430335601334
43175,267.92,1,-96.2952087,32.9795053,168.593780517578,139.824182807265,1724424843264,5,-88,-10,-59,3,3f,NaN,0,68.1430335601334
43176,267.92,1,-96.2952087,32.9795053,168.593780517578,139.824182807265,1724424844266,5,-88,-10,-59,3,3f,NaN,0,68.1430335601334
43177,267.92,1,-96.2952087,32.9795053,168.593780517578,139.824182807265,1724424845266,6,-89,-11,-59,3,3f,NaN,0,68.1430335601334
43178,267.92,1,-96.2952087,32.9795053,168.593780517578,139.824182807265,1724424846274,6,-89,-11,-59,3,3f,NaN,0,68.1430335601334
43179,267.92,1,-96.2952087,32.9795053,168.593780517578,139.824182807265,1724424847277,5,-90,-12,-59,3,3f,NaN,0.0214754597110254,68.1645090198444
43180,267.92,1,-96.2952087472554,32.9795054890215,168.593704223633,139.794794755723,1724424848280,5,-90,-12,-59,3,3f,NaN,0.0217357591676556,68.1862447790121
43181,267.92,1,-96.2952087950835,32.9795056803341,168.593643188477,139.765050485375,1724424849282,5,-90,-13,-59,3,3f,NaN,0.00223431872281556,68.1884790977349
43182,267.92,1,-96.2952088,32.9795057,168.593643188477,139.761992940619,1724424850287,5,-90,-13,-59,3,3f,NaN,0,68.1884790977349
43183,267.92,1,-96.2952088,32.9795057,168.593643188477,139.761992940619,1724424851286,5,-89,-12,-57,3,3f,NaN,0,68.1884790977349
43184,267.92,1,-96.2952088,32.9795057,168.593643188477,139.761992940619,1724424852288,5,-89,-12,-57,3,3f,NaN,0,68.1884790977349
43185,267.92,1,-96.2952088,32.9795057,168.593643188477,139.761992940619,1724424853296,5,-89,-13,-57,3,3f,NaN,0.0109856590871238,68.199464756822
43186,267.92,1,-96.2952088,32.9795057987964,168.593597412109,139.761992940619,1724424854296,5,-89,-13,-57,3,3f,NaN,0.000133833707275588,68.1995985905293
43187,267.92,1,-96.2952088,32.9795058,168.593597412109,139.761992940619,1724424855296,6,-89,-12,-61,3,3f,NaN,0,68.1995985905293
43188,267.92,1,-96.2952088,32.9795058,168.593597412109,139.761992940619,1724424856303,6,-89,-12,-61,3,3f,NaN,0,68.1995985905293
43189,267.92,1,-96.2952088,32.9795058,168.593597412109,139.761992940619,1724424857301,5,-89,-12,-57,3,3f,NaN,0,68.1995985905293
43190,267.92,1,-96.2952088,32.9795058,168.593597412109,139.761992940619,1724424858302,5,-89,-12,-57,3,3f,NaN,0.0228842616574555,68.2224828521868
43191,267.92,1,-96.2952088948926,32.9795059897852,168.593551635742,139.77022291799,1724424859309,6,-89,-12,-59,3,3f,NaN,0.0230454181706264,68.2455282703574
43192,267.92,1,-96.2952089904535,32.9795061809069,168.593521118164,139.778510852949,1724424860310,6,-89,-12,-59,3,3f,NaN,0.00230224028690494,68.2478305106443
43193,267.92,1,-96.295209,32.9795062,168.593505859375,139.779338818479,1724424861314,6,-90,-13,-59,3,3f,NaN,0,68.2478305106443
43194,267.92,1,-96.295209,32.9795062,168.593505859375,139.779338818479,1724424862316,6,-90,-13,-59,3,3f,NaN,0,68.2478305106443
43195,267.92,1,-96.295209,32.9795062,168.593505859375,139.779338818479,1724424863314,5,-89,-13,-59,3,3f,NaN,0,68.2478305106443
43196,267.92,1,-96.295209,32.9795062,168.593505859375,139.779338818479,1724424864316,5,-89,-13,-59,3,3f,NaN,0.0109974226995213,68.2588279333438
43197,267.92,1,-96.295209,32.9795062989022,168.593460083008,139.779338818479,1724424865321,4,-89,-11,-57,3,3f,NaN,0.000122069304790607,68.2589500026486
43198,267.92,1,-96.295209,32.9795063,168.593460083008,139.779338818479,1724424866323,4,-89,-11,-57,3,3f,NaN,0,68.2589500026486
43199,267.92,1,-96.295209,32.9795063,168.593460083008,139.779338818479,1724424867321,4,-89,-13,-55,3,3f,NaN,0,68.2589500026486
43200,267.92,1,-96.295209,32.9795063,168.593460083008,139.779338818479,1724424868328,4,-89,-13,-55,3,3f,NaN,0,68.2589500026486
43201,267.92,1,-96.295209,32.9795063,168.593460083008,139.779338818479,1724424869331,5,-89,-13,-59,3,3f,NaN,0.0180572731237333,68.2770072757723
43202,267.92,1,-96.2952089055103,32.9795064417345,168.593353271484,139.818100797029,1724424870331,5,-89,-13,-59,3,3f,NaN,0.0183869206112972,68.2953941963836
43203,267.92,1,-96.2952088092957,32.9795065860565,168.593246459961,139.857570397905,1724424871335,5,-90,-11,-59,3,3f,NaN,0.00177643256017804,68.2971706289438
43204,267.92,1,-96.2952088,32.9795066,168.593231201172,139.861383695998,1724424872336,5,-90,-11,-59,3,3f,NaN,0,68.2971706289438
43205,267.92,1,-96.2952088,32.9795066,168.593231201172,139.861383695998,1724424873339,5,-89,-14,-57,3,3f,NaN,0,68.2971706289438
43206,267.92,1,-96.2952088,32.9795066,168.593231201172,139.861383695998,1724424874344,5,-89,-14,-57,3,3f,NaN,0.0109860588713855,68.3081566878152
43207,267.92,1,-96.2952088,32.9795066988,168.593200683594,139.861383695998,1724424875344,4,-89,-11,-57,3,3f,NaN,0.000133433923013842,68.3082901217382
43208,267.92,1,-96.2952088,32.9795067,168.593185424805,139.861383695998,1724424876348,4,-89,-11,-57,3,3f,NaN,0,68.3082901217382
43209,267.92,1,-96.2952088,32.9795067,168.593185424805,139.861383695998,1724424877350,5,-90,-12,-61,3,3f,NaN,0,68.3082901217382
43210,267.92,1,-96.2952088,32.9795067,168.593185424805,139.861383695998,1724424878349,5,-90,-12,-61,3,3f,NaN,0,68.3082901217382
43211,267.92,1,-96.2952088,32.9795067,168.593185424805,139.861383695998,1724424879359,4,-90,-14,-57,3,3f,NaN,0.0104778753983205,68.3187679971365
43212,267.92,1,-96.2952088,32.9795067942298,168.593154907227,139.926534595,1724424880360,4,-90,-14,-57,3,3f,NaN,0.0106263541670106,68.3293943513035
43213,267.92,1,-96.2952088,32.9795068897949,168.593109130859,139.992608684879,1724424881362,5,-89,-14,-57,3,3f,NaN,0.00113475523338011,68.3305291065369
43214,267.92,1,-96.2952088,32.9795069,168.593109130859,139.999664500864,1724424882362,5,-89,-14,-57,3,3f,NaN,0,68.3305291065369
43215,267.92,1,-96.2952088,32.9795069,168.593109130859,139.999664500864,1724424883362,5,-89,-14,-57,3,3f,NaN,0,68.3305291065369
43216,267.92,1,-96.2952088,32.9795069,168.593109130859,139.999664500864,1724424884374,6,-89,-12,-61,3,3f,NaN,0.0109424705355431,68.3414715770725
43217,267.92,1,-96.2952088,32.979506998408,168.593063354492,139.999664500864,1724424885375,6,-89,-12,-61,3,3f,NaN,0.000177022258856283,68.3416485993313
43218,267.92,1,-96.2952088,32.979507,168.593063354492,139.999664500864,1724424886376,6,-90,-12,-57,3,3f,NaN,0,68.3416485993313
43219,267.92,1,-96.2952088,32.979507,168.593063354492,139.999664500864,1724424887380,6,-90,-12,-57,3,3f,NaN,0,68.3416485993313
43220,267.92,1,-96.2952088,32.979507,168.593063354492,139.999664500864,1724424888382,5,-90,-12,-61,3,3f,NaN,0,68.3416485993313
43221,267.92,1,-96.2952088,32.979507,168.593063354492,139.999664500864,1724424889382,5,-90,-12,-61,3,3f,NaN,0,68.3416485993313
43222,267.92,1,-96.2952088,32.979507,168.593063354492,139.999664500864,1724424890388,5,-90,-12,-59,3,3f,NaN,0.00522988685210407,68.3468784861834
43223,267.92,1,-96.2952088,32.9795070470335,168.593032836914,139.9171293311,1724424891386,5,-90,-12,-59,3,3f,NaN,0.00533097380385279,68.3522094599873
43224,267.92,1,-96.2952088,32.9795070949761,168.593017578125,139.832998873211,1724424892388,5,-89,-11,-57,3,3f,NaN,0.00055863213844249,68.3527680921257
43225,267.92,1,-96.2952088,32.9795071,168.593017578125,139.824182807265,1724424893389,5,-89,-11,-57,3,3f,NaN,0,68.3527680921257
43226,267.92,1,-96.2952088,32.9795071,168.593017578125,139.824182807265,1724424894390,5,-89,-12,-59,3,3f,NaN,0,68.3527680921257
43227,267.92,1,-96.2952088,32.9795071,168.593017578125,139.824182807265,1724424895392,5,-89,-12,-59,3,3f,NaN,0,68.3527680921257
43228,267.92,1,-96.2952088,32.9795071,168.593017578125,139.824182807265,1724424896391,5,-90,-13,-57,3,3f,NaN,0,68.3527680921257
43229,267.92,1,-96.2952088,32.9795071,168.593017578125,139.824182807265,1724424897399,5,-90,-13,-57,3,3f,NaN,0,68.3527680921257
43230,267.92,1,-96.2952088,32.9795071,168.593017578125,139.824182807265,1724424898400,5,-90,-12,-59,3,3f,NaN,0,68.3527680921257
43231,267.92,1,-96.2952088,32.9795071,168.593017578125,139.824182807265,1724424899407,5,-90,-12,-59,3,3f,NaN,0,68.3527680921257
43232,267.92,1,-96.2952088,32.9795071,168.593017578125,139.824182807265,1724424900405,5,-90,-12,-59,3,3f,NaN,0,68.3527680921257
43233,267.92,1,-96.2952088,32.9795071,168.593017578125,139.824182807265,1724424901415,5,-90,-12,-59,3,3f,NaN,0.015748637425882,68.3685167295516
43234,267.92,1,-96.2952088,32.9795072416309,168.592956542969,140.020212595372,1724424902418,5,-90,-12,-59,3,3f,NaN,0.0159077128477707,68.3844244423994
43235,267.92,1,-96.2952088,32.9795073846924,168.592880249023,140.218222482349,1724424903418,5,-90,-12,-59,3,3f,NaN,0.00170212810954533,68.3861265705089
43236,267.92,1,-96.2952088,32.9795074,168.592880249023,140.239409540256,1724424904418,5,-90,-12,-61,3,3f,NaN,0,68.3861265705089
43237,267.92,1,-96.2952088,32.9795074,168.592880249023,140.239409540256,1724424905423,5,-90,-12,-61,3,3f,NaN,0,68.3861265705089
43238,267.92,1,-96.2952088,32.9795074,168.592880249023,140.239409540256,1724424906423,5,-90,-12,-61,3,3f,NaN,0.0109639751364051,68.3970905456453
43239,267.92,1,-96.2952088,32.9795074986014,168.592834472656,140.239409540256,1724424907424,5,-90,-12,-61,3,3f,NaN,0.000155516867906739,68.3972460625132
43240,267.92,1,-96.2952088,32.9795075,168.592834472656,140.239409540256,1724424908432,5,-91,-12,-61,3,3f,NaN,0,68.3972460625132
43241,267.92,1,-96.2952088,32.9795075,168.592834472656,140.239409540256,1724424909431,5,-91,-12,-61,3,3f,NaN,0,68.3972460625132
43242,267.92,1,-96.2952088,32.9795075,168.592834472656,140.239409540256,1724424910433,5,-90,-13,-59,3,3f,NaN,0,68.3972460625132
43243,267.92,1,-96.2952088,32.9795075,168.592834472656,140.239409540256,1724424911435,5,-90,-13,-59,3,3f,NaN,0.0068577814823915,68.4041038439956
43244,267.92,1,-96.2952088472501,32.9795075472501,168.592834472656,140.192288213102,1724424912434,5,-90,-12,-63,3,3f,NaN,0.00695496541088915,68.4110588094065
43245,267.92,1,-96.2952088951698,32.9795075951698,168.592834472656,140.144499174834,1724424913436,5,-90,-12,-63,3,3f,NaN,0.000701045815386211,68.4117598552219
43246,267.92,1,-96.2952089,32.9795076,168.592834472656,140.139682116086,1724424914441,5,-90,-12,-63,3,3f,NaN,0,68.4117598552219
43247,267.92,1,-96.2952089,32.9795076,168.592834472656,140.139682116086,1724424915445,4,-90,-12,-61,3,3f,NaN,0,68.4117598552219
43248,267.92,1,-96.2952089,32.9795076,168.592834472656,140.139682116086,1724424916444,4,-90,-12,-61,3,3f,NaN,0,68.4117598552219
43249,267.92,1,-96.2952089,32.9795076,168.592834472656,140.139682116086,1724424917448,4,-90,-13,-61,3,3f,NaN,0,68.4117598552219
43250,267.92,1,-96.2952089,32.9795076,168.592834472656,140.139682116086,1724424918448,4,-90,-13,-61,3,3f,NaN,0,68.4117598552219
43251,267.92,1,-96.2952089,32.9795076,168.592834472656,140.139682116086,1724424919451,5,-90,-13,-59,3,3f,NaN,0,68.4117598552219
43252,267.92,1,-96.2952089,32.9795076,168.592834472656,140.139682116086,1724424920456,5,-90,-13,-59,3,3f,NaN,0,68.4117598552219
43253,267.92,1,-96.2952089,32.9795076,168.592834472656,140.139682116086,1724424921455,5,-90,-13,-57,3,3f,NaN,0,68.4117598552219
43254,267.92,1,-96.2952089,32.9795076,168.592834472656,140.139682116086,1724424922465,5,-90,-13,-57,3,3f,NaN,0,68.4117598552219
43255,267.92,1,-96.2952089,32.9795076,168.592834472656,140.111777419499,1724424923462,5,-90,-12,-59,3,3f,NaN,0,68.4117598552219
43256,267.92,1,-96.2952089,32.9795076,168.592834472656,140.083534142165,1724424924463,5,-90,-12,-59,3,3f,NaN,0,68.4117598552219
43257,267.92,1,-96.2952089,32.9795076,168.592834472656,140.080627990751,1724424925466,5,-90,-12,-59,3,3f,NaN,0,68.4117598552219
43258,267.92,1,-96.2952089,32.9795076,168.592834472656,140.080627990751,1724424926465,5,-90,-13,-59,3,3f,NaN,0,68.4117598552219
43259,267.92,1,-96.2952089,32.9795076,168.592834472656,140.080627990751,1724424927466,5,-90,-13,-59,3,3f,NaN,0,68.4117598552219
43260,267.92,1,-96.2952089,32.9795076,168.592834472656,140.080627990751,1724424928479,6,-90,-12,-63,3,3f,NaN,0,68.4117598552219
43261,267.92,1,-96.2952089,32.9795076,168.592834472656,140.080627990751,1724424929479,6,-90,-12,-63,3,3f,NaN,0,68.4117598552219
43262,267.92,1,-96.2952089,32.9795076,168.592834472656,140.080627990751,1724424930481,6,-90,-13,-57,3,3f,NaN,0,68.4117598552219
43263,267.92,1,-96.2952089,32.9795076,168.592834472656,140.080627990751,1724424931483,6,-90,-13,-57,3,3f,NaN,0,68.4117598552219
43264,267.92,1,-96.2952089,32.9795076,168.592834472656,140.080627990751,1724424932482,6,-90,-13,-59,3,3f,NaN,0,68.4117598552219
43265,267.92,1,-96.2952089,32.9795076,168.592834472656,140.080627990751,1724424933485,6,-90,-13,-59,3,3f,NaN,0,68.4117598552219
43266,267.92,1,-96.2952089,32.9795076,168.592834472656,140.080627990751,1724424934491,4,-90,-13,-59,3,3f,NaN,0.00441887459102075,68.4161787298129
43267,267.92,1,-96.2952089473734,32.9795076,168.592864990234,140.061053669706,1724424935493,4,-90,-13,-59,3,3f,NaN,0.00444560968857766,68.4206243395015
43268,267.92,1,-96.2952089950334,32.9795076,168.592880249023,140.041360955589,1724424936491,4,-90,-13,-59,3,3f,NaN,0.000463271825596551,68.4210876113271
43269,267.92,1,-96.295209,32.9795076,168.592880249023,140.039308809028,1724424937493,4,-90,-13,-59,3,3f,NaN,0,68.4210876113271
43270,267.92,1,-96.295209,32.9795076,168.592880249023,140.039308809028,1724424938496,4,-90,-13,-59,3,3f,NaN,0,68.4210876113271
43271,267.92,1,-96.295209,32.9795076,168.592880249023,140.039308809028,1724424939502,5,-90,-12,-59,3,3f,NaN,0,68.4210876113271
43272,267.92,1,-96.295209,32.9795076,168.592880249023,140.039308809028,1724424940504,5,-90,-12,-59,3,3f,NaN,0,68.4210876113271
43273,267.92,1,-96.295209,32.9795076,168.592880249023,140.039308809028,1724424941503,5,-90,-13,-57,3,3f,NaN,0,68.4210876113271
43274,267.92,1,-96.295209,32.9795076,168.592880249023,140.039308809028,1724424942511,5,-90,-13,-57,3,3f,NaN,0,68.4210876113271
43275,267.92,1,-96.295209,32.9795076,168.592880249023,140.039308809028,1724424943511,4,-90,-12,-59,3,3f,NaN,0,68.4210876113271
43276,267.92,1,-96.295209,32.9795076,168.592880249023,140.039308809028,1724424944514,4,-90,-12,-59,3,3f,NaN,0.0169711235462039,68.4380587348733
43277,267.92,1,-96.2952091424388,32.9795076949592,168.592910766602,140.041015043166,1724424945517,4,-90,-11,-61,3,3f,NaN,0.0171427168621668,68.4552014517354
43278,267.92,1,-96.2952092863178,32.9795077908785,168.59294128418,140.042738529419,1724424946516,4,-90,-11,-61,3,3f,NaN,0.00163019207334585,68.4568316438088
43279,267.92,1,-96.2952093,32.9795078,168.59294128418,140.042902424508,1724424947517,5,-89,-12,-57,3,3f,NaN,0,68.4568316438088
43280,267.92,1,-96.2952093,32.9795078,168.59294128418,140.042902424508,1724424948519,5,-89,-12,-57,3,3f,NaN,0,68.4568316438088
43281,267.92,1,-96.2952093,32.9795078,168.59294128418,140.042902424508,1724424949522,4,-90,-12,-61,3,3f,NaN,0.00922515158103219,68.4660567953898
43282,267.92,1,-96.2952093989,32.9795078,168.593002319336,140.042902424508,1724424950525,4,-90,-12,-61,3,3f,NaN,0.000102605828588557,68.4661594012184
43283,267.92,1,-96.2952094,32.9795078,168.593002319336,140.042902424508,1724424951524,5,-90,-13,-57,3,3f,NaN,0,68.4661594012184
43284,267.92,1,-96.2952094,32.9795078,168.593002319336,140.042902424508,1724424952527,5,-90,-13,-57,3,3f,NaN,0,68.4661594012184
43285,267.92,1,-96.2952094,32.9795078,168.593002319336,140.042902424508,1724424953531,5,-90,-13,-59,3,3f,NaN,0,68.4661594012184
43286,267.92,1,-96.2952094,32.9795078,168.593002319336,140.042902424508,1724424954533,5,-90,-13,-59,3,3f,NaN,0.0113534461414098,68.4775128473598
43287,267.92,1,-96.2952094470786,32.9795078941571,168.592971801758,140.002283740152,1724424955530,4,-89,-13,-57,3,3f,NaN,0.0115844383741162,68.4890972857339
43288,267.92,1,-96.295209495115,32.9795079902299,168.592956542969,139.96083863292,1724424956533,4,-89,-13,-57,3,3f,NaN,0.00117807520798679,68.4902753609419
43289,267.92,1,-96.2952095,32.979508,168.592956542969,139.956623876252,1724424957536,5,-90,-13,-59,3,3f,NaN,0,68.4902753609419
43290,267.92,1,-96.2952095,32.979508,168.592956542969,139.956623876252,1724424958538,5,-90,-13,-59,3,3f,NaN,0,68.4902753609419
43291,267.92,1,-96.2952095,32.979508,168.592956542969,139.956623876252,1724424959545,4,-90,-12,-61,3,3f,NaN,0,68.4902753609419
43292,267.92,1,-96.2952095,32.979508,168.592956542969,139.956623876252,1724424960546,4,-90,-12,-61,3,3f,NaN,0,68.4902753609419
43293,267.92,1,-96.2952095,32.979508,168.592956542969,139.956623876252,1724424961546,5,-90,-12,-61,3,3f,NaN,0,68.4902753609419
43294,267.92,1,-96.2952095,32.979508,168.592956542969,139.956623876252,1724424962551,5,-90,-12,-61,3,3f,NaN,0,68.4902753609419
43295,267.92,1,-96.2952095,32.979508,168.592956542969,139.956623876252,1724424963549,5,-89,-12,-61,3,3f,NaN,0,68.4902753609419
43296,267.92,1,-96.2952095,32.979508,168.592956542969,139.956623876252,1724424964550,5,-89,-12,-61,3,3f,NaN,0,68.4902753609419
43297,267.92,1,-96.2952095,32.979508,168.592956542969,139.956623876252,1724424965555,5,-90,-12,-59,3,3f,NaN,0,68.4902753609419
43298,267.92,1,-96.2952095,32.979508,168.592956542969,139.879524115262,1724424966556,5,-90,-12,-59,3,3f,NaN,0,68.4902753609419
43299,267.92,1,-96.2952095,32.979508,168.592956542969,139.801487919929,1724424967556,5,-90,-12,-61,3,3f,NaN,0,68.4902753609419
43300,267.92,1,-96.2952095,32.979508,168.592956542969,139.793372155614,1724424968565,5,-90,-12,-61,3,3f,NaN,0,68.4902753609419
43301,267.92,1,-96.2952095,32.979508,168.592956542969,139.793372155614,1724424969564,5,-90,-13,-59,3,3f,NaN,0,68.4902753609419
43302,267.92,1,-96.2952095,32.979508,168.592956542969,139.793372155614,1724424970565,5,-90,-13,-59,3,3f,NaN,0,68.4902753609419
43303,267.92,1,-96.2952095,32.979508,168.592956542969,139.793372155614,1724424971566,5,-90,-13,-59,3,3f,NaN,0,68.4902753609419
43304,267.92,1,-96.2952095,32.979508,168.592956542969,139.793372155614,1724424972581,5,-90,-13,-59,3,3f,NaN,0,68.4902753609419
43305,267.92,1,-96.2952095,32.979508,168.592956542969,139.793372155614,1724424973582,5,-90,-13,-59,3,3f,NaN,0,68.4902753609419
43306,267.92,1,-96.2952095,32.979508,168.592956542969,139.793372155614,1724424974585,6,-90,-11,-63,3,3f,NaN,0,68.4902753609419
43307,267.92,1,-96.2952095,32.979508,168.592956542969,139.793372155614,1724424975585,6,-90,-11,-63,3,3f,NaN,0,68.4902753609419
43308,267.92,1,-96.2952095,32.979508,168.592956542969,139.793372155614,1724424976584,6,-90,-11,-63,3,3f,NaN,0.00884621147836426,68.4991215724203
43309,267.92,1,-96.2952095948375,32.979508,168.593002319336,139.885236027193,1724424977586,5,-89,-13,-57,3,3f,NaN,0.00894430114444346,68.5080658735647
43310,267.92,1,-96.2952096907266,32.979508,168.593048095703,139.978118550574,1724424978589,5,-89,-13,-57,3,3f,NaN,0.000865000828623493,68.5089308743934
43311,267.92,1,-96.2952097,32.979508,168.593063354492,139.987101207372,1724424979594,5,-91,-12,-63,3,3f,NaN,0,68.5089308743934
43312,267.92,1,-96.2952097,32.979508,168.593063354492,139.987101207372,1724424980593,5,-91,-12,-63,3,3f,NaN,0,68.5089308743934
43313,267.92,1,-96.2952097,32.979508,168.593063354492,139.987101207372,1724424981592,5,-90,-12,-59,3,3f,NaN,0,68.5089308743934
43314,267.92,1,-96.2952097,32.979508,168.593063354492,139.987101207372,1724424982600,5,-90,-12,-59,3,3f,NaN,0.00923438536888936,68.5181652597623
43315,267.92,1,-96.295209798999,32.979508,168.593109130859,139.987101207372,1724424983601,5,-89,-12,-63,3,3f,NaN,9.33706940492802e-05,68.5182586304563
43316,267.92,1,-96.2952098,32.979508,168.593109130859,139.987101207372,1724424984601,5,-89,-12,-63,3,3f,NaN,0,68.5182586304563
43317,267.92,1,-96.2952098,32.979508,168.593109130859,139.987101207372,1724424985602,4,-91,-12,-59,3,3f,NaN,0,68.5182586304563
43318,267.92,1,-96.2952098,32.979508,168.593109130859,139.987101207372,1724424986606,4,-91,-12,-59,3,3f,NaN,0,68.5182586304563
43319,267.92,1,-96.2952098,32.979508,168.593109130859,139.987101207372,1724424987606,5,-91,-14,-57,3,3f,NaN,0,68.5182586304563
43320,267.92,1,-96.2952098,32.979508,168.593109130859,139.987101207372,1724424988613,5,-91,-14,-57,3,3f,NaN,0,68.5182586304563
43321,267.92,1,-96.2952098,32.979508,168.593109130859,139.860093694317,1724424989611,4,-91,-12,-59,3,3f,NaN,0,68.5182586304563
43322,267.92,1,-96.2952098,32.979508,168.593109130859,139.73128647966,1724424990613,4,-91,-12,-59,3,3f,NaN,0,68.5182586304563
43323,267.92,1,-96.2952098,32.979508,168.593109130859,139.719716969361,1724424991621,4,-90,-12,-57,3,3f,NaN,0,68.5182586304563
43324,267.92,1,-96.2952098,32.979508,168.593109130859,139.719716969361,1724424992622,4,-90,-12,-57,3,3f,NaN,0,68.5182586304563
43325,267.92,1,-96.2952098,32.979508,168.593109130859,139.719716969361,1724424993622,5,-90,-13,-57,3,3f,NaN,0,68.5182586304563
43326,267.92,1,-96.2952098,32.979508,168.593109130859,139.719716969361,1724424994625,5,-90,-13,-57,3,3f,NaN,0,68.5182586304563
43327,267.92,1,-96.2952098,32.979508,168.593109130859,139.719716969361,1724424995626,5,-91,-12,-63,3,3f,NaN,0,68.5182586304563
43328,267.92,1,-96.2952098,32.979508,168.593109130859,139.719716969361,1724424996627,5,-91,-12,-63,3,3f,NaN,0,68.5182586304563
43329,267.92,1,-96.2952098,32.979508,168.593109130859,139.719716969361,1724424997633,5,-91,-13,-59,3,3f,NaN,0,68.5182586304563
43330,267.92,1,-96.2952098,32.979508,168.593109130859,139.719716969361,1724424998635,5,-91,-13,-59,3,3f,NaN,0.00525309251129724,68.5235117229676
43331,267.92,1,-96.2952098,32.9795080472422,168.59309387207,139.717412636234,1724424999636,5,-90,-14,-59,3,3f,NaN,0.00535442518025032,68.5288661481478
43332,267.92,1,-96.2952098,32.9795080953957,168.593063354492,139.715063854042,1724425000640,5,-90,-14,-59,3,3f,NaN,0.00051197431276431,68.5293781224606
43333,267.92,1,-96.2952098,32.9795081,168.593063354492,139.714839269291,1724425001640,5,-91,-13,-59,3,3f,NaN,0,68.5293781224606
43334,267.92,1,-96.2952098,32.9795081,168.593063354492,139.714839269291,1724425002645,5,-91,-13,-59,3,3f,NaN,0,68.5293781224606
43335,267.92,1,-96.2952098,32.9795081,168.593063354492,139.714839269291,1724425003647,5,-91,-11,-63,3,3f,NaN,0,68.5293781224606
43336,267.92,1,-96.2952098,32.9795081,168.593063354492,139.714839269291,1724425004649,5,-91,-11,-63,3,3f,NaN,0,68.5293781224606
43337,267.92,1,-96.2952098,32.9795081,168.593063354492,139.714839269291,1724425005651,5,-91,-12,-59,3,3f,NaN,0,68.5293781224606
43338,267.92,1,-96.2952098,32.9795081,168.593063354492,139.714839269291,1724425006652,5,-91,-12,-59,3,3f,NaN,0,68.5293781224606
43339,267.92,1,-96.2952098,32.9795081,168.593063354492,139.714839269291,1724425007654,5,-92,-12,-63,3,3f,NaN,0,68.5293781224606
43340,267.92,1,-96.2952098,32.9795081,168.593063354492,139.714839269291,1724425008657,5,-92,-12,-63,3,3f,NaN,0,68.5293781224606
43341,267.92,1,-96.2952098,32.9795081,168.593063354492,139.714839269291,1724425009663,5,-91,-13,-61,3,3f,NaN,0.00682839181221794,68.5362065142728
43342,267.92,1,-96.2952098470476,32.9795081470476,168.593063354492,139.720412729627,1724425010664,5,-91,-13,-61,3,3f,NaN,0.00691133661169032,68.5431178508845
43343,267.92,1,-96.2952098946667,32.9795081946667,168.593063354492,139.726053883814,1724425011664,4,-92,-13,-61,3,3f,NaN,0.000774064244021913,68.5438919151285
43344,267.92,1,-96.2952099,32.9795082,168.593063354492,139.726685693083,1724425012668,4,-92,-13,-61,3,3f,NaN,0,68.5438919151285
43345,267.92,1,-96.2952099,32.9795082,168.593063354492,139.726685693083,1724425013668,6,-92,-12,-61,3,3f,NaN,0,68.5438919151285
43346,267.92,1,-96.2952099,32.9795082,168.593063354492,139.726685693083,1724425014666,6,-92,-12,-61,3,3f,NaN,0,68.5438919151285
43347,267.92,1,-96.2952099,32.9795082,168.593063354492,139.726685693083,1724425015678,6,-92,-14,-59,3,3f,NaN,0,68.5438919151285
43348,267.92,1,-96.2952099,32.9795082,168.593063354492,139.726685693083,1724425016678,6,-92,-14,-59,3,3f,NaN,0,68.5438919151285
43349,267.92,1,-96.2952099,32.9795082,168.593063354492,139.726685693083,1724425017681,6,-91,-12,-59,3,3f,NaN,0,68.5438919151285
43350,267.92,1,-96.2952099,32.9795082,168.593063354492,139.726685693083,1724425018685,6,-91,-12,-59,3,3f,NaN,0,68.5438919151285
43351,267.92,1,-96.2952099,32.9795082,168.593063354492,139.726685693083,1724425019686,5,-91,-13,-59,3,3f,NaN,0.00683776748283997,68.5507296826114
43352,267.92,1,-96.2952098528878,32.9795082471122,168.593032836914,139.842033612711,1724425020685,5,-91,-13,-59,3,3f,NaN,0.0069416708998885,68.5576713535113
43353,267.92,1,-96.2952098050597,32.9795082949403,168.592987060547,139.959134540236,1724425021687,4,-91,-12,-61,3,3f,NaN,0.000734354278412403,68.5584057077897
43354,267.92,1,-96.2952098,32.9795083,168.592971801758,139.971522462709,1724425022687,4,-91,-12,-61,3,3f,NaN,0,68.5584057077897
43355,267.92,1,-96.2952098,32.9795083,168.592971801758,139.971522462709,1724425023695,5,-90,-11,-61,3,3f,NaN,0,68.5584057077897
43356,267.92,1,-96.2952098,32.9795083,168.592971801758,139.971522462709,1724425024695,5,-90,-11,-61,3,3f,NaN,0,68.5584057077897
43357,267.92,1,-96.2952098,32.9795083,168.592971801758,139.971522462709,1724425025695,4,-90,-11,-61,3,3f,NaN,0,68.5584057077897
43358,267.92,1,-96.2952098,32.9795083,168.592971801758,139.971522462709,1724425026702,4,-90,-11,-61,3,3f,NaN,0,68.5584057077897
43359,267.92,1,-96.2952098,32.9795083,168.592971801758,139.971522462709,1724425027703,4,-90,-12,-59,3,3f,NaN,0,68.5584057077897
43360,267.92,1,-96.2952098,32.9795083,168.592971801758,139.971522462709,1724425028705,4,-90,-12,-59,3,3f,NaN,0,68.5584057077897
43361,267.92,1,-96.2952098,32.9795083,168.592971801758,139.971522462709,1724425029714,5,-91,-14,-57,3,3f,NaN,0,68.5584057077897
43362,267.92,1,-96.2952098,32.9795083,168.592971801758,139.971522462709,1724425030713,5,-91,-14,-57,3,3f,NaN,0.0104505328411145,68.5688562406308
43363,267.92,1,-96.2952098,32.9795083939839,168.59294128418,140.016973327863,1724425031717,4,-91,-12,-61,3,3f,NaN,0.0105558791544345,68.5794121197852
43364,267.92,1,-96.2952098,32.9795084889152,168.592895507813,140.062882367061,1724425032719,4,-91,-12,-61,3,3f,NaN,0.0012325735932497,68.5806446933785
43365,267.92,1,-96.2952098,32.9795085,168.592880249023,140.068243003374,1724425033719,4,-90,-12,-61,3,3f,NaN,0,68.5806446933785
43366,267.92,1,-96.2952098,32.9795085,168.592880249023,140.068243003374,1724425034725,4,-90,-12,-61,3,3f,NaN,0,68.5806446933785
43367,267.92,1,-96.2952098,32.9795085,168.592880249023,140.068243003374,1724425035727,3,-91,-13,-59,3,3f,NaN,0,68.5806446933785
43368,267.92,1,-96.2952098,32.9795085,168.592880249023,140.068243003374,1724425036727,3,-91,-13,-59,3,3f,NaN,0,68.5806446933785
43369,267.92,1,-96.2952098,32.9795085,168.592880249023,140.068243003374,1724425037729,4,-91,-12,-61,3,3f,NaN,0,68.5806446933785
43370,267.92,1,-96.2952098,32.9795085,168.592880249023,140.068243003374,1724425038731,4,-91,-12,-61,3,3f,NaN,0,68.5806446933785
43371,267.92,1,-96.2952098,32.9795085,168.592880249023,140.068243003374,1724425039733,5,-92,-12,-61,3,3f,NaN,0,68.5806446933785
43372,267.92,1,-96.2952098,32.9795085,168.592880249023,140.068243003374,1724425040735,5,-92,-12,-61,3,3f,NaN,0,68.5806446933785
43373,267.92,1,-96.2952098,32.9795085,168.592880249023,140.070925035611,1724425041736,4,-90,-12,-59,3,3f,NaN,0,68.5806446933785
43374,267.92,1,-96.2952098,32.9795085,168.592880249023,140.073642393501,1724425042736,4,-90,-12,-59,3,3f,NaN,0,68.5806446933785
43375,267.92,1,-96.2952098,32.9795085,168.592880249023,140.073903259858,1724425043744,4,-92,-12,-59,3,3f,NaN,0,68.5806446933785
43376,267.92,1,-96.2952098,32.9795085,168.592880249023,140.073903259858,1724425044746,4,-92,-12,-59,3,3f,NaN,0,68.5806446933785
43377,267.92,1,-96.2952098,32.9795085,168.592880249023,140.073903259858,1724425045744,4,-91,-12,-61,3,3f,NaN,0,68.5806446933785
43378,267.92,1,-96.2952098,32.9795085,168.592880249023,140.073903259858,1724425046753,4,-91,-12,-61,3,3f,NaN,0,68.5806446933785
43379,267.92,1,-96.2952098,32.9795085,168.592880249023,140.073903259858,1724425047755,4,-91,-12,-59,3,3f,NaN,0,68.5806446933785
43380,267.92,1,-96.2952098,32.9795085,168.592880249023,140.073903259858,1724425048756,4,-91,-12,-59,3,3f,NaN,0,68.5806446933785
43381,267.92,1,-96.2952098,32.9795085,168.592880249023,140.073903259858,1724425049760,5,-92,-13,-59,3,3f,NaN,0,68.5806446933785
43382,267.92,1,-96.2952098,32.9795085,168.592880249023,140.073903259858,1724425050761,5,-92,-13,-59,3,3f,NaN,0,68.5806446933785
43383,267.92,1,-96.2952098,32.9795085,168.592880249023,140.200871439431,1724425051761,5,-90,-13,-61,3,3f,NaN,0,68.5806446933785
43384,267.92,1,-96.2952098,32.9795085,168.592880249023,140.330288751403,1724425052765,5,-90,-13,-61,3,3f,NaN,0,68.5806446933785
43385,267.92,1,-96.2952098,32.9795085,168.592880249023,140.342534413392,1724425053766,5,-91,-13,-61,3,3f,NaN,0,68.5806446933785
43386,267.92,1,-96.2952098,32.9795085,168.592880249023,140.342534413392,1724425054767,5,-91,-13,-61,3,3f,NaN,0,68.5806446933785
43387,267.92,1,-96.2952098,32.9795085,168.592880249023,140.342534413392,1724425055771,5,-91,-13,-61,3,3f,NaN,0,68.5806446933785
43388,267.92,1,-96.2952098,32.9795085,168.592880249023,140.342534413392,1724425056774,6,-92,-13,-61,3,3f,NaN,0,68.5806446933785
43389,267.92,1,-96.2952098,32.9795085,168.592880249023,140.342534413392,1724425057781,6,-92,-13,-61,3,3f,NaN,0,68.5806446933785
43390,267.92,1,-96.2952098,32.9795085,168.592880249023,140.342534413392,1724425058777,6,-91,-13,-59,3,3f,NaN,0,68.5806446933785
43391,267.92,1,-96.2952098,32.9795085,168.592880249023,140.342534413392,1724425059779,6,-91,-13,-59,3,3f,NaN,0,68.5806446933785
43392,267.92,1,-96.2952098,32.9795085,168.592880249023,140.342534413392,1724425060781,6,-91,-13,-59,3,3f,NaN,0,68.5806446933785
43393,267.92,1,-96.2952098,32.9795085,168.592880249023,140.342534413392,1724425061783,6,-91,-13,-59,3,3f,NaN,0,68.5806446933785
43394,267.92,1,-96.2952098,32.9795085,168.592880249023,140.197510657519,1724425062786,5,-91,-13,-59,3,3f,NaN,0,68.5806446933785
43395,267.92,1,-96.2952098,32.9795085,168.592880249023,140.04983132931,1724425063787,5,-91,-13,-59,3,3f,NaN,0,68.5806446933785
43396,267.92,1,-96.2952098,32.9795085,168.592880249023,140.03463555428,1724425064791,5,-92,-13,-61,3,3f,NaN,0,68.5806446933785
43397,267.92,1,-96.2952098,32.9795085,168.592880249023,140.03463555428,1724425065793,5,-92,-13,-61,3,3f,NaN,0,68.5806446933785
43398,267.92,1,-96.2952098,32.9795085,168.592880249023,140.03463555428,1724425066800,5,-92,-12,-59,3,3f,NaN,0,68.5806446933785
43399,267.92,1,-96.2952098,32.9795085,168.592880249023,140.03463555428,1724425067799,5,-92,-12,-59,3,3f,NaN,0,68.5806446933785
43400,267.92,1,-96.2952098,32.9795085,168.592880249023,140.03463555428,1724425068801,5,-91,-12,-61,3,3f,NaN,0,68.5806446933785
43401,267.92,1,-96.2952098,32.9795085,168.592880249023,140.03463555428,1724425069802,5,-91,-12,-61,3,3f,NaN,0,68.5806446933785
43402,267.92,1,-96.2952098,32.9795085,168.592880249023,140.03463555428,1724425070808,5,-92,-13,-63,3,3f,NaN,0,68.5806446933785
43403,267.92,1,-96.2952098,32.9795085,168.592880249023,140.03463555428,1724425071808,5,-92,-13,-63,3,3f,NaN,0,68.5806446933785
43404,267.92,1,-96.2952098,32.9795085,168.592880249023,140.03463555428,1724425072809,5,-92,-12,-63,3,3f,NaN,0.00439870889398961,68.5850434022725
43405,267.92,1,-96.2952097528428,32.9795085,168.592864990234,140.062424602653,1724425073812,5,-92,-12,-63,3,3f,NaN,0.00444772522734191,68.5894911274998
43406,267.92,1,-96.2952097051601,32.9795085,168.592834472656,140.090523356732,1724425074810,5,-92,-12,-61,3,3f,NaN,0.000481321888786701,68.5899724493886
43407,267.92,1,-96.2952097,32.9795085,168.592834472656,140.093564103666,1724425075812,5,-92,-12,-61,3,3f,NaN,0,68.5899724493886
43408,267.92,1,-96.2952097,32.9795085,168.592834472656,140.093564103666,1724425076813,5,-92,-12,-63,3,3f,NaN,0,68.5899724493886
43409,267.92,1,-96.2952097,32.9795085,168.592834472656,140.093564103666,1724425077816,5,-92,-12,-63,3,3f,NaN,0,68.5899724493886
43410,267.92,1,-96.2952097,32.9795085,168.592834472656,140.093564103666,1724425078816,7,-91,-13,-61,3,3f,NaN,0,68.5899724493886
43411,267.92,1,-96.2952097,32.9795085,168.592834472656,140.093564103666,1724425079822,7,-91,-13,-61,3,3f,NaN,0,68.5899724493886
43412,267.92,1,-96.2952097,32.9795085,168.592834472656,140.093564103666,1724425080826,7,-91,-11,-63,3,3f,NaN,0,68.5899724493886
43413,267.92,1,-96.2952097,32.9795085,168.592834472656,140.093564103666,1724425081827,7,-91,-11,-63,3,3f,NaN,0,68.5899724493886
43414,267.92,1,-96.2952097,32.9795085,168.592834472656,140.093564103666,1724425082831,7,-90,-12,-59,3,3f,NaN,0,68.5899724493886
43415,267.92,1,-96.2952097,32.9795085,168.592834472656,140.093564103666,1724425083831,7,-90,-12,-59,3,3f,NaN,0,68.5899724493886
43416,267.92,1,-96.2952097,32.9795085,168.592834472656,140.228894708097,1724425084838,7,-91,-13,-57,3,3f,NaN,0,68.5899724493886
43417,267.92,1,-96.2952097,32.9795085,168.592834472656,140.364904683033,1724425085839,7,-91,-13,-57,3,3f,NaN,0,68.5899724493886
43418,267.92,1,-96.2952097,32.9795085,168.592834472656,140.379714960024,1724425086841,6,-91,-12,-59,3,3f,NaN,0,68.5899724493886
43419,267.92,1,-96.2952097,32.9795085,168.592834472656,140.379714960024,1724425087850,6,-91,-12,-59,3,3f,NaN,0,68.5899724493886
43420,267.92,1,-96.2952097,32.9795085,168.592834472656,140.379714960024,1724425088846,7,-92,-13,-61,3,3f,NaN,0,68.5899724493886
43421,267.92,1,-96.2952097,32.9795085,168.592834472656,140.379714960024,1724425089849,7,-92,-13,-61,3,3f,NaN,0,68.5899724493886
43422,267.92,1,-96.2952097,32.9795085,168.592834472656,140.379714960024,1724425090851,6,-91,-12,-61,3,3f,NaN,0,68.5899724493886
43423,267.92,1,-96.2952097,32.9795085,168.592834472656,140.379714960024,1724425091853,6,-91,-12,-61,3,3f,NaN,0,68.5899724493886
43424,267.92,1,-96.2952097,32.9795085,168.592834472656,140.379714960024,1724425092854,7,-91,-12,-63,3,3f,NaN,0,68.5899724493886
43425,267.92,1,-96.2952097,32.9795085,168.592834472656,140.379714960024,1724425093854,7,-91,-12,-63,3,3f,NaN,0,68.5899724493886
43426,267.92,1,-96.2952097,32.9795085,168.592834472656,140.379714960024,1724425094859,7,-90,-13,-59,3,3f,NaN,0.00683815789746341,68.5968106072861
43427,267.92,1,-96.2952097471149,32.9795085471149,168.592834472656,140.394684402419,1724425095860,7,-90,-13,-59,3,3f,NaN,0.00694199058290138,68.603752597869
43428,267.92,1,-96.2952097949452,32.9795085949452,168.592849731445,140.409881113677,1724425096863,7,-90,-13,-59,3,3f,NaN,0.000733643308497853,68.6044862411775
43429,267.92,1,-96.2952098,32.9795086,168.592849731445,140.41148714697,1724425097864,6,-92,-12,-63,3,3f,NaN,0,68.6044862411775
43430,267.92,1,-96.2952098,32.9795086,168.592849731445,140.41148714697,1724425098864,6,-92,-12,-63,3,3f,NaN,0,68.6044862411775
43431,267.92,1,-96.2952098,32.9795086,168.592849731445,140.41148714697,1724425099872,5,-91,-13,-57,3,3f,NaN,0,68.6044862411775
43432,267.92,1,-96.2952098,32.9795086,168.592849731445,140.41148714697,1724425100874,5,-91,-13,-57,3,3f,NaN,0,68.6044862411775
43433,267.92,1,-96.2952098,32.9795086,168.592849731445,140.41148714697,1724425101879,6,-91,-12,-61,3,3f,NaN,0,68.6044862411775
43434,267.92,1,-96.2952098,32.9795086,168.592849731445,140.41148714697,1724425102880,6,-91,-12,-61,3,3f,NaN,0,68.6044862411775
43435,267.92,1,-96.2952098,32.9795086,168.592849731445,140.41148714697,1724425103881,5,-91,-12,-59,3,3f,NaN,0,68.6044862411775
43436,267.92,1,-96.2952098,32.9795086,168.592849731445,140.41148714697,1724425104886,5,-91,-12,-59,3,3f,NaN,0,68.6044862411775
43437,267.92,1,-96.2952098,32.9795086,168.592849731445,140.41148714697,1724425105893,5,-91,-13,-59,3,3f,NaN,0.0052292855955365,68.609715526773
43438,267.92,1,-96.2952098,32.9795086470281,168.592819213867,140.310073212267,1724425106889,5,-91,-13,-59,3,3f,NaN,0.00531387236048224,68.6150293991335
43439,267.92,1,-96.2952098,32.9795086948169,168.592803955078,140.207018607234,1724425107894,4,-92,-12,-63,3,3f,NaN,0.000576334048293129,68.6156057331818
43440,267.92,1,-96.2952098,32.9795087,168.592803955078,140.195841540619,1724425108895,4,-92,-12,-63,3,3f,NaN,0,68.6156057331818
43441,267.92,1,-96.2952098,32.9795087,168.592803955078,140.195841540619,1724425109897,6,-92,-12,-61,3,3f,NaN,0,68.6156057331818
43442,267.92,1,-96.2952098,32.9795087,168.592803955078,140.195841540619,1724425110898,6,-92,-12,-61,3,3f,NaN,0,68.6156057331818
43443,267.92,1,-96.2952098,32.9795087,168.592803955078,140.195841540619,1724425111898,7,-91,-12,-63,3,3f,NaN,0,68.6156057331818
43444,267.92,1,-96.2952098,32.9795087,168.592803955078,140.195841540619,1724425112901,7,-91,-12,-63,3,3f,NaN,0,68.6156057331818
43445,267.92,1,-96.2952098,32.9795087,168.592803955078,140.195841540619,1724425113906,6,-91,-13,-59,3,3f,NaN,0,68.6156057331818
43446,267.92,1,-96.2952098,32.9795087,168.592803955078,140.195841540619,1724425114908,6,-91,-13,-59,3,3f,NaN,0,68.6156057331818
43447,267.92,1,-96.2952098,32.9795087,168.592803955078,140.195841540619,1724425115909,5,-91,-12,-61,3,3f,NaN,0,68.6156057331818
43448,267.92,1,-96.2952098,32.9795087,168.592803955078,140.233312898697,1724425116911,5,-91,-12,-61,3,3f,NaN,0,68.6156057331818
43449,267.92,1,-96.2952098,32.9795087,168.592803955078,140.271200605197,1724425117912,5,-90,-13,-59,3,3f,NaN,0,68.6156057331818
43450,267.92,1,-96.2952098,32.9795087,168.592803955078,140.274834191435,1724425118918,5,-90,-13,-59,3,3f,NaN,0,68.6156057331818
43451,267.92,1,-96.2952098,32.9795087,168.592803955078,140.274834191435,1724425119919,4,-91,-14,-59,3,3f,NaN,0,68.6156057331818
43452,267.92,1,-96.2952098,32.9795087,168.592803955078,140.274834191435,1724425120920,4,-91,-14,-59,3,3f,NaN,0,68.6156057331818
43453,267.92,1,-96.2952098,32.9795087,168.592803955078,140.274834191435,1724425121923,5,-91,-12,-61,3,3f,NaN,0,68.6156057331818
43454,267.92,1,-96.2952098,32.9795087,168.592803955078,140.274834191435,1724425122924,5,-91,-12,-61,3,3f,NaN,0,68.6156057331818
43455,267.92,1,-96.2952098,32.9795087,168.592803955078,140.274834191435,1724425123927,6,-91,-12,-63,3,3f,NaN,0,68.6156057331818
43456,267.92,1,-96.2952098,32.9795087,168.592803955078,140.274834191435,1724425124935,6,-91,-12,-63,3,3f,NaN,0,68.6156057331818
43457,267.92,1,-96.2952098,32.9795087,168.592803955078,140.274834191435,1724425125937,5,-90,-13,-57,3,3f,NaN,0,68.6156057331818
43458,267.92,1,-96.2952098,32.9795087,168.592803955078,140.274834191435,1724425126937,5,-90,-13,-57,3,3f,NaN,0.0105483069560855,68.6261540401378
43459,267.92,1,-96.2952098,32.9795087948632,168.592758178711,140.236166058729,1724425127938,5,-92,-12,-63,3,3f,NaN,0.0107084497861514,68.636862489924
43460,267.92,1,-96.2952098,32.9795088911666,168.592712402344,140.196910859232,1724425128941,5,-92,-12,-63,3,3f,NaN,0.000982228846561732,68.6378447187706
43461,267.92,1,-96.2952098,32.9795089,168.592712402344,140.193310182907,1724425129941,6,-91,-13,-59,3,3f,NaN,0,68.6378447187706
43462,267.92,1,-96.2952098,32.9795089,168.592712402344,140.193310182907,1724425130943,6,-91,-13,-59,3,3f,NaN,0,68.6378447187706
43463,267.92,1,-96.2952098,32.9795089,168.592712402344,140.193310182907,1724425131943,5,-93,-13,-63,3,3f,NaN,0,68.6378447187706
43464,267.92,1,-96.2952098,32.9795089,168.592712402344,140.193310182907,1724425132946,5,-93,-13,-63,3,3f,NaN,0.0109867257052134,68.6488314444758
43465,267.92,1,-96.2952098,32.979508998806,168.592666625977,140.193310182907,1724425133950,7,-91,-12,-61,3,3f,NaN,0.000132767089185949,68.648964211565
43466,267.92,1,-96.2952098,32.979509,168.592666625977,140.193310182907,1724425134953,7,-91,-12,-61,3,3f,NaN,0,68.648964211565
43467,267.92,1,-96.2952098,32.979509,168.592666625977,140.193310182907,1724425135959,7,-91,-13,-63,3,3f,NaN,0,68.648964211565
43468,267.92,1,-96.2952098,32.979509,168.592666625977,140.193310182907,1724425136961,7,-91,-13,-63,3,3f,NaN,0,68.648964211565
43469,267.92,1,-96.2952098,32.979509,168.592666625977,140.193310182907,1724425137962,8,-91,-12,-63,3,3f,NaN,0.0044347984002696,68.6533990099652
43470,267.92,1,-96.2952098475441,32.979509,168.592697143555,140.218247655068,1724425138969,8,-91,-12,-63,3,3f,NaN,0.00443924695924517,68.6578382569245
43471,267.92,1,-96.2952098951359,32.979509,168.592712402344,140.243210139738,1724425139967,6,-91,-13,-61,3,3f,NaN,0.00045371192333696,68.6582919688478
43472,267.92,1,-96.2952099,32.979509,168.592712402344,140.245761415726,1724425140970,6,-91,-13,-61,3,3f,NaN,0,68.6582919688478
43473,267.92,1,-96.2952099,32.979509,168.592712402344,140.245761415726,1724425141972,5,-91,-12,-59,3,3f,NaN,0,68.6582919688478
43474,267.92,1,-96.2952099,32.979509,168.592712402344,140.245761415726,1724425142973,5,-91,-12,-59,3,3f,NaN,0,68.6582919688478
43475,267.92,1,-96.2952099,32.979509,168.592712402344,140.245761415726,1724425143978,5,-91,-12,-61,3,3f,NaN,0,68.6582919688478
43476,267.92,1,-96.2952099,32.979509,168.592712402344,140.245761415726,1724425144981,5,-91,-12,-61,3,3f,NaN,0,68.6582919688478
43477,267.92,1,-96.2952099,32.979509,168.592712402344,140.245761415726,1724425145980,6,-92,-12,-63,3,3f,NaN,0,68.6582919688478
43478,267.92,1,-96.2952099,32.979509,168.592712402344,140.245761415726,1724425146984,6,-92,-12,-63,3,3f,NaN,0,68.6582919688478
43479,267.92,1,-96.2952099,32.979509,168.592712402344,140.245761415726,1724425147986,6,-92,-12,-67,3,3f,NaN,0,68.6582919688478
43480,267.92,1,-96.2952099,32.979509,168.592712402344,140.245761415726,1724425148987,6,-92,-12,-67,3,3f,NaN,0,68.6582919688478
43481,267.92,1,-96.2952099,32.979509,168.592712402344,140.245761415726,1724425149990,6,-93,-13,-65,3,3f,NaN,0.0265639039386716,68.6848558727865
43482,267.92,1,-96.2952099471204,32.9795092356021,168.592636108398,140.239549309613,1724425150993,6,-93,-13,-65,3,3f,NaN,0.0267785562285982,68.7116344290151
43483,267.92,1,-96.2952099946216,32.979509473108,168.592559814453,140.233287004663,1724425151991,6,-93,-12,-63,3,3f,NaN,0.00303204597664232,68.7146664749917
43484,267.92,1,-96.29521,32.9795095,168.592544555664,140.232577946087,1724425153001,6,-93,-12,-63,3,3f,NaN,0,68.7146664749917
43485,267.92,1,-96.29521,32.9795095,168.592544555664,140.232577946087,1724425154000,6,-91,-12,-61,3,3f,NaN,0,68.7146664749917
43486,267.92,1,-96.29521,32.9795095,168.592544555664,140.232577946087,1724425155001,6,-91,-12,-61,3,3f,NaN,0,68.7146664749917
43487,267.92,1,-96.29521,32.9795095,168.592544555664,140.232577946087,1724425156005,6,-91,-11,-63,3,3f,NaN,0.0109752283522946,68.725641703344
43488,267.92,1,-96.29521,32.9795095987026,168.592498779297,140.232577946087,1724425157007,6,-91,-11,-63,3,3f,NaN,0.000144264442104784,68.7257859677861
43489,267.92,1,-96.29521,32.9795096,168.592498779297,140.232577946087,1724425158009,5,-91,-12,-59,3,3f,NaN,0,68.7257859677861
43490,267.92,1,-96.29521,32.9795096,168.592498779297,140.232577946087,1724425159013,5,-91,-12,-59,3,3f,NaN,0,68.7257859677861
43491,267.92,1,-96.29521,32.9795096,168.592498779297,140.232577946087,1724425160012,6,-91,-12,-59,3,3f,NaN,0,68.7257859677861
43492,267.92,1,-96.29521,32.9795096,168.592498779297,140.232577946087,1724425161015,6,-91,-12,-59,3,3f,NaN,0.0157685855544206,68.7415545533405
43493,267.92,1,-96.29521,32.9795094581897,168.592559814453,140.237832844111,1724425162015,5,-91,-13,-61,3,3f,NaN,0.0159922656389551,68.7575468189795
43494,267.92,1,-96.29521,32.9795093143678,168.592620849609,140.243162279696,1724425163016,5,-91,-13,-61,3,3f,NaN,0.00159762718982228,68.7591444461693
43495,267.92,1,-96.29521,32.9795093,168.592636108398,140.243694690843,1724425164029,6,-91,-11,-63,3,3f,NaN,0,68.7591444461693
43496,267.92,1,-96.29521,32.9795093,168.592636108398,140.243694690843,1724425165031,6,-91,-11,-63,3,3f,NaN,0,68.7591444461693
43497,267.92,1,-96.29521,32.9795093,168.592636108398,140.243694690843,1724425166031,6,-93,-12,-63,3,3f,NaN,0,68.7591444461693
43498,267.92,1,-96.29521,32.9795093,168.592636108398,140.243694690843,1724425167034,6,-93,-12,-63,3,3f,NaN,0,68.7591444461693
43499,267.92,1,-96.29521,32.9795093,168.592636108398,140.243694690843,1724425168037,6,-90,-13,-57,3,3f,NaN,0,68.7591444461693
43500,267.92,1,-96.29521,32.9795093,168.592636108398,140.243694690843,1724425169036,6,-90,-13,-57,3,3f,NaN,0,68.7591444461693
43501,267.92,1,-96.29521,32.9795093,168.592636108398,140.243694690843,1724425170039,5,-91,-13,-61,3,3f,NaN,0,68.7591444461693
43502,267.92,1,-96.29521,32.9795093,168.592636108398,140.243694690843,1724425171042,5,-91,-13,-61,3,3f,NaN,0,68.7591444461693
43503,267.92,1,-96.29521,32.9795093,168.592636108398,140.243694690843,1724425172045,5,-91,-12,-61,3,3f,NaN,0.0114209089085001,68.7705653550778
43504,267.92,1,-96.2952100473583,32.9795093947166,168.592620849609,140.304320318307,1724425173042,5,-91,-12,-61,3,3f,NaN,0.0116062399957982,68.7821715950736
43505,267.92,1,-96.2952100954851,32.9795094909702,168.59260559082,140.365929728772,1724425174044,6,-93,-14,-59,3,3f,NaN,0.00108881127062072,68.7832604063442
43506,267.92,1,-96.2952101,32.9795095,168.592590332031,140.371709453905,1724425175047,6,-93,-14,-59,3,3f,NaN,0,68.7832604063442
43507,267.92,1,-96.2952101,32.9795095,168.592590332031,140.371709453905,1724425176046,6,-93,-14,-59,3,3f,NaN,0,68.7832604063442
43508,267.92,1,-96.2952101,32.9795095,168.592590332031,140.371709453905,1724425177051,5,-90,-13,-57,3,3f,NaN,0,68.7832604063442
43509,267.92,1,-96.2952101,32.9795095,168.592590332031,140.371709453905,1724425178053,5,-90,-13,-57,3,3f,NaN,0.01097551752431,68.7942359238686
43510,267.92,1,-96.2952101,32.9795095987052,168.592559814453,140.371709453905,1724425179059,5,-91,-12,-59,3,3f,NaN,0.000143975270089371,68.7943798991386
43511,267.92,1,-96.2952101,32.9795096,168.592559814453,140.371709453905,1724425180060,5,-91,-12,-59,3,3f,NaN,0,68.7943798991386
43512,267.92,1,-96.2952101,32.9795096,168.592559814453,140.371709453905,1724425181063,4,-92,-12,-63,3,3f,NaN,0,68.7943798991386
43513,267.92,1,-96.2952101,32.9795096,168.592559814453,140.371709453905,1724425182064,4,-92,-12,-63,3,3f,NaN,0,68.7943798991386
43514,267.92,1,-96.2952101,32.9795096,168.592559814453,140.371709453905,1724425183063,4,-90,-12,-61,3,3f,NaN,0,68.7943798991386
43515,267.92,1,-96.2952101,32.9795096,168.592559814453,140.371709453905,1724425184065,4,-90,-12,-61,3,3f,NaN,0.00526322301288639,68.7996431221515
43516,267.92,1,-96.2952101,32.9795095526667,168.592575073242,140.431926327287,1724425185071,4,-91,-12,-61,3,3f,NaN,0.00530558829331938,68.8049487104449
43517,267.92,1,-96.2952101,32.9795095049524,168.592590332031,140.492627843513,1724425186073,4,-91,-12,-61,3,3f,NaN,0.000550681488193573,68.8054993919331
43518,267.92,1,-96.2952101,32.9795095,168.592590332031,140.498928200487,1724425187075,5,-92,-12,-63,3,3f,NaN,0,68.8054993919331
43519,267.92,1,-96.2952101,32.9795095,168.592590332031,140.498928200487,1724425188082,5,-92,-12,-63,3,3f,NaN,0,68.8054993919331
43520,267.92,1,-96.2952101,32.9795095,168.592590332031,140.498928200487,1724425189081,5,-92,-13,-65,3,3f,NaN,0,68.8054993919331
43521,267.92,1,-96.2952101,32.9795095,168.592590332031,140.498928200487,1724425190083,5,-92,-13,-65,3,3f,NaN,0,68.8054993919331
43522,267.92,1,-96.2952101,32.9795095,168.592590332031,140.498928200487,1724425191080,4,-91,-13,-59,3,3f,NaN,0,68.8054993919331
43523,267.92,1,-96.2952101,32.9795095,168.592590332031,140.498928200487,1724425192084,4,-91,-13,-59,3,3f,NaN,0,68.8054993919331
43524,267.92,1,-96.2952101,32.9795095,168.592590332031,140.498928200487,1724425193084,5,-91,-12,-61,3,3f,NaN,0,68.8054993919331
43525,267.92,1,-96.2952101,32.9795095,168.592590332031,140.498928200487,1724425194090,5,-91,-12,-61,3,3f,NaN,0,68.8054993919331
43526,267.92,1,-96.2952101,32.9795095,168.592590332031,140.498928200487,1724425195091,5,-91,-13,-59,3,3f,NaN,0.00305670612712838,68.8085560980602
43527,267.92,1,-96.29521006723,32.9795095,168.592575073242,140.446442500693,1724425196094,5,-91,-13,-59,3,3f,NaN,0.00309689029416679,68.8116529883544
43528,267.92,1,-96.2952100340292,32.9795095,168.592559814453,140.393266897868,1724425197096,5,-91,-12,-57,3,3f,NaN,0.00309688896861287,68.814749877323
43529,267.92,1,-96.2952100008284,32.9795095,168.592544555664,140.340091295043,1724425198098,5,-91,-12,-57,3,3f,NaN,7.72718401232714e-05,68.8148271491631
43530,267.92,1,-96.29521,32.9795095,168.592544555664,140.338764558446,1724425199104,5,-90,-13,-57,3,3f,NaN,0,68.8148271491631
43531,267.92,1,-96.29521,32.9795095,168.592544555664,140.338764558446,1724425200105,5,-90,-13,-57,3,3f,NaN,0,68.8148271491631
43532,267.92,1,-96.29521,32.9795095,168.592544555664,140.338764558446,1724425201107,4,-90,-13,-61,3,3f,NaN,0,68.8148271491631
43533,267.92,1,-96.29521,32.9795095,168.592544555664,140.338764558446,1724425202109,4,-90,-13,-61,3,3f,NaN,0,68.8148271491631
43534,267.92,1,-96.29521,32.9795095,168.592544555664,140.338764558446,1724425203110,5,-91,-12,-61,3,3f,NaN,0,68.8148271491631
43535,267.92,1,-96.29521,32.9795095,168.592544555664,140.338764558446,1724425204112,5,-91,-12,-61,3,3f,NaN,0,68.8148271491631
43536,267.92,1,-96.29521,32.9795095,168.592544555664,140.338764558446,1724425205113,6,-91,-12,-59,3,3f,NaN,0.00881153086091464,68.823638680024
43537,267.92,1,-96.2952100944657,32.9795095,168.592590332031,140.396795620928,1724425206117,6,-91,-12,-59,3,3f,NaN,0.00891832411235615,68.8325570041364
43538,267.92,1,-96.2952101900763,32.9795095,168.592636108398,140.455530090229,1724425207119,6,-92,-12,-61,3,3f,NaN,0.000925658161237908,68.8334826622976
43539,267.92,1,-96.2952102,32.9795095,168.592651367188,140.461626282651,1724425208120,6,-92,-12,-61,3,3f,NaN,0,68.8334826622976
43540,267.92,1,-96.2952102,32.9795095,168.592651367188,140.461626282651,1724425209122,6,-91,-12,-63,3,3f,NaN,0,68.8334826622976
43541,267.92,1,-96.2952102,32.9795095,168.592651367188,140.461626282651,1724425210122,6,-91,-12,-63,3,3f,NaN,0,68.8334826622976
43542,267.92,1,-96.2952102,32.9795095,168.592651367188,140.461626282651,1724425211132,6,-91,-12,-63,3,3f,NaN,0.0092064955575697,68.8426891578552
43543,267.92,1,-96.2952102987,32.9795095,168.592697143555,140.461626282651,1724425212133,6,-91,-12,-63,3,3f,NaN,0.000121260346907688,68.8428104182021
43544,267.92,1,-96.2952103,32.9795095,168.592697143555,140.461626282651,1724425213134,6,-90,-12,-59,3,3f,NaN,0,68.8428104182021
43545,267.92,1,-96.2952103,32.9795095,168.592697143555,140.461626282651,1724425214137,6,-90,-12,-59,3,3f,NaN,0,68.8428104182021
43546,267.92,1,-96.2952103,32.9795095,168.592697143555,140.461626282651,1724425215137,6,-90,-12,-59,3,3f,NaN,0,68.8428104182021
43547,267.92,1,-96.2952103,32.9795095,168.592697143555,140.461626282651,1724425216139,6,-90,-12,-59,3,3f,NaN,0,68.8428104182021
43548,267.92,1,-96.2952103,32.9795095,168.592697143555,140.461626282651,1724425217143,5,-90,-12,-57,3,3f,NaN,0.0114678134350986,68.8542782316372
43549,267.92,1,-96.2952102524472,32.9795094048944,168.592712402344,140.366343974066,1724425218146,5,-90,-12,-57,3,3f,NaN,0.0115835225863305,68.8658617542235
43550,267.92,1,-96.2952102044146,32.9795093088292,168.592727661133,140.270100189108,1724425219147,6,-90,-12,-59,3,3f,NaN,0.00106462364078193,68.8669263778643
43551,267.92,1,-96.2952102,32.9795093,168.592742919922,140.261254606474,1724425220150,6,-90,-12,-59,3,3f,NaN,0,68.8669263778643
43552,267.92,1,-96.2952102,32.9795093,168.592742919922,140.261254606474,1724425221150,6,-89,-12,-55,3,3f,NaN,0,68.8669263778643
43553,267.92,1,-96.2952102,32.9795093,168.592742919922,140.261254606474,1724425222154,6,-89,-12,-55,3,3f,NaN,0,68.8669263778643
43554,267.92,1,-96.2952102,32.9795093,168.592742919922,140.261254606474,1724425223159,5,-91,-13,-59,3,3f,NaN,0,68.8669263778643
43555,267.92,1,-96.2952102,32.9795093,168.592742919922,140.261254606474,1724425224160,5,-91,-13,-59,3,3f,NaN,0,68.8669263778643
43556,267.92,1,-96.2952102,32.9795093,168.592742919922,140.261254606474,1724425225158,5,-90,-12,-61,3,3f,NaN,0,68.8669263778643
43557,267.92,1,-96.2952102,32.9795093,168.592742919922,140.261254606474,1724425226160,5,-90,-12,-61,3,3f,NaN,0,68.8669263778643
43558,267.92,1,-96.2952102,32.9795093,168.592742919922,140.261254606474,1724425227163,5,-90,-12,-61,3,3f,NaN,0.00526937147360756,68.8721957493379
43559,267.92,1,-96.2952102,32.9795092526114,168.592758178711,140.268545739963,1724425228165,5,-90,-12,-61,3,3f,NaN,0.00534396126174722,68.8775397105996
43560,267.92,1,-96.2952102,32.979509204552,168.5927734375,140.275940084644,1724425229168,4,-90,-13,-59,3,3f,NaN,0.000506159268957093,68.8780458698686
43561,267.92,1,-96.2952102,32.9795092,168.5927734375,140.276640446304,1724425230170,4,-90,-13,-59,3,3f,NaN,0,68.8780458698686
43562,267.92,1,-96.2952102,32.9795092,168.5927734375,140.276640446304,1724425231168,5,-89,-13,-55,3,3f,NaN,0,68.8780458698686
43563,267.92,1,-96.2952102,32.9795092,168.5927734375,140.276640446304,1724425232176,5,-89,-13,-55,3,3f,NaN,0,68.8780458698686
43564,267.92,1,-96.2952102,32.9795092,168.5927734375,140.276640446304,1724425233178,4,-90,-12,-59,3,3f,NaN,0,68.8780458698686
43565,267.92,1,-96.2952102,32.9795092,168.5927734375,140.276640446304,1724425234179,4,-90,-12,-59,3,3f,NaN,0,68.8780458698686
43566,267.92,1,-96.2952102,32.9795092,168.5927734375,140.276640446304,1724425235184,4,-90,-12,-59,3,3f,NaN,0,68.8780458698686
43567,267.92,1,-96.2952102,32.9795092,168.5927734375,140.276640446304,1724425236186,4,-90,-12,-59,3,3f,NaN,0,68.8780458698686
43568,267.92,1,-96.2952102,32.9795092,168.5927734375,140.276640446304,1724425237191,4,-91,-12,-61,3,3f,NaN,0,68.8780458698686
43569,267.92,1,-96.2952102,32.9795092,168.5927734375,140.276640446304,1724425238194,4,-91,-12,-61,3,3f,NaN,0.0157252310844705,68.8937711009531
43570,267.92,1,-96.2952102,32.9795090585796,168.592849731445,140.270361785118,1724425239196,4,-91,-12,-63,3,3f,NaN,0.015916030888695,68.9096871318417
43571,267.92,1,-96.2952102,32.9795089154433,168.592910766602,140.264006941997,1724425240197,4,-91,-12,-63,3,3f,NaN,0.00171721641003261,68.9114043482518
43572,267.92,1,-96.2952102,32.9795089,168.592910766602,140.263321304577,1724425241196,6,-91,-13,-57,3,3f,NaN,0,68.9114043482518
43573,267.92,1,-96.2952102,32.9795089,168.592910766602,140.263321304577,1724425242205,6,-91,-13,-57,3,3f,NaN,0,68.9114043482518
43574,267.92,1,-96.2952102,32.9795089,168.592910766602,140.263321304577,1724425243205,5,-90,-13,-59,3,3f,NaN,0.0109859253466024,68.9223902735984
43575,267.92,1,-96.2952102,32.9795088012012,168.592956542969,140.263321304577,1724425244206,5,-90,-13,-59,3,3f,NaN,0.000133567447796915,68.9225238410462
43576,267.92,1,-96.2952102,32.9795088,168.592956542969,140.263321304577,1724425245209,5,-89,-12,-59,3,3f,NaN,0,68.9225238410462
43577,267.92,1,-96.2952102,32.9795088,168.592956542969,140.263321304577,1724425246216,5,-89,-12,-59,3,3f,NaN,0,68.9225238410462
43578,267.92,1,-96.2952102,32.9795088,168.592956542969,140.263321304577,1724425247215,6,-90,-12,-59,3,3f,NaN,0,68.9225238410462
43579,267.92,1,-96.2952102,32.9795088,168.592956542969,140.263321304577,1724425248217,6,-90,-12,-59,3,3f,NaN,0.00687641132452664,68.9294002523707
43580,267.92,1,-96.2952102473784,32.9795087526215,168.593002319336,140.298027836205,1724425249223,6,-91,-11,-59,3,3f,NaN,0.00691100055748778,68.9363112529282
43581,267.92,1,-96.2952102949953,32.9795087050048,168.593048095703,140.332908947973,1724425250222,6,-91,-11,-59,3,3f,NaN,0.000726379893326219,68.9370376328215
43582,267.92,1,-96.2952103,32.9795087,168.593048095703,140.336575130891,1724425251225,6,-91,-11,-59,3,3f,NaN,0,68.9370376328215
43583,267.92,1,-96.2952103,32.9795087,168.593048095703,140.336575130891,1724425252225,6,-90,-12,-57,3,3f,NaN,0,68.9370376328215
43584,267.92,1,-96.2952103,32.9795087,168.593048095703,140.336575130891,1724425253227,6,-90,-12,-57,3,3f,NaN,0,68.9370376328215
43585,267.92,1,-96.2952103,32.9795087,168.593048095703,140.336575130891,1724425254227,5,-90,-12,-57,3,3f,NaN,0,68.9370376328215
43586,267.92,1,-96.2952103,32.9795087,168.593048095703,140.336575130891,1724425255235,5,-90,-12,-57,3,3f,NaN,0,68.9370376328215
43587,267.92,1,-96.2952103,32.9795087,168.593048095703,140.336575130891,1724425256238,5,-91,-12,-63,3,3f,NaN,0,68.9370376328215
43588,267.92,1,-96.2952103,32.9795087,168.593048095703,140.336575130891,1724425257240,5,-91,-12,-63,3,3f,NaN,0,68.9370376328215
43589,267.92,1,-96.2952103,32.9795087,168.593048095703,140.336575130891,1724425258241,5,-91,-12,-63,3,3f,NaN,0,68.9370376328215
43590,267.92,1,-96.2952103,32.9795087,168.593048095703,140.336575130891,1724425259242,6,-91,-13,-59,3,3f,NaN,0.0157027807489022,68.9527404135704
43591,267.92,1,-96.2952103,32.9795085587815,168.593109130859,140.34100680748,1724425260243,6,-91,-13,-59,3,3f,NaN,0.0159250592182582,68.9686654727887
43592,267.92,1,-96.2952103,32.979508415564,168.593170166016,140.345501217609,1724425261246,5,-90,-13,-59,3,3f,NaN,0.00173063762595017,68.9703961104146
43593,267.92,1,-96.2952103,32.9795084,168.593185424805,140.345989643037,1724425262249,5,-90,-13,-59,3,3f,NaN,0,68.9703961104146
43594,267.92,1,-96.2952103,32.9795084,168.593185424805,140.345989643037,1724425263247,5,-90,-12,-59,3,3f,NaN,0,68.9703961104146
43595,267.92,1,-96.2952103,32.9795084,168.593185424805,140.345989643037,1724425264256,5,-90,-12,-59,3,3f,NaN,0,68.9703961104146
43596,267.92,1,-96.2952103,32.9795084,168.593185424805,140.345989643037,1724425265254,4,-90,-12,-59,3,3f,NaN,0.0109541906931295,68.9813503011078
43597,267.92,1,-96.2952103,32.9795083014866,168.593231201172,140.345989643037,1724425266262,4,-90,-12,-59,3,3f,NaN,0.000165302101269834,68.981515603209
43598,267.92,1,-96.2952103,32.9795083,168.593231201172,140.345989643037,1724425267263,4,-90,-13,-59,3,3f,NaN,0,68.981515603209
43599,267.92,1,-96.2952103,32.9795083,168.593231201172,140.345989643037,1724425268266,4,-90,-13,-59,3,3f,NaN,0,68.981515603209
43600,267.92,1,-96.2952103,32.9795083,168.593231201172,140.345989643037,1724425269269,5,-90,-13,-57,3,3f,NaN,0,68.981515603209
43601,267.92,1,-96.2952103,32.9795083,168.593231201172,140.345989643037,1724425270269,5,-90,-13,-57,3,3f,NaN,0.00524173974438612,68.9867573429534
43602,267.92,1,-96.2952103,32.9795082528599,168.593246459961,140.248024262039,1724425271270,4,-90,-12,-59,3,3f,NaN,0.00532124466670033,68.9920785876201
43603,267.92,1,-96.2952103,32.9795082050048,168.59326171875,140.148573056252,1724425272274,4,-90,-12,-59,3,3f,NaN,0.000556508383312898,68.9926350960034
43604,267.92,1,-96.2952103,32.9795082,168.593276977539,140.138172282739,1724425273272,5,-90,-12,-59,3,3f,NaN,0,68.9926350960034
43605,267.92,1,-96.2952103,32.9795082,168.593276977539,140.138172282739,1724425274281,5,-90,-12,-59,3,3f,NaN,0,68.9926350960034
43606,267.92,1,-96.2952103,32.9795082,168.593276977539,140.138172282739,1724425275281,4,-90,-12,-59,3,3f,NaN,0,68.9926350960034
43607,267.92,1,-96.2952103,32.9795082,168.593276977539,140.138172282739,1724425276287,4,-90,-12,-59,3,3f,NaN,0,68.9926350960034
43608,267.92,1,-96.2952103,32.9795082,168.593276977539,140.138172282739,1724425277286,6,-90,-12,-61,3,3f,NaN,0,68.9926350960034
43609,267.92,1,-96.2952103,32.9795082,168.593276977539,140.138172282739,1724425278288,6,-90,-12,-61,3,3f,NaN,0,68.9926350960034
43610,267.92,1,-96.2952103,32.9795082,168.593276977539,140.138172282739,1724425279293,6,-90,-13,-59,3,3f,NaN,0,68.9926350960034
43611,267.92,1,-96.2952103,32.9795082,168.593276977539,140.138172282739,1724425280295,6,-90,-13,-59,3,3f,NaN,0,68.9926350960034
43612,267.92,1,-96.2952103,32.9795082,168.593276977539,140.169350149973,1724425281295,6,-90,-14,-59,3,3f,NaN,0,68.9926350960034
43613,267.92,1,-96.2952103,32.9795082,168.593276977539,140.201001844976,1724425282297,6,-90,-14,-59,3,3f,NaN,0,68.9926350960034
43614,267.92,1,-96.2952103,32.9795082,168.593276977539,140.204160696773,1724425283302,6,-90,-13,-59,3,3f,NaN,0,68.9926350960034
43615,267.92,1,-96.2952103,32.9795082,168.593276977539,140.204160696773,1724425284302,6,-90,-13,-59,3,3f,NaN,0,68.9926350960034
43616,267.92,1,-96.2952103,32.9795082,168.593276977539,140.204160696773,1724425285303,6,-90,-12,-59,3,3f,NaN,0,68.9926350960034
43617,267.92,1,-96.2952103,32.9795082,168.593276977539,140.204160696773,1724425286305,6,-90,-12,-59,3,3f,NaN,0,68.9926350960034
43618,267.92,1,-96.2952103,32.9795082,168.593276977539,140.204160696773,1724425287305,6,-90,-12,-59,3,3f,NaN,0,68.9926350960034
43619,267.92,1,-96.2952103,32.9795082,168.593276977539,140.204160696773,1724425288315,6,-90,-12,-59,3,3f,NaN,0,68.9926350960034
43620,267.92,1,-96.2952103,32.9795082,168.593276977539,140.204160696773,1724425289315,6,-90,-11,-59,3,3f,NaN,0,68.9926350960034
43621,267.92,1,-96.2952103,32.9795082,168.593276977539,140.204160696773,1724425290316,6,-90,-11,-59,3,3f,NaN,0.00849431628358867,69.001129412287
43622,267.92,1,-96.2952102647772,32.9795081295544,168.593276977539,140.216991296766,1724425291320,6,-89,-12,-57,3,3f,NaN,0.00861468910190628,69.0097441013889
43623,267.92,1,-96.2952102290553,32.9795080581105,168.593292236328,140.23000370688,1724425292322,6,-89,-12,-57,3,3f,NaN,0.00700695360124348,69.0167510549902
43624,267.92,1,-96.2952102,32.979508,168.593307495117,140.240587653231,1724425293322,6,-90,-13,-59,3,3f,NaN,0,69.0167510549902
43625,267.92,1,-96.2952102,32.979508,168.593307495117,140.240587653231,1724425294328,6,-90,-13,-59,3,3f,NaN,0,69.0167510549902
43626,267.92,1,-96.2952102,32.979508,168.593307495117,140.240587653231,1724425295327,6,-91,-10,-63,3,3f,NaN,0,69.0167510549902
43627,267.92,1,-96.2952102,32.979508,168.593307495117,140.240587653231,1724425296329,6,-91,-10,-63,3,3f,NaN,0,69.0167510549902
43628,267.92,1,-96.2952102,32.979508,168.593307495117,140.240587653231,1724425297333,5,-91,-12,-59,3,3f,NaN,0,69.0167510549902
43629,267.92,1,-96.2952102,32.979508,168.593307495117,140.240587653231,1724425298332,5,-91,-12,-59,3,3f,NaN,0,69.0167510549902
43630,267.92,1,-96.2952102,32.979508,168.593307495117,140.240587653231,1724425299333,5,-91,-12,-59,3,3f,NaN,0,69.0167510549902
43631,267.92,1,-96.2952102,32.979508,168.593307495117,140.240587653231,1724425300339,5,-91,-11,-63,3,3f,NaN,0,69.0167510549902
43632,267.92,1,-96.2952102,32.979508,168.593307495117,140.240587653231,1724425301341,5,-91,-11,-63,3,3f,NaN,0,69.0167510549902
43633,267.92,1,-96.2952102,32.979508,168.593307495117,140.240587653231,1724425302348,5,-92,-12,-61,3,3f,NaN,0.00516894157841203,69.0219199965686
43634,267.92,1,-96.295210164386,32.979508035614,168.593276977539,140.201905400716,1724425303350,5,-92,-12,-61,3,3f,NaN,0.00522642547365224,69.0271464220422
43635,267.92,1,-96.295210128376,32.9795080716241,168.593246459961,140.162792910812,1724425304350,4,-91,-12,-57,3,3f,NaN,0.00411842416544347,69.0312648462077
43636,267.92,1,-96.2952101,32.9795081,168.593215942383,140.131972268767,1724425305351,4,-91,-12,-57,3,3f,NaN,0,69.0312648462077
43637,267.92,1,-96.2952101,32.9795081,168.593215942383,140.131972268767,1724425306353,6,-93,-12,-57,3,3f,NaN,0,69.0312648462077
43638,267.92,1,-96.2952101,32.9795081,168.593215942383,140.131972268767,1724425307356,6,-93,-12,-57,3,3f,NaN,0,69.0312648462077
43639,267.92,1,-96.2952101,32.9795081,168.593215942383,140.131972268767,1724425308358,6,-91,-12,-59,3,3f,NaN,0,69.0312648462077
43640,267.92,1,-96.2952101,32.9795081,168.593215942383,140.131972268767,1724425309357,6,-91,-12,-59,3,3f,NaN,0,69.0312648462077
43641,267.92,1,-96.2952101,32.9795081,168.593215942383,140.131972268767,1724425310357,4,-92,-12,-61,3,3f,NaN,0,69.0312648462077
43642,267.92,1,-96.2952101,32.9795081,168.593215942383,140.131972268767,1724425311365,4,-92,-12,-61,3,3f,NaN,0,69.0312648462077
43643,267.92,1,-96.2952101,32.9795081,168.593215942383,140.131972268767,1724425312366,5,-92,-12,-65,3,3f,NaN,0,69.0312648462077
43644,267.92,1,-96.2952101,32.9795081,168.593215942383,140.131972268767,1724425313374,5,-92,-12,-65,3,3f,NaN,0.00525986514112271,69.0365247113488
43645,267.92,1,-96.2952101,32.9795081473031,168.593200683594,140.135448121533,1724425314378,5,-91,-11,-63,3,3f,NaN,0.0053182533955245,69.0418429647443
43646,267.92,1,-96.2952101,32.9795081951313,168.593170166016,140.138962555915,1724425315380,5,-91,-11,-63,3,3f,NaN,0.00054137425775213,69.0423843390021
43647,267.92,1,-96.2952101,32.9795082,168.593170166016,140.139320312708,1724425316382,5,-91,-12,-59,3,3f,NaN,0,69.0423843390021
43648,267.92,1,-96.2952101,32.9795082,168.593170166016,140.139320312708,1724425317380,5,-91,-12,-59,3,3f,NaN,0,69.0423843390021
43649,267.92,1,-96.2952101,32.9795082,168.593170166016,140.139320312708,1724425318383,6,-91,-14,-59,3,3f,NaN,0,69.0423843390021
43650,267.92,1,-96.2952101,32.9795082,168.593170166016,140.139320312708,1724425319386,6,-91,-14,-59,3,3f,NaN,0,69.0423843390021
43651,267.92,1,-96.2952101,32.9795082,168.593170166016,140.139320312708,1724425320387,6,-90,-12,-61,3,3f,NaN,0,69.0423843390021
43652,267.92,1,-96.2952101,32.9795082,168.593170166016,140.139320312708,1724425321396,6,-90,-12,-61,3,3f,NaN,0,69.0423843390021
43653,267.92,1,-96.2952101,32.9795082,168.593170166016,140.139320312708,1724425322398,7,-92,-12,-61,3,3f,NaN,0,69.0423843390021
43654,267.92,1,-96.2952101,32.9795082,168.593170166016,140.139320312708,1724425323397,7,-92,-12,-61,3,3f,NaN,0,69.0423843390021
43655,267.92,1,-96.2952101,32.9795082,168.593170166016,140.139320312708,1724425324398,7,-92,-12,-61,3,3f,NaN,0.00685663408728828,69.0492409730894
43656,267.92,1,-96.2952101472422,32.9795081527578,168.593215942383,140.044073956698,1724425325399,7,-92,-12,-61,3,3f,NaN,0.00698193302356289,69.0562229061129
43657,267.92,1,-96.2952101953477,32.9795081046523,168.59326171875,139.947087058142,1724425326402,7,-92,-12,-61,3,3f,NaN,0.000675224705169043,69.0568981308181
43658,267.92,1,-96.2952102,32.9795081,168.59326171875,139.937707467753,1724425327401,8,-92,-13,-61,3,3f,NaN,0,69.0568981308181
43659,267.92,1,-96.2952102,32.9795081,168.59326171875,139.937707467753,1724425328408,8,-92,-13,-61,3,3f,NaN,0,69.0568981308181
43660,267.92,1,-96.2952102,32.9795081,168.59326171875,139.937707467753,1724425329406,8,-91,-13,-59,3,3f,NaN,0,69.0568981308181
43661,267.92,1,-96.2952102,32.9795081,168.59326171875,139.937707467753,1724425330414,8,-91,-13,-59,3,3f,NaN,0,69.0568981308181
43662,267.92,1,-96.2952102,32.9795081,168.59326171875,139.937707467753,1724425331415,6,-90,-14,-57,3,3f,NaN,0,69.0568981308181
43663,267.92,1,-96.2952102,32.9795081,168.59326171875,139.937707467753,1724425332422,6,-90,-14,-57,3,3f,NaN,0,69.0568981308181
43664,267.92,1,-96.2952102,32.9795081,168.59326171875,139.937707467753,1724425333420,6,-91,-13,-61,3,3f,NaN,0,69.0568981308181
43665,267.92,1,-96.2952102,32.9795081,168.59326171875,139.937707467753,1724425334423,6,-91,-13,-61,3,3f,NaN,0.0163253782730179,69.0732235090911
43666,267.92,1,-96.2952101528687,32.979508241394,168.593185424805,140.141995563934,1724425335428,7,-91,-14,-59,3,3f,NaN,0.0164732028603907,69.0896967119515
43667,267.92,1,-96.2952101053106,32.9795083840683,168.59309387207,140.348133351127,1724425336431,7,-91,-14,-59,3,3f,NaN,0.00183947759856216,69.0915361895501
43668,267.92,1,-96.2952101,32.9795084,168.593078613281,140.371151728161,1724425337431,6,-91,-12,-61,3,3f,NaN,0,69.0915361895501
43669,267.92,1,-96.2952101,32.9795084,168.593078613281,140.371151728161,1724425338434,6,-91,-12,-61,3,3f,NaN,0,69.0915361895501
43670,267.92,1,-96.2952101,32.9795084,168.593078613281,140.371151728161,1724425339438,5,-90,-13,-59,3,3f,NaN,0.0109535341304388,69.1024897236805
43671,267.92,1,-96.2952101,32.9795084985075,168.593032836914,140.371151728161,1724425340439,5,-90,-13,-59,3,3f,NaN,0.000165958663960568,69.1026556823445
43672,267.92,1,-96.2952101,32.9795085,168.593032836914,140.371151728161,1724425341440,6,-91,-14,-59,3,3f,NaN,0,69.1026556823445
43673,267.92,1,-96.2952101,32.9795085,168.593032836914,140.371151728161,1724425342440,6,-91,-14,-59,3,3f,NaN,0,69.1026556823445
43674,267.92,1,-96.2952101,32.9795085,168.593032836914,140.371151728161,1724425343448,5,-91,-12,-59,3,3f,NaN,0,69.1026556823445
43675,267.92,1,-96.2952101,32.9795085,168.593032836914,140.371151728161,1724425344450,5,-91,-12,-59,3,3f,NaN,0.0165537357802449,69.1192094181247
43676,267.92,1,-96.2952101477906,32.9795083566282,168.593124389648,140.134925642172,1724425345456,4,-91,-13,-59,3,3f,NaN,0.0166202755401513,69.1358296936649
43677,267.92,1,-96.2952101957733,32.9795082126801,168.593215942383,139.897749903577,1724425346455,4,-91,-13,-59,3,3f,NaN,0.00146404740872732,69.1372937410736
43678,267.92,1,-96.2952102,32.9795082,168.593215942383,139.876857546223,1724425347456,4,-90,-13,-57,3,3f,NaN,0,69.1372937410736
43679,267.92,1,-96.2952102,32.9795082,168.593215942383,139.876857546223,1724425348457,4,-90,-13,-57,3,3f,NaN,0,69.1372937410736
43680,267.92,1,-96.2952102,32.9795082,168.593215942383,139.876857546223,1724425349455,4,-89,-12,-57,3,3f,NaN,0,69.1372937410736
43681,267.92,1,-96.2952102,32.9795082,168.593215942383,139.876857546223,1724425350455,4,-89,-12,-57,3,3f,NaN,0.0109207312787013,69.1482144723523
43682,267.92,1,-96.2952102,32.9795081017875,168.59326171875,139.876857546223,1724425351455,4,-89,-13,-59,3,3f,NaN,0.000198761515698074,69.148413233868
43683,267.92,1,-96.2952102,32.9795081,168.59326171875,139.876857546223,1724425352465,4,-89,-13,-59,3,3f,NaN,0,69.148413233868
43684,267.92,1,-96.2952102,32.9795081,168.59326171875,139.876857546223,1724425353466,5,-91,-13,-59,3,3f,NaN,0,69.148413233868
43685,267.92,1,-96.2952102,32.9795081,168.59326171875,139.876857546223,1724425354472,5,-91,-13,-59,3,3f,NaN,0,69.148413233868
43686,267.92,1,-96.2952102,32.9795081,168.59326171875,139.876857546223,1724425355471,5,-89,-12,-57,3,3f,NaN,0.00528429464581282,69.1536975285138
43687,267.92,1,-96.2952102,32.9795081475228,168.593246459961,140.019702480376,1724425356475,5,-89,-12,-57,3,3f,NaN,0.00535918387710506,69.1590567123909
43688,267.92,1,-96.2952102,32.9795081957191,168.593215942383,140.16457153303,1724425357477,4,-89,-14,-57,3,3f,NaN,0.000476014271481473,69.1595327266624
43689,267.92,1,-96.2952102,32.9795082,168.593215942383,140.177439143495,1724425358484,4,-89,-14,-57,3,3f,NaN,0,69.1595327266624
43690,267.92,1,-96.2952102,32.9795082,168.593215942383,140.177439143495,1724425359481,4,-89,-13,-57,3,3f,NaN,0,69.1595327266624
43691,267.92,1,-96.2952102,32.9795082,168.593215942383,140.177439143495,1724425360486,4,-89,-13,-57,3,3f,NaN,0,69.1595327266624
43692,267.92,1,-96.2952102,32.9795082,168.593215942383,140.177439143495,1724425361485,5,-89,-13,-57,3,3f,NaN,0,69.1595327266624
43693,267.92,1,-96.2952102,32.9795082,168.593215942383,140.177439143495,1724425362489,5,-89,-13,-57,3,3f,NaN,0,69.1595327266624
43694,267.92,1,-96.2952102,32.9795082,168.593215942383,140.177439143495,1724425363490,4,-90,-14,-57,3,3f,NaN,0,69.1595327266624
43695,267.92,1,-96.2952102,32.9795082,168.593215942383,140.177439143495,1724425364496,4,-90,-14,-57,3,3f,NaN,0,69.1595327266624
43696,267.92,1,-96.2952102,32.9795082,168.593215942383,140.177439143495,1724425365495,5,-89,-12,-59,3,3f,NaN,0,69.1595327266624
43697,267.92,1,-96.2952102,32.9795082,168.593215942383,140.177439143495,1724425366504,5,-89,-12,-59,3,3f,NaN,0.00819923026603056,69.1677319569284
43698,267.92,1,-96.2952102755063,32.9795081622468,168.593276977539,140.202022320213,1724425367503,4,-90,-14,-57,3,3f,NaN,0.00829881429667668,69.1760307712251
43699,267.92,1,-96.2952103519297,32.9795081240351,168.593322753906,140.226904078024,1724425368503,4,-90,-14,-57,3,3f,NaN,0.00521995030235568,69.1812507215275
43700,267.92,1,-96.2952104,32.9795081,168.593368530273,140.242554703687,1724425369506,4,-90,-14,-57,3,3f,NaN,0,69.1812507215275
43701,267.92,1,-96.2952104,32.9795081,168.593368530273,140.242554703687,1724425370507,6,-89,-13,-57,3,3f,NaN,0,69.1812507215275
43702,267.92,1,-96.2952104,32.9795081,168.593368530273,140.242554703687,1724425371510,6,-89,-13,-57,3,3f,NaN,0,69.1812507215275
43703,267.92,1,-96.2952104,32.9795081,168.593368530273,140.242554703687,1724425372515,4,-89,-13,-59,3,3f,NaN,0,69.1812507215275
43704,267.92,1,-96.2952104,32.9795081,168.593368530273,140.242554703687,1724425373517,4,-89,-13,-59,3,3f,NaN,0,69.1812507215275
43705,267.92,1,-96.2952104,32.9795081,168.593368530273,140.242554703687,1724425374520,5,-90,-13,-59,3,3f,NaN,0,69.1812507215275
43706,267.92,1,-96.2952104,32.9795081,168.593368530273,140.242554703687,1724425375525,5,-90,-13,-59,3,3f,NaN,0,69.1812507215275
43707,267.92,1,-96.2952104,32.9795081,168.593368530273,140.242554703687,1724425376523,5,-88,-13,-57,3,3f,NaN,0,69.1812507215275
43708,267.92,1,-96.2952104,32.9795081,168.593368530273,140.242554703687,1724425377528,5,-88,-13,-57,3,3f,NaN,0.00884814147488144,69.1900988630024
43709,267.92,1,-96.2952104948582,32.9795081,168.593414306641,140.167126160333,1724425378528,5,-89,-13,-59,3,3f,NaN,0.00898262024759635,69.19908148325
43710,267.92,1,-96.2952105911581,32.9795081,168.593460083008,140.090551286532,1724425379530,5,-89,-13,-59,3,3f,NaN,0.000824751707825255,69.1999062349578
43711,267.92,1,-96.2952106,32.9795081,168.593460083008,140.083520459796,1724425380538,5,-88,-12,-59,3,3f,NaN,0,69.1999062349578
43712,267.92,1,-96.2952106,32.9795081,168.593460083008,140.083520459796,1724425381538,5,-88,-12,-59,3,3f,NaN,0,69.1999062349578
43713,267.92,1,-96.2952106,32.9795081,168.593460083008,140.083520459796,1724425382539,4,-89,-13,-55,3,3f,NaN,0,69.1999062349578
43714,267.92,1,-96.2952106,32.9795081,168.593460083008,140.083520459796,1724425383541,4,-89,-13,-55,3,3f,NaN,0,69.1999062349578
43715,267.92,1,-96.2952106,32.9795081,168.593460083008,140.083520459796,1724425384541,4,-89,-13,-59,3,3f,NaN,0,69.1999062349578
43716,267.92,1,-96.2952106,32.9795081,168.593460083008,140.083520459796,1724425385543,4,-89,-13,-59,3,3f,NaN,0,69.1999062349578
43717,267.92,1,-96.2952106,32.9795081,168.593460083008,140.083520459796,1724425386544,6,-89,-12,-61,3,3f,NaN,0,69.1999062349578
43718,267.92,1,-96.2952106,32.9795081,168.593460083008,140.083520459796,1724425387548,6,-89,-12,-61,3,3f,NaN,0,69.1999062349578
43719,267.92,1,-96.2952106,32.9795081,168.593460083008,140.083520459796,1724425388549,5,-89,-11,-61,3,3f,NaN,0,69.1999062349578
43720,267.92,1,-96.2952106,32.9795081,168.593460083008,140.083520459796,1724425389558,5,-89,-11,-61,3,3f,NaN,0.00682190368586448,69.2067281386437
43721,267.92,1,-96.2952106470029,32.9795081470029,168.593475341797,140.092694698099,1724425390560,6,-89,-13,-57,3,3f,NaN,0.00691165630444699,69.2136397949481
43722,267.92,1,-96.2952106946242,32.9795081946242,168.593475341797,140.101989650063,1724425391561,6,-89,-13,-57,3,3f,NaN,0.000780231825708575,69.2144200267738
43723,267.92,1,-96.2952107,32.9795082,168.593475341797,140.103038930355,1724425392560,6,-88,-12,-59,3,3f,NaN,0,69.2144200267738
43724,267.92,1,-96.2952107,32.9795082,168.593475341797,140.103038930355,1724425393562,6,-88,-12,-59,3,3f,NaN,0,69.2144200267738
43725,267.92,1,-96.2952107,32.9795082,168.593475341797,140.103038930355,1724425394568,6,-91,-13,-59,3,3f,NaN,0,69.2144200267738
43726,267.92,1,-96.2952107,32.9795082,168.593475341797,140.103038930355,1724425395568,6,-91,-13,-59,3,3f,NaN,0,69.2144200267738
43727,267.92,1,-96.2952107,32.9795082,168.593475341797,140.103038930355,1724425396575,6,-92,-13,-63,3,3f,NaN,0,69.2144200267738
43728,267.92,1,-96.2952107,32.9795082,168.593475341797,140.103038930355,1724425397576,6,-92,-13,-63,3,3f,NaN,0,69.2144200267738
43729,267.92,1,-96.2952107,32.9795082,168.593475341797,140.103038930355,1724425398577,6,-90,-13,-55,3,3f,NaN,0,69.2144200267738
43730,267.92,1,-96.2952107,32.9795082,168.593475341797,140.103038930355,1724425399578,6,-90,-13,-55,3,3f,NaN,0,69.2144200267738
43731,267.92,1,-96.2952107,32.9795082,168.593475341797,140.103038930355,1724425400579,6,-89,-12,-59,3,3f,NaN,0.0102038523203143,69.2246238790941
43732,267.92,1,-96.2952107939668,32.9795081530166,168.593536376953,140.245514538966,1724425401580,6,-89,-12,-59,3,3f,NaN,0.0103482851048508,69.234972164199
43733,267.92,1,-96.2952108892637,32.9795081053682,168.593612670898,140.390006991378,1724425402583,5,-89,-13,-55,3,3f,NaN,0.00116585743990507,69.2361380216389
43734,267.92,1,-96.2952109,32.9795081,168.593612670898,140.406285802069,1724425403584,5,-89,-13,-55,3,3f,NaN,0,69.2361380216389
43735,267.92,1,-96.2952109,32.9795081,168.593612670898,140.406285802069,1724425404586,6,-89,-11,-61,3,3f,NaN,0,69.2361380216389
43736,267.92,1,-96.2952109,32.9795081,168.593612670898,140.406285802069,1724425405585,6,-89,-11,-61,3,3f,NaN,0,69.2361380216389
43737,267.92,1,-96.2952109,32.9795081,168.593612670898,140.406285802069,1724425406590,6,-89,-13,-57,3,3f,NaN,0,69.2361380216389
43738,267.92,1,-96.2952109,32.9795081,168.593612670898,140.406285802069,1724425407594,6,-89,-13,-57,3,3f,NaN,0,69.2361380216389
43739,267.92,1,-96.2952109,32.9795081,168.593612670898,140.406285802069,1724425408594,6,-90,-12,-61,3,3f,NaN,0,69.2361380216389
43740,267.92,1,-96.2952109,32.9795081,168.593612670898,140.406285802069,1724425409601,6,-90,-12,-61,3,3f,NaN,0,69.2361380216389
43741,267.92,1,-96.2952109,32.9795081,168.593612670898,140.406285802069,1724425410600,5,-89,-12,-57,3,3f,NaN,0,69.2361380216389
43742,267.92,1,-96.2952109,32.9795081,168.593612670898,140.406285802069,1724425411603,5,-89,-12,-57,3,3f,NaN,0.00439946447966202,69.2405374861186
43743,267.92,1,-96.2952109471653,32.9795081,168.593643188477,140.171200118653,1724425412606,5,-89,-13,-59,3,3f,NaN,0.00445724007366851,69.2449947261922
43744,267.92,1,-96.29521099495,32.9795081,168.593658447266,139.933027451516,1724425413609,5,-89,-13,-59,3,3f,NaN,0.000471051499044025,69.2454657776913
43745,267.92,1,-96.295211,32.9795081,168.593658447266,139.90785666117,1724425414616,6,-89,-14,-57,3,3f,NaN,0,69.2454657776913
43746,267.92,1,-96.295211,32.9795081,168.593658447266,139.90785666117,1724425415617,6,-89,-14,-57,3,3f,NaN,0,69.2454657776913
43747,267.92,1,-96.295211,32.9795081,168.593658447266,139.90785666117,1724425416617,6,-88,-13,-55,3,3f,NaN,0,69.2454657776913
43748,267.92,1,-96.295211,32.9795081,168.593658447266,139.90785666117,1724425417622,6,-88,-13,-55,3,3f,NaN,0,69.2454657776913
43749,267.92,1,-96.295211,32.9795081,168.593658447266,139.90785666117,1724425418625,5,-89,-13,-59,3,3f,NaN,0,69.2454657776913
43750,267.92,1,-96.295211,32.9795081,168.593658447266,139.90785666117,1724425419624,5,-89,-13,-59,3,3f,NaN,0,69.2454657776913
43751,267.92,1,-96.295211,32.9795081,168.593658447266,139.90785666117,1724425420627,5,-89,-13,-59,3,3f,NaN,0,69.2454657776913
43752,267.92,1,-96.295211,32.9795081,168.593658447266,139.90785666117,1724425421630,5,-89,-13,-59,3,3f,NaN,0,69.2454657776913
43753,267.92,1,-96.295211,32.9795081,168.593658447266,139.90785666117,1724425422630,5,-89,-13,-59,3,3f,NaN,0.00683895756810183,69.2523047352594
43754,267.92,1,-96.2952110471204,32.9795081471204,168.593673706055,140.091656031749,1724425423630,5,-89,-13,-59,3,3f,NaN,0.00692185965966943,69.259226594919
43755,267.92,1,-96.295211094812,32.979508194812,168.593673706055,140.277683273487,1724425424632,6,-89,-13,-59,3,3f,NaN,0.000752975440158772,69.2599795703592
43756,267.92,1,-96.2952111,32.9795082,168.593673706055,140.297919769844,1724425425638,6,-89,-13,-59,3,3f,NaN,0,69.2599795703592
43757,267.92,1,-96.2952111,32.9795082,168.593673706055,140.297919769844,1724425426639,6,-90,-14,-57,3,3f,NaN,0,69.2599795703592
43758,267.92,1,-96.2952111,32.9795082,168.593673706055,140.297919769844,1724425427646,6,-90,-14,-57,3,3f,NaN,0,69.2599795703592
43759,267.92,1,-96.2952111,32.9795082,168.593673706055,140.297919769844,1724425428647,6,-90,-14,-57,3,3f,NaN,0,69.2599795703592
43760,267.92,1,-96.2952111,32.9795082,168.593673706055,140.297919769844,1724425429650,6,-90,-14,-57,3,3f,NaN,0,69.2599795703592
43761,267.92,1,-96.2952111,32.9795082,168.593673706055,140.297919769844,1724425430653,6,-89,-12,-59,3,3f,NaN,0,69.2599795703592
43762,267.92,1,-96.2952111,32.9795082,168.593673706055,140.297919769844,1724425431656,6,-89,-12,-59,3,3f,NaN,0,69.2599795703592
43763,267.92,1,-96.2952111,32.9795082,168.593673706055,140.297919769844,1724425432657,5,-89,-13,-57,3,3f,NaN,0,69.2599795703592
43764,267.92,1,-96.2952111,32.9795082,168.593673706055,140.297919769844,1724425433658,5,-89,-13,-57,3,3f,NaN,0.0288742698397794,69.288853840199
43765,267.92,1,-96.295211219731,32.9795084394619,168.593627929688,140.35519117093,1724425434660,7,-89,-13,-57,3,3f,NaN,0.029729575922906,69.3185834161219
43766,267.92,1,-96.2952113430086,32.9795086860171,168.59358215332,140.414159069087,1724425435668,7,-89,-13,-57,3,3f,NaN,0.013744033118386,69.3323274492403
43767,267.92,1,-96.2952114,32.9795088,168.593566894531,140.441420022004,1724425436670,7,-89,-13,-57,3,3f,NaN,0,69.3323274492403
43768,267.92,1,-96.2952114,32.9795088,168.593566894531,140.441420022004,1724425437673,7,-89,-13,-57,3,3f,NaN,0,69.3323274492403
43769,267.92,1,-96.2952114,32.9795088,168.593566894531,140.441420022004,1724425438673,6,-88,-13,-55,3,3f,NaN,0.0109538572762156,69.3432813065165
43770,267.92,1,-96.2952114,32.9795088985104,168.593521118164,140.441420022004,1724425439676,6,-88,-13,-55,3,3f,NaN,0.000165635518183781,69.3434469420347
43771,267.92,1,-96.2952114,32.9795089,168.593521118164,140.441420022004,1724425440679,5,-90,-13,-59,3,3f,NaN,0,69.3434469420347
43772,267.92,1,-96.2952114,32.9795089,168.593521118164,140.441420022004,1724425441680,5,-90,-13,-59,3,3f,NaN,0,69.3434469420347
43773,267.92,1,-96.2952114,32.9795089,168.593521118164,140.441420022004,1724425442680,6,-89,-13,-57,3,3f,NaN,0,69.3434469420347
43774,267.92,1,-96.2952114,32.9795089,168.593521118164,140.441420022004,1724425443681,6,-89,-13,-57,3,3f,NaN,0.013749176840272,69.357196118875
43775,267.92,1,-96.2952114947318,32.9795089947318,168.593521118164,140.346583422651,1724425444690,5,-89,-13,-61,3,3f,NaN,0.0139020930972287,69.3710982119722
43776,267.92,1,-96.2952115905172,32.9795090905172,168.593536376953,140.250692017846,1724425445690,5,-89,-13,-61,3,3f,NaN,0.00137631443103034,69.3724745264032
43777,267.92,1,-96.2952116,32.9795091,168.593536376953,140.24119876877,1724425446696,4,-89,-12,-59,3,3f,NaN,0,69.3724745264032
43778,267.92,1,-96.2952116,32.9795091,168.593536376953,140.24119876877,1724425447696,4,-89,-12,-59,3,3f,NaN,0,69.3724745264032
43779,267.92,1,-96.2952116,32.9795091,168.593536376953,140.24119876877,1724425448698,5,-90,-13,-57,3,3f,NaN,0.0109856582970363,69.3834601847002
43780,267.92,1,-96.2952116,32.9795091987964,168.593490600586,140.24119876877,1724425449697,5,-90,-13,-57,3,3f,NaN,0.000133834497363062,69.3835940191976
43781,267.92,1,-96.2952116,32.9795092,168.593490600586,140.24119876877,1724425450699,5,-90,-13,-59,3,3f,NaN,0,69.3835940191976
43782,267.92,1,-96.2952116,32.9795092,168.593490600586,140.24119876877,1724425451700,5,-90,-13,-59,3,3f,NaN,0,69.3835940191976
43783,267.92,1,-96.2952116,32.9795092,168.593490600586,140.24119876877,1724425452702,6,-89,-13,-61,3,3f,NaN,0,69.3835940191976
43784,267.92,1,-96.2952116,32.9795092,168.593490600586,140.24119876877,1724425453708,6,-89,-13,-61,3,3f,NaN,0,69.3835940191976
43785,267.92,1,-96.2952116,32.9795092,168.593490600586,140.24119876877,1724425454710,6,-89,-14,-57,3,3f,NaN,0.0164293847225161,69.4000234039201
43786,267.92,1,-96.2952116474316,32.9795093422948,168.593444824219,140.222456067945,1724425455711,6,-89,-14,-57,3,3f,NaN,0.0166122982042041,69.4166357021243
43787,267.92,1,-96.2952116953913,32.9795094861738,168.593414306641,140.203504693326,1724425456710,6,-89,-13,-57,3,3f,NaN,0.00159637501305887,69.4182320771374
43788,267.92,1,-96.2952117,32.9795095,168.593414306641,140.201683540209,1724425457712,6,-89,-13,-57,3,3f,NaN,0,69.4182320771374
43789,267.92,1,-96.2952117,32.9795095,168.593414306641,140.201683540209,1724425458714,6,-89,-12,-57,3,3f,NaN,0,69.4182320771374
43790,267.92,1,-96.2952117,32.9795095,168.593414306641,140.201683540209,1724425459718,6,-89,-12,-57,3,3f,NaN,0,69.4182320771374
43791,267.92,1,-96.2952117,32.9795095,168.593414306641,140.201683540209,1724425460719,6,-90,-14,-57,3,3f,NaN,0.0109973010260503,69.4292293781634
43792,267.92,1,-96.2952117,32.9795095989011,168.593368530273,140.201683540209,1724425461720,6,-90,-14,-57,3,3f,NaN,0.000122191768349047,69.4293515699318
43793,267.92,1,-96.2952117,32.9795096,168.593368530273,140.201683540209,1724425462725,6,-89,-12,-57,3,3f,NaN,0,69.4293515699318
43794,267.92,1,-96.2952117,32.9795096,168.593368530273,140.201683540209,1724425463727,6,-89,-12,-57,3,3f,NaN,0,69.4293515699318
43795,267.92,1,-96.2952117,32.9795096,168.593368530273,140.201683540209,1724425464733,6,-89,-14,-57,3,3f,NaN,0,69.4293515699318
43796,267.92,1,-96.2952117,32.9795096,168.593368530273,140.201683540209,1724425465736,6,-89,-14,-57,3,3f,NaN,0.018056869576055,69.4474084395079
43797,267.92,1,-96.2952118244118,32.9795097244118,168.593383789063,140.195533564383,1724425466736,6,-90,-13,-57,3,3f,NaN,0.0183129805861042,69.465721420094
43798,267.92,1,-96.2952119505882,32.9795098505882,168.593383789063,140.189296354858,1724425467737,6,-90,-13,-57,3,3f,NaN,0.00717152605852018,69.4728929461525
43799,267.92,1,-96.295212,32.9795099,168.593383789063,140.186853811268,1724425468739,6,-90,-13,-59,3,3f,NaN,0,69.4728929461525
43800,267.92,1,-96.295212,32.9795099,168.593383789063,140.186853811268,1724425469741,6,-90,-13,-59,3,3f,NaN,0,69.4728929461525
43801,267.92,1,-96.295212,32.9795099,168.593383789063,140.186853811268,1724425470747,6,-90,-13,-59,3,3f,NaN,0.0110082982535982,69.4839012444061
43802,267.92,1,-96.295212,32.979509999,168.593353271484,140.186853811268,1724425471751,6,-90,-13,-59,3,3f,NaN,0.000111194540801131,69.4840124389469
43803,267.92,1,-96.295212,32.97951,168.593353271484,140.186853811268,1724425472752,5,-89,-13,-59,3,3f,NaN,0,69.4840124389469
43804,267.92,1,-96.295212,32.97951,168.593353271484,140.186853811268,1724425473758,5,-89,-13,-59,3,3f,NaN,0,69.4840124389469
43805,267.92,1,-96.295212,32.97951,168.593353271484,140.186853811268,1724425474754,5,-89,-13,-57,3,3f,NaN,0,69.4840124389469
43806,267.92,1,-96.295212,32.97951,168.593353271484,140.186853811268,1724425475758,5,-89,-13,-57,3,3f,NaN,0.0121162878598083,69.4961287268067
43807,267.92,1,-96.2952120834812,32.9795100834812,168.593353271484,140.249603772177,1724425476758,4,-90,-13,-59,3,3f,NaN,0.0123124987661481,69.5084412255728
43808,267.92,1,-96.2952121683143,32.9795101683143,168.593353271484,140.313369926785,1724425477762,4,-90,-13,-59,3,3f,NaN,0.00459879674129912,69.5130400223141
43809,267.92,1,-96.2952122,32.9795102,168.593368530273,140.337186966604,1724425478763,5,-89,-14,-57,3,3f,NaN,0,69.5130400223141
43810,267.92,1,-96.2952122,32.9795102,168.593368530273,140.337186966604,1724425479766,5,-89,-14,-57,3,3f,NaN,0,69.5130400223141
43811,267.92,1,-96.2952122,32.9795102,168.593368530273,140.337186966604,1724425480772,6,-90,-13,-57,3,3f,NaN,0,69.5130400223141
43812,267.92,1,-96.2952122,32.9795102,168.593368530273,140.337186966604,1724425481774,6,-90,-13,-57,3,3f,NaN,0,69.5130400223141
43813,267.92,1,-96.2952122,32.9795102,168.593368530273,140.337186966604,1724425482775,6,-89,-13,-57,3,3f,NaN,0,69.5130400223141
43814,267.92,1,-96.2952122,32.9795102,168.593368530273,140.337186966604,1724425483780,6,-89,-13,-57,3,3f,NaN,0,69.5130400223141
43815,267.92,1,-96.2952122,32.9795102,168.593368530273,140.337186966604,1724425484779,5,-89,-13,-55,3,3f,NaN,0,69.5130400223141
43816,267.92,1,-96.2952122,32.9795102,168.593368530273,140.337186966604,1724425485781,5,-89,-13,-55,3,3f,NaN,0,69.5130400223141
43817,267.92,1,-96.2952122,32.9795102,168.593368530273,140.337186966604,1724425486785,5,-90,-13,-59,3,3f,NaN,0.0148512517156518,69.5278912740298
43818,267.92,1,-96.2952122428755,32.9795103286266,168.593322753906,140.37124404042,1724425487796,5,-90,-13,-59,3,3f,NaN,0.0148809838175239,69.5427722578473
43819,267.92,1,-96.2952122858369,32.9795104575107,168.593292236328,140.405369296566,1724425488797,5,-90,-13,-59,3,3f,NaN,0.00490582349601322,69.5476780813433
43820,267.92,1,-96.2952123,32.9795105,168.593292236328,140.41661938101,1724425489797,5,-90,-12,-61,3,3f,NaN,0,69.5476780813433
43821,267.92,1,-96.2952123,32.9795105,168.593292236328,140.41661938101,1724425490799,5,-90,-12,-61,3,3f,NaN,0,69.5476780813433
43822,267.92,1,-96.2952123,32.9795105,168.593292236328,140.41661938101,1724425491801,4,-89,-13,-59,3,3f,NaN,0,69.5476780813433
43823,267.92,1,-96.2952123,32.9795105,168.593292236328,140.41661938101,1724425492802,4,-89,-13,-59,3,3f,NaN,0,69.5476780813433
43824,267.92,1,-96.2952123,32.9795105,168.593292236328,140.41661938101,1724425493804,5,-89,-13,-57,3,3f,NaN,0,69.5476780813433
43825,267.92,1,-96.2952123,32.9795105,168.593292236328,140.41661938101,1724425494807,5,-89,-13,-57,3,3f,NaN,0,69.5476780813433
43826,267.92,1,-96.2952123,32.9795105,168.593292236328,140.41661938101,1724425495808,5,-90,-14,-57,3,3f,NaN,0,69.5476780813433
43827,267.92,1,-96.2952123,32.9795105,168.593292236328,140.41661938101,1724425496809,5,-90,-14,-57,3,3f,NaN,0,69.5476780813433
43828,267.92,1,-96.2952123,32.9795105,168.593292236328,140.41661938101,1724425497815,5,-90,-11,-59,3,3f,NaN,0,69.5476780813433
43829,267.92,1,-96.2952123,32.9795105,168.593292236328,140.418691510377,1724425498816,5,-90,-11,-59,3,3f,NaN,0,69.5476780813433
43830,267.92,1,-96.2952123,32.9795105,168.593292236328,140.420784528145,1724425499818,5,-90,-11,-59,3,3f,NaN,0,69.5476780813433
43831,267.92,1,-96.2952123,32.9795105,168.593292236328,140.421001767514,1724425500824,5,-89,-13,-59,3,3f,NaN,0,69.5476780813433
43832,267.92,1,-96.2952123,32.9795105,168.593292236328,140.421001767514,1724425501825,5,-89,-13,-59,3,3f,NaN,0,69.5476780813433
43833,267.92,1,-96.2952123,32.9795105,168.593292236328,140.421001767514,1724425502826,5,-89,-12,-59,3,3f,NaN,0,69.5476780813433
43834,267.92,1,-96.2952123,32.9795105,168.593292236328,140.421001767514,1724425503828,5,-89,-12,-59,3,3f,NaN,0,69.5476780813433
43835,267.92,1,-96.2952123,32.9795105,168.593292236328,140.421001767514,1724425504831,5,-90,-11,-59,3,3f,NaN,0,69.5476780813433
43836,267.92,1,-96.2952123,32.9795105,168.593292236328,140.421001767514,1724425505833,5,-90,-11,-59,3,3f,NaN,0,69.5476780813433
43837,267.92,1,-96.2952123,32.9795105,168.593292236328,140.421001767514,1724425506840,5,-89,-12,-61,3,3f,NaN,0,69.5476780813433
43838,267.92,1,-96.2952123,32.9795105,168.593292236328,140.421001767514,1724425507839,5,-89,-12,-61,3,3f,NaN,0,69.5476780813433
43839,267.92,1,-96.2952123,32.9795105,168.593292236328,140.421001767514,1724425508844,5,-89,-12,-57,3,3f,NaN,0,69.5476780813433
43840,267.92,1,-96.2952123,32.9795105,168.593292236328,140.452709486547,1724425509846,5,-89,-12,-57,3,3f,NaN,0,69.5476780813433
43841,267.92,1,-96.2952123,32.9795105,168.593292236328,140.484640724243,1724425510846,5,-90,-12,-59,3,3f,NaN,0,69.5476780813433
43842,267.92,1,-96.2952123,32.9795105,168.593292236328,140.488057366677,1724425511848,5,-90,-12,-59,3,3f,NaN,0,69.5476780813433
43843,267.92,1,-96.2952123,32.9795105,168.593292236328,140.488057366677,1724425512855,4,-89,-12,-59,3,3f,NaN,0,69.5476780813433
43844,267.92,1,-96.2952123,32.9795105,168.593292236328,140.488057366677,1724425513857,4,-89,-12,-59,3,3f,NaN,0,69.5476780813433
43845,267.92,1,-96.2952123,32.9795105,168.593292236328,140.488057366677,1724425514856,4,-90,-14,-57,3,3f,NaN,0,69.5476780813433
43846,267.92,1,-96.2952123,32.9795105,168.593292236328,140.488057366677,1724425515859,4,-90,-14,-57,3,3f,NaN,0,69.5476780813433
43847,267.92,1,-96.2952123,32.9795105,168.593292236328,140.488057366677,1724425516861,4,-89,-12,-59,3,3f,NaN,0,69.5476780813433
43848,267.92,1,-96.2952123,32.9795105,168.593292236328,140.488057366677,1724425517863,4,-89,-12,-59,3,3f,NaN,0,69.5476780813433
43849,267.92,1,-96.2952123,32.9795105,168.593292236328,140.488057366677,1724425518866,4,-89,-12,-61,3,3f,NaN,0,69.5476780813433
43850,267.92,1,-96.2952123,32.9795105,168.593292236328,140.488057366677,1724425519872,4,-89,-12,-61,3,3f,NaN,0.00686471853950721,69.5545427998828
43851,267.92,1,-96.2952122527021,32.9795105472979,168.593246459961,140.458731761836,1724425520871,5,-89,-12,-57,3,3f,NaN,0.00695496531328453,69.5614977651961
43852,267.92,1,-96.2952122047824,32.9795105952176,168.593200683594,140.429020683928,1724425521873,5,-89,-12,-57,3,3f,NaN,0.000694108046882113,69.562191873243
43853,267.92,1,-96.2952122,32.9795106,168.593185424805,140.426055506492,1724425522875,4,-90,-12,-61,3,3f,NaN,0,69.562191873243
43854,267.92,1,-96.2952122,32.9795106,168.593185424805,140.426055506492,1724425523874,4,-90,-12,-61,3,3f,NaN,0,69.562191873243
43855,267.92,1,-96.2952122,32.9795106,168.593185424805,140.426055506492,1724425524876,4,-89,-12,-63,3,3f,NaN,0,69.562191873243
43856,267.92,1,-96.2952122,32.9795106,168.593185424805,140.426055506492,1724425525884,4,-89,-12,-63,3,3f,NaN,0,69.562191873243
43857,267.92,1,-96.2952122,32.9795106,168.593185424805,140.426055506492,1724425526888,4,-89,-13,-57,3,3f,NaN,0,69.562191873243
43858,267.92,1,-96.2952122,32.9795106,168.593185424805,140.426055506492,1724425527887,4,-89,-13,-57,3,3f,NaN,0,69.562191873243
43859,267.92,1,-96.2952122,32.9795106,168.593185424805,140.426055506492,1724425528888,4,-88,-13,-55,3,3f,NaN,0,69.562191873243
43860,267.92,1,-96.2952122,32.9795106,168.593185424805,140.426055506492,1724425529893,4,-88,-13,-55,3,3f,NaN,0,69.562191873243
43861,267.92,1,-96.2952122,32.9795106,168.593185424805,140.426055506492,1724425530893,4,-89,-11,-61,3,3f,NaN,0.0156916057516727,69.5778834789947
43862,267.92,1,-96.2952122,32.979510741118,168.593124389648,140.442149581701,1724425531896,4,-89,-11,-61,3,3f,NaN,0.015818011846607,69.5937014908413
43863,267.92,1,-96.2952122,32.9795108833728,168.593063354492,140.458373317133,1724425532897,4,-89,-11,-59,3,3f,NaN,0.00184886078491828,69.5955503516262
43864,267.92,1,-96.2952122,32.9795109,168.593063354492,140.460269597898,1724425533900,4,-89,-11,-59,3,3f,NaN,0,69.5955503516262
43865,267.92,1,-96.2952122,32.9795109,168.593063354492,140.460269597898,1724425534903,5,-89,-12,-61,3,3f,NaN,0,69.5955503516262
43866,267.92,1,-96.2952122,32.9795109,168.593063354492,140.460269597898,1724425535903,5,-89,-12,-61,3,3f,NaN,0,69.5955503516262
43867,267.92,1,-96.2952122,32.9795109,168.593063354492,140.460269597898,1724425536904,6,-89,-12,-59,3,3f,NaN,0.0109973002359628,69.6065476518622
43868,267.92,1,-96.2952122,32.9795109989011,168.593017578125,140.460269597898,1724425537910,6,-89,-12,-59,3,3f,NaN,0.00012219255843652,69.6066698444206
43869,267.92,1,-96.2952122,32.979511,168.593017578125,140.460269597898,1724425538912,6,-90,-14,-57,3,3f,NaN,0,69.6066698444206
43870,267.92,1,-96.2952122,32.979511,168.593017578125,140.460269597898,1724425539922,6,-90,-14,-57,3,3f,NaN,0,69.6066698444206
43871,267.92,1,-96.2952122,32.979511,168.593017578125,140.460269597898,1724425540920,5,-89,-11,-59,3,3f,NaN,0,69.6066698444206
43872,267.92,1,-96.2952122,32.979511,168.593017578125,140.460269597898,1724425541920,5,-89,-11,-59,3,3f,NaN,0,69.6066698444206
43873,267.92,1,-96.2952122,32.979511,168.593017578125,140.368901284519,1724425542922,6,-89,-11,-55,3,3f,NaN,0,69.6066698444206
43874,267.92,1,-96.2952122,32.979511,168.593017578125,140.276517767658,1724425543923,6,-89,-11,-55,3,3f,NaN,0,69.6066698444206
43875,267.92,1,-96.2952122,32.979511,168.593017578125,140.266919480192,1724425544926,6,-90,-13,-57,3,3f,NaN,0,69.6066698444206
43876,267.92,1,-96.2952122,32.979511,168.593017578125,140.266919480192,1724425545930,6,-90,-13,-57,3,3f,NaN,0,69.6066698444206
43877,267.92,1,-96.2952122,32.979511,168.593017578125,140.266919480192,1724425546931,5,-89,-12,-59,3,3f,NaN,0,69.6066698444206
43878,267.92,1,-96.2952122,32.979511,168.593017578125,140.266919480192,1724425547939,5,-89,-12,-59,3,3f,NaN,0,69.6066698444206
43879,267.92,1,-96.2952122,32.979511,168.593017578125,140.266919480192,1724425548940,5,-90,-12,-61,3,3f,NaN,0,69.6066698444206
43880,267.92,1,-96.2952122,32.979511,168.593017578125,140.266919480192,1724425549940,5,-90,-12,-61,3,3f,NaN,0,69.6066698444206
43881,267.92,1,-96.2952122,32.979511,168.593017578125,140.266919480192,1724425550941,5,-90,-12,-59,3,3f,NaN,0,69.6066698444206
43882,267.92,1,-96.2952122,32.979511,168.593017578125,140.266919480192,1724425551944,5,-90,-12,-59,3,3f,NaN,0,69.6066698444206
43883,267.92,1,-96.2952122,32.979511,168.593017578125,140.251627925113,1724425552951,6,-89,-12,-57,3,3f,NaN,0,69.6066698444206
43884,267.92,1,-96.2952122,32.979511,168.593017578125,140.236228574581,1724425553951,6,-89,-12,-57,3,3f,NaN,0,69.6066698444206
43885,267.92,1,-96.2952122,32.979511,168.593017578125,140.23475023693,1724425554952,6,-90,-12,-59,3,3f,NaN,0,69.6066698444206
43886,267.92,1,-96.2952122,32.979511,168.593017578125,140.23475023693,1724425555957,6,-90,-12,-59,3,3f,NaN,0,69.6066698444206
43887,267.92,1,-96.2952122,32.979511,168.593017578125,140.23475023693,1724425556956,6,-90,-12,-57,3,3f,NaN,0,69.6066698444206
43888,267.92,1,-96.2952122,32.979511,168.593017578125,140.23475023693,1724425557962,6,-90,-12,-57,3,3f,NaN,0,69.6066698444206
43889,267.92,1,-96.2952122,32.979511,168.593017578125,140.23475023693,1724425558963,5,-90,-12,-59,3,3f,NaN,0,69.6066698444206
43890,267.92,1,-96.2952122,32.979511,168.593017578125,140.23475023693,1724425559963,5,-90,-12,-59,3,3f,NaN,0,69.6066698444206
43891,267.92,1,-96.2952122,32.979511,168.593017578125,140.23475023693,1724425560963,5,-90,-12,-57,3,3f,NaN,0,69.6066698444206
43892,267.92,1,-96.2952122,32.979511,168.593017578125,140.23475023693,1724425561966,5,-90,-12,-57,3,3f,NaN,0.00439032331550066,69.6110601677361
43893,267.92,1,-96.2952122470673,32.979511,168.593048095703,140.258212740386,1724425562966,4,-89,-12,-59,3,3f,NaN,0.0045015200551703,69.6155616877913
43894,267.92,1,-96.2952122953267,32.979511,168.593063354492,140.282269532178,1724425563978,4,-89,-12,-59,3,3f,NaN,0.000435913700899063,69.6159976014922
43895,267.92,1,-96.2952123,32.979511,168.593063354492,140.28459914245,1724425564976,4,-91,-12,-59,3,3f,NaN,0,69.6159976014922
43896,267.92,1,-96.2952123,32.979511,168.593063354492,140.28459914245,1724425565979,4,-91,-12,-59,3,3f,NaN,0,69.6159976014922
43897,267.92,1,-96.2952123,32.979511,168.593063354492,140.28459914245,1724425566982,5,-91,-11,-61,3,3f,NaN,0,69.6159976014922
43898,267.92,1,-96.2952123,32.979511,168.593063354492,140.28459914245,1724425567980,5,-91,-11,-61,3,3f,NaN,0,69.6159976014922
43899,267.92,1,-96.2952123,32.979511,168.593063354492,140.28459914245,1724425568982,5,-90,-13,-59,3,3f,NaN,0,69.6159976014922
43900,267.92,1,-96.2952123,32.979511,168.593063354492,140.28459914245,1724425569989,5,-90,-13,-59,3,3f,NaN,0,69.6159976014922
43901,267.92,1,-96.2952123,32.979511,168.593063354492,140.28459914245,1724425570990,6,-89,-12,-59,3,3f,NaN,0,69.6159976014922
43902,267.92,1,-96.2952123,32.979511,168.593063354492,140.28459914245,1724425571993,6,-89,-12,-59,3,3f,NaN,0.00441630019519962,69.6204139016874
43903,267.92,1,-96.2952123473458,32.979511,168.59309387207,140.325153196925,1724425572996,6,-89,-12,-59,3,3f,NaN,0.00446536557265824,69.62487926726
43904,267.92,1,-96.2952123952176,32.979511,168.593124389648,140.366157852005,1724425573997,6,-89,-12,-59,3,3f,NaN,0.000446089978158278,69.6253253572382
43905,267.92,1,-96.2952124,32.979511,168.593124389648,140.370254221144,1724425574997,6,-90,-13,-59,3,3f,NaN,0,69.6253253572382
43906,267.92,1,-96.2952124,32.979511,168.593124389648,140.370254221144,1724425576005,6,-90,-13,-59,3,3f,NaN,0,69.6253253572382
43907,267.92,1,-96.2952124,32.979511,168.593124389648,140.370254221144,1724425577006,6,-90,-13,-57,3,3f,NaN,0,69.6253253572382
43908,267.92,1,-96.2952124,32.979511,168.593124389648,140.370254221144,1724425578007,6,-90,-13,-57,3,3f,NaN,0,69.6253253572382
43909,267.92,1,-96.2952124,32.979511,168.593124389648,140.370254221144,1724425579011,6,-90,-13,-57,3,3f,NaN,0,69.6253253572382
43910,267.92,1,-96.2952124,32.979511,168.593124389648,140.370254221144,1724425580014,6,-90,-13,-57,3,3f,NaN,0,69.6253253572382
43911,267.92,1,-96.2952124,32.979511,168.593124389648,140.370254221144,1724425581014,6,-90,-13,-57,3,3f,NaN,0,69.6253253572382
43912,267.92,1,-96.2952124,32.979511,168.593124389648,140.370254221144,1724425582015,6,-90,-13,-57,3,3f,NaN,0,69.6253253572382
43913,267.92,1,-96.2952124,32.979511,168.593124389648,140.370254221144,1724425583015,4,-91,-14,-59,3,3f,NaN,0.011373713044964,69.6366990702831
43914,267.92,1,-96.2952123528374,32.9795110943252,168.593063354492,140.334613308514,1724425584016,4,-91,-14,-59,3,3f,NaN,0.0115002260339306,69.6481992963171
43915,267.92,1,-96.2952123051502,32.9795111896996,168.592987060547,140.298575985328,1724425585016,4,-90,-13,-57,3,3f,NaN,0.0012420197852595,69.6494413161023
43916,267.92,1,-96.2952123,32.9795112,168.592987060547,140.274492066392,1724425586023,4,-90,-13,-57,3,3f,NaN,0,69.6494413161023
43917,267.92,1,-96.2952123,32.9795112,168.592987060547,140.274265699934,1724425587023,5,-90,-13,-59,3,3f,NaN,0,69.6494413161023
43918,267.92,1,-96.2952123,32.9795112,168.592987060547,140.274265699934,1724425588027,5,-90,-13,-59,3,3f,NaN,0,69.6494413161023
43919,267.92,1,-96.2952123,32.9795112,168.592987060547,140.274265699934,1724425589030,5,-90,-13,-59,3,3f,NaN,0,69.6494413161023
43920,267.92,1,-96.2952123,32.9795112,168.592987060547,140.274265699934,1724425590029,5,-90,-13,-59,3,3f,NaN,0,69.6494413161023
43921,267.92,1,-96.2952123,32.9795112,168.592987060547,140.274265699934,1724425591032,5,-91,-12,-61,3,3f,NaN,0,69.6494413161023
43922,267.92,1,-96.2952123,32.9795112,168.592987060547,140.274265699934,1724425592036,5,-91,-12,-61,3,3f,NaN,0,69.6494413161023
43923,267.92,1,-96.2952123,32.9795112,168.592987060547,140.274265699934,1724425593038,6,-90,-12,-61,3,3f,NaN,0.0113561335575001,69.6607974496598
43924,267.92,1,-96.2952123470897,32.9795112941794,168.592971801758,140.298595692057,1724425594038,6,-90,-12,-61,3,3f,NaN,0.0115287165394924,69.6723261661993
43925,267.92,1,-96.295212394895,32.9795113897901,168.592956542969,140.323295440899,1724425595040,6,-90,-13,-59,3,3f,NaN,0.00123110948758954,69.6735572756869
43926,267.92,1,-96.2952124,32.9795114,168.592956542969,140.325933038829,1724425596041,6,-90,-13,-59,3,3f,NaN,0,69.6735572756869
43927,267.92,1,-96.2952124,32.9795114,168.592956542969,140.325933038829,1724425597046,5,-90,-12,-59,3,3f,NaN,0,69.6735572756869
43928,267.92,1,-96.2952124,32.9795114,168.592956542969,140.325933038829,1724425598050,5,-90,-12,-59,3,3f,NaN,0,69.6735572756869
43929,267.92,1,-96.2952124,32.9795114,168.592956542969,140.325933038829,1724425599050,6,-91,-13,-57,3,3f,NaN,0.0109658215708314,69.6845230972578
43930,267.92,1,-96.2952124,32.979511498618,168.592910766602,140.325933038829,1724425600062,6,-91,-13,-57,3,3f,NaN,0.000153671223567926,69.6846767684813
43931,267.92,1,-96.2952124,32.9795115,168.592910766602,140.325933038829,1724425601058,5,-90,-13,-59,3,3f,NaN,0,69.6846767684813
43932,267.92,1,-96.2952124,32.9795115,168.592910766602,140.325933038829,1724425602059,5,-90,-13,-59,3,3f,NaN,0,69.6846767684813
43933,267.92,1,-96.2952124,32.9795115,168.592910766602,140.325933038829,1724425603063,5,-90,-13,-59,3,3f,NaN,0,69.6846767684813
43934,267.92,1,-96.2952124,32.9795115,168.592910766602,140.325933038829,1724425604065,7,-91,-12,-59,3,3f,NaN,0.00687059733576443,69.6915473658171
43935,267.92,1,-96.2952124473384,32.9795114526616,168.592956542969,140.272985270532,1724425605072,7,-91,-12,-59,3,3f,NaN,0.00690508084111965,69.6984524466582
43936,267.92,1,-96.2952124949144,32.9795114050856,168.593002319336,140.219771700185,1724425606073,7,-90,-11,-61,3,3f,NaN,0.000738114266997553,69.6991905609252
43937,267.92,1,-96.2952125,32.9795114,168.593002319336,140.214083536322,1724425607075,7,-90,-11,-61,3,3f,NaN,0,69.6991905609252
43938,267.92,1,-96.2952125,32.9795114,168.593002319336,140.214083536322,1724425608075,7,-91,-12,-59,3,3f,NaN,0,69.6991905609252
43939,267.92,1,-96.2952125,32.9795114,168.593002319336,140.214083536322,1724425609077,7,-91,-12,-59,3,3f,NaN,0,69.6991905609252
43940,267.92,1,-96.2952125,32.9795114,168.593002319336,140.214083536322,1724425610079,6,-90,-11,-59,3,3f,NaN,0,69.6991905609252
43941,267.92,1,-96.2952125,32.9795114,168.593002319336,140.214083536322,1724425611084,6,-90,-11,-59,3,3f,NaN,0,69.6991905609252
43942,267.92,1,-96.2952125,32.9795114,168.593002319336,140.214083536322,1724425612086,6,-90,-11,-61,3,3f,NaN,0,69.6991905609252
43943,267.92,1,-96.2952125,32.9795114,168.593002319336,140.214083536322,1724425613087,6,-90,-11,-61,3,3f,NaN,0,69.6991905609252
43944,267.92,1,-96.2952125,32.9795114,168.593002319336,140.214083536322,1724425614089,5,-90,-11,-61,3,3f,NaN,0,69.6991905609252
43945,267.92,1,-96.2952125,32.9795114,168.593002319336,140.214083536322,1724425615095,5,-90,-11,-61,3,3f,NaN,0.0102367029083908,69.7094272638336
43946,267.92,1,-96.2952125942693,32.9795113528653,168.593078613281,140.301872343381,1724425616090,5,-90,-12,-57,3,3f,NaN,0.0103922768729823,69.7198195407066
43947,267.92,1,-96.2952126899713,32.9795113050143,168.593139648438,140.390995326839,1724425617092,5,-90,-12,-57,3,3f,NaN,0.00108901336429869,69.7209085540709
43948,267.92,1,-96.2952127,32.9795113,168.593154907227,140.400334561633,1724425618094,5,-90,-12,-59,3,3f,NaN,0,69.7209085540709
43949,267.92,1,-96.2952127,32.9795113,168.593154907227,140.400334561633,1724425619097,5,-90,-12,-59,3,3f,NaN,0,69.7209085540709
43950,267.92,1,-96.2952127,32.9795113,168.593154907227,140.400334561633,1724425620095,4,-90,-11,-61,3,3f,NaN,0,69.7209085540709
43951,267.92,1,-96.2952127,32.9795113,168.593154907227,140.400334561633,1724425621097,4,-90,-11,-61,3,3f,NaN,0,69.7209085540709
43952,267.92,1,-96.2952127,32.9795113,168.593154907227,140.400334561633,1724425622102,4,-90,-13,-59,3,3f,NaN,0,69.7209085540709
43953,267.92,1,-96.2952127,32.9795113,168.593154907227,140.400334561633,1724425623112,4,-90,-13,-59,3,3f,NaN,0,69.7209085540709
43954,267.92,1,-96.2952127,32.9795113,168.593154907227,140.400334561633,1724425624111,4,-90,-13,-59,3,3f,NaN,0,69.7209085540709
43955,267.92,1,-96.2952127,32.9795113,168.593154907227,140.400334561633,1724425625115,4,-90,-13,-59,3,3f,NaN,0.00525542800986982,69.7261639820807
43956,267.92,1,-96.2952127,32.9795112527368,168.593170166016,140.457283159231,1724425626117,4,-90,-12,-61,3,3f,NaN,0.00529777116785354,69.7314617532486
43957,267.92,1,-96.2952127,32.9795112050928,168.593185424805,140.514690557212,1724425627118,4,-90,-12,-61,3,3f,NaN,0.000566293616675993,69.7320280468653
43958,267.92,1,-96.2952127,32.9795112,168.593185424805,140.520827012341,1724425628118,4,-91,-13,-59,3,3f,NaN,0,69.7320280468653
43959,267.92,1,-96.2952127,32.9795112,168.593185424805,140.520827012341,1724425629119,4,-91,-13,-59,3,3f,NaN,0,69.7320280468653
43960,267.92,1,-96.2952127,32.9795112,168.593185424805,140.520827012341,1724425630125,5,-90,-12,-61,3,3f,NaN,0,69.7320280468653
43961,267.92,1,-96.2952127,32.9795112,168.593185424805,140.520827012341,1724425631127,5,-90,-12,-61,3,3f,NaN,0,69.7320280468653
43962,267.92,1,-96.2952127,32.9795112,168.593185424805,140.520827012341,1724425632134,5,-91,-12,-59,3,3f,NaN,0,69.7320280468653
43963,267.92,1,-96.2952127,32.9795112,168.593185424805,140.520827012341,1724425633137,5,-91,-12,-59,3,3f,NaN,0,69.7320280468653
43964,267.92,1,-96.2952127,32.9795112,168.593185424805,140.520827012341,1724425634136,4,-89,-13,-57,3,3f,NaN,0,69.7320280468653
43965,267.92,1,-96.2952127,32.9795112,168.593185424805,140.520827012341,1724425635138,4,-89,-13,-57,3,3f,NaN,0.00528456090529149,69.7373126077705
43966,267.92,1,-96.2952127,32.9795111524748,168.593215942383,140.47719537399,1724425636138,5,-91,-14,-59,3,3f,NaN,0.0053593727080113,69.7426719804786
43967,267.92,1,-96.2952127,32.9795111042768,168.593231201172,140.432946098695,1724425637141,5,-91,-14,-59,3,3f,NaN,0.000475558391009086,69.7431475388696
43968,267.92,1,-96.2952127,32.9795111,168.593231201172,140.429019692413,1724425638141,5,-90,-13,-59,3,3f,NaN,0,69.7431475388696
43969,267.92,1,-96.2952127,32.9795111,168.593231201172,140.429019692413,1724425639143,5,-90,-13,-59,3,3f,NaN,0,69.7431475388696
43970,267.92,1,-96.2952127,32.9795111,168.593231201172,140.429019692413,1724425640143,5,-90,-13,-57,3,3f,NaN,0,69.7431475388696
43971,267.92,1,-96.2952127,32.9795111,168.593231201172,140.429019692413,1724425641153,5,-90,-13,-57,3,3f,NaN,0,69.7431475388696
43972,267.92,1,-96.2952127,32.9795111,168.593231201172,140.429019692413,1724425642152,6,-90,-12,-59,3,3f,NaN,0,69.7431475388696
43973,267.92,1,-96.2952127,32.9795111,168.593231201172,140.429019692413,1724425643156,6,-90,-12,-59,3,3f,NaN,0,69.7431475388696
43974,267.92,1,-96.2952127,32.9795111,168.593231201172,140.429019692413,1724425644159,5,-90,-12,-59,3,3f,NaN,0,69.7431475388696
43975,267.92,1,-96.2952127,32.9795111,168.593231201172,140.429019692413,1724425645161,5,-90,-12,-59,3,3f,NaN,0,69.7431475388696
43976,267.92,1,-96.2952127,32.9795111,168.593231201172,140.429019692413,1724425646167,6,-90,-13,-59,3,3f,NaN,0.00688190294718407,69.7500294418167
43977,267.92,1,-96.2952127474163,32.9795111474163,168.593231201172,140.367400493448,1724425647170,6,-90,-13,-59,3,3f,NaN,0.00696522700510359,69.7569946688218
43978,267.92,1,-96.2952127954067,32.9795111954067,168.593246459961,140.305035148784,1724425648173,4,-90,-12,-59,3,3f,NaN,0.000666661906650167,69.7576613307285
43979,267.92,1,-96.2952128,32.9795112,168.593246459961,140.299065983193,1724425649171,4,-90,-12,-59,3,3f,NaN,0,69.7576613307285
43980,267.92,1,-96.2952128,32.9795112,168.593246459961,140.299065983193,1724425650173,4,-89,-12,-59,3,3f,NaN,0,69.7576613307285
43981,267.92,1,-96.2952128,32.9795112,168.593246459961,140.299065983193,1724425651173,4,-89,-12,-59,3,3f,NaN,0,69.7576613307285
43982,267.92,1,-96.2952128,32.9795112,168.593246459961,140.299065983193,1724425652178,4,-89,-14,-57,3,3f,NaN,0,69.7576613307285
43983,267.92,1,-96.2952128,32.9795112,168.593246459961,140.299065983193,1724425653179,4,-89,-14,-57,3,3f,NaN,0,69.7576613307285
43984,267.92,1,-96.2952128,32.9795112,168.593246459961,140.299065983193,1724425654180,5,-90,-13,-57,3,3f,NaN,0,69.7576613307285
43985,267.92,1,-96.2952128,32.9795112,168.593246459961,140.299065983193,1724425655188,5,-90,-13,-57,3,3f,NaN,0,69.7576613307285
43986,267.92,1,-96.2952128,32.9795112,168.593246459961,140.299065983193,1724425656189,5,-90,-13,-57,3,3f,NaN,0,69.7576613307285
43987,267.92,1,-96.2952128,32.9795112,168.593246459961,140.299065983193,1724425657190,5,-90,-13,-57,3,3f,NaN,0,69.7576613307285
43988,267.92,1,-96.2952128,32.9795112,168.593246459961,140.299065983193,1724425658192,5,-89,-13,-59,3,3f,NaN,0.0102013461285395,69.767862676857
43989,267.92,1,-96.2952128939437,32.9795111530281,168.593307495117,140.382845064504,1724425659194,5,-89,-13,-59,3,3f,NaN,0.0103359836874217,69.7781986605445
43990,267.92,1,-96.2952129891273,32.9795111054363,168.593383789063,140.467729859578,1724425660192,5,-89,-13,-59,3,3f,NaN,0.00118066410012595,69.7793793246446
43991,267.92,1,-96.295213,32.9795111,168.593383789063,140.477426118735,1724425661197,5,-90,-12,-61,3,3f,NaN,0,69.7793793246446
43992,267.92,1,-96.295213,32.9795111,168.593383789063,140.477426118735,1724425662200,5,-90,-12,-61,3,3f,NaN,0,69.7793793246446
43993,267.92,1,-96.295213,32.9795111,168.593383789063,140.477426118735,1724425663206,6,-90,-12,-61,3,3f,NaN,0,69.7793793246446
43994,267.92,1,-96.295213,32.9795111,168.593383789063,140.477426118735,1724425664208,6,-90,-12,-61,3,3f,NaN,0,69.7793793246446
43995,267.92,1,-96.295213,32.9795111,168.593383789063,140.477426118735,1724425665209,6,-90,-13,-55,3,3f,NaN,0,69.7793793246446
43996,267.92,1,-96.295213,32.9795111,168.593383789063,140.477426118735,1724425666216,6,-90,-13,-55,3,3f,NaN,0,69.7793793246446
43997,267.92,1,-96.295213,32.9795111,168.593383789063,140.477426118735,1724425667216,6,-90,-12,-61,3,3f,NaN,0,69.7793793246446
43998,267.92,1,-96.295213,32.9795111,168.593383789063,140.477426118735,1724425668217,6,-90,-12,-61,3,3f,NaN,0,69.7793793246446
43999,267.92,1,-96.295213,32.9795111,168.593383789063,140.477426118735,1724425669222,6,-90,-12,-59,3,3f,NaN,0.0142603559600282,69.7936396806046
44000,267.92,1,-96.2952131420752,32.9795110526416,168.593490600586,140.431565022947,1724425670229,6,-90,-12,-59,3,3f,NaN,0.0143320222260822,69.8079717028307
44001,267.92,1,-96.2952132848644,32.9795110050452,168.59358215332,140.385473469391,1724425671229,6,-89,-12,-57,3,3f,NaN,0.00151918833940505,69.8094908911701
44002,267.92,1,-96.2952133,32.979511,168.59358215332,140.380587764714,1724425672228,6,-89,-12,-57,3,3f,NaN,0,69.8094908911701
44003,267.92,1,-96.2952133,32.979511,168.59358215332,140.380587764714,1724425673229,5,-90,-13,-61,3,3f,NaN,0,69.8094908911701
44004,267.92,1,-96.2952133,32.979511,168.59358215332,140.380587764714,1724425674230,5,-90,-13,-61,3,3f,NaN,0,69.8094908911701
44005,267.92,1,-96.2952133,32.979511,168.59358215332,140.380587764714,1724425675231,4,-90,-12,-57,3,3f,NaN,0.00922535670755392,69.8187162478777
44006,267.92,1,-96.2952133989022,32.979511,168.593643188477,140.380587764714,1724425676233,4,-90,-12,-57,3,3f,NaN,0.000102399038462213,69.8188186469161
44007,267.92,1,-96.2952134,32.979511,168.593643188477,140.380587764714,1724425677239,4,-90,-12,-57,3,3f,NaN,0,69.8188186469161
44008,267.92,1,-96.2952134,32.979511,168.593643188477,140.380587764714,1724425678240,5,-89,-13,-57,3,3f,NaN,0,69.8188186469161
44009,267.92,1,-96.2952134,32.979511,168.593643188477,140.380587764714,1724425679241,5,-89,-13,-57,3,3f,NaN,0,69.8188186469161
44010,267.92,1,-96.2952134,32.979511,168.593643188477,140.380587764714,1724425680242,5,-89,-13,-57,3,3f,NaN,0.010486503943622,69.8293051508598
44011,267.92,1,-96.2952134,32.9795110943074,168.593597412109,140.39019328233,1724425681244,5,-89,-13,-57,3,3f,NaN,0.0105814542859616,69.8398866051457
44012,267.92,1,-96.2952134,32.9795111894687,168.593551635742,140.399885771433,1724425682247,6,-89,-14,-57,3,3f,NaN,0.00117102656912763,69.8410576317148
44013,267.92,1,-96.2952134,32.9795112,168.593551635742,140.400958419778,1724425683249,6,-89,-14,-57,3,3f,NaN,0,69.8410576317148
44014,267.92,1,-96.2952134,32.9795112,168.593551635742,140.400958419778,1724425684253,6,-89,-13,-57,3,3f,NaN,0,69.8410576317148
44015,267.92,1,-96.2952134,32.9795112,168.593551635742,140.400958419778,1724425685256,6,-89,-13,-57,3,3f,NaN,0,69.8410576317148
44016,267.92,1,-96.2952134,32.9795112,168.593551635742,140.400958419778,1724425686259,5,-90,-13,-59,3,3f,NaN,0,69.8410576317148
44017,267.92,1,-96.2952134,32.9795112,168.593551635742,140.400958419778,1724425687260,5,-90,-13,-59,3,3f,NaN,0,69.8410576317148
44018,267.92,1,-96.2952134,32.9795112,168.593551635742,140.400958419778,1724425688260,5,-88,-13,-57,3,3f,NaN,0,69.8410576317148
44019,267.92,1,-96.2952134,32.9795112,168.593551635742,140.400958419778,1724425689266,5,-88,-13,-57,3,3f,NaN,0,69.8410576317148
44020,267.92,1,-96.2952134,32.9795112,168.593551635742,140.400958419778,1724425690269,5,-89,-13,-57,3,3f,NaN,0.0052595759691073,69.846317207684
44021,267.92,1,-96.2952134,32.9795112473005,168.593536376953,140.37708408225,1724425691272,5,-89,-13,-57,3,3f,NaN,0.00531801952963226,69.8516352272136
44022,267.92,1,-96.2952134,32.9795112951266,168.593505859375,140.352944474304,1724425692273,6,-91,-14,-59,3,3f,NaN,0.000541897295659791,69.8521771245093
44023,267.92,1,-96.2952134,32.9795113,168.593505859375,140.350484694074,1724425693276,6,-91,-14,-59,3,3f,NaN,0,69.8521771245093
44024,267.92,1,-96.2952134,32.9795113,168.593505859375,140.350484694074,1724425694279,5,-90,-13,-59,3,3f,NaN,0,69.8521771245093
44025,267.92,1,-96.2952134,32.9795113,168.593505859375,140.350484694074,1724425695282,5,-90,-13,-59,3,3f,NaN,0,69.8521771245093
44026,267.92,1,-96.2952134,32.9795113,168.593505859375,140.350484694074,1724425696282,4,-91,-13,-61,3,3f,NaN,0,69.8521771245093
44027,267.92,1,-96.2952134,32.9795113,168.593505859375,140.350484694074,1724425697286,4,-91,-13,-61,3,3f,NaN,0,69.8521771245093
44028,267.92,1,-96.2952134,32.9795113,168.593505859375,140.350484694074,1724425698286,4,-89,-12,-59,3,3f,NaN,0,69.8521771245093
44029,267.92,1,-96.2952134,32.9795113,168.593505859375,140.350484694074,1724425699288,4,-89,-12,-59,3,3f,NaN,0,69.8521771245093
44030,267.92,1,-96.2952134,32.9795113,168.593505859375,140.350484694074,1724425700292,4,-89,-12,-59,3,3f,NaN,0,69.8521771245093
44031,267.92,1,-96.2952134,32.9795113,168.593505859375,140.350484694074,1724425701293,4,-91,-13,-61,3,3f,NaN,0,69.8521771245093
44032,267.92,1,-96.2952134,32.9795113,168.593505859375,140.350484694074,1724425702298,4,-91,-13,-61,3,3f,NaN,0.00523893730411652,69.8574160618134
44033,267.92,1,-96.2952134,32.9795112528851,168.593536376953,140.390981677297,1724425703296,4,-90,-12,-57,3,3f,NaN,0.00531318340420509,69.8627292452176
44034,267.92,1,-96.2952134,32.9795112051025,168.593551635742,140.432052504412,1724425704298,4,-90,-12,-57,3,3f,NaN,0.000567372086077739,69.8632966173037
44035,267.92,1,-96.2952134,32.9795112,168.593551635742,140.4364383113,1724425705302,4,-88,-12,-59,3,3f,NaN,0,69.8632966173037
44036,267.92,1,-96.2952134,32.9795112,168.593551635742,140.4364383113,1724425706304,4,-88,-12,-59,3,3f,NaN,0,69.8632966173037
44037,267.92,1,-96.2952134,32.9795112,168.593551635742,140.4364383113,1724425707303,5,-89,-11,-57,3,3f,NaN,0,69.8632966173037
44038,267.92,1,-96.2952134,32.9795112,168.593551635742,140.4364383113,1724425708308,5,-89,-11,-57,3,3f,NaN,0,69.8632966173037
44039,267.92,1,-96.2952134,32.9795112,168.593551635742,140.4364383113,1724425709309,4,-89,-13,-55,3,3f,NaN,0,69.8632966173037
44040,267.92,1,-96.2952134,32.9795112,168.593551635742,140.4364383113,1724425710312,4,-89,-13,-55,3,3f,NaN,0,69.8632966173037
44041,267.92,1,-96.2952134,32.9795112,168.593551635742,140.4364383113,1724425711314,5,-90,-13,-61,3,3f,NaN,0,69.8632966173037
44042,267.92,1,-96.2952134,32.9795112,168.593551635742,140.4364383113,1724425712321,5,-90,-13,-61,3,3f,NaN,0,69.8632966173037
44043,267.92,1,-96.2952134,32.9795112,168.593551635742,140.4364383113,1724425713320,5,-90,-12,-59,3,3f,NaN,0,69.8632966173037
44044,267.92,1,-96.2952134,32.9795112,168.593551635742,140.355236440857,1724425714326,5,-90,-12,-59,3,3f,NaN,0,69.8632966173037
44045,267.92,1,-96.2952134,32.9795112,168.593551635742,140.273462726256,1724425715327,6,-91,-11,-61,3,3f,NaN,0,69.8632966173037
44046,267.92,1,-96.2952134,32.9795112,168.593551635742,140.264558295795,1724425716328,6,-91,-11,-61,3,3f,NaN,0,69.8632966173037
44047,267.92,1,-96.2952134,32.9795112,168.593551635742,140.264558295795,1724425717330,6,-91,-12,-59,3,3f,NaN,0,69.8632966173037
44048,267.92,1,-96.2952134,32.9795112,168.593551635742,140.264558295795,1724425718332,6,-91,-12,-59,3,3f,NaN,0,69.8632966173037
44049,267.92,1,-96.2952134,32.9795112,168.593551635742,140.264558295795,1724425719332,6,-91,-13,-59,3,3f,NaN,0,69.8632966173037
44050,267.92,1,-96.2952134,32.9795112,168.593551635742,140.264558295795,1724425720338,6,-91,-13,-59,3,3f,NaN,0,69.8632966173037
44051,267.92,1,-96.2952134,32.9795112,168.593551635742,140.264558295795,1724425721339,6,-90,-11,-59,3,3f,NaN,0,69.8632966173037
44052,267.92,1,-96.2952134,32.9795112,168.593551635742,140.264558295795,1724425722337,6,-90,-11,-59,3,3f,NaN,0,69.8632966173037
44053,267.92,1,-96.2952134,32.9795112,168.593551635742,140.264558295795,1724425723342,6,-90,-11,-59,3,3f,NaN,0,69.8632966173037
44054,267.92,1,-96.2952134,32.9795112,168.593551635742,140.264558295795,1724425724343,5,-91,-13,-61,3,3f,NaN,0.0113986012535386,69.8746952185572
44055,267.92,1,-96.2952134472658,32.9795112945316,168.593536376953,140.319974433558,1724425725349,5,-91,-13,-61,3,3f,NaN,0.0114788833923314,69.8861741019495
44056,267.92,1,-96.2952134948645,32.979511389729,168.593521118164,140.375780825812,1724425726350,5,-91,-13,-61,3,3f,NaN,0.00123847545141387,69.8874125774009
44057,267.92,1,-96.2952135,32.9795114,168.593521118164,140.381801895106,1724425727353,5,-91,-13,-61,3,3f,NaN,0,69.8874125774009
44058,267.92,1,-96.2952135,32.9795114,168.593521118164,140.381801895106,1724425728358,5,-92,-12,-61,3,3f,NaN,0,69.8874125774009
44059,267.92,1,-96.2952135,32.9795114,168.593521118164,140.381801895106,1724425729361,5,-92,-12,-61,3,3f,NaN,0,69.8874125774009
44060,267.92,1,-96.2952135,32.9795114,168.593521118164,140.381801895106,1724425730358,5,-91,-12,-59,3,3f,NaN,0,69.8874125774009
44061,267.92,1,-96.2952135,32.9795114,168.593521118164,140.381801895106,1724425731361,5,-91,-12,-59,3,3f,NaN,0,69.8874125774009
44062,267.92,1,-96.2952135,32.9795114,168.593521118164,140.381801895106,1724425732363,5,-91,-12,-61,3,3f,NaN,0,69.8874125774009
44063,267.92,1,-96.2952135,32.9795114,168.593521118164,140.381801895106,1724425733363,5,-91,-12,-61,3,3f,NaN,0,69.8874125774009
44064,267.92,1,-96.2952135,32.9795114,168.593521118164,140.381801895106,1724425734372,5,-90,-13,-59,3,3f,NaN,0.00866982144350045,69.8960823988444
44065,267.92,1,-96.2952135359506,32.9795114719011,168.593505859375,140.386459819535,1724425735373,5,-90,-13,-59,3,3f,NaN,0.00877502290911923,69.9048574217536
44066,267.92,1,-96.2952135723373,32.9795115446747,168.593490600586,140.391174260742,1724425736374,5,-90,-11,-63,3,3f,NaN,0.00667111522378948,69.9115285369774
44067,267.92,1,-96.2952136,32.9795116,168.593490600586,140.394758366395,1724425737375,5,-90,-11,-63,3,3f,NaN,0,69.9115285369774
44068,267.92,1,-96.2952136,32.9795116,168.593490600586,140.394758366395,1724425738374,5,-90,-11,-63,3,3f,NaN,0,69.9115285369774
44069,267.92,1,-96.2952136,32.9795116,168.593490600586,140.394758366395,1724425739376,4,-90,-13,-59,3,3f,NaN,0,69.9115285369774
44070,267.92,1,-96.2952136,32.9795116,168.593490600586,140.394758366395,1724425740382,4,-90,-13,-59,3,3f,NaN,0,69.9115285369774
44071,267.92,1,-96.2952136,32.9795116,168.593490600586,140.394758366395,1724425741384,5,-90,-12,-59,3,3f,NaN,0,69.9115285369774
44072,267.92,1,-96.2952136,32.9795116,168.593490600586,140.394758366395,1724425742385,5,-90,-12,-59,3,3f,NaN,0,69.9115285369774
44073,267.92,1,-96.2952136,32.9795116,168.593490600586,140.394758366395,1724425743384,5,-90,-12,-59,3,3f,NaN,0,69.9115285369774
44074,267.92,1,-96.2952136,32.9795116,168.593490600586,140.394758366395,1724425744392,5,-90,-12,-59,3,3f,NaN,0,69.9115285369774
44075,267.92,1,-96.2952136,32.9795116,168.593490600586,140.394758366395,1724425745391,6,-90,-13,-57,3,3f,NaN,0.00442755941990542,69.9159560963973
44076,267.92,1,-96.2952136474665,32.9795116,168.593505859375,140.340486452997,1724425746393,6,-90,-13,-57,3,3f,NaN,0.00448107335587521,69.9204371697531
44077,267.92,1,-96.2952136955067,32.9795116,168.593536376953,140.285558685661,1724425747398,5,-90,-12,-61,3,3f,NaN,0.00041912423240489,69.9208562939856
44078,267.92,1,-96.2952137,32.9795116,168.593536376953,140.280421163144,1724425748394,5,-90,-12,-61,3,3f,NaN,0,69.9208562939856
44079,267.92,1,-96.2952137,32.9795116,168.593536376953,140.280421163144,1724425749396,5,-90,-11,-61,3,3f,NaN,0,69.9208562939856
44080,267.92,1,-96.2952137,32.9795116,168.593536376953,140.280421163144,1724425750396,5,-90,-11,-61,3,3f,NaN,0,69.9208562939856
44081,267.92,1,-96.2952137,32.9795116,168.593536376953,140.280421163144,1724425751405,5,-90,-10,-59,3,3f,NaN,0,69.9208562939856
44082,267.92,1,-96.2952137,32.9795116,168.593536376953,140.280421163144,1724425752407,5,-90,-10,-59,3,3f,NaN,0,69.9208562939856
44083,267.92,1,-96.2952137,32.9795116,168.593536376953,140.280421163144,1724425753412,5,-90,-13,-59,3,3f,NaN,0,69.9208562939856
44084,267.92,1,-96.2952137,32.9795116,168.593536376953,140.280421163144,1724425754413,5,-90,-13,-59,3,3f,NaN,0,69.9208562939856
44085,267.92,1,-96.2952137,32.9795116,168.593536376953,140.280421163144,1724425755418,5,-90,-10,-63,3,3f,NaN,0,69.9208562939856
44086,267.92,1,-96.2952137,32.9795116,168.593536376953,140.280421163144,1724425756422,5,-90,-10,-63,3,3f,NaN,0.0102786692771036,69.9311349632627
44087,267.92,1,-96.2952137946558,32.9795116473279,168.593566894531,140.281302728588,1724425757423,4,-90,-13,-59,3,3f,NaN,0.0104564195275434,69.9415913827902
44088,267.92,1,-96.2952138909485,32.9795116954742,168.593597412109,140.282199539823,1724425758423,4,-90,-13,-59,3,3f,NaN,0.000982904286582885,69.9425742870768
44089,267.92,1,-96.2952139,32.9795117,168.593597412109,140.282283840079,1724425759424,5,-89,-14,-57,3,3f,NaN,0,69.9425742870768
44090,267.92,1,-96.2952139,32.9795117,168.593597412109,140.282283840079,1724425760428,5,-89,-14,-57,3,3f,NaN,0,69.9425742870768
44091,267.92,1,-96.2952139,32.9795117,168.593597412109,140.282283840079,1724425761427,5,-91,-12,-61,3,3f,NaN,0,69.9425742870768
44092,267.92,1,-96.2952139,32.9795117,168.593597412109,140.282283840079,1724425762429,5,-91,-12,-61,3,3f,NaN,0,69.9425742870768
44093,267.92,1,-96.2952139,32.9795117,168.593597412109,140.282283840079,1724425763429,5,-90,-12,-61,3,3f,NaN,0,69.9425742870768
44094,267.92,1,-96.2952139,32.9795117,168.593597412109,140.282283840079,1724425764431,5,-90,-12,-61,3,3f,NaN,0,69.9425742870768
44095,267.92,1,-96.2952139,32.9795117,168.593597412109,140.282283840079,1724425765437,5,-91,-13,-59,3,3f,NaN,0,69.9425742870768
44096,267.92,1,-96.2952139,32.9795117,168.593597412109,140.282283840079,1724425766437,5,-91,-13,-59,3,3f,NaN,0,69.9425742870768
44097,267.92,1,-96.2952139,32.9795117,168.593597412109,140.282283840079,1724425767438,5,-90,-11,-59,3,3f,NaN,0,69.9425742870768
44098,267.92,1,-96.2952139,32.9795117,168.593597412109,140.282283840079,1724425768444,5,-90,-11,-59,3,3f,NaN,0.00683123532612108,69.9494055224029
44099,267.92,1,-96.2952139470672,32.9795117470672,168.593612670898,140.401052466687,1724425769446,5,-90,-12,-61,3,3f,NaN,0.00692814408380658,69.9563336664867
44100,267.92,1,-96.2952139948021,32.9795117948021,168.593612670898,140.521505754665,1724425770447,5,-90,-12,-61,3,3f,NaN,0.000754412408273969,69.957088078895
44101,267.92,1,-96.295214,32.9795118,168.593612670898,140.534622046763,1724425771454,5,-90,-12,-61,3,3f,NaN,0,69.957088078895
44102,267.92,1,-96.295214,32.9795118,168.593612670898,140.534622046763,1724425772453,4,-91,-14,-59,3,3f,NaN,0,69.957088078895
44103,267.92,1,-96.295214,32.9795118,168.593612670898,140.534622046763,1724425773453,4,-91,-14,-59,3,3f,NaN,0,69.957088078895
44104,267.92,1,-96.295214,32.9795118,168.593612670898,140.534622046763,1724425774458,4,-91,-13,-59,3,3f,NaN,0,69.957088078895
44105,267.92,1,-96.295214,32.9795118,168.593612670898,140.534622046763,1724425775461,4,-91,-13,-59,3,3f,NaN,0,69.957088078895
44106,267.92,1,-96.295214,32.9795118,168.593612670898,140.534622046763,1724425776467,6,-91,-12,-61,3,3f,NaN,0,69.957088078895
44107,267.92,1,-96.295214,32.9795118,168.593612670898,140.534622046763,1724425777466,6,-91,-12,-61,3,3f,NaN,0,69.957088078895
44108,267.92,1,-96.295214,32.9795118,168.593612670898,140.534622046763,1724425778466,6,-91,-13,-61,3,3f,NaN,0,69.957088078895
44109,267.92,1,-96.295214,32.9795118,168.593612670898,140.534622046763,1724425779474,6,-91,-13,-61,3,3f,NaN,0.00524424195141566,69.9623323208464
44110,267.92,1,-96.295214,32.9795118471626,168.593597412109,140.455987573692,1724425780476,6,-92,-13,-63,3,3f,NaN,0.00531847541010464,69.9676507962565
44111,267.92,1,-96.295214,32.9795118949928,168.593566894531,140.376239973602,1724425781479,6,-92,-13,-63,3,3f,NaN,0.000556775432879044,69.9682075716894
44112,267.92,1,-96.295214,32.9795119,168.593566894531,140.36789152095,1724425782478,4,-92,-12,-63,3,3f,NaN,0,69.9682075716894
44113,267.92,1,-96.295214,32.9795119,168.593566894531,140.36789152095,1724425783480,4,-92,-12,-63,3,3f,NaN,0,69.9682075716894
44114,267.92,1,-96.295214,32.9795119,168.593566894531,140.36789152095,1724425784480,7,-91,-12,-59,3,3f,NaN,0,69.9682075716894
44115,267.92,1,-96.295214,32.9795119,168.593566894531,140.36789152095,1724425785488,7,-91,-12,-59,3,3f,NaN,0,69.9682075716894
44116,267.92,1,-96.295214,32.9795119,168.593566894531,140.36789152095,1724425786487,7,-91,-13,-59,3,3f,NaN,0,69.9682075716894
44117,267.92,1,-96.295214,32.9795119,168.593566894531,140.36789152095,1724425787487,7,-91,-13,-59,3,3f,NaN,0,69.9682075716894
44118,267.92,1,-96.295214,32.9795119,168.593566894531,140.36789152095,1724425788488,6,-90,-11,-61,3,3f,NaN,0,69.9682075716894
44119,267.92,1,-96.295214,32.9795119,168.593566894531,140.36789152095,1724425789491,6,-90,-11,-61,3,3f,NaN,0,69.9682075716894
44120,267.92,1,-96.295214,32.9795119,168.593566894531,140.36789152095,1724425790491,4,-91,-12,-59,3,3f,NaN,0,69.9682075716894
44121,267.92,1,-96.295214,32.9795119,168.593566894531,140.36789152095,1724425791503,4,-91,-12,-59,3,3f,NaN,0.00440972407737399,69.9726172957668
44122,267.92,1,-96.2952140472753,32.9795119,168.593597412109,140.371536600178,1724425792505,4,-91,-10,-59,3,3f,NaN,0.00444986317448814,69.9770671589412
44123,267.92,1,-96.2952140949809,32.9795119,168.593612670898,140.375214849995,1724425793503,4,-91,-10,-59,3,3f,NaN,0.00046816839907725,69.9775353273403
44124,267.92,1,-96.2952141,32.9795119,168.593627929688,140.375601840206,1724425794504,5,-91,-12,-61,3,3f,NaN,0,69.9775353273403
44125,267.92,1,-96.2952141,32.9795119,168.593627929688,140.375601840206,1724425795507,5,-91,-12,-61,3,3f,NaN,0,69.9775353273403
44126,267.92,1,-96.2952141,32.9795119,168.593627929688,140.375601840206,1724425796504,6,-91,-12,-61,3,3f,NaN,0,69.9775353273403
44127,267.92,1,-96.2952141,32.9795119,168.593627929688,140.375601840206,1724425797514,6,-91,-12,-61,3,3f,NaN,0,69.9775353273403
44128,267.92,1,-96.2952141,32.9795119,168.593627929688,140.375601840206,1724425798514,6,-91,-10,-67,3,3f,NaN,0,69.9775353273403
44129,267.92,1,-96.2952141,32.9795119,168.593627929688,140.375601840206,1724425799514,6,-91,-10,-67,3,3f,NaN,0,69.9775353273403
44130,267.92,1,-96.2952141,32.9795119,168.593627929688,140.375601840206,1724425800519,6,-92,-13,-61,3,3f,NaN,0,69.9775353273403
44131,267.92,1,-96.2952141,32.9795119,168.593627929688,140.375601840206,1724425801521,6,-92,-13,-61,3,3f,NaN,0,69.9775353273403
44132,267.92,1,-96.2952141,32.9795119,168.593627929688,140.375601840206,1724425802520,7,-90,-12,-59,3,3f,NaN,0,69.9775353273403
44133,267.92,1,-96.2952141,32.9795119,168.593627929688,140.375601840206,1724425803527,7,-90,-12,-59,3,3f,NaN,0,69.9775353273403
44134,267.92,1,-96.2952141,32.9795119,168.593627929688,140.426697616134,1724425804529,5,-91,-13,-59,3,3f,NaN,0,69.9775353273403
44135,267.92,1,-96.2952141,32.9795119,168.593627929688,140.47830951101,1724425805529,5,-91,-13,-59,3,3f,NaN,0,69.9775353273403
44136,267.92,1,-96.2952141,32.9795119,168.593627929688,140.482954581549,1724425806537,6,-91,-13,-59,3,3f,NaN,0,69.9775353273403
44137,267.92,1,-96.2952141,32.9795119,168.593627929688,140.482954581549,1724425807537,6,-91,-13,-59,3,3f,NaN,0,69.9775353273403
44138,267.92,1,-96.2952141,32.9795119,168.593627929688,140.482954581549,1724425808541,5,-87,-12,-57,3,3f,NaN,0,69.9775353273403
44139,267.92,1,-96.2952141,32.9795119,168.593627929688,140.482954581549,1724425809541,5,-87,-12,-57,3,3f,NaN,0,69.9775353273403
44140,267.92,1,-96.2952141,32.9795119,168.593627929688,140.482954581549,1724425810541,5,-92,-13,-61,3,3f,NaN,0.00687386231250084,69.9844091896528
44141,267.92,1,-96.2952141473609,32.9795119473609,168.593627929688,140.45853904412,1724425811548,5,-92,-13,-61,3,3f,NaN,0.00691527119813332,69.991324460851
44142,267.92,1,-96.2952141950071,32.9795119950071,168.593627929688,140.433976425141,1724425812550,6,-92,-12,-63,3,3f,NaN,0.000724658899300567,69.9920491197503
44143,267.92,1,-96.2952142,32.979512,168.593627929688,140.431402498002,1724425813550,6,-92,-12,-63,3,3f,NaN,0,69.9920491197503
44144,267.92,1,-96.2952142,32.979512,168.593627929688,140.431402498002,1724425814559,5,-92,-12,-61,3,3f,NaN,0,69.9920491197503
44145,267.92,1,-96.2952142,32.979512,168.593627929688,140.431402498002,1724425815558,5,-92,-12,-61,3,3f,NaN,0,69.9920491197503
44146,267.92,1,-96.2952142,32.979512,168.593627929688,140.431402498002,1724425816559,6,-91,-12,-61,3,3f,NaN,0,69.9920491197503
44147,267.92,1,-96.2952142,32.979512,168.593627929688,140.431402498002,1724425817562,6,-91,-12,-61,3,3f,NaN,0,69.9920491197503
44148,267.92,1,-96.2952142,32.979512,168.593627929688,140.431402498002,1724425818565,5,-87,-13,-55,3,3f,NaN,0,69.9920491197503
44149,267.92,1,-96.2952142,32.979512,168.593627929688,140.431402498002,1724425819563,5,-87,-13,-55,3,3f,NaN,0,69.9920491197503
44150,267.92,1,-96.2952142,32.979512,168.593627929688,140.431402498002,1724425820566,5,-87,-13,-55,3,3f,NaN,0,69.9920491197503
44151,267.92,1,-96.2952142,32.979512,168.593627929688,140.431402498002,1724425821566,6,-89,-12,-59,3,3f,NaN,0.00522801829522852,69.9972771380455
44152,267.92,1,-96.2952142,32.9795120470167,168.593612670898,140.439121883094,1724425822568,6,-89,-12,-59,3,3f,NaN,0.0053341768184716,70.002611314864
44153,267.92,1,-96.2952142,32.9795120949881,168.593597412109,140.44699800697,1724425823573,4,-84,-12,-53,3,3f,NaN,0.00055729768069923,70.0031686125447
44154,267.92,1,-96.2952142,32.9795121,168.59358215332,140.447820885584,1724425824574,4,-84,-12,-53,3,3f,NaN,0,70.0031686125447
44155,267.92,1,-96.2952142,32.9795121,168.59358215332,140.447820885584,1724425825577,4,-89,-14,-57,3,3f,NaN,0,70.0031686125447
44156,267.92,1,-96.2952142,32.9795121,168.59358215332,140.447820885584,1724425826578,4,-89,-14,-57,3,3f,NaN,0,70.0031686125447
44157,267.92,1,-96.2952142,32.9795121,168.59358215332,140.447820885584,1724425827581,5,-88,-13,-59,3,3f,NaN,0,70.0031686125447
44158,267.92,1,-96.2952142,32.9795121,168.59358215332,140.447820885584,1724425828582,5,-88,-13,-59,3,3f,NaN,0,70.0031686125447
44159,267.92,1,-96.2952142,32.9795121,168.59358215332,140.447820885584,1724425829590,5,-90,-12,-59,3,3f,NaN,0,70.0031686125447
44160,267.92,1,-96.2952142,32.9795121,168.59358215332,140.447820885584,1724425830590,5,-90,-12,-59,3,3f,NaN,0,70.0031686125447
44161,267.92,1,-96.2952142,32.9795121,168.59358215332,140.447820885584,1724425831592,6,-90,-12,-59,3,3f,NaN,0,70.0031686125447
44162,267.92,1,-96.2952142,32.9795121,168.59358215332,140.447820885584,1724425832598,6,-90,-12,-59,3,3f,NaN,0.00878591692383692,70.0119545294685
44163,267.92,1,-96.2952141058089,32.9795121,168.593536376953,140.450719951451,1724425833599,7,-91,-12,-57,3,3f,NaN,0.00896502708958036,70.0209195565581
44164,267.92,1,-96.2952140096976,32.9795121,168.593490600586,140.453678121617,1724425834600,7,-91,-12,-57,3,3f,NaN,0.000904568571759024,70.0218241251298
44165,267.92,1,-96.295214,32.9795121,168.593490600586,140.453976598327,1724425835602,7,-91,-12,-57,3,3f,NaN,0,70.0218241251298
44166,267.92,1,-96.295214,32.9795121,168.593490600586,140.453976598327,1724425836601,7,-92,-12,-59,3,3f,NaN,0,70.0218241251298
44167,267.92,1,-96.295214,32.9795121,168.593490600586,140.453976598327,1724425837603,7,-92,-12,-59,3,3f,NaN,0,70.0218241251298
44168,267.92,1,-96.295214,32.9795121,168.593490600586,140.453976598327,1724425838602,7,-86,-13,-53,3,3f,NaN,0,70.0218241251298
44169,267.92,1,-96.295214,32.9795121,168.593490600586,140.453976598327,1724425839606,7,-86,-13,-53,3,3f,NaN,0,70.0218241251298
44170,267.92,1,-96.295214,32.9795121,168.593490600586,140.453976598327,1724425840609,6,-83,-12,-51,3,3f,NaN,0,70.0218241251298
44171,267.92,1,-96.295214,32.9795121,168.593490600586,140.453976598327,1724425841610,6,-83,-12,-51,3,3f,NaN,0,70.0218241251298
44172,267.92,1,-96.295214,32.9795121,168.593490600586,140.453976598327,1724425842619,5,-88,-12,-59,3,3f,NaN,0,70.0218241251298
44173,267.92,1,-96.295214,32.9795121,168.593490600586,140.453976598327,1724425843617,5,-88,-12,-59,3,3f,NaN,0.705213728689528,70.7270378538194
44174,267.92,1,-96.2952070265841,32.9795145501191,168.588760375977,140.392703970089,1724425844620,7,-88,-13,-57,3,3f,NaN,0.715196516611059,71.4422343704304
44175,267.92,1,-96.2951999544545,32.9795170349214,168.583877563477,140.33056398412,1724425845623,7,-88,-13,-57,3,3f,NaN,0.076297134418228,71.5185315048487
44176,267.92,1,-96.2951992,32.9795173,168.583343505859,140.323934892895,1724425846623,7,-90,-12,-59,3,3f,NaN,2.60040915899032,74.118940663839
44177,267.92,1,-96.2951731726005,32.9795256789094,168.583343505859,140.323934892895,1724425847629,7,-90,-12,-59,3,3f,NaN,2.60040915899032,76.7193498228293
44178,267.92,1,-96.2951992,32.9795173,168.583343505859,140.323934892895,1724425848629,8,-94,-13,-63,3,3f,NaN,7.77279294789919,84.4921427707285
44179,267.92,1,-96.2951214023952,32.9795423451098,168.516738891602,140.323934892895,1724425849630,8,-94,-13,-63,3,3f,NaN,0.110140775716862,84.6022835464453
44180,267.92,1,-96.2951203,32.9795427,168.515243530273,140.323934892895,1724425850637,7,-86,-11,-55,3,3f,NaN,9.53901828789284,94.1413018343382
44181,267.92,1,-96.2950389288064,32.9795946612011,168.515243530273,140.204404609099,1724425851640,7,-86,-11,-55,3,3f,NaN,9.53901828789284,103.680320122231
44182,267.92,1,-96.2951203,32.9795427,168.515243530273,140.323934892895,1724425852640,7,-86,-12,-51,3,3f,NaN,19.0304758487995,122.710795971031
44183,267.92,1,-96.2949579632925,32.9796463633473,168.515243530273,140.085470248688,1724425853640,7,-86,-12,-51,3,3f,NaN,19.0494921698439,141.760288140874
44184,267.92,1,-96.2947954642482,32.979750130358,168.371047973633,139.846767139836,1724425854641,6,-90,-12,-57,3,3f,NaN,38.5034490089662,180.263737149841
44185,267.92,1,-96.2944670155608,32.9799598678282,167.769348144531,139.364292162021,1724425855641,6,-90,-12,-57,3,3f,NaN,4.08136219281288,184.345099342653
44186,267.92,1,-96.2944322,32.9799821,167.685897827148,139.313149814373,1724425856645,6,-87,-12,-57,3,3f,NaN,0.61396523102122,184.959064573675
44187,267.92,1,-96.294430163349,32.9799873505568,167.685897827148,139.305964350408,1724425857652,6,-87,-12,-57,3,3f,NaN,0.609697346795412,185.56876192047
44188,267.92,1,-96.2944281408555,32.9799925646152,167.660400390625,139.29882883505,1724425858652,6,-83,-12,-55,3,3f,NaN,1.22366257781663,186.792424498287
44189,267.92,1,-96.2944322,32.9799821,167.685897827148,139.313149814373,1724425858652,6,-83,-12,-55,3,3f,NaN,1.46800414194749,188.260428640234
44190,267.92,1,-96.2944273303235,32.9799946541949,167.685897827148,139.295969214578,1724425859652,6,-83,-12,-55,3,3f,NaN,1.46800414194749,189.728432782182
44191,267.92,1,-96.2944322,32.9799821,167.685897827148,139.313149814373,1724425860654,6,-82,-11,-51,3,3f,NaN,2.44814254894361,192.176575331125
44192,267.92,1,-96.2944240789996,32.9800030362208,167.685897827148,139.284498289351,1724425861655,6,-82,-11,-51,3,3f,NaN,2.44814254894361,194.624717880069
44193,267.92,1,-96.2944322,32.9799821,167.685897827148,139.313149814373,1724425862659,6,-89,-12,-55,3,3f,NaN,7.35176457186148,201.97648245193
44194,267.92,1,-96.29440781266,32.9800449714083,167.538681030273,139.227109370599,1724425863660,6,-89,-12,-55,3,3f,NaN,7.4185308329837,209.395013284914
44195,267.92,1,-96.2943832038407,32.980108413798,167.434020996094,139.140287530263,1724425864660,4,-81,-12,-55,3,3f,NaN,0.875386606875741,210.27039989179
44196,267.92,1,-96.2943803,32.9801159,167.417266845703,139.130042553103,1724425865669,4,-81,-12,-55,3,3f,NaN,0,210.27039989179
44197,267.92,1,-96.2943803,32.9801159,167.417266845703,139.130042553103,1724425866673,5,-84,-13,-55,3,3f,NaN,0,210.27039989179
44198,267.92,1,-96.2943803,32.9801159,167.417266845703,139.130042553103,1724425867680,5,-84,-13,-55,3,3f,NaN,1.1943512865164,211.464751178306
44199,267.92,1,-96.2943919117647,32.9801113733799,167.45393371582,139.130042553103,1724425868678,5,-83,-11,-51,3,3f,NaN,0.0193613197633328,211.48411249807
44200,267.92,1,-96.2943921,32.9801113,167.454528808594,139.130042553103,1724425869678,5,-83,-11,-51,3,3f,NaN,0,211.48411249807
44201,267.92,1,-96.2943921,32.9801113,167.454528808594,139.130042553103,1724425870683,5,-82,-12,-51,3,3f,NaN,0,211.48411249807
44202,267.92,1,-96.2943921,32.9801113,167.454528808594,139.130042553103,1724425871684,5,-82,-12,-51,3,3f,NaN,0,211.48411249807
44203,267.92,1,-96.2943921,32.9801113,167.454528808594,139.130042553103,1724425872684,5,-80,-13,-51,3,3f,NaN,0,211.48411249807
44204,267.92,1,-96.2943921,32.9801113,167.454528808594,139.130042553103,1724425873688,5,-80,-13,-51,3,3f,NaN,6.07425773484148,217.558370232911
44205,267.92,1,-96.2944278972407,32.9801569332065,167.501678466797,139.179877683062,1724425874696,5,-82,-12,-51,3,3f,NaN,6.15980969063813,223.718179923549
44206,267.92,1,-96.2944641986679,32.9802032091342,167.463409423828,139.230414716261,1724425875704,5,-82,-12,-51,3,3f,NaN,0.611092176365198,224.329272099914
44207,267.92,1,-96.2944678,32.9802078,167.454376220703,139.235428310824,1724425876699,6,-82,-12,-51,3,3f,NaN,0,224.329272099914
44208,267.92,1,-96.2944678,32.9802078,167.454376220703,139.235428310824,1724425877701,6,-82,-12,-51,3,3f,NaN,0,224.329272099914
44209,267.92,1,-96.2944678,32.9802078,167.454376220703,139.235428310824,1724425878701,6,-84,-14,-53,3,3f,NaN,1.05509670946196,225.384368809376
44210,267.92,1,-96.2944659284148,32.9802171579262,167.420745849609,139.235428310824,1724425879701,6,-84,-14,-53,3,3f,NaN,0.0160186777914172,225.400387487168
44211,267.92,1,-96.2944659,32.9802173,167.42024230957,139.235428310824,1724425880711,6,-86,-14,-55,3,3f,NaN,0,225.400387487168
44212,267.92,1,-96.2944659,32.9802173,167.42024230957,139.235428310824,1724425881711,6,-86,-14,-55,3,3f,NaN,0,225.400387487168
44213,267.92,1,-96.2944659,32.9802173,167.42024230957,139.235428310824,1724425882712,6,-83,-13,-51,3,3f,NaN,0,225.400387487168
44214,267.92,1,-96.2944659,32.9802173,167.42024230957,139.235428310824,1724425883716,6,-83,-13,-51,3,3f,NaN,2.61862280334615,228.019010290514
44215,267.92,1,-96.2944555461318,32.9802391896848,167.339126586914,139.20632660615,1724425884717,5,-81,-12,-51,3,3f,NaN,2.65565374137686,230.674664031891
44216,267.92,1,-96.2944450458453,32.9802613889207,167.268905639648,139.176813362219,1724425885721,5,-81,-12,-51,3,3f,NaN,0.264507343276459,230.939171375167
44217,267.92,1,-96.294444,32.9802636,167.262222290039,139.17387379609,1724425886727,5,-84,-13,-57,3,3f,NaN,0,230.939171375167
44218,267.92,1,-96.294444,32.9802636,167.262222290039,139.17387379609,1724425887727,5,-84,-13,-57,3,3f,NaN,0,230.939171375167
44219,267.92,1,-96.294444,32.9802636,167.262222290039,139.17387379609,1724425888729,5,-83,-14,-51,3,3f,NaN,1.12822682548641,232.067398200654
44220,267.92,1,-96.294447651996,32.9802732728543,167.245239257813,139.17387379609,1724425889730,5,-83,-14,-51,3,3f,NaN,0.0148300795622094,232.082228280216
44221,267.92,1,-96.2944477,32.9802734,167.245056152344,139.17387379609,1724425890733,6,-83,-14,-51,3,3f,NaN,0,232.082228280216
44222,267.92,1,-96.2944477,32.9802734,167.245056152344,139.17387379609,1724425891732,6,-83,-14,-51,3,3f,NaN,0,232.082228280216
44223,267.92,1,-96.2944477,32.9802734,167.245056152344,139.17387379609,1724425892735,6,-85,-13,-57,3,3f,NaN,0,232.082228280216
44224,267.92,1,-96.2944477,32.9802734,167.245056152344,139.17387379609,1724425893734,6,-85,-13,-57,3,3f,NaN,0,232.082228280216
44225,267.92,1,-96.2944477,32.9802734,167.245056152344,139.17387379609,1724425894735,6,-85,-13,-53,3,3f,NaN,4.07944910352655,236.161677383742
44226,267.92,1,-96.2944165287866,32.9802476661088,167.228515625,139.047615678806,1724425895736,6,-85,-13,-53,3,3f,NaN,4.13702258778509,240.298699971527
44227,267.92,1,-96.2943849176569,32.9802215690377,167.172485351563,138.919575692931,1724425896742,6,-85,-13,-53,3,3f,NaN,1.61204078295305,241.91074075448
44228,267.92,1,-96.2943726,32.9802114,167.17887878418,138.869683372391,1724425897744,7,-82,-12,-51,3,3f,NaN,0,241.91074075448
44229,267.92,1,-96.2943726,32.9802114,167.17887878418,138.869683372391,1724425898746,7,-82,-12,-51,3,3f,NaN,0,241.91074075448
44230,267.92,1,-96.2943726,32.9802114,167.17887878418,138.869683372391,1724425899746,6,-82,-13,-51,3,3f,NaN,1.2521432036659,243.162883958146
44231,267.92,1,-96.2943859363636,32.9802101157576,167.219116210938,138.869683372391,1724425900748,6,-82,-13,-51,3,3f,NaN,0.0153637241666731,243.178247682313
44232,267.92,1,-96.2943861,32.9802101,167.219604492188,138.869683372391,1724425901750,6,-84,-12,-57,3,3f,NaN,0,243.178247682313
44233,267.92,1,-96.2943861,32.9802101,167.219604492188,138.869683372391,1724425902763,6,-84,-12,-57,3,3f,NaN,0,243.178247682313
44234,267.92,1,-96.2943861,32.9802101,167.219604492188,138.869683372391,1724425903759,5,-81,-13,-51,3,3f,NaN,0,243.178247682313
44235,267.92,1,-96.2943861,32.9802101,167.219604492188,138.869683372391,1724425904760,5,-81,-13,-51,3,3f,NaN,0.649300967331892,243.827548649645
44236,267.92,1,-96.2943929510992,32.980211133571,167.233779907227,138.913137080849,1724425905765,5,-81,-13,-51,3,3f,NaN,0.653873504903746,244.481422154549
44237,267.92,1,-96.2943998504456,32.9802121744207,167.254241943359,138.956896801339,1724425906766,5,-81,-13,-51,3,3f,NaN,0.653220279720859,245.134642434269
44238,267.92,1,-96.2944067428996,32.9802132142305,167.275390625,139.000612805824,1724425907766,6,-83,-13,-55,3,3f,NaN,0.242344720219617,245.376987154489
44239,267.92,1,-96.2944093,32.9802136,167.283279418945,139.016831443488,1724425908773,6,-83,-13,-55,3,3f,NaN,0,245.376987154489
44240,267.92,1,-96.2944093,32.9802136,167.283279418945,139.016831443488,1724425909773,6,-84,-12,-53,3,3f,NaN,0.22175919367684,245.598746348166
44241,267.92,1,-96.2944115701894,32.9802141922233,167.28938293457,139.016831443488,1724425910774,6,-84,-12,-53,3,3f,NaN,0.00291199386791957,245.601658342034
44242,267.92,1,-96.2944116,32.9802142,167.289459228516,139.016831443488,1724425911776,6,-81,-12,-51,3,3f,NaN,0,245.601658342034
44243,267.92,1,-96.2944116,32.9802142,167.289459228516,139.016831443488,1724425912777,6,-81,-12,-51,3,3f,NaN,0,245.601658342034
44244,267.92,1,-96.2944116,32.9802142,167.289459228516,139.016831443488,1724425913776,7,-81,-13,-51,3,3f,NaN,0,245.601658342034
44245,267.92,1,-96.2944116,32.9802142,167.289459228516,139.016831443488,1724425914781,7,-81,-13,-51,3,3f,NaN,0,245.601658342034
44246,267.92,1,-96.2944116,32.9802142,167.289459228516,139.016831443488,1724425915784,7,-83,-13,-53,3,3f,NaN,0.42814398585692,246.029802327891
44247,267.92,1,-96.2944114717038,32.980210351113,167.303237915039,139.034899148715,1724425916791,7,-83,-13,-53,3,3f,NaN,0.428143986883582,246.457946314774
44248,267.92,1,-96.2944113434075,32.980206502226,167.317031860352,139.052966853943,1724425917790,7,-82,-13,-51,3,3f,NaN,0.144857520840874,246.602803835615
44249,267.92,1,-96.2944113,32.9802052,167.321701049805,139.059079851307,1724425918794,7,-82,-13,-51,3,3f,NaN,0,246.602803835615
44250,267.92,1,-96.2944113,32.9802052,167.321701049805,139.059079851307,1724425919798,6,-81,-12,-51,3,3f,NaN,0,246.602803835615
44251,267.92,1,-96.2944113,32.9802052,167.321701049805,139.059079851307,1724425920801,6,-81,-12,-51,3,3f,NaN,0.175842518823385,246.778646354439
44252,267.92,1,-96.2944112012987,32.9802036207792,167.327209472656,139.059079851307,1724425921800,6,-84,-12,-55,3,3f,NaN,0.00231371468674437,246.780960069125
44253,267.92,1,-96.2944112,32.9802036,167.327270507813,139.059079851307,1724425922803,6,-84,-12,-55,3,3f,NaN,0,246.780960069125
44254,267.92,1,-96.2944112,32.9802036,167.327270507813,139.059079851307,1724425923805,5,-83,-13,-51,3,3f,NaN,0,246.780960069125
44255,267.92,1,-96.2944112,32.9802036,167.327270507813,139.059079851307,1724425924806,5,-83,-13,-51,3,3f,NaN,0,246.780960069125
44256,267.92,1,-96.2944112,32.9802036,167.327270507813,139.059079851307,1724425925809,6,-85,-12,-55,3,3f,NaN,0.216708593271823,246.997668662397
44257,267.92,1,-96.2944120986118,32.9802053972235,167.323822021484,139.034647816212,1724425926810,6,-85,-12,-55,3,3f,NaN,0.219560032622754,247.21722869502
44258,267.92,1,-96.2944130090474,32.9802072180948,167.320358276367,139.009894306971,1724425927811,6,-86,-12,-55,3,3f,NaN,0.0219340662677824,247.239162761288
44259,267.92,1,-96.2944131,32.9802074,167.320007324219,139.007421428925,1724425928813,6,-86,-12,-55,3,3f,NaN,0,247.239162761288
44260,267.92,1,-96.2944131,32.9802074,167.320007324219,139.007421428925,1724425929814,6,-86,-12,-55,3,3f,NaN,0,247.239162761288
44261,267.92,1,-96.2944131,32.9802074,167.320007324219,139.007421428925,1724425930814,6,-90,-14,-59,3,3f,NaN,0,247.239162761288
44262,267.92,1,-96.2944131,32.9802074,167.320007324219,139.007421428925,1724425931815,6,-90,-14,-59,3,3f,NaN,0.109092381696979,247.348255142985
44263,267.92,1,-96.2944135940358,32.9802082892644,167.318511962891,139.007421428925,1724425932822,6,-88,-12,-57,3,3f,NaN,0.0013170117315607,247.349572154716
44264,267.92,1,-96.2944136,32.9802083,167.318481445313,139.007421428925,1724425933823,6,-88,-12,-57,3,3f,NaN,0,247.349572154716
44265,267.92,1,-96.2944136,32.9802083,167.318481445313,139.007421428925,1724425934831,6,-85,-13,-51,3,3f,NaN,0,247.349572154716
44266,267.92,1,-96.2944136,32.9802083,167.318481445313,139.007421428925,1724425935833,6,-85,-13,-51,3,3f,NaN,0,247.349572154716
44267,267.92,1,-96.2944136,32.9802083,167.318481445313,139.007421428925,1724425936837,5,-85,-12,-55,3,3f,NaN,6.79971406970034,254.149286224417
44268,267.92,1,-96.2944864524013,32.9802104676652,167.469100952148,139.104864424032,1724425937837,5,-85,-12,-55,3,3f,NaN,6.86146711136756,261.010753335784
44269,267.92,1,-96.2945599664289,32.9802126550166,167.455642700195,139.203192370658,1724425938837,5,-87,-13,-57,3,3f,NaN,0.768484306294065,261.779237642078
44270,267.92,1,-96.2945682,32.9802129,167.446792602539,139.21420510068,1724425939839,5,-87,-13,-57,3,3f,NaN,5.84243475906802,267.621672401146
44271,267.92,1,-96.2946304922715,32.9802074074924,167.446792602539,139.21420510068,1724425940840,5,-89,-12,-59,3,3f,NaN,5.84243475906802,273.464107160214
44272,267.92,1,-96.2945682,32.9802129,167.446792602539,139.21420510068,1724425941847,5,-89,-12,-59,3,3f,NaN,17.5681615511154,291.03226871133
44273,267.92,1,-96.2947555124248,32.9801963840681,167.785247802734,139.21420510068,1724425942849,5,-88,-13,-55,3,3f,NaN,0.195795135818004,291.228063847148
44274,267.92,1,-96.2947576,32.9801962,167.790466308594,139.21420510068,1724425943849,5,-88,-13,-55,3,3f,NaN,6.47677993942484,297.704843786572
44275,267.92,1,-96.2948240440864,32.9802131141102,167.771865844727,139.328379473264,1724425944853,5,-84,-13,-55,3,3f,NaN,6.47677993942484,304.181623725997
44276,267.92,1,-96.2947576,32.9801962,167.790466308594,139.21420510068,1724425944853,5,-84,-13,-55,3,3f,NaN,8.62280438688331,312.804428112881
44277,267.92,1,-96.2948460597565,32.9802187184535,167.790466308594,139.36621015847,1724425945855,5,-84,-13,-55,3,3f,NaN,8.62280438688331,321.427232499764
44278,267.92,1,-96.2947576,32.9801962,167.790466308594,139.21420510068,1724425946857,5,-84,-13,-55,3,3f,NaN,25.8684071119223,347.295639611686
44279,267.92,1,-96.2950229792694,32.9802637553605,167.639862060547,139.670220274048,1724425947859,5,-84,-13,-55,3,3f,NaN,26.1816287137337,373.47726832542
44280,267.92,1,-96.2952915720114,32.9803321287476,167.841567993164,140.131757326408,1724425948862,4,-81,-11,-51,3,3f,NaN,2.97577716359438,376.453045489014
44281,267.92,1,-96.2953221,32.9803399,167.900039672852,140.184215176826,1724425949867,4,-81,-11,-51,3,3f,NaN,3.59522871622921,380.048274205244
44282,267.92,1,-96.2953384957057,32.9803691615513,167.900039672852,140.184215176826,1724425950869,6,-81,-12,-51,3,3f,NaN,3.59522871622921,383.643502921473
44283,267.92,1,-96.2953221,32.9803399,167.900039672852,140.184215176826,1724425951870,6,-81,-12,-51,3,3f,NaN,10.7785093873463,394.422012308819
44284,267.92,1,-96.2953712543912,32.9804276262475,168.079025268555,140.184215176826,1724425952871,6,-85,-11,-57,3,3f,NaN,0.119640357485354,394.541652666304
44285,267.92,1,-96.2953718,32.9804286,168.076812744141,140.184215176826,1724425953871,6,-85,-11,-57,3,3f,NaN,6.10253183726771,400.644184503572
44286,267.92,1,-96.2953065503864,32.9804326049117,168.076812744141,140.173033554322,1724425954871,6,-88,-12,-57,3,3f,NaN,6.10253183726771,406.74671634084
44287,267.92,1,-96.2953718,32.9804286,168.076812744141,140.184215176826,1724425955876,6,-88,-12,-57,3,3f,NaN,12.2416785895872,418.988394930427
44288,267.92,1,-96.2952409092751,32.9804366338528,168.076812744141,140.161784842082,1724425956879,6,-86,-13,-53,3,3f,NaN,12.2294724211322,431.217867351559
44289,267.92,1,-96.2951101490494,32.9804446596958,167.963928222656,140.139376870583,1724425957881,6,-86,-13,-53,3,3f,NaN,24.768366955095,455.986234306654
44290,267.92,1,-96.2948453201521,32.9804609144487,167.80241394043,140.093993969527,1724425958881,6,-89,-13,-55,3,3f,NaN,2.8731302751598,458.859364581814
44291,267.92,1,-96.2948146,32.9804628,167.763198852539,140.088729553005,1724425959883,6,-89,-13,-55,3,3f,NaN,1.8190711031886,460.678435685003
44292,267.92,1,-96.29479511213,32.9804634206688,167.763198852539,140.048667295259,1724425960884,4,-85,-12,-51,3,3f,NaN,1.8190711031886,462.497506788191
44293,267.92,1,-96.2948146,32.9804628,167.763198852539,140.088729553005,1724425961889,4,-85,-12,-51,3,3f,NaN,3.03481392480704,465.532320712998
44294,267.92,1,-96.2947820877693,32.9804638354815,167.763198852539,140.021892419703,1724425962891,6,-89,-13,-57,3,3f,NaN,3.03481392480704,468.567134637805
44295,267.92,1,-96.2948146,32.9804628,167.763198852539,140.088729553005,1724425963898,6,-89,-13,-57,3,3f,NaN,9.11352791950644,477.680662557312
44296,267.92,1,-96.2947169659661,32.9804659095447,167.47282409668,139.888018041922,1724425964898,6,-89,-13,-63,3,3f,NaN,9.11352791950644,486.794190476818
44297,267.92,1,-96.2948146,32.9804628,167.763198852539,140.088729553005,1724425964898,6,-89,-13,-63,3,3f,NaN,11.487561012592,498.28175148941
44298,267.92,1,-96.2946915327382,32.9804667195672,167.763198852539,139.835733593785,1724425965907,6,-89,-13,-63,3,3f,NaN,11.487561012592,509.769312502002
44299,267.92,1,-96.2948146,32.9804628,167.763198852539,140.088729553005,1724425966907,6,-92,-13,-61,3,3f,NaN,22.8042939329749,532.573606434977
44300,267.92,1,-96.2945702955676,32.9804705808478,167.763198852539,139.586499850783,1724425967907,6,-92,-13,-61,3,3f,NaN,22.8727048080731,555.44631124305
44301,267.92,1,-96.2943252582218,32.9804783850382,167.159225463867,139.082763459455,1724425968910,5,-94,-12,-65,3,3f,NaN,46.091817012313,601.538128255363
44302,267.92,1,-96.2938314723709,32.9804941116157,166.429382324219,138.067661447799,1724425969910,5,-94,-12,-65,3,3f,NaN,4.65527305792633,606.193401313289
44303,267.92,1,-96.2937816,32.9804957,166.439392089844,137.965136144622,1724425970915,5,-94,-12,-65,3,3f,NaN,0.470506282561421,606.663907595851
44304,267.92,1,-96.2937765830638,32.9804952605834,166.439392089844,137.970683552322,1724425971914,6,-93,-13,-61,3,3f,NaN,0.470506282561421,607.134413878412
44305,267.92,1,-96.2937816,32.9804957,166.439392089844,137.965136144622,1724425972917,6,-93,-13,-61,3,3f,NaN,1.41481570458864,608.549229583001
44306,267.92,1,-96.2937665140376,32.9804943786712,166.446899414063,137.981817238447,1724425973919,6,-95,-13,-65,3,3f,NaN,1.41481570458864,609.96404528759
44307,267.92,1,-96.2937816,32.9804957,166.439392089844,137.965136144622,1724425973919,6,-95,-13,-65,3,3f,NaN,1.76834322701864,611.732388514608
44308,267.92,1,-96.293762744428,32.9804940485038,166.439392089844,137.985985431966,1724425974921,6,-95,-13,-65,3,3f,NaN,1.76834322701864,613.500731741627
44309,267.92,1,-96.2937816,32.9804957,166.439392089844,137.965136144622,1724425975919,5,-93,-12,-63,3,3f,NaN,3.52436790858716,617.025099650214
44310,267.92,1,-96.2937440202071,32.9804924085121,166.439392089844,138.00668947969,1724425976920,5,-93,-12,-63,3,3f,NaN,3.55253481514508,620.577634465359
44311,267.92,1,-96.2937061400762,32.9804890907187,166.538635253906,138.048574909344,1724425977929,5,-94,-12,-67,3,3f,NaN,7.09107122963261,627.668705694992
44312,267.92,1,-96.2936305290814,32.9804824682056,166.406875610352,138.132180718639,1724425978930,5,-94,-12,-67,3,3f,NaN,0.715482740683067,628.384188435675
44313,267.92,1,-96.2936229,32.9804818,166.370208740234,138.140616469627,1724425979935,5,-94,-13,-63,3,3f,NaN,1.48389851502216,629.868086950697
44314,267.92,1,-96.2936385828022,32.9804840404003,166.445892333984,138.140616469627,1724425980938,5,-94,-13,-63,3,3f,NaN,1.48389851502216,631.351985465719
44315,267.92,1,-96.2936229,32.9804818,166.370208740234,138.140616469627,1724425980938,5,-94,-13,-63,3,3f,NaN,2.21955912989773,633.571544595617
44316,267.92,1,-96.293646357741,32.9804851511058,166.370208740234,138.140616469627,1724425981938,6,-95,-13,-63,3,3f,NaN,2.23065683526584,635.802201430883
44317,267.92,1,-96.2936699327706,32.9804885189672,166.559158325195,138.140616469627,1724425982943,6,-95,-13,-63,3,3f,NaN,0.0536709460379951,635.855872376921
44318,267.92,1,-96.2936705,32.9804886,166.558822631836,138.140616469627,1724425983943,6,-94,-12,-65,3,3f,NaN,0,635.855872376921
44319,267.92,1,-96.2936705,32.9804886,166.558822631836,138.140616469627,1724425984945,6,-94,-12,-65,3,3f,NaN,0,635.855872376921
44320,267.92,1,-96.2936705,32.9804886,166.558822631836,138.140616469627,1724425985948,5,-96,-13,-65,3,3f,NaN,0,635.855872376921
44321,267.92,1,-96.2936705,32.9804886,166.558822631836,138.140616469627,1724425986948,5,-96,-13,-65,3,3f,NaN,1.21153735387725,637.067409730798
44322,267.92,1,-96.2936581660342,32.9804920155598,166.535598754883,138.049966516961,1724425987959,5,-95,-13,-65,3,3f,NaN,1.21153731846562,638.278947049263
44323,267.92,1,-96.2936458320683,32.9804954311195,166.48095703125,137.959316564295,1724425988959,5,-95,-13,-65,3,3f,NaN,0.130846027475704,638.409793076739
44324,267.92,1,-96.2936445,32.9804958,166.475158691406,137.949526369407,1724425989961,5,-94,-13,-65,3,3f,NaN,0,638.409793076739
44325,267.92,1,-96.2936445,32.9804958,166.475158691406,137.949526369407,1724425990960,5,-94,-13,-65,3,3f,NaN,0,638.409793076739
44326,267.92,1,-96.2936445,32.9804958,166.475158691406,137.949526369407,1724425991962,5,-94,-13,-65,3,3f,NaN,0.332286502452061,638.742079579191
44327,267.92,1,-96.2936419338,32.9804978727,166.464294433594,137.949526369407,1724425992962,5,-95,-12,-61,3,3f,NaN,0.00437662131521119,638.746456200506
44328,267.92,1,-96.2936419,32.9804979,166.464157104492,137.949526369407,1724425993967,5,-95,-12,-61,3,3f,NaN,0,638.746456200506
44329,267.92,1,-96.2936419,32.9804979,166.464157104492,137.949526369407,1724425994969,6,-95,-13,-67,3,3f,NaN,0,638.746456200506
44330,267.92,1,-96.2936419,32.9804979,166.464157104492,137.949526369407,1724425995970,6,-95,-13,-67,3,3f,NaN,0,638.746456200506
44331,267.92,1,-96.2936419,32.9804979,166.464157104492,137.949526369407,1724425996975,6,-95,-13,-63,3,3f,NaN,0,638.746456200506
44332,267.92,1,-96.2936419,32.9804979,166.464157104492,137.949526369407,1724425997977,6,-95,-13,-63,3,3f,NaN,1.27662489406489,640.023081094571
44333,267.92,1,-96.2936499522031,32.9805071837165,166.499038696289,138.046917549601,1724425998979,6,-94,-13,-65,3,3f,NaN,1.2946963762304,641.317777470802
44334,267.92,1,-96.2936581183908,32.9805165988506,166.531173706055,138.145687371375,1724425999982,6,-94,-13,-65,3,3f,NaN,0.123919090511182,641.441696561313
44335,267.92,1,-96.2936589,32.9805175,166.534072875977,138.155140913639,1724426000981,5,-96,-13,-63,3,3f,NaN,0,641.441696561313
44336,267.92,1,-96.2936589,32.9805175,166.534072875977,138.155140913639,1724426001991,5,-96,-13,-63,3,3f,NaN,0,641.441696561313
44337,267.92,1,-96.2936589,32.9805175,166.534072875977,138.155140913639,1724426002992,6,-97,-13,-63,3,3f,NaN,0,641.441696561313
44338,267.92,1,-96.2936589,32.9805175,166.534072875977,138.155140913639,1724426003992,6,-97,-13,-63,3,3f,NaN,0,641.441696561313
44339,267.92,1,-96.2936589,32.9805175,166.534072875977,138.155140913639,1724426004995,7,-96,-13,-67,3,3f,NaN,0.0981198700017593,641.539816431315
44340,267.92,1,-96.2936584730493,32.9805166935376,166.53254699707,138.17785385863,1724426005997,7,-96,-13,-67,3,3f,NaN,0.0989119588939741,641.638728390208
44341,267.92,1,-96.293658042652,32.9805158805649,166.530990600586,138.200750157365,1724426006996,7,-96,-13,-65,3,3f,NaN,0.00980209082401264,641.648530481032
44342,267.92,1,-96.293658,32.9805158,166.530838012695,138.203019159942,1724426008000,7,-96,-13,-65,3,3f,NaN,0,641.648530481032
44343,267.92,1,-96.293658,32.9805158,166.530838012695,138.203019159942,1724426009000,7,-95,-13,-61,3,3f,NaN,0,641.648530481032
44344,267.92,1,-96.293658,32.9805158,166.530838012695,138.203019159942,1724426010007,7,-95,-13,-61,3,3f,NaN,0.0615571052026689,641.710087586235
44345,267.92,1,-96.2936577033033,32.9805153055055,166.529754638672,138.203019159942,1724426011009,6,-95,-13,-63,3,3f,NaN,0.000685351479783568,641.710772937715
44346,267.92,1,-96.2936577,32.9805153,166.529739379883,138.203019159942,1724426012018,6,-95,-13,-63,3,3f,NaN,0,641.710772937715
44347,267.92,1,-96.2936577,32.9805153,166.529739379883,138.203019159942,1724426013017,6,-96,-13,-63,3,3f,NaN,0,641.710772937715
44348,267.92,1,-96.2936577,32.9805153,166.529739379883,138.203019159942,1724426014019,6,-96,-13,-63,3,3f,NaN,0,641.710772937715
44349,267.92,1,-96.2936577,32.9805153,166.529739379883,138.203019159942,1724426015020,5,-95,-13,-61,3,3f,NaN,0.576743444654505,642.28751638237
44350,267.92,1,-96.2936630599045,32.9805178859189,166.550247192383,138.084105207907,1724426016020,5,-95,-13,-61,3,3f,NaN,0.586697376889353,642.874213759259
44351,267.92,1,-96.293668512315,32.9805205164678,166.551376342773,137.963138933856,1724426017022,5,-95,-13,-63,3,3f,NaN,0.0713451102444311,642.945558869503
44352,267.92,1,-96.2936691984598,32.9805208,166.551055908203,138.06440824502,1724426018030,5,-95,-13,-63,3,3f,NaN,0.00014366453930206,642.945702534043
44353,267.92,1,-96.2936692,32.9805208,166.551055908203,138.066196296742,1724426019029,6,-94,-13,-63,3,3f,NaN,0,642.945702534043
44354,267.92,1,-96.2936692,32.9805208,166.551055908203,138.066196296742,1724426020035,6,-94,-13,-63,3,3f,NaN,0.128614569962992,643.074317104006
44355,267.92,1,-96.2936703844156,32.9805213922078,166.550476074219,138.066196296742,1724426021033,6,-95,-13,-63,3,3f,NaN,0.00169229463769146,643.076009398643
44356,267.92,1,-96.2936704,32.9805214,166.55046081543,138.066196296742,1724426022033,6,-95,-13,-63,3,3f,NaN,0,643.076009398643
44357,267.92,1,-96.2936704,32.9805214,166.55046081543,138.066196296742,1724426023041,6,-98,-12,-67,3,3f,NaN,0,643.076009398643
44358,267.92,1,-96.2936704,32.9805214,166.55046081543,138.066196296742,1724426024041,6,-98,-12,-67,3,3f,NaN,0,643.076009398643
44359,267.92,1,-96.2936704,32.9805214,166.55046081543,138.066196296742,1724426025041,7,-96,-13,-67,3,3f,NaN,0,643.076009398643
44360,267.92,1,-96.2936704,32.9805214,166.55046081543,138.066196296742,1724426026042,7,-96,-13,-67,3,3f,NaN,6.17403673599148,649.250046134635
44361,267.92,1,-96.2936048807619,32.9805292887619,166.340560913086,138.379513863345,1724426027048,7,-94,-13,-63,3,3f,NaN,6.21760298043616,655.467649115071
44362,267.92,1,-96.2935388991905,32.9805372331905,166.240585327148,138.695042340195,1724426028047,7,-94,-13,-63,3,3f,NaN,0.678397089911642,656.146046204983
44363,267.92,1,-96.2935317,32.9805381,166.239288330078,138.729469371203,1724426029048,7,-94,-13,-63,3,3f,NaN,6.69466371760088,662.840709922584
44364,267.92,1,-96.2934602015067,32.9805433536206,166.239288330078,138.729469371203,1724426030047,7,-94,-13,-63,3,3f,NaN,6.69466371760088,669.535373640184
44365,267.92,1,-96.2935317,32.9805381,166.239288330078,138.729469371203,1724426031052,6,-96,-13,-63,3,3f,NaN,20.1443022388587,689.679675879043
44366,267.92,1,-96.2933165603896,32.9805539081918,165.909591674805,138.729469371203,1724426032054,6,-96,-13,-63,3,3f,NaN,20.1443022388587,709.823978117902
44367,267.92,1,-96.2935317,32.9805381,166.239288330078,138.729469371203,1724426032054,6,-96,-13,-63,3,3f,NaN,40.2886008984197,750.112579016321
44368,267.92,1,-96.2931014207792,32.9805697163836,165.517532348633,138.729469371203,1724426033056,6,-99,-14,-65,3,3f,NaN,0.488840366196601,750.601419382518
44369,267.92,1,-96.2930962,32.9805701,165.514999389648,138.729469371203,1724426034056,6,-99,-14,-65,3,3f,NaN,11.9646397841106,762.566059166629
44370,267.92,1,-96.2929681118296,32.9805758391371,165.514999389648,138.918390585669,1724426035061,6,-100,-14,-67,3,3f,NaN,11.9646397841106,774.530698950739
44371,267.92,1,-96.2930962,32.9805701,165.514999389648,138.729469371203,1724426036063,6,-100,-14,-67,3,3f,NaN,35.7986761201309,810.32937507087
44372,267.92,1,-96.2927129550962,32.9805872717267,165.238830566406,139.294729164136,1724426037063,5,-100,-13,-69,3,3f,NaN,35.7986761201309,846.128051191001
44373,267.92,1,-96.2930962,32.9805701,165.514999389648,138.729469371203,1724426037063,5,-100,-13,-69,3,3f,NaN,71.7763386259485,917.90438981695
44374,267.92,1,-96.2923277939679,32.980604529312,165.113296508789,139.862815256034,1724426038068,5,-100,-13,-69,3,3f,NaN,72.2817775866123,990.186167403562
44375,267.92,1,-96.2915539766258,32.9806392010839,165.31689453125,141.004142449913,1724426039069,6,-100,-12,-71,3,3f,NaN,9.17061311425707,999.356780517819
44376,267.92,1,-96.2914558,32.9806436,165.253448486328,141.148946199786,1724426040069,6,-100,-12,-71,3,3f,NaN,11.720411447016,1011.07719196483
44377,267.92,1,-96.291330566911,32.9806522052437,165.182586669922,141.223782373131,1724426041072,8,-97,-13,-63,3,3f,NaN,11.720411447016,1022.79760341185
44378,267.92,1,-96.2914558,32.9806436,165.253448486328,141.148946199786,1724426041072,8,-97,-13,-63,3,3f,NaN,5.84917012871197,1028.64677354056
44379,267.92,1,-96.2913933013728,32.9806478945193,165.253448486328,141.186293822002,1724426042073,8,-97,-13,-63,3,3f,NaN,5.84917012871197,1034.49594366927
44380,267.92,1,-96.2914558,32.9806436,165.253448486328,141.148946199786,1724426043076,8,-93,-12,-63,3,3f,NaN,8.81464962942722,1043.3105932987
44381,267.92,1,-96.2913616150993,32.9806500718042,165.253448486328,141.205228749495,1724426044082,8,-93,-12,-63,3,3f,NaN,8.81464962942722,1052.12524292813
44382,267.92,1,-96.2914558,32.9806436,165.253448486328,141.148946199786,1724426045082,8,-90,-12,-59,3,3f,NaN,17.5942503171623,1069.71949324529
44383,267.92,1,-96.2912678046912,32.9806565178755,165.253448486328,141.26128751173,1724426046086,8,-90,-12,-59,3,3f,NaN,17.5591994560403,1087.27869270133
44384,267.92,1,-96.2910801838751,32.9806694100181,165.508773803711,141.3734050362,1724426047088,8,-89,-12,-59,3,3f,NaN,35.1534497731884,1122.43214247452
44385,267.92,1,-96.2914558,32.9806436,165.253448486328,141.148946199786,1724426047088,8,-89,-12,-59,3,3f,NaN,52.5810450322047,1175.01318750672
44386,267.92,1,-96.2908939692287,32.9806822055375,165.253448486328,141.484682268647,1724426048087,8,-89,-12,-59,3,3f,NaN,52.8441904157296,1227.85737792245
44387,267.92,1,-96.2903293264916,32.9807210042959,166.591918945313,141.822098698212,1724426049091,9,-86,-11,-55,3,3f,NaN,106.596533599543,1334.453911522
44388,267.92,1,-96.289190336611,32.9807992686396,165.927871704102,142.502730668843,1724426050092,9,-86,-11,-55,3,3f,NaN,11.0749591498776,1345.52887067188
44389,267.92,1,-96.289072,32.9808074,166.158798217773,142.573445678779,1724426051090,9,-86,-12,-57,3,3f,NaN,8.98470276999296,1354.51357344187
44390,267.92,1,-96.2889759501048,32.980813487466,166.158798217773,142.661247536349,1724426052094,9,-86,-12,-57,3,3f,NaN,8.98470276999296,1363.49827621186
44391,267.92,1,-96.289072,32.9808074,166.158798217773,142.573445678779,1724426053100,8,-85,-12,-53,3,3f,NaN,26.9272597510736,1390.42553596293
44392,267.92,1,-96.288784137316,32.9808256442083,166.363891601563,142.836588895342,1724426054099,8,-85,-12,-53,3,3f,NaN,26.9272597510736,1417.35279571401
44393,267.92,1,-96.289072,32.9808074,166.158798217773,142.573445678779,1724426054099,8,-85,-12,-53,3,3f,NaN,34.0698836661706,1451.42267938018
44394,267.92,1,-96.2887077799303,32.9808304835991,166.158798217773,142.906389286917,1724426055111,6,-86,-11,-57,3,3f,NaN,34.0698836661706,1485.49256304635
44395,267.92,1,-96.289072,32.9808074,166.158798217773,142.573445678779,1724426056113,6,-86,-11,-57,3,3f,NaN,67.5337726372403,1553.02633568359
44396,267.92,1,-96.2883500380832,32.9808531566204,166.158798217773,143.233410973172,1724426057112,6,-88,-11,-57,3,3f,NaN,67.5337378275185,1620.56007351111
44397,267.92,1,-96.2876280761665,32.9808989132409,166.783279418945,143.893376267564,1724426058111,6,-88,-11,-57,3,3f,NaN,82.6326969231263,1703.19277043423
44398,267.92,1,-96.2867447,32.9809549,166.936614990234,144.700894778183,1724426059112,6,-91,-14,-59,3,3f,NaN,8.77023199774587,1711.96300243198
44399,267.92,1,-96.2866506782285,32.9809554999566,166.936614990234,144.751105481699,1724426060114,6,-91,-14,-59,3,3f,NaN,8.76147921175927,1720.72448164374
44400,267.92,1,-96.2865567502911,32.9809560993145,166.963470458984,144.801266074733,1724426061115,7,-92,-13,-63,3,3f,NaN,17.5317112095034,1738.25619285324
44401,267.92,1,-96.2867447,32.9809549,166.936614990234,144.700894778183,1724426061115,7,-92,-13,-63,3,3f,NaN,7.91348403014674,1746.16967688339
44402,267.92,1,-96.2866598630439,32.9809554413479,166.936614990234,144.746200489628,1724426062121,7,-92,-13,-63,3,3f,NaN,7.91348403014674,1754.08316091354
44403,267.92,1,-96.2867447,32.9809549,166.936614990234,144.700894778183,1724426063122,9,-92,-11,-61,3,3f,NaN,15.8269680105334,1769.91012892407
44404,267.92,1,-96.2865750260878,32.9809559826959,166.936614990234,144.791506201072,1724426064128,9,-92,-11,-61,3,3f,NaN,15.7483049560001,1785.65843388007
44405,267.92,1,-96.2864061954853,32.9809570600106,166.756317138672,144.881667268976,1724426065129,8,-94,-12,-63,3,3f,NaN,31.5752729665233,1817.23370684659
44406,267.92,1,-96.2867447,32.9809549,166.936614990234,144.700894778183,1724426065129,8,-94,-12,-63,3,3f,NaN,39.4572798848112,1856.6909867314
44407,267.92,1,-96.2863216959793,32.9809575992052,166.750076293945,144.926792771042,1724426066130,8,-94,-12,-63,3,3f,NaN,39.4572798848112,1896.14826661622
44408,267.92,1,-96.2867447,32.9809549,166.936614990234,144.700894778183,1724426066130,8,-94,-12,-63,3,3f,NaN,52.6885419656662,1948.83680858188
44409,267.92,1,-96.2861798494762,32.9809585043333,166.936614990234,145.002543446637,1724426067133,8,-93,-13,-65,3,3f,NaN,52.6885419656662,2001.52535054755
44410,267.92,1,-96.2867447,32.9809549,166.936614990234,144.700894778183,1724426068140,8,-93,-13,-65,3,3f,NaN,158.065619452523,2159.59097000007
44411,267.92,1,-96.2850501484285,32.980965713,166.737823486328,145.605840783544,1724426069139,8,-95,-14,-63,3,3f,NaN,161.120784432495,2320.71175443257
44412,267.92,1,-96.2833228435714,32.980976735,167.981872558594,146.528278115559,1724426070141,8,-95,-14,-63,3,3f,NaN,18.4919051087169,2339.20365954128
44413,267.92,1,-96.2831246,32.980978,168.294937133789,146.634146671629,1724426071144,9,-95,-12,-65,3,3f,NaN,5.94202258827066,2345.14568212955
44414,267.92,1,-96.2830609023983,32.9809772636003,168.294937133789,146.702081767008,1724426072144,9,-95,-12,-65,3,3f,NaN,5.94202258827066,2351.08770471782
44415,267.92,1,-96.2831246,32.980978,168.294937133789,146.634146671629,1724426073153,9,-100,-13,-65,3,3f,NaN,8.92342205358622,2360.01112677141
44416,267.92,1,-96.283028942238,32.980976894113,168.294937133789,146.736168082347,1724426074153,9,-100,-13,-65,3,3f,NaN,8.92342205358622,2368.934548825
44417,267.92,1,-96.2831246,32.980978,168.294937133789,146.634146671629,1724426075153,9,-96,-13,-67,3,3f,NaN,17.8646910724593,2386.79923989746
44418,267.92,1,-96.2829330931604,32.9809757860142,168.294937133789,146.838393535886,1724426076155,9,-96,-13,-67,3,3f,NaN,17.8646915204971,2404.66393141795
44419,267.92,1,-96.2827415863208,32.9809735720283,168.484817504883,147.042640400142,1724426077157,9,-96,-13,-63,3,3f,NaN,35.7293825929417,2440.39331401089
44420,267.92,1,-96.2831246,32.980978,168.294937133789,146.634146671629,1724426077157,9,-96,-13,-63,3,3f,NaN,47.5440890121366,2487.93740302303
44421,267.92,1,-96.2826149344255,32.9809721078221,168.728485107422,147.177717833989,1724426078157,9,-96,-13,-63,3,3f,NaN,47.5440890121366,2535.48149203517
44422,267.92,1,-96.2831246,32.980978,168.294937133789,146.634146671629,1724426078157,9,-96,-13,-63,3,3f,NaN,71.3875219560379,2606.86901399121
44423,267.92,1,-96.2823593363776,32.9809691528861,169.535827636719,147.45031958483,1724426079159,8,-97,-15,-63,3,3f,NaN,71.3875219560379,2678.25653594724
44424,267.92,1,-96.2831246,32.980978,168.294937133789,146.634146671629,1724426079159,8,-97,-15,-63,3,3f,NaN,142.917541138364,2821.17407708561
44425,267.92,1,-96.281592545283,32.9809602881132,170.13493347168,148.268121585682,1724426080163,8,-97,-15,-63,3,3f,NaN,143.77851909853,2964.95259618414
44426,267.92,1,-96.2800512613208,32.9809424695283,172.577758789063,149.911939722108,1724426081165,8,-96,-14,-63,3,3f,NaN,17.5059693823181,2982.45856556646
44427,267.92,1,-96.2798636,32.9809403,172.895324707031,150.112085243709,1724426082167,8,-96,-14,-63,3,3f,NaN,8.91815338131259,2991.37671894777
44428,267.92,1,-96.279768666163,32.9809498238695,172.895324707031,150.235646844821,1724426083171,8,-96,-14,-63,3,3f,NaN,8.89150457146689,3000.26822351924
44429,267.92,1,-96.2796740159928,32.9809593192812,173.133010864258,150.358839237962,1724426084172,8,-93,-13,-63,3,3f,NaN,17.8096579527776,3018.07788147201
44430,267.92,1,-96.2798636,32.9809403,172.895324707031,150.112085243709,1724426084172,8,-93,-13,-63,3,3f,NaN,11.9190784156814,3029.99695988769
44431,267.92,1,-96.279736721282,32.9809530286159,172.895324707031,150.277224861239,1724426085177,8,-93,-13,-63,3,3f,NaN,11.9072169347676,3041.90417682246
44432,267.92,1,-96.2796099688116,32.9809657445665,173.269088745117,150.442200160743,1724426086181,9,-97,-14,-65,3,3f,NaN,23.8262953504446,3065.73047217291
44433,267.92,1,-96.2798636,32.9809403,172.895324707031,150.112085243709,1724426086181,9,-97,-14,-65,3,3f,NaN,17.7673906065901,3083.4978627795
44434,267.92,1,-96.2796744659292,32.980959274143,172.895324707031,150.358253620985,1724426087179,9,-97,-14,-65,3,3f,NaN,17.7851898261956,3101.28305260569
44435,267.92,1,-96.2794851423454,32.9809782672982,173.164459228516,150.604668659961,1724426088178,2,-96,-17,-61,3,3f,NaN,35.5525804327709,3136.83563303846
44436,267.92,1,-96.2798636,32.9809403,172.895324707031,150.112085243709,1724426088178,2,-96,-17,-61,3,3f,NaN,47.6445446198424,3184.48017765831
44437,267.92,1,-96.2793564232018,32.9809911805477,172.895324707031,150.772203692499,1724426089183,2,-96,-17,-61,3,3f,NaN,47.6445446198424,3232.12472227815
44438,267.92,1,-96.2798636,32.9809403,172.895324707031,150.112085243709,1724426090186,9,-91,-17,-55,3,3f,NaN,142.601700574466,3374.72642285261
44439,267.92,1,-96.2783456021801,32.9810925872512,174.64567565918,152.087842750138,1724426091186,9,-91,-17,-55,3,3f,NaN,144.620081627177,3519.34650447979
44440,267.92,1,-96.276806116019,32.981247030237,175.510833740234,154.091568512472,1724426092189,10,-94,-17,-59,3,3f,NaN,17.0141108579641,3536.36061533776
44441,267.92,1,-96.276625,32.9812652,175.097549438477,154.327300955099,1724426093190,10,-94,-17,-59,3,3f,NaN,16.8627052761656,3553.22332061392
44442,267.92,1,-96.2764506852583,32.9813054038971,175.097549438477,154.215574362433,1724426094196,12,-97,-18,-59,3,3f,NaN,16.8627052761656,3570.08602589009
44443,267.92,1,-96.276625,32.9812652,175.097549438477,154.327300955099,1724426095203,12,-97,-18,-59,3,3f,NaN,20.9080463689838,3590.99407225907
44444,267.92,1,-96.2764088673672,32.9813150487623,175.097549438477,154.188771290965,1724426096200,13,-98,-18,-59,3,3f,NaN,20.9080463689838,3611.90211862805
44445,267.92,1,-96.276625,32.9812652,175.097549438477,154.327300955099,1724426097207,13,-98,-18,-59,3,3f,NaN,27.9041937805943,3639.80631240865
44446,267.92,1,-96.2763365461057,32.9813317289153,175.097549438477,154.142417161406,1724426098205,13,-97,-17,-67,3,3f,NaN,27.9041937805943,3667.71050618924
44447,267.92,1,-96.276625,32.9812652,175.097549438477,154.327300955099,1724426099206,13,-97,-17,-67,3,3f,NaN,42.0938605513912,3709.80436674063
44448,267.92,1,-96.276189863251,32.9813655598027,175.097549438477,154.048401156814,1724426100211,13,-95,-16,-59,3,3f,NaN,42.0938605513912,3751.89822729202
44449,267.92,1,-96.276625,32.9812652,175.097549438477,154.327300955099,1724426101213,13,-95,-16,-59,3,3f,NaN,84.2714453650489,3836.16967265707
44450,267.92,1,-96.2757538605582,32.9814661193264,175.097549438477,153.768946334055,1724426102219,11,-101,-17,-69,3,3f,NaN,83.8524242315366,3920.02209688861
44451,267.92,1,-96.2748870508353,32.9816660400477,174.546157836914,153.213366835381,1724426103220,11,-101,-17,-69,3,3f,NaN,170.333065314171,4090.35516220278
44452,267.92,1,-96.2731262570406,32.9820721489738,172.474105834961,152.084790507821,1724426104222,10,-104,-16,-79,3,3f,NaN,17.6792385076945,4108.03440071048
44453,267.92,1,-96.2729435,32.9821143,172.522018432617,151.96765284508,1724426105223,10,-104,-16,-79,3,3f,NaN,7.82666563844003,4115.86106634892
44454,267.92,1,-96.2728654741277,32.9821401930135,172.522018432617,151.971553306868,1724426106225,10,-98,-16,-63,3,3f,NaN,7.82666563844003,4123.68773198736
44455,267.92,1,-96.2729435,32.9821143,172.522018432617,151.96765284508,1724426107226,10,-98,-16,-63,3,3f,NaN,23.5268571979584,4147.21458918532
44456,267.92,1,-96.2727089551623,32.9821921340886,172.529510498047,151.979377586504,1724426108235,10,-103,-18,-65,3,3f,NaN,23.5268571979584,4170.74144638327
44457,267.92,1,-96.2729435,32.9821143,172.522018432617,151.96765284508,1724426108235,10,-103,-18,-65,3,3f,NaN,13.6626686632743,4184.40411504655
44458,267.92,1,-96.2728072936268,32.9821595003081,172.522018432617,151.974461711657,1724426109238,10,-103,-18,-65,3,3f,NaN,13.6626686632743,4198.06678370982
44459,267.92,1,-96.2729435,32.9821143,172.522018432617,151.96765284508,1724426110236,10,-101,-16,-67,3,3f,NaN,40.9198789061281,4238.98666261595
44460,267.92,1,-96.2725355598752,32.9822496755986,172.373840332031,151.988045502305,1724426111239,10,-101,-16,-67,3,3f,NaN,40.9198789061281,4279.90654152208
44461,267.92,1,-96.2729435,32.9821143,172.522018432617,151.96765284508,1724426111239,10,-101,-16,-67,3,3f,NaN,54.4918578367511,4334.39839935883
44462,267.92,1,-96.2724002574302,32.9822945759367,172.522018432617,151.99480918211,1724426112241,9,-98,-16,-63,3,3f,NaN,54.4918578367511,4388.89025719558
44463,267.92,1,-96.2729435,32.9821143,172.522018432617,151.96765284508,1724426113247,9,-98,-16,-63,3,3f,NaN,163.801581988593,4552.69183918417
44464,267.92,1,-96.271310519341,32.9826562073066,172.619537353516,152.049284468968,1724426114251,9,-96,-16,-63,3,3f,NaN,165.958163030368,4718.65000221454
44465,267.92,1,-96.2696560303247,32.9832052521968,173.262969970703,152.131991281417,1724426115251,9,-96,-16,-63,3,3f,NaN,17.7574705847119,4736.40747279925
44466,267.92,1,-96.269479,32.983264,173.266067504883,152.140840910349,1724426116256,11,-105,-17,-71,3,3f,NaN,7.89476630794231,4744.3022391072
44467,267.92,1,-96.2694008087501,32.9832911840516,173.266067504883,152.094486824733,1724426117256,11,-105,-17,-71,3,3f,NaN,7.89476630794231,4752.19700541514
44468,267.92,1,-96.269479,32.983264,173.266067504883,152.140840910349,1724426118256,13,-106,-17,-73,3,3f,NaN,23.700082210258,4775.8970876254
44469,267.92,1,-96.2692442698679,32.9833456065228,172.713973999023,152.001685945329,1724426119258,13,-106,-17,-73,3,3f,NaN,23.700082210258,4799.59716983566
44470,267.92,1,-96.269479,32.983264,173.266067504883,152.140840910349,1724426119258,13,-106,-17,-73,3,3f,NaN,16.565708644073,4816.16287847973
44471,267.92,1,-96.2693149300832,32.9833210407186,173.266067504883,152.043575410896,1724426120259,13,-106,-17,-73,3,3f,NaN,16.565708644073,4832.7285871238
44472,267.92,1,-96.269479,32.983264,173.266067504883,152.140840910349,1724426121263,10,-99,-16,-63,3,3f,NaN,27.859599423739,4860.58818654754
44473,267.92,1,-96.2692030731974,32.9833599290003,173.266067504883,151.977263340566,1724426122273,10,-99,-16,-63,3,3f,NaN,27.859599423739,4888.44778597128
44474,267.92,1,-96.269479,32.983264,173.266067504883,152.140840910349,1724426123268,10,-99,-17,-63,3,3f,NaN,82.9442957094666,4971.39208168075
44475,267.92,1,-96.2686575030738,32.983549602479,172.817352294922,151.653833234766,1724426124270,10,-99,-17,-63,3,3f,NaN,82.9442957094666,5054.33637739022
44476,267.92,1,-96.269479,32.983264,173.266067504883,152.140840910349,1724426124270,10,-99,-17,-63,3,3f,NaN,165.971140828646,5220.30751821886
44477,267.92,1,-96.2678351862903,32.9838354899905,172.112609863281,151.166339523579,1724426125273,9,-98,-15,-69,3,3f,NaN,167.64838126698,5387.95589948584
44478,267.92,1,-96.2661747516129,32.984412758444,170.975982666016,150.181984735527,1724426126272,9,-98,-15,-69,3,3f,NaN,20.1378807587244,5408.09378024457
44479,267.92,1,-96.2659753,32.9844821,170.635040283203,150.063743920145,1724426127274,10,-103,-16,-69,3,3f,NaN,19.8978892255404,5427.99166947011
44480,267.92,1,-96.2657788766809,32.9845519191399,170.635040283203,149.961699892968,1724426128280,10,-103,-16,-69,3,3f,NaN,19.8978892255404,5447.88955869565
44481,267.92,1,-96.2659753,32.9844821,170.635040283203,150.063743920145,1724426129281,8,-93,-16,-57,3,3f,NaN,25.4865209153836,5473.37607961103
44482,267.92,1,-96.2657237081128,32.9845715289398,170.635040283203,149.93303922838,1724426130283,8,-93,-16,-57,3,3f,NaN,25.4865209153836,5498.86260052641
44483,267.92,1,-96.2659753,32.9844821,170.635040283203,150.063743920145,1724426131286,8,-95,-15,-63,3,3f,NaN,35.6801063389933,5534.54270686541
44484,267.92,1,-96.2656230813955,32.9846072969479,170.635040283203,149.880762566304,1724426132288,8,-95,-15,-63,3,3f,NaN,35.6801063389933,5570.2228132044
44485,267.92,1,-96.2659753,32.9844821,170.635040283203,150.063743920145,1724426133289,7,-98,-15,-65,3,3f,NaN,59.6605747322602,5629.88338793666
44486,267.92,1,-96.2653863563274,32.9846914414412,170.635040283203,149.757781346964,1724426134295,7,-98,-15,-65,3,3f,NaN,59.6605747322602,5689.54396266892
44487,267.92,1,-96.2659753,32.9844821,170.635040283203,150.063743920145,1724426135296,7,-96,-16,-63,3,3f,NaN,178.506928786354,5868.05089145527
44488,267.92,1,-96.2642131524309,32.9851084595805,168.821746826172,149.148289302575,1724426136299,7,-96,-16,-63,3,3f,NaN,180.845138359413,6048.89602981469
44489,267.92,1,-96.2624279122021,32.9857430275024,167.521774291992,148.220837799895,1724426137304,7,-96,-16,-63,3,3f,NaN,18.1744255971987,6067.07045541188
44490,267.92,1,-96.2622485,32.9858068,167.738265991211,148.127631230969,1724426138303,6,-101,-16,-67,3,3f,NaN,20.6593872558199,6087.7298426677
44491,267.92,1,-96.2620581165771,32.9859017588281,167.923675537109,147.975050032309,1724426139307,6,-101,-16,-67,3,3f,NaN,20.6593872558199,6108.38922992352
44492,267.92,1,-96.2622485,32.9858068,167.738265991211,148.127631230969,1724426139307,6,-101,-16,-67,3,3f,NaN,13.2428205123635,6121.63205043589
44493,267.92,1,-96.2621264628308,32.9858676693047,167.738265991211,148.029825564517,1724426140308,5,-102,-18,-67,3,3f,NaN,13.2428137669762,6134.87486420286
44494,267.92,1,-96.2620044256616,32.9859285386094,167.89680480957,147.932019898065,1724426141309,5,-102,-18,-67,3,3f,NaN,26.4856342793326,6161.3604984822
44495,267.92,1,-96.2622485,32.9858068,167.738265991211,148.127631230969,1724426141309,5,-102,-18,-67,3,3f,NaN,15.4512185256083,6176.8117170078
44496,267.92,1,-96.2621061116736,32.9858778199891,167.738265991211,148.013515300128,1724426142312,15,-101,-16,-67,3,3f,NaN,15.4512185256083,6192.26293553341
44497,267.92,1,-96.2622485,32.9858068,167.738265991211,148.127631230969,1724426143312,15,-101,-16,-67,3,3f,NaN,30.8793280812784,6223.14226361469
44498,267.92,1,-96.2619639362199,32.9859487338022,167.738265991211,147.899569974368,1724426144314,4,-95,-15,-59,3,3f,NaN,30.8176561094508,6253.95991972414
44499,267.92,1,-96.2616799404315,32.9860903843033,167.791244506836,147.671963929855,1724426145314,4,-95,-15,-59,3,3f,NaN,61.6969841906396,6315.65690391478
44500,267.92,1,-96.2622485,32.9858068,167.738265991211,148.127631230969,1724426145314,4,-95,-15,-59,3,3f,NaN,92.9770534392225,6408.633957354
44501,267.92,1,-96.2613916829954,32.9862341604153,167.716430664063,147.440942423598,1724426146320,7,-95,-17,-59,3,3f,NaN,92.9770534392225,6501.61101079323
44502,267.92,1,-96.2622485,32.9858068,167.738265991211,148.127631230969,1724426146320,7,-95,-17,-59,3,3f,NaN,185.58408624167,6687.1950970349
44503,267.92,1,-96.2605382728178,32.9866598215844,166.790313720703,146.756983989219,1724426147322,7,-95,-17,-59,3,3f,NaN,187.080901337898,6874.27599837279
44504,267.92,1,-96.2588142395636,32.9875197293169,164.501434326172,145.375271986688,1724426148321,8,-99,-15,-67,3,3f,NaN,22.097555095326,6896.37355346812
44505,267.92,1,-96.2586106,32.9876213,164.335083007813,145.212066765168,1724426149328,8,-99,-15,-67,3,3f,NaN,11.3177913483277,6907.69134481645
44506,267.92,1,-96.2585102245872,32.9876784950355,164.335083007813,145.061587025563,1724426150331,9,-100,-15,-67,3,3f,NaN,11.2952184598339,6918.98656327628
44507,267.92,1,-96.2584100493248,32.987735576023,164.05419921875,144.911407345259,1724426151332,9,-100,-15,-67,3,3f,NaN,22.6130098081571,6941.59957308444
44508,267.92,1,-96.2586106,32.9876213,164.335083007813,145.212066765168,1724426151332,9,-100,-15,-67,3,3f,NaN,12.0847718583042,6953.68434494274
44509,267.92,1,-96.2585034223763,32.9876823710115,164.335083007813,145.051389359648,1724426152335,9,-99,-16,-67,3,3f,NaN,12.0847718583042,6965.76911680105
44510,267.92,1,-96.2586106,32.9876213,164.335083007813,145.212066765168,1724426153336,9,-99,-16,-67,3,3f,NaN,20.2309287154073,6986.00004551645
44511,267.92,1,-96.2584311755776,32.9877235380474,164.335083007813,144.943079175323,1724426154344,8,-99,-16,-61,3,3f,NaN,20.2309287154073,7006.23097423186
44512,267.92,1,-96.2586106,32.9876213,164.335083007813,145.212066765168,1724426155343,8,-99,-16,-61,3,3f,NaN,60.4117534780793,7066.64272770994
44513,267.92,1,-96.2580748187386,32.9879265941692,163.065994262695,144.408839934381,1724426156346,10,-90,-15,-55,3,3f,NaN,60.4117534780793,7127.05448118802
44514,267.92,1,-96.2586106,32.9876213,164.335083007813,145.212066765168,1724426156346,10,-90,-15,-55,3,3f,NaN,90.8133646303352,7217.86784581835
44515,267.92,1,-96.2578051916941,32.9880802306819,164.335083007813,144.004623340558,1724426157351,10,-90,-15,-55,3,3f,NaN,90.3612361778933,7308.22908199625
44516,267.92,1,-96.2570037903947,32.9885368781265,161.468063354492,142.803187097166,1724426158351,10,-92,-16,-61,3,3f,NaN,184.296981496182,7492.52606349243
44517,267.92,1,-96.2553692771755,32.9894682420827,160.23957824707,140.352775021094,1724426159354,10,-92,-16,-61,3,3f,NaN,20.9469306391132,7513.47299413154
44518,267.92,1,-96.2551835,32.9895741,159.863159179688,140.074263578749,1724426160359,10,-92,-16,-61,3,3f,NaN,8.83282936105636,7522.3058234926
44519,267.92,1,-96.2551069303408,32.9896208466153,159.863159179688,140.070714476377,1724426161362,11,-96,-15,-65,3,3f,NaN,8.83282936105636,7531.13865285366
44520,267.92,1,-96.2551835,32.9895741,159.863159179688,140.074263578749,1724426162363,11,-96,-15,-65,3,3f,NaN,12.340598634163,7543.47925148782
44521,267.92,1,-96.2550765223309,32.9896394110383,159.863159179688,140.069305025931,1724426163364,8,-103,-18,-69,3,3f,NaN,12.340598634163,7555.81985012198
44522,267.92,1,-96.2551835,32.9895741,159.863159179688,140.074263578749,1724426164365,8,-103,-18,-69,3,3f,NaN,20.6128483234112,7576.43269844539
44523,267.92,1,-96.2550048121672,32.9896831908783,159.863159179688,140.06598116744,1724426165369,7,-94,-15,-61,3,3f,NaN,20.6128483234112,7597.04554676881
44524,267.92,1,-96.2551835,32.9895741,159.863159179688,140.074263578749,1724426166372,5,-94,-15,-61,3,3f,NaN,0,7597.04554676881
44525,267.92,1,-96.2551835,32.9895741,159.863159179688,140.074263578749,1724426166372,7,-94,-15,-61,3,3f,NaN,61.7769029505056,7658.82244971931
44526,267.92,1,-96.2546479704295,32.9899010466662,159.094436645508,140.049441093063,1724426167374,8,-89,-15,-55,3,3f,NaN,61.7769029505056,7720.59935266982
44527,267.92,1,-96.2551835,32.9895741,159.863159179688,140.074263578749,1724426167374,8,-89,-15,-55,3,3f,NaN,92.6036448884883,7813.2029975583
44528,267.92,1,-96.2543807401049,32.9900641937053,159.863159179688,140.03705462316,1724426168375,8,-89,-15,-55,3,3f,NaN,92.6033087624408,7905.80630632074
44529,267.92,1,-96.2535779802098,32.9905542874106,158.964294433594,139.999845667571,1724426169376,9,-102,-17,-71,3,3f,NaN,188.596950564351,8094.4032568851
44530,267.92,1,-96.251943061278,32.991552423319,157.699661254883,139.924065068294,1724426170377,9,-102,-17,-71,3,3f,NaN,21.2900776707068,8115.6933345558
44531,267.92,1,-96.2517585,32.9916651,157.142105102539,139.915510415229,1724426171376,10,-91,-16,-61,3,3f,NaN,7.82003478105845,8123.51336933686
44532,267.92,1,-96.2516922185118,32.9917081729467,157.142105102539,139.874840081652,1724426172385,10,-91,-16,-61,3,3f,NaN,7.82003478105845,8131.33340411792
44533,267.92,1,-96.2517585,32.9916651,157.142105102539,139.915510415229,1724426173385,10,-93,-16,-55,3,3f,NaN,11.6651414661625,8142.99854558408
44534,267.92,1,-96.2516596279341,32.9917293518951,157.142105102539,139.854842497002,1724426174388,10,-93,-16,-55,3,3f,NaN,11.6651414661625,8154.66368705025
44535,267.92,1,-96.2517585,32.9916651,157.142105102539,139.915510415229,1724426175389,11,-91,-17,-61,3,3f,NaN,23.4174031516624,8178.08109020191
44536,267.92,1,-96.2515600174042,32.9917940836801,157.142105102539,139.79372145722,1724426176397,11,-91,-17,-61,3,3f,NaN,23.2547611307332,8201.33585133264
44537,267.92,1,-96.2513629131598,32.9919221716402,158.118560791016,139.672778255863,1724426177398,1,-86,-11,-57,3,3f,NaN,46.6721642823566,8248.008015615
44538,267.92,1,-96.2517585,32.9916651,157.142105102539,139.915510415229,1724426177398,1,-86,-11,-57,3,3f,NaN,62.4678069603654,8310.47582257536
44539,267.92,1,-96.2512290313036,32.9920091746061,157.929763793945,139.590628323753,1724426178403,1,-86,-11,-57,3,3f,NaN,62.4678069603654,8372.94362953573
44540,267.92,1,-96.2517585,32.9916651,157.142105102539,139.915510415229,1724426178403,1,-86,-11,-57,3,3f,NaN,93.3908690179736,8466.3344985537
44541,267.92,1,-96.250966931128,32.9921795000952,157.142105102539,139.429803606828,1724426179403,10,-85,-10,-63,3,3f,NaN,93.3905288629312,8559.72502741663
44542,267.92,1,-96.2501753622561,32.9926939001904,158.695327758789,138.944096798427,1724426180403,10,-85,-10,-63,3,3f,NaN,190.37923355345,8750.10426097008
44543,267.92,1,-96.248561717801,32.9937425251309,156.960861206055,137.953964257975,1724426181408,15,-88,-10,-61,3,3f,NaN,20.8374422194257,8770.94170318951
44544,267.92,1,-96.2483851,32.9938573,156.884262084961,137.845591542105,1724426182407,15,-88,-10,-61,3,3f,NaN,19.6459665064868,8790.587669696
44545,267.92,1,-96.2482148894086,32.9939613933253,156.884262084961,137.708082551374,1724426183409,13,-88,-12,-57,3,3f,NaN,19.6459665064868,8810.23363620248
44546,267.92,1,-96.2483851,32.9938573,156.884262084961,137.845591542105,1724426184418,13,-88,-12,-57,3,3f,NaN,25.2486660271855,8835.48230222967
44547,267.92,1,-96.2481663481841,32.9939910790072,156.884262084961,137.668867278525,1724426185419,13,-88,-12,-57,3,3f,NaN,25.2486660271855,8860.73096825686
44548,267.92,1,-96.2483851,32.9938573,156.884262084961,137.845591542105,1724426186422,13,-78,-10,-51,3,3f,NaN,35.3007440302102,8896.03171228707
44549,267.92,1,-96.2480792579657,32.9940443395614,156.884262084961,137.598509212487,1724426187422,13,-78,-10,-51,3,3f,NaN,35.3007440302102,8931.33245631728
44550,267.92,1,-96.2483851,32.9938573,156.884262084961,137.845591542105,1724426188424,14,-67,-12,-51,3,3f,NaN,59.3361423858644,8990.66859870314
44551,267.92,1,-96.2478710174915,32.9941716902935,156.884262084961,137.430276805868,1724426189434,14,-67,-12,-51,3,3f,NaN,59.3361423858644,9050.004741089
44552,267.92,1,-96.2483851,32.9938573,156.884262084961,137.845591542105,1724426190434,15,-69,-12,-51,3,3f,NaN,177.06804005604,9227.07278114505
44553,267.92,1,-96.2468509963559,32.9947954904401,154.246978759766,136.60622657674,1724426191438,15,-69,-12,-51,3,3f,NaN,178.674879330537,9405.74766047558
