technology,dbm,rssnr,rsrp,rsrq,rssi,cqi,asu,earfcn,pci,ta,ci,tac,level,bandwidth,bands,modes,bands_description,mcc,mnc,is_connected,phone_abs_time,rel_time,time_readable,longitude,latitude,altitude,interp_latitude,interp_longitude,interp_altitude
4G_LTE,-120,2147483647,-120,-11,-91,2147483647,20,66986,102,2147483647,169470393,35653,0,2147483647,[66],[FDD],"Band Number = 66, Uplink = 1710.0 - 1780.0 MHz, Downlink = 1710.0 - 1780.0 MHz ",310,410,1,1723951239301,1.013425729,2024-08-17 23:20:39.301000,-121.9479445,37.3931882,-24.899999618530277,37.3931882,-121.9479445,-24.899999618530277
4G_LTE,-132,2147483647,-132,-20,-99,2147483647,8,66986,497,2147483647,2147483647,2147483647,0,2147483647,[66],[FDD],"Band Number = 66, Uplink = 1710.0 - 1780.0 MHz, Downlink = 1710.0 - 1780.0 MHz ",Unavailable,Unavailable,0,1723951239301,1.013425729,2024-08-17 23:20:39.301000,-121.9479445,37.3931882,-24.899999618530277,37.3931882,-121.9479445,-24.899999618530277
4G_LTE,-116,2147483647,-116,-13,-95,2147483647,24,5330,471,2147483647,2147483647,2147483647,0,2147483647,[14],[FDD],"Band Number = 14, Uplink = 788.0 - 798.0 MHz, Downlink = 788.0 - 798.0 MHz ",Unavailable,Unavailable,0,1723951239301,1.013425729,2024-08-17 23:20:39.301000,-121.9479445,37.3931882,-24.899999618530277,37.3931882,-121.9479445,-24.899999618530277
4G_LTE,-119,2147483647,-119,-15,-95,2147483647,21,5330,147,2147483647,2147483647,2147483647,0,2147483647,[14],[FDD],"Band Number = 14, Uplink = 788.0 - 798.0 MHz, Downlink = 788.0 - 798.0 MHz ",Unavailable,Unavailable,0,1723951239301,1.013425729,2024-08-17 23:20:39.301000,-121.9479445,37.3931882,-24.899999618530277,37.3931882,-121.9479445,-24.899999618530277
4G_LTE,-107,2147483647,-107,-8,-89,2147483647,33,5035,87,2147483647,2147483647,2147483647,1,2147483647,[12],[FDD],"Band Number = 12, Uplink = 698.0 - 716.0 MHz, Downlink = 699.0 - 716.0 MHz ",Unavailable,Unavailable,0,1723951239301,1.013425729,2024-08-17 23:20:39.301000,-121.9479445,37.3931882,-24.899999618530277,37.3931882,-121.9479445,-24.899999618530277
4G_LTE,-113,2147483647,-113,-14,-89,2147483647,27,5035,129,2147483647,2147483647,2147483647,1,2147483647,[12],[FDD],"Band Number = 12, Uplink = 698.0 - 716.0 MHz, Downlink = 699.0 - 716.0 MHz ",Unavailable,Unavailable,0,1723951239301,1.013425729,2024-08-17 23:20:39.301000,-121.9479445,37.3931882,-24.899999618530277,37.3931882,-121.9479445,-24.899999618530277
4G_LTE,-115,2147483647,-115,-16,-89,2147483647,25,5035,231,2147483647,2147483647,2147483647,1,2147483647,[12],[FDD],"Band Number = 12, Uplink = 698.0 - 716.0 MHz, Downlink = 699.0 - 716.0 MHz ",Unavailable,Unavailable,0,1723951239301,1.013425729,2024-08-17 23:20:39.301000,-121.9479445,37.3931882,-24.899999618530277,37.3931882,-121.9479445,-24.899999618530277
4G_LTE,-123,2147483647,-123,-20,-91,2147483647,17,5035,191,2147483647,2147483647,2147483647,0,2147483647,[12],[FDD],"Band Number = 12, Uplink = 698.0 - 716.0 MHz, Downlink = 699.0 - 716.0 MHz ",Unavailable,Unavailable,0,1723951239301,1.013425729,2024-08-17 23:20:39.301000,-121.9479445,37.3931882,-24.899999618530277,37.3931882,-121.9479445,-24.899999618530277
4G_LTE,-120,2147483647,-120,-11,-91,2147483647,20,66986,102,2147483647,169470393,35653,0,2147483647,[66],[FDD],"Band Number = 66, Uplink = 1710.0 - 1780.0 MHz, Downlink = 1710.0 - 1780.0 MHz ",310,410,1,1723951240313,2.02510203,2024-08-17 23:20:40.313000,-121.9479445,37.3931882,-24.899999618530277,37.3931882,-121.9479445,-24.899999618530277
4G_LTE,-132,2147483647,-132,-20,-99,2147483647,8,66986,497,2147483647,2147483647,2147483647,0,2147483647,[66],[FDD],"Band Number = 66, Uplink = 1710.0 - 1780.0 MHz, Downlink = 1710.0 - 1780.0 MHz ",Unavailable,Unavailable,0,1723951240313,2.02510203,2024-08-17 23:20:40.313000,-121.9479445,37.3931882,-24.899999618530277,37.3931882,-121.9479445,-24.899999618530277
4G_LTE,-116,2147483647,-116,-13,-95,2147483647,24,5330,471,2147483647,2147483647,2147483647,0,2147483647,[14],[FDD],"Band Number = 14, Uplink = 788.0 - 798.0 MHz, Downlink = 788.0 - 798.0 MHz ",Unavailable,Unavailable,0,1723951240313,2.02510203,2024-08-17 23:20:40.313000,-121.9479445,37.3931882,-24.899999618530277,37.3931882,-121.9479445,-24.899999618530277
4G_LTE,-119,2147483647,-119,-15,-95,2147483647,21,5330,147,2147483647,2147483647,2147483647,0,2147483647,[14],[FDD],"Band Number = 14, Uplink = 788.0 - 798.0 MHz, Downlink = 788.0 - 798.0 MHz ",Unavailable,Unavailable,0,1723951240313,2.02510203,2024-08-17 23:20:40.313000,-121.9479445,37.3931882,-24.899999618530277,37.3931882,-121.9479445,-24.899999618530277
4G_LTE,-107,2147483647,-107,-8,-89,2147483647,33,5035,87,2147483647,2147483647,2147483647,1,2147483647,[12],[FDD],"Band Number = 12, Uplink = 698.0 - 716.0 MHz, Downlink = 699.0 - 716.0 MHz ",Unavailable,Unavailable,0,1723951240313,2.02510203,2024-08-17 23:20:40.313000,-121.9479445,37.3931882,-24.899999618530277,37.3931882,-121.9479445,-24.899999618530277
4G_LTE,-113,2147483647,-113,-14,-89,2147483647,27,5035,129,2147483647,2147483647,2147483647,1,2147483647,[12],[FDD],"Band Number = 12, Uplink = 698.0 - 716.0 MHz, Downlink = 699.0 - 716.0 MHz ",Unavailable,Unavailable,0,1723951240313,2.02510203,2024-08-17 23:20:40.313000,-121.9479445,37.3931882,-24.899999618530277,37.3931882,-121.9479445,-24.899999618530277
4G_LTE,-115,2147483647,-115,-16,-89,2147483647,25,5035,231,2147483647,2147483647,2147483647,1,2147483647,[12],[FDD],"Band Number = 12, Uplink = 698.0 - 716.0 MHz, Downlink = 699.0 - 716.0 MHz ",Unavailable,Unavailable,0,1723951240313,2.02510203,2024-08-17 23:20:40.313000,-121.9479445,37.3931882,-24.899999618530277,37.3931882,-121.9479445,-24.899999618530277
4G_LTE,-123,2147483647,-123,-20,-91,2147483647,17,5035,191,2147483647,2147483647,2147483647,0,2147483647,[12],[FDD],"Band Number = 12, Uplink = 698.0 - 716.0 MHz, Downlink = 699.0 - 716.0 MHz ",Unavailable,Unavailable,0,1723951240313,2.02510203,2024-08-17 23:20:40.313000,-121.9479445,37.3931882,-24.899999618530277,37.3931882,-121.9479445,-24.899999618530277
4G_LTE,-120,2147483647,-120,-11,-91,2147483647,20,66986,102,2147483647,169470393,35653,0,2147483647,[66],[FDD],"Band Number = 66, Uplink = 1710.0 - 1780.0 MHz, Downlink = 1710.0 - 1780.0 MHz ",310,410,1,1723951241313,3.025721353,2024-08-17 23:20:41.313000,-121.9479445,37.3931882,-24.899999618530277,37.3931882,-121.9479445,-24.899999618530277
4G_LTE,-132,2147483647,-132,-20,-99,2147483647,8,66986,497,2147483647,2147483647,2147483647,0,2147483647,[66],[FDD],"Band Number = 66, Uplink = 1710.0 - 1780.0 MHz, Downlink = 1710.0 - 1780.0 MHz ",Unavailable,Unavailable,0,1723951241313,3.025721353,2024-08-17 23:20:41.313000,-121.9479445,37.3931882,-24.899999618530277,37.3931882,-121.9479445,-24.899999618530277
4G_LTE,-116,2147483647,-116,-13,-95,2147483647,24,5330,471,2147483647,2147483647,2147483647,0,2147483647,[14],[FDD],"Band Number = 14, Uplink = 788.0 - 798.0 MHz, Downlink = 788.0 - 798.0 MHz ",Unavailable,Unavailable,0,1723951241313,3.025721353,2024-08-17 23:20:41.313000,-121.9479445,37.3931882,-24.899999618530277,37.3931882,-121.9479445,-24.899999618530277
4G_LTE,-119,2147483647,-119,-15,-95,2147483647,21,5330,147,2147483647,2147483647,2147483647,0,2147483647,[14],[FDD],"Band Number = 14, Uplink = 788.0 - 798.0 MHz, Downlink = 788.0 - 798.0 MHz ",Unavailable,Unavailable,0,1723951241313,3.025721353,2024-08-17 23:20:41.313000,-121.9479445,37.3931882,-24.899999618530277,37.3931882,-121.9479445,-24.899999618530277
4G_LTE,-107,2147483647,-107,-8,-89,2147483647,33,5035,87,2147483647,2147483647,2147483647,1,2147483647,[12],[FDD],"Band Number = 12, Uplink = 698.0 - 716.0 MHz, Downlink = 699.0 - 716.0 MHz ",Unavailable,Unavailable,0,1723951241313,3.025721353,2024-08-17 23:20:41.313000,-121.9479445,37.3931882,-24.899999618530277,37.3931882,-121.9479445,-24.899999618530277
4G_LTE,-113,2147483647,-113,-14,-89,2147483647,27,5035,129,2147483647,2147483647,2147483647,1,2147483647,[12],[FDD],"Band Number = 12, Uplink = 698.0 - 716.0 MHz, Downlink = 699.0 - 716.0 MHz ",Unavailable,Unavailable,0,1723951241313,3.025721353,2024-08-17 23:20:41.313000,-121.9479445,37.3931882,-24.899999618530277,37.3931882,-121.9479445,-24.899999618530277
4G_LTE,-115,2147483647,-115,-16,-89,2147483647,25,5035,231,2147483647,2147483647,2147483647,1,2147483647,[12],[FDD],"Band Number = 12, Uplink = 698.0 - 716.0 MHz, Downlink = 699.0 - 716.0 MHz ",Unavailable,Unavailable,0,1723951241313,3.025721353,2024-08-17 23:20:41.313000,-121.9479445,37.3931882,-24.899999618530277,37.3931882,-121.9479445,-24.899999618530277
4G_LTE,-123,2147483647,-123,-20,-91,2147483647,17,5035,191,2147483647,2147483647,2147483647,0,2147483647,[12],[FDD],"Band Number = 12, Uplink = 698.0 - 716.0 MHz, Downlink = 699.0 - 716.0 MHz ",Unavailable,Unavailable,0,1723951241313,3.025721353,2024-08-17 23:20:41.313000,-121.9479445,37.3931882,-24.899999618530277,37.3931882,-121.9479445,-24.899999618530277
4G_LTE,-120,2147483647,-120,-11,-91,2147483647,20,66986,102,2147483647,169470393,35653,0,2147483647,[66],[FDD],"Band Number = 66, Uplink = 1710.0 - 1780.0 MHz, Downlink = 1710.0 - 1780.0 MHz ",310,410,1,1723951242315,4.027299425,2024-08-17 23:20:42.315000,-121.9479445,37.3931882,-24.899999618530277,37.3931882,-121.9479445,-24.899999618530277
4G_LTE,-132,2147483647,-132,-20,-99,2147483647,8,66986,497,2147483647,2147483647,2147483647,0,2147483647,[66],[FDD],"Band Number = 66, Uplink = 1710.0 - 1780.0 MHz, Downlink = 1710.0 - 1780.0 MHz ",Unavailable,Unavailable,0,1723951242315,4.027299425,2024-08-17 23:20:42.315000,-121.9479445,37.3931882,-24.899999618530277,37.3931882,-121.9479445,-24.899999618530277
4G_LTE,-116,2147483647,-116,-13,-95,2147483647,24,5330,471,2147483647,2147483647,2147483647,0,2147483647,[14],[FDD],"Band Number = 14, Uplink = 788.0 - 798.0 MHz, Downlink = 788.0 - 798.0 MHz ",Unavailable,Unavailable,0,1723951242315,4.027299425,2024-08-17 23:20:42.315000,-121.9479445,37.3931882,-24.899999618530277,37.3931882,-121.9479445,-24.899999618530277
4G_LTE,-119,2147483647,-119,-15,-95,2147483647,21,5330,147,2147483647,2147483647,2147483647,0,2147483647,[14],[FDD],"Band Number = 14, Uplink = 788.0 - 798.0 MHz, Downlink = 788.0 - 798.0 MHz ",Unavailable,Unavailable,0,1723951242315,4.027299425,2024-08-17 23:20:42.315000,-121.9479445,37.3931882,-24.899999618530277,37.3931882,-121.9479445,-24.899999618530277
4G_LTE,-107,2147483647,-107,-8,-89,2147483647,33,5035,87,2147483647,2147483647,2147483647,1,2147483647,[12],[FDD],"Band Number = 12, Uplink = 698.0 - 716.0 MHz, Downlink = 699.0 - 716.0 MHz ",Unavailable,Unavailable,0,1723951242315,4.027299425,2024-08-17 23:20:42.315000,-121.9479445,37.3931882,-24.899999618530277,37.3931882,-121.9479445,-24.899999618530277
4G_LTE,-113,2147483647,-113,-14,-89,2147483647,27,5035,129,2147483647,2147483647,2147483647,1,2147483647,[12],[FDD],"Band Number = 12, Uplink = 698.0 - 716.0 MHz, Downlink = 699.0 - 716.0 MHz ",Unavailable,Unavailable,0,1723951242315,4.027299425,2024-08-17 23:20:42.315000,-121.9479445,37.3931882,-24.899999618530277,37.3931882,-121.9479445,-24.899999618530277
4G_LTE,-115,2147483647,-115,-16,-89,2147483647,25,5035,231,2147483647,2147483647,2147483647,1,2147483647,[12],[FDD],"Band Number = 12, Uplink = 698.0 - 716.0 MHz, Downlink = 699.0 - 716.0 MHz ",Unavailable,Unavailable,0,1723951242315,4.027299425,2024-08-17 23:20:42.315000,-121.9479445,37.3931882,-24.899999618530277,37.3931882,-121.9479445,-24.899999618530277
4G_LTE,-123,2147483647,-123,-20,-91,2147483647,17,5035,191,2147483647,2147483647,2147483647,0,2147483647,[12],[FDD],"Band Number = 12, Uplink = 698.0 - 716.0 MHz, Downlink = 699.0 - 716.0 MHz ",Unavailable,Unavailable,0,1723951242315,4.027299425,2024-08-17 23:20:42.315000,-121.9479445,37.3931882,-24.899999618530277,37.3931882,-121.9479445,-24.899999618530277
4G_LTE,-120,2147483647,-120,-11,-91,2147483647,20,66986,102,2147483647,169470393,35653,0,2147483647,[66],[FDD],"Band Number = 66, Uplink = 1710.0 - 1780.0 MHz, Downlink = 1710.0 - 1780.0 MHz ",310,410,1,1723951243315,5.027321404,2024-08-17 23:20:43.315000,-121.9480027,37.3931193,-23.600000381469727,37.3931193,-121.9480027,-23.600000381469727
4G_LTE,-132,2147483647,-132,-20,-99,2147483647,8,66986,497,2147483647,2147483647,2147483647,0,2147483647,[66],[FDD],"Band Number = 66, Uplink = 1710.0 - 1780.0 MHz, Downlink = 1710.0 - 1780.0 MHz ",Unavailable,Unavailable,0,1723951243315,5.027321404,2024-08-17 23:20:43.315000,-121.9480027,37.3931193,-23.600000381469727,37.3931193,-121.9480027,-23.600000381469727
4G_LTE,-116,2147483647,-116,-13,-95,2147483647,24,5330,471,2147483647,2147483647,2147483647,0,2147483647,[14],[FDD],"Band Number = 14, Uplink = 788.0 - 798.0 MHz, Downlink = 788.0 - 798.0 MHz ",Unavailable,Unavailable,0,1723951243315,5.027321404,2024-08-17 23:20:43.315000,-121.9480027,37.3931193,-23.600000381469727,37.3931193,-121.9480027,-23.600000381469727
4G_LTE,-119,2147483647,-119,-15,-95,2147483647,21,5330,147,2147483647,2147483647,2147483647,0,2147483647,[14],[FDD],"Band Number = 14, Uplink = 788.0 - 798.0 MHz, Downlink = 788.0 - 798.0 MHz ",Unavailable,Unavailable,0,1723951243315,5.027321404,2024-08-17 23:20:43.315000,-121.9480027,37.3931193,-23.600000381469727,37.3931193,-121.9480027,-23.600000381469727
4G_LTE,-107,2147483647,-107,-8,-89,2147483647,33,5035,87,2147483647,2147483647,2147483647,1,2147483647,[12],[FDD],"Band Number = 12, Uplink = 698.0 - 716.0 MHz, Downlink = 699.0 - 716.0 MHz ",Unavailable,Unavailable,0,1723951243315,5.027321404,2024-08-17 23:20:43.315000,-121.9480027,37.3931193,-23.600000381469727,37.3931193,-121.9480027,-23.600000381469727
4G_LTE,-113,2147483647,-113,-14,-89,2147483647,27,5035,129,2147483647,2147483647,2147483647,1,2147483647,[12],[FDD],"Band Number = 12, Uplink = 698.0 - 716.0 MHz, Downlink = 699.0 - 716.0 MHz ",Unavailable,Unavailable,0,1723951243315,5.027321404,2024-08-17 23:20:43.315000,-121.9480027,37.3931193,-23.600000381469727,37.3931193,-121.9480027,-23.600000381469727
4G_LTE,-115,2147483647,-115,-16,-89,2147483647,25,5035,231,2147483647,2147483647,2147483647,1,2147483647,[12],[FDD],"Band Number = 12, Uplink = 698.0 - 716.0 MHz, Downlink = 699.0 - 716.0 MHz ",Unavailable,Unavailable,0,1723951243315,5.027321404,2024-08-17 23:20:43.315000,-121.9480027,37.3931193,-23.600000381469727,37.3931193,-121.9480027,-23.600000381469727
4G_LTE,-123,2147483647,-123,-20,-91,2147483647,17,5035,191,2147483647,2147483647,2147483647,0,2147483647,[12],[FDD],"Band Number = 12, Uplink = 698.0 - 716.0 MHz, Downlink = 699.0 - 716.0 MHz ",Unavailable,Unavailable,0,1723951243315,5.027321404,2024-08-17 23:20:43.315000,-121.9480027,37.3931193,-23.600000381469727,37.3931193,-121.9480027,-23.600000381469727
4G_LTE,-120,2147483647,-120,-11,-91,2147483647,20,66986,102,2147483647,169470393,35653,0,2147483647,[66],[FDD],"Band Number = 66, Uplink = 1710.0 - 1780.0 MHz, Downlink = 1710.0 - 1780.0 MHz ",310,410,1,1723951244314,6.026773227,2024-08-17 23:20:44.314000,-121.9480027,37.3931193,-23.600000381469727,37.3931193,-121.9480027,-23.600000381469727
4G_LTE,-132,2147483647,-132,-20,-99,2147483647,8,66986,497,2147483647,2147483647,2147483647,0,2147483647,[66],[FDD],"Band Number = 66, Uplink = 1710.0 - 1780.0 MHz, Downlink = 1710.0 - 1780.0 MHz ",Unavailable,Unavailable,0,1723951244314,6.026773227,2024-08-17 23:20:44.314000,-121.9480027,37.3931193,-23.600000381469727,37.3931193,-121.9480027,-23.600000381469727
4G_LTE,-116,2147483647,-116,-13,-95,2147483647,24,5330,471,2147483647,2147483647,2147483647,0,2147483647,[14],[FDD],"Band Number = 14, Uplink = 788.0 - 798.0 MHz, Downlink = 788.0 - 798.0 MHz ",Unavailable,Unavailable,0,1723951244314,6.026773227,2024-08-17 23:20:44.314000,-121.9480027,37.3931193,-23.600000381469727,37.3931193,-121.9480027,-23.600000381469727
4G_LTE,-119,2147483647,-119,-15,-95,2147483647,21,5330,147,2147483647,2147483647,2147483647,0,2147483647,[14],[FDD],"Band Number = 14, Uplink = 788.0 - 798.0 MHz, Downlink = 788.0 - 798.0 MHz ",Unavailable,Unavailable,0,1723951244314,6.026773227,2024-08-17 23:20:44.314000,-121.9480027,37.3931193,-23.600000381469727,37.3931193,-121.9480027,-23.600000381469727
4G_LTE,-107,2147483647,-107,-8,-89,2147483647,33,5035,87,2147483647,2147483647,2147483647,1,2147483647,[12],[FDD],"Band Number = 12, Uplink = 698.0 - 716.0 MHz, Downlink = 699.0 - 716.0 MHz ",Unavailable,Unavailable,0,1723951244314,6.026773227,2024-08-17 23:20:44.314000,-121.9480027,37.3931193,-23.600000381469727,37.3931193,-121.9480027,-23.600000381469727
4G_LTE,-113,2147483647,-113,-14,-89,2147483647,27,5035,129,2147483647,2147483647,2147483647,1,2147483647,[12],[FDD],"Band Number = 12, Uplink = 698.0 - 716.0 MHz, Downlink = 699.0 - 716.0 MHz ",Unavailable,Unavailable,0,1723951244314,6.026773227,2024-08-17 23:20:44.314000,-121.9480027,37.3931193,-23.600000381469727,37.3931193,-121.9480027,-23.600000381469727
4G_LTE,-115,2147483647,-115,-16,-89,2147483647,25,5035,231,2147483647,2147483647,2147483647,1,2147483647,[12],[FDD],"Band Number = 12, Uplink = 698.0 - 716.0 MHz, Downlink = 699.0 - 716.0 MHz ",Unavailable,Unavailable,0,1723951244314,6.026773227,2024-08-17 23:20:44.314000,-121.9480027,37.3931193,-23.600000381469727,37.3931193,-121.9480027,-23.600000381469727
4G_LTE,-123,2147483647,-123,-20,-91,2147483647,17,5035,191,2147483647,2147483647,2147483647,0,2147483647,[12],[FDD],"Band Number = 12, Uplink = 698.0 - 716.0 MHz, Downlink = 699.0 - 716.0 MHz ",Unavailable,Unavailable,0,1723951244314,6.026773227,2024-08-17 23:20:44.314000,-121.9480027,37.3931193,-23.600000381469727,37.3931193,-121.9480027,-23.600000381469727
4G_LTE,-120,2147483647,-120,-11,-91,2147483647,20,66986,102,2147483647,169470393,35653,0,2147483647,[66],[FDD],"Band Number = 66, Uplink = 1710.0 - 1780.0 MHz, Downlink = 1710.0 - 1780.0 MHz ",310,410,1,1723951245315,7.027585258,2024-08-17 23:20:45.315000,-121.9480027,37.3931193,-23.600000381469727,37.3931193,-121.9480027,-23.600000381469727
4G_LTE,-132,2147483647,-132,-20,-99,2147483647,8,66986,497,2147483647,2147483647,2147483647,0,2147483647,[66],[FDD],"Band Number = 66, Uplink = 1710.0 - 1780.0 MHz, Downlink = 1710.0 - 1780.0 MHz ",Unavailable,Unavailable,0,1723951245315,7.027585258,2024-08-17 23:20:45.315000,-121.9480027,37.3931193,-23.600000381469727,37.3931193,-121.9480027,-23.600000381469727
4G_LTE,-116,2147483647,-116,-13,-95,2147483647,24,5330,471,2147483647,2147483647,2147483647,0,2147483647,[14],[FDD],"Band Number = 14, Uplink = 788.0 - 798.0 MHz, Downlink = 788.0 - 798.0 MHz ",Unavailable,Unavailable,0,1723951245315,7.027585258,2024-08-17 23:20:45.315000,-121.9480027,37.3931193,-23.600000381469727,37.3931193,-121.9480027,-23.600000381469727
4G_LTE,-119,2147483647,-119,-15,-95,2147483647,21,5330,147,2147483647,2147483647,2147483647,0,2147483647,[14],[FDD],"Band Number = 14, Uplink = 788.0 - 798.0 MHz, Downlink = 788.0 - 798.0 MHz ",Unavailable,Unavailable,0,1723951245315,7.027585258,2024-08-17 23:20:45.315000,-121.9480027,37.3931193,-23.600000381469727,37.3931193,-121.9480027,-23.600000381469727
4G_LTE,-107,2147483647,-107,-8,-89,2147483647,33,5035,87,2147483647,2147483647,2147483647,1,2147483647,[12],[FDD],"Band Number = 12, Uplink = 698.0 - 716.0 MHz, Downlink = 699.0 - 716.0 MHz ",Unavailable,Unavailable,0,1723951245315,7.027585258,2024-08-17 23:20:45.315000,-121.9480027,37.3931193,-23.600000381469727,37.3931193,-121.9480027,-23.600000381469727
4G_LTE,-113,2147483647,-113,-14,-89,2147483647,27,5035,129,2147483647,2147483647,2147483647,1,2147483647,[12],[FDD],"Band Number = 12, Uplink = 698.0 - 716.0 MHz, Downlink = 699.0 - 716.0 MHz ",Unavailable,Unavailable,0,1723951245315,7.027585258,2024-08-17 23:20:45.315000,-121.9480027,37.3931193,-23.600000381469727,37.3931193,-121.9480027,-23.600000381469727
4G_LTE,-115,2147483647,-115,-16,-89,2147483647,25,5035,231,2147483647,2147483647,2147483647,1,2147483647,[12],[FDD],"Band Number = 12, Uplink = 698.0 - 716.0 MHz, Downlink = 699.0 - 716.0 MHz ",Unavailable,Unavailable,0,1723951245315,7.027585258,2024-08-17 23:20:45.315000,-121.9480027,37.3931193,-23.600000381469727,37.3931193,-121.9480027,-23.600000381469727
4G_LTE,-123,2147483647,-123,-20,-91,2147483647,17,5035,191,2147483647,2147483647,2147483647,0,2147483647,[12],[FDD],"Band Number = 12, Uplink = 698.0 - 716.0 MHz, Downlink = 699.0 - 716.0 MHz ",Unavailable,Unavailable,0,1723951245315,7.027585258,2024-08-17 23:20:45.315000,-121.9480027,37.3931193,-23.600000381469727,37.3931193,-121.9480027,-23.600000381469727
4G_LTE,-116,2147483647,-116,-12,-87,2147483647,24,66986,102,2147483647,169470393,35653,0,2147483647,[66],[FDD],"Band Number = 66, Uplink = 1710.0 - 1780.0 MHz, Downlink = 1710.0 - 1780.0 MHz ",310,410,1,1723951246319,8.029810518,2024-08-17 23:20:46.319000,-121.9480027,37.3931193,-23.600000381469727,37.3931193,-121.9480027,-23.600000381469727
4G_LTE,-129,2147483647,-129,-20,-97,2147483647,11,66986,497,2147483647,2147483647,2147483647,0,2147483647,[66],[FDD],"Band Number = 66, Uplink = 1710.0 - 1780.0 MHz, Downlink = 1710.0 - 1780.0 MHz ",Unavailable,Unavailable,0,1723951246319,8.029810518,2024-08-17 23:20:46.319000,-121.9480027,37.3931193,-23.600000381469727,37.3931193,-121.9480027,-23.600000381469727
4G_LTE,-114,2147483647,-114,-12,-93,2147483647,26,5330,471,2147483647,2147483647,2147483647,1,2147483647,[14],[FDD],"Band Number = 14, Uplink = 788.0 - 798.0 MHz, Downlink = 788.0 - 798.0 MHz ",Unavailable,Unavailable,0,1723951246319,8.029810518,2024-08-17 23:20:46.319000,-121.9480027,37.3931193,-23.600000381469727,37.3931193,-121.9480027,-23.600000381469727
4G_LTE,-112,2147483647,-112,-12,-91,2147483647,28,5035,87,2147483647,2147483647,2147483647,1,2147483647,[12],[FDD],"Band Number = 12, Uplink = 698.0 - 716.0 MHz, Downlink = 699.0 - 716.0 MHz ",Unavailable,Unavailable,0,1723951246319,8.029810518,2024-08-17 23:20:46.319000,-121.9480027,37.3931193,-23.600000381469727,37.3931193,-121.9480027,-23.600000381469727
4G_LTE,-120,2147483647,-120,-20,-91,2147483647,20,5035,129,2147483647,2147483647,2147483647,0,2147483647,[12],[FDD],"Band Number = 12, Uplink = 698.0 - 716.0 MHz, Downlink = 699.0 - 716.0 MHz ",Unavailable,Unavailable,0,1723951246319,8.029810518,2024-08-17 23:20:46.319000,-121.9480027,37.3931193,-23.600000381469727,37.3931193,-121.9480027,-23.600000381469727
4G_LTE,-119,2147483647,-119,-19,-91,2147483647,21,5035,231,2147483647,2147483647,2147483647,0,2147483647,[12],[FDD],"Band Number = 12, Uplink = 698.0 - 716.0 MHz, Downlink = 699.0 - 716.0 MHz ",Unavailable,Unavailable,0,1723951246319,8.029810518,2024-08-17 23:20:46.319000,-121.9480027,37.3931193,-23.600000381469727,37.3931193,-121.9480027,-23.600000381469727
4G_LTE,-118,2147483647,-118,-18,-91,2147483647,22,5035,191,2147483647,2147483647,2147483647,0,2147483647,[12],[FDD],"Band Number = 12, Uplink = 698.0 - 716.0 MHz, Downlink = 699.0 - 716.0 MHz ",Unavailable,Unavailable,0,1723951246319,8.029810518,2024-08-17 23:20:46.319000,-121.9480027,37.3931193,-23.600000381469727,37.3931193,-121.9480027,-23.600000381469727
4G_LTE,-133,2147483647,-133,-19,-105,2147483647,7,9820,192,2147483647,2147483647,2147483647,0,2147483647,[30],[FDD],"Band Number = 30, Uplink = 2305.0 - 2315.0 MHz, Downlink = 2305.0 - 2315.0 MHz ",Unavailable,Unavailable,0,1723951246319,8.029810518,2024-08-17 23:20:46.319000,-121.9480027,37.3931193,-23.600000381469727,37.3931193,-121.9480027,-23.600000381469727
4G_LTE,-116,2147483647,-116,-12,-87,2147483647,24,66986,102,2147483647,169470393,35653,0,2147483647,[66],[FDD],"Band Number = 66, Uplink = 1710.0 - 1780.0 MHz, Downlink = 1710.0 - 1780.0 MHz ",310,410,1,1723951247318,9.030687809,2024-08-17 23:20:47.318000,-121.9480027,37.3931193,-23.600000381469727,37.3931193,-121.9480027,-23.600000381469727
4G_LTE,-129,2147483647,-129,-20,-97,2147483647,11,66986,497,2147483647,2147483647,2147483647,0,2147483647,[66],[FDD],"Band Number = 66, Uplink = 1710.0 - 1780.0 MHz, Downlink = 1710.0 - 1780.0 MHz ",Unavailable,Unavailable,0,1723951247318,9.030687809,2024-08-17 23:20:47.318000,-121.9480027,37.3931193,-23.600000381469727,37.3931193,-121.9480027,-23.600000381469727
4G_LTE,-114,2147483647,-114,-12,-93,2147483647,26,5330,471,2147483647,2147483647,2147483647,1,2147483647,[14],[FDD],"Band Number = 14, Uplink = 788.0 - 798.0 MHz, Downlink = 788.0 - 798.0 MHz ",Unavailable,Unavailable,0,1723951247318,9.030687809,2024-08-17 23:20:47.318000,-121.9480027,37.3931193,-23.600000381469727,37.3931193,-121.9480027,-23.600000381469727
4G_LTE,-112,2147483647,-112,-12,-91,2147483647,28,5035,87,2147483647,2147483647,2147483647,1,2147483647,[12],[FDD],"Band Number = 12, Uplink = 698.0 - 716.0 MHz, Downlink = 699.0 - 716.0 MHz ",Unavailable,Unavailable,0,1723951247318,9.030687809,2024-08-17 23:20:47.318000,-121.9480027,37.3931193,-23.600000381469727,37.3931193,-121.9480027,-23.600000381469727
4G_LTE,-120,2147483647,-120,-20,-91,2147483647,20,5035,129,2147483647,2147483647,2147483647,0,2147483647,[12],[FDD],"Band Number = 12, Uplink = 698.0 - 716.0 MHz, Downlink = 699.0 - 716.0 MHz ",Unavailable,Unavailable,0,1723951247318,9.030687809,2024-08-17 23:20:47.318000,-121.9480027,37.3931193,-23.600000381469727,37.3931193,-121.9480027,-23.600000381469727
4G_LTE,-119,2147483647,-119,-19,-91,2147483647,21,5035,231,2147483647,2147483647,2147483647,0,2147483647,[12],[FDD],"Band Number = 12, Uplink = 698.0 - 716.0 MHz, Downlink = 699.0 - 716.0 MHz ",Unavailable,Unavailable,0,1723951247318,9.030687809,2024-08-17 23:20:47.318000,-121.9480027,37.3931193,-23.600000381469727,37.3931193,-121.9480027,-23.600000381469727
4G_LTE,-118,2147483647,-118,-18,-91,2147483647,22,5035,191,2147483647,2147483647,2147483647,0,2147483647,[12],[FDD],"Band Number = 12, Uplink = 698.0 - 716.0 MHz, Downlink = 699.0 - 716.0 MHz ",Unavailable,Unavailable,0,1723951247318,9.030687809,2024-08-17 23:20:47.318000,-121.9480027,37.3931193,-23.600000381469727,37.3931193,-121.9480027,-23.600000381469727
4G_LTE,-133,2147483647,-133,-19,-105,2147483647,7,9820,192,2147483647,2147483647,2147483647,0,2147483647,[30],[FDD],"Band Number = 30, Uplink = 2305.0 - 2315.0 MHz, Downlink = 2305.0 - 2315.0 MHz ",Unavailable,Unavailable,0,1723951247318,9.030687809,2024-08-17 23:20:47.318000,-121.9480027,37.3931193,-23.600000381469727,37.3931193,-121.9480027,-23.600000381469727
4G_LTE,-116,2147483647,-116,-12,-87,2147483647,24,66986,102,2147483647,169470393,35653,0,2147483647,[66],[FDD],"Band Number = 66, Uplink = 1710.0 - 1780.0 MHz, Downlink = 1710.0 - 1780.0 MHz ",310,410,1,1723951248323,10.034321975,2024-08-17 23:20:48.323000,-121.9480027,37.3931193,-23.600000381469727,37.3931193,-121.9480027,-23.600000381469727
4G_LTE,-129,2147483647,-129,-20,-97,2147483647,11,66986,497,2147483647,2147483647,2147483647,0,2147483647,[66],[FDD],"Band Number = 66, Uplink = 1710.0 - 1780.0 MHz, Downlink = 1710.0 - 1780.0 MHz ",Unavailable,Unavailable,0,1723951248323,10.034321975,2024-08-17 23:20:48.323000,-121.9480027,37.3931193,-23.600000381469727,37.3931193,-121.9480027,-23.600000381469727
4G_LTE,-114,2147483647,-114,-12,-93,2147483647,26,5330,471,2147483647,2147483647,2147483647,1,2147483647,[14],[FDD],"Band Number = 14, Uplink = 788.0 - 798.0 MHz, Downlink = 788.0 - 798.0 MHz ",Unavailable,Unavailable,0,1723951248323,10.034321975,2024-08-17 23:20:48.323000,-121.9480027,37.3931193,-23.600000381469727,37.3931193,-121.9480027,-23.600000381469727
4G_LTE,-112,2147483647,-112,-12,-91,2147483647,28,5035,87,2147483647,2147483647,2147483647,1,2147483647,[12],[FDD],"Band Number = 12, Uplink = 698.0 - 716.0 MHz, Downlink = 699.0 - 716.0 MHz ",Unavailable,Unavailable,0,1723951248323,10.034321975,2024-08-17 23:20:48.323000,-121.9480027,37.3931193,-23.600000381469727,37.3931193,-121.9480027,-23.600000381469727
4G_LTE,-120,2147483647,-120,-20,-91,2147483647,20,5035,129,2147483647,2147483647,2147483647,0,2147483647,[12],[FDD],"Band Number = 12, Uplink = 698.0 - 716.0 MHz, Downlink = 699.0 - 716.0 MHz ",Unavailable,Unavailable,0,1723951248323,10.034321975,2024-08-17 23:20:48.323000,-121.9480027,37.3931193,-23.600000381469727,37.3931193,-121.9480027,-23.600000381469727
4G_LTE,-119,2147483647,-119,-19,-91,2147483647,21,5035,231,2147483647,2147483647,2147483647,0,2147483647,[12],[FDD],"Band Number = 12, Uplink = 698.0 - 716.0 MHz, Downlink = 699.0 - 716.0 MHz ",Unavailable,Unavailable,0,1723951248323,10.034321975,2024-08-17 23:20:48.323000,-121.9480027,37.3931193,-23.600000381469727,37.3931193,-121.9480027,-23.600000381469727
4G_LTE,-118,2147483647,-118,-18,-91,2147483647,22,5035,191,2147483647,2147483647,2147483647,0,2147483647,[12],[FDD],"Band Number = 12, Uplink = 698.0 - 716.0 MHz, Downlink = 699.0 - 716.0 MHz ",Unavailable,Unavailable,0,1723951248323,10.034321975,2024-08-17 23:20:48.323000,-121.9480027,37.3931193,-23.600000381469727,37.3931193,-121.9480027,-23.600000381469727
4G_LTE,-133,2147483647,-133,-19,-105,2147483647,7,9820,192,2147483647,2147483647,2147483647,0,2147483647,[30],[FDD],"Band Number = 30, Uplink = 2305.0 - 2315.0 MHz, Downlink = 2305.0 - 2315.0 MHz ",Unavailable,Unavailable,0,1723951248323,10.034321975,2024-08-17 23:20:48.323000,-121.9480027,37.3931193,-23.600000381469727,37.3931193,-121.9480027,-23.600000381469727
4G_LTE,-116,2147483647,-116,-12,-87,2147483647,24,66986,102,2147483647,169470393,35653,0,2147483647,[66],[FDD],"Band Number = 66, Uplink = 1710.0 - 1780.0 MHz, Downlink = 1710.0 - 1780.0 MHz ",310,410,1,1723951249321,11.033646871,2024-08-17 23:20:49.321000,-121.9480027,37.3931193,-23.600000381469727,37.3931193,-121.9480027,-23.600000381469727
4G_LTE,-129,2147483647,-129,-20,-97,2147483647,11,66986,497,2147483647,2147483647,2147483647,0,2147483647,[66],[FDD],"Band Number = 66, Uplink = 1710.0 - 1780.0 MHz, Downlink = 1710.0 - 1780.0 MHz ",Unavailable,Unavailable,0,1723951249321,11.033646871,2024-08-17 23:20:49.321000,-121.9480027,37.3931193,-23.600000381469727,37.3931193,-121.9480027,-23.600000381469727
4G_LTE,-114,2147483647,-114,-12,-93,2147483647,26,5330,471,2147483647,2147483647,2147483647,1,2147483647,[14],[FDD],"Band Number = 14, Uplink = 788.0 - 798.0 MHz, Downlink = 788.0 - 798.0 MHz ",Unavailable,Unavailable,0,1723951249321,11.033646871,2024-08-17 23:20:49.321000,-121.9480027,37.3931193,-23.600000381469727,37.3931193,-121.9480027,-23.600000381469727
4G_LTE,-112,2147483647,-112,-12,-91,2147483647,28,5035,87,2147483647,2147483647,2147483647,1,2147483647,[12],[FDD],"Band Number = 12, Uplink = 698.0 - 716.0 MHz, Downlink = 699.0 - 716.0 MHz ",Unavailable,Unavailable,0,1723951249321,11.033646871,2024-08-17 23:20:49.321000,-121.9480027,37.3931193,-23.600000381469727,37.3931193,-121.9480027,-23.600000381469727
4G_LTE,-120,2147483647,-120,-20,-91,2147483647,20,5035,129,2147483647,2147483647,2147483647,0,2147483647,[12],[FDD],"Band Number = 12, Uplink = 698.0 - 716.0 MHz, Downlink = 699.0 - 716.0 MHz ",Unavailable,Unavailable,0,1723951249321,11.033646871,2024-08-17 23:20:49.321000,-121.9480027,37.3931193,-23.600000381469727,37.3931193,-121.9480027,-23.600000381469727
4G_LTE,-119,2147483647,-119,-19,-91,2147483647,21,5035,231,2147483647,2147483647,2147483647,0,2147483647,[12],[FDD],"Band Number = 12, Uplink = 698.0 - 716.0 MHz, Downlink = 699.0 - 716.0 MHz ",Unavailable,Unavailable,0,1723951249321,11.033646871,2024-08-17 23:20:49.321000,-121.9480027,37.3931193,-23.600000381469727,37.3931193,-121.9480027,-23.600000381469727
4G_LTE,-118,2147483647,-118,-18,-91,2147483647,22,5035,191,2147483647,2147483647,2147483647,0,2147483647,[12],[FDD],"Band Number = 12, Uplink = 698.0 - 716.0 MHz, Downlink = 699.0 - 716.0 MHz ",Unavailable,Unavailable,0,1723951249321,11.033646871,2024-08-17 23:20:49.321000,-121.9480027,37.3931193,-23.600000381469727,37.3931193,-121.9480027,-23.600000381469727
4G_LTE,-133,2147483647,-133,-19,-105,2147483647,7,9820,192,2147483647,2147483647,2147483647,0,2147483647,[30],[FDD],"Band Number = 30, Uplink = 2305.0 - 2315.0 MHz, Downlink = 2305.0 - 2315.0 MHz ",Unavailable,Unavailable,0,1723951249321,11.033646871,2024-08-17 23:20:49.321000,-121.9480027,37.3931193,-23.600000381469727,37.3931193,-121.9480027,-23.600000381469727
4G_LTE,-116,2147483647,-116,-12,-87,2147483647,24,66986,102,2147483647,169470393,35653,0,2147483647,[66],[FDD],"Band Number = 66, Uplink = 1710.0 - 1780.0 MHz, Downlink = 1710.0 - 1780.0 MHz ",310,410,1,1723951250319,12.032044214,2024-08-17 23:20:50.319000,-121.9480027,37.3931193,-23.600000381469727,37.3931193,-121.9480027,-23.600000381469727
4G_LTE,-129,2147483647,-129,-20,-97,2147483647,11,66986,497,2147483647,2147483647,2147483647,0,2147483647,[66],[FDD],"Band Number = 66, Uplink = 1710.0 - 1780.0 MHz, Downlink = 1710.0 - 1780.0 MHz ",Unavailable,Unavailable,0,1723951250319,12.032044214,2024-08-17 23:20:50.319000,-121.9480027,37.3931193,-23.600000381469727,37.3931193,-121.9480027,-23.600000381469727
4G_LTE,-114,2147483647,-114,-12,-93,2147483647,26,5330,471,2147483647,2147483647,2147483647,1,2147483647,[14],[FDD],"Band Number = 14, Uplink = 788.0 - 798.0 MHz, Downlink = 788.0 - 798.0 MHz ",Unavailable,Unavailable,0,1723951250319,12.032044214,2024-08-17 23:20:50.319000,-121.9480027,37.3931193,-23.600000381469727,37.3931193,-121.9480027,-23.600000381469727
4G_LTE,-112,2147483647,-112,-12,-91,2147483647,28,5035,87,2147483647,2147483647,2147483647,1,2147483647,[12],[FDD],"Band Number = 12, Uplink = 698.0 - 716.0 MHz, Downlink = 699.0 - 716.0 MHz ",Unavailable,Unavailable,0,1723951250319,12.032044214,2024-08-17 23:20:50.319000,-121.9480027,37.3931193,-23.600000381469727,37.3931193,-121.9480027,-23.600000381469727
4G_LTE,-120,2147483647,-120,-20,-91,2147483647,20,5035,129,2147483647,2147483647,2147483647,0,2147483647,[12],[FDD],"Band Number = 12, Uplink = 698.0 - 716.0 MHz, Downlink = 699.0 - 716.0 MHz ",Unavailable,Unavailable,0,1723951250319,12.032044214,2024-08-17 23:20:50.319000,-121.9480027,37.3931193,-23.600000381469727,37.3931193,-121.9480027,-23.600000381469727
4G_LTE,-119,2147483647,-119,-19,-91,2147483647,21,5035,231,2147483647,2147483647,2147483647,0,2147483647,[12],[FDD],"Band Number = 12, Uplink = 698.0 - 716.0 MHz, Downlink = 699.0 - 716.0 MHz ",Unavailable,Unavailable,0,1723951250319,12.032044214,2024-08-17 23:20:50.319000,-121.9480027,37.3931193,-23.600000381469727,37.3931193,-121.9480027,-23.600000381469727
4G_LTE,-118,2147483647,-118,-18,-91,2147483647,22,5035,191,2147483647,2147483647,2147483647,0,2147483647,[12],[FDD],"Band Number = 12, Uplink = 698.0 - 716.0 MHz, Downlink = 699.0 - 716.0 MHz ",Unavailable,Unavailable,0,1723951250319,12.032044214,2024-08-17 23:20:50.319000,-121.9480027,37.3931193,-23.600000381469727,37.3931193,-121.9480027,-23.600000381469727
4G_LTE,-133,2147483647,-133,-19,-105,2147483647,7,9820,192,2147483647,2147483647,2147483647,0,2147483647,[30],[FDD],"Band Number = 30, Uplink = 2305.0 - 2315.0 MHz, Downlink = 2305.0 - 2315.0 MHz ",Unavailable,Unavailable,0,1723951250319,12.032044214,2024-08-17 23:20:50.319000,-121.9480027,37.3931193,-23.600000381469727,37.3931193,-121.9480027,-23.600000381469727
4G_LTE,-116,2147483647,-116,-12,-87,2147483647,24,66986,102,2147483647,169470393,35653,0,2147483647,[66],[FDD],"Band Number = 66, Uplink = 1710.0 - 1780.0 MHz, Downlink = 1710.0 - 1780.0 MHz ",310,410,1,1723951251319,13.032017547,2024-08-17 23:20:51.319000,-121.9480027,37.3931193,-23.600000381469727,37.3931193,-121.9480027,-23.600000381469727
4G_LTE,-129,2147483647,-129,-20,-97,2147483647,11,66986,497,2147483647,2147483647,2147483647,0,2147483647,[66],[FDD],"Band Number = 66, Uplink = 1710.0 - 1780.0 MHz, Downlink = 1710.0 - 1780.0 MHz ",Unavailable,Unavailable,0,1723951251319,13.032017547,2024-08-17 23:20:51.319000,-121.9480027,37.3931193,-23.600000381469727,37.3931193,-121.9480027,-23.600000381469727
4G_LTE,-114,2147483647,-114,-12,-93,2147483647,26,5330,471,2147483647,2147483647,2147483647,1,2147483647,[14],[FDD],"Band Number = 14, Uplink = 788.0 - 798.0 MHz, Downlink = 788.0 - 798.0 MHz ",Unavailable,Unavailable,0,1723951251319,13.032017547,2024-08-17 23:20:51.319000,-121.9480027,37.3931193,-23.600000381469727,37.3931193,-121.9480027,-23.600000381469727
4G_LTE,-112,2147483647,-112,-12,-91,2147483647,28,5035,87,2147483647,2147483647,2147483647,1,2147483647,[12],[FDD],"Band Number = 12, Uplink = 698.0 - 716.0 MHz, Downlink = 699.0 - 716.0 MHz ",Unavailable,Unavailable,0,1723951251319,13.032017547,2024-08-17 23:20:51.319000,-121.9480027,37.3931193,-23.600000381469727,37.3931193,-121.9480027,-23.600000381469727
4G_LTE,-120,2147483647,-120,-20,-91,2147483647,20,5035,129,2147483647,2147483647,2147483647,0,2147483647,[12],[FDD],"Band Number = 12, Uplink = 698.0 - 716.0 MHz, Downlink = 699.0 - 716.0 MHz ",Unavailable,Unavailable,0,1723951251319,13.032017547,2024-08-17 23:20:51.319000,-121.9480027,37.3931193,-23.600000381469727,37.3931193,-121.9480027,-23.600000381469727
4G_LTE,-119,2147483647,-119,-19,-91,2147483647,21,5035,231,2147483647,2147483647,2147483647,0,2147483647,[12],[FDD],"Band Number = 12, Uplink = 698.0 - 716.0 MHz, Downlink = 699.0 - 716.0 MHz ",Unavailable,Unavailable,0,1723951251319,13.032017547,2024-08-17 23:20:51.319000,-121.9480027,37.3931193,-23.600000381469727,37.3931193,-121.9480027,-23.600000381469727
4G_LTE,-118,2147483647,-118,-18,-91,2147483647,22,5035,191,2147483647,2147483647,2147483647,0,2147483647,[12],[FDD],"Band Number = 12, Uplink = 698.0 - 716.0 MHz, Downlink = 699.0 - 716.0 MHz ",Unavailable,Unavailable,0,1723951251319,13.032017547,2024-08-17 23:20:51.319000,-121.9480027,37.3931193,-23.600000381469727,37.3931193,-121.9480027,-23.600000381469727
4G_LTE,-133,2147483647,-133,-19,-105,2147483647,7,9820,192,2147483647,2147483647,2147483647,0,2147483647,[30],[FDD],"Band Number = 30, Uplink = 2305.0 - 2315.0 MHz, Downlink = 2305.0 - 2315.0 MHz ",Unavailable,Unavailable,0,1723951251319,13.032017547,2024-08-17 23:20:51.319000,-121.9480027,37.3931193,-23.600000381469727,37.3931193,-121.9480027,-23.600000381469727
4G_LTE,-116,2147483647,-116,-12,-87,2147483647,24,66986,102,2147483647,169470393,35653,0,2147483647,[66],[FDD],"Band Number = 66, Uplink = 1710.0 - 1780.0 MHz, Downlink = 1710.0 - 1780.0 MHz ",310,410,1,1723951252321,14.032925255,2024-08-17 23:20:52.321000,-121.9479408,37.3931618,-23.600000381469727,37.3931618,-121.9479408,-23.600000381469727
4G_LTE,-129,2147483647,-129,-20,-97,2147483647,11,66986,497,2147483647,2147483647,2147483647,0,2147483647,[66],[FDD],"Band Number = 66, Uplink = 1710.0 - 1780.0 MHz, Downlink = 1710.0 - 1780.0 MHz ",Unavailable,Unavailable,0,1723951252321,14.032925255,2024-08-17 23:20:52.321000,-121.9479408,37.3931618,-23.600000381469727,37.3931618,-121.9479408,-23.600000381469727
4G_LTE,-114,2147483647,-114,-12,-93,2147483647,26,5330,471,2147483647,2147483647,2147483647,1,2147483647,[14],[FDD],"Band Number = 14, Uplink = 788.0 - 798.0 MHz, Downlink = 788.0 - 798.0 MHz ",Unavailable,Unavailable,0,1723951252321,14.032925255,2024-08-17 23:20:52.321000,-121.9479408,37.3931618,-23.600000381469727,37.3931618,-121.9479408,-23.600000381469727
4G_LTE,-112,2147483647,-112,-12,-91,2147483647,28,5035,87,2147483647,2147483647,2147483647,1,2147483647,[12],[FDD],"Band Number = 12, Uplink = 698.0 - 716.0 MHz, Downlink = 699.0 - 716.0 MHz ",Unavailable,Unavailable,0,1723951252321,14.032925255,2024-08-17 23:20:52.321000,-121.9479408,37.3931618,-23.600000381469727,37.3931618,-121.9479408,-23.600000381469727
4G_LTE,-120,2147483647,-120,-20,-91,2147483647,20,5035,129,2147483647,2147483647,2147483647,0,2147483647,[12],[FDD],"Band Number = 12, Uplink = 698.0 - 716.0 MHz, Downlink = 699.0 - 716.0 MHz ",Unavailable,Unavailable,0,1723951252321,14.032925255,2024-08-17 23:20:52.321000,-121.9479408,37.3931618,-23.600000381469727,37.3931618,-121.9479408,-23.600000381469727
4G_LTE,-119,2147483647,-119,-19,-91,2147483647,21,5035,231,2147483647,2147483647,2147483647,0,2147483647,[12],[FDD],"Band Number = 12, Uplink = 698.0 - 716.0 MHz, Downlink = 699.0 - 716.0 MHz ",Unavailable,Unavailable,0,1723951252321,14.032925255,2024-08-17 23:20:52.321000,-121.9479408,37.3931618,-23.600000381469727,37.3931618,-121.9479408,-23.600000381469727
4G_LTE,-118,2147483647,-118,-18,-91,2147483647,22,5035,191,2147483647,2147483647,2147483647,0,2147483647,[12],[FDD],"Band Number = 12, Uplink = 698.0 - 716.0 MHz, Downlink = 699.0 - 716.0 MHz ",Unavailable,Unavailable,0,1723951252321,14.032925255,2024-08-17 23:20:52.321000,-121.9479408,37.3931618,-23.600000381469727,37.3931618,-121.9479408,-23.600000381469727
4G_LTE,-133,2147483647,-133,-19,-105,2147483647,7,9820,192,2147483647,2147483647,2147483647,0,2147483647,[30],[FDD],"Band Number = 30, Uplink = 2305.0 - 2315.0 MHz, Downlink = 2305.0 - 2315.0 MHz ",Unavailable,Unavailable,0,1723951252321,14.032925255,2024-08-17 23:20:52.321000,-121.9479408,37.3931618,-23.600000381469727,37.3931618,-121.9479408,-23.600000381469727
4G_LTE,-116,2147483647,-116,-12,-87,2147483647,24,66986,102,2147483647,169470393,35653,0,2147483647,[66],[FDD],"Band Number = 66, Uplink = 1710.0 - 1780.0 MHz, Downlink = 1710.0 - 1780.0 MHz ",310,410,1,1723951253327,15.038915463,2024-08-17 23:20:53.327000,-121.9479408,37.3931618,-23.600000381469727,37.3931618,-121.9479408,-23.600000381469727
4G_LTE,-129,2147483647,-129,-20,-97,2147483647,11,66986,497,2147483647,2147483647,2147483647,0,2147483647,[66],[FDD],"Band Number = 66, Uplink = 1710.0 - 1780.0 MHz, Downlink = 1710.0 - 1780.0 MHz ",Unavailable,Unavailable,0,1723951253327,15.038915463,2024-08-17 23:20:53.327000,-121.9479408,37.3931618,-23.600000381469727,37.3931618,-121.9479408,-23.600000381469727
4G_LTE,-114,2147483647,-114,-12,-93,2147483647,26,5330,471,2147483647,2147483647,2147483647,1,2147483647,[14],[FDD],"Band Number = 14, Uplink = 788.0 - 798.0 MHz, Downlink = 788.0 - 798.0 MHz ",Unavailable,Unavailable,0,1723951253327,15.038915463,2024-08-17 23:20:53.327000,-121.9479408,37.3931618,-23.600000381469727,37.3931618,-121.9479408,-23.600000381469727
4G_LTE,-112,2147483647,-112,-12,-91,2147483647,28,5035,87,2147483647,2147483647,2147483647,1,2147483647,[12],[FDD],"Band Number = 12, Uplink = 698.0 - 716.0 MHz, Downlink = 699.0 - 716.0 MHz ",Unavailable,Unavailable,0,1723951253327,15.038915463,2024-08-17 23:20:53.327000,-121.9479408,37.3931618,-23.600000381469727,37.3931618,-121.9479408,-23.600000381469727
4G_LTE,-120,2147483647,-120,-20,-91,2147483647,20,5035,129,2147483647,2147483647,2147483647,0,2147483647,[12],[FDD],"Band Number = 12, Uplink = 698.0 - 716.0 MHz, Downlink = 699.0 - 716.0 MHz ",Unavailable,Unavailable,0,1723951253327,15.038915463,2024-08-17 23:20:53.327000,-121.9479408,37.3931618,-23.600000381469727,37.3931618,-121.9479408,-23.600000381469727
4G_LTE,-119,2147483647,-119,-19,-91,2147483647,21,5035,231,2147483647,2147483647,2147483647,0,2147483647,[12],[FDD],"Band Number = 12, Uplink = 698.0 - 716.0 MHz, Downlink = 699.0 - 716.0 MHz ",Unavailable,Unavailable,0,1723951253327,15.038915463,2024-08-17 23:20:53.327000,-121.9479408,37.3931618,-23.600000381469727,37.3931618,-121.9479408,-23.600000381469727
4G_LTE,-118,2147483647,-118,-18,-91,2147483647,22,5035,191,2147483647,2147483647,2147483647,0,2147483647,[12],[FDD],"Band Number = 12, Uplink = 698.0 - 716.0 MHz, Downlink = 699.0 - 716.0 MHz ",Unavailable,Unavailable,0,1723951253327,15.038915463,2024-08-17 23:20:53.327000,-121.9479408,37.3931618,-23.600000381469727,37.3931618,-121.9479408,-23.600000381469727
4G_LTE,-133,2147483647,-133,-19,-105,2147483647,7,9820,192,2147483647,2147483647,2147483647,0,2147483647,[30],[FDD],"Band Number = 30, Uplink = 2305.0 - 2315.0 MHz, Downlink = 2305.0 - 2315.0 MHz ",Unavailable,Unavailable,0,1723951253327,15.038915463,2024-08-17 23:20:53.327000,-121.9479408,37.3931618,-23.600000381469727,37.3931618,-121.9479408,-23.600000381469727
4G_LTE,-116,2147483647,-116,-12,-87,2147483647,24,66986,102,2147483647,169470393,35653,0,2147483647,[66],[FDD],"Band Number = 66, Uplink = 1710.0 - 1780.0 MHz, Downlink = 1710.0 - 1780.0 MHz ",310,410,1,1723951254323,16.0361464,2024-08-17 23:20:54.323000,-121.9479408,37.3931618,-23.600000381469727,37.3931618,-121.9479408,-23.600000381469727
4G_LTE,-129,2147483647,-129,-20,-97,2147483647,11,66986,497,2147483647,2147483647,2147483647,0,2147483647,[66],[FDD],"Band Number = 66, Uplink = 1710.0 - 1780.0 MHz, Downlink = 1710.0 - 1780.0 MHz ",Unavailable,Unavailable,0,1723951254323,16.0361464,2024-08-17 23:20:54.323000,-121.9479408,37.3931618,-23.600000381469727,37.3931618,-121.9479408,-23.600000381469727
4G_LTE,-114,2147483647,-114,-12,-93,2147483647,26,5330,471,2147483647,2147483647,2147483647,1,2147483647,[14],[FDD],"Band Number = 14, Uplink = 788.0 - 798.0 MHz, Downlink = 788.0 - 798.0 MHz ",Unavailable,Unavailable,0,1723951254323,16.0361464,2024-08-17 23:20:54.323000,-121.9479408,37.3931618,-23.600000381469727,37.3931618,-121.9479408,-23.600000381469727
4G_LTE,-112,2147483647,-112,-12,-91,2147483647,28,5035,87,2147483647,2147483647,2147483647,1,2147483647,[12],[FDD],"Band Number = 12, Uplink = 698.0 - 716.0 MHz, Downlink = 699.0 - 716.0 MHz ",Unavailable,Unavailable,0,1723951254323,16.0361464,2024-08-17 23:20:54.323000,-121.9479408,37.3931618,-23.600000381469727,37.3931618,-121.9479408,-23.600000381469727
4G_LTE,-120,2147483647,-120,-20,-91,2147483647,20,5035,129,2147483647,2147483647,2147483647,0,2147483647,[12],[FDD],"Band Number = 12, Uplink = 698.0 - 716.0 MHz, Downlink = 699.0 - 716.0 MHz ",Unavailable,Unavailable,0,1723951254323,16.0361464,2024-08-17 23:20:54.323000,-121.9479408,37.3931618,-23.600000381469727,37.3931618,-121.9479408,-23.600000381469727
4G_LTE,-119,2147483647,-119,-19,-91,2147483647,21,5035,231,2147483647,2147483647,2147483647,0,2147483647,[12],[FDD],"Band Number = 12, Uplink = 698.0 - 716.0 MHz, Downlink = 699.0 - 716.0 MHz ",Unavailable,Unavailable,0,1723951254323,16.0361464,2024-08-17 23:20:54.323000,-121.9479408,37.3931618,-23.600000381469727,37.3931618,-121.9479408,-23.600000381469727
4G_LTE,-118,2147483647,-118,-18,-91,2147483647,22,5035,191,2147483647,2147483647,2147483647,0,2147483647,[12],[FDD],"Band Number = 12, Uplink = 698.0 - 716.0 MHz, Downlink = 699.0 - 716.0 MHz ",Unavailable,Unavailable,0,1723951254323,16.0361464,2024-08-17 23:20:54.323000,-121.9479408,37.3931618,-23.600000381469727,37.3931618,-121.9479408,-23.600000381469727
4G_LTE,-133,2147483647,-133,-19,-105,2147483647,7,9820,192,2147483647,2147483647,2147483647,0,2147483647,[30],[FDD],"Band Number = 30, Uplink = 2305.0 - 2315.0 MHz, Downlink = 2305.0 - 2315.0 MHz ",Unavailable,Unavailable,0,1723951254323,16.0361464,2024-08-17 23:20:54.323000,-121.9479408,37.3931618,-23.600000381469727,37.3931618,-121.9479408,-23.600000381469727
4G_LTE,-116,2147483647,-116,-12,-87,2147483647,24,66986,102,2147483647,169470393,35653,0,2147483647,[66],[FDD],"Band Number = 66, Uplink = 1710.0 - 1780.0 MHz, Downlink = 1710.0 - 1780.0 MHz ",310,410,1,1723951255327,17.03995015,2024-08-17 23:20:55.327000,-121.9479408,37.3931618,-23.600000381469727,37.3931618,-121.9479408,-23.600000381469727
4G_LTE,-129,2147483647,-129,-20,-97,2147483647,11,66986,497,2147483647,2147483647,2147483647,0,2147483647,[66],[FDD],"Band Number = 66, Uplink = 1710.0 - 1780.0 MHz, Downlink = 1710.0 - 1780.0 MHz ",Unavailable,Unavailable,0,1723951255327,17.03995015,2024-08-17 23:20:55.327000,-121.9479408,37.3931618,-23.600000381469727,37.3931618,-121.9479408,-23.600000381469727
4G_LTE,-114,2147483647,-114,-12,-93,2147483647,26,5330,471,2147483647,2147483647,2147483647,1,2147483647,[14],[FDD],"Band Number = 14, Uplink = 788.0 - 798.0 MHz, Downlink = 788.0 - 798.0 MHz ",Unavailable,Unavailable,0,1723951255327,17.03995015,2024-08-17 23:20:55.327000,-121.9479408,37.3931618,-23.600000381469727,37.3931618,-121.9479408,-23.600000381469727
4G_LTE,-112,2147483647,-112,-12,-91,2147483647,28,5035,87,2147483647,2147483647,2147483647,1,2147483647,[12],[FDD],"Band Number = 12, Uplink = 698.0 - 716.0 MHz, Downlink = 699.0 - 716.0 MHz ",Unavailable,Unavailable,0,1723951255327,17.03995015,2024-08-17 23:20:55.327000,-121.9479408,37.3931618,-23.600000381469727,37.3931618,-121.9479408,-23.600000381469727
4G_LTE,-120,2147483647,-120,-20,-91,2147483647,20,5035,129,2147483647,2147483647,2147483647,0,2147483647,[12],[FDD],"Band Number = 12, Uplink = 698.0 - 716.0 MHz, Downlink = 699.0 - 716.0 MHz ",Unavailable,Unavailable,0,1723951255327,17.03995015,2024-08-17 23:20:55.327000,-121.9479408,37.3931618,-23.600000381469727,37.3931618,-121.9479408,-23.600000381469727
4G_LTE,-119,2147483647,-119,-19,-91,2147483647,21,5035,231,2147483647,2147483647,2147483647,0,2147483647,[12],[FDD],"Band Number = 12, Uplink = 698.0 - 716.0 MHz, Downlink = 699.0 - 716.0 MHz ",Unavailable,Unavailable,0,1723951255327,17.03995015,2024-08-17 23:20:55.327000,-121.9479408,37.3931618,-23.600000381469727,37.3931618,-121.9479408,-23.600000381469727
4G_LTE,-118,2147483647,-118,-18,-91,2147483647,22,5035,191,2147483647,2147483647,2147483647,0,2147483647,[12],[FDD],"Band Number = 12, Uplink = 698.0 - 716.0 MHz, Downlink = 699.0 - 716.0 MHz ",Unavailable,Unavailable,0,1723951255327,17.03995015,2024-08-17 23:20:55.327000,-121.9479408,37.3931618,-23.600000381469727,37.3931618,-121.9479408,-23.600000381469727
4G_LTE,-133,2147483647,-133,-19,-105,2147483647,7,9820,192,2147483647,2147483647,2147483647,0,2147483647,[30],[FDD],"Band Number = 30, Uplink = 2305.0 - 2315.0 MHz, Downlink = 2305.0 - 2315.0 MHz ",Unavailable,Unavailable,0,1723951255327,17.03995015,2024-08-17 23:20:55.327000,-121.9479408,37.3931618,-23.600000381469727,37.3931618,-121.9479408,-23.600000381469727
4G_LTE,-116,2147483647,-116,-14,-83,2147483647,24,66986,102,2147483647,169470393,35653,0,2147483647,[66],[FDD],"Band Number = 66, Uplink = 1710.0 - 1780.0 MHz, Downlink = 1710.0 - 1780.0 MHz ",310,410,1,1723951256326,18.037763066,2024-08-17 23:20:56.326000,-121.9479408,37.3931618,-23.600000381469727,37.3931618,-121.9479408,-23.600000381469727
4G_LTE,-126,2147483647,-126,-19,-93,2147483647,14,66986,497,2147483647,2147483647,2147483647,0,2147483647,[66],[FDD],"Band Number = 66, Uplink = 1710.0 - 1780.0 MHz, Downlink = 1710.0 - 1780.0 MHz ",Unavailable,Unavailable,0,1723951256326,18.037763066,2024-08-17 23:20:56.326000,-121.9479408,37.3931618,-23.600000381469727,37.3931618,-121.9479408,-23.600000381469727
4G_LTE,-114,2147483647,-114,-12,-93,2147483647,26,5330,471,2147483647,2147483647,2147483647,1,2147483647,[14],[FDD],"Band Number = 14, Uplink = 788.0 - 798.0 MHz, Downlink = 788.0 - 798.0 MHz ",Unavailable,Unavailable,0,1723951256326,18.037763066,2024-08-17 23:20:56.326000,-121.9479408,37.3931618,-23.600000381469727,37.3931618,-121.9479408,-23.600000381469727
4G_LTE,-112,2147483647,-112,-12,-91,2147483647,28,5035,87,2147483647,2147483647,2147483647,1,2147483647,[12],[FDD],"Band Number = 12, Uplink = 698.0 - 716.0 MHz, Downlink = 699.0 - 716.0 MHz ",Unavailable,Unavailable,0,1723951256326,18.037763066,2024-08-17 23:20:56.326000,-121.9479408,37.3931618,-23.600000381469727,37.3931618,-121.9479408,-23.600000381469727
4G_LTE,-120,2147483647,-120,-20,-91,2147483647,20,5035,129,2147483647,2147483647,2147483647,0,2147483647,[12],[FDD],"Band Number = 12, Uplink = 698.0 - 716.0 MHz, Downlink = 699.0 - 716.0 MHz ",Unavailable,Unavailable,0,1723951256326,18.037763066,2024-08-17 23:20:56.326000,-121.9479408,37.3931618,-23.600000381469727,37.3931618,-121.9479408,-23.600000381469727
4G_LTE,-119,2147483647,-119,-19,-91,2147483647,21,5035,231,2147483647,2147483647,2147483647,0,2147483647,[12],[FDD],"Band Number = 12, Uplink = 698.0 - 716.0 MHz, Downlink = 699.0 - 716.0 MHz ",Unavailable,Unavailable,0,1723951256326,18.037763066,2024-08-17 23:20:56.326000,-121.9479408,37.3931618,-23.600000381469727,37.3931618,-121.9479408,-23.600000381469727
4G_LTE,-118,2147483647,-118,-18,-91,2147483647,22,5035,191,2147483647,2147483647,2147483647,0,2147483647,[12],[FDD],"Band Number = 12, Uplink = 698.0 - 716.0 MHz, Downlink = 699.0 - 716.0 MHz ",Unavailable,Unavailable,0,1723951256326,18.037763066,2024-08-17 23:20:56.326000,-121.9479408,37.3931618,-23.600000381469727,37.3931618,-121.9479408,-23.600000381469727
4G_LTE,-133,2147483647,-133,-19,-105,2147483647,7,9820,192,2147483647,2147483647,2147483647,0,2147483647,[30],[FDD],"Band Number = 30, Uplink = 2305.0 - 2315.0 MHz, Downlink = 2305.0 - 2315.0 MHz ",Unavailable,Unavailable,0,1723951256326,18.037763066,2024-08-17 23:20:56.326000,-121.9479408,37.3931618,-23.600000381469727,37.3931618,-121.9479408,-23.600000381469727
4G_LTE,-116,2147483647,-116,-14,-83,2147483647,24,66986,102,2147483647,169470393,35653,0,2147483647,[66],[FDD],"Band Number = 66, Uplink = 1710.0 - 1780.0 MHz, Downlink = 1710.0 - 1780.0 MHz ",310,410,1,1723951257328,19.039978638,2024-08-17 23:20:57.328000,-121.9479408,37.3931618,-23.600000381469727,37.3931618,-121.9479408,-23.600000381469727
4G_LTE,-126,2147483647,-126,-19,-93,2147483647,14,66986,497,2147483647,2147483647,2147483647,0,2147483647,[66],[FDD],"Band Number = 66, Uplink = 1710.0 - 1780.0 MHz, Downlink = 1710.0 - 1780.0 MHz ",Unavailable,Unavailable,0,1723951257328,19.039978638,2024-08-17 23:20:57.328000,-121.9479408,37.3931618,-23.600000381469727,37.3931618,-121.9479408,-23.600000381469727
4G_LTE,-114,2147483647,-114,-12,-93,2147483647,26,5330,471,2147483647,2147483647,2147483647,1,2147483647,[14],[FDD],"Band Number = 14, Uplink = 788.0 - 798.0 MHz, Downlink = 788.0 - 798.0 MHz ",Unavailable,Unavailable,0,1723951257328,19.039978638,2024-08-17 23:20:57.328000,-121.9479408,37.3931618,-23.600000381469727,37.3931618,-121.9479408,-23.600000381469727
4G_LTE,-112,2147483647,-112,-12,-91,2147483647,28,5035,87,2147483647,2147483647,2147483647,1,2147483647,[12],[FDD],"Band Number = 12, Uplink = 698.0 - 716.0 MHz, Downlink = 699.0 - 716.0 MHz ",Unavailable,Unavailable,0,1723951257328,19.039978638,2024-08-17 23:20:57.328000,-121.9479408,37.3931618,-23.600000381469727,37.3931618,-121.9479408,-23.600000381469727
4G_LTE,-120,2147483647,-120,-20,-91,2147483647,20,5035,129,2147483647,2147483647,2147483647,0,2147483647,[12],[FDD],"Band Number = 12, Uplink = 698.0 - 716.0 MHz, Downlink = 699.0 - 716.0 MHz ",Unavailable,Unavailable,0,1723951257328,19.039978638,2024-08-17 23:20:57.328000,-121.9479408,37.3931618,-23.600000381469727,37.3931618,-121.9479408,-23.600000381469727
4G_LTE,-119,2147483647,-119,-19,-91,2147483647,21,5035,231,2147483647,2147483647,2147483647,0,2147483647,[12],[FDD],"Band Number = 12, Uplink = 698.0 - 716.0 MHz, Downlink = 699.0 - 716.0 MHz ",Unavailable,Unavailable,0,1723951257328,19.039978638,2024-08-17 23:20:57.328000,-121.9479408,37.3931618,-23.600000381469727,37.3931618,-121.9479408,-23.600000381469727
4G_LTE,-118,2147483647,-118,-18,-91,2147483647,22,5035,191,2147483647,2147483647,2147483647,0,2147483647,[12],[FDD],"Band Number = 12, Uplink = 698.0 - 716.0 MHz, Downlink = 699.0 - 716.0 MHz ",Unavailable,Unavailable,0,1723951257328,19.039978638,2024-08-17 23:20:57.328000,-121.9479408,37.3931618,-23.600000381469727,37.3931618,-121.9479408,-23.600000381469727
4G_LTE,-133,2147483647,-133,-19,-105,2147483647,7,9820,192,2147483647,2147483647,2147483647,0,2147483647,[30],[FDD],"Band Number = 30, Uplink = 2305.0 - 2315.0 MHz, Downlink = 2305.0 - 2315.0 MHz ",Unavailable,Unavailable,0,1723951257328,19.039978638,2024-08-17 23:20:57.328000,-121.9479408,37.3931618,-23.600000381469727,37.3931618,-121.9479408,-23.600000381469727
4G_LTE,-116,2147483647,-116,-14,-83,2147483647,24,66986,102,2147483647,169470393,35653,0,2147483647,[66],[FDD],"Band Number = 66, Uplink = 1710.0 - 1780.0 MHz, Downlink = 1710.0 - 1780.0 MHz ",310,410,1,1723951258328,20.03968119,2024-08-17 23:20:58.328000,-121.9479408,37.3931618,-23.600000381469727,37.3931618,-121.9479408,-23.600000381469727
4G_LTE,-126,2147483647,-126,-19,-93,2147483647,14,66986,497,2147483647,2147483647,2147483647,0,2147483647,[66],[FDD],"Band Number = 66, Uplink = 1710.0 - 1780.0 MHz, Downlink = 1710.0 - 1780.0 MHz ",Unavailable,Unavailable,0,1723951258328,20.03968119,2024-08-17 23:20:58.328000,-121.9479408,37.3931618,-23.600000381469727,37.3931618,-121.9479408,-23.600000381469727
4G_LTE,-114,2147483647,-114,-12,-93,2147483647,26,5330,471,2147483647,2147483647,2147483647,1,2147483647,[14],[FDD],"Band Number = 14, Uplink = 788.0 - 798.0 MHz, Downlink = 788.0 - 798.0 MHz ",Unavailable,Unavailable,0,1723951258328,20.03968119,2024-08-17 23:20:58.328000,-121.9479408,37.3931618,-23.600000381469727,37.3931618,-121.9479408,-23.600000381469727
4G_LTE,-112,2147483647,-112,-12,-91,2147483647,28,5035,87,2147483647,2147483647,2147483647,1,2147483647,[12],[FDD],"Band Number = 12, Uplink = 698.0 - 716.0 MHz, Downlink = 699.0 - 716.0 MHz ",Unavailable,Unavailable,0,1723951258328,20.03968119,2024-08-17 23:20:58.328000,-121.9479408,37.3931618,-23.600000381469727,37.3931618,-121.9479408,-23.600000381469727
4G_LTE,-120,2147483647,-120,-20,-91,2147483647,20,5035,129,2147483647,2147483647,2147483647,0,2147483647,[12],[FDD],"Band Number = 12, Uplink = 698.0 - 716.0 MHz, Downlink = 699.0 - 716.0 MHz ",Unavailable,Unavailable,0,1723951258328,20.03968119,2024-08-17 23:20:58.328000,-121.9479408,37.3931618,-23.600000381469727,37.3931618,-121.9479408,-23.600000381469727
4G_LTE,-119,2147483647,-119,-19,-91,2147483647,21,5035,231,2147483647,2147483647,2147483647,0,2147483647,[12],[FDD],"Band Number = 12, Uplink = 698.0 - 716.0 MHz, Downlink = 699.0 - 716.0 MHz ",Unavailable,Unavailable,0,1723951258328,20.03968119,2024-08-17 23:20:58.328000,-121.9479408,37.3931618,-23.600000381469727,37.3931618,-121.9479408,-23.600000381469727
4G_LTE,-118,2147483647,-118,-18,-91,2147483647,22,5035,191,2147483647,2147483647,2147483647,0,2147483647,[12],[FDD],"Band Number = 12, Uplink = 698.0 - 716.0 MHz, Downlink = 699.0 - 716.0 MHz ",Unavailable,Unavailable,0,1723951258328,20.03968119,2024-08-17 23:20:58.328000,-121.9479408,37.3931618,-23.600000381469727,37.3931618,-121.9479408,-23.600000381469727
4G_LTE,-133,2147483647,-133,-19,-105,2147483647,7,9820,192,2147483647,2147483647,2147483647,0,2147483647,[30],[FDD],"Band Number = 30, Uplink = 2305.0 - 2315.0 MHz, Downlink = 2305.0 - 2315.0 MHz ",Unavailable,Unavailable,0,1723951258328,20.03968119,2024-08-17 23:20:58.328000,-121.9479408,37.3931618,-23.600000381469727,37.3931618,-121.9479408,-23.600000381469727
4G_LTE,-116,2147483647,-116,-14,-83,2147483647,24,66986,102,2147483647,169470393,35653,0,2147483647,[66],[FDD],"Band Number = 66, Uplink = 1710.0 - 1780.0 MHz, Downlink = 1710.0 - 1780.0 MHz ",310,410,1,1723951259327,21.03954994,2024-08-17 23:20:59.327000,-121.9479408,37.3931618,-23.600000381469727,37.3931618,-121.9479408,-23.600000381469727
4G_LTE,-126,2147483647,-126,-19,-93,2147483647,14,66986,497,2147483647,2147483647,2147483647,0,2147483647,[66],[FDD],"Band Number = 66, Uplink = 1710.0 - 1780.0 MHz, Downlink = 1710.0 - 1780.0 MHz ",Unavailable,Unavailable,0,1723951259327,21.03954994,2024-08-17 23:20:59.327000,-121.9479408,37.3931618,-23.600000381469727,37.3931618,-121.9479408,-23.600000381469727
4G_LTE,-114,2147483647,-114,-12,-93,2147483647,26,5330,471,2147483647,2147483647,2147483647,1,2147483647,[14],[FDD],"Band Number = 14, Uplink = 788.0 - 798.0 MHz, Downlink = 788.0 - 798.0 MHz ",Unavailable,Unavailable,0,1723951259327,21.03954994,2024-08-17 23:20:59.327000,-121.9479408,37.3931618,-23.600000381469727,37.3931618,-121.9479408,-23.600000381469727
4G_LTE,-112,2147483647,-112,-12,-91,2147483647,28,5035,87,2147483647,2147483647,2147483647,1,2147483647,[12],[FDD],"Band Number = 12, Uplink = 698.0 - 716.0 MHz, Downlink = 699.0 - 716.0 MHz ",Unavailable,Unavailable,0,1723951259327,21.03954994,2024-08-17 23:20:59.327000,-121.9479408,37.3931618,-23.600000381469727,37.3931618,-121.9479408,-23.600000381469727
4G_LTE,-120,2147483647,-120,-20,-91,2147483647,20,5035,129,2147483647,2147483647,2147483647,0,2147483647,[12],[FDD],"Band Number = 12, Uplink = 698.0 - 716.0 MHz, Downlink = 699.0 - 716.0 MHz ",Unavailable,Unavailable,0,1723951259327,21.03954994,2024-08-17 23:20:59.327000,-121.9479408,37.3931618,-23.600000381469727,37.3931618,-121.9479408,-23.600000381469727
4G_LTE,-119,2147483647,-119,-19,-91,2147483647,21,5035,231,2147483647,2147483647,2147483647,0,2147483647,[12],[FDD],"Band Number = 12, Uplink = 698.0 - 716.0 MHz, Downlink = 699.0 - 716.0 MHz ",Unavailable,Unavailable,0,1723951259327,21.03954994,2024-08-17 23:20:59.327000,-121.9479408,37.3931618,-23.600000381469727,37.3931618,-121.9479408,-23.600000381469727
4G_LTE,-118,2147483647,-118,-18,-91,2147483647,22,5035,191,2147483647,2147483647,2147483647,0,2147483647,[12],[FDD],"Band Number = 12, Uplink = 698.0 - 716.0 MHz, Downlink = 699.0 - 716.0 MHz ",Unavailable,Unavailable,0,1723951259327,21.03954994,2024-08-17 23:20:59.327000,-121.9479408,37.3931618,-23.600000381469727,37.3931618,-121.9479408,-23.600000381469727
4G_LTE,-133,2147483647,-133,-19,-105,2147483647,7,9820,192,2147483647,2147483647,2147483647,0,2147483647,[30],[FDD],"Band Number = 30, Uplink = 2305.0 - 2315.0 MHz, Downlink = 2305.0 - 2315.0 MHz ",Unavailable,Unavailable,0,1723951259327,21.03954994,2024-08-17 23:20:59.327000,-121.9479408,37.3931618,-23.600000381469727,37.3931618,-121.9479408,-23.600000381469727
4G_LTE,-116,2147483647,-116,-14,-83,2147483647,24,66986,102,2147483647,169470393,35653,0,2147483647,[66],[FDD],"Band Number = 66, Uplink = 1710.0 - 1780.0 MHz, Downlink = 1710.0 - 1780.0 MHz ",310,410,1,1723951260328,22.040194314,2024-08-17 23:21:00.328000,-121.9479408,37.3931618,-23.600000381469727,37.3931618,-121.9479408,-23.600000381469727
4G_LTE,-126,2147483647,-126,-19,-93,2147483647,14,66986,497,2147483647,2147483647,2147483647,0,2147483647,[66],[FDD],"Band Number = 66, Uplink = 1710.0 - 1780.0 MHz, Downlink = 1710.0 - 1780.0 MHz ",Unavailable,Unavailable,0,1723951260328,22.040194314,2024-08-17 23:21:00.328000,-121.9479408,37.3931618,-23.600000381469727,37.3931618,-121.9479408,-23.600000381469727
4G_LTE,-114,2147483647,-114,-12,-93,2147483647,26,5330,471,2147483647,2147483647,2147483647,1,2147483647,[14],[FDD],"Band Number = 14, Uplink = 788.0 - 798.0 MHz, Downlink = 788.0 - 798.0 MHz ",Unavailable,Unavailable,0,1723951260328,22.040194314,2024-08-17 23:21:00.328000,-121.9479408,37.3931618,-23.600000381469727,37.3931618,-121.9479408,-23.600000381469727
4G_LTE,-112,2147483647,-112,-12,-91,2147483647,28,5035,87,2147483647,2147483647,2147483647,1,2147483647,[12],[FDD],"Band Number = 12, Uplink = 698.0 - 716.0 MHz, Downlink = 699.0 - 716.0 MHz ",Unavailable,Unavailable,0,1723951260328,22.040194314,2024-08-17 23:21:00.328000,-121.9479408,37.3931618,-23.600000381469727,37.3931618,-121.9479408,-23.600000381469727
4G_LTE,-120,2147483647,-120,-20,-91,2147483647,20,5035,129,2147483647,2147483647,2147483647,0,2147483647,[12],[FDD],"Band Number = 12, Uplink = 698.0 - 716.0 MHz, Downlink = 699.0 - 716.0 MHz ",Unavailable,Unavailable,0,1723951260328,22.040194314,2024-08-17 23:21:00.328000,-121.9479408,37.3931618,-23.600000381469727,37.3931618,-121.9479408,-23.600000381469727
4G_LTE,-119,2147483647,-119,-19,-91,2147483647,21,5035,231,2147483647,2147483647,2147483647,0,2147483647,[12],[FDD],"Band Number = 12, Uplink = 698.0 - 716.0 MHz, Downlink = 699.0 - 716.0 MHz ",Unavailable,Unavailable,0,1723951260328,22.040194314,2024-08-17 23:21:00.328000,-121.9479408,37.3931618,-23.600000381469727,37.3931618,-121.9479408,-23.600000381469727
4G_LTE,-118,2147483647,-118,-18,-91,2147483647,22,5035,191,2147483647,2147483647,2147483647,0,2147483647,[12],[FDD],"Band Number = 12, Uplink = 698.0 - 716.0 MHz, Downlink = 699.0 - 716.0 MHz ",Unavailable,Unavailable,0,1723951260328,22.040194314,2024-08-17 23:21:00.328000,-121.9479408,37.3931618,-23.600000381469727,37.3931618,-121.9479408,-23.600000381469727
4G_LTE,-133,2147483647,-133,-19,-105,2147483647,7,9820,192,2147483647,2147483647,2147483647,0,2147483647,[30],[FDD],"Band Number = 30, Uplink = 2305.0 - 2315.0 MHz, Downlink = 2305.0 - 2315.0 MHz ",Unavailable,Unavailable,0,1723951260328,22.040194314,2024-08-17 23:21:00.328000,-121.9479408,37.3931618,-23.600000381469727,37.3931618,-121.9479408,-23.600000381469727
4G_LTE,-116,2147483647,-116,-14,-83,2147483647,24,66986,102,2147483647,169470393,35653,0,2147483647,[66],[FDD],"Band Number = 66, Uplink = 1710.0 - 1780.0 MHz, Downlink = 1710.0 - 1780.0 MHz ",310,410,1,1723951261329,23.040441866,2024-08-17 23:21:01.329000,-121.9479408,37.3931618,-23.600000381469727,37.3931618,-121.9479408,-23.600000381469727
4G_LTE,-126,2147483647,-126,-19,-93,2147483647,14,66986,497,2147483647,2147483647,2147483647,0,2147483647,[66],[FDD],"Band Number = 66, Uplink = 1710.0 - 1780.0 MHz, Downlink = 1710.0 - 1780.0 MHz ",Unavailable,Unavailable,0,1723951261329,23.040441866,2024-08-17 23:21:01.329000,-121.9479408,37.3931618,-23.600000381469727,37.3931618,-121.9479408,-23.600000381469727
4G_LTE,-114,2147483647,-114,-12,-93,2147483647,26,5330,471,2147483647,2147483647,2147483647,1,2147483647,[14],[FDD],"Band Number = 14, Uplink = 788.0 - 798.0 MHz, Downlink = 788.0 - 798.0 MHz ",Unavailable,Unavailable,0,1723951261329,23.040441866,2024-08-17 23:21:01.329000,-121.9479408,37.3931618,-23.600000381469727,37.3931618,-121.9479408,-23.600000381469727
4G_LTE,-112,2147483647,-112,-12,-91,2147483647,28,5035,87,2147483647,2147483647,2147483647,1,2147483647,[12],[FDD],"Band Number = 12, Uplink = 698.0 - 716.0 MHz, Downlink = 699.0 - 716.0 MHz ",Unavailable,Unavailable,0,1723951261329,23.040441866,2024-08-17 23:21:01.329000,-121.9479408,37.3931618,-23.600000381469727,37.3931618,-121.9479408,-23.600000381469727
4G_LTE,-120,2147483647,-120,-20,-91,2147483647,20,5035,129,2147483647,2147483647,2147483647,0,2147483647,[12],[FDD],"Band Number = 12, Uplink = 698.0 - 716.0 MHz, Downlink = 699.0 - 716.0 MHz ",Unavailable,Unavailable,0,1723951261329,23.040441866,2024-08-17 23:21:01.329000,-121.9479408,37.3931618,-23.600000381469727,37.3931618,-121.9479408,-23.600000381469727
4G_LTE,-119,2147483647,-119,-19,-91,2147483647,21,5035,231,2147483647,2147483647,2147483647,0,2147483647,[12],[FDD],"Band Number = 12, Uplink = 698.0 - 716.0 MHz, Downlink = 699.0 - 716.0 MHz ",Unavailable,Unavailable,0,1723951261329,23.040441866,2024-08-17 23:21:01.329000,-121.9479408,37.3931618,-23.600000381469727,37.3931618,-121.9479408,-23.600000381469727
4G_LTE,-118,2147483647,-118,-18,-91,2147483647,22,5035,191,2147483647,2147483647,2147483647,0,2147483647,[12],[FDD],"Band Number = 12, Uplink = 698.0 - 716.0 MHz, Downlink = 699.0 - 716.0 MHz ",Unavailable,Unavailable,0,1723951261329,23.040441866,2024-08-17 23:21:01.329000,-121.9479408,37.3931618,-23.600000381469727,37.3931618,-121.9479408,-23.600000381469727
4G_LTE,-133,2147483647,-133,-19,-105,2147483647,7,9820,192,2147483647,2147483647,2147483647,0,2147483647,[30],[FDD],"Band Number = 30, Uplink = 2305.0 - 2315.0 MHz, Downlink = 2305.0 - 2315.0 MHz ",Unavailable,Unavailable,0,1723951261329,23.040441866,2024-08-17 23:21:01.329000,-121.9479408,37.3931618,-23.600000381469727,37.3931618,-121.9479408,-23.600000381469727
4G_LTE,-116,2147483647,-116,-14,-83,2147483647,24,66986,102,2147483647,169470393,35653,0,2147483647,[66],[FDD],"Band Number = 66, Uplink = 1710.0 - 1780.0 MHz, Downlink = 1710.0 - 1780.0 MHz ",310,410,1,1723951262328,24.040088272,2024-08-17 23:21:02.328000,-121.9479408,37.3931618,-23.600000381469727,37.3931618,-121.9479408,-23.600000381469727
4G_LTE,-126,2147483647,-126,-19,-93,2147483647,14,66986,497,2147483647,2147483647,2147483647,0,2147483647,[66],[FDD],"Band Number = 66, Uplink = 1710.0 - 1780.0 MHz, Downlink = 1710.0 - 1780.0 MHz ",Unavailable,Unavailable,0,1723951262328,24.040088272,2024-08-17 23:21:02.328000,-121.9479408,37.3931618,-23.600000381469727,37.3931618,-121.9479408,-23.600000381469727
4G_LTE,-114,2147483647,-114,-12,-93,2147483647,26,5330,471,2147483647,2147483647,2147483647,1,2147483647,[14],[FDD],"Band Number = 14, Uplink = 788.0 - 798.0 MHz, Downlink = 788.0 - 798.0 MHz ",Unavailable,Unavailable,0,1723951262328,24.040088272,2024-08-17 23:21:02.328000,-121.9479408,37.3931618,-23.600000381469727,37.3931618,-121.9479408,-23.600000381469727
4G_LTE,-112,2147483647,-112,-12,-91,2147483647,28,5035,87,2147483647,2147483647,2147483647,1,2147483647,[12],[FDD],"Band Number = 12, Uplink = 698.0 - 716.0 MHz, Downlink = 699.0 - 716.0 MHz ",Unavailable,Unavailable,0,1723951262328,24.040088272,2024-08-17 23:21:02.328000,-121.9479408,37.3931618,-23.600000381469727,37.3931618,-121.9479408,-23.600000381469727
4G_LTE,-120,2147483647,-120,-20,-91,2147483647,20,5035,129,2147483647,2147483647,2147483647,0,2147483647,[12],[FDD],"Band Number = 12, Uplink = 698.0 - 716.0 MHz, Downlink = 699.0 - 716.0 MHz ",Unavailable,Unavailable,0,1723951262328,24.040088272,2024-08-17 23:21:02.328000,-121.9479408,37.3931618,-23.600000381469727,37.3931618,-121.9479408,-23.600000381469727
4G_LTE,-119,2147483647,-119,-19,-91,2147483647,21,5035,231,2147483647,2147483647,2147483647,0,2147483647,[12],[FDD],"Band Number = 12, Uplink = 698.0 - 716.0 MHz, Downlink = 699.0 - 716.0 MHz ",Unavailable,Unavailable,0,1723951262328,24.040088272,2024-08-17 23:21:02.328000,-121.9479408,37.3931618,-23.600000381469727,37.3931618,-121.9479408,-23.600000381469727
4G_LTE,-118,2147483647,-118,-18,-91,2147483647,22,5035,191,2147483647,2147483647,2147483647,0,2147483647,[12],[FDD],"Band Number = 12, Uplink = 698.0 - 716.0 MHz, Downlink = 699.0 - 716.0 MHz ",Unavailable,Unavailable,0,1723951262328,24.040088272,2024-08-17 23:21:02.328000,-121.9479408,37.3931618,-23.600000381469727,37.3931618,-121.9479408,-23.600000381469727
4G_LTE,-133,2147483647,-133,-19,-105,2147483647,7,9820,192,2147483647,2147483647,2147483647,0,2147483647,[30],[FDD],"Band Number = 30, Uplink = 2305.0 - 2315.0 MHz, Downlink = 2305.0 - 2315.0 MHz ",Unavailable,Unavailable,0,1723951262328,24.040088272,2024-08-17 23:21:02.328000,-121.9479408,37.3931618,-23.600000381469727,37.3931618,-121.9479408,-23.600000381469727
4G_LTE,-116,2147483647,-116,-14,-83,2147483647,24,66986,102,2147483647,169470393,35653,0,2147483647,[66],[FDD],"Band Number = 66, Uplink = 1710.0 - 1780.0 MHz, Downlink = 1710.0 - 1780.0 MHz ",310,410,1,1723951263329,25.041654626,2024-08-17 23:21:03.329000,-121.9479408,37.3931618,-23.600000381469727,37.3931618,-121.9479408,-23.600000381469727
4G_LTE,-126,2147483647,-126,-19,-93,2147483647,14,66986,497,2147483647,2147483647,2147483647,0,2147483647,[66],[FDD],"Band Number = 66, Uplink = 1710.0 - 1780.0 MHz, Downlink = 1710.0 - 1780.0 MHz ",Unavailable,Unavailable,0,1723951263329,25.041654626,2024-08-17 23:21:03.329000,-121.9479408,37.3931618,-23.600000381469727,37.3931618,-121.9479408,-23.600000381469727
4G_LTE,-114,2147483647,-114,-12,-93,2147483647,26,5330,471,2147483647,2147483647,2147483647,1,2147483647,[14],[FDD],"Band Number = 14, Uplink = 788.0 - 798.0 MHz, Downlink = 788.0 - 798.0 MHz ",Unavailable,Unavailable,0,1723951263329,25.041654626,2024-08-17 23:21:03.329000,-121.9479408,37.3931618,-23.600000381469727,37.3931618,-121.9479408,-23.600000381469727
4G_LTE,-112,2147483647,-112,-12,-91,2147483647,28,5035,87,2147483647,2147483647,2147483647,1,2147483647,[12],[FDD],"Band Number = 12, Uplink = 698.0 - 716.0 MHz, Downlink = 699.0 - 716.0 MHz ",Unavailable,Unavailable,0,1723951263329,25.041654626,2024-08-17 23:21:03.329000,-121.9479408,37.3931618,-23.600000381469727,37.3931618,-121.9479408,-23.600000381469727
4G_LTE,-120,2147483647,-120,-20,-91,2147483647,20,5035,129,2147483647,2147483647,2147483647,0,2147483647,[12],[FDD],"Band Number = 12, Uplink = 698.0 - 716.0 MHz, Downlink = 699.0 - 716.0 MHz ",Unavailable,Unavailable,0,1723951263329,25.041654626,2024-08-17 23:21:03.329000,-121.9479408,37.3931618,-23.600000381469727,37.3931618,-121.9479408,-23.600000381469727
4G_LTE,-119,2147483647,-119,-19,-91,2147483647,21,5035,231,2147483647,2147483647,2147483647,0,2147483647,[12],[FDD],"Band Number = 12, Uplink = 698.0 - 716.0 MHz, Downlink = 699.0 - 716.0 MHz ",Unavailable,Unavailable,0,1723951263329,25.041654626,2024-08-17 23:21:03.329000,-121.9479408,37.3931618,-23.600000381469727,37.3931618,-121.9479408,-23.600000381469727
4G_LTE,-118,2147483647,-118,-18,-91,2147483647,22,5035,191,2147483647,2147483647,2147483647,0,2147483647,[12],[FDD],"Band Number = 12, Uplink = 698.0 - 716.0 MHz, Downlink = 699.0 - 716.0 MHz ",Unavailable,Unavailable,0,1723951263329,25.041654626,2024-08-17 23:21:03.329000,-121.9479408,37.3931618,-23.600000381469727,37.3931618,-121.9479408,-23.600000381469727
4G_LTE,-133,2147483647,-133,-19,-105,2147483647,7,9820,192,2147483647,2147483647,2147483647,0,2147483647,[30],[FDD],"Band Number = 30, Uplink = 2305.0 - 2315.0 MHz, Downlink = 2305.0 - 2315.0 MHz ",Unavailable,Unavailable,0,1723951263329,25.041654626,2024-08-17 23:21:03.329000,-121.9479408,37.3931618,-23.600000381469727,37.3931618,-121.9479408,-23.600000381469727
4G_LTE,-116,2147483647,-116,-14,-83,2147483647,24,66986,102,2147483647,169470393,35653,0,2147483647,[66],[FDD],"Band Number = 66, Uplink = 1710.0 - 1780.0 MHz, Downlink = 1710.0 - 1780.0 MHz ",310,410,1,1723951264333,26.045875198,2024-08-17 23:21:04.333000,-121.9479408,37.3931618,-23.600000381469727,37.3931618,-121.9479408,-23.600000381469727
4G_LTE,-126,2147483647,-126,-19,-93,2147483647,14,66986,497,2147483647,2147483647,2147483647,0,2147483647,[66],[FDD],"Band Number = 66, Uplink = 1710.0 - 1780.0 MHz, Downlink = 1710.0 - 1780.0 MHz ",Unavailable,Unavailable,0,1723951264333,26.045875198,2024-08-17 23:21:04.333000,-121.9479408,37.3931618,-23.600000381469727,37.3931618,-121.9479408,-23.600000381469727
4G_LTE,-114,2147483647,-114,-12,-93,2147483647,26,5330,471,2147483647,2147483647,2147483647,1,2147483647,[14],[FDD],"Band Number = 14, Uplink = 788.0 - 798.0 MHz, Downlink = 788.0 - 798.0 MHz ",Unavailable,Unavailable,0,1723951264333,26.045875198,2024-08-17 23:21:04.333000,-121.9479408,37.3931618,-23.600000381469727,37.3931618,-121.9479408,-23.600000381469727
4G_LTE,-112,2147483647,-112,-12,-91,2147483647,28,5035,87,2147483647,2147483647,2147483647,1,2147483647,[12],[FDD],"Band Number = 12, Uplink = 698.0 - 716.0 MHz, Downlink = 699.0 - 716.0 MHz ",Unavailable,Unavailable,0,1723951264333,26.045875198,2024-08-17 23:21:04.333000,-121.9479408,37.3931618,-23.600000381469727,37.3931618,-121.9479408,-23.600000381469727
4G_LTE,-120,2147483647,-120,-20,-91,2147483647,20,5035,129,2147483647,2147483647,2147483647,0,2147483647,[12],[FDD],"Band Number = 12, Uplink = 698.0 - 716.0 MHz, Downlink = 699.0 - 716.0 MHz ",Unavailable,Unavailable,0,1723951264333,26.045875198,2024-08-17 23:21:04.333000,-121.9479408,37.3931618,-23.600000381469727,37.3931618,-121.9479408,-23.600000381469727
4G_LTE,-119,2147483647,-119,-19,-91,2147483647,21,5035,231,2147483647,2147483647,2147483647,0,2147483647,[12],[FDD],"Band Number = 12, Uplink = 698.0 - 716.0 MHz, Downlink = 699.0 - 716.0 MHz ",Unavailable,Unavailable,0,1723951264333,26.045875198,2024-08-17 23:21:04.333000,-121.9479408,37.3931618,-23.600000381469727,37.3931618,-121.9479408,-23.600000381469727
4G_LTE,-118,2147483647,-118,-18,-91,2147483647,22,5035,191,2147483647,2147483647,2147483647,0,2147483647,[12],[FDD],"Band Number = 12, Uplink = 698.0 - 716.0 MHz, Downlink = 699.0 - 716.0 MHz ",Unavailable,Unavailable,0,1723951264333,26.045875198,2024-08-17 23:21:04.333000,-121.9479408,37.3931618,-23.600000381469727,37.3931618,-121.9479408,-23.600000381469727
4G_LTE,-133,2147483647,-133,-19,-105,2147483647,7,9820,192,2147483647,2147483647,2147483647,0,2147483647,[30],[FDD],"Band Number = 30, Uplink = 2305.0 - 2315.0 MHz, Downlink = 2305.0 - 2315.0 MHz ",Unavailable,Unavailable,0,1723951264333,26.045875198,2024-08-17 23:21:04.333000,-121.9479408,37.3931618,-23.600000381469727,37.3931618,-121.9479408,-23.600000381469727
4G_LTE,-116,2147483647,-116,-14,-83,2147483647,24,66986,102,2147483647,169470393,35653,0,2147483647,[66],[FDD],"Band Number = 66, Uplink = 1710.0 - 1780.0 MHz, Downlink = 1710.0 - 1780.0 MHz ",310,410,1,1723951265333,27.045496135,2024-08-17 23:21:05.333000,-121.9479408,37.3931618,-23.600000381469727,37.3931618,-121.9479408,-23.600000381469727
4G_LTE,-126,2147483647,-126,-19,-93,2147483647,14,66986,497,2147483647,2147483647,2147483647,0,2147483647,[66],[FDD],"Band Number = 66, Uplink = 1710.0 - 1780.0 MHz, Downlink = 1710.0 - 1780.0 MHz ",Unavailable,Unavailable,0,1723951265333,27.045496135,2024-08-17 23:21:05.333000,-121.9479408,37.3931618,-23.600000381469727,37.3931618,-121.9479408,-23.600000381469727
4G_LTE,-114,2147483647,-114,-12,-93,2147483647,26,5330,471,2147483647,2147483647,2147483647,1,2147483647,[14],[FDD],"Band Number = 14, Uplink = 788.0 - 798.0 MHz, Downlink = 788.0 - 798.0 MHz ",Unavailable,Unavailable,0,1723951265333,27.045496135,2024-08-17 23:21:05.333000,-121.9479408,37.3931618,-23.600000381469727,37.3931618,-121.9479408,-23.600000381469727
4G_LTE,-112,2147483647,-112,-12,-91,2147483647,28,5035,87,2147483647,2147483647,2147483647,1,2147483647,[12],[FDD],"Band Number = 12, Uplink = 698.0 - 716.0 MHz, Downlink = 699.0 - 716.0 MHz ",Unavailable,Unavailable,0,1723951265333,27.045496135,2024-08-17 23:21:05.333000,-121.9479408,37.3931618,-23.600000381469727,37.3931618,-121.9479408,-23.600000381469727
4G_LTE,-120,2147483647,-120,-20,-91,2147483647,20,5035,129,2147483647,2147483647,2147483647,0,2147483647,[12],[FDD],"Band Number = 12, Uplink = 698.0 - 716.0 MHz, Downlink = 699.0 - 716.0 MHz ",Unavailable,Unavailable,0,1723951265333,27.045496135,2024-08-17 23:21:05.333000,-121.9479408,37.3931618,-23.600000381469727,37.3931618,-121.9479408,-23.600000381469727
4G_LTE,-119,2147483647,-119,-19,-91,2147483647,21,5035,231,2147483647,2147483647,2147483647,0,2147483647,[12],[FDD],"Band Number = 12, Uplink = 698.0 - 716.0 MHz, Downlink = 699.0 - 716.0 MHz ",Unavailable,Unavailable,0,1723951265333,27.045496135,2024-08-17 23:21:05.333000,-121.9479408,37.3931618,-23.600000381469727,37.3931618,-121.9479408,-23.600000381469727
4G_LTE,-118,2147483647,-118,-18,-91,2147483647,22,5035,191,2147483647,2147483647,2147483647,0,2147483647,[12],[FDD],"Band Number = 12, Uplink = 698.0 - 716.0 MHz, Downlink = 699.0 - 716.0 MHz ",Unavailable,Unavailable,0,1723951265333,27.045496135,2024-08-17 23:21:05.333000,-121.9479408,37.3931618,-23.600000381469727,37.3931618,-121.9479408,-23.600000381469727
4G_LTE,-133,2147483647,-133,-19,-105,2147483647,7,9820,192,2147483647,2147483647,2147483647,0,2147483647,[30],[FDD],"Band Number = 30, Uplink = 2305.0 - 2315.0 MHz, Downlink = 2305.0 - 2315.0 MHz ",Unavailable,Unavailable,0,1723951265333,27.045496135,2024-08-17 23:21:05.333000,-121.9479408,37.3931618,-23.600000381469727,37.3931618,-121.9479408,-23.600000381469727
4G_LTE,-117,2147483647,-117,-12,-87,2147483647,23,66986,102,2147483647,169470393,35653,0,2147483647,[66],[FDD],"Band Number = 66, Uplink = 1710.0 - 1780.0 MHz, Downlink = 1710.0 - 1780.0 MHz ",310,410,1,1723951266333,28.04577551,2024-08-17 23:21:06.333000,-121.9479408,37.3931618,-23.600000381469727,37.3931618,-121.9479408,-23.600000381469727
4G_LTE,-129,2147483647,-129,-20,-97,2147483647,11,66986,497,2147483647,2147483647,2147483647,0,2147483647,[66],[FDD],"Band Number = 66, Uplink = 1710.0 - 1780.0 MHz, Downlink = 1710.0 - 1780.0 MHz ",Unavailable,Unavailable,0,1723951266333,28.04577551,2024-08-17 23:21:06.333000,-121.9479408,37.3931618,-23.600000381469727,37.3931618,-121.9479408,-23.600000381469727
4G_LTE,-114,2147483647,-114,-12,-93,2147483647,26,5330,471,2147483647,2147483647,2147483647,1,2147483647,[14],[FDD],"Band Number = 14, Uplink = 788.0 - 798.0 MHz, Downlink = 788.0 - 798.0 MHz ",Unavailable,Unavailable,0,1723951266333,28.04577551,2024-08-17 23:21:06.333000,-121.9479408,37.3931618,-23.600000381469727,37.3931618,-121.9479408,-23.600000381469727
4G_LTE,-112,2147483647,-112,-12,-91,2147483647,28,5035,87,2147483647,2147483647,2147483647,1,2147483647,[12],[FDD],"Band Number = 12, Uplink = 698.0 - 716.0 MHz, Downlink = 699.0 - 716.0 MHz ",Unavailable,Unavailable,0,1723951266333,28.04577551,2024-08-17 23:21:06.333000,-121.9479408,37.3931618,-23.600000381469727,37.3931618,-121.9479408,-23.600000381469727
4G_LTE,-120,2147483647,-120,-20,-91,2147483647,20,5035,129,2147483647,2147483647,2147483647,0,2147483647,[12],[FDD],"Band Number = 12, Uplink = 698.0 - 716.0 MHz, Downlink = 699.0 - 716.0 MHz ",Unavailable,Unavailable,0,1723951266333,28.04577551,2024-08-17 23:21:06.333000,-121.9479408,37.3931618,-23.600000381469727,37.3931618,-121.9479408,-23.600000381469727
4G_LTE,-119,2147483647,-119,-19,-91,2147483647,21,5035,231,2147483647,2147483647,2147483647,0,2147483647,[12],[FDD],"Band Number = 12, Uplink = 698.0 - 716.0 MHz, Downlink = 699.0 - 716.0 MHz ",Unavailable,Unavailable,0,1723951266333,28.04577551,2024-08-17 23:21:06.333000,-121.9479408,37.3931618,-23.600000381469727,37.3931618,-121.9479408,-23.600000381469727
4G_LTE,-118,2147483647,-118,-18,-91,2147483647,22,5035,191,2147483647,2147483647,2147483647,0,2147483647,[12],[FDD],"Band Number = 12, Uplink = 698.0 - 716.0 MHz, Downlink = 699.0 - 716.0 MHz ",Unavailable,Unavailable,0,1723951266333,28.04577551,2024-08-17 23:21:06.333000,-121.9479408,37.3931618,-23.600000381469727,37.3931618,-121.9479408,-23.600000381469727
4G_LTE,-133,2147483647,-133,-19,-105,2147483647,7,9820,192,2147483647,2147483647,2147483647,0,2147483647,[30],[FDD],"Band Number = 30, Uplink = 2305.0 - 2315.0 MHz, Downlink = 2305.0 - 2315.0 MHz ",Unavailable,Unavailable,0,1723951266333,28.04577551,2024-08-17 23:21:06.333000,-121.9479408,37.3931618,-23.600000381469727,37.3931618,-121.9479408,-23.600000381469727
4G_LTE,-117,2147483647,-117,-12,-87,2147483647,23,66986,102,2147483647,169470393,35653,0,2147483647,[66],[FDD],"Band Number = 66, Uplink = 1710.0 - 1780.0 MHz, Downlink = 1710.0 - 1780.0 MHz ",310,410,1,1723951267334,29.046198062,2024-08-17 23:21:07.334000,-121.9479408,37.3931618,-23.600000381469727,37.3931618,-121.9479408,-23.600000381469727
4G_LTE,-129,2147483647,-129,-20,-97,2147483647,11,66986,497,2147483647,2147483647,2147483647,0,2147483647,[66],[FDD],"Band Number = 66, Uplink = 1710.0 - 1780.0 MHz, Downlink = 1710.0 - 1780.0 MHz ",Unavailable,Unavailable,0,1723951267334,29.046198062,2024-08-17 23:21:07.334000,-121.9479408,37.3931618,-23.600000381469727,37.3931618,-121.9479408,-23.600000381469727
4G_LTE,-114,2147483647,-114,-12,-93,2147483647,26,5330,471,2147483647,2147483647,2147483647,1,2147483647,[14],[FDD],"Band Number = 14, Uplink = 788.0 - 798.0 MHz, Downlink = 788.0 - 798.0 MHz ",Unavailable,Unavailable,0,1723951267334,29.046198062,2024-08-17 23:21:07.334000,-121.9479408,37.3931618,-23.600000381469727,37.3931618,-121.9479408,-23.600000381469727
4G_LTE,-112,2147483647,-112,-12,-91,2147483647,28,5035,87,2147483647,2147483647,2147483647,1,2147483647,[12],[FDD],"Band Number = 12, Uplink = 698.0 - 716.0 MHz, Downlink = 699.0 - 716.0 MHz ",Unavailable,Unavailable,0,1723951267334,29.046198062,2024-08-17 23:21:07.334000,-121.9479408,37.3931618,-23.600000381469727,37.3931618,-121.9479408,-23.600000381469727
4G_LTE,-120,2147483647,-120,-20,-91,2147483647,20,5035,129,2147483647,2147483647,2147483647,0,2147483647,[12],[FDD],"Band Number = 12, Uplink = 698.0 - 716.0 MHz, Downlink = 699.0 - 716.0 MHz ",Unavailable,Unavailable,0,1723951267334,29.046198062,2024-08-17 23:21:07.334000,-121.9479408,37.3931618,-23.600000381469727,37.3931618,-121.9479408,-23.600000381469727
4G_LTE,-119,2147483647,-119,-19,-91,2147483647,21,5035,231,2147483647,2147483647,2147483647,0,2147483647,[12],[FDD],"Band Number = 12, Uplink = 698.0 - 716.0 MHz, Downlink = 699.0 - 716.0 MHz ",Unavailable,Unavailable,0,1723951267334,29.046198062,2024-08-17 23:21:07.334000,-121.9479408,37.3931618,-23.600000381469727,37.3931618,-121.9479408,-23.600000381469727
4G_LTE,-118,2147483647,-118,-18,-91,2147483647,22,5035,191,2147483647,2147483647,2147483647,0,2147483647,[12],[FDD],"Band Number = 12, Uplink = 698.0 - 716.0 MHz, Downlink = 699.0 - 716.0 MHz ",Unavailable,Unavailable,0,1723951267334,29.046198062,2024-08-17 23:21:07.334000,-121.9479408,37.3931618,-23.600000381469727,37.3931618,-121.9479408,-23.600000381469727
4G_LTE,-133,2147483647,-133,-19,-105,2147483647,7,9820,192,2147483647,2147483647,2147483647,0,2147483647,[30],[FDD],"Band Number = 30, Uplink = 2305.0 - 2315.0 MHz, Downlink = 2305.0 - 2315.0 MHz ",Unavailable,Unavailable,0,1723951267334,29.046198062,2024-08-17 23:21:07.334000,-121.9479408,37.3931618,-23.600000381469727,37.3931618,-121.9479408,-23.600000381469727
4G_LTE,-117,2147483647,-117,-12,-87,2147483647,23,66986,102,2147483647,169470393,35653,0,2147483647,[66],[FDD],"Band Number = 66, Uplink = 1710.0 - 1780.0 MHz, Downlink = 1710.0 - 1780.0 MHz ",310,410,1,1723951268345,30.057848843,2024-08-17 23:21:08.345000,-121.9479408,37.3931618,-23.600000381469727,37.3931618,-121.9479408,-23.600000381469727
4G_LTE,-129,2147483647,-129,-20,-97,2147483647,11,66986,497,2147483647,2147483647,2147483647,0,2147483647,[66],[FDD],"Band Number = 66, Uplink = 1710.0 - 1780.0 MHz, Downlink = 1710.0 - 1780.0 MHz ",Unavailable,Unavailable,0,1723951268345,30.057848843,2024-08-17 23:21:08.345000,-121.9479408,37.3931618,-23.600000381469727,37.3931618,-121.9479408,-23.600000381469727
4G_LTE,-114,2147483647,-114,-12,-93,2147483647,26,5330,471,2147483647,2147483647,2147483647,1,2147483647,[14],[FDD],"Band Number = 14, Uplink = 788.0 - 798.0 MHz, Downlink = 788.0 - 798.0 MHz ",Unavailable,Unavailable,0,1723951268345,30.057848843,2024-08-17 23:21:08.345000,-121.9479408,37.3931618,-23.600000381469727,37.3931618,-121.9479408,-23.600000381469727
4G_LTE,-112,2147483647,-112,-12,-91,2147483647,28,5035,87,2147483647,2147483647,2147483647,1,2147483647,[12],[FDD],"Band Number = 12, Uplink = 698.0 - 716.0 MHz, Downlink = 699.0 - 716.0 MHz ",Unavailable,Unavailable,0,1723951268345,30.057848843,2024-08-17 23:21:08.345000,-121.9479408,37.3931618,-23.600000381469727,37.3931618,-121.9479408,-23.600000381469727
4G_LTE,-120,2147483647,-120,-20,-91,2147483647,20,5035,129,2147483647,2147483647,2147483647,0,2147483647,[12],[FDD],"Band Number = 12, Uplink = 698.0 - 716.0 MHz, Downlink = 699.0 - 716.0 MHz ",Unavailable,Unavailable,0,1723951268345,30.057848843,2024-08-17 23:21:08.345000,-121.9479408,37.3931618,-23.600000381469727,37.3931618,-121.9479408,-23.600000381469727
4G_LTE,-119,2147483647,-119,-19,-91,2147483647,21,5035,231,2147483647,2147483647,2147483647,0,2147483647,[12],[FDD],"Band Number = 12, Uplink = 698.0 - 716.0 MHz, Downlink = 699.0 - 716.0 MHz ",Unavailable,Unavailable,0,1723951268345,30.057848843,2024-08-17 23:21:08.345000,-121.9479408,37.3931618,-23.600000381469727,37.3931618,-121.9479408,-23.600000381469727
4G_LTE,-118,2147483647,-118,-18,-91,2147483647,22,5035,191,2147483647,2147483647,2147483647,0,2147483647,[12],[FDD],"Band Number = 12, Uplink = 698.0 - 716.0 MHz, Downlink = 699.0 - 716.0 MHz ",Unavailable,Unavailable,0,1723951268345,30.057848843,2024-08-17 23:21:08.345000,-121.9479408,37.3931618,-23.600000381469727,37.3931618,-121.9479408,-23.600000381469727
4G_LTE,-133,2147483647,-133,-19,-105,2147483647,7,9820,192,2147483647,2147483647,2147483647,0,2147483647,[30],[FDD],"Band Number = 30, Uplink = 2305.0 - 2315.0 MHz, Downlink = 2305.0 - 2315.0 MHz ",Unavailable,Unavailable,0,1723951268345,30.057848843,2024-08-17 23:21:08.345000,-121.9479408,37.3931618,-23.600000381469727,37.3931618,-121.9479408,-23.600000381469727
4G_LTE,-117,2147483647,-117,-12,-87,2147483647,23,66986,102,2147483647,169470393,35653,0,2147483647,[66],[FDD],"Band Number = 66, Uplink = 1710.0 - 1780.0 MHz, Downlink = 1710.0 - 1780.0 MHz ",310,410,1,1723951269348,31.059393321,2024-08-17 23:21:09.348000,-121.9479408,37.3931618,-23.600000381469727,37.3931618,-121.9479408,-23.600000381469727
4G_LTE,-129,2147483647,-129,-20,-97,2147483647,11,66986,497,2147483647,2147483647,2147483647,0,2147483647,[66],[FDD],"Band Number = 66, Uplink = 1710.0 - 1780.0 MHz, Downlink = 1710.0 - 1780.0 MHz ",Unavailable,Unavailable,0,1723951269348,31.059393321,2024-08-17 23:21:09.348000,-121.9479408,37.3931618,-23.600000381469727,37.3931618,-121.9479408,-23.600000381469727
4G_LTE,-114,2147483647,-114,-12,-93,2147483647,26,5330,471,2147483647,2147483647,2147483647,1,2147483647,[14],[FDD],"Band Number = 14, Uplink = 788.0 - 798.0 MHz, Downlink = 788.0 - 798.0 MHz ",Unavailable,Unavailable,0,1723951269348,31.059393321,2024-08-17 23:21:09.348000,-121.9479408,37.3931618,-23.600000381469727,37.3931618,-121.9479408,-23.600000381469727
4G_LTE,-112,2147483647,-112,-12,-91,2147483647,28,5035,87,2147483647,2147483647,2147483647,1,2147483647,[12],[FDD],"Band Number = 12, Uplink = 698.0 - 716.0 MHz, Downlink = 699.0 - 716.0 MHz ",Unavailable,Unavailable,0,1723951269348,31.059393321,2024-08-17 23:21:09.348000,-121.9479408,37.3931618,-23.600000381469727,37.3931618,-121.9479408,-23.600000381469727
4G_LTE,-120,2147483647,-120,-20,-91,2147483647,20,5035,129,2147483647,2147483647,2147483647,0,2147483647,[12],[FDD],"Band Number = 12, Uplink = 698.0 - 716.0 MHz, Downlink = 699.0 - 716.0 MHz ",Unavailable,Unavailable,0,1723951269348,31.059393321,2024-08-17 23:21:09.348000,-121.9479408,37.3931618,-23.600000381469727,37.3931618,-121.9479408,-23.600000381469727
4G_LTE,-119,2147483647,-119,-19,-91,2147483647,21,5035,231,2147483647,2147483647,2147483647,0,2147483647,[12],[FDD],"Band Number = 12, Uplink = 698.0 - 716.0 MHz, Downlink = 699.0 - 716.0 MHz ",Unavailable,Unavailable,0,1723951269348,31.059393321,2024-08-17 23:21:09.348000,-121.9479408,37.3931618,-23.600000381469727,37.3931618,-121.9479408,-23.600000381469727
4G_LTE,-118,2147483647,-118,-18,-91,2147483647,22,5035,191,2147483647,2147483647,2147483647,0,2147483647,[12],[FDD],"Band Number = 12, Uplink = 698.0 - 716.0 MHz, Downlink = 699.0 - 716.0 MHz ",Unavailable,Unavailable,0,1723951269348,31.059393321,2024-08-17 23:21:09.348000,-121.9479408,37.3931618,-23.600000381469727,37.3931618,-121.9479408,-23.600000381469727
4G_LTE,-133,2147483647,-133,-19,-105,2147483647,7,9820,192,2147483647,2147483647,2147483647,0,2147483647,[30],[FDD],"Band Number = 30, Uplink = 2305.0 - 2315.0 MHz, Downlink = 2305.0 - 2315.0 MHz ",Unavailable,Unavailable,0,1723951269348,31.059393321,2024-08-17 23:21:09.348000,-121.9479408,37.3931618,-23.600000381469727,37.3931618,-121.9479408,-23.600000381469727
4G_LTE,-117,2147483647,-117,-12,-87,2147483647,23,66986,102,2147483647,169470393,35653,0,2147483647,[66],[FDD],"Band Number = 66, Uplink = 1710.0 - 1780.0 MHz, Downlink = 1710.0 - 1780.0 MHz ",310,410,1,1723951270346,32.058957436,2024-08-17 23:21:10.346000,-121.9479408,37.3931618,-23.600000381469727,37.3931618,-121.9479408,-23.600000381469727
4G_LTE,-129,2147483647,-129,-20,-97,2147483647,11,66986,497,2147483647,2147483647,2147483647,0,2147483647,[66],[FDD],"Band Number = 66, Uplink = 1710.0 - 1780.0 MHz, Downlink = 1710.0 - 1780.0 MHz ",Unavailable,Unavailable,0,1723951270346,32.058957436,2024-08-17 23:21:10.346000,-121.9479408,37.3931618,-23.600000381469727,37.3931618,-121.9479408,-23.600000381469727
4G_LTE,-114,2147483647,-114,-12,-93,2147483647,26,5330,471,2147483647,2147483647,2147483647,1,2147483647,[14],[FDD],"Band Number = 14, Uplink = 788.0 - 798.0 MHz, Downlink = 788.0 - 798.0 MHz ",Unavailable,Unavailable,0,1723951270346,32.058957436,2024-08-17 23:21:10.346000,-121.9479408,37.3931618,-23.600000381469727,37.3931618,-121.9479408,-23.600000381469727
4G_LTE,-112,2147483647,-112,-12,-91,2147483647,28,5035,87,2147483647,2147483647,2147483647,1,2147483647,[12],[FDD],"Band Number = 12, Uplink = 698.0 - 716.0 MHz, Downlink = 699.0 - 716.0 MHz ",Unavailable,Unavailable,0,1723951270346,32.058957436,2024-08-17 23:21:10.346000,-121.9479408,37.3931618,-23.600000381469727,37.3931618,-121.9479408,-23.600000381469727
4G_LTE,-120,2147483647,-120,-20,-91,2147483647,20,5035,129,2147483647,2147483647,2147483647,0,2147483647,[12],[FDD],"Band Number = 12, Uplink = 698.0 - 716.0 MHz, Downlink = 699.0 - 716.0 MHz ",Unavailable,Unavailable,0,1723951270346,32.058957436,2024-08-17 23:21:10.346000,-121.9479408,37.3931618,-23.600000381469727,37.3931618,-121.9479408,-23.600000381469727
4G_LTE,-119,2147483647,-119,-19,-91,2147483647,21,5035,231,2147483647,2147483647,2147483647,0,2147483647,[12],[FDD],"Band Number = 12, Uplink = 698.0 - 716.0 MHz, Downlink = 699.0 - 716.0 MHz ",Unavailable,Unavailable,0,1723951270346,32.058957436,2024-08-17 23:21:10.346000,-121.9479408,37.3931618,-23.600000381469727,37.3931618,-121.9479408,-23.600000381469727
4G_LTE,-118,2147483647,-118,-18,-91,2147483647,22,5035,191,2147483647,2147483647,2147483647,0,2147483647,[12],[FDD],"Band Number = 12, Uplink = 698.0 - 716.0 MHz, Downlink = 699.0 - 716.0 MHz ",Unavailable,Unavailable,0,1723951270346,32.058957436,2024-08-17 23:21:10.346000,-121.9479408,37.3931618,-23.600000381469727,37.3931618,-121.9479408,-23.600000381469727
4G_LTE,-133,2147483647,-133,-19,-105,2147483647,7,9820,192,2147483647,2147483647,2147483647,0,2147483647,[30],[FDD],"Band Number = 30, Uplink = 2305.0 - 2315.0 MHz, Downlink = 2305.0 - 2315.0 MHz ",Unavailable,Unavailable,0,1723951270346,32.058957436,2024-08-17 23:21:10.346000,-121.9479408,37.3931618,-23.600000381469727,37.3931618,-121.9479408,-23.600000381469727
4G_LTE,-117,2147483647,-117,-12,-87,2147483647,23,66986,102,2147483647,169470393,35653,0,2147483647,[66],[FDD],"Band Number = 66, Uplink = 1710.0 - 1780.0 MHz, Downlink = 1710.0 - 1780.0 MHz ",310,410,1,1723951271352,33.064732435,2024-08-17 23:21:11.352000,-121.9479408,37.3931618,-23.600000381469727,37.3931618,-121.9479408,-23.600000381469727
4G_LTE,-129,2147483647,-129,-20,-97,2147483647,11,66986,497,2147483647,2147483647,2147483647,0,2147483647,[66],[FDD],"Band Number = 66, Uplink = 1710.0 - 1780.0 MHz, Downlink = 1710.0 - 1780.0 MHz ",Unavailable,Unavailable,0,1723951271352,33.064732435,2024-08-17 23:21:11.352000,-121.9479408,37.3931618,-23.600000381469727,37.3931618,-121.9479408,-23.600000381469727
4G_LTE,-114,2147483647,-114,-12,-93,2147483647,26,5330,471,2147483647,2147483647,2147483647,1,2147483647,[14],[FDD],"Band Number = 14, Uplink = 788.0 - 798.0 MHz, Downlink = 788.0 - 798.0 MHz ",Unavailable,Unavailable,0,1723951271352,33.064732435,2024-08-17 23:21:11.352000,-121.9479408,37.3931618,-23.600000381469727,37.3931618,-121.9479408,-23.600000381469727
4G_LTE,-112,2147483647,-112,-12,-91,2147483647,28,5035,87,2147483647,2147483647,2147483647,1,2147483647,[12],[FDD],"Band Number = 12, Uplink = 698.0 - 716.0 MHz, Downlink = 699.0 - 716.0 MHz ",Unavailable,Unavailable,0,1723951271352,33.064732435,2024-08-17 23:21:11.352000,-121.9479408,37.3931618,-23.600000381469727,37.3931618,-121.9479408,-23.600000381469727
4G_LTE,-120,2147483647,-120,-20,-91,2147483647,20,5035,129,2147483647,2147483647,2147483647,0,2147483647,[12],[FDD],"Band Number = 12, Uplink = 698.0 - 716.0 MHz, Downlink = 699.0 - 716.0 MHz ",Unavailable,Unavailable,0,1723951271352,33.064732435,2024-08-17 23:21:11.352000,-121.9479408,37.3931618,-23.600000381469727,37.3931618,-121.9479408,-23.600000381469727
4G_LTE,-119,2147483647,-119,-19,-91,2147483647,21,5035,231,2147483647,2147483647,2147483647,0,2147483647,[12],[FDD],"Band Number = 12, Uplink = 698.0 - 716.0 MHz, Downlink = 699.0 - 716.0 MHz ",Unavailable,Unavailable,0,1723951271352,33.064732435,2024-08-17 23:21:11.352000,-121.9479408,37.3931618,-23.600000381469727,37.3931618,-121.9479408,-23.600000381469727
4G_LTE,-118,2147483647,-118,-18,-91,2147483647,22,5035,191,2147483647,2147483647,2147483647,0,2147483647,[12],[FDD],"Band Number = 12, Uplink = 698.0 - 716.0 MHz, Downlink = 699.0 - 716.0 MHz ",Unavailable,Unavailable,0,1723951271352,33.064732435,2024-08-17 23:21:11.352000,-121.9479408,37.3931618,-23.600000381469727,37.3931618,-121.9479408,-23.600000381469727
4G_LTE,-133,2147483647,-133,-19,-105,2147483647,7,9820,192,2147483647,2147483647,2147483647,0,2147483647,[30],[FDD],"Band Number = 30, Uplink = 2305.0 - 2315.0 MHz, Downlink = 2305.0 - 2315.0 MHz ",Unavailable,Unavailable,0,1723951271352,33.064732435,2024-08-17 23:21:11.352000,-121.9479408,37.3931618,-23.600000381469727,37.3931618,-121.9479408,-23.600000381469727
4G_LTE,-117,2147483647,-117,-12,-87,2147483647,23,66986,102,2147483647,169470393,35653,0,2147483647,[66],[FDD],"Band Number = 66, Uplink = 1710.0 - 1780.0 MHz, Downlink = 1710.0 - 1780.0 MHz ",310,410,1,1723951272352,34.065082747,2024-08-17 23:21:12.352000,-121.9479408,37.3931618,-23.600000381469727,37.3931618,-121.9479408,-23.600000381469727
4G_LTE,-129,2147483647,-129,-20,-97,2147483647,11,66986,497,2147483647,2147483647,2147483647,0,2147483647,[66],[FDD],"Band Number = 66, Uplink = 1710.0 - 1780.0 MHz, Downlink = 1710.0 - 1780.0 MHz ",Unavailable,Unavailable,0,1723951272352,34.065082747,2024-08-17 23:21:12.352000,-121.9479408,37.3931618,-23.600000381469727,37.3931618,-121.9479408,-23.600000381469727
4G_LTE,-114,2147483647,-114,-12,-93,2147483647,26,5330,471,2147483647,2147483647,2147483647,1,2147483647,[14],[FDD],"Band Number = 14, Uplink = 788.0 - 798.0 MHz, Downlink = 788.0 - 798.0 MHz ",Unavailable,Unavailable,0,1723951272352,34.065082747,2024-08-17 23:21:12.352000,-121.9479408,37.3931618,-23.600000381469727,37.3931618,-121.9479408,-23.600000381469727
4G_LTE,-112,2147483647,-112,-12,-91,2147483647,28,5035,87,2147483647,2147483647,2147483647,1,2147483647,[12],[FDD],"Band Number = 12, Uplink = 698.0 - 716.0 MHz, Downlink = 699.0 - 716.0 MHz ",Unavailable,Unavailable,0,1723951272352,34.065082747,2024-08-17 23:21:12.352000,-121.9479408,37.3931618,-23.600000381469727,37.3931618,-121.9479408,-23.600000381469727
4G_LTE,-120,2147483647,-120,-20,-91,2147483647,20,5035,129,2147483647,2147483647,2147483647,0,2147483647,[12],[FDD],"Band Number = 12, Uplink = 698.0 - 716.0 MHz, Downlink = 699.0 - 716.0 MHz ",Unavailable,Unavailable,0,1723951272352,34.065082747,2024-08-17 23:21:12.352000,-121.9479408,37.3931618,-23.600000381469727,37.3931618,-121.9479408,-23.600000381469727
4G_LTE,-119,2147483647,-119,-19,-91,2147483647,21,5035,231,2147483647,2147483647,2147483647,0,2147483647,[12],[FDD],"Band Number = 12, Uplink = 698.0 - 716.0 MHz, Downlink = 699.0 - 716.0 MHz ",Unavailable,Unavailable,0,1723951272352,34.065082747,2024-08-17 23:21:12.352000,-121.9479408,37.3931618,-23.600000381469727,37.3931618,-121.9479408,-23.600000381469727
4G_LTE,-118,2147483647,-118,-18,-91,2147483647,22,5035,191,2147483647,2147483647,2147483647,0,2147483647,[12],[FDD],"Band Number = 12, Uplink = 698.0 - 716.0 MHz, Downlink = 699.0 - 716.0 MHz ",Unavailable,Unavailable,0,1723951272352,34.065082747,2024-08-17 23:21:12.352000,-121.9479408,37.3931618,-23.600000381469727,37.3931618,-121.9479408,-23.600000381469727
4G_LTE,-133,2147483647,-133,-19,-105,2147483647,7,9820,192,2147483647,2147483647,2147483647,0,2147483647,[30],[FDD],"Band Number = 30, Uplink = 2305.0 - 2315.0 MHz, Downlink = 2305.0 - 2315.0 MHz ",Unavailable,Unavailable,0,1723951272352,34.065082747,2024-08-17 23:21:12.352000,-121.9479408,37.3931618,-23.600000381469727,37.3931618,-121.9479408,-23.600000381469727
4G_LTE,-117,2147483647,-117,-12,-87,2147483647,23,66986,102,2147483647,169470393,35653,0,2147483647,[66],[FDD],"Band Number = 66, Uplink = 1710.0 - 1780.0 MHz, Downlink = 1710.0 - 1780.0 MHz ",310,410,1,1723951273353,35.065766237,2024-08-17 23:21:13.353000,-121.9479408,37.3931618,-23.600000381469727,37.3931618,-121.9479408,-23.600000381469727
4G_LTE,-129,2147483647,-129,-20,-97,2147483647,11,66986,497,2147483647,2147483647,2147483647,0,2147483647,[66],[FDD],"Band Number = 66, Uplink = 1710.0 - 1780.0 MHz, Downlink = 1710.0 - 1780.0 MHz ",Unavailable,Unavailable,0,1723951273353,35.065766237,2024-08-17 23:21:13.353000,-121.9479408,37.3931618,-23.600000381469727,37.3931618,-121.9479408,-23.600000381469727
4G_LTE,-114,2147483647,-114,-12,-93,2147483647,26,5330,471,2147483647,2147483647,2147483647,1,2147483647,[14],[FDD],"Band Number = 14, Uplink = 788.0 - 798.0 MHz, Downlink = 788.0 - 798.0 MHz ",Unavailable,Unavailable,0,1723951273353,35.065766237,2024-08-17 23:21:13.353000,-121.9479408,37.3931618,-23.600000381469727,37.3931618,-121.9479408,-23.600000381469727
4G_LTE,-112,2147483647,-112,-12,-91,2147483647,28,5035,87,2147483647,2147483647,2147483647,1,2147483647,[12],[FDD],"Band Number = 12, Uplink = 698.0 - 716.0 MHz, Downlink = 699.0 - 716.0 MHz ",Unavailable,Unavailable,0,1723951273353,35.065766237,2024-08-17 23:21:13.353000,-121.9479408,37.3931618,-23.600000381469727,37.3931618,-121.9479408,-23.600000381469727
4G_LTE,-120,2147483647,-120,-20,-91,2147483647,20,5035,129,2147483647,2147483647,2147483647,0,2147483647,[12],[FDD],"Band Number = 12, Uplink = 698.0 - 716.0 MHz, Downlink = 699.0 - 716.0 MHz ",Unavailable,Unavailable,0,1723951273353,35.065766237,2024-08-17 23:21:13.353000,-121.9479408,37.3931618,-23.600000381469727,37.3931618,-121.9479408,-23.600000381469727
4G_LTE,-119,2147483647,-119,-19,-91,2147483647,21,5035,231,2147483647,2147483647,2147483647,0,2147483647,[12],[FDD],"Band Number = 12, Uplink = 698.0 - 716.0 MHz, Downlink = 699.0 - 716.0 MHz ",Unavailable,Unavailable,0,1723951273353,35.065766237,2024-08-17 23:21:13.353000,-121.9479408,37.3931618,-23.600000381469727,37.3931618,-121.9479408,-23.600000381469727
4G_LTE,-118,2147483647,-118,-18,-91,2147483647,22,5035,191,2147483647,2147483647,2147483647,0,2147483647,[12],[FDD],"Band Number = 12, Uplink = 698.0 - 716.0 MHz, Downlink = 699.0 - 716.0 MHz ",Unavailable,Unavailable,0,1723951273353,35.065766237,2024-08-17 23:21:13.353000,-121.9479408,37.3931618,-23.600000381469727,37.3931618,-121.9479408,-23.600000381469727
4G_LTE,-133,2147483647,-133,-19,-105,2147483647,7,9820,192,2147483647,2147483647,2147483647,0,2147483647,[30],[FDD],"Band Number = 30, Uplink = 2305.0 - 2315.0 MHz, Downlink = 2305.0 - 2315.0 MHz ",Unavailable,Unavailable,0,1723951273353,35.065766237,2024-08-17 23:21:13.353000,-121.9479408,37.3931618,-23.600000381469727,37.3931618,-121.9479408,-23.600000381469727
4G_LTE,-117,2147483647,-117,-12,-87,2147483647,23,66986,102,2147483647,169470393,35653,0,2147483647,[66],[FDD],"Band Number = 66, Uplink = 1710.0 - 1780.0 MHz, Downlink = 1710.0 - 1780.0 MHz ",310,410,1,1723951274353,36.064927226,2024-08-17 23:21:14.353000,-121.9479408,37.3931618,-23.600000381469727,37.3931618,-121.9479408,-23.600000381469727
4G_LTE,-129,2147483647,-129,-20,-97,2147483647,11,66986,497,2147483647,2147483647,2147483647,0,2147483647,[66],[FDD],"Band Number = 66, Uplink = 1710.0 - 1780.0 MHz, Downlink = 1710.0 - 1780.0 MHz ",Unavailable,Unavailable,0,1723951274353,36.064927226,2024-08-17 23:21:14.353000,-121.9479408,37.3931618,-23.600000381469727,37.3931618,-121.9479408,-23.600000381469727
4G_LTE,-114,2147483647,-114,-12,-93,2147483647,26,5330,471,2147483647,2147483647,2147483647,1,2147483647,[14],[FDD],"Band Number = 14, Uplink = 788.0 - 798.0 MHz, Downlink = 788.0 - 798.0 MHz ",Unavailable,Unavailable,0,1723951274353,36.064927226,2024-08-17 23:21:14.353000,-121.9479408,37.3931618,-23.600000381469727,37.3931618,-121.9479408,-23.600000381469727
4G_LTE,-112,2147483647,-112,-12,-91,2147483647,28,5035,87,2147483647,2147483647,2147483647,1,2147483647,[12],[FDD],"Band Number = 12, Uplink = 698.0 - 716.0 MHz, Downlink = 699.0 - 716.0 MHz ",Unavailable,Unavailable,0,1723951274353,36.064927226,2024-08-17 23:21:14.353000,-121.9479408,37.3931618,-23.600000381469727,37.3931618,-121.9479408,-23.600000381469727
4G_LTE,-120,2147483647,-120,-20,-91,2147483647,20,5035,129,2147483647,2147483647,2147483647,0,2147483647,[12],[FDD],"Band Number = 12, Uplink = 698.0 - 716.0 MHz, Downlink = 699.0 - 716.0 MHz ",Unavailable,Unavailable,0,1723951274353,36.064927226,2024-08-17 23:21:14.353000,-121.9479408,37.3931618,-23.600000381469727,37.3931618,-121.9479408,-23.600000381469727
4G_LTE,-119,2147483647,-119,-19,-91,2147483647,21,5035,231,2147483647,2147483647,2147483647,0,2147483647,[12],[FDD],"Band Number = 12, Uplink = 698.0 - 716.0 MHz, Downlink = 699.0 - 716.0 MHz ",Unavailable,Unavailable,0,1723951274353,36.064927226,2024-08-17 23:21:14.353000,-121.9479408,37.3931618,-23.600000381469727,37.3931618,-121.9479408,-23.600000381469727
4G_LTE,-118,2147483647,-118,-18,-91,2147483647,22,5035,191,2147483647,2147483647,2147483647,0,2147483647,[12],[FDD],"Band Number = 12, Uplink = 698.0 - 716.0 MHz, Downlink = 699.0 - 716.0 MHz ",Unavailable,Unavailable,0,1723951274353,36.064927226,2024-08-17 23:21:14.353000,-121.9479408,37.3931618,-23.600000381469727,37.3931618,-121.9479408,-23.600000381469727
4G_LTE,-133,2147483647,-133,-19,-105,2147483647,7,9820,192,2147483647,2147483647,2147483647,0,2147483647,[30],[FDD],"Band Number = 30, Uplink = 2305.0 - 2315.0 MHz, Downlink = 2305.0 - 2315.0 MHz ",Unavailable,Unavailable,0,1723951274353,36.064927226,2024-08-17 23:21:14.353000,-121.9479408,37.3931618,-23.600000381469727,37.3931618,-121.9479408,-23.600000381469727
4G_LTE,-117,2147483647,-117,-12,-87,2147483647,23,66986,102,2147483647,169470393,35653,0,2147483647,[66],[FDD],"Band Number = 66, Uplink = 1710.0 - 1780.0 MHz, Downlink = 1710.0 - 1780.0 MHz ",310,410,1,1723951275352,37.065095871,2024-08-17 23:21:15.352000,-121.9479408,37.3931618,-23.600000381469727,37.3931618,-121.9479408,-23.600000381469727
4G_LTE,-129,2147483647,-129,-20,-97,2147483647,11,66986,497,2147483647,2147483647,2147483647,0,2147483647,[66],[FDD],"Band Number = 66, Uplink = 1710.0 - 1780.0 MHz, Downlink = 1710.0 - 1780.0 MHz ",Unavailable,Unavailable,0,1723951275352,37.065095871,2024-08-17 23:21:15.352000,-121.9479408,37.3931618,-23.600000381469727,37.3931618,-121.9479408,-23.600000381469727
4G_LTE,-114,2147483647,-114,-12,-93,2147483647,26,5330,471,2147483647,2147483647,2147483647,1,2147483647,[14],[FDD],"Band Number = 14, Uplink = 788.0 - 798.0 MHz, Downlink = 788.0 - 798.0 MHz ",Unavailable,Unavailable,0,1723951275352,37.065095871,2024-08-17 23:21:15.352000,-121.9479408,37.3931618,-23.600000381469727,37.3931618,-121.9479408,-23.600000381469727
4G_LTE,-112,2147483647,-112,-12,-91,2147483647,28,5035,87,2147483647,2147483647,2147483647,1,2147483647,[12],[FDD],"Band Number = 12, Uplink = 698.0 - 716.0 MHz, Downlink = 699.0 - 716.0 MHz ",Unavailable,Unavailable,0,1723951275352,37.065095871,2024-08-17 23:21:15.352000,-121.9479408,37.3931618,-23.600000381469727,37.3931618,-121.9479408,-23.600000381469727
4G_LTE,-120,2147483647,-120,-20,-91,2147483647,20,5035,129,2147483647,2147483647,2147483647,0,2147483647,[12],[FDD],"Band Number = 12, Uplink = 698.0 - 716.0 MHz, Downlink = 699.0 - 716.0 MHz ",Unavailable,Unavailable,0,1723951275352,37.065095871,2024-08-17 23:21:15.352000,-121.9479408,37.3931618,-23.600000381469727,37.3931618,-121.9479408,-23.600000381469727
4G_LTE,-119,2147483647,-119,-19,-91,2147483647,21,5035,231,2147483647,2147483647,2147483647,0,2147483647,[12],[FDD],"Band Number = 12, Uplink = 698.0 - 716.0 MHz, Downlink = 699.0 - 716.0 MHz ",Unavailable,Unavailable,0,1723951275352,37.065095871,2024-08-17 23:21:15.352000,-121.9479408,37.3931618,-23.600000381469727,37.3931618,-121.9479408,-23.600000381469727
4G_LTE,-118,2147483647,-118,-18,-91,2147483647,22,5035,191,2147483647,2147483647,2147483647,0,2147483647,[12],[FDD],"Band Number = 12, Uplink = 698.0 - 716.0 MHz, Downlink = 699.0 - 716.0 MHz ",Unavailable,Unavailable,0,1723951275352,37.065095871,2024-08-17 23:21:15.352000,-121.9479408,37.3931618,-23.600000381469727,37.3931618,-121.9479408,-23.600000381469727
4G_LTE,-133,2147483647,-133,-19,-105,2147483647,7,9820,192,2147483647,2147483647,2147483647,0,2147483647,[30],[FDD],"Band Number = 30, Uplink = 2305.0 - 2315.0 MHz, Downlink = 2305.0 - 2315.0 MHz ",Unavailable,Unavailable,0,1723951275352,37.065095871,2024-08-17 23:21:15.352000,-121.9479408,37.3931618,-23.600000381469727,37.3931618,-121.9479408,-23.600000381469727
4G_LTE,-116,2147483647,-116,-13,-85,2147483647,24,66986,102,2147483647,169470393,35653,0,2147483647,[66],[FDD],"Band Number = 66, Uplink = 1710.0 - 1780.0 MHz, Downlink = 1710.0 - 1780.0 MHz ",310,410,1,1723951276354,38.066625246,2024-08-17 23:21:16.354000,-121.9479408,37.3931618,-23.600000381469727,37.3931618,-121.9479408,-23.600000381469727
4G_LTE,-124,2147483647,-124,-20,-91,2147483647,16,66986,497,2147483647,2147483647,2147483647,0,2147483647,[66],[FDD],"Band Number = 66, Uplink = 1710.0 - 1780.0 MHz, Downlink = 1710.0 - 1780.0 MHz ",Unavailable,Unavailable,0,1723951276354,38.066625246,2024-08-17 23:21:16.354000,-121.9479408,37.3931618,-23.600000381469727,37.3931618,-121.9479408,-23.600000381469727
4G_LTE,-113,2147483647,-113,-9,-95,2147483647,27,5330,471,2147483647,2147483647,2147483647,1,2147483647,[14],[FDD],"Band Number = 14, Uplink = 788.0 - 798.0 MHz, Downlink = 788.0 - 798.0 MHz ",Unavailable,Unavailable,0,1723951276354,38.066625246,2024-08-17 23:21:16.354000,-121.9479408,37.3931618,-23.600000381469727,37.3931618,-121.9479408,-23.600000381469727
4G_LTE,-104,2147483647,-104,-10,-85,2147483647,36,5035,87,2147483647,2147483647,2147483647,2,2147483647,[12],[FDD],"Band Number = 12, Uplink = 698.0 - 716.0 MHz, Downlink = 699.0 - 716.0 MHz ",Unavailable,Unavailable,0,1723951276354,38.066625246,2024-08-17 23:21:16.354000,-121.9479408,37.3931618,-23.600000381469727,37.3931618,-121.9479408,-23.600000381469727
4G_LTE,-116,2147483647,-116,-19,-85,2147483647,24,5035,191,2147483647,2147483647,2147483647,0,2147483647,[12],[FDD],"Band Number = 12, Uplink = 698.0 - 716.0 MHz, Downlink = 699.0 - 716.0 MHz ",Unavailable,Unavailable,0,1723951276354,38.066625246,2024-08-17 23:21:16.354000,-121.9479408,37.3931618,-23.600000381469727,37.3931618,-121.9479408,-23.600000381469727
4G_LTE,-111,2147483647,-111,-17,-85,2147483647,29,5035,88,2147483647,2147483647,2147483647,1,2147483647,[12],[FDD],"Band Number = 12, Uplink = 698.0 - 716.0 MHz, Downlink = 699.0 - 716.0 MHz ",Unavailable,Unavailable,0,1723951276354,38.066625246,2024-08-17 23:21:16.354000,-121.9479408,37.3931618,-23.600000381469727,37.3931618,-121.9479408,-23.600000381469727
4G_LTE,-126,2147483647,-126,-19,-99,2147483647,14,9820,192,2147483647,2147483647,2147483647,0,2147483647,[30],[FDD],"Band Number = 30, Uplink = 2305.0 - 2315.0 MHz, Downlink = 2305.0 - 2315.0 MHz ",Unavailable,Unavailable,0,1723951276354,38.066625246,2024-08-17 23:21:16.354000,-121.9479408,37.3931618,-23.600000381469727,37.3931618,-121.9479408,-23.600000381469727
4G_LTE,-116,2147483647,-116,-13,-85,2147483647,24,66986,102,2147483647,169470393,35653,0,2147483647,[66],[FDD],"Band Number = 66, Uplink = 1710.0 - 1780.0 MHz, Downlink = 1710.0 - 1780.0 MHz ",310,410,1,1723951277359,39.071354672,2024-08-17 23:21:17.359000,-121.9479408,37.3931618,-23.600000381469727,37.3931618,-121.9479408,-23.600000381469727
4G_LTE,-124,2147483647,-124,-20,-91,2147483647,16,66986,497,2147483647,2147483647,2147483647,0,2147483647,[66],[FDD],"Band Number = 66, Uplink = 1710.0 - 1780.0 MHz, Downlink = 1710.0 - 1780.0 MHz ",Unavailable,Unavailable,0,1723951277359,39.071354672,2024-08-17 23:21:17.359000,-121.9479408,37.3931618,-23.600000381469727,37.3931618,-121.9479408,-23.600000381469727
4G_LTE,-113,2147483647,-113,-9,-95,2147483647,27,5330,471,2147483647,2147483647,2147483647,1,2147483647,[14],[FDD],"Band Number = 14, Uplink = 788.0 - 798.0 MHz, Downlink = 788.0 - 798.0 MHz ",Unavailable,Unavailable,0,1723951277359,39.071354672,2024-08-17 23:21:17.359000,-121.9479408,37.3931618,-23.600000381469727,37.3931618,-121.9479408,-23.600000381469727
4G_LTE,-104,2147483647,-104,-10,-85,2147483647,36,5035,87,2147483647,2147483647,2147483647,2,2147483647,[12],[FDD],"Band Number = 12, Uplink = 698.0 - 716.0 MHz, Downlink = 699.0 - 716.0 MHz ",Unavailable,Unavailable,0,1723951277359,39.071354672,2024-08-17 23:21:17.359000,-121.9479408,37.3931618,-23.600000381469727,37.3931618,-121.9479408,-23.600000381469727
4G_LTE,-116,2147483647,-116,-19,-85,2147483647,24,5035,191,2147483647,2147483647,2147483647,0,2147483647,[12],[FDD],"Band Number = 12, Uplink = 698.0 - 716.0 MHz, Downlink = 699.0 - 716.0 MHz ",Unavailable,Unavailable,0,1723951277359,39.071354672,2024-08-17 23:21:17.359000,-121.9479408,37.3931618,-23.600000381469727,37.3931618,-121.9479408,-23.600000381469727
4G_LTE,-111,2147483647,-111,-17,-85,2147483647,29,5035,88,2147483647,2147483647,2147483647,1,2147483647,[12],[FDD],"Band Number = 12, Uplink = 698.0 - 716.0 MHz, Downlink = 699.0 - 716.0 MHz ",Unavailable,Unavailable,0,1723951277359,39.071354672,2024-08-17 23:21:17.359000,-121.9479408,37.3931618,-23.600000381469727,37.3931618,-121.9479408,-23.600000381469727
4G_LTE,-126,2147483647,-126,-19,-99,2147483647,14,9820,192,2147483647,2147483647,2147483647,0,2147483647,[30],[FDD],"Band Number = 30, Uplink = 2305.0 - 2315.0 MHz, Downlink = 2305.0 - 2315.0 MHz ",Unavailable,Unavailable,0,1723951277359,39.071354672,2024-08-17 23:21:17.359000,-121.9479408,37.3931618,-23.600000381469727,37.3931618,-121.9479408,-23.600000381469727
4G_LTE,-116,2147483647,-116,-13,-85,2147483647,24,66986,102,2147483647,169470393,35653,0,2147483647,[66],[FDD],"Band Number = 66, Uplink = 1710.0 - 1780.0 MHz, Downlink = 1710.0 - 1780.0 MHz ",310,410,1,1723951278359,40.071093422,2024-08-17 23:21:18.359000,-121.9479408,37.3931618,-23.600000381469727,37.3931618,-121.9479408,-23.600000381469727
4G_LTE,-124,2147483647,-124,-20,-91,2147483647,16,66986,497,2147483647,2147483647,2147483647,0,2147483647,[66],[FDD],"Band Number = 66, Uplink = 1710.0 - 1780.0 MHz, Downlink = 1710.0 - 1780.0 MHz ",Unavailable,Unavailable,0,1723951278359,40.071093422,2024-08-17 23:21:18.359000,-121.9479408,37.3931618,-23.600000381469727,37.3931618,-121.9479408,-23.600000381469727
4G_LTE,-113,2147483647,-113,-9,-95,2147483647,27,5330,471,2147483647,2147483647,2147483647,1,2147483647,[14],[FDD],"Band Number = 14, Uplink = 788.0 - 798.0 MHz, Downlink = 788.0 - 798.0 MHz ",Unavailable,Unavailable,0,1723951278359,40.071093422,2024-08-17 23:21:18.359000,-121.9479408,37.3931618,-23.600000381469727,37.3931618,-121.9479408,-23.600000381469727
4G_LTE,-104,2147483647,-104,-10,-85,2147483647,36,5035,87,2147483647,2147483647,2147483647,2,2147483647,[12],[FDD],"Band Number = 12, Uplink = 698.0 - 716.0 MHz, Downlink = 699.0 - 716.0 MHz ",Unavailable,Unavailable,0,1723951278359,40.071093422,2024-08-17 23:21:18.359000,-121.9479408,37.3931618,-23.600000381469727,37.3931618,-121.9479408,-23.600000381469727
4G_LTE,-116,2147483647,-116,-19,-85,2147483647,24,5035,191,2147483647,2147483647,2147483647,0,2147483647,[12],[FDD],"Band Number = 12, Uplink = 698.0 - 716.0 MHz, Downlink = 699.0 - 716.0 MHz ",Unavailable,Unavailable,0,1723951278359,40.071093422,2024-08-17 23:21:18.359000,-121.9479408,37.3931618,-23.600000381469727,37.3931618,-121.9479408,-23.600000381469727
4G_LTE,-111,2147483647,-111,-17,-85,2147483647,29,5035,88,2147483647,2147483647,2147483647,1,2147483647,[12],[FDD],"Band Number = 12, Uplink = 698.0 - 716.0 MHz, Downlink = 699.0 - 716.0 MHz ",Unavailable,Unavailable,0,1723951278359,40.071093422,2024-08-17 23:21:18.359000,-121.9479408,37.3931618,-23.600000381469727,37.3931618,-121.9479408,-23.600000381469727
4G_LTE,-126,2147483647,-126,-19,-99,2147483647,14,9820,192,2147483647,2147483647,2147483647,0,2147483647,[30],[FDD],"Band Number = 30, Uplink = 2305.0 - 2315.0 MHz, Downlink = 2305.0 - 2315.0 MHz ",Unavailable,Unavailable,0,1723951278359,40.071093422,2024-08-17 23:21:18.359000,-121.9479408,37.3931618,-23.600000381469727,37.3931618,-121.9479408,-23.600000381469727
4G_LTE,-116,2147483647,-116,-13,-85,2147483647,24,66986,102,2147483647,169470393,35653,0,2147483647,[66],[FDD],"Band Number = 66, Uplink = 1710.0 - 1780.0 MHz, Downlink = 1710.0 - 1780.0 MHz ",310,410,1,1723951279361,41.073695661,2024-08-17 23:21:19.361000,-121.9479408,37.3931618,-23.600000381469727,37.3931618,-121.9479408,-23.600000381469727
4G_LTE,-124,2147483647,-124,-20,-91,2147483647,16,66986,497,2147483647,2147483647,2147483647,0,2147483647,[66],[FDD],"Band Number = 66, Uplink = 1710.0 - 1780.0 MHz, Downlink = 1710.0 - 1780.0 MHz ",Unavailable,Unavailable,0,1723951279361,41.073695661,2024-08-17 23:21:19.361000,-121.9479408,37.3931618,-23.600000381469727,37.3931618,-121.9479408,-23.600000381469727
4G_LTE,-113,2147483647,-113,-9,-95,2147483647,27,5330,471,2147483647,2147483647,2147483647,1,2147483647,[14],[FDD],"Band Number = 14, Uplink = 788.0 - 798.0 MHz, Downlink = 788.0 - 798.0 MHz ",Unavailable,Unavailable,0,1723951279361,41.073695661,2024-08-17 23:21:19.361000,-121.9479408,37.3931618,-23.600000381469727,37.3931618,-121.9479408,-23.600000381469727
4G_LTE,-104,2147483647,-104,-10,-85,2147483647,36,5035,87,2147483647,2147483647,2147483647,2,2147483647,[12],[FDD],"Band Number = 12, Uplink = 698.0 - 716.0 MHz, Downlink = 699.0 - 716.0 MHz ",Unavailable,Unavailable,0,1723951279361,41.073695661,2024-08-17 23:21:19.361000,-121.9479408,37.3931618,-23.600000381469727,37.3931618,-121.9479408,-23.600000381469727
4G_LTE,-116,2147483647,-116,-19,-85,2147483647,24,5035,191,2147483647,2147483647,2147483647,0,2147483647,[12],[FDD],"Band Number = 12, Uplink = 698.0 - 716.0 MHz, Downlink = 699.0 - 716.0 MHz ",Unavailable,Unavailable,0,1723951279361,41.073695661,2024-08-17 23:21:19.361000,-121.9479408,37.3931618,-23.600000381469727,37.3931618,-121.9479408,-23.600000381469727
4G_LTE,-111,2147483647,-111,-17,-85,2147483647,29,5035,88,2147483647,2147483647,2147483647,1,2147483647,[12],[FDD],"Band Number = 12, Uplink = 698.0 - 716.0 MHz, Downlink = 699.0 - 716.0 MHz ",Unavailable,Unavailable,0,1723951279361,41.073695661,2024-08-17 23:21:19.361000,-121.9479408,37.3931618,-23.600000381469727,37.3931618,-121.9479408,-23.600000381469727
4G_LTE,-126,2147483647,-126,-19,-99,2147483647,14,9820,192,2147483647,2147483647,2147483647,0,2147483647,[30],[FDD],"Band Number = 30, Uplink = 2305.0 - 2315.0 MHz, Downlink = 2305.0 - 2315.0 MHz ",Unavailable,Unavailable,0,1723951279361,41.073695661,2024-08-17 23:21:19.361000,-121.9479408,37.3931618,-23.600000381469727,37.3931618,-121.9479408,-23.600000381469727
4G_LTE,-116,2147483647,-116,-13,-85,2147483647,24,66986,102,2147483647,169470393,35653,0,2147483647,[66],[FDD],"Band Number = 66, Uplink = 1710.0 - 1780.0 MHz, Downlink = 1710.0 - 1780.0 MHz ",310,410,1,1723951280360,42.072788682,2024-08-17 23:21:20.360000,-121.9479408,37.3931618,-23.600000381469727,37.3931618,-121.9479408,-23.600000381469727
4G_LTE,-124,2147483647,-124,-20,-91,2147483647,16,66986,497,2147483647,2147483647,2147483647,0,2147483647,[66],[FDD],"Band Number = 66, Uplink = 1710.0 - 1780.0 MHz, Downlink = 1710.0 - 1780.0 MHz ",Unavailable,Unavailable,0,1723951280360,42.072788682,2024-08-17 23:21:20.360000,-121.9479408,37.3931618,-23.600000381469727,37.3931618,-121.9479408,-23.600000381469727
4G_LTE,-113,2147483647,-113,-9,-95,2147483647,27,5330,471,2147483647,2147483647,2147483647,1,2147483647,[14],[FDD],"Band Number = 14, Uplink = 788.0 - 798.0 MHz, Downlink = 788.0 - 798.0 MHz ",Unavailable,Unavailable,0,1723951280360,42.072788682,2024-08-17 23:21:20.360000,-121.9479408,37.3931618,-23.600000381469727,37.3931618,-121.9479408,-23.600000381469727
4G_LTE,-104,2147483647,-104,-10,-85,2147483647,36,5035,87,2147483647,2147483647,2147483647,2,2147483647,[12],[FDD],"Band Number = 12, Uplink = 698.0 - 716.0 MHz, Downlink = 699.0 - 716.0 MHz ",Unavailable,Unavailable,0,1723951280360,42.072788682,2024-08-17 23:21:20.360000,-121.9479408,37.3931618,-23.600000381469727,37.3931618,-121.9479408,-23.600000381469727
4G_LTE,-116,2147483647,-116,-19,-85,2147483647,24,5035,191,2147483647,2147483647,2147483647,0,2147483647,[12],[FDD],"Band Number = 12, Uplink = 698.0 - 716.0 MHz, Downlink = 699.0 - 716.0 MHz ",Unavailable,Unavailable,0,1723951280360,42.072788682,2024-08-17 23:21:20.360000,-121.9479408,37.3931618,-23.600000381469727,37.3931618,-121.9479408,-23.600000381469727
4G_LTE,-111,2147483647,-111,-17,-85,2147483647,29,5035,88,2147483647,2147483647,2147483647,1,2147483647,[12],[FDD],"Band Number = 12, Uplink = 698.0 - 716.0 MHz, Downlink = 699.0 - 716.0 MHz ",Unavailable,Unavailable,0,1723951280360,42.072788682,2024-08-17 23:21:20.360000,-121.9479408,37.3931618,-23.600000381469727,37.3931618,-121.9479408,-23.600000381469727
4G_LTE,-126,2147483647,-126,-19,-99,2147483647,14,9820,192,2147483647,2147483647,2147483647,0,2147483647,[30],[FDD],"Band Number = 30, Uplink = 2305.0 - 2315.0 MHz, Downlink = 2305.0 - 2315.0 MHz ",Unavailable,Unavailable,0,1723951280360,42.072788682,2024-08-17 23:21:20.360000,-121.9479408,37.3931618,-23.600000381469727,37.3931618,-121.9479408,-23.600000381469727
4G_LTE,-116,2147483647,-116,-13,-85,2147483647,24,66986,102,2147483647,169470393,35653,0,2147483647,[66],[FDD],"Band Number = 66, Uplink = 1710.0 - 1780.0 MHz, Downlink = 1710.0 - 1780.0 MHz ",310,410,1,1723951281360,43.073132015,2024-08-17 23:21:21.360000,-121.9479408,37.3931618,-23.600000381469727,37.3931618,-121.9479408,-23.600000381469727
4G_LTE,-124,2147483647,-124,-20,-91,2147483647,16,66986,497,2147483647,2147483647,2147483647,0,2147483647,[66],[FDD],"Band Number = 66, Uplink = 1710.0 - 1780.0 MHz, Downlink = 1710.0 - 1780.0 MHz ",Unavailable,Unavailable,0,1723951281360,43.073132015,2024-08-17 23:21:21.360000,-121.9479408,37.3931618,-23.600000381469727,37.3931618,-121.9479408,-23.600000381469727
4G_LTE,-113,2147483647,-113,-9,-95,2147483647,27,5330,471,2147483647,2147483647,2147483647,1,2147483647,[14],[FDD],"Band Number = 14, Uplink = 788.0 - 798.0 MHz, Downlink = 788.0 - 798.0 MHz ",Unavailable,Unavailable,0,1723951281360,43.073132015,2024-08-17 23:21:21.360000,-121.9479408,37.3931618,-23.600000381469727,37.3931618,-121.9479408,-23.600000381469727
4G_LTE,-104,2147483647,-104,-10,-85,2147483647,36,5035,87,2147483647,2147483647,2147483647,2,2147483647,[12],[FDD],"Band Number = 12, Uplink = 698.0 - 716.0 MHz, Downlink = 699.0 - 716.0 MHz ",Unavailable,Unavailable,0,1723951281360,43.073132015,2024-08-17 23:21:21.360000,-121.9479408,37.3931618,-23.600000381469727,37.3931618,-121.9479408,-23.600000381469727
4G_LTE,-116,2147483647,-116,-19,-85,2147483647,24,5035,191,2147483647,2147483647,2147483647,0,2147483647,[12],[FDD],"Band Number = 12, Uplink = 698.0 - 716.0 MHz, Downlink = 699.0 - 716.0 MHz ",Unavailable,Unavailable,0,1723951281360,43.073132015,2024-08-17 23:21:21.360000,-121.9479408,37.3931618,-23.600000381469727,37.3931618,-121.9479408,-23.600000381469727
4G_LTE,-111,2147483647,-111,-17,-85,2147483647,29,5035,88,2147483647,2147483647,2147483647,1,2147483647,[12],[FDD],"Band Number = 12, Uplink = 698.0 - 716.0 MHz, Downlink = 699.0 - 716.0 MHz ",Unavailable,Unavailable,0,1723951281360,43.073132015,2024-08-17 23:21:21.360000,-121.9479408,37.3931618,-23.600000381469727,37.3931618,-121.9479408,-23.600000381469727
4G_LTE,-126,2147483647,-126,-19,-99,2147483647,14,9820,192,2147483647,2147483647,2147483647,0,2147483647,[30],[FDD],"Band Number = 30, Uplink = 2305.0 - 2315.0 MHz, Downlink = 2305.0 - 2315.0 MHz ",Unavailable,Unavailable,0,1723951281360,43.073132015,2024-08-17 23:21:21.360000,-121.9479408,37.3931618,-23.600000381469727,37.3931618,-121.9479408,-23.600000381469727
4G_LTE,-116,2147483647,-116,-13,-85,2147483647,24,66986,102,2147483647,169470393,35653,0,2147483647,[66],[FDD],"Band Number = 66, Uplink = 1710.0 - 1780.0 MHz, Downlink = 1710.0 - 1780.0 MHz ",310,410,1,1723951282364,44.075097118,2024-08-17 23:21:22.364000,-121.9479261,37.3931697,-23.600000381469727,37.3931697,-121.9479261,-23.600000381469727
4G_LTE,-124,2147483647,-124,-20,-91,2147483647,16,66986,497,2147483647,2147483647,2147483647,0,2147483647,[66],[FDD],"Band Number = 66, Uplink = 1710.0 - 1780.0 MHz, Downlink = 1710.0 - 1780.0 MHz ",Unavailable,Unavailable,0,1723951282364,44.075097118,2024-08-17 23:21:22.364000,-121.9479261,37.3931697,-23.600000381469727,37.3931697,-121.9479261,-23.600000381469727
4G_LTE,-113,2147483647,-113,-9,-95,2147483647,27,5330,471,2147483647,2147483647,2147483647,1,2147483647,[14],[FDD],"Band Number = 14, Uplink = 788.0 - 798.0 MHz, Downlink = 788.0 - 798.0 MHz ",Unavailable,Unavailable,0,1723951282364,44.075097118,2024-08-17 23:21:22.364000,-121.9479261,37.3931697,-23.600000381469727,37.3931697,-121.9479261,-23.600000381469727
4G_LTE,-104,2147483647,-104,-10,-85,2147483647,36,5035,87,2147483647,2147483647,2147483647,2,2147483647,[12],[FDD],"Band Number = 12, Uplink = 698.0 - 716.0 MHz, Downlink = 699.0 - 716.0 MHz ",Unavailable,Unavailable,0,1723951282364,44.075097118,2024-08-17 23:21:22.364000,-121.9479261,37.3931697,-23.600000381469727,37.3931697,-121.9479261,-23.600000381469727
4G_LTE,-116,2147483647,-116,-19,-85,2147483647,24,5035,191,2147483647,2147483647,2147483647,0,2147483647,[12],[FDD],"Band Number = 12, Uplink = 698.0 - 716.0 MHz, Downlink = 699.0 - 716.0 MHz ",Unavailable,Unavailable,0,1723951282364,44.075097118,2024-08-17 23:21:22.364000,-121.9479261,37.3931697,-23.600000381469727,37.3931697,-121.9479261,-23.600000381469727
4G_LTE,-111,2147483647,-111,-17,-85,2147483647,29,5035,88,2147483647,2147483647,2147483647,1,2147483647,[12],[FDD],"Band Number = 12, Uplink = 698.0 - 716.0 MHz, Downlink = 699.0 - 716.0 MHz ",Unavailable,Unavailable,0,1723951282364,44.075097118,2024-08-17 23:21:22.364000,-121.9479261,37.3931697,-23.600000381469727,37.3931697,-121.9479261,-23.600000381469727
4G_LTE,-126,2147483647,-126,-19,-99,2147483647,14,9820,192,2147483647,2147483647,2147483647,0,2147483647,[30],[FDD],"Band Number = 30, Uplink = 2305.0 - 2315.0 MHz, Downlink = 2305.0 - 2315.0 MHz ",Unavailable,Unavailable,0,1723951282364,44.075097118,2024-08-17 23:21:22.364000,-121.9479261,37.3931697,-23.600000381469727,37.3931697,-121.9479261,-23.600000381469727
4G_LTE,-116,2147483647,-116,-13,-85,2147483647,24,66986,102,2147483647,169470393,35653,0,2147483647,[66],[FDD],"Band Number = 66, Uplink = 1710.0 - 1780.0 MHz, Downlink = 1710.0 - 1780.0 MHz ",310,410,1,1723951283364,45.075578472,2024-08-17 23:21:23.364000,-121.9479261,37.3931697,-23.600000381469727,37.3931697,-121.9479261,-23.600000381469727
4G_LTE,-124,2147483647,-124,-20,-91,2147483647,16,66986,497,2147483647,2147483647,2147483647,0,2147483647,[66],[FDD],"Band Number = 66, Uplink = 1710.0 - 1780.0 MHz, Downlink = 1710.0 - 1780.0 MHz ",Unavailable,Unavailable,0,1723951283364,45.075578472,2024-08-17 23:21:23.364000,-121.9479261,37.3931697,-23.600000381469727,37.3931697,-121.9479261,-23.600000381469727
4G_LTE,-113,2147483647,-113,-9,-95,2147483647,27,5330,471,2147483647,2147483647,2147483647,1,2147483647,[14],[FDD],"Band Number = 14, Uplink = 788.0 - 798.0 MHz, Downlink = 788.0 - 798.0 MHz ",Unavailable,Unavailable,0,1723951283364,45.075578472,2024-08-17 23:21:23.364000,-121.9479261,37.3931697,-23.600000381469727,37.3931697,-121.9479261,-23.600000381469727
4G_LTE,-104,2147483647,-104,-10,-85,2147483647,36,5035,87,2147483647,2147483647,2147483647,2,2147483647,[12],[FDD],"Band Number = 12, Uplink = 698.0 - 716.0 MHz, Downlink = 699.0 - 716.0 MHz ",Unavailable,Unavailable,0,1723951283364,45.075578472,2024-08-17 23:21:23.364000,-121.9479261,37.3931697,-23.600000381469727,37.3931697,-121.9479261,-23.600000381469727
4G_LTE,-116,2147483647,-116,-19,-85,2147483647,24,5035,191,2147483647,2147483647,2147483647,0,2147483647,[12],[FDD],"Band Number = 12, Uplink = 698.0 - 716.0 MHz, Downlink = 699.0 - 716.0 MHz ",Unavailable,Unavailable,0,1723951283364,45.075578472,2024-08-17 23:21:23.364000,-121.9479261,37.3931697,-23.600000381469727,37.3931697,-121.9479261,-23.600000381469727
4G_LTE,-111,2147483647,-111,-17,-85,2147483647,29,5035,88,2147483647,2147483647,2147483647,1,2147483647,[12],[FDD],"Band Number = 12, Uplink = 698.0 - 716.0 MHz, Downlink = 699.0 - 716.0 MHz ",Unavailable,Unavailable,0,1723951283364,45.075578472,2024-08-17 23:21:23.364000,-121.9479261,37.3931697,-23.600000381469727,37.3931697,-121.9479261,-23.600000381469727
4G_LTE,-126,2147483647,-126,-19,-99,2147483647,14,9820,192,2147483647,2147483647,2147483647,0,2147483647,[30],[FDD],"Band Number = 30, Uplink = 2305.0 - 2315.0 MHz, Downlink = 2305.0 - 2315.0 MHz ",Unavailable,Unavailable,0,1723951283364,45.075578472,2024-08-17 23:21:23.364000,-121.9479261,37.3931697,-23.600000381469727,37.3931697,-121.9479261,-23.600000381469727
4G_LTE,-116,2147483647,-116,-13,-85,2147483647,24,66986,102,2147483647,169470393,35653,0,2147483647,[66],[FDD],"Band Number = 66, Uplink = 1710.0 - 1780.0 MHz, Downlink = 1710.0 - 1780.0 MHz ",310,410,1,1723951284361,46.074076649,2024-08-17 23:21:24.361000,-121.9479261,37.3931697,-23.600000381469727,37.3931697,-121.9479261,-23.600000381469727
4G_LTE,-124,2147483647,-124,-20,-91,2147483647,16,66986,497,2147483647,2147483647,2147483647,0,2147483647,[66],[FDD],"Band Number = 66, Uplink = 1710.0 - 1780.0 MHz, Downlink = 1710.0 - 1780.0 MHz ",Unavailable,Unavailable,0,1723951284361,46.074076649,2024-08-17 23:21:24.361000,-121.9479261,37.3931697,-23.600000381469727,37.3931697,-121.9479261,-23.600000381469727
4G_LTE,-113,2147483647,-113,-9,-95,2147483647,27,5330,471,2147483647,2147483647,2147483647,1,2147483647,[14],[FDD],"Band Number = 14, Uplink = 788.0 - 798.0 MHz, Downlink = 788.0 - 798.0 MHz ",Unavailable,Unavailable,0,1723951284361,46.074076649,2024-08-17 23:21:24.361000,-121.9479261,37.3931697,-23.600000381469727,37.3931697,-121.9479261,-23.600000381469727
4G_LTE,-104,2147483647,-104,-10,-85,2147483647,36,5035,87,2147483647,2147483647,2147483647,2,2147483647,[12],[FDD],"Band Number = 12, Uplink = 698.0 - 716.0 MHz, Downlink = 699.0 - 716.0 MHz ",Unavailable,Unavailable,0,1723951284361,46.074076649,2024-08-17 23:21:24.361000,-121.9479261,37.3931697,-23.600000381469727,37.3931697,-121.9479261,-23.600000381469727
4G_LTE,-116,2147483647,-116,-19,-85,2147483647,24,5035,191,2147483647,2147483647,2147483647,0,2147483647,[12],[FDD],"Band Number = 12, Uplink = 698.0 - 716.0 MHz, Downlink = 699.0 - 716.0 MHz ",Unavailable,Unavailable,0,1723951284361,46.074076649,2024-08-17 23:21:24.361000,-121.9479261,37.3931697,-23.600000381469727,37.3931697,-121.9479261,-23.600000381469727
4G_LTE,-111,2147483647,-111,-17,-85,2147483647,29,5035,88,2147483647,2147483647,2147483647,1,2147483647,[12],[FDD],"Band Number = 12, Uplink = 698.0 - 716.0 MHz, Downlink = 699.0 - 716.0 MHz ",Unavailable,Unavailable,0,1723951284361,46.074076649,2024-08-17 23:21:24.361000,-121.9479261,37.3931697,-23.600000381469727,37.3931697,-121.9479261,-23.600000381469727
4G_LTE,-126,2147483647,-126,-19,-99,2147483647,14,9820,192,2147483647,2147483647,2147483647,0,2147483647,[30],[FDD],"Band Number = 30, Uplink = 2305.0 - 2315.0 MHz, Downlink = 2305.0 - 2315.0 MHz ",Unavailable,Unavailable,0,1723951284361,46.074076649,2024-08-17 23:21:24.361000,-121.9479261,37.3931697,-23.600000381469727,37.3931697,-121.9479261,-23.600000381469727
4G_LTE,-116,2147483647,-116,-13,-85,2147483647,24,66986,102,2147483647,169470393,35653,0,2147483647,[66],[FDD],"Band Number = 66, Uplink = 1710.0 - 1780.0 MHz, Downlink = 1710.0 - 1780.0 MHz ",310,410,1,1723951285363,47.075124982,2024-08-17 23:21:25.363000,-121.9479261,37.3931697,-23.600000381469727,37.3931697,-121.9479261,-23.600000381469727
4G_LTE,-124,2147483647,-124,-20,-91,2147483647,16,66986,497,2147483647,2147483647,2147483647,0,2147483647,[66],[FDD],"Band Number = 66, Uplink = 1710.0 - 1780.0 MHz, Downlink = 1710.0 - 1780.0 MHz ",Unavailable,Unavailable,0,1723951285363,47.075124982,2024-08-17 23:21:25.363000,-121.9479261,37.3931697,-23.600000381469727,37.3931697,-121.9479261,-23.600000381469727
4G_LTE,-113,2147483647,-113,-9,-95,2147483647,27,5330,471,2147483647,2147483647,2147483647,1,2147483647,[14],[FDD],"Band Number = 14, Uplink = 788.0 - 798.0 MHz, Downlink = 788.0 - 798.0 MHz ",Unavailable,Unavailable,0,1723951285363,47.075124982,2024-08-17 23:21:25.363000,-121.9479261,37.3931697,-23.600000381469727,37.3931697,-121.9479261,-23.600000381469727
4G_LTE,-104,2147483647,-104,-10,-85,2147483647,36,5035,87,2147483647,2147483647,2147483647,2,2147483647,[12],[FDD],"Band Number = 12, Uplink = 698.0 - 716.0 MHz, Downlink = 699.0 - 716.0 MHz ",Unavailable,Unavailable,0,1723951285363,47.075124982,2024-08-17 23:21:25.363000,-121.9479261,37.3931697,-23.600000381469727,37.3931697,-121.9479261,-23.600000381469727
4G_LTE,-116,2147483647,-116,-19,-85,2147483647,24,5035,191,2147483647,2147483647,2147483647,0,2147483647,[12],[FDD],"Band Number = 12, Uplink = 698.0 - 716.0 MHz, Downlink = 699.0 - 716.0 MHz ",Unavailable,Unavailable,0,1723951285363,47.075124982,2024-08-17 23:21:25.363000,-121.9479261,37.3931697,-23.600000381469727,37.3931697,-121.9479261,-23.600000381469727
4G_LTE,-111,2147483647,-111,-17,-85,2147483647,29,5035,88,2147483647,2147483647,2147483647,1,2147483647,[12],[FDD],"Band Number = 12, Uplink = 698.0 - 716.0 MHz, Downlink = 699.0 - 716.0 MHz ",Unavailable,Unavailable,0,1723951285363,47.075124982,2024-08-17 23:21:25.363000,-121.9479261,37.3931697,-23.600000381469727,37.3931697,-121.9479261,-23.600000381469727
4G_LTE,-126,2147483647,-126,-19,-99,2147483647,14,9820,192,2147483647,2147483647,2147483647,0,2147483647,[30],[FDD],"Band Number = 30, Uplink = 2305.0 - 2315.0 MHz, Downlink = 2305.0 - 2315.0 MHz ",Unavailable,Unavailable,0,1723951285363,47.075124982,2024-08-17 23:21:25.363000,-121.9479261,37.3931697,-23.600000381469727,37.3931697,-121.9479261,-23.600000381469727
4G_LTE,-116,2147483647,-116,-14,-83,2147483647,24,66986,102,2147483647,169470393,35653,0,2147483647,[66],[FDD],"Band Number = 66, Uplink = 1710.0 - 1780.0 MHz, Downlink = 1710.0 - 1780.0 MHz ",310,410,1,1723951286363,48.075491179,2024-08-17 23:21:26.363000,-121.9479261,37.3931697,-23.600000381469727,37.3931697,-121.9479261,-23.600000381469727
4G_LTE,-124,2147483647,-124,-20,-93,2147483647,16,66986,497,2147483647,2147483647,2147483647,0,2147483647,[66],[FDD],"Band Number = 66, Uplink = 1710.0 - 1780.0 MHz, Downlink = 1710.0 - 1780.0 MHz ",Unavailable,Unavailable,0,1723951286363,48.075491179,2024-08-17 23:21:26.363000,-121.9479261,37.3931697,-23.600000381469727,37.3931697,-121.9479261,-23.600000381469727
4G_LTE,-116,2147483647,-116,-15,-93,2147483647,24,5330,471,2147483647,2147483647,2147483647,0,2147483647,[14],[FDD],"Band Number = 14, Uplink = 788.0 - 798.0 MHz, Downlink = 788.0 - 798.0 MHz ",Unavailable,Unavailable,0,1723951286363,48.075491179,2024-08-17 23:21:26.363000,-121.9479261,37.3931697,-23.600000381469727,37.3931697,-121.9479261,-23.600000381469727
4G_LTE,-104,2147483647,-104,-8,-87,2147483647,36,5035,87,2147483647,2147483647,2147483647,2,2147483647,[12],[FDD],"Band Number = 12, Uplink = 698.0 - 716.0 MHz, Downlink = 699.0 - 716.0 MHz ",Unavailable,Unavailable,0,1723951286363,48.075491179,2024-08-17 23:21:26.363000,-121.9479261,37.3931697,-23.600000381469727,37.3931697,-121.9479261,-23.600000381469727
4G_LTE,-112,2147483647,-112,-13,-87,2147483647,28,5035,88,2147483647,2147483647,2147483647,1,2147483647,[12],[FDD],"Band Number = 12, Uplink = 698.0 - 716.0 MHz, Downlink = 699.0 - 716.0 MHz ",Unavailable,Unavailable,0,1723951286363,48.075491179,2024-08-17 23:21:26.363000,-121.9479261,37.3931697,-23.600000381469727,37.3931697,-121.9479261,-23.600000381469727
4G_LTE,-118,2147483647,-118,-20,-87,2147483647,22,5035,191,2147483647,2147483647,2147483647,0,2147483647,[12],[FDD],"Band Number = 12, Uplink = 698.0 - 716.0 MHz, Downlink = 699.0 - 716.0 MHz ",Unavailable,Unavailable,0,1723951286363,48.075491179,2024-08-17 23:21:26.363000,-121.9479261,37.3931697,-23.600000381469727,37.3931697,-121.9479261,-23.600000381469727
4G_LTE,-132,2147483647,-132,-19,-103,2147483647,8,9820,192,2147483647,2147483647,2147483647,0,2147483647,[30],[FDD],"Band Number = 30, Uplink = 2305.0 - 2315.0 MHz, Downlink = 2305.0 - 2315.0 MHz ",Unavailable,Unavailable,0,1723951286363,48.075491179,2024-08-17 23:21:26.363000,-121.9479261,37.3931697,-23.600000381469727,37.3931697,-121.9479261,-23.600000381469727
4G_LTE,-116,2147483647,-116,-14,-83,2147483647,24,66986,102,2147483647,169470393,35653,0,2147483647,[66],[FDD],"Band Number = 66, Uplink = 1710.0 - 1780.0 MHz, Downlink = 1710.0 - 1780.0 MHz ",310,410,1,1723951287365,49.077428523,2024-08-17 23:21:27.365000,-121.9479261,37.3931697,-23.600000381469727,37.3931697,-121.9479261,-23.600000381469727
4G_LTE,-124,2147483647,-124,-20,-93,2147483647,16,66986,497,2147483647,2147483647,2147483647,0,2147483647,[66],[FDD],"Band Number = 66, Uplink = 1710.0 - 1780.0 MHz, Downlink = 1710.0 - 1780.0 MHz ",Unavailable,Unavailable,0,1723951287365,49.077428523,2024-08-17 23:21:27.365000,-121.9479261,37.3931697,-23.600000381469727,37.3931697,-121.9479261,-23.600000381469727
4G_LTE,-116,2147483647,-116,-15,-93,2147483647,24,5330,471,2147483647,2147483647,2147483647,0,2147483647,[14],[FDD],"Band Number = 14, Uplink = 788.0 - 798.0 MHz, Downlink = 788.0 - 798.0 MHz ",Unavailable,Unavailable,0,1723951287365,49.077428523,2024-08-17 23:21:27.365000,-121.9479261,37.3931697,-23.600000381469727,37.3931697,-121.9479261,-23.600000381469727
4G_LTE,-104,2147483647,-104,-8,-87,2147483647,36,5035,87,2147483647,2147483647,2147483647,2,2147483647,[12],[FDD],"Band Number = 12, Uplink = 698.0 - 716.0 MHz, Downlink = 699.0 - 716.0 MHz ",Unavailable,Unavailable,0,1723951287365,49.077428523,2024-08-17 23:21:27.365000,-121.9479261,37.3931697,-23.600000381469727,37.3931697,-121.9479261,-23.600000381469727
4G_LTE,-112,2147483647,-112,-13,-87,2147483647,28,5035,88,2147483647,2147483647,2147483647,1,2147483647,[12],[FDD],"Band Number = 12, Uplink = 698.0 - 716.0 MHz, Downlink = 699.0 - 716.0 MHz ",Unavailable,Unavailable,0,1723951287365,49.077428523,2024-08-17 23:21:27.365000,-121.9479261,37.3931697,-23.600000381469727,37.3931697,-121.9479261,-23.600000381469727
4G_LTE,-118,2147483647,-118,-20,-87,2147483647,22,5035,191,2147483647,2147483647,2147483647,0,2147483647,[12],[FDD],"Band Number = 12, Uplink = 698.0 - 716.0 MHz, Downlink = 699.0 - 716.0 MHz ",Unavailable,Unavailable,0,1723951287365,49.077428523,2024-08-17 23:21:27.365000,-121.9479261,37.3931697,-23.600000381469727,37.3931697,-121.9479261,-23.600000381469727
4G_LTE,-132,2147483647,-132,-19,-103,2147483647,8,9820,192,2147483647,2147483647,2147483647,0,2147483647,[30],[FDD],"Band Number = 30, Uplink = 2305.0 - 2315.0 MHz, Downlink = 2305.0 - 2315.0 MHz ",Unavailable,Unavailable,0,1723951287365,49.077428523,2024-08-17 23:21:27.365000,-121.9479261,37.3931697,-23.600000381469727,37.3931697,-121.9479261,-23.600000381469727
4G_LTE,-116,2147483647,-116,-14,-83,2147483647,24,66986,102,2147483647,169470393,35653,0,2147483647,[66],[FDD],"Band Number = 66, Uplink = 1710.0 - 1780.0 MHz, Downlink = 1710.0 - 1780.0 MHz ",310,410,1,1723951288365,50.077683731,2024-08-17 23:21:28.365000,-121.9479261,37.3931697,-23.600000381469727,37.3931697,-121.9479261,-23.600000381469727
4G_LTE,-124,2147483647,-124,-20,-93,2147483647,16,66986,497,2147483647,2147483647,2147483647,0,2147483647,[66],[FDD],"Band Number = 66, Uplink = 1710.0 - 1780.0 MHz, Downlink = 1710.0 - 1780.0 MHz ",Unavailable,Unavailable,0,1723951288365,50.077683731,2024-08-17 23:21:28.365000,-121.9479261,37.3931697,-23.600000381469727,37.3931697,-121.9479261,-23.600000381469727
4G_LTE,-116,2147483647,-116,-15,-93,2147483647,24,5330,471,2147483647,2147483647,2147483647,0,2147483647,[14],[FDD],"Band Number = 14, Uplink = 788.0 - 798.0 MHz, Downlink = 788.0 - 798.0 MHz ",Unavailable,Unavailable,0,1723951288365,50.077683731,2024-08-17 23:21:28.365000,-121.9479261,37.3931697,-23.600000381469727,37.3931697,-121.9479261,-23.600000381469727
4G_LTE,-104,2147483647,-104,-8,-87,2147483647,36,5035,87,2147483647,2147483647,2147483647,2,2147483647,[12],[FDD],"Band Number = 12, Uplink = 698.0 - 716.0 MHz, Downlink = 699.0 - 716.0 MHz ",Unavailable,Unavailable,0,1723951288365,50.077683731,2024-08-17 23:21:28.365000,-121.9479261,37.3931697,-23.600000381469727,37.3931697,-121.9479261,-23.600000381469727
4G_LTE,-112,2147483647,-112,-13,-87,2147483647,28,5035,88,2147483647,2147483647,2147483647,1,2147483647,[12],[FDD],"Band Number = 12, Uplink = 698.0 - 716.0 MHz, Downlink = 699.0 - 716.0 MHz ",Unavailable,Unavailable,0,1723951288365,50.077683731,2024-08-17 23:21:28.365000,-121.9479261,37.3931697,-23.600000381469727,37.3931697,-121.9479261,-23.600000381469727
4G_LTE,-118,2147483647,-118,-20,-87,2147483647,22,5035,191,2147483647,2147483647,2147483647,0,2147483647,[12],[FDD],"Band Number = 12, Uplink = 698.0 - 716.0 MHz, Downlink = 699.0 - 716.0 MHz ",Unavailable,Unavailable,0,1723951288365,50.077683731,2024-08-17 23:21:28.365000,-121.9479261,37.3931697,-23.600000381469727,37.3931697,-121.9479261,-23.600000381469727
4G_LTE,-132,2147483647,-132,-19,-103,2147483647,8,9820,192,2147483647,2147483647,2147483647,0,2147483647,[30],[FDD],"Band Number = 30, Uplink = 2305.0 - 2315.0 MHz, Downlink = 2305.0 - 2315.0 MHz ",Unavailable,Unavailable,0,1723951288365,50.077683731,2024-08-17 23:21:28.365000,-121.9479261,37.3931697,-23.600000381469727,37.3931697,-121.9479261,-23.600000381469727
4G_LTE,-116,2147483647,-116,-14,-83,2147483647,24,66986,102,2147483647,169470393,35653,0,2147483647,[66],[FDD],"Band Number = 66, Uplink = 1710.0 - 1780.0 MHz, Downlink = 1710.0 - 1780.0 MHz ",310,410,1,1723951289366,51.077858262,2024-08-17 23:21:29.366000,-121.9479261,37.3931697,-23.600000381469727,37.3931697,-121.9479261,-23.600000381469727
4G_LTE,-124,2147483647,-124,-20,-93,2147483647,16,66986,497,2147483647,2147483647,2147483647,0,2147483647,[66],[FDD],"Band Number = 66, Uplink = 1710.0 - 1780.0 MHz, Downlink = 1710.0 - 1780.0 MHz ",Unavailable,Unavailable,0,1723951289366,51.077858262,2024-08-17 23:21:29.366000,-121.9479261,37.3931697,-23.600000381469727,37.3931697,-121.9479261,-23.600000381469727
4G_LTE,-116,2147483647,-116,-15,-93,2147483647,24,5330,471,2147483647,2147483647,2147483647,0,2147483647,[14],[FDD],"Band Number = 14, Uplink = 788.0 - 798.0 MHz, Downlink = 788.0 - 798.0 MHz ",Unavailable,Unavailable,0,1723951289366,51.077858262,2024-08-17 23:21:29.366000,-121.9479261,37.3931697,-23.600000381469727,37.3931697,-121.9479261,-23.600000381469727
4G_LTE,-104,2147483647,-104,-8,-87,2147483647,36,5035,87,2147483647,2147483647,2147483647,2,2147483647,[12],[FDD],"Band Number = 12, Uplink = 698.0 - 716.0 MHz, Downlink = 699.0 - 716.0 MHz ",Unavailable,Unavailable,0,1723951289366,51.077858262,2024-08-17 23:21:29.366000,-121.9479261,37.3931697,-23.600000381469727,37.3931697,-121.9479261,-23.600000381469727
4G_LTE,-112,2147483647,-112,-13,-87,2147483647,28,5035,88,2147483647,2147483647,2147483647,1,2147483647,[12],[FDD],"Band Number = 12, Uplink = 698.0 - 716.0 MHz, Downlink = 699.0 - 716.0 MHz ",Unavailable,Unavailable,0,1723951289366,51.077858262,2024-08-17 23:21:29.366000,-121.9479261,37.3931697,-23.600000381469727,37.3931697,-121.9479261,-23.600000381469727
4G_LTE,-118,2147483647,-118,-20,-87,2147483647,22,5035,191,2147483647,2147483647,2147483647,0,2147483647,[12],[FDD],"Band Number = 12, Uplink = 698.0 - 716.0 MHz, Downlink = 699.0 - 716.0 MHz ",Unavailable,Unavailable,0,1723951289366,51.077858262,2024-08-17 23:21:29.366000,-121.9479261,37.3931697,-23.600000381469727,37.3931697,-121.9479261,-23.600000381469727
4G_LTE,-132,2147483647,-132,-19,-103,2147483647,8,9820,192,2147483647,2147483647,2147483647,0,2147483647,[30],[FDD],"Band Number = 30, Uplink = 2305.0 - 2315.0 MHz, Downlink = 2305.0 - 2315.0 MHz ",Unavailable,Unavailable,0,1723951289366,51.077858262,2024-08-17 23:21:29.366000,-121.9479261,37.3931697,-23.600000381469727,37.3931697,-121.9479261,-23.600000381469727
4G_LTE,-116,2147483647,-116,-14,-83,2147483647,24,66986,102,2147483647,169470393,35653,0,2147483647,[66],[FDD],"Band Number = 66, Uplink = 1710.0 - 1780.0 MHz, Downlink = 1710.0 - 1780.0 MHz ",310,410,1,1723951290377,52.08931097,2024-08-17 23:21:30.377000,-121.9479261,37.3931697,-23.600000381469727,37.3931697,-121.9479261,-23.600000381469727
4G_LTE,-124,2147483647,-124,-20,-93,2147483647,16,66986,497,2147483647,2147483647,2147483647,0,2147483647,[66],[FDD],"Band Number = 66, Uplink = 1710.0 - 1780.0 MHz, Downlink = 1710.0 - 1780.0 MHz ",Unavailable,Unavailable,0,1723951290377,52.08931097,2024-08-17 23:21:30.377000,-121.9479261,37.3931697,-23.600000381469727,37.3931697,-121.9479261,-23.600000381469727
4G_LTE,-116,2147483647,-116,-15,-93,2147483647,24,5330,471,2147483647,2147483647,2147483647,0,2147483647,[14],[FDD],"Band Number = 14, Uplink = 788.0 - 798.0 MHz, Downlink = 788.0 - 798.0 MHz ",Unavailable,Unavailable,0,1723951290377,52.08931097,2024-08-17 23:21:30.377000,-121.9479261,37.3931697,-23.600000381469727,37.3931697,-121.9479261,-23.600000381469727
4G_LTE,-104,2147483647,-104,-8,-87,2147483647,36,5035,87,2147483647,2147483647,2147483647,2,2147483647,[12],[FDD],"Band Number = 12, Uplink = 698.0 - 716.0 MHz, Downlink = 699.0 - 716.0 MHz ",Unavailable,Unavailable,0,1723951290377,52.08931097,2024-08-17 23:21:30.377000,-121.9479261,37.3931697,-23.600000381469727,37.3931697,-121.9479261,-23.600000381469727
4G_LTE,-112,2147483647,-112,-13,-87,2147483647,28,5035,88,2147483647,2147483647,2147483647,1,2147483647,[12],[FDD],"Band Number = 12, Uplink = 698.0 - 716.0 MHz, Downlink = 699.0 - 716.0 MHz ",Unavailable,Unavailable,0,1723951290377,52.08931097,2024-08-17 23:21:30.377000,-121.9479261,37.3931697,-23.600000381469727,37.3931697,-121.9479261,-23.600000381469727
4G_LTE,-118,2147483647,-118,-20,-87,2147483647,22,5035,191,2147483647,2147483647,2147483647,0,2147483647,[12],[FDD],"Band Number = 12, Uplink = 698.0 - 716.0 MHz, Downlink = 699.0 - 716.0 MHz ",Unavailable,Unavailable,0,1723951290377,52.08931097,2024-08-17 23:21:30.377000,-121.9479261,37.3931697,-23.600000381469727,37.3931697,-121.9479261,-23.600000381469727
4G_LTE,-132,2147483647,-132,-19,-103,2147483647,8,9820,192,2147483647,2147483647,2147483647,0,2147483647,[30],[FDD],"Band Number = 30, Uplink = 2305.0 - 2315.0 MHz, Downlink = 2305.0 - 2315.0 MHz ",Unavailable,Unavailable,0,1723951290377,52.08931097,2024-08-17 23:21:30.377000,-121.9479261,37.3931697,-23.600000381469727,37.3931697,-121.9479261,-23.600000381469727
4G_LTE,-116,2147483647,-116,-14,-83,2147483647,24,66986,102,2147483647,169470393,35653,0,2147483647,[66],[FDD],"Band Number = 66, Uplink = 1710.0 - 1780.0 MHz, Downlink = 1710.0 - 1780.0 MHz ",310,410,1,1723951291379,53.090655448,2024-08-17 23:21:31.379000,-121.9479261,37.3931697,-23.600000381469727,37.3931697,-121.9479261,-23.600000381469727
4G_LTE,-124,2147483647,-124,-20,-93,2147483647,16,66986,497,2147483647,2147483647,2147483647,0,2147483647,[66],[FDD],"Band Number = 66, Uplink = 1710.0 - 1780.0 MHz, Downlink = 1710.0 - 1780.0 MHz ",Unavailable,Unavailable,0,1723951291379,53.090655448,2024-08-17 23:21:31.379000,-121.9479261,37.3931697,-23.600000381469727,37.3931697,-121.9479261,-23.600000381469727
4G_LTE,-116,2147483647,-116,-15,-93,2147483647,24,5330,471,2147483647,2147483647,2147483647,0,2147483647,[14],[FDD],"Band Number = 14, Uplink = 788.0 - 798.0 MHz, Downlink = 788.0 - 798.0 MHz ",Unavailable,Unavailable,0,1723951291379,53.090655448,2024-08-17 23:21:31.379000,-121.9479261,37.3931697,-23.600000381469727,37.3931697,-121.9479261,-23.600000381469727
4G_LTE,-104,2147483647,-104,-8,-87,2147483647,36,5035,87,2147483647,2147483647,2147483647,2,2147483647,[12],[FDD],"Band Number = 12, Uplink = 698.0 - 716.0 MHz, Downlink = 699.0 - 716.0 MHz ",Unavailable,Unavailable,0,1723951291379,53.090655448,2024-08-17 23:21:31.379000,-121.9479261,37.3931697,-23.600000381469727,37.3931697,-121.9479261,-23.600000381469727
4G_LTE,-112,2147483647,-112,-13,-87,2147483647,28,5035,88,2147483647,2147483647,2147483647,1,2147483647,[12],[FDD],"Band Number = 12, Uplink = 698.0 - 716.0 MHz, Downlink = 699.0 - 716.0 MHz ",Unavailable,Unavailable,0,1723951291379,53.090655448,2024-08-17 23:21:31.379000,-121.9479261,37.3931697,-23.600000381469727,37.3931697,-121.9479261,-23.600000381469727
4G_LTE,-118,2147483647,-118,-20,-87,2147483647,22,5035,191,2147483647,2147483647,2147483647,0,2147483647,[12],[FDD],"Band Number = 12, Uplink = 698.0 - 716.0 MHz, Downlink = 699.0 - 716.0 MHz ",Unavailable,Unavailable,0,1723951291379,53.090655448,2024-08-17 23:21:31.379000,-121.9479261,37.3931697,-23.600000381469727,37.3931697,-121.9479261,-23.600000381469727
4G_LTE,-132,2147483647,-132,-19,-103,2147483647,8,9820,192,2147483647,2147483647,2147483647,0,2147483647,[30],[FDD],"Band Number = 30, Uplink = 2305.0 - 2315.0 MHz, Downlink = 2305.0 - 2315.0 MHz ",Unavailable,Unavailable,0,1723951291379,53.090655448,2024-08-17 23:21:31.379000,-121.9479261,37.3931697,-23.600000381469727,37.3931697,-121.9479261,-23.600000381469727
4G_LTE,-116,2147483647,-116,-14,-83,2147483647,24,66986,102,2147483647,169470393,35653,0,2147483647,[66],[FDD],"Band Number = 66, Uplink = 1710.0 - 1780.0 MHz, Downlink = 1710.0 - 1780.0 MHz ",310,410,1,1723951292378,54.090714198,2024-08-17 23:21:32.378000,-121.9479261,37.3931697,-23.600000381469727,37.3931697,-121.9479261,-23.600000381469727
4G_LTE,-124,2147483647,-124,-20,-93,2147483647,16,66986,497,2147483647,2147483647,2147483647,0,2147483647,[66],[FDD],"Band Number = 66, Uplink = 1710.0 - 1780.0 MHz, Downlink = 1710.0 - 1780.0 MHz ",Unavailable,Unavailable,0,1723951292378,54.090714198,2024-08-17 23:21:32.378000,-121.9479261,37.3931697,-23.600000381469727,37.3931697,-121.9479261,-23.600000381469727
4G_LTE,-116,2147483647,-116,-15,-93,2147483647,24,5330,471,2147483647,2147483647,2147483647,0,2147483647,[14],[FDD],"Band Number = 14, Uplink = 788.0 - 798.0 MHz, Downlink = 788.0 - 798.0 MHz ",Unavailable,Unavailable,0,1723951292378,54.090714198,2024-08-17 23:21:32.378000,-121.9479261,37.3931697,-23.600000381469727,37.3931697,-121.9479261,-23.600000381469727
4G_LTE,-104,2147483647,-104,-8,-87,2147483647,36,5035,87,2147483647,2147483647,2147483647,2,2147483647,[12],[FDD],"Band Number = 12, Uplink = 698.0 - 716.0 MHz, Downlink = 699.0 - 716.0 MHz ",Unavailable,Unavailable,0,1723951292378,54.090714198,2024-08-17 23:21:32.378000,-121.9479261,37.3931697,-23.600000381469727,37.3931697,-121.9479261,-23.600000381469727
4G_LTE,-112,2147483647,-112,-13,-87,2147483647,28,5035,88,2147483647,2147483647,2147483647,1,2147483647,[12],[FDD],"Band Number = 12, Uplink = 698.0 - 716.0 MHz, Downlink = 699.0 - 716.0 MHz ",Unavailable,Unavailable,0,1723951292378,54.090714198,2024-08-17 23:21:32.378000,-121.9479261,37.3931697,-23.600000381469727,37.3931697,-121.9479261,-23.600000381469727
4G_LTE,-118,2147483647,-118,-20,-87,2147483647,22,5035,191,2147483647,2147483647,2147483647,0,2147483647,[12],[FDD],"Band Number = 12, Uplink = 698.0 - 716.0 MHz, Downlink = 699.0 - 716.0 MHz ",Unavailable,Unavailable,0,1723951292378,54.090714198,2024-08-17 23:21:32.378000,-121.9479261,37.3931697,-23.600000381469727,37.3931697,-121.9479261,-23.600000381469727
4G_LTE,-132,2147483647,-132,-19,-103,2147483647,8,9820,192,2147483647,2147483647,2147483647,0,2147483647,[30],[FDD],"Band Number = 30, Uplink = 2305.0 - 2315.0 MHz, Downlink = 2305.0 - 2315.0 MHz ",Unavailable,Unavailable,0,1723951292378,54.090714198,2024-08-17 23:21:32.378000,-121.9479261,37.3931697,-23.600000381469727,37.3931697,-121.9479261,-23.600000381469727
4G_LTE,-116,2147483647,-116,-14,-83,2147483647,24,66986,102,2147483647,169470393,35653,0,2147483647,[66],[FDD],"Band Number = 66, Uplink = 1710.0 - 1780.0 MHz, Downlink = 1710.0 - 1780.0 MHz ",310,410,1,1723951293386,55.097927323,2024-08-17 23:21:33.386000,-121.9479261,37.3931697,-23.600000381469727,37.3931697,-121.9479261,-23.600000381469727
4G_LTE,-124,2147483647,-124,-20,-93,2147483647,16,66986,497,2147483647,2147483647,2147483647,0,2147483647,[66],[FDD],"Band Number = 66, Uplink = 1710.0 - 1780.0 MHz, Downlink = 1710.0 - 1780.0 MHz ",Unavailable,Unavailable,0,1723951293386,55.097927323,2024-08-17 23:21:33.386000,-121.9479261,37.3931697,-23.600000381469727,37.3931697,-121.9479261,-23.600000381469727
4G_LTE,-116,2147483647,-116,-15,-93,2147483647,24,5330,471,2147483647,2147483647,2147483647,0,2147483647,[14],[FDD],"Band Number = 14, Uplink = 788.0 - 798.0 MHz, Downlink = 788.0 - 798.0 MHz ",Unavailable,Unavailable,0,1723951293386,55.097927323,2024-08-17 23:21:33.386000,-121.9479261,37.3931697,-23.600000381469727,37.3931697,-121.9479261,-23.600000381469727
4G_LTE,-104,2147483647,-104,-8,-87,2147483647,36,5035,87,2147483647,2147483647,2147483647,2,2147483647,[12],[FDD],"Band Number = 12, Uplink = 698.0 - 716.0 MHz, Downlink = 699.0 - 716.0 MHz ",Unavailable,Unavailable,0,1723951293386,55.097927323,2024-08-17 23:21:33.386000,-121.9479261,37.3931697,-23.600000381469727,37.3931697,-121.9479261,-23.600000381469727
4G_LTE,-112,2147483647,-112,-13,-87,2147483647,28,5035,88,2147483647,2147483647,2147483647,1,2147483647,[12],[FDD],"Band Number = 12, Uplink = 698.0 - 716.0 MHz, Downlink = 699.0 - 716.0 MHz ",Unavailable,Unavailable,0,1723951293386,55.097927323,2024-08-17 23:21:33.386000,-121.9479261,37.3931697,-23.600000381469727,37.3931697,-121.9479261,-23.600000381469727
4G_LTE,-118,2147483647,-118,-20,-87,2147483647,22,5035,191,2147483647,2147483647,2147483647,0,2147483647,[12],[FDD],"Band Number = 12, Uplink = 698.0 - 716.0 MHz, Downlink = 699.0 - 716.0 MHz ",Unavailable,Unavailable,0,1723951293386,55.097927323,2024-08-17 23:21:33.386000,-121.9479261,37.3931697,-23.600000381469727,37.3931697,-121.9479261,-23.600000381469727
4G_LTE,-132,2147483647,-132,-19,-103,2147483647,8,9820,192,2147483647,2147483647,2147483647,0,2147483647,[30],[FDD],"Band Number = 30, Uplink = 2305.0 - 2315.0 MHz, Downlink = 2305.0 - 2315.0 MHz ",Unavailable,Unavailable,0,1723951293386,55.097927323,2024-08-17 23:21:33.386000,-121.9479261,37.3931697,-23.600000381469727,37.3931697,-121.9479261,-23.600000381469727
4G_LTE,-116,2147483647,-116,-14,-83,2147483647,24,66986,102,2147483647,169470393,35653,0,2147483647,[66],[FDD],"Band Number = 66, Uplink = 1710.0 - 1780.0 MHz, Downlink = 1710.0 - 1780.0 MHz ",310,410,1,1723951294393,56.102611853,2024-08-17 23:21:34.393000,-121.9479261,37.3931697,-23.600000381469727,37.3931697,-121.9479261,-23.600000381469727
4G_LTE,-124,2147483647,-124,-20,-93,2147483647,16,66986,497,2147483647,2147483647,2147483647,0,2147483647,[66],[FDD],"Band Number = 66, Uplink = 1710.0 - 1780.0 MHz, Downlink = 1710.0 - 1780.0 MHz ",Unavailable,Unavailable,0,1723951294393,56.102611853,2024-08-17 23:21:34.393000,-121.9479261,37.3931697,-23.600000381469727,37.3931697,-121.9479261,-23.600000381469727
4G_LTE,-116,2147483647,-116,-15,-93,2147483647,24,5330,471,2147483647,2147483647,2147483647,0,2147483647,[14],[FDD],"Band Number = 14, Uplink = 788.0 - 798.0 MHz, Downlink = 788.0 - 798.0 MHz ",Unavailable,Unavailable,0,1723951294393,56.102611853,2024-08-17 23:21:34.393000,-121.9479261,37.3931697,-23.600000381469727,37.3931697,-121.9479261,-23.600000381469727
4G_LTE,-104,2147483647,-104,-8,-87,2147483647,36,5035,87,2147483647,2147483647,2147483647,2,2147483647,[12],[FDD],"Band Number = 12, Uplink = 698.0 - 716.0 MHz, Downlink = 699.0 - 716.0 MHz ",Unavailable,Unavailable,0,1723951294393,56.102611853,2024-08-17 23:21:34.393000,-121.9479261,37.3931697,-23.600000381469727,37.3931697,-121.9479261,-23.600000381469727
4G_LTE,-112,2147483647,-112,-13,-87,2147483647,28,5035,88,2147483647,2147483647,2147483647,1,2147483647,[12],[FDD],"Band Number = 12, Uplink = 698.0 - 716.0 MHz, Downlink = 699.0 - 716.0 MHz ",Unavailable,Unavailable,0,1723951294393,56.102611853,2024-08-17 23:21:34.393000,-121.9479261,37.3931697,-23.600000381469727,37.3931697,-121.9479261,-23.600000381469727
4G_LTE,-118,2147483647,-118,-20,-87,2147483647,22,5035,191,2147483647,2147483647,2147483647,0,2147483647,[12],[FDD],"Band Number = 12, Uplink = 698.0 - 716.0 MHz, Downlink = 699.0 - 716.0 MHz ",Unavailable,Unavailable,0,1723951294393,56.102611853,2024-08-17 23:21:34.393000,-121.9479261,37.3931697,-23.600000381469727,37.3931697,-121.9479261,-23.600000381469727
4G_LTE,-132,2147483647,-132,-19,-103,2147483647,8,9820,192,2147483647,2147483647,2147483647,0,2147483647,[30],[FDD],"Band Number = 30, Uplink = 2305.0 - 2315.0 MHz, Downlink = 2305.0 - 2315.0 MHz ",Unavailable,Unavailable,0,1723951294393,56.102611853,2024-08-17 23:21:34.393000,-121.9479261,37.3931697,-23.600000381469727,37.3931697,-121.9479261,-23.600000381469727
4G_LTE,-116,2147483647,-116,-14,-83,2147483647,24,66986,102,2147483647,169470393,35653,0,2147483647,[66],[FDD],"Band Number = 66, Uplink = 1710.0 - 1780.0 MHz, Downlink = 1710.0 - 1780.0 MHz ",310,410,1,1723951295390,57.102748155,2024-08-17 23:21:35.390000,-121.9479261,37.3931697,-23.600000381469727,37.3931697,-121.9479261,-23.600000381469727
4G_LTE,-124,2147483647,-124,-20,-93,2147483647,16,66986,497,2147483647,2147483647,2147483647,0,2147483647,[66],[FDD],"Band Number = 66, Uplink = 1710.0 - 1780.0 MHz, Downlink = 1710.0 - 1780.0 MHz ",Unavailable,Unavailable,0,1723951295390,57.102748155,2024-08-17 23:21:35.390000,-121.9479261,37.3931697,-23.600000381469727,37.3931697,-121.9479261,-23.600000381469727
4G_LTE,-116,2147483647,-116,-15,-93,2147483647,24,5330,471,2147483647,2147483647,2147483647,0,2147483647,[14],[FDD],"Band Number = 14, Uplink = 788.0 - 798.0 MHz, Downlink = 788.0 - 798.0 MHz ",Unavailable,Unavailable,0,1723951295390,57.102748155,2024-08-17 23:21:35.390000,-121.9479261,37.3931697,-23.600000381469727,37.3931697,-121.9479261,-23.600000381469727
4G_LTE,-104,2147483647,-104,-8,-87,2147483647,36,5035,87,2147483647,2147483647,2147483647,2,2147483647,[12],[FDD],"Band Number = 12, Uplink = 698.0 - 716.0 MHz, Downlink = 699.0 - 716.0 MHz ",Unavailable,Unavailable,0,1723951295390,57.102748155,2024-08-17 23:21:35.390000,-121.9479261,37.3931697,-23.600000381469727,37.3931697,-121.9479261,-23.600000381469727
4G_LTE,-112,2147483647,-112,-13,-87,2147483647,28,5035,88,2147483647,2147483647,2147483647,1,2147483647,[12],[FDD],"Band Number = 12, Uplink = 698.0 - 716.0 MHz, Downlink = 699.0 - 716.0 MHz ",Unavailable,Unavailable,0,1723951295390,57.102748155,2024-08-17 23:21:35.390000,-121.9479261,37.3931697,-23.600000381469727,37.3931697,-121.9479261,-23.600000381469727
4G_LTE,-118,2147483647,-118,-20,-87,2147483647,22,5035,191,2147483647,2147483647,2147483647,0,2147483647,[12],[FDD],"Band Number = 12, Uplink = 698.0 - 716.0 MHz, Downlink = 699.0 - 716.0 MHz ",Unavailable,Unavailable,0,1723951295390,57.102748155,2024-08-17 23:21:35.390000,-121.9479261,37.3931697,-23.600000381469727,37.3931697,-121.9479261,-23.600000381469727
4G_LTE,-132,2147483647,-132,-19,-103,2147483647,8,9820,192,2147483647,2147483647,2147483647,0,2147483647,[30],[FDD],"Band Number = 30, Uplink = 2305.0 - 2315.0 MHz, Downlink = 2305.0 - 2315.0 MHz ",Unavailable,Unavailable,0,1723951295390,57.102748155,2024-08-17 23:21:35.390000,-121.9479261,37.3931697,-23.600000381469727,37.3931697,-121.9479261,-23.600000381469727
4G_LTE,-116,2147483647,-116,-10,-87,2147483647,24,66986,102,2147483647,169470393,35653,0,2147483647,[66],[FDD],"Band Number = 66, Uplink = 1710.0 - 1780.0 MHz, Downlink = 1710.0 - 1780.0 MHz ",310,410,1,1723951296396,58.107411124,2024-08-17 23:21:36.396000,-121.9479261,37.3931697,-23.600000381469727,37.3931697,-121.9479261,-23.600000381469727
4G_LTE,-116,2147483647,-116,-15,-93,2147483647,24,5330,471,2147483647,2147483647,2147483647,0,2147483647,[14],[FDD],"Band Number = 14, Uplink = 788.0 - 798.0 MHz, Downlink = 788.0 - 798.0 MHz ",Unavailable,Unavailable,0,1723951296396,58.107411124,2024-08-17 23:21:36.396000,-121.9479261,37.3931697,-23.600000381469727,37.3931697,-121.9479261,-23.600000381469727
4G_LTE,-104,2147483647,-104,-8,-87,2147483647,36,5035,87,2147483647,2147483647,2147483647,2,2147483647,[12],[FDD],"Band Number = 12, Uplink = 698.0 - 716.0 MHz, Downlink = 699.0 - 716.0 MHz ",Unavailable,Unavailable,0,1723951296396,58.107411124,2024-08-17 23:21:36.396000,-121.9479261,37.3931697,-23.600000381469727,37.3931697,-121.9479261,-23.600000381469727
4G_LTE,-112,2147483647,-112,-13,-87,2147483647,28,5035,88,2147483647,2147483647,2147483647,1,2147483647,[12],[FDD],"Band Number = 12, Uplink = 698.0 - 716.0 MHz, Downlink = 699.0 - 716.0 MHz ",Unavailable,Unavailable,0,1723951296396,58.107411124,2024-08-17 23:21:36.396000,-121.9479261,37.3931697,-23.600000381469727,37.3931697,-121.9479261,-23.600000381469727
4G_LTE,-118,2147483647,-118,-20,-87,2147483647,22,5035,191,2147483647,2147483647,2147483647,0,2147483647,[12],[FDD],"Band Number = 12, Uplink = 698.0 - 716.0 MHz, Downlink = 699.0 - 716.0 MHz ",Unavailable,Unavailable,0,1723951296396,58.107411124,2024-08-17 23:21:36.396000,-121.9479261,37.3931697,-23.600000381469727,37.3931697,-121.9479261,-23.600000381469727
4G_LTE,-132,2147483647,-132,-19,-103,2147483647,8,9820,192,2147483647,2147483647,2147483647,0,2147483647,[30],[FDD],"Band Number = 30, Uplink = 2305.0 - 2315.0 MHz, Downlink = 2305.0 - 2315.0 MHz ",Unavailable,Unavailable,0,1723951296396,58.107411124,2024-08-17 23:21:36.396000,-121.9479261,37.3931697,-23.600000381469727,37.3931697,-121.9479261,-23.600000381469727
4G_LTE,-116,2147483647,-116,-10,-87,2147483647,24,66986,102,2147483647,169470393,35653,0,2147483647,[66],[FDD],"Band Number = 66, Uplink = 1710.0 - 1780.0 MHz, Downlink = 1710.0 - 1780.0 MHz ",310,410,1,1723951297396,59.103095394,2024-08-17 23:21:37.396000,-121.9479261,37.3931697,-23.600000381469727,37.3931697,-121.9479261,-23.600000381469727
4G_LTE,-116,2147483647,-116,-15,-93,2147483647,24,5330,471,2147483647,2147483647,2147483647,0,2147483647,[14],[FDD],"Band Number = 14, Uplink = 788.0 - 798.0 MHz, Downlink = 788.0 - 798.0 MHz ",Unavailable,Unavailable,0,1723951297396,59.103095394,2024-08-17 23:21:37.396000,-121.9479261,37.3931697,-23.600000381469727,37.3931697,-121.9479261,-23.600000381469727
4G_LTE,-104,2147483647,-104,-8,-87,2147483647,36,5035,87,2147483647,2147483647,2147483647,2,2147483647,[12],[FDD],"Band Number = 12, Uplink = 698.0 - 716.0 MHz, Downlink = 699.0 - 716.0 MHz ",Unavailable,Unavailable,0,1723951297396,59.103095394,2024-08-17 23:21:37.396000,-121.9479261,37.3931697,-23.600000381469727,37.3931697,-121.9479261,-23.600000381469727
4G_LTE,-112,2147483647,-112,-13,-87,2147483647,28,5035,88,2147483647,2147483647,2147483647,1,2147483647,[12],[FDD],"Band Number = 12, Uplink = 698.0 - 716.0 MHz, Downlink = 699.0 - 716.0 MHz ",Unavailable,Unavailable,0,1723951297396,59.103095394,2024-08-17 23:21:37.396000,-121.9479261,37.3931697,-23.600000381469727,37.3931697,-121.9479261,-23.600000381469727
4G_LTE,-118,2147483647,-118,-20,-87,2147483647,22,5035,191,2147483647,2147483647,2147483647,0,2147483647,[12],[FDD],"Band Number = 12, Uplink = 698.0 - 716.0 MHz, Downlink = 699.0 - 716.0 MHz ",Unavailable,Unavailable,0,1723951297396,59.103095394,2024-08-17 23:21:37.396000,-121.9479261,37.3931697,-23.600000381469727,37.3931697,-121.9479261,-23.600000381469727
4G_LTE,-132,2147483647,-132,-19,-103,2147483647,8,9820,192,2147483647,2147483647,2147483647,0,2147483647,[30],[FDD],"Band Number = 30, Uplink = 2305.0 - 2315.0 MHz, Downlink = 2305.0 - 2315.0 MHz ",Unavailable,Unavailable,0,1723951297396,59.103095394,2024-08-17 23:21:37.396000,-121.9479261,37.3931697,-23.600000381469727,37.3931697,-121.9479261,-23.600000381469727
4G_LTE,-116,2147483647,-116,-10,-87,2147483647,24,66986,102,2147483647,169470393,35653,0,2147483647,[66],[FDD],"Band Number = 66, Uplink = 1710.0 - 1780.0 MHz, Downlink = 1710.0 - 1780.0 MHz ",310,410,1,1723951298394,60.105154144,2024-08-17 23:21:38.394000,-121.9479261,37.3931697,-23.600000381469727,37.3931697,-121.9479261,-23.600000381469727
4G_LTE,-116,2147483647,-116,-15,-93,2147483647,24,5330,471,2147483647,2147483647,2147483647,0,2147483647,[14],[FDD],"Band Number = 14, Uplink = 788.0 - 798.0 MHz, Downlink = 788.0 - 798.0 MHz ",Unavailable,Unavailable,0,1723951298394,60.105154144,2024-08-17 23:21:38.394000,-121.9479261,37.3931697,-23.600000381469727,37.3931697,-121.9479261,-23.600000381469727
4G_LTE,-104,2147483647,-104,-8,-87,2147483647,36,5035,87,2147483647,2147483647,2147483647,2,2147483647,[12],[FDD],"Band Number = 12, Uplink = 698.0 - 716.0 MHz, Downlink = 699.0 - 716.0 MHz ",Unavailable,Unavailable,0,1723951298394,60.105154144,2024-08-17 23:21:38.394000,-121.9479261,37.3931697,-23.600000381469727,37.3931697,-121.9479261,-23.600000381469727
4G_LTE,-112,2147483647,-112,-13,-87,2147483647,28,5035,88,2147483647,2147483647,2147483647,1,2147483647,[12],[FDD],"Band Number = 12, Uplink = 698.0 - 716.0 MHz, Downlink = 699.0 - 716.0 MHz ",Unavailable,Unavailable,0,1723951298394,60.105154144,2024-08-17 23:21:38.394000,-121.9479261,37.3931697,-23.600000381469727,37.3931697,-121.9479261,-23.600000381469727
4G_LTE,-118,2147483647,-118,-20,-87,2147483647,22,5035,191,2147483647,2147483647,2147483647,0,2147483647,[12],[FDD],"Band Number = 12, Uplink = 698.0 - 716.0 MHz, Downlink = 699.0 - 716.0 MHz ",Unavailable,Unavailable,0,1723951298394,60.105154144,2024-08-17 23:21:38.394000,-121.9479261,37.3931697,-23.600000381469727,37.3931697,-121.9479261,-23.600000381469727
4G_LTE,-132,2147483647,-132,-19,-103,2147483647,8,9820,192,2147483647,2147483647,2147483647,0,2147483647,[30],[FDD],"Band Number = 30, Uplink = 2305.0 - 2315.0 MHz, Downlink = 2305.0 - 2315.0 MHz ",Unavailable,Unavailable,0,1723951298394,60.105154144,2024-08-17 23:21:38.394000,-121.9479261,37.3931697,-23.600000381469727,37.3931697,-121.9479261,-23.600000381469727
4G_LTE,-116,2147483647,-116,-10,-87,2147483647,24,66986,102,2147483647,169470393,35653,0,2147483647,[66],[FDD],"Band Number = 66, Uplink = 1710.0 - 1780.0 MHz, Downlink = 1710.0 - 1780.0 MHz ",310,410,1,1723951299403,61.112847945,2024-08-17 23:21:39.403000,-121.9479261,37.3931697,-23.600000381469727,37.3931697,-121.9479261,-23.600000381469727
4G_LTE,-116,2147483647,-116,-15,-93,2147483647,24,5330,471,2147483647,2147483647,2147483647,0,2147483647,[14],[FDD],"Band Number = 14, Uplink = 788.0 - 798.0 MHz, Downlink = 788.0 - 798.0 MHz ",Unavailable,Unavailable,0,1723951299403,61.112847945,2024-08-17 23:21:39.403000,-121.9479261,37.3931697,-23.600000381469727,37.3931697,-121.9479261,-23.600000381469727
4G_LTE,-104,2147483647,-104,-8,-87,2147483647,36,5035,87,2147483647,2147483647,2147483647,2,2147483647,[12],[FDD],"Band Number = 12, Uplink = 698.0 - 716.0 MHz, Downlink = 699.0 - 716.0 MHz ",Unavailable,Unavailable,0,1723951299403,61.112847945,2024-08-17 23:21:39.403000,-121.9479261,37.3931697,-23.600000381469727,37.3931697,-121.9479261,-23.600000381469727
4G_LTE,-112,2147483647,-112,-13,-87,2147483647,28,5035,88,2147483647,2147483647,2147483647,1,2147483647,[12],[FDD],"Band Number = 12, Uplink = 698.0 - 716.0 MHz, Downlink = 699.0 - 716.0 MHz ",Unavailable,Unavailable,0,1723951299403,61.112847945,2024-08-17 23:21:39.403000,-121.9479261,37.3931697,-23.600000381469727,37.3931697,-121.9479261,-23.600000381469727
4G_LTE,-118,2147483647,-118,-20,-87,2147483647,22,5035,191,2147483647,2147483647,2147483647,0,2147483647,[12],[FDD],"Band Number = 12, Uplink = 698.0 - 716.0 MHz, Downlink = 699.0 - 716.0 MHz ",Unavailable,Unavailable,0,1723951299403,61.112847945,2024-08-17 23:21:39.403000,-121.9479261,37.3931697,-23.600000381469727,37.3931697,-121.9479261,-23.600000381469727
4G_LTE,-132,2147483647,-132,-19,-103,2147483647,8,9820,192,2147483647,2147483647,2147483647,0,2147483647,[30],[FDD],"Band Number = 30, Uplink = 2305.0 - 2315.0 MHz, Downlink = 2305.0 - 2315.0 MHz ",Unavailable,Unavailable,0,1723951299403,61.112847945,2024-08-17 23:21:39.403000,-121.9479261,37.3931697,-23.600000381469727,37.3931697,-121.9479261,-23.600000381469727
4G_LTE,-116,2147483647,-116,-10,-87,2147483647,24,66986,102,2147483647,169470393,35653,0,2147483647,[66],[FDD],"Band Number = 66, Uplink = 1710.0 - 1780.0 MHz, Downlink = 1710.0 - 1780.0 MHz ",310,410,1,1723951300404,62.115748153,2024-08-17 23:21:40.404000,-121.9479261,37.3931697,-23.600000381469727,37.3931697,-121.9479261,-23.600000381469727
4G_LTE,-116,2147483647,-116,-15,-93,2147483647,24,5330,471,2147483647,2147483647,2147483647,0,2147483647,[14],[FDD],"Band Number = 14, Uplink = 788.0 - 798.0 MHz, Downlink = 788.0 - 798.0 MHz ",Unavailable,Unavailable,0,1723951300404,62.115748153,2024-08-17 23:21:40.404000,-121.9479261,37.3931697,-23.600000381469727,37.3931697,-121.9479261,-23.600000381469727
4G_LTE,-104,2147483647,-104,-8,-87,2147483647,36,5035,87,2147483647,2147483647,2147483647,2,2147483647,[12],[FDD],"Band Number = 12, Uplink = 698.0 - 716.0 MHz, Downlink = 699.0 - 716.0 MHz ",Unavailable,Unavailable,0,1723951300404,62.115748153,2024-08-17 23:21:40.404000,-121.9479261,37.3931697,-23.600000381469727,37.3931697,-121.9479261,-23.600000381469727
4G_LTE,-112,2147483647,-112,-13,-87,2147483647,28,5035,88,2147483647,2147483647,2147483647,1,2147483647,[12],[FDD],"Band Number = 12, Uplink = 698.0 - 716.0 MHz, Downlink = 699.0 - 716.0 MHz ",Unavailable,Unavailable,0,1723951300404,62.115748153,2024-08-17 23:21:40.404000,-121.9479261,37.3931697,-23.600000381469727,37.3931697,-121.9479261,-23.600000381469727
4G_LTE,-118,2147483647,-118,-20,-87,2147483647,22,5035,191,2147483647,2147483647,2147483647,0,2147483647,[12],[FDD],"Band Number = 12, Uplink = 698.0 - 716.0 MHz, Downlink = 699.0 - 716.0 MHz ",Unavailable,Unavailable,0,1723951300404,62.115748153,2024-08-17 23:21:40.404000,-121.9479261,37.3931697,-23.600000381469727,37.3931697,-121.9479261,-23.600000381469727
4G_LTE,-132,2147483647,-132,-19,-103,2147483647,8,9820,192,2147483647,2147483647,2147483647,0,2147483647,[30],[FDD],"Band Number = 30, Uplink = 2305.0 - 2315.0 MHz, Downlink = 2305.0 - 2315.0 MHz ",Unavailable,Unavailable,0,1723951300404,62.115748153,2024-08-17 23:21:40.404000,-121.9479261,37.3931697,-23.600000381469727,37.3931697,-121.9479261,-23.600000381469727
4G_LTE,-116,2147483647,-116,-10,-87,2147483647,24,66986,102,2147483647,169470393,35653,0,2147483647,[66],[FDD],"Band Number = 66, Uplink = 1710.0 - 1780.0 MHz, Downlink = 1710.0 - 1780.0 MHz ",310,410,1,1723951301410,63.121823986,2024-08-17 23:21:41.410000,-121.9479261,37.3931697,-23.600000381469727,37.3931697,-121.9479261,-23.600000381469727
4G_LTE,-116,2147483647,-116,-15,-93,2147483647,24,5330,471,2147483647,2147483647,2147483647,0,2147483647,[14],[FDD],"Band Number = 14, Uplink = 788.0 - 798.0 MHz, Downlink = 788.0 - 798.0 MHz ",Unavailable,Unavailable,0,1723951301410,63.121823986,2024-08-17 23:21:41.410000,-121.9479261,37.3931697,-23.600000381469727,37.3931697,-121.9479261,-23.600000381469727
4G_LTE,-104,2147483647,-104,-8,-87,2147483647,36,5035,87,2147483647,2147483647,2147483647,2,2147483647,[12],[FDD],"Band Number = 12, Uplink = 698.0 - 716.0 MHz, Downlink = 699.0 - 716.0 MHz ",Unavailable,Unavailable,0,1723951301410,63.121823986,2024-08-17 23:21:41.410000,-121.9479261,37.3931697,-23.600000381469727,37.3931697,-121.9479261,-23.600000381469727
4G_LTE,-112,2147483647,-112,-13,-87,2147483647,28,5035,88,2147483647,2147483647,2147483647,1,2147483647,[12],[FDD],"Band Number = 12, Uplink = 698.0 - 716.0 MHz, Downlink = 699.0 - 716.0 MHz ",Unavailable,Unavailable,0,1723951301410,63.121823986,2024-08-17 23:21:41.410000,-121.9479261,37.3931697,-23.600000381469727,37.3931697,-121.9479261,-23.600000381469727
4G_LTE,-118,2147483647,-118,-20,-87,2147483647,22,5035,191,2147483647,2147483647,2147483647,0,2147483647,[12],[FDD],"Band Number = 12, Uplink = 698.0 - 716.0 MHz, Downlink = 699.0 - 716.0 MHz ",Unavailable,Unavailable,0,1723951301410,63.121823986,2024-08-17 23:21:41.410000,-121.9479261,37.3931697,-23.600000381469727,37.3931697,-121.9479261,-23.600000381469727
4G_LTE,-132,2147483647,-132,-19,-103,2147483647,8,9820,192,2147483647,2147483647,2147483647,0,2147483647,[30],[FDD],"Band Number = 30, Uplink = 2305.0 - 2315.0 MHz, Downlink = 2305.0 - 2315.0 MHz ",Unavailable,Unavailable,0,1723951301410,63.121823986,2024-08-17 23:21:41.410000,-121.9479261,37.3931697,-23.600000381469727,37.3931697,-121.9479261,-23.600000381469727
4G_LTE,-116,2147483647,-116,-10,-87,2147483647,24,66986,102,2147483647,169470393,35653,0,2147483647,[66],[FDD],"Band Number = 66, Uplink = 1710.0 - 1780.0 MHz, Downlink = 1710.0 - 1780.0 MHz ",310,410,1,1723951302410,64.118257371,2024-08-17 23:21:42.410000,-121.9479261,37.3931697,-23.600000381469727,37.3931697,-121.9479261,-23.600000381469727
4G_LTE,-116,2147483647,-116,-15,-93,2147483647,24,5330,471,2147483647,2147483647,2147483647,0,2147483647,[14],[FDD],"Band Number = 14, Uplink = 788.0 - 798.0 MHz, Downlink = 788.0 - 798.0 MHz ",Unavailable,Unavailable,0,1723951302410,64.118257371,2024-08-17 23:21:42.410000,-121.9479261,37.3931697,-23.600000381469727,37.3931697,-121.9479261,-23.600000381469727
4G_LTE,-104,2147483647,-104,-8,-87,2147483647,36,5035,87,2147483647,2147483647,2147483647,2,2147483647,[12],[FDD],"Band Number = 12, Uplink = 698.0 - 716.0 MHz, Downlink = 699.0 - 716.0 MHz ",Unavailable,Unavailable,0,1723951302410,64.118257371,2024-08-17 23:21:42.410000,-121.9479261,37.3931697,-23.600000381469727,37.3931697,-121.9479261,-23.600000381469727
4G_LTE,-112,2147483647,-112,-13,-87,2147483647,28,5035,88,2147483647,2147483647,2147483647,1,2147483647,[12],[FDD],"Band Number = 12, Uplink = 698.0 - 716.0 MHz, Downlink = 699.0 - 716.0 MHz ",Unavailable,Unavailable,0,1723951302410,64.118257371,2024-08-17 23:21:42.410000,-121.9479261,37.3931697,-23.600000381469727,37.3931697,-121.9479261,-23.600000381469727
4G_LTE,-118,2147483647,-118,-20,-87,2147483647,22,5035,191,2147483647,2147483647,2147483647,0,2147483647,[12],[FDD],"Band Number = 12, Uplink = 698.0 - 716.0 MHz, Downlink = 699.0 - 716.0 MHz ",Unavailable,Unavailable,0,1723951302410,64.118257371,2024-08-17 23:21:42.410000,-121.9479261,37.3931697,-23.600000381469727,37.3931697,-121.9479261,-23.600000381469727
4G_LTE,-132,2147483647,-132,-19,-103,2147483647,8,9820,192,2147483647,2147483647,2147483647,0,2147483647,[30],[FDD],"Band Number = 30, Uplink = 2305.0 - 2315.0 MHz, Downlink = 2305.0 - 2315.0 MHz ",Unavailable,Unavailable,0,1723951302410,64.118257371,2024-08-17 23:21:42.410000,-121.9479261,37.3931697,-23.600000381469727,37.3931697,-121.9479261,-23.600000381469727
4G_LTE,-116,2147483647,-116,-10,-87,2147483647,24,66986,102,2147483647,169470393,35653,0,2147483647,[66],[FDD],"Band Number = 66, Uplink = 1710.0 - 1780.0 MHz, Downlink = 1710.0 - 1780.0 MHz ",310,410,1,1723951303411,65.119086538,2024-08-17 23:21:43.411000,-121.9479261,37.3931697,-23.600000381469727,37.3931697,-121.9479261,-23.600000381469727
4G_LTE,-116,2147483647,-116,-15,-93,2147483647,24,5330,471,2147483647,2147483647,2147483647,0,2147483647,[14],[FDD],"Band Number = 14, Uplink = 788.0 - 798.0 MHz, Downlink = 788.0 - 798.0 MHz ",Unavailable,Unavailable,0,1723951303411,65.119086538,2024-08-17 23:21:43.411000,-121.9479261,37.3931697,-23.600000381469727,37.3931697,-121.9479261,-23.600000381469727
4G_LTE,-104,2147483647,-104,-8,-87,2147483647,36,5035,87,2147483647,2147483647,2147483647,2,2147483647,[12],[FDD],"Band Number = 12, Uplink = 698.0 - 716.0 MHz, Downlink = 699.0 - 716.0 MHz ",Unavailable,Unavailable,0,1723951303411,65.119086538,2024-08-17 23:21:43.411000,-121.9479261,37.3931697,-23.600000381469727,37.3931697,-121.9479261,-23.600000381469727
4G_LTE,-112,2147483647,-112,-13,-87,2147483647,28,5035,88,2147483647,2147483647,2147483647,1,2147483647,[12],[FDD],"Band Number = 12, Uplink = 698.0 - 716.0 MHz, Downlink = 699.0 - 716.0 MHz ",Unavailable,Unavailable,0,1723951303411,65.119086538,2024-08-17 23:21:43.411000,-121.9479261,37.3931697,-23.600000381469727,37.3931697,-121.9479261,-23.600000381469727
4G_LTE,-118,2147483647,-118,-20,-87,2147483647,22,5035,191,2147483647,2147483647,2147483647,0,2147483647,[12],[FDD],"Band Number = 12, Uplink = 698.0 - 716.0 MHz, Downlink = 699.0 - 716.0 MHz ",Unavailable,Unavailable,0,1723951303411,65.119086538,2024-08-17 23:21:43.411000,-121.9479261,37.3931697,-23.600000381469727,37.3931697,-121.9479261,-23.600000381469727
4G_LTE,-132,2147483647,-132,-19,-103,2147483647,8,9820,192,2147483647,2147483647,2147483647,0,2147483647,[30],[FDD],"Band Number = 30, Uplink = 2305.0 - 2315.0 MHz, Downlink = 2305.0 - 2315.0 MHz ",Unavailable,Unavailable,0,1723951303411,65.119086538,2024-08-17 23:21:43.411000,-121.9479261,37.3931697,-23.600000381469727,37.3931697,-121.9479261,-23.600000381469727
4G_LTE,-116,2147483647,-116,-10,-87,2147483647,24,66986,102,2147483647,169470393,35653,0,2147483647,[66],[FDD],"Band Number = 66, Uplink = 1710.0 - 1780.0 MHz, Downlink = 1710.0 - 1780.0 MHz ",310,410,1,1723951304412,66.123032943,2024-08-17 23:21:44.412000,-121.9479261,37.3931697,-23.600000381469727,37.3931697,-121.9479261,-23.600000381469727
4G_LTE,-116,2147483647,-116,-15,-93,2147483647,24,5330,471,2147483647,2147483647,2147483647,0,2147483647,[14],[FDD],"Band Number = 14, Uplink = 788.0 - 798.0 MHz, Downlink = 788.0 - 798.0 MHz ",Unavailable,Unavailable,0,1723951304412,66.123032943,2024-08-17 23:21:44.412000,-121.9479261,37.3931697,-23.600000381469727,37.3931697,-121.9479261,-23.600000381469727
4G_LTE,-104,2147483647,-104,-8,-87,2147483647,36,5035,87,2147483647,2147483647,2147483647,2,2147483647,[12],[FDD],"Band Number = 12, Uplink = 698.0 - 716.0 MHz, Downlink = 699.0 - 716.0 MHz ",Unavailable,Unavailable,0,1723951304412,66.123032943,2024-08-17 23:21:44.412000,-121.9479261,37.3931697,-23.600000381469727,37.3931697,-121.9479261,-23.600000381469727
4G_LTE,-112,2147483647,-112,-13,-87,2147483647,28,5035,88,2147483647,2147483647,2147483647,1,2147483647,[12],[FDD],"Band Number = 12, Uplink = 698.0 - 716.0 MHz, Downlink = 699.0 - 716.0 MHz ",Unavailable,Unavailable,0,1723951304412,66.123032943,2024-08-17 23:21:44.412000,-121.9479261,37.3931697,-23.600000381469727,37.3931697,-121.9479261,-23.600000381469727
4G_LTE,-118,2147483647,-118,-20,-87,2147483647,22,5035,191,2147483647,2147483647,2147483647,0,2147483647,[12],[FDD],"Band Number = 12, Uplink = 698.0 - 716.0 MHz, Downlink = 699.0 - 716.0 MHz ",Unavailable,Unavailable,0,1723951304412,66.123032943,2024-08-17 23:21:44.412000,-121.9479261,37.3931697,-23.600000381469727,37.3931697,-121.9479261,-23.600000381469727
4G_LTE,-132,2147483647,-132,-19,-103,2147483647,8,9820,192,2147483647,2147483647,2147483647,0,2147483647,[30],[FDD],"Band Number = 30, Uplink = 2305.0 - 2315.0 MHz, Downlink = 2305.0 - 2315.0 MHz ",Unavailable,Unavailable,0,1723951304412,66.123032943,2024-08-17 23:21:44.412000,-121.9479261,37.3931697,-23.600000381469727,37.3931697,-121.9479261,-23.600000381469727
4G_LTE,-116,2147483647,-116,-10,-87,2147483647,24,66986,102,2147483647,169470393,35653,0,2147483647,[66],[FDD],"Band Number = 66, Uplink = 1710.0 - 1780.0 MHz, Downlink = 1710.0 - 1780.0 MHz ",310,410,1,1723951305412,67.123062787,2024-08-17 23:21:45.412000,-121.9479261,37.3931697,-23.600000381469727,37.3931697,-121.9479261,-23.600000381469727
4G_LTE,-116,2147483647,-116,-15,-93,2147483647,24,5330,471,2147483647,2147483647,2147483647,0,2147483647,[14],[FDD],"Band Number = 14, Uplink = 788.0 - 798.0 MHz, Downlink = 788.0 - 798.0 MHz ",Unavailable,Unavailable,0,1723951305412,67.123062787,2024-08-17 23:21:45.412000,-121.9479261,37.3931697,-23.600000381469727,37.3931697,-121.9479261,-23.600000381469727
4G_LTE,-104,2147483647,-104,-8,-87,2147483647,36,5035,87,2147483647,2147483647,2147483647,2,2147483647,[12],[FDD],"Band Number = 12, Uplink = 698.0 - 716.0 MHz, Downlink = 699.0 - 716.0 MHz ",Unavailable,Unavailable,0,1723951305412,67.123062787,2024-08-17 23:21:45.412000,-121.9479261,37.3931697,-23.600000381469727,37.3931697,-121.9479261,-23.600000381469727
4G_LTE,-112,2147483647,-112,-13,-87,2147483647,28,5035,88,2147483647,2147483647,2147483647,1,2147483647,[12],[FDD],"Band Number = 12, Uplink = 698.0 - 716.0 MHz, Downlink = 699.0 - 716.0 MHz ",Unavailable,Unavailable,0,1723951305412,67.123062787,2024-08-17 23:21:45.412000,-121.9479261,37.3931697,-23.600000381469727,37.3931697,-121.9479261,-23.600000381469727
4G_LTE,-118,2147483647,-118,-20,-87,2147483647,22,5035,191,2147483647,2147483647,2147483647,0,2147483647,[12],[FDD],"Band Number = 12, Uplink = 698.0 - 716.0 MHz, Downlink = 699.0 - 716.0 MHz ",Unavailable,Unavailable,0,1723951305412,67.123062787,2024-08-17 23:21:45.412000,-121.9479261,37.3931697,-23.600000381469727,37.3931697,-121.9479261,-23.600000381469727
4G_LTE,-132,2147483647,-132,-19,-103,2147483647,8,9820,192,2147483647,2147483647,2147483647,0,2147483647,[30],[FDD],"Band Number = 30, Uplink = 2305.0 - 2315.0 MHz, Downlink = 2305.0 - 2315.0 MHz ",Unavailable,Unavailable,0,1723951305412,67.123062787,2024-08-17 23:21:45.412000,-121.9479261,37.3931697,-23.600000381469727,37.3931697,-121.9479261,-23.600000381469727
4G_LTE,-115,2147483647,-115,-12,-85,2147483647,25,66986,102,2147483647,169470393,35653,1,2147483647,[66],[FDD],"Band Number = 66, Uplink = 1710.0 - 1780.0 MHz, Downlink = 1710.0 - 1780.0 MHz ",310,410,1,1723951306414,68.126211901,2024-08-17 23:21:46.414000,-121.9479261,37.3931697,-23.600000381469727,37.3931697,-121.9479261,-23.600000381469727
4G_LTE,-116,2147483647,-116,-15,-93,2147483647,24,5330,471,2147483647,2147483647,2147483647,0,2147483647,[14],[FDD],"Band Number = 14, Uplink = 788.0 - 798.0 MHz, Downlink = 788.0 - 798.0 MHz ",Unavailable,Unavailable,0,1723951306414,68.126211901,2024-08-17 23:21:46.414000,-121.9479261,37.3931697,-23.600000381469727,37.3931697,-121.9479261,-23.600000381469727
4G_LTE,-104,2147483647,-104,-8,-87,2147483647,36,5035,87,2147483647,2147483647,2147483647,2,2147483647,[12],[FDD],"Band Number = 12, Uplink = 698.0 - 716.0 MHz, Downlink = 699.0 - 716.0 MHz ",Unavailable,Unavailable,0,1723951306414,68.126211901,2024-08-17 23:21:46.414000,-121.9479261,37.3931697,-23.600000381469727,37.3931697,-121.9479261,-23.600000381469727
4G_LTE,-112,2147483647,-112,-13,-87,2147483647,28,5035,88,2147483647,2147483647,2147483647,1,2147483647,[12],[FDD],"Band Number = 12, Uplink = 698.0 - 716.0 MHz, Downlink = 699.0 - 716.0 MHz ",Unavailable,Unavailable,0,1723951306414,68.126211901,2024-08-17 23:21:46.414000,-121.9479261,37.3931697,-23.600000381469727,37.3931697,-121.9479261,-23.600000381469727
4G_LTE,-118,2147483647,-118,-20,-87,2147483647,22,5035,191,2147483647,2147483647,2147483647,0,2147483647,[12],[FDD],"Band Number = 12, Uplink = 698.0 - 716.0 MHz, Downlink = 699.0 - 716.0 MHz ",Unavailable,Unavailable,0,1723951306414,68.126211901,2024-08-17 23:21:46.414000,-121.9479261,37.3931697,-23.600000381469727,37.3931697,-121.9479261,-23.600000381469727
4G_LTE,-132,2147483647,-132,-19,-103,2147483647,8,9820,192,2147483647,2147483647,2147483647,0,2147483647,[30],[FDD],"Band Number = 30, Uplink = 2305.0 - 2315.0 MHz, Downlink = 2305.0 - 2315.0 MHz ",Unavailable,Unavailable,0,1723951306414,68.126211901,2024-08-17 23:21:46.414000,-121.9479261,37.3931697,-23.600000381469727,37.3931697,-121.9479261,-23.600000381469727
4G_LTE,-115,2147483647,-115,-12,-85,2147483647,25,66986,102,2147483647,169470393,35653,1,2147483647,[66],[FDD],"Band Number = 66, Uplink = 1710.0 - 1780.0 MHz, Downlink = 1710.0 - 1780.0 MHz ",310,410,1,1723951307419,69.128059661,2024-08-17 23:21:47.419000,-121.9479261,37.3931697,-23.600000381469727,37.3931697,-121.9479261,-23.600000381469727
4G_LTE,-116,2147483647,-116,-15,-93,2147483647,24,5330,471,2147483647,2147483647,2147483647,0,2147483647,[14],[FDD],"Band Number = 14, Uplink = 788.0 - 798.0 MHz, Downlink = 788.0 - 798.0 MHz ",Unavailable,Unavailable,0,1723951307419,69.128059661,2024-08-17 23:21:47.419000,-121.9479261,37.3931697,-23.600000381469727,37.3931697,-121.9479261,-23.600000381469727
4G_LTE,-104,2147483647,-104,-8,-87,2147483647,36,5035,87,2147483647,2147483647,2147483647,2,2147483647,[12],[FDD],"Band Number = 12, Uplink = 698.0 - 716.0 MHz, Downlink = 699.0 - 716.0 MHz ",Unavailable,Unavailable,0,1723951307419,69.128059661,2024-08-17 23:21:47.419000,-121.9479261,37.3931697,-23.600000381469727,37.3931697,-121.9479261,-23.600000381469727
4G_LTE,-112,2147483647,-112,-13,-87,2147483647,28,5035,88,2147483647,2147483647,2147483647,1,2147483647,[12],[FDD],"Band Number = 12, Uplink = 698.0 - 716.0 MHz, Downlink = 699.0 - 716.0 MHz ",Unavailable,Unavailable,0,1723951307419,69.128059661,2024-08-17 23:21:47.419000,-121.9479261,37.3931697,-23.600000381469727,37.3931697,-121.9479261,-23.600000381469727
4G_LTE,-118,2147483647,-118,-20,-87,2147483647,22,5035,191,2147483647,2147483647,2147483647,0,2147483647,[12],[FDD],"Band Number = 12, Uplink = 698.0 - 716.0 MHz, Downlink = 699.0 - 716.0 MHz ",Unavailable,Unavailable,0,1723951307419,69.128059661,2024-08-17 23:21:47.419000,-121.9479261,37.3931697,-23.600000381469727,37.3931697,-121.9479261,-23.600000381469727
4G_LTE,-132,2147483647,-132,-19,-103,2147483647,8,9820,192,2147483647,2147483647,2147483647,0,2147483647,[30],[FDD],"Band Number = 30, Uplink = 2305.0 - 2315.0 MHz, Downlink = 2305.0 - 2315.0 MHz ",Unavailable,Unavailable,0,1723951307419,69.128059661,2024-08-17 23:21:47.419000,-121.9479261,37.3931697,-23.600000381469727,37.3931697,-121.9479261,-23.600000381469727
4G_LTE,-115,2147483647,-115,-12,-85,2147483647,25,66986,102,2147483647,169470393,35653,1,2147483647,[66],[FDD],"Band Number = 66, Uplink = 1710.0 - 1780.0 MHz, Downlink = 1710.0 - 1780.0 MHz ",310,410,1,1723951308419,70.129890806,2024-08-17 23:21:48.419000,-121.9479261,37.3931697,-23.600000381469727,37.3931697,-121.9479261,-23.600000381469727
4G_LTE,-116,2147483647,-116,-15,-93,2147483647,24,5330,471,2147483647,2147483647,2147483647,0,2147483647,[14],[FDD],"Band Number = 14, Uplink = 788.0 - 798.0 MHz, Downlink = 788.0 - 798.0 MHz ",Unavailable,Unavailable,0,1723951308419,70.129890806,2024-08-17 23:21:48.419000,-121.9479261,37.3931697,-23.600000381469727,37.3931697,-121.9479261,-23.600000381469727
4G_LTE,-104,2147483647,-104,-8,-87,2147483647,36,5035,87,2147483647,2147483647,2147483647,2,2147483647,[12],[FDD],"Band Number = 12, Uplink = 698.0 - 716.0 MHz, Downlink = 699.0 - 716.0 MHz ",Unavailable,Unavailable,0,1723951308419,70.129890806,2024-08-17 23:21:48.419000,-121.9479261,37.3931697,-23.600000381469727,37.3931697,-121.9479261,-23.600000381469727
4G_LTE,-112,2147483647,-112,-13,-87,2147483647,28,5035,88,2147483647,2147483647,2147483647,1,2147483647,[12],[FDD],"Band Number = 12, Uplink = 698.0 - 716.0 MHz, Downlink = 699.0 - 716.0 MHz ",Unavailable,Unavailable,0,1723951308419,70.129890806,2024-08-17 23:21:48.419000,-121.9479261,37.3931697,-23.600000381469727,37.3931697,-121.9479261,-23.600000381469727
4G_LTE,-118,2147483647,-118,-20,-87,2147483647,22,5035,191,2147483647,2147483647,2147483647,0,2147483647,[12],[FDD],"Band Number = 12, Uplink = 698.0 - 716.0 MHz, Downlink = 699.0 - 716.0 MHz ",Unavailable,Unavailable,0,1723951308419,70.129890806,2024-08-17 23:21:48.419000,-121.9479261,37.3931697,-23.600000381469727,37.3931697,-121.9479261,-23.600000381469727
4G_LTE,-132,2147483647,-132,-19,-103,2147483647,8,9820,192,2147483647,2147483647,2147483647,0,2147483647,[30],[FDD],"Band Number = 30, Uplink = 2305.0 - 2315.0 MHz, Downlink = 2305.0 - 2315.0 MHz ",Unavailable,Unavailable,0,1723951308419,70.129890806,2024-08-17 23:21:48.419000,-121.9479261,37.3931697,-23.600000381469727,37.3931697,-121.9479261,-23.600000381469727
4G_LTE,-115,2147483647,-115,-12,-85,2147483647,25,66986,102,2147483647,169470393,35653,1,2147483647,[66],[FDD],"Band Number = 66, Uplink = 1710.0 - 1780.0 MHz, Downlink = 1710.0 - 1780.0 MHz ",310,410,1,1723951309425,71.131237525,2024-08-17 23:21:49.425000,-121.9479261,37.3931697,-23.600000381469727,37.3931697,-121.9479261,-23.600000381469727
4G_LTE,-116,2147483647,-116,-15,-93,2147483647,24,5330,471,2147483647,2147483647,2147483647,0,2147483647,[14],[FDD],"Band Number = 14, Uplink = 788.0 - 798.0 MHz, Downlink = 788.0 - 798.0 MHz ",Unavailable,Unavailable,0,1723951309425,71.131237525,2024-08-17 23:21:49.425000,-121.9479261,37.3931697,-23.600000381469727,37.3931697,-121.9479261,-23.600000381469727
4G_LTE,-104,2147483647,-104,-8,-87,2147483647,36,5035,87,2147483647,2147483647,2147483647,2,2147483647,[12],[FDD],"Band Number = 12, Uplink = 698.0 - 716.0 MHz, Downlink = 699.0 - 716.0 MHz ",Unavailable,Unavailable,0,1723951309425,71.131237525,2024-08-17 23:21:49.425000,-121.9479261,37.3931697,-23.600000381469727,37.3931697,-121.9479261,-23.600000381469727
4G_LTE,-112,2147483647,-112,-13,-87,2147483647,28,5035,88,2147483647,2147483647,2147483647,1,2147483647,[12],[FDD],"Band Number = 12, Uplink = 698.0 - 716.0 MHz, Downlink = 699.0 - 716.0 MHz ",Unavailable,Unavailable,0,1723951309425,71.131237525,2024-08-17 23:21:49.425000,-121.9479261,37.3931697,-23.600000381469727,37.3931697,-121.9479261,-23.600000381469727
4G_LTE,-118,2147483647,-118,-20,-87,2147483647,22,5035,191,2147483647,2147483647,2147483647,0,2147483647,[12],[FDD],"Band Number = 12, Uplink = 698.0 - 716.0 MHz, Downlink = 699.0 - 716.0 MHz ",Unavailable,Unavailable,0,1723951309425,71.131237525,2024-08-17 23:21:49.425000,-121.9479261,37.3931697,-23.600000381469727,37.3931697,-121.9479261,-23.600000381469727
4G_LTE,-132,2147483647,-132,-19,-103,2147483647,8,9820,192,2147483647,2147483647,2147483647,0,2147483647,[30],[FDD],"Band Number = 30, Uplink = 2305.0 - 2315.0 MHz, Downlink = 2305.0 - 2315.0 MHz ",Unavailable,Unavailable,0,1723951309425,71.131237525,2024-08-17 23:21:49.425000,-121.9479261,37.3931697,-23.600000381469727,37.3931697,-121.9479261,-23.600000381469727
4G_LTE,-115,2147483647,-115,-12,-85,2147483647,25,66986,102,2147483647,169470393,35653,1,2147483647,[66],[FDD],"Band Number = 66, Uplink = 1710.0 - 1780.0 MHz, Downlink = 1710.0 - 1780.0 MHz ",310,410,1,1723951310427,72.139025441,2024-08-17 23:21:50.427000,-121.9479261,37.3931697,-23.600000381469727,37.3931697,-121.9479261,-23.600000381469727
4G_LTE,-116,2147483647,-116,-15,-93,2147483647,24,5330,471,2147483647,2147483647,2147483647,0,2147483647,[14],[FDD],"Band Number = 14, Uplink = 788.0 - 798.0 MHz, Downlink = 788.0 - 798.0 MHz ",Unavailable,Unavailable,0,1723951310427,72.139025441,2024-08-17 23:21:50.427000,-121.9479261,37.3931697,-23.600000381469727,37.3931697,-121.9479261,-23.600000381469727
4G_LTE,-104,2147483647,-104,-8,-87,2147483647,36,5035,87,2147483647,2147483647,2147483647,2,2147483647,[12],[FDD],"Band Number = 12, Uplink = 698.0 - 716.0 MHz, Downlink = 699.0 - 716.0 MHz ",Unavailable,Unavailable,0,1723951310427,72.139025441,2024-08-17 23:21:50.427000,-121.9479261,37.3931697,-23.600000381469727,37.3931697,-121.9479261,-23.600000381469727
4G_LTE,-112,2147483647,-112,-13,-87,2147483647,28,5035,88,2147483647,2147483647,2147483647,1,2147483647,[12],[FDD],"Band Number = 12, Uplink = 698.0 - 716.0 MHz, Downlink = 699.0 - 716.0 MHz ",Unavailable,Unavailable,0,1723951310427,72.139025441,2024-08-17 23:21:50.427000,-121.9479261,37.3931697,-23.600000381469727,37.3931697,-121.9479261,-23.600000381469727
4G_LTE,-118,2147483647,-118,-20,-87,2147483647,22,5035,191,2147483647,2147483647,2147483647,0,2147483647,[12],[FDD],"Band Number = 12, Uplink = 698.0 - 716.0 MHz, Downlink = 699.0 - 716.0 MHz ",Unavailable,Unavailable,0,1723951310427,72.139025441,2024-08-17 23:21:50.427000,-121.9479261,37.3931697,-23.600000381469727,37.3931697,-121.9479261,-23.600000381469727
4G_LTE,-132,2147483647,-132,-19,-103,2147483647,8,9820,192,2147483647,2147483647,2147483647,0,2147483647,[30],[FDD],"Band Number = 30, Uplink = 2305.0 - 2315.0 MHz, Downlink = 2305.0 - 2315.0 MHz ",Unavailable,Unavailable,0,1723951310427,72.139025441,2024-08-17 23:21:50.427000,-121.9479261,37.3931697,-23.600000381469727,37.3931697,-121.9479261,-23.600000381469727
4G_LTE,-115,2147483647,-115,-12,-85,2147483647,25,66986,102,2147483647,169470393,35653,1,2147483647,[66],[FDD],"Band Number = 66, Uplink = 1710.0 - 1780.0 MHz, Downlink = 1710.0 - 1780.0 MHz ",310,410,1,1723951311427,73.137436014,2024-08-17 23:21:51.427000,-121.9479261,37.3931697,-23.600000381469727,37.3931697,-121.9479261,-23.600000381469727
4G_LTE,-116,2147483647,-116,-15,-93,2147483647,24,5330,471,2147483647,2147483647,2147483647,0,2147483647,[14],[FDD],"Band Number = 14, Uplink = 788.0 - 798.0 MHz, Downlink = 788.0 - 798.0 MHz ",Unavailable,Unavailable,0,1723951311427,73.137436014,2024-08-17 23:21:51.427000,-121.9479261,37.3931697,-23.600000381469727,37.3931697,-121.9479261,-23.600000381469727
4G_LTE,-104,2147483647,-104,-8,-87,2147483647,36,5035,87,2147483647,2147483647,2147483647,2,2147483647,[12],[FDD],"Band Number = 12, Uplink = 698.0 - 716.0 MHz, Downlink = 699.0 - 716.0 MHz ",Unavailable,Unavailable,0,1723951311427,73.137436014,2024-08-17 23:21:51.427000,-121.9479261,37.3931697,-23.600000381469727,37.3931697,-121.9479261,-23.600000381469727
4G_LTE,-112,2147483647,-112,-13,-87,2147483647,28,5035,88,2147483647,2147483647,2147483647,1,2147483647,[12],[FDD],"Band Number = 12, Uplink = 698.0 - 716.0 MHz, Downlink = 699.0 - 716.0 MHz ",Unavailable,Unavailable,0,1723951311427,73.137436014,2024-08-17 23:21:51.427000,-121.9479261,37.3931697,-23.600000381469727,37.3931697,-121.9479261,-23.600000381469727
4G_LTE,-118,2147483647,-118,-20,-87,2147483647,22,5035,191,2147483647,2147483647,2147483647,0,2147483647,[12],[FDD],"Band Number = 12, Uplink = 698.0 - 716.0 MHz, Downlink = 699.0 - 716.0 MHz ",Unavailable,Unavailable,0,1723951311427,73.137436014,2024-08-17 23:21:51.427000,-121.9479261,37.3931697,-23.600000381469727,37.3931697,-121.9479261,-23.600000381469727
4G_LTE,-132,2147483647,-132,-19,-103,2147483647,8,9820,192,2147483647,2147483647,2147483647,0,2147483647,[30],[FDD],"Band Number = 30, Uplink = 2305.0 - 2315.0 MHz, Downlink = 2305.0 - 2315.0 MHz ",Unavailable,Unavailable,0,1723951311427,73.137436014,2024-08-17 23:21:51.427000,-121.9479261,37.3931697,-23.600000381469727,37.3931697,-121.9479261,-23.600000381469727
4G_LTE,-115,2147483647,-115,-12,-85,2147483647,25,66986,102,2147483647,169470393,35653,1,2147483647,[66],[FDD],"Band Number = 66, Uplink = 1710.0 - 1780.0 MHz, Downlink = 1710.0 - 1780.0 MHz ",310,410,1,1723951312427,74.139108461,2024-08-17 23:21:52.427000,-121.9479261,37.3931697,-23.600000381469727,37.3931697,-121.9479261,-23.600000381469727
4G_LTE,-116,2147483647,-116,-15,-93,2147483647,24,5330,471,2147483647,2147483647,2147483647,0,2147483647,[14],[FDD],"Band Number = 14, Uplink = 788.0 - 798.0 MHz, Downlink = 788.0 - 798.0 MHz ",Unavailable,Unavailable,0,1723951312427,74.139108461,2024-08-17 23:21:52.427000,-121.9479261,37.3931697,-23.600000381469727,37.3931697,-121.9479261,-23.600000381469727
4G_LTE,-104,2147483647,-104,-8,-87,2147483647,36,5035,87,2147483647,2147483647,2147483647,2,2147483647,[12],[FDD],"Band Number = 12, Uplink = 698.0 - 716.0 MHz, Downlink = 699.0 - 716.0 MHz ",Unavailable,Unavailable,0,1723951312427,74.139108461,2024-08-17 23:21:52.427000,-121.9479261,37.3931697,-23.600000381469727,37.3931697,-121.9479261,-23.600000381469727
4G_LTE,-112,2147483647,-112,-13,-87,2147483647,28,5035,88,2147483647,2147483647,2147483647,1,2147483647,[12],[FDD],"Band Number = 12, Uplink = 698.0 - 716.0 MHz, Downlink = 699.0 - 716.0 MHz ",Unavailable,Unavailable,0,1723951312427,74.139108461,2024-08-17 23:21:52.427000,-121.9479261,37.3931697,-23.600000381469727,37.3931697,-121.9479261,-23.600000381469727
4G_LTE,-118,2147483647,-118,-20,-87,2147483647,22,5035,191,2147483647,2147483647,2147483647,0,2147483647,[12],[FDD],"Band Number = 12, Uplink = 698.0 - 716.0 MHz, Downlink = 699.0 - 716.0 MHz ",Unavailable,Unavailable,0,1723951312427,74.139108461,2024-08-17 23:21:52.427000,-121.9479261,37.3931697,-23.600000381469727,37.3931697,-121.9479261,-23.600000381469727
4G_LTE,-132,2147483647,-132,-19,-103,2147483647,8,9820,192,2147483647,2147483647,2147483647,0,2147483647,[30],[FDD],"Band Number = 30, Uplink = 2305.0 - 2315.0 MHz, Downlink = 2305.0 - 2315.0 MHz ",Unavailable,Unavailable,0,1723951312427,74.139108461,2024-08-17 23:21:52.427000,-121.9479261,37.3931697,-23.600000381469727,37.3931697,-121.9479261,-23.600000381469727
4G_LTE,-115,2147483647,-115,-12,-85,2147483647,25,66986,102,2147483647,169470393,35653,1,2147483647,[66],[FDD],"Band Number = 66, Uplink = 1710.0 - 1780.0 MHz, Downlink = 1710.0 - 1780.0 MHz ",310,410,1,1723951313430,75.141383669,2024-08-17 23:21:53.430000,-121.9479261,37.3931697,-23.600000381469727,37.3931697,-121.9479261,-23.600000381469727
4G_LTE,-116,2147483647,-116,-15,-93,2147483647,24,5330,471,2147483647,2147483647,2147483647,0,2147483647,[14],[FDD],"Band Number = 14, Uplink = 788.0 - 798.0 MHz, Downlink = 788.0 - 798.0 MHz ",Unavailable,Unavailable,0,1723951313430,75.141383669,2024-08-17 23:21:53.430000,-121.9479261,37.3931697,-23.600000381469727,37.3931697,-121.9479261,-23.600000381469727
4G_LTE,-104,2147483647,-104,-8,-87,2147483647,36,5035,87,2147483647,2147483647,2147483647,2,2147483647,[12],[FDD],"Band Number = 12, Uplink = 698.0 - 716.0 MHz, Downlink = 699.0 - 716.0 MHz ",Unavailable,Unavailable,0,1723951313430,75.141383669,2024-08-17 23:21:53.430000,-121.9479261,37.3931697,-23.600000381469727,37.3931697,-121.9479261,-23.600000381469727
4G_LTE,-112,2147483647,-112,-13,-87,2147483647,28,5035,88,2147483647,2147483647,2147483647,1,2147483647,[12],[FDD],"Band Number = 12, Uplink = 698.0 - 716.0 MHz, Downlink = 699.0 - 716.0 MHz ",Unavailable,Unavailable,0,1723951313430,75.141383669,2024-08-17 23:21:53.430000,-121.9479261,37.3931697,-23.600000381469727,37.3931697,-121.9479261,-23.600000381469727
4G_LTE,-118,2147483647,-118,-20,-87,2147483647,22,5035,191,2147483647,2147483647,2147483647,0,2147483647,[12],[FDD],"Band Number = 12, Uplink = 698.0 - 716.0 MHz, Downlink = 699.0 - 716.0 MHz ",Unavailable,Unavailable,0,1723951313430,75.141383669,2024-08-17 23:21:53.430000,-121.9479261,37.3931697,-23.600000381469727,37.3931697,-121.9479261,-23.600000381469727
4G_LTE,-132,2147483647,-132,-19,-103,2147483647,8,9820,192,2147483647,2147483647,2147483647,0,2147483647,[30],[FDD],"Band Number = 30, Uplink = 2305.0 - 2315.0 MHz, Downlink = 2305.0 - 2315.0 MHz ",Unavailable,Unavailable,0,1723951313430,75.141383669,2024-08-17 23:21:53.430000,-121.9479261,37.3931697,-23.600000381469727,37.3931697,-121.9479261,-23.600000381469727
4G_LTE,-115,2147483647,-115,-12,-85,2147483647,25,66986,102,2147483647,169470393,35653,1,2147483647,[66],[FDD],"Band Number = 66, Uplink = 1710.0 - 1780.0 MHz, Downlink = 1710.0 - 1780.0 MHz ",310,410,1,1723951314433,76.144669085,2024-08-17 23:21:54.433000,-121.9479261,37.3931697,-23.600000381469727,37.3931697,-121.9479261,-23.600000381469727
4G_LTE,-116,2147483647,-116,-15,-93,2147483647,24,5330,471,2147483647,2147483647,2147483647,0,2147483647,[14],[FDD],"Band Number = 14, Uplink = 788.0 - 798.0 MHz, Downlink = 788.0 - 798.0 MHz ",Unavailable,Unavailable,0,1723951314433,76.144669085,2024-08-17 23:21:54.433000,-121.9479261,37.3931697,-23.600000381469727,37.3931697,-121.9479261,-23.600000381469727
4G_LTE,-104,2147483647,-104,-8,-87,2147483647,36,5035,87,2147483647,2147483647,2147483647,2,2147483647,[12],[FDD],"Band Number = 12, Uplink = 698.0 - 716.0 MHz, Downlink = 699.0 - 716.0 MHz ",Unavailable,Unavailable,0,1723951314433,76.144669085,2024-08-17 23:21:54.433000,-121.9479261,37.3931697,-23.600000381469727,37.3931697,-121.9479261,-23.600000381469727
4G_LTE,-112,2147483647,-112,-13,-87,2147483647,28,5035,88,2147483647,2147483647,2147483647,1,2147483647,[12],[FDD],"Band Number = 12, Uplink = 698.0 - 716.0 MHz, Downlink = 699.0 - 716.0 MHz ",Unavailable,Unavailable,0,1723951314433,76.144669085,2024-08-17 23:21:54.433000,-121.9479261,37.3931697,-23.600000381469727,37.3931697,-121.9479261,-23.600000381469727
4G_LTE,-118,2147483647,-118,-20,-87,2147483647,22,5035,191,2147483647,2147483647,2147483647,0,2147483647,[12],[FDD],"Band Number = 12, Uplink = 698.0 - 716.0 MHz, Downlink = 699.0 - 716.0 MHz ",Unavailable,Unavailable,0,1723951314433,76.144669085,2024-08-17 23:21:54.433000,-121.9479261,37.3931697,-23.600000381469727,37.3931697,-121.9479261,-23.600000381469727
4G_LTE,-132,2147483647,-132,-19,-103,2147483647,8,9820,192,2147483647,2147483647,2147483647,0,2147483647,[30],[FDD],"Band Number = 30, Uplink = 2305.0 - 2315.0 MHz, Downlink = 2305.0 - 2315.0 MHz ",Unavailable,Unavailable,0,1723951314433,76.144669085,2024-08-17 23:21:54.433000,-121.9479261,37.3931697,-23.600000381469727,37.3931697,-121.9479261,-23.600000381469727
4G_LTE,-115,2147483647,-115,-12,-85,2147483647,25,66986,102,2147483647,169470393,35653,1,2147483647,[66],[FDD],"Band Number = 66, Uplink = 1710.0 - 1780.0 MHz, Downlink = 1710.0 - 1780.0 MHz ",310,410,1,1723951315432,77.14372122,2024-08-17 23:21:55.432000,-121.9479261,37.3931697,-23.600000381469727,37.3931697,-121.9479261,-23.600000381469727
4G_LTE,-116,2147483647,-116,-15,-93,2147483647,24,5330,471,2147483647,2147483647,2147483647,0,2147483647,[14],[FDD],"Band Number = 14, Uplink = 788.0 - 798.0 MHz, Downlink = 788.0 - 798.0 MHz ",Unavailable,Unavailable,0,1723951315432,77.14372122,2024-08-17 23:21:55.432000,-121.9479261,37.3931697,-23.600000381469727,37.3931697,-121.9479261,-23.600000381469727
4G_LTE,-104,2147483647,-104,-8,-87,2147483647,36,5035,87,2147483647,2147483647,2147483647,2,2147483647,[12],[FDD],"Band Number = 12, Uplink = 698.0 - 716.0 MHz, Downlink = 699.0 - 716.0 MHz ",Unavailable,Unavailable,0,1723951315432,77.14372122,2024-08-17 23:21:55.432000,-121.9479261,37.3931697,-23.600000381469727,37.3931697,-121.9479261,-23.600000381469727
4G_LTE,-112,2147483647,-112,-13,-87,2147483647,28,5035,88,2147483647,2147483647,2147483647,1,2147483647,[12],[FDD],"Band Number = 12, Uplink = 698.0 - 716.0 MHz, Downlink = 699.0 - 716.0 MHz ",Unavailable,Unavailable,0,1723951315432,77.14372122,2024-08-17 23:21:55.432000,-121.9479261,37.3931697,-23.600000381469727,37.3931697,-121.9479261,-23.600000381469727
4G_LTE,-118,2147483647,-118,-20,-87,2147483647,22,5035,191,2147483647,2147483647,2147483647,0,2147483647,[12],[FDD],"Band Number = 12, Uplink = 698.0 - 716.0 MHz, Downlink = 699.0 - 716.0 MHz ",Unavailable,Unavailable,0,1723951315432,77.14372122,2024-08-17 23:21:55.432000,-121.9479261,37.3931697,-23.600000381469727,37.3931697,-121.9479261,-23.600000381469727
4G_LTE,-132,2147483647,-132,-19,-103,2147483647,8,9820,192,2147483647,2147483647,2147483647,0,2147483647,[30],[FDD],"Band Number = 30, Uplink = 2305.0 - 2315.0 MHz, Downlink = 2305.0 - 2315.0 MHz ",Unavailable,Unavailable,0,1723951315432,77.14372122,2024-08-17 23:21:55.432000,-121.9479261,37.3931697,-23.600000381469727,37.3931697,-121.9479261,-23.600000381469727
4G_LTE,-116,2147483647,-116,-15,-83,2147483647,24,66986,102,2147483647,169470393,35653,0,2147483647,[66],[FDD],"Band Number = 66, Uplink = 1710.0 - 1780.0 MHz, Downlink = 1710.0 - 1780.0 MHz ",310,410,1,1723951316430,78.142015803,2024-08-17 23:21:56.430000,-121.9479195,37.3931683,-24.899999618530277,37.3931683,-121.9479195,-24.899999618530277
4G_LTE,-124,2147483647,-124,-20,-93,2147483647,16,66986,497,2147483647,2147483647,2147483647,0,2147483647,[66],[FDD],"Band Number = 66, Uplink = 1710.0 - 1780.0 MHz, Downlink = 1710.0 - 1780.0 MHz ",Unavailable,Unavailable,0,1723951316430,78.142015803,2024-08-17 23:21:56.430000,-121.9479195,37.3931683,-24.899999618530277,37.3931683,-121.9479195,-24.899999618530277
4G_LTE,-116,2147483647,-116,-15,-93,2147483647,24,5330,471,2147483647,2147483647,2147483647,0,2147483647,[14],[FDD],"Band Number = 14, Uplink = 788.0 - 798.0 MHz, Downlink = 788.0 - 798.0 MHz ",Unavailable,Unavailable,0,1723951316430,78.142015803,2024-08-17 23:21:56.430000,-121.9479195,37.3931683,-24.899999618530277,37.3931683,-121.9479195,-24.899999618530277
4G_LTE,-104,2147483647,-104,-8,-87,2147483647,36,5035,87,2147483647,2147483647,2147483647,2,2147483647,[12],[FDD],"Band Number = 12, Uplink = 698.0 - 716.0 MHz, Downlink = 699.0 - 716.0 MHz ",Unavailable,Unavailable,0,1723951316430,78.142015803,2024-08-17 23:21:56.430000,-121.9479195,37.3931683,-24.899999618530277,37.3931683,-121.9479195,-24.899999618530277
4G_LTE,-112,2147483647,-112,-13,-87,2147483647,28,5035,88,2147483647,2147483647,2147483647,1,2147483647,[12],[FDD],"Band Number = 12, Uplink = 698.0 - 716.0 MHz, Downlink = 699.0 - 716.0 MHz ",Unavailable,Unavailable,0,1723951316430,78.142015803,2024-08-17 23:21:56.430000,-121.9479195,37.3931683,-24.899999618530277,37.3931683,-121.9479195,-24.899999618530277
4G_LTE,-118,2147483647,-118,-20,-87,2147483647,22,5035,191,2147483647,2147483647,2147483647,0,2147483647,[12],[FDD],"Band Number = 12, Uplink = 698.0 - 716.0 MHz, Downlink = 699.0 - 716.0 MHz ",Unavailable,Unavailable,0,1723951316430,78.142015803,2024-08-17 23:21:56.430000,-121.9479195,37.3931683,-24.899999618530277,37.3931683,-121.9479195,-24.899999618530277
4G_LTE,-132,2147483647,-132,-19,-103,2147483647,8,9820,192,2147483647,2147483647,2147483647,0,2147483647,[30],[FDD],"Band Number = 30, Uplink = 2305.0 - 2315.0 MHz, Downlink = 2305.0 - 2315.0 MHz ",Unavailable,Unavailable,0,1723951316430,78.142015803,2024-08-17 23:21:56.430000,-121.9479195,37.3931683,-24.899999618530277,37.3931683,-121.9479195,-24.899999618530277
4G_LTE,-116,2147483647,-116,-15,-83,2147483647,24,66986,102,2147483647,169470393,35653,0,2147483647,[66],[FDD],"Band Number = 66, Uplink = 1710.0 - 1780.0 MHz, Downlink = 1710.0 - 1780.0 MHz ",310,410,1,1723951317455,79.165161949,2024-08-17 23:21:57.455000,-121.9479195,37.3931683,-24.899999618530277,37.3931683,-121.9479195,-24.899999618530277
4G_LTE,-124,2147483647,-124,-20,-93,2147483647,16,66986,497,2147483647,2147483647,2147483647,0,2147483647,[66],[FDD],"Band Number = 66, Uplink = 1710.0 - 1780.0 MHz, Downlink = 1710.0 - 1780.0 MHz ",Unavailable,Unavailable,0,1723951317455,79.165161949,2024-08-17 23:21:57.455000,-121.9479195,37.3931683,-24.899999618530277,37.3931683,-121.9479195,-24.899999618530277
4G_LTE,-116,2147483647,-116,-15,-93,2147483647,24,5330,471,2147483647,2147483647,2147483647,0,2147483647,[14],[FDD],"Band Number = 14, Uplink = 788.0 - 798.0 MHz, Downlink = 788.0 - 798.0 MHz ",Unavailable,Unavailable,0,1723951317455,79.165161949,2024-08-17 23:21:57.455000,-121.9479195,37.3931683,-24.899999618530277,37.3931683,-121.9479195,-24.899999618530277
4G_LTE,-104,2147483647,-104,-8,-87,2147483647,36,5035,87,2147483647,2147483647,2147483647,2,2147483647,[12],[FDD],"Band Number = 12, Uplink = 698.0 - 716.0 MHz, Downlink = 699.0 - 716.0 MHz ",Unavailable,Unavailable,0,1723951317455,79.165161949,2024-08-17 23:21:57.455000,-121.9479195,37.3931683,-24.899999618530277,37.3931683,-121.9479195,-24.899999618530277
4G_LTE,-112,2147483647,-112,-13,-87,2147483647,28,5035,88,2147483647,2147483647,2147483647,1,2147483647,[12],[FDD],"Band Number = 12, Uplink = 698.0 - 716.0 MHz, Downlink = 699.0 - 716.0 MHz ",Unavailable,Unavailable,0,1723951317455,79.165161949,2024-08-17 23:21:57.455000,-121.9479195,37.3931683,-24.899999618530277,37.3931683,-121.9479195,-24.899999618530277
4G_LTE,-118,2147483647,-118,-20,-87,2147483647,22,5035,191,2147483647,2147483647,2147483647,0,2147483647,[12],[FDD],"Band Number = 12, Uplink = 698.0 - 716.0 MHz, Downlink = 699.0 - 716.0 MHz ",Unavailable,Unavailable,0,1723951317455,79.165161949,2024-08-17 23:21:57.455000,-121.9479195,37.3931683,-24.899999618530277,37.3931683,-121.9479195,-24.899999618530277
4G_LTE,-132,2147483647,-132,-19,-103,2147483647,8,9820,192,2147483647,2147483647,2147483647,0,2147483647,[30],[FDD],"Band Number = 30, Uplink = 2305.0 - 2315.0 MHz, Downlink = 2305.0 - 2315.0 MHz ",Unavailable,Unavailable,0,1723951317455,79.165161949,2024-08-17 23:21:57.455000,-121.9479195,37.3931683,-24.899999618530277,37.3931683,-121.9479195,-24.899999618530277
4G_LTE,-116,2147483647,-116,-15,-83,2147483647,24,66986,102,2147483647,169470393,35653,0,2147483647,[66],[FDD],"Band Number = 66, Uplink = 1710.0 - 1780.0 MHz, Downlink = 1710.0 - 1780.0 MHz ",310,410,1,1723951318463,80.172216688,2024-08-17 23:21:58.463000,-121.9479195,37.3931683,-24.899999618530277,37.3931683,-121.9479195,-24.899999618530277
4G_LTE,-124,2147483647,-124,-20,-93,2147483647,16,66986,497,2147483647,2147483647,2147483647,0,2147483647,[66],[FDD],"Band Number = 66, Uplink = 1710.0 - 1780.0 MHz, Downlink = 1710.0 - 1780.0 MHz ",Unavailable,Unavailable,0,1723951318463,80.172216688,2024-08-17 23:21:58.463000,-121.9479195,37.3931683,-24.899999618530277,37.3931683,-121.9479195,-24.899999618530277
4G_LTE,-116,2147483647,-116,-15,-93,2147483647,24,5330,471,2147483647,2147483647,2147483647,0,2147483647,[14],[FDD],"Band Number = 14, Uplink = 788.0 - 798.0 MHz, Downlink = 788.0 - 798.0 MHz ",Unavailable,Unavailable,0,1723951318463,80.172216688,2024-08-17 23:21:58.463000,-121.9479195,37.3931683,-24.899999618530277,37.3931683,-121.9479195,-24.899999618530277
4G_LTE,-104,2147483647,-104,-8,-87,2147483647,36,5035,87,2147483647,2147483647,2147483647,2,2147483647,[12],[FDD],"Band Number = 12, Uplink = 698.0 - 716.0 MHz, Downlink = 699.0 - 716.0 MHz ",Unavailable,Unavailable,0,1723951318463,80.172216688,2024-08-17 23:21:58.463000,-121.9479195,37.3931683,-24.899999618530277,37.3931683,-121.9479195,-24.899999618530277
4G_LTE,-112,2147483647,-112,-13,-87,2147483647,28,5035,88,2147483647,2147483647,2147483647,1,2147483647,[12],[FDD],"Band Number = 12, Uplink = 698.0 - 716.0 MHz, Downlink = 699.0 - 716.0 MHz ",Unavailable,Unavailable,0,1723951318463,80.172216688,2024-08-17 23:21:58.463000,-121.9479195,37.3931683,-24.899999618530277,37.3931683,-121.9479195,-24.899999618530277
4G_LTE,-118,2147483647,-118,-20,-87,2147483647,22,5035,191,2147483647,2147483647,2147483647,0,2147483647,[12],[FDD],"Band Number = 12, Uplink = 698.0 - 716.0 MHz, Downlink = 699.0 - 716.0 MHz ",Unavailable,Unavailable,0,1723951318463,80.172216688,2024-08-17 23:21:58.463000,-121.9479195,37.3931683,-24.899999618530277,37.3931683,-121.9479195,-24.899999618530277
4G_LTE,-132,2147483647,-132,-19,-103,2147483647,8,9820,192,2147483647,2147483647,2147483647,0,2147483647,[30],[FDD],"Band Number = 30, Uplink = 2305.0 - 2315.0 MHz, Downlink = 2305.0 - 2315.0 MHz ",Unavailable,Unavailable,0,1723951318463,80.172216688,2024-08-17 23:21:58.463000,-121.9479195,37.3931683,-24.899999618530277,37.3931683,-121.9479195,-24.899999618530277
4G_LTE,-116,2147483647,-116,-15,-83,2147483647,24,66986,102,2147483647,169470393,35653,0,2147483647,[66],[FDD],"Band Number = 66, Uplink = 1710.0 - 1780.0 MHz, Downlink = 1710.0 - 1780.0 MHz ",310,410,1,1723951319457,81.169041167,2024-08-17 23:21:59.457000,-121.9479195,37.3931683,-24.899999618530277,37.3931683,-121.9479195,-24.899999618530277
4G_LTE,-124,2147483647,-124,-20,-93,2147483647,16,66986,497,2147483647,2147483647,2147483647,0,2147483647,[66],[FDD],"Band Number = 66, Uplink = 1710.0 - 1780.0 MHz, Downlink = 1710.0 - 1780.0 MHz ",Unavailable,Unavailable,0,1723951319457,81.169041167,2024-08-17 23:21:59.457000,-121.9479195,37.3931683,-24.899999618530277,37.3931683,-121.9479195,-24.899999618530277
4G_LTE,-116,2147483647,-116,-15,-93,2147483647,24,5330,471,2147483647,2147483647,2147483647,0,2147483647,[14],[FDD],"Band Number = 14, Uplink = 788.0 - 798.0 MHz, Downlink = 788.0 - 798.0 MHz ",Unavailable,Unavailable,0,1723951319457,81.169041167,2024-08-17 23:21:59.457000,-121.9479195,37.3931683,-24.899999618530277,37.3931683,-121.9479195,-24.899999618530277
4G_LTE,-104,2147483647,-104,-8,-87,2147483647,36,5035,87,2147483647,2147483647,2147483647,2,2147483647,[12],[FDD],"Band Number = 12, Uplink = 698.0 - 716.0 MHz, Downlink = 699.0 - 716.0 MHz ",Unavailable,Unavailable,0,1723951319457,81.169041167,2024-08-17 23:21:59.457000,-121.9479195,37.3931683,-24.899999618530277,37.3931683,-121.9479195,-24.899999618530277
4G_LTE,-112,2147483647,-112,-13,-87,2147483647,28,5035,88,2147483647,2147483647,2147483647,1,2147483647,[12],[FDD],"Band Number = 12, Uplink = 698.0 - 716.0 MHz, Downlink = 699.0 - 716.0 MHz ",Unavailable,Unavailable,0,1723951319457,81.169041167,2024-08-17 23:21:59.457000,-121.9479195,37.3931683,-24.899999618530277,37.3931683,-121.9479195,-24.899999618530277
4G_LTE,-118,2147483647,-118,-20,-87,2147483647,22,5035,191,2147483647,2147483647,2147483647,0,2147483647,[12],[FDD],"Band Number = 12, Uplink = 698.0 - 716.0 MHz, Downlink = 699.0 - 716.0 MHz ",Unavailable,Unavailable,0,1723951319457,81.169041167,2024-08-17 23:21:59.457000,-121.9479195,37.3931683,-24.899999618530277,37.3931683,-121.9479195,-24.899999618530277
4G_LTE,-132,2147483647,-132,-19,-103,2147483647,8,9820,192,2147483647,2147483647,2147483647,0,2147483647,[30],[FDD],"Band Number = 30, Uplink = 2305.0 - 2315.0 MHz, Downlink = 2305.0 - 2315.0 MHz ",Unavailable,Unavailable,0,1723951319457,81.169041167,2024-08-17 23:21:59.457000,-121.9479195,37.3931683,-24.899999618530277,37.3931683,-121.9479195,-24.899999618530277
4G_LTE,-116,2147483647,-116,-15,-83,2147483647,24,66986,102,2147483647,169470393,35653,0,2147483647,[66],[FDD],"Band Number = 66, Uplink = 1710.0 - 1780.0 MHz, Downlink = 1710.0 - 1780.0 MHz ",310,410,1,1723951320460,82.170197156,2024-08-17 23:22:00.460000,-121.9479195,37.3931683,-24.899999618530277,37.3931683,-121.9479195,-24.899999618530277
4G_LTE,-124,2147483647,-124,-20,-93,2147483647,16,66986,497,2147483647,2147483647,2147483647,0,2147483647,[66],[FDD],"Band Number = 66, Uplink = 1710.0 - 1780.0 MHz, Downlink = 1710.0 - 1780.0 MHz ",Unavailable,Unavailable,0,1723951320460,82.170197156,2024-08-17 23:22:00.460000,-121.9479195,37.3931683,-24.899999618530277,37.3931683,-121.9479195,-24.899999618530277
4G_LTE,-116,2147483647,-116,-15,-93,2147483647,24,5330,471,2147483647,2147483647,2147483647,0,2147483647,[14],[FDD],"Band Number = 14, Uplink = 788.0 - 798.0 MHz, Downlink = 788.0 - 798.0 MHz ",Unavailable,Unavailable,0,1723951320460,82.170197156,2024-08-17 23:22:00.460000,-121.9479195,37.3931683,-24.899999618530277,37.3931683,-121.9479195,-24.899999618530277
4G_LTE,-104,2147483647,-104,-8,-87,2147483647,36,5035,87,2147483647,2147483647,2147483647,2,2147483647,[12],[FDD],"Band Number = 12, Uplink = 698.0 - 716.0 MHz, Downlink = 699.0 - 716.0 MHz ",Unavailable,Unavailable,0,1723951320460,82.170197156,2024-08-17 23:22:00.460000,-121.9479195,37.3931683,-24.899999618530277,37.3931683,-121.9479195,-24.899999618530277
4G_LTE,-112,2147483647,-112,-13,-87,2147483647,28,5035,88,2147483647,2147483647,2147483647,1,2147483647,[12],[FDD],"Band Number = 12, Uplink = 698.0 - 716.0 MHz, Downlink = 699.0 - 716.0 MHz ",Unavailable,Unavailable,0,1723951320460,82.170197156,2024-08-17 23:22:00.460000,-121.9479195,37.3931683,-24.899999618530277,37.3931683,-121.9479195,-24.899999618530277
4G_LTE,-118,2147483647,-118,-20,-87,2147483647,22,5035,191,2147483647,2147483647,2147483647,0,2147483647,[12],[FDD],"Band Number = 12, Uplink = 698.0 - 716.0 MHz, Downlink = 699.0 - 716.0 MHz ",Unavailable,Unavailable,0,1723951320460,82.170197156,2024-08-17 23:22:00.460000,-121.9479195,37.3931683,-24.899999618530277,37.3931683,-121.9479195,-24.899999618530277
4G_LTE,-132,2147483647,-132,-19,-103,2147483647,8,9820,192,2147483647,2147483647,2147483647,0,2147483647,[30],[FDD],"Band Number = 30, Uplink = 2305.0 - 2315.0 MHz, Downlink = 2305.0 - 2315.0 MHz ",Unavailable,Unavailable,0,1723951320460,82.170197156,2024-08-17 23:22:00.460000,-121.9479195,37.3931683,-24.899999618530277,37.3931683,-121.9479195,-24.899999618530277
4G_LTE,-116,2147483647,-116,-15,-83,2147483647,24,66986,102,2147483647,169470393,35653,0,2147483647,[66],[FDD],"Band Number = 66, Uplink = 1710.0 - 1780.0 MHz, Downlink = 1710.0 - 1780.0 MHz ",310,410,1,1723951321458,83.170483718,2024-08-17 23:22:01.458000,-121.9479195,37.3931683,-24.899999618530277,37.3931683,-121.9479195,-24.899999618530277
4G_LTE,-124,2147483647,-124,-20,-93,2147483647,16,66986,497,2147483647,2147483647,2147483647,0,2147483647,[66],[FDD],"Band Number = 66, Uplink = 1710.0 - 1780.0 MHz, Downlink = 1710.0 - 1780.0 MHz ",Unavailable,Unavailable,0,1723951321458,83.170483718,2024-08-17 23:22:01.458000,-121.9479195,37.3931683,-24.899999618530277,37.3931683,-121.9479195,-24.899999618530277
4G_LTE,-116,2147483647,-116,-15,-93,2147483647,24,5330,471,2147483647,2147483647,2147483647,0,2147483647,[14],[FDD],"Band Number = 14, Uplink = 788.0 - 798.0 MHz, Downlink = 788.0 - 798.0 MHz ",Unavailable,Unavailable,0,1723951321458,83.170483718,2024-08-17 23:22:01.458000,-121.9479195,37.3931683,-24.899999618530277,37.3931683,-121.9479195,-24.899999618530277
4G_LTE,-104,2147483647,-104,-8,-87,2147483647,36,5035,87,2147483647,2147483647,2147483647,2,2147483647,[12],[FDD],"Band Number = 12, Uplink = 698.0 - 716.0 MHz, Downlink = 699.0 - 716.0 MHz ",Unavailable,Unavailable,0,1723951321458,83.170483718,2024-08-17 23:22:01.458000,-121.9479195,37.3931683,-24.899999618530277,37.3931683,-121.9479195,-24.899999618530277
4G_LTE,-112,2147483647,-112,-13,-87,2147483647,28,5035,88,2147483647,2147483647,2147483647,1,2147483647,[12],[FDD],"Band Number = 12, Uplink = 698.0 - 716.0 MHz, Downlink = 699.0 - 716.0 MHz ",Unavailable,Unavailable,0,1723951321458,83.170483718,2024-08-17 23:22:01.458000,-121.9479195,37.3931683,-24.899999618530277,37.3931683,-121.9479195,-24.899999618530277
4G_LTE,-118,2147483647,-118,-20,-87,2147483647,22,5035,191,2147483647,2147483647,2147483647,0,2147483647,[12],[FDD],"Band Number = 12, Uplink = 698.0 - 716.0 MHz, Downlink = 699.0 - 716.0 MHz ",Unavailable,Unavailable,0,1723951321458,83.170483718,2024-08-17 23:22:01.458000,-121.9479195,37.3931683,-24.899999618530277,37.3931683,-121.9479195,-24.899999618530277
4G_LTE,-132,2147483647,-132,-19,-103,2147483647,8,9820,192,2147483647,2147483647,2147483647,0,2147483647,[30],[FDD],"Band Number = 30, Uplink = 2305.0 - 2315.0 MHz, Downlink = 2305.0 - 2315.0 MHz ",Unavailable,Unavailable,0,1723951321458,83.170483718,2024-08-17 23:22:01.458000,-121.9479195,37.3931683,-24.899999618530277,37.3931683,-121.9479195,-24.899999618530277
4G_LTE,-116,2147483647,-116,-15,-83,2147483647,24,66986,102,2147483647,169470393,35653,0,2147483647,[66],[FDD],"Band Number = 66, Uplink = 1710.0 - 1780.0 MHz, Downlink = 1710.0 - 1780.0 MHz ",310,410,1,1723951322459,84.170479707,2024-08-17 23:22:02.459000,-121.9479195,37.3931683,-24.899999618530277,37.3931683,-121.9479195,-24.899999618530277
4G_LTE,-124,2147483647,-124,-20,-93,2147483647,16,66986,497,2147483647,2147483647,2147483647,0,2147483647,[66],[FDD],"Band Number = 66, Uplink = 1710.0 - 1780.0 MHz, Downlink = 1710.0 - 1780.0 MHz ",Unavailable,Unavailable,0,1723951322459,84.170479707,2024-08-17 23:22:02.459000,-121.9479195,37.3931683,-24.899999618530277,37.3931683,-121.9479195,-24.899999618530277
4G_LTE,-116,2147483647,-116,-15,-93,2147483647,24,5330,471,2147483647,2147483647,2147483647,0,2147483647,[14],[FDD],"Band Number = 14, Uplink = 788.0 - 798.0 MHz, Downlink = 788.0 - 798.0 MHz ",Unavailable,Unavailable,0,1723951322459,84.170479707,2024-08-17 23:22:02.459000,-121.9479195,37.3931683,-24.899999618530277,37.3931683,-121.9479195,-24.899999618530277
4G_LTE,-104,2147483647,-104,-8,-87,2147483647,36,5035,87,2147483647,2147483647,2147483647,2,2147483647,[12],[FDD],"Band Number = 12, Uplink = 698.0 - 716.0 MHz, Downlink = 699.0 - 716.0 MHz ",Unavailable,Unavailable,0,1723951322459,84.170479707,2024-08-17 23:22:02.459000,-121.9479195,37.3931683,-24.899999618530277,37.3931683,-121.9479195,-24.899999618530277
4G_LTE,-112,2147483647,-112,-13,-87,2147483647,28,5035,88,2147483647,2147483647,2147483647,1,2147483647,[12],[FDD],"Band Number = 12, Uplink = 698.0 - 716.0 MHz, Downlink = 699.0 - 716.0 MHz ",Unavailable,Unavailable,0,1723951322459,84.170479707,2024-08-17 23:22:02.459000,-121.9479195,37.3931683,-24.899999618530277,37.3931683,-121.9479195,-24.899999618530277
4G_LTE,-118,2147483647,-118,-20,-87,2147483647,22,5035,191,2147483647,2147483647,2147483647,0,2147483647,[12],[FDD],"Band Number = 12, Uplink = 698.0 - 716.0 MHz, Downlink = 699.0 - 716.0 MHz ",Unavailable,Unavailable,0,1723951322459,84.170479707,2024-08-17 23:22:02.459000,-121.9479195,37.3931683,-24.899999618530277,37.3931683,-121.9479195,-24.899999618530277
4G_LTE,-132,2147483647,-132,-19,-103,2147483647,8,9820,192,2147483647,2147483647,2147483647,0,2147483647,[30],[FDD],"Band Number = 30, Uplink = 2305.0 - 2315.0 MHz, Downlink = 2305.0 - 2315.0 MHz ",Unavailable,Unavailable,0,1723951322459,84.170479707,2024-08-17 23:22:02.459000,-121.9479195,37.3931683,-24.899999618530277,37.3931683,-121.9479195,-24.899999618530277
4G_LTE,-116,2147483647,-116,-15,-83,2147483647,24,66986,102,2147483647,169470393,35653,0,2147483647,[66],[FDD],"Band Number = 66, Uplink = 1710.0 - 1780.0 MHz, Downlink = 1710.0 - 1780.0 MHz ",310,410,1,1723951323463,85.171912415,2024-08-17 23:22:03.463000,-121.9479195,37.3931683,-24.899999618530277,37.3931683,-121.9479195,-24.899999618530277
4G_LTE,-124,2147483647,-124,-20,-93,2147483647,16,66986,497,2147483647,2147483647,2147483647,0,2147483647,[66],[FDD],"Band Number = 66, Uplink = 1710.0 - 1780.0 MHz, Downlink = 1710.0 - 1780.0 MHz ",Unavailable,Unavailable,0,1723951323463,85.171912415,2024-08-17 23:22:03.463000,-121.9479195,37.3931683,-24.899999618530277,37.3931683,-121.9479195,-24.899999618530277
4G_LTE,-116,2147483647,-116,-15,-93,2147483647,24,5330,471,2147483647,2147483647,2147483647,0,2147483647,[14],[FDD],"Band Number = 14, Uplink = 788.0 - 798.0 MHz, Downlink = 788.0 - 798.0 MHz ",Unavailable,Unavailable,0,1723951323463,85.171912415,2024-08-17 23:22:03.463000,-121.9479195,37.3931683,-24.899999618530277,37.3931683,-121.9479195,-24.899999618530277
4G_LTE,-104,2147483647,-104,-8,-87,2147483647,36,5035,87,2147483647,2147483647,2147483647,2,2147483647,[12],[FDD],"Band Number = 12, Uplink = 698.0 - 716.0 MHz, Downlink = 699.0 - 716.0 MHz ",Unavailable,Unavailable,0,1723951323463,85.171912415,2024-08-17 23:22:03.463000,-121.9479195,37.3931683,-24.899999618530277,37.3931683,-121.9479195,-24.899999618530277
4G_LTE,-112,2147483647,-112,-13,-87,2147483647,28,5035,88,2147483647,2147483647,2147483647,1,2147483647,[12],[FDD],"Band Number = 12, Uplink = 698.0 - 716.0 MHz, Downlink = 699.0 - 716.0 MHz ",Unavailable,Unavailable,0,1723951323463,85.171912415,2024-08-17 23:22:03.463000,-121.9479195,37.3931683,-24.899999618530277,37.3931683,-121.9479195,-24.899999618530277
4G_LTE,-118,2147483647,-118,-20,-87,2147483647,22,5035,191,2147483647,2147483647,2147483647,0,2147483647,[12],[FDD],"Band Number = 12, Uplink = 698.0 - 716.0 MHz, Downlink = 699.0 - 716.0 MHz ",Unavailable,Unavailable,0,1723951323463,85.171912415,2024-08-17 23:22:03.463000,-121.9479195,37.3931683,-24.899999618530277,37.3931683,-121.9479195,-24.899999618530277
4G_LTE,-132,2147483647,-132,-19,-103,2147483647,8,9820,192,2147483647,2147483647,2147483647,0,2147483647,[30],[FDD],"Band Number = 30, Uplink = 2305.0 - 2315.0 MHz, Downlink = 2305.0 - 2315.0 MHz ",Unavailable,Unavailable,0,1723951323463,85.171912415,2024-08-17 23:22:03.463000,-121.9479195,37.3931683,-24.899999618530277,37.3931683,-121.9479195,-24.899999618530277
4G_LTE,-116,2147483647,-116,-15,-83,2147483647,24,66986,102,2147483647,169470393,35653,0,2147483647,[66],[FDD],"Band Number = 66, Uplink = 1710.0 - 1780.0 MHz, Downlink = 1710.0 - 1780.0 MHz ",310,410,1,1723951324464,86.175654186,2024-08-17 23:22:04.464000,-121.9479195,37.3931683,-24.899999618530277,37.3931683,-121.9479195,-24.899999618530277
4G_LTE,-124,2147483647,-124,-20,-93,2147483647,16,66986,497,2147483647,2147483647,2147483647,0,2147483647,[66],[FDD],"Band Number = 66, Uplink = 1710.0 - 1780.0 MHz, Downlink = 1710.0 - 1780.0 MHz ",Unavailable,Unavailable,0,1723951324464,86.175654186,2024-08-17 23:22:04.464000,-121.9479195,37.3931683,-24.899999618530277,37.3931683,-121.9479195,-24.899999618530277
4G_LTE,-116,2147483647,-116,-15,-93,2147483647,24,5330,471,2147483647,2147483647,2147483647,0,2147483647,[14],[FDD],"Band Number = 14, Uplink = 788.0 - 798.0 MHz, Downlink = 788.0 - 798.0 MHz ",Unavailable,Unavailable,0,1723951324464,86.175654186,2024-08-17 23:22:04.464000,-121.9479195,37.3931683,-24.899999618530277,37.3931683,-121.9479195,-24.899999618530277
4G_LTE,-104,2147483647,-104,-8,-87,2147483647,36,5035,87,2147483647,2147483647,2147483647,2,2147483647,[12],[FDD],"Band Number = 12, Uplink = 698.0 - 716.0 MHz, Downlink = 699.0 - 716.0 MHz ",Unavailable,Unavailable,0,1723951324464,86.175654186,2024-08-17 23:22:04.464000,-121.9479195,37.3931683,-24.899999618530277,37.3931683,-121.9479195,-24.899999618530277
4G_LTE,-112,2147483647,-112,-13,-87,2147483647,28,5035,88,2147483647,2147483647,2147483647,1,2147483647,[12],[FDD],"Band Number = 12, Uplink = 698.0 - 716.0 MHz, Downlink = 699.0 - 716.0 MHz ",Unavailable,Unavailable,0,1723951324464,86.175654186,2024-08-17 23:22:04.464000,-121.9479195,37.3931683,-24.899999618530277,37.3931683,-121.9479195,-24.899999618530277
4G_LTE,-118,2147483647,-118,-20,-87,2147483647,22,5035,191,2147483647,2147483647,2147483647,0,2147483647,[12],[FDD],"Band Number = 12, Uplink = 698.0 - 716.0 MHz, Downlink = 699.0 - 716.0 MHz ",Unavailable,Unavailable,0,1723951324464,86.175654186,2024-08-17 23:22:04.464000,-121.9479195,37.3931683,-24.899999618530277,37.3931683,-121.9479195,-24.899999618530277
4G_LTE,-132,2147483647,-132,-19,-103,2147483647,8,9820,192,2147483647,2147483647,2147483647,0,2147483647,[30],[FDD],"Band Number = 30, Uplink = 2305.0 - 2315.0 MHz, Downlink = 2305.0 - 2315.0 MHz ",Unavailable,Unavailable,0,1723951324464,86.175654186,2024-08-17 23:22:04.464000,-121.9479195,37.3931683,-24.899999618530277,37.3931683,-121.9479195,-24.899999618530277
4G_LTE,-116,2147483647,-116,-15,-83,2147483647,24,66986,102,2147483647,169470393,35653,0,2147483647,[66],[FDD],"Band Number = 66, Uplink = 1710.0 - 1780.0 MHz, Downlink = 1710.0 - 1780.0 MHz ",310,410,1,1723951325465,87.176427935,2024-08-17 23:22:05.465000,-121.9479195,37.3931683,-24.899999618530277,37.3931683,-121.9479195,-24.899999618530277
4G_LTE,-124,2147483647,-124,-20,-93,2147483647,16,66986,497,2147483647,2147483647,2147483647,0,2147483647,[66],[FDD],"Band Number = 66, Uplink = 1710.0 - 1780.0 MHz, Downlink = 1710.0 - 1780.0 MHz ",Unavailable,Unavailable,0,1723951325465,87.176427935,2024-08-17 23:22:05.465000,-121.9479195,37.3931683,-24.899999618530277,37.3931683,-121.9479195,-24.899999618530277
4G_LTE,-116,2147483647,-116,-15,-93,2147483647,24,5330,471,2147483647,2147483647,2147483647,0,2147483647,[14],[FDD],"Band Number = 14, Uplink = 788.0 - 798.0 MHz, Downlink = 788.0 - 798.0 MHz ",Unavailable,Unavailable,0,1723951325465,87.176427935,2024-08-17 23:22:05.465000,-121.9479195,37.3931683,-24.899999618530277,37.3931683,-121.9479195,-24.899999618530277
4G_LTE,-104,2147483647,-104,-8,-87,2147483647,36,5035,87,2147483647,2147483647,2147483647,2,2147483647,[12],[FDD],"Band Number = 12, Uplink = 698.0 - 716.0 MHz, Downlink = 699.0 - 716.0 MHz ",Unavailable,Unavailable,0,1723951325465,87.176427935,2024-08-17 23:22:05.465000,-121.9479195,37.3931683,-24.899999618530277,37.3931683,-121.9479195,-24.899999618530277
4G_LTE,-112,2147483647,-112,-13,-87,2147483647,28,5035,88,2147483647,2147483647,2147483647,1,2147483647,[12],[FDD],"Band Number = 12, Uplink = 698.0 - 716.0 MHz, Downlink = 699.0 - 716.0 MHz ",Unavailable,Unavailable,0,1723951325465,87.176427935,2024-08-17 23:22:05.465000,-121.9479195,37.3931683,-24.899999618530277,37.3931683,-121.9479195,-24.899999618530277
4G_LTE,-118,2147483647,-118,-20,-87,2147483647,22,5035,191,2147483647,2147483647,2147483647,0,2147483647,[12],[FDD],"Band Number = 12, Uplink = 698.0 - 716.0 MHz, Downlink = 699.0 - 716.0 MHz ",Unavailable,Unavailable,0,1723951325465,87.176427935,2024-08-17 23:22:05.465000,-121.9479195,37.3931683,-24.899999618530277,37.3931683,-121.9479195,-24.899999618530277
4G_LTE,-132,2147483647,-132,-19,-103,2147483647,8,9820,192,2147483647,2147483647,2147483647,0,2147483647,[30],[FDD],"Band Number = 30, Uplink = 2305.0 - 2315.0 MHz, Downlink = 2305.0 - 2315.0 MHz ",Unavailable,Unavailable,0,1723951325465,87.176427935,2024-08-17 23:22:05.465000,-121.9479195,37.3931683,-24.899999618530277,37.3931683,-121.9479195,-24.899999618530277
4G_LTE,-115,2147483647,-115,-13,-85,2147483647,25,66986,102,2147483647,169470393,35653,1,2147483647,[66],[FDD],"Band Number = 66, Uplink = 1710.0 - 1780.0 MHz, Downlink = 1710.0 - 1780.0 MHz ",310,410,1,1723951326465,88.175447831,2024-08-17 23:22:06.465000,-121.9479195,37.3931683,-24.899999618530277,37.3931683,-121.9479195,-24.899999618530277
4G_LTE,-129,2147483647,-129,-20,-95,2147483647,11,66986,497,2147483647,2147483647,2147483647,0,2147483647,[66],[FDD],"Band Number = 66, Uplink = 1710.0 - 1780.0 MHz, Downlink = 1710.0 - 1780.0 MHz ",Unavailable,Unavailable,0,1723951326465,88.175447831,2024-08-17 23:22:06.465000,-121.9479195,37.3931683,-24.899999618530277,37.3931683,-121.9479195,-24.899999618530277
4G_LTE,-117,2147483647,-117,-15,-93,2147483647,23,5330,471,2147483647,2147483647,2147483647,0,2147483647,[14],[FDD],"Band Number = 14, Uplink = 788.0 - 798.0 MHz, Downlink = 788.0 - 798.0 MHz ",Unavailable,Unavailable,0,1723951326465,88.175447831,2024-08-17 23:22:06.465000,-121.9479195,37.3931683,-24.899999618530277,37.3931683,-121.9479195,-24.899999618530277
4G_LTE,-108,2147483647,-108,-11,-89,2147483647,32,5035,87,2147483647,2147483647,2147483647,1,2147483647,[12],[FDD],"Band Number = 12, Uplink = 698.0 - 716.0 MHz, Downlink = 699.0 - 716.0 MHz ",Unavailable,Unavailable,0,1723951326465,88.175447831,2024-08-17 23:22:06.465000,-121.9479195,37.3931683,-24.899999618530277,37.3931683,-121.9479195,-24.899999618530277
4G_LTE,-111,2147483647,-111,-13,-89,2147483647,29,5035,88,2147483647,2147483647,2147483647,1,2147483647,[12],[FDD],"Band Number = 12, Uplink = 698.0 - 716.0 MHz, Downlink = 699.0 - 716.0 MHz ",Unavailable,Unavailable,0,1723951326465,88.175447831,2024-08-17 23:22:06.465000,-121.9479195,37.3931683,-24.899999618530277,37.3931683,-121.9479195,-24.899999618530277
4G_LTE,-115,2147483647,-115,-17,-89,2147483647,25,5035,191,2147483647,2147483647,2147483647,1,2147483647,[12],[FDD],"Band Number = 12, Uplink = 698.0 - 716.0 MHz, Downlink = 699.0 - 716.0 MHz ",Unavailable,Unavailable,0,1723951326465,88.175447831,2024-08-17 23:22:06.465000,-121.9479195,37.3931683,-24.899999618530277,37.3931683,-121.9479195,-24.899999618530277
4G_LTE,-128,2147483647,-128,-17,-103,2147483647,12,9820,192,2147483647,2147483647,2147483647,0,2147483647,[30],[FDD],"Band Number = 30, Uplink = 2305.0 - 2315.0 MHz, Downlink = 2305.0 - 2315.0 MHz ",Unavailable,Unavailable,0,1723951326465,88.175447831,2024-08-17 23:22:06.465000,-121.9479195,37.3931683,-24.899999618530277,37.3931683,-121.9479195,-24.899999618530277
4G_LTE,-115,2147483647,-115,-13,-85,2147483647,25,66986,102,2147483647,169470393,35653,1,2147483647,[66],[FDD],"Band Number = 66, Uplink = 1710.0 - 1780.0 MHz, Downlink = 1710.0 - 1780.0 MHz ",310,410,1,1723951327469,89.181499497,2024-08-17 23:22:07.469000,-121.9479195,37.3931683,-24.899999618530277,37.3931683,-121.9479195,-24.899999618530277
4G_LTE,-129,2147483647,-129,-20,-95,2147483647,11,66986,497,2147483647,2147483647,2147483647,0,2147483647,[66],[FDD],"Band Number = 66, Uplink = 1710.0 - 1780.0 MHz, Downlink = 1710.0 - 1780.0 MHz ",Unavailable,Unavailable,0,1723951327469,89.181499497,2024-08-17 23:22:07.469000,-121.9479195,37.3931683,-24.899999618530277,37.3931683,-121.9479195,-24.899999618530277
4G_LTE,-117,2147483647,-117,-15,-93,2147483647,23,5330,471,2147483647,2147483647,2147483647,0,2147483647,[14],[FDD],"Band Number = 14, Uplink = 788.0 - 798.0 MHz, Downlink = 788.0 - 798.0 MHz ",Unavailable,Unavailable,0,1723951327469,89.181499497,2024-08-17 23:22:07.469000,-121.9479195,37.3931683,-24.899999618530277,37.3931683,-121.9479195,-24.899999618530277
4G_LTE,-108,2147483647,-108,-11,-89,2147483647,32,5035,87,2147483647,2147483647,2147483647,1,2147483647,[12],[FDD],"Band Number = 12, Uplink = 698.0 - 716.0 MHz, Downlink = 699.0 - 716.0 MHz ",Unavailable,Unavailable,0,1723951327469,89.181499497,2024-08-17 23:22:07.469000,-121.9479195,37.3931683,-24.899999618530277,37.3931683,-121.9479195,-24.899999618530277
4G_LTE,-111,2147483647,-111,-13,-89,2147483647,29,5035,88,2147483647,2147483647,2147483647,1,2147483647,[12],[FDD],"Band Number = 12, Uplink = 698.0 - 716.0 MHz, Downlink = 699.0 - 716.0 MHz ",Unavailable,Unavailable,0,1723951327469,89.181499497,2024-08-17 23:22:07.469000,-121.9479195,37.3931683,-24.899999618530277,37.3931683,-121.9479195,-24.899999618530277
4G_LTE,-115,2147483647,-115,-17,-89,2147483647,25,5035,191,2147483647,2147483647,2147483647,1,2147483647,[12],[FDD],"Band Number = 12, Uplink = 698.0 - 716.0 MHz, Downlink = 699.0 - 716.0 MHz ",Unavailable,Unavailable,0,1723951327469,89.181499497,2024-08-17 23:22:07.469000,-121.9479195,37.3931683,-24.899999618530277,37.3931683,-121.9479195,-24.899999618530277
4G_LTE,-128,2147483647,-128,-17,-103,2147483647,12,9820,192,2147483647,2147483647,2147483647,0,2147483647,[30],[FDD],"Band Number = 30, Uplink = 2305.0 - 2315.0 MHz, Downlink = 2305.0 - 2315.0 MHz ",Unavailable,Unavailable,0,1723951327469,89.181499497,2024-08-17 23:22:07.469000,-121.9479195,37.3931683,-24.899999618530277,37.3931683,-121.9479195,-24.899999618530277
4G_LTE,-115,2147483647,-115,-13,-85,2147483647,25,66986,102,2147483647,169470393,35653,1,2147483647,[66],[FDD],"Band Number = 66, Uplink = 1710.0 - 1780.0 MHz, Downlink = 1710.0 - 1780.0 MHz ",310,410,1,1723951328471,90.18349908,2024-08-17 23:22:08.471000,-121.9479195,37.3931683,-24.899999618530277,37.3931683,-121.9479195,-24.899999618530277
4G_LTE,-129,2147483647,-129,-20,-95,2147483647,11,66986,497,2147483647,2147483647,2147483647,0,2147483647,[66],[FDD],"Band Number = 66, Uplink = 1710.0 - 1780.0 MHz, Downlink = 1710.0 - 1780.0 MHz ",Unavailable,Unavailable,0,1723951328471,90.18349908,2024-08-17 23:22:08.471000,-121.9479195,37.3931683,-24.899999618530277,37.3931683,-121.9479195,-24.899999618530277
4G_LTE,-117,2147483647,-117,-15,-93,2147483647,23,5330,471,2147483647,2147483647,2147483647,0,2147483647,[14],[FDD],"Band Number = 14, Uplink = 788.0 - 798.0 MHz, Downlink = 788.0 - 798.0 MHz ",Unavailable,Unavailable,0,1723951328471,90.18349908,2024-08-17 23:22:08.471000,-121.9479195,37.3931683,-24.899999618530277,37.3931683,-121.9479195,-24.899999618530277
4G_LTE,-108,2147483647,-108,-11,-89,2147483647,32,5035,87,2147483647,2147483647,2147483647,1,2147483647,[12],[FDD],"Band Number = 12, Uplink = 698.0 - 716.0 MHz, Downlink = 699.0 - 716.0 MHz ",Unavailable,Unavailable,0,1723951328471,90.18349908,2024-08-17 23:22:08.471000,-121.9479195,37.3931683,-24.899999618530277,37.3931683,-121.9479195,-24.899999618530277
4G_LTE,-111,2147483647,-111,-13,-89,2147483647,29,5035,88,2147483647,2147483647,2147483647,1,2147483647,[12],[FDD],"Band Number = 12, Uplink = 698.0 - 716.0 MHz, Downlink = 699.0 - 716.0 MHz ",Unavailable,Unavailable,0,1723951328471,90.18349908,2024-08-17 23:22:08.471000,-121.9479195,37.3931683,-24.899999618530277,37.3931683,-121.9479195,-24.899999618530277
4G_LTE,-115,2147483647,-115,-17,-89,2147483647,25,5035,191,2147483647,2147483647,2147483647,1,2147483647,[12],[FDD],"Band Number = 12, Uplink = 698.0 - 716.0 MHz, Downlink = 699.0 - 716.0 MHz ",Unavailable,Unavailable,0,1723951328471,90.18349908,2024-08-17 23:22:08.471000,-121.9479195,37.3931683,-24.899999618530277,37.3931683,-121.9479195,-24.899999618530277
4G_LTE,-128,2147483647,-128,-17,-103,2147483647,12,9820,192,2147483647,2147483647,2147483647,0,2147483647,[30],[FDD],"Band Number = 30, Uplink = 2305.0 - 2315.0 MHz, Downlink = 2305.0 - 2315.0 MHz ",Unavailable,Unavailable,0,1723951328471,90.18349908,2024-08-17 23:22:08.471000,-121.9479195,37.3931683,-24.899999618530277,37.3931683,-121.9479195,-24.899999618530277
4G_LTE,-115,2147483647,-115,-13,-85,2147483647,25,66986,102,2147483647,169470393,35653,1,2147483647,[66],[FDD],"Band Number = 66, Uplink = 1710.0 - 1780.0 MHz, Downlink = 1710.0 - 1780.0 MHz ",310,410,1,1723951329471,91.182335017,2024-08-17 23:22:09.471000,-121.9479195,37.3931683,-24.899999618530277,37.3931683,-121.9479195,-24.899999618530277
4G_LTE,-129,2147483647,-129,-20,-95,2147483647,11,66986,497,2147483647,2147483647,2147483647,0,2147483647,[66],[FDD],"Band Number = 66, Uplink = 1710.0 - 1780.0 MHz, Downlink = 1710.0 - 1780.0 MHz ",Unavailable,Unavailable,0,1723951329471,91.182335017,2024-08-17 23:22:09.471000,-121.9479195,37.3931683,-24.899999618530277,37.3931683,-121.9479195,-24.899999618530277
4G_LTE,-117,2147483647,-117,-15,-93,2147483647,23,5330,471,2147483647,2147483647,2147483647,0,2147483647,[14],[FDD],"Band Number = 14, Uplink = 788.0 - 798.0 MHz, Downlink = 788.0 - 798.0 MHz ",Unavailable,Unavailable,0,1723951329471,91.182335017,2024-08-17 23:22:09.471000,-121.9479195,37.3931683,-24.899999618530277,37.3931683,-121.9479195,-24.899999618530277
4G_LTE,-108,2147483647,-108,-11,-89,2147483647,32,5035,87,2147483647,2147483647,2147483647,1,2147483647,[12],[FDD],"Band Number = 12, Uplink = 698.0 - 716.0 MHz, Downlink = 699.0 - 716.0 MHz ",Unavailable,Unavailable,0,1723951329471,91.182335017,2024-08-17 23:22:09.471000,-121.9479195,37.3931683,-24.899999618530277,37.3931683,-121.9479195,-24.899999618530277
4G_LTE,-111,2147483647,-111,-13,-89,2147483647,29,5035,88,2147483647,2147483647,2147483647,1,2147483647,[12],[FDD],"Band Number = 12, Uplink = 698.0 - 716.0 MHz, Downlink = 699.0 - 716.0 MHz ",Unavailable,Unavailable,0,1723951329471,91.182335017,2024-08-17 23:22:09.471000,-121.9479195,37.3931683,-24.899999618530277,37.3931683,-121.9479195,-24.899999618530277
4G_LTE,-115,2147483647,-115,-17,-89,2147483647,25,5035,191,2147483647,2147483647,2147483647,1,2147483647,[12],[FDD],"Band Number = 12, Uplink = 698.0 - 716.0 MHz, Downlink = 699.0 - 716.0 MHz ",Unavailable,Unavailable,0,1723951329471,91.182335017,2024-08-17 23:22:09.471000,-121.9479195,37.3931683,-24.899999618530277,37.3931683,-121.9479195,-24.899999618530277
4G_LTE,-128,2147483647,-128,-17,-103,2147483647,12,9820,192,2147483647,2147483647,2147483647,0,2147483647,[30],[FDD],"Band Number = 30, Uplink = 2305.0 - 2315.0 MHz, Downlink = 2305.0 - 2315.0 MHz ",Unavailable,Unavailable,0,1723951329471,91.182335017,2024-08-17 23:22:09.471000,-121.9479195,37.3931683,-24.899999618530277,37.3931683,-121.9479195,-24.899999618530277
4G_LTE,-115,2147483647,-115,-13,-85,2147483647,25,66986,102,2147483647,169470393,35653,1,2147483647,[66],[FDD],"Band Number = 66, Uplink = 1710.0 - 1780.0 MHz, Downlink = 1710.0 - 1780.0 MHz ",310,410,1,1723951330474,92.185534236,2024-08-17 23:22:10.474000,-121.9479195,37.3931683,-24.899999618530277,37.3931683,-121.9479195,-24.899999618530277
4G_LTE,-129,2147483647,-129,-20,-95,2147483647,11,66986,497,2147483647,2147483647,2147483647,0,2147483647,[66],[FDD],"Band Number = 66, Uplink = 1710.0 - 1780.0 MHz, Downlink = 1710.0 - 1780.0 MHz ",Unavailable,Unavailable,0,1723951330474,92.185534236,2024-08-17 23:22:10.474000,-121.9479195,37.3931683,-24.899999618530277,37.3931683,-121.9479195,-24.899999618530277
4G_LTE,-117,2147483647,-117,-15,-93,2147483647,23,5330,471,2147483647,2147483647,2147483647,0,2147483647,[14],[FDD],"Band Number = 14, Uplink = 788.0 - 798.0 MHz, Downlink = 788.0 - 798.0 MHz ",Unavailable,Unavailable,0,1723951330474,92.185534236,2024-08-17 23:22:10.474000,-121.9479195,37.3931683,-24.899999618530277,37.3931683,-121.9479195,-24.899999618530277
4G_LTE,-108,2147483647,-108,-11,-89,2147483647,32,5035,87,2147483647,2147483647,2147483647,1,2147483647,[12],[FDD],"Band Number = 12, Uplink = 698.0 - 716.0 MHz, Downlink = 699.0 - 716.0 MHz ",Unavailable,Unavailable,0,1723951330474,92.185534236,2024-08-17 23:22:10.474000,-121.9479195,37.3931683,-24.899999618530277,37.3931683,-121.9479195,-24.899999618530277
4G_LTE,-111,2147483647,-111,-13,-89,2147483647,29,5035,88,2147483647,2147483647,2147483647,1,2147483647,[12],[FDD],"Band Number = 12, Uplink = 698.0 - 716.0 MHz, Downlink = 699.0 - 716.0 MHz ",Unavailable,Unavailable,0,1723951330474,92.185534236,2024-08-17 23:22:10.474000,-121.9479195,37.3931683,-24.899999618530277,37.3931683,-121.9479195,-24.899999618530277
4G_LTE,-115,2147483647,-115,-17,-89,2147483647,25,5035,191,2147483647,2147483647,2147483647,1,2147483647,[12],[FDD],"Band Number = 12, Uplink = 698.0 - 716.0 MHz, Downlink = 699.0 - 716.0 MHz ",Unavailable,Unavailable,0,1723951330474,92.185534236,2024-08-17 23:22:10.474000,-121.9479195,37.3931683,-24.899999618530277,37.3931683,-121.9479195,-24.899999618530277
4G_LTE,-128,2147483647,-128,-17,-103,2147483647,12,9820,192,2147483647,2147483647,2147483647,0,2147483647,[30],[FDD],"Band Number = 30, Uplink = 2305.0 - 2315.0 MHz, Downlink = 2305.0 - 2315.0 MHz ",Unavailable,Unavailable,0,1723951330474,92.185534236,2024-08-17 23:22:10.474000,-121.9479195,37.3931683,-24.899999618530277,37.3931683,-121.9479195,-24.899999618530277
4G_LTE,-115,2147483647,-115,-13,-85,2147483647,25,66986,102,2147483647,169470393,35653,1,2147483647,[66],[FDD],"Band Number = 66, Uplink = 1710.0 - 1780.0 MHz, Downlink = 1710.0 - 1780.0 MHz ",310,410,1,1723951331472,93.184756266,2024-08-17 23:22:11.472000,-121.9479195,37.3931683,-24.899999618530277,37.3931683,-121.9479195,-24.899999618530277
4G_LTE,-129,2147483647,-129,-20,-95,2147483647,11,66986,497,2147483647,2147483647,2147483647,0,2147483647,[66],[FDD],"Band Number = 66, Uplink = 1710.0 - 1780.0 MHz, Downlink = 1710.0 - 1780.0 MHz ",Unavailable,Unavailable,0,1723951331472,93.184756266,2024-08-17 23:22:11.472000,-121.9479195,37.3931683,-24.899999618530277,37.3931683,-121.9479195,-24.899999618530277
4G_LTE,-117,2147483647,-117,-15,-93,2147483647,23,5330,471,2147483647,2147483647,2147483647,0,2147483647,[14],[FDD],"Band Number = 14, Uplink = 788.0 - 798.0 MHz, Downlink = 788.0 - 798.0 MHz ",Unavailable,Unavailable,0,1723951331472,93.184756266,2024-08-17 23:22:11.472000,-121.9479195,37.3931683,-24.899999618530277,37.3931683,-121.9479195,-24.899999618530277
4G_LTE,-108,2147483647,-108,-11,-89,2147483647,32,5035,87,2147483647,2147483647,2147483647,1,2147483647,[12],[FDD],"Band Number = 12, Uplink = 698.0 - 716.0 MHz, Downlink = 699.0 - 716.0 MHz ",Unavailable,Unavailable,0,1723951331472,93.184756266,2024-08-17 23:22:11.472000,-121.9479195,37.3931683,-24.899999618530277,37.3931683,-121.9479195,-24.899999618530277
4G_LTE,-111,2147483647,-111,-13,-89,2147483647,29,5035,88,2147483647,2147483647,2147483647,1,2147483647,[12],[FDD],"Band Number = 12, Uplink = 698.0 - 716.0 MHz, Downlink = 699.0 - 716.0 MHz ",Unavailable,Unavailable,0,1723951331472,93.184756266,2024-08-17 23:22:11.472000,-121.9479195,37.3931683,-24.899999618530277,37.3931683,-121.9479195,-24.899999618530277
4G_LTE,-115,2147483647,-115,-17,-89,2147483647,25,5035,191,2147483647,2147483647,2147483647,1,2147483647,[12],[FDD],"Band Number = 12, Uplink = 698.0 - 716.0 MHz, Downlink = 699.0 - 716.0 MHz ",Unavailable,Unavailable,0,1723951331472,93.184756266,2024-08-17 23:22:11.472000,-121.9479195,37.3931683,-24.899999618530277,37.3931683,-121.9479195,-24.899999618530277
4G_LTE,-128,2147483647,-128,-17,-103,2147483647,12,9820,192,2147483647,2147483647,2147483647,0,2147483647,[30],[FDD],"Band Number = 30, Uplink = 2305.0 - 2315.0 MHz, Downlink = 2305.0 - 2315.0 MHz ",Unavailable,Unavailable,0,1723951331472,93.184756266,2024-08-17 23:22:11.472000,-121.9479195,37.3931683,-24.899999618530277,37.3931683,-121.9479195,-24.899999618530277
4G_LTE,-115,2147483647,-115,-13,-85,2147483647,25,66986,102,2147483647,169470393,35653,1,2147483647,[66],[FDD],"Band Number = 66, Uplink = 1710.0 - 1780.0 MHz, Downlink = 1710.0 - 1780.0 MHz ",310,410,1,1723951332481,94.190011006,2024-08-17 23:22:12.481000,-121.9479195,37.3931683,-24.899999618530277,37.3931683,-121.9479195,-24.899999618530277
4G_LTE,-129,2147483647,-129,-20,-95,2147483647,11,66986,497,2147483647,2147483647,2147483647,0,2147483647,[66],[FDD],"Band Number = 66, Uplink = 1710.0 - 1780.0 MHz, Downlink = 1710.0 - 1780.0 MHz ",Unavailable,Unavailable,0,1723951332481,94.190011006,2024-08-17 23:22:12.481000,-121.9479195,37.3931683,-24.899999618530277,37.3931683,-121.9479195,-24.899999618530277
4G_LTE,-117,2147483647,-117,-15,-93,2147483647,23,5330,471,2147483647,2147483647,2147483647,0,2147483647,[14],[FDD],"Band Number = 14, Uplink = 788.0 - 798.0 MHz, Downlink = 788.0 - 798.0 MHz ",Unavailable,Unavailable,0,1723951332481,94.190011006,2024-08-17 23:22:12.481000,-121.9479195,37.3931683,-24.899999618530277,37.3931683,-121.9479195,-24.899999618530277
4G_LTE,-108,2147483647,-108,-11,-89,2147483647,32,5035,87,2147483647,2147483647,2147483647,1,2147483647,[12],[FDD],"Band Number = 12, Uplink = 698.0 - 716.0 MHz, Downlink = 699.0 - 716.0 MHz ",Unavailable,Unavailable,0,1723951332481,94.190011006,2024-08-17 23:22:12.481000,-121.9479195,37.3931683,-24.899999618530277,37.3931683,-121.9479195,-24.899999618530277
4G_LTE,-111,2147483647,-111,-13,-89,2147483647,29,5035,88,2147483647,2147483647,2147483647,1,2147483647,[12],[FDD],"Band Number = 12, Uplink = 698.0 - 716.0 MHz, Downlink = 699.0 - 716.0 MHz ",Unavailable,Unavailable,0,1723951332481,94.190011006,2024-08-17 23:22:12.481000,-121.9479195,37.3931683,-24.899999618530277,37.3931683,-121.9479195,-24.899999618530277
4G_LTE,-115,2147483647,-115,-17,-89,2147483647,25,5035,191,2147483647,2147483647,2147483647,1,2147483647,[12],[FDD],"Band Number = 12, Uplink = 698.0 - 716.0 MHz, Downlink = 699.0 - 716.0 MHz ",Unavailable,Unavailable,0,1723951332481,94.190011006,2024-08-17 23:22:12.481000,-121.9479195,37.3931683,-24.899999618530277,37.3931683,-121.9479195,-24.899999618530277
4G_LTE,-128,2147483647,-128,-17,-103,2147483647,12,9820,192,2147483647,2147483647,2147483647,0,2147483647,[30],[FDD],"Band Number = 30, Uplink = 2305.0 - 2315.0 MHz, Downlink = 2305.0 - 2315.0 MHz ",Unavailable,Unavailable,0,1723951332481,94.190011006,2024-08-17 23:22:12.481000,-121.9479195,37.3931683,-24.899999618530277,37.3931683,-121.9479195,-24.899999618530277
4G_LTE,-115,2147483647,-115,-13,-85,2147483647,25,66986,102,2147483647,169470393,35653,1,2147483647,[66],[FDD],"Band Number = 66, Uplink = 1710.0 - 1780.0 MHz, Downlink = 1710.0 - 1780.0 MHz ",310,410,1,1723951333476,95.187562099,2024-08-17 23:22:13.476000,-121.9479195,37.3931683,-24.899999618530277,37.3931683,-121.9479195,-24.899999618530277
4G_LTE,-129,2147483647,-129,-20,-95,2147483647,11,66986,497,2147483647,2147483647,2147483647,0,2147483647,[66],[FDD],"Band Number = 66, Uplink = 1710.0 - 1780.0 MHz, Downlink = 1710.0 - 1780.0 MHz ",Unavailable,Unavailable,0,1723951333476,95.187562099,2024-08-17 23:22:13.476000,-121.9479195,37.3931683,-24.899999618530277,37.3931683,-121.9479195,-24.899999618530277
4G_LTE,-117,2147483647,-117,-15,-93,2147483647,23,5330,471,2147483647,2147483647,2147483647,0,2147483647,[14],[FDD],"Band Number = 14, Uplink = 788.0 - 798.0 MHz, Downlink = 788.0 - 798.0 MHz ",Unavailable,Unavailable,0,1723951333476,95.187562099,2024-08-17 23:22:13.476000,-121.9479195,37.3931683,-24.899999618530277,37.3931683,-121.9479195,-24.899999618530277
4G_LTE,-108,2147483647,-108,-11,-89,2147483647,32,5035,87,2147483647,2147483647,2147483647,1,2147483647,[12],[FDD],"Band Number = 12, Uplink = 698.0 - 716.0 MHz, Downlink = 699.0 - 716.0 MHz ",Unavailable,Unavailable,0,1723951333476,95.187562099,2024-08-17 23:22:13.476000,-121.9479195,37.3931683,-24.899999618530277,37.3931683,-121.9479195,-24.899999618530277
4G_LTE,-111,2147483647,-111,-13,-89,2147483647,29,5035,88,2147483647,2147483647,2147483647,1,2147483647,[12],[FDD],"Band Number = 12, Uplink = 698.0 - 716.0 MHz, Downlink = 699.0 - 716.0 MHz ",Unavailable,Unavailable,0,1723951333476,95.187562099,2024-08-17 23:22:13.476000,-121.9479195,37.3931683,-24.899999618530277,37.3931683,-121.9479195,-24.899999618530277
4G_LTE,-115,2147483647,-115,-17,-89,2147483647,25,5035,191,2147483647,2147483647,2147483647,1,2147483647,[12],[FDD],"Band Number = 12, Uplink = 698.0 - 716.0 MHz, Downlink = 699.0 - 716.0 MHz ",Unavailable,Unavailable,0,1723951333476,95.187562099,2024-08-17 23:22:13.476000,-121.9479195,37.3931683,-24.899999618530277,37.3931683,-121.9479195,-24.899999618530277
4G_LTE,-128,2147483647,-128,-17,-103,2147483647,12,9820,192,2147483647,2147483647,2147483647,0,2147483647,[30],[FDD],"Band Number = 30, Uplink = 2305.0 - 2315.0 MHz, Downlink = 2305.0 - 2315.0 MHz ",Unavailable,Unavailable,0,1723951333476,95.187562099,2024-08-17 23:22:13.476000,-121.9479195,37.3931683,-24.899999618530277,37.3931683,-121.9479195,-24.899999618530277
4G_LTE,-115,2147483647,-115,-13,-85,2147483647,25,66986,102,2147483647,169470393,35653,1,2147483647,[66],[FDD],"Band Number = 66, Uplink = 1710.0 - 1780.0 MHz, Downlink = 1710.0 - 1780.0 MHz ",310,410,1,1723951334478,96.190485224,2024-08-17 23:22:14.478000,-121.9479195,37.3931683,-24.899999618530277,37.3931683,-121.9479195,-24.899999618530277
4G_LTE,-129,2147483647,-129,-20,-95,2147483647,11,66986,497,2147483647,2147483647,2147483647,0,2147483647,[66],[FDD],"Band Number = 66, Uplink = 1710.0 - 1780.0 MHz, Downlink = 1710.0 - 1780.0 MHz ",Unavailable,Unavailable,0,1723951334478,96.190485224,2024-08-17 23:22:14.478000,-121.9479195,37.3931683,-24.899999618530277,37.3931683,-121.9479195,-24.899999618530277
4G_LTE,-117,2147483647,-117,-15,-93,2147483647,23,5330,471,2147483647,2147483647,2147483647,0,2147483647,[14],[FDD],"Band Number = 14, Uplink = 788.0 - 798.0 MHz, Downlink = 788.0 - 798.0 MHz ",Unavailable,Unavailable,0,1723951334478,96.190485224,2024-08-17 23:22:14.478000,-121.9479195,37.3931683,-24.899999618530277,37.3931683,-121.9479195,-24.899999618530277
4G_LTE,-108,2147483647,-108,-11,-89,2147483647,32,5035,87,2147483647,2147483647,2147483647,1,2147483647,[12],[FDD],"Band Number = 12, Uplink = 698.0 - 716.0 MHz, Downlink = 699.0 - 716.0 MHz ",Unavailable,Unavailable,0,1723951334478,96.190485224,2024-08-17 23:22:14.478000,-121.9479195,37.3931683,-24.899999618530277,37.3931683,-121.9479195,-24.899999618530277
4G_LTE,-111,2147483647,-111,-13,-89,2147483647,29,5035,88,2147483647,2147483647,2147483647,1,2147483647,[12],[FDD],"Band Number = 12, Uplink = 698.0 - 716.0 MHz, Downlink = 699.0 - 716.0 MHz ",Unavailable,Unavailable,0,1723951334478,96.190485224,2024-08-17 23:22:14.478000,-121.9479195,37.3931683,-24.899999618530277,37.3931683,-121.9479195,-24.899999618530277
4G_LTE,-115,2147483647,-115,-17,-89,2147483647,25,5035,191,2147483647,2147483647,2147483647,1,2147483647,[12],[FDD],"Band Number = 12, Uplink = 698.0 - 716.0 MHz, Downlink = 699.0 - 716.0 MHz ",Unavailable,Unavailable,0,1723951334478,96.190485224,2024-08-17 23:22:14.478000,-121.9479195,37.3931683,-24.899999618530277,37.3931683,-121.9479195,-24.899999618530277
4G_LTE,-128,2147483647,-128,-17,-103,2147483647,12,9820,192,2147483647,2147483647,2147483647,0,2147483647,[30],[FDD],"Band Number = 30, Uplink = 2305.0 - 2315.0 MHz, Downlink = 2305.0 - 2315.0 MHz ",Unavailable,Unavailable,0,1723951334478,96.190485224,2024-08-17 23:22:14.478000,-121.9479195,37.3931683,-24.899999618530277,37.3931683,-121.9479195,-24.899999618530277
4G_LTE,-115,2147483647,-115,-13,-85,2147483647,25,66986,102,2147483647,169470393,35653,1,2147483647,[66],[FDD],"Band Number = 66, Uplink = 1710.0 - 1780.0 MHz, Downlink = 1710.0 - 1780.0 MHz ",310,410,1,1723951335478,97.188778088,2024-08-17 23:22:15.478000,-121.9479195,37.3931683,-24.899999618530277,37.3931683,-121.9479195,-24.899999618530277
4G_LTE,-129,2147483647,-129,-20,-95,2147483647,11,66986,497,2147483647,2147483647,2147483647,0,2147483647,[66],[FDD],"Band Number = 66, Uplink = 1710.0 - 1780.0 MHz, Downlink = 1710.0 - 1780.0 MHz ",Unavailable,Unavailable,0,1723951335478,97.188778088,2024-08-17 23:22:15.478000,-121.9479195,37.3931683,-24.899999618530277,37.3931683,-121.9479195,-24.899999618530277
4G_LTE,-117,2147483647,-117,-15,-93,2147483647,23,5330,471,2147483647,2147483647,2147483647,0,2147483647,[14],[FDD],"Band Number = 14, Uplink = 788.0 - 798.0 MHz, Downlink = 788.0 - 798.0 MHz ",Unavailable,Unavailable,0,1723951335478,97.188778088,2024-08-17 23:22:15.478000,-121.9479195,37.3931683,-24.899999618530277,37.3931683,-121.9479195,-24.899999618530277
4G_LTE,-108,2147483647,-108,-11,-89,2147483647,32,5035,87,2147483647,2147483647,2147483647,1,2147483647,[12],[FDD],"Band Number = 12, Uplink = 698.0 - 716.0 MHz, Downlink = 699.0 - 716.0 MHz ",Unavailable,Unavailable,0,1723951335478,97.188778088,2024-08-17 23:22:15.478000,-121.9479195,37.3931683,-24.899999618530277,37.3931683,-121.9479195,-24.899999618530277
4G_LTE,-111,2147483647,-111,-13,-89,2147483647,29,5035,88,2147483647,2147483647,2147483647,1,2147483647,[12],[FDD],"Band Number = 12, Uplink = 698.0 - 716.0 MHz, Downlink = 699.0 - 716.0 MHz ",Unavailable,Unavailable,0,1723951335478,97.188778088,2024-08-17 23:22:15.478000,-121.9479195,37.3931683,-24.899999618530277,37.3931683,-121.9479195,-24.899999618530277
4G_LTE,-115,2147483647,-115,-17,-89,2147483647,25,5035,191,2147483647,2147483647,2147483647,1,2147483647,[12],[FDD],"Band Number = 12, Uplink = 698.0 - 716.0 MHz, Downlink = 699.0 - 716.0 MHz ",Unavailable,Unavailable,0,1723951335478,97.188778088,2024-08-17 23:22:15.478000,-121.9479195,37.3931683,-24.899999618530277,37.3931683,-121.9479195,-24.899999618530277
4G_LTE,-128,2147483647,-128,-17,-103,2147483647,12,9820,192,2147483647,2147483647,2147483647,0,2147483647,[30],[FDD],"Band Number = 30, Uplink = 2305.0 - 2315.0 MHz, Downlink = 2305.0 - 2315.0 MHz ",Unavailable,Unavailable,0,1723951335478,97.188778088,2024-08-17 23:22:15.478000,-121.9479195,37.3931683,-24.899999618530277,37.3931683,-121.9479195,-24.899999618530277
4G_LTE,-116,2147483647,-116,-12,-85,2147483647,24,66986,102,2147483647,169470393,35653,0,2147483647,[66],[FDD],"Band Number = 66, Uplink = 1710.0 - 1780.0 MHz, Downlink = 1710.0 - 1780.0 MHz ",310,410,1,1723951336484,98.194298712,2024-08-17 23:22:16.484000,-121.9479195,37.3931683,-24.899999618530277,37.3931683,-121.9479195,-24.899999618530277
4G_LTE,-128,2147483647,-128,-20,-95,2147483647,12,66986,497,2147483647,2147483647,2147483647,0,2147483647,[66],[FDD],"Band Number = 66, Uplink = 1710.0 - 1780.0 MHz, Downlink = 1710.0 - 1780.0 MHz ",Unavailable,Unavailable,0,1723951336484,98.194298712,2024-08-17 23:22:16.484000,-121.9479195,37.3931683,-24.899999618530277,37.3931683,-121.9479195,-24.899999618530277
4G_LTE,-117,2147483647,-117,-15,-93,2147483647,23,5330,471,2147483647,2147483647,2147483647,0,2147483647,[14],[FDD],"Band Number = 14, Uplink = 788.0 - 798.0 MHz, Downlink = 788.0 - 798.0 MHz ",Unavailable,Unavailable,0,1723951336484,98.194298712,2024-08-17 23:22:16.484000,-121.9479195,37.3931683,-24.899999618530277,37.3931683,-121.9479195,-24.899999618530277
4G_LTE,-108,2147483647,-108,-11,-89,2147483647,32,5035,87,2147483647,2147483647,2147483647,1,2147483647,[12],[FDD],"Band Number = 12, Uplink = 698.0 - 716.0 MHz, Downlink = 699.0 - 716.0 MHz ",Unavailable,Unavailable,0,1723951336484,98.194298712,2024-08-17 23:22:16.484000,-121.9479195,37.3931683,-24.899999618530277,37.3931683,-121.9479195,-24.899999618530277
4G_LTE,-111,2147483647,-111,-13,-89,2147483647,29,5035,88,2147483647,2147483647,2147483647,1,2147483647,[12],[FDD],"Band Number = 12, Uplink = 698.0 - 716.0 MHz, Downlink = 699.0 - 716.0 MHz ",Unavailable,Unavailable,0,1723951336484,98.194298712,2024-08-17 23:22:16.484000,-121.9479195,37.3931683,-24.899999618530277,37.3931683,-121.9479195,-24.899999618530277
4G_LTE,-115,2147483647,-115,-17,-89,2147483647,25,5035,191,2147483647,2147483647,2147483647,1,2147483647,[12],[FDD],"Band Number = 12, Uplink = 698.0 - 716.0 MHz, Downlink = 699.0 - 716.0 MHz ",Unavailable,Unavailable,0,1723951336484,98.194298712,2024-08-17 23:22:16.484000,-121.9479195,37.3931683,-24.899999618530277,37.3931683,-121.9479195,-24.899999618530277
4G_LTE,-128,2147483647,-128,-17,-103,2147483647,12,9820,192,2147483647,2147483647,2147483647,0,2147483647,[30],[FDD],"Band Number = 30, Uplink = 2305.0 - 2315.0 MHz, Downlink = 2305.0 - 2315.0 MHz ",Unavailable,Unavailable,0,1723951336484,98.194298712,2024-08-17 23:22:16.484000,-121.9479195,37.3931683,-24.899999618530277,37.3931683,-121.9479195,-24.899999618530277
4G_LTE,-116,2147483647,-116,-12,-85,2147483647,24,66986,102,2147483647,169470393,35653,0,2147483647,[66],[FDD],"Band Number = 66, Uplink = 1710.0 - 1780.0 MHz, Downlink = 1710.0 - 1780.0 MHz ",310,410,1,1723951337481,99.192660743,2024-08-17 23:22:17.481000,-121.9479195,37.3931683,-24.899999618530277,37.3931683,-121.9479195,-24.899999618530277
4G_LTE,-128,2147483647,-128,-20,-95,2147483647,12,66986,497,2147483647,2147483647,2147483647,0,2147483647,[66],[FDD],"Band Number = 66, Uplink = 1710.0 - 1780.0 MHz, Downlink = 1710.0 - 1780.0 MHz ",Unavailable,Unavailable,0,1723951337481,99.192660743,2024-08-17 23:22:17.481000,-121.9479195,37.3931683,-24.899999618530277,37.3931683,-121.9479195,-24.899999618530277
4G_LTE,-117,2147483647,-117,-15,-93,2147483647,23,5330,471,2147483647,2147483647,2147483647,0,2147483647,[14],[FDD],"Band Number = 14, Uplink = 788.0 - 798.0 MHz, Downlink = 788.0 - 798.0 MHz ",Unavailable,Unavailable,0,1723951337481,99.192660743,2024-08-17 23:22:17.481000,-121.9479195,37.3931683,-24.899999618530277,37.3931683,-121.9479195,-24.899999618530277
4G_LTE,-108,2147483647,-108,-11,-89,2147483647,32,5035,87,2147483647,2147483647,2147483647,1,2147483647,[12],[FDD],"Band Number = 12, Uplink = 698.0 - 716.0 MHz, Downlink = 699.0 - 716.0 MHz ",Unavailable,Unavailable,0,1723951337481,99.192660743,2024-08-17 23:22:17.481000,-121.9479195,37.3931683,-24.899999618530277,37.3931683,-121.9479195,-24.899999618530277
4G_LTE,-111,2147483647,-111,-13,-89,2147483647,29,5035,88,2147483647,2147483647,2147483647,1,2147483647,[12],[FDD],"Band Number = 12, Uplink = 698.0 - 716.0 MHz, Downlink = 699.0 - 716.0 MHz ",Unavailable,Unavailable,0,1723951337481,99.192660743,2024-08-17 23:22:17.481000,-121.9479195,37.3931683,-24.899999618530277,37.3931683,-121.9479195,-24.899999618530277
4G_LTE,-115,2147483647,-115,-17,-89,2147483647,25,5035,191,2147483647,2147483647,2147483647,1,2147483647,[12],[FDD],"Band Number = 12, Uplink = 698.0 - 716.0 MHz, Downlink = 699.0 - 716.0 MHz ",Unavailable,Unavailable,0,1723951337481,99.192660743,2024-08-17 23:22:17.481000,-121.9479195,37.3931683,-24.899999618530277,37.3931683,-121.9479195,-24.899999618530277
4G_LTE,-128,2147483647,-128,-17,-103,2147483647,12,9820,192,2147483647,2147483647,2147483647,0,2147483647,[30],[FDD],"Band Number = 30, Uplink = 2305.0 - 2315.0 MHz, Downlink = 2305.0 - 2315.0 MHz ",Unavailable,Unavailable,0,1723951337481,99.192660743,2024-08-17 23:22:17.481000,-121.9479195,37.3931683,-24.899999618530277,37.3931683,-121.9479195,-24.899999618530277
4G_LTE,-116,2147483647,-116,-12,-85,2147483647,24,66986,102,2147483647,169470393,35653,0,2147483647,[66],[FDD],"Band Number = 66, Uplink = 1710.0 - 1780.0 MHz, Downlink = 1710.0 - 1780.0 MHz ",310,410,1,1723951338479,100.191047462,2024-08-17 23:22:18.479000,-121.9479195,37.3931683,-24.899999618530277,37.3931683,-121.9479195,-24.899999618530277
4G_LTE,-128,2147483647,-128,-20,-95,2147483647,12,66986,497,2147483647,2147483647,2147483647,0,2147483647,[66],[FDD],"Band Number = 66, Uplink = 1710.0 - 1780.0 MHz, Downlink = 1710.0 - 1780.0 MHz ",Unavailable,Unavailable,0,1723951338479,100.191047462,2024-08-17 23:22:18.479000,-121.9479195,37.3931683,-24.899999618530277,37.3931683,-121.9479195,-24.899999618530277
4G_LTE,-117,2147483647,-117,-15,-93,2147483647,23,5330,471,2147483647,2147483647,2147483647,0,2147483647,[14],[FDD],"Band Number = 14, Uplink = 788.0 - 798.0 MHz, Downlink = 788.0 - 798.0 MHz ",Unavailable,Unavailable,0,1723951338479,100.191047462,2024-08-17 23:22:18.479000,-121.9479195,37.3931683,-24.899999618530277,37.3931683,-121.9479195,-24.899999618530277
4G_LTE,-108,2147483647,-108,-11,-89,2147483647,32,5035,87,2147483647,2147483647,2147483647,1,2147483647,[12],[FDD],"Band Number = 12, Uplink = 698.0 - 716.0 MHz, Downlink = 699.0 - 716.0 MHz ",Unavailable,Unavailable,0,1723951338479,100.191047462,2024-08-17 23:22:18.479000,-121.9479195,37.3931683,-24.899999618530277,37.3931683,-121.9479195,-24.899999618530277
4G_LTE,-111,2147483647,-111,-13,-89,2147483647,29,5035,88,2147483647,2147483647,2147483647,1,2147483647,[12],[FDD],"Band Number = 12, Uplink = 698.0 - 716.0 MHz, Downlink = 699.0 - 716.0 MHz ",Unavailable,Unavailable,0,1723951338479,100.191047462,2024-08-17 23:22:18.479000,-121.9479195,37.3931683,-24.899999618530277,37.3931683,-121.9479195,-24.899999618530277
4G_LTE,-115,2147483647,-115,-17,-89,2147483647,25,5035,191,2147483647,2147483647,2147483647,1,2147483647,[12],[FDD],"Band Number = 12, Uplink = 698.0 - 716.0 MHz, Downlink = 699.0 - 716.0 MHz ",Unavailable,Unavailable,0,1723951338479,100.191047462,2024-08-17 23:22:18.479000,-121.9479195,37.3931683,-24.899999618530277,37.3931683,-121.9479195,-24.899999618530277
4G_LTE,-128,2147483647,-128,-17,-103,2147483647,12,9820,192,2147483647,2147483647,2147483647,0,2147483647,[30],[FDD],"Band Number = 30, Uplink = 2305.0 - 2315.0 MHz, Downlink = 2305.0 - 2315.0 MHz ",Unavailable,Unavailable,0,1723951338479,100.191047462,2024-08-17 23:22:18.479000,-121.9479195,37.3931683,-24.899999618530277,37.3931683,-121.9479195,-24.899999618530277
4G_LTE,-116,2147483647,-116,-12,-85,2147483647,24,66986,102,2147483647,169470393,35653,0,2147483647,[66],[FDD],"Band Number = 66, Uplink = 1710.0 - 1780.0 MHz, Downlink = 1710.0 - 1780.0 MHz ",310,410,1,1723951339486,101.19750793,2024-08-17 23:22:19.486000,-121.9479195,37.3931683,-24.899999618530277,37.3931683,-121.9479195,-24.899999618530277
4G_LTE,-128,2147483647,-128,-20,-95,2147483647,12,66986,497,2147483647,2147483647,2147483647,0,2147483647,[66],[FDD],"Band Number = 66, Uplink = 1710.0 - 1780.0 MHz, Downlink = 1710.0 - 1780.0 MHz ",Unavailable,Unavailable,0,1723951339486,101.19750793,2024-08-17 23:22:19.486000,-121.9479195,37.3931683,-24.899999618530277,37.3931683,-121.9479195,-24.899999618530277
4G_LTE,-117,2147483647,-117,-15,-93,2147483647,23,5330,471,2147483647,2147483647,2147483647,0,2147483647,[14],[FDD],"Band Number = 14, Uplink = 788.0 - 798.0 MHz, Downlink = 788.0 - 798.0 MHz ",Unavailable,Unavailable,0,1723951339486,101.19750793,2024-08-17 23:22:19.486000,-121.9479195,37.3931683,-24.899999618530277,37.3931683,-121.9479195,-24.899999618530277
4G_LTE,-108,2147483647,-108,-11,-89,2147483647,32,5035,87,2147483647,2147483647,2147483647,1,2147483647,[12],[FDD],"Band Number = 12, Uplink = 698.0 - 716.0 MHz, Downlink = 699.0 - 716.0 MHz ",Unavailable,Unavailable,0,1723951339486,101.19750793,2024-08-17 23:22:19.486000,-121.9479195,37.3931683,-24.899999618530277,37.3931683,-121.9479195,-24.899999618530277
4G_LTE,-111,2147483647,-111,-13,-89,2147483647,29,5035,88,2147483647,2147483647,2147483647,1,2147483647,[12],[FDD],"Band Number = 12, Uplink = 698.0 - 716.0 MHz, Downlink = 699.0 - 716.0 MHz ",Unavailable,Unavailable,0,1723951339486,101.19750793,2024-08-17 23:22:19.486000,-121.9479195,37.3931683,-24.899999618530277,37.3931683,-121.9479195,-24.899999618530277
4G_LTE,-115,2147483647,-115,-17,-89,2147483647,25,5035,191,2147483647,2147483647,2147483647,1,2147483647,[12],[FDD],"Band Number = 12, Uplink = 698.0 - 716.0 MHz, Downlink = 699.0 - 716.0 MHz ",Unavailable,Unavailable,0,1723951339486,101.19750793,2024-08-17 23:22:19.486000,-121.9479195,37.3931683,-24.899999618530277,37.3931683,-121.9479195,-24.899999618530277
4G_LTE,-128,2147483647,-128,-17,-103,2147483647,12,9820,192,2147483647,2147483647,2147483647,0,2147483647,[30],[FDD],"Band Number = 30, Uplink = 2305.0 - 2315.0 MHz, Downlink = 2305.0 - 2315.0 MHz ",Unavailable,Unavailable,0,1723951339486,101.19750793,2024-08-17 23:22:19.486000,-121.9479195,37.3931683,-24.899999618530277,37.3931683,-121.9479195,-24.899999618530277
4G_LTE,-116,2147483647,-116,-12,-85,2147483647,24,66986,102,2147483647,169470393,35653,0,2147483647,[66],[FDD],"Band Number = 66, Uplink = 1710.0 - 1780.0 MHz, Downlink = 1710.0 - 1780.0 MHz ",310,410,1,1723951340484,102.194988971,2024-08-17 23:22:20.484000,-121.9479195,37.3931683,-24.899999618530277,37.3931683,-121.9479195,-24.899999618530277
4G_LTE,-128,2147483647,-128,-20,-95,2147483647,12,66986,497,2147483647,2147483647,2147483647,0,2147483647,[66],[FDD],"Band Number = 66, Uplink = 1710.0 - 1780.0 MHz, Downlink = 1710.0 - 1780.0 MHz ",Unavailable,Unavailable,0,1723951340484,102.194988971,2024-08-17 23:22:20.484000,-121.9479195,37.3931683,-24.899999618530277,37.3931683,-121.9479195,-24.899999618530277
4G_LTE,-117,2147483647,-117,-15,-93,2147483647,23,5330,471,2147483647,2147483647,2147483647,0,2147483647,[14],[FDD],"Band Number = 14, Uplink = 788.0 - 798.0 MHz, Downlink = 788.0 - 798.0 MHz ",Unavailable,Unavailable,0,1723951340484,102.194988971,2024-08-17 23:22:20.484000,-121.9479195,37.3931683,-24.899999618530277,37.3931683,-121.9479195,-24.899999618530277
4G_LTE,-108,2147483647,-108,-11,-89,2147483647,32,5035,87,2147483647,2147483647,2147483647,1,2147483647,[12],[FDD],"Band Number = 12, Uplink = 698.0 - 716.0 MHz, Downlink = 699.0 - 716.0 MHz ",Unavailable,Unavailable,0,1723951340484,102.194988971,2024-08-17 23:22:20.484000,-121.9479195,37.3931683,-24.899999618530277,37.3931683,-121.9479195,-24.899999618530277
4G_LTE,-111,2147483647,-111,-13,-89,2147483647,29,5035,88,2147483647,2147483647,2147483647,1,2147483647,[12],[FDD],"Band Number = 12, Uplink = 698.0 - 716.0 MHz, Downlink = 699.0 - 716.0 MHz ",Unavailable,Unavailable,0,1723951340484,102.194988971,2024-08-17 23:22:20.484000,-121.9479195,37.3931683,-24.899999618530277,37.3931683,-121.9479195,-24.899999618530277
4G_LTE,-115,2147483647,-115,-17,-89,2147483647,25,5035,191,2147483647,2147483647,2147483647,1,2147483647,[12],[FDD],"Band Number = 12, Uplink = 698.0 - 716.0 MHz, Downlink = 699.0 - 716.0 MHz ",Unavailable,Unavailable,0,1723951340484,102.194988971,2024-08-17 23:22:20.484000,-121.9479195,37.3931683,-24.899999618530277,37.3931683,-121.9479195,-24.899999618530277
4G_LTE,-128,2147483647,-128,-17,-103,2147483647,12,9820,192,2147483647,2147483647,2147483647,0,2147483647,[30],[FDD],"Band Number = 30, Uplink = 2305.0 - 2315.0 MHz, Downlink = 2305.0 - 2315.0 MHz ",Unavailable,Unavailable,0,1723951340484,102.194988971,2024-08-17 23:22:20.484000,-121.9479195,37.3931683,-24.899999618530277,37.3931683,-121.9479195,-24.899999618530277
4G_LTE,-116,2147483647,-116,-12,-85,2147483647,24,66986,102,2147483647,169470393,35653,0,2147483647,[66],[FDD],"Band Number = 66, Uplink = 1710.0 - 1780.0 MHz, Downlink = 1710.0 - 1780.0 MHz ",310,410,1,1723951341485,103.196896367,2024-08-17 23:22:21.485000,-121.9479195,37.3931683,-24.899999618530277,37.3931683,-121.9479195,-24.899999618530277
4G_LTE,-128,2147483647,-128,-20,-95,2147483647,12,66986,497,2147483647,2147483647,2147483647,0,2147483647,[66],[FDD],"Band Number = 66, Uplink = 1710.0 - 1780.0 MHz, Downlink = 1710.0 - 1780.0 MHz ",Unavailable,Unavailable,0,1723951341485,103.196896367,2024-08-17 23:22:21.485000,-121.9479195,37.3931683,-24.899999618530277,37.3931683,-121.9479195,-24.899999618530277
4G_LTE,-117,2147483647,-117,-15,-93,2147483647,23,5330,471,2147483647,2147483647,2147483647,0,2147483647,[14],[FDD],"Band Number = 14, Uplink = 788.0 - 798.0 MHz, Downlink = 788.0 - 798.0 MHz ",Unavailable,Unavailable,0,1723951341485,103.196896367,2024-08-17 23:22:21.485000,-121.9479195,37.3931683,-24.899999618530277,37.3931683,-121.9479195,-24.899999618530277
4G_LTE,-108,2147483647,-108,-11,-89,2147483647,32,5035,87,2147483647,2147483647,2147483647,1,2147483647,[12],[FDD],"Band Number = 12, Uplink = 698.0 - 716.0 MHz, Downlink = 699.0 - 716.0 MHz ",Unavailable,Unavailable,0,1723951341485,103.196896367,2024-08-17 23:22:21.485000,-121.9479195,37.3931683,-24.899999618530277,37.3931683,-121.9479195,-24.899999618530277
4G_LTE,-111,2147483647,-111,-13,-89,2147483647,29,5035,88,2147483647,2147483647,2147483647,1,2147483647,[12],[FDD],"Band Number = 12, Uplink = 698.0 - 716.0 MHz, Downlink = 699.0 - 716.0 MHz ",Unavailable,Unavailable,0,1723951341485,103.196896367,2024-08-17 23:22:21.485000,-121.9479195,37.3931683,-24.899999618530277,37.3931683,-121.9479195,-24.899999618530277
4G_LTE,-115,2147483647,-115,-17,-89,2147483647,25,5035,191,2147483647,2147483647,2147483647,1,2147483647,[12],[FDD],"Band Number = 12, Uplink = 698.0 - 716.0 MHz, Downlink = 699.0 - 716.0 MHz ",Unavailable,Unavailable,0,1723951341485,103.196896367,2024-08-17 23:22:21.485000,-121.9479195,37.3931683,-24.899999618530277,37.3931683,-121.9479195,-24.899999618530277
4G_LTE,-128,2147483647,-128,-17,-103,2147483647,12,9820,192,2147483647,2147483647,2147483647,0,2147483647,[30],[FDD],"Band Number = 30, Uplink = 2305.0 - 2315.0 MHz, Downlink = 2305.0 - 2315.0 MHz ",Unavailable,Unavailable,0,1723951341485,103.196896367,2024-08-17 23:22:21.485000,-121.9479195,37.3931683,-24.899999618530277,37.3931683,-121.9479195,-24.899999618530277
4G_LTE,-116,2147483647,-116,-12,-85,2147483647,24,66986,102,2147483647,169470393,35653,0,2147483647,[66],[FDD],"Band Number = 66, Uplink = 1710.0 - 1780.0 MHz, Downlink = 1710.0 - 1780.0 MHz ",310,410,1,1723951342493,104.19828871,2024-08-17 23:22:22.493000,-121.9479195,37.3931683,-24.899999618530277,37.3931683,-121.9479195,-24.899999618530277
4G_LTE,-128,2147483647,-128,-20,-95,2147483647,12,66986,497,2147483647,2147483647,2147483647,0,2147483647,[66],[FDD],"Band Number = 66, Uplink = 1710.0 - 1780.0 MHz, Downlink = 1710.0 - 1780.0 MHz ",Unavailable,Unavailable,0,1723951342493,104.19828871,2024-08-17 23:22:22.493000,-121.9479195,37.3931683,-24.899999618530277,37.3931683,-121.9479195,-24.899999618530277
4G_LTE,-117,2147483647,-117,-15,-93,2147483647,23,5330,471,2147483647,2147483647,2147483647,0,2147483647,[14],[FDD],"Band Number = 14, Uplink = 788.0 - 798.0 MHz, Downlink = 788.0 - 798.0 MHz ",Unavailable,Unavailable,0,1723951342493,104.19828871,2024-08-17 23:22:22.493000,-121.9479195,37.3931683,-24.899999618530277,37.3931683,-121.9479195,-24.899999618530277
4G_LTE,-108,2147483647,-108,-11,-89,2147483647,32,5035,87,2147483647,2147483647,2147483647,1,2147483647,[12],[FDD],"Band Number = 12, Uplink = 698.0 - 716.0 MHz, Downlink = 699.0 - 716.0 MHz ",Unavailable,Unavailable,0,1723951342493,104.19828871,2024-08-17 23:22:22.493000,-121.9479195,37.3931683,-24.899999618530277,37.3931683,-121.9479195,-24.899999618530277
4G_LTE,-111,2147483647,-111,-13,-89,2147483647,29,5035,88,2147483647,2147483647,2147483647,1,2147483647,[12],[FDD],"Band Number = 12, Uplink = 698.0 - 716.0 MHz, Downlink = 699.0 - 716.0 MHz ",Unavailable,Unavailable,0,1723951342493,104.19828871,2024-08-17 23:22:22.493000,-121.9479195,37.3931683,-24.899999618530277,37.3931683,-121.9479195,-24.899999618530277
4G_LTE,-115,2147483647,-115,-17,-89,2147483647,25,5035,191,2147483647,2147483647,2147483647,1,2147483647,[12],[FDD],"Band Number = 12, Uplink = 698.0 - 716.0 MHz, Downlink = 699.0 - 716.0 MHz ",Unavailable,Unavailable,0,1723951342493,104.19828871,2024-08-17 23:22:22.493000,-121.9479195,37.3931683,-24.899999618530277,37.3931683,-121.9479195,-24.899999618530277
4G_LTE,-128,2147483647,-128,-17,-103,2147483647,12,9820,192,2147483647,2147483647,2147483647,0,2147483647,[30],[FDD],"Band Number = 30, Uplink = 2305.0 - 2315.0 MHz, Downlink = 2305.0 - 2315.0 MHz ",Unavailable,Unavailable,0,1723951342493,104.19828871,2024-08-17 23:22:22.493000,-121.9479195,37.3931683,-24.899999618530277,37.3931683,-121.9479195,-24.899999618530277
4G_LTE,-116,2147483647,-116,-12,-85,2147483647,24,66986,102,2147483647,169470393,35653,0,2147483647,[66],[FDD],"Band Number = 66, Uplink = 1710.0 - 1780.0 MHz, Downlink = 1710.0 - 1780.0 MHz ",310,410,1,1723951343491,105.202567824,2024-08-17 23:22:23.491000,-121.9479195,37.3931683,-24.899999618530277,37.3931683,-121.9479195,-24.899999618530277
4G_LTE,-128,2147483647,-128,-20,-95,2147483647,12,66986,497,2147483647,2147483647,2147483647,0,2147483647,[66],[FDD],"Band Number = 66, Uplink = 1710.0 - 1780.0 MHz, Downlink = 1710.0 - 1780.0 MHz ",Unavailable,Unavailable,0,1723951343491,105.202567824,2024-08-17 23:22:23.491000,-121.9479195,37.3931683,-24.899999618530277,37.3931683,-121.9479195,-24.899999618530277
4G_LTE,-117,2147483647,-117,-15,-93,2147483647,23,5330,471,2147483647,2147483647,2147483647,0,2147483647,[14],[FDD],"Band Number = 14, Uplink = 788.0 - 798.0 MHz, Downlink = 788.0 - 798.0 MHz ",Unavailable,Unavailable,0,1723951343491,105.202567824,2024-08-17 23:22:23.491000,-121.9479195,37.3931683,-24.899999618530277,37.3931683,-121.9479195,-24.899999618530277
4G_LTE,-108,2147483647,-108,-11,-89,2147483647,32,5035,87,2147483647,2147483647,2147483647,1,2147483647,[12],[FDD],"Band Number = 12, Uplink = 698.0 - 716.0 MHz, Downlink = 699.0 - 716.0 MHz ",Unavailable,Unavailable,0,1723951343491,105.202567824,2024-08-17 23:22:23.491000,-121.9479195,37.3931683,-24.899999618530277,37.3931683,-121.9479195,-24.899999618530277
4G_LTE,-111,2147483647,-111,-13,-89,2147483647,29,5035,88,2147483647,2147483647,2147483647,1,2147483647,[12],[FDD],"Band Number = 12, Uplink = 698.0 - 716.0 MHz, Downlink = 699.0 - 716.0 MHz ",Unavailable,Unavailable,0,1723951343491,105.202567824,2024-08-17 23:22:23.491000,-121.9479195,37.3931683,-24.899999618530277,37.3931683,-121.9479195,-24.899999618530277
4G_LTE,-115,2147483647,-115,-17,-89,2147483647,25,5035,191,2147483647,2147483647,2147483647,1,2147483647,[12],[FDD],"Band Number = 12, Uplink = 698.0 - 716.0 MHz, Downlink = 699.0 - 716.0 MHz ",Unavailable,Unavailable,0,1723951343491,105.202567824,2024-08-17 23:22:23.491000,-121.9479195,37.3931683,-24.899999618530277,37.3931683,-121.9479195,-24.899999618530277
4G_LTE,-128,2147483647,-128,-17,-103,2147483647,12,9820,192,2147483647,2147483647,2147483647,0,2147483647,[30],[FDD],"Band Number = 30, Uplink = 2305.0 - 2315.0 MHz, Downlink = 2305.0 - 2315.0 MHz ",Unavailable,Unavailable,0,1723951343491,105.202567824,2024-08-17 23:22:23.491000,-121.9479195,37.3931683,-24.899999618530277,37.3931683,-121.9479195,-24.899999618530277
4G_LTE,-116,2147483647,-116,-12,-85,2147483647,24,66986,102,2147483647,169470393,35653,0,2147483647,[66],[FDD],"Band Number = 66, Uplink = 1710.0 - 1780.0 MHz, Downlink = 1710.0 - 1780.0 MHz ",310,410,1,1723951344490,106.201978814,2024-08-17 23:22:24.490000,-121.9479195,37.3931683,-24.899999618530277,37.3931683,-121.9479195,-24.899999618530277
4G_LTE,-128,2147483647,-128,-20,-95,2147483647,12,66986,497,2147483647,2147483647,2147483647,0,2147483647,[66],[FDD],"Band Number = 66, Uplink = 1710.0 - 1780.0 MHz, Downlink = 1710.0 - 1780.0 MHz ",Unavailable,Unavailable,0,1723951344490,106.201978814,2024-08-17 23:22:24.490000,-121.9479195,37.3931683,-24.899999618530277,37.3931683,-121.9479195,-24.899999618530277
4G_LTE,-117,2147483647,-117,-15,-93,2147483647,23,5330,471,2147483647,2147483647,2147483647,0,2147483647,[14],[FDD],"Band Number = 14, Uplink = 788.0 - 798.0 MHz, Downlink = 788.0 - 798.0 MHz ",Unavailable,Unavailable,0,1723951344490,106.201978814,2024-08-17 23:22:24.490000,-121.9479195,37.3931683,-24.899999618530277,37.3931683,-121.9479195,-24.899999618530277
4G_LTE,-108,2147483647,-108,-11,-89,2147483647,32,5035,87,2147483647,2147483647,2147483647,1,2147483647,[12],[FDD],"Band Number = 12, Uplink = 698.0 - 716.0 MHz, Downlink = 699.0 - 716.0 MHz ",Unavailable,Unavailable,0,1723951344490,106.201978814,2024-08-17 23:22:24.490000,-121.9479195,37.3931683,-24.899999618530277,37.3931683,-121.9479195,-24.899999618530277
4G_LTE,-111,2147483647,-111,-13,-89,2147483647,29,5035,88,2147483647,2147483647,2147483647,1,2147483647,[12],[FDD],"Band Number = 12, Uplink = 698.0 - 716.0 MHz, Downlink = 699.0 - 716.0 MHz ",Unavailable,Unavailable,0,1723951344490,106.201978814,2024-08-17 23:22:24.490000,-121.9479195,37.3931683,-24.899999618530277,37.3931683,-121.9479195,-24.899999618530277
4G_LTE,-115,2147483647,-115,-17,-89,2147483647,25,5035,191,2147483647,2147483647,2147483647,1,2147483647,[12],[FDD],"Band Number = 12, Uplink = 698.0 - 716.0 MHz, Downlink = 699.0 - 716.0 MHz ",Unavailable,Unavailable,0,1723951344490,106.201978814,2024-08-17 23:22:24.490000,-121.9479195,37.3931683,-24.899999618530277,37.3931683,-121.9479195,-24.899999618530277
4G_LTE,-128,2147483647,-128,-17,-103,2147483647,12,9820,192,2147483647,2147483647,2147483647,0,2147483647,[30],[FDD],"Band Number = 30, Uplink = 2305.0 - 2315.0 MHz, Downlink = 2305.0 - 2315.0 MHz ",Unavailable,Unavailable,0,1723951344490,106.201978814,2024-08-17 23:22:24.490000,-121.9479195,37.3931683,-24.899999618530277,37.3931683,-121.9479195,-24.899999618530277
4G_LTE,-116,2147483647,-116,-12,-85,2147483647,24,66986,102,2147483647,169470393,35653,0,2147483647,[66],[FDD],"Band Number = 66, Uplink = 1710.0 - 1780.0 MHz, Downlink = 1710.0 - 1780.0 MHz ",310,410,1,1723951345493,107.203623501,2024-08-17 23:22:25.493000,-121.9479195,37.3931683,-24.899999618530277,37.3931683,-121.9479195,-24.899999618530277
4G_LTE,-128,2147483647,-128,-20,-95,2147483647,12,66986,497,2147483647,2147483647,2147483647,0,2147483647,[66],[FDD],"Band Number = 66, Uplink = 1710.0 - 1780.0 MHz, Downlink = 1710.0 - 1780.0 MHz ",Unavailable,Unavailable,0,1723951345493,107.203623501,2024-08-17 23:22:25.493000,-121.9479195,37.3931683,-24.899999618530277,37.3931683,-121.9479195,-24.899999618530277
4G_LTE,-117,2147483647,-117,-15,-93,2147483647,23,5330,471,2147483647,2147483647,2147483647,0,2147483647,[14],[FDD],"Band Number = 14, Uplink = 788.0 - 798.0 MHz, Downlink = 788.0 - 798.0 MHz ",Unavailable,Unavailable,0,1723951345493,107.203623501,2024-08-17 23:22:25.493000,-121.9479195,37.3931683,-24.899999618530277,37.3931683,-121.9479195,-24.899999618530277
4G_LTE,-108,2147483647,-108,-11,-89,2147483647,32,5035,87,2147483647,2147483647,2147483647,1,2147483647,[12],[FDD],"Band Number = 12, Uplink = 698.0 - 716.0 MHz, Downlink = 699.0 - 716.0 MHz ",Unavailable,Unavailable,0,1723951345493,107.203623501,2024-08-17 23:22:25.493000,-121.9479195,37.3931683,-24.899999618530277,37.3931683,-121.9479195,-24.899999618530277
4G_LTE,-111,2147483647,-111,-13,-89,2147483647,29,5035,88,2147483647,2147483647,2147483647,1,2147483647,[12],[FDD],"Band Number = 12, Uplink = 698.0 - 716.0 MHz, Downlink = 699.0 - 716.0 MHz ",Unavailable,Unavailable,0,1723951345493,107.203623501,2024-08-17 23:22:25.493000,-121.9479195,37.3931683,-24.899999618530277,37.3931683,-121.9479195,-24.899999618530277
4G_LTE,-115,2147483647,-115,-17,-89,2147483647,25,5035,191,2147483647,2147483647,2147483647,1,2147483647,[12],[FDD],"Band Number = 12, Uplink = 698.0 - 716.0 MHz, Downlink = 699.0 - 716.0 MHz ",Unavailable,Unavailable,0,1723951345493,107.203623501,2024-08-17 23:22:25.493000,-121.9479195,37.3931683,-24.899999618530277,37.3931683,-121.9479195,-24.899999618530277
4G_LTE,-128,2147483647,-128,-17,-103,2147483647,12,9820,192,2147483647,2147483647,2147483647,0,2147483647,[30],[FDD],"Band Number = 30, Uplink = 2305.0 - 2315.0 MHz, Downlink = 2305.0 - 2315.0 MHz ",Unavailable,Unavailable,0,1723951345493,107.203623501,2024-08-17 23:22:25.493000,-121.9479195,37.3931683,-24.899999618530277,37.3931683,-121.9479195,-24.899999618530277
4G_LTE,-115,2147483647,-115,-10,-87,2147483647,25,66986,102,2147483647,169470393,35653,1,2147483647,[66],[FDD],"Band Number = 66, Uplink = 1710.0 - 1780.0 MHz, Downlink = 1710.0 - 1780.0 MHz ",310,410,1,1723951346497,108.208313969,2024-08-17 23:22:26.497000,-121.9479195,37.3931683,-24.899999618530277,37.3931683,-121.9479195,-24.899999618530277
4G_LTE,-129,2147483647,-129,-20,-95,2147483647,11,66986,497,2147483647,2147483647,2147483647,0,2147483647,[66],[FDD],"Band Number = 66, Uplink = 1710.0 - 1780.0 MHz, Downlink = 1710.0 - 1780.0 MHz ",Unavailable,Unavailable,0,1723951346497,108.208313969,2024-08-17 23:22:26.497000,-121.9479195,37.3931683,-24.899999618530277,37.3931683,-121.9479195,-24.899999618530277
4G_LTE,-116,2147483647,-116,-12,-95,2147483647,24,5330,471,2147483647,2147483647,2147483647,0,2147483647,[14],[FDD],"Band Number = 14, Uplink = 788.0 - 798.0 MHz, Downlink = 788.0 - 798.0 MHz ",Unavailable,Unavailable,0,1723951346497,108.208313969,2024-08-17 23:22:26.497000,-121.9479195,37.3931683,-24.899999618530277,37.3931683,-121.9479195,-24.899999618530277
4G_LTE,-121,2147483647,-121,-15,-95,2147483647,19,5330,147,2147483647,2147483647,2147483647,0,2147483647,[14],[FDD],"Band Number = 14, Uplink = 788.0 - 798.0 MHz, Downlink = 788.0 - 798.0 MHz ",Unavailable,Unavailable,0,1723951346497,108.208313969,2024-08-17 23:22:26.497000,-121.9479195,37.3931683,-24.899999618530277,37.3931683,-121.9479195,-24.899999618530277
4G_LTE,-103,2147483647,-103,-10,-85,2147483647,37,5035,87,2147483647,2147483647,2147483647,2,2147483647,[12],[FDD],"Band Number = 12, Uplink = 698.0 - 716.0 MHz, Downlink = 699.0 - 716.0 MHz ",Unavailable,Unavailable,0,1723951346497,108.208313969,2024-08-17 23:22:26.497000,-121.9479195,37.3931683,-24.899999618530277,37.3931683,-121.9479195,-24.899999618530277
4G_LTE,-113,2147483647,-113,-15,-85,2147483647,27,5035,88,2147483647,2147483647,2147483647,1,2147483647,[12],[FDD],"Band Number = 12, Uplink = 698.0 - 716.0 MHz, Downlink = 699.0 - 716.0 MHz ",Unavailable,Unavailable,0,1723951346497,108.208313969,2024-08-17 23:22:26.497000,-121.9479195,37.3931683,-24.899999618530277,37.3931683,-121.9479195,-24.899999618530277
4G_LTE,-112,2147483647,-112,-19,-85,2147483647,28,5035,191,2147483647,2147483647,2147483647,1,2147483647,[12],[FDD],"Band Number = 12, Uplink = 698.0 - 716.0 MHz, Downlink = 699.0 - 716.0 MHz ",Unavailable,Unavailable,0,1723951346497,108.208313969,2024-08-17 23:22:26.497000,-121.9479195,37.3931683,-24.899999618530277,37.3931683,-121.9479195,-24.899999618530277
4G_LTE,-128,2147483647,-128,-15,-103,2147483647,12,9820,192,2147483647,2147483647,2147483647,0,2147483647,[30],[FDD],"Band Number = 30, Uplink = 2305.0 - 2315.0 MHz, Downlink = 2305.0 - 2315.0 MHz ",Unavailable,Unavailable,0,1723951346497,108.208313969,2024-08-17 23:22:26.497000,-121.9479195,37.3931683,-24.899999618530277,37.3931683,-121.9479195,-24.899999618530277
4G_LTE,-115,2147483647,-115,-10,-87,2147483647,25,66986,102,2147483647,169470393,35653,1,2147483647,[66],[FDD],"Band Number = 66, Uplink = 1710.0 - 1780.0 MHz, Downlink = 1710.0 - 1780.0 MHz ",310,410,1,1723951347501,109.212720792,2024-08-17 23:22:27.501000,-121.9479195,37.3931683,-24.899999618530277,37.3931683,-121.9479195,-24.899999618530277
4G_LTE,-129,2147483647,-129,-20,-95,2147483647,11,66986,497,2147483647,2147483647,2147483647,0,2147483647,[66],[FDD],"Band Number = 66, Uplink = 1710.0 - 1780.0 MHz, Downlink = 1710.0 - 1780.0 MHz ",Unavailable,Unavailable,0,1723951347501,109.212720792,2024-08-17 23:22:27.501000,-121.9479195,37.3931683,-24.899999618530277,37.3931683,-121.9479195,-24.899999618530277
4G_LTE,-116,2147483647,-116,-12,-95,2147483647,24,5330,471,2147483647,2147483647,2147483647,0,2147483647,[14],[FDD],"Band Number = 14, Uplink = 788.0 - 798.0 MHz, Downlink = 788.0 - 798.0 MHz ",Unavailable,Unavailable,0,1723951347501,109.212720792,2024-08-17 23:22:27.501000,-121.9479195,37.3931683,-24.899999618530277,37.3931683,-121.9479195,-24.899999618530277
4G_LTE,-121,2147483647,-121,-15,-95,2147483647,19,5330,147,2147483647,2147483647,2147483647,0,2147483647,[14],[FDD],"Band Number = 14, Uplink = 788.0 - 798.0 MHz, Downlink = 788.0 - 798.0 MHz ",Unavailable,Unavailable,0,1723951347501,109.212720792,2024-08-17 23:22:27.501000,-121.9479195,37.3931683,-24.899999618530277,37.3931683,-121.9479195,-24.899999618530277
4G_LTE,-103,2147483647,-103,-10,-85,2147483647,37,5035,87,2147483647,2147483647,2147483647,2,2147483647,[12],[FDD],"Band Number = 12, Uplink = 698.0 - 716.0 MHz, Downlink = 699.0 - 716.0 MHz ",Unavailable,Unavailable,0,1723951347501,109.212720792,2024-08-17 23:22:27.501000,-121.9479195,37.3931683,-24.899999618530277,37.3931683,-121.9479195,-24.899999618530277
4G_LTE,-113,2147483647,-113,-15,-85,2147483647,27,5035,88,2147483647,2147483647,2147483647,1,2147483647,[12],[FDD],"Band Number = 12, Uplink = 698.0 - 716.0 MHz, Downlink = 699.0 - 716.0 MHz ",Unavailable,Unavailable,0,1723951347501,109.212720792,2024-08-17 23:22:27.501000,-121.9479195,37.3931683,-24.899999618530277,37.3931683,-121.9479195,-24.899999618530277
4G_LTE,-112,2147483647,-112,-19,-85,2147483647,28,5035,191,2147483647,2147483647,2147483647,1,2147483647,[12],[FDD],"Band Number = 12, Uplink = 698.0 - 716.0 MHz, Downlink = 699.0 - 716.0 MHz ",Unavailable,Unavailable,0,1723951347501,109.212720792,2024-08-17 23:22:27.501000,-121.9479195,37.3931683,-24.899999618530277,37.3931683,-121.9479195,-24.899999618530277
4G_LTE,-128,2147483647,-128,-15,-103,2147483647,12,9820,192,2147483647,2147483647,2147483647,0,2147483647,[30],[FDD],"Band Number = 30, Uplink = 2305.0 - 2315.0 MHz, Downlink = 2305.0 - 2315.0 MHz ",Unavailable,Unavailable,0,1723951347501,109.212720792,2024-08-17 23:22:27.501000,-121.9479195,37.3931683,-24.899999618530277,37.3931683,-121.9479195,-24.899999618530277
4G_LTE,-115,2147483647,-115,-10,-87,2147483647,25,66986,102,2147483647,169470393,35653,1,2147483647,[66],[FDD],"Band Number = 66, Uplink = 1710.0 - 1780.0 MHz, Downlink = 1710.0 - 1780.0 MHz ",310,410,1,1723951348505,110.214621364,2024-08-17 23:22:28.505000,-121.9479195,37.3931683,-24.899999618530277,37.3931683,-121.9479195,-24.899999618530277
4G_LTE,-129,2147483647,-129,-20,-95,2147483647,11,66986,497,2147483647,2147483647,2147483647,0,2147483647,[66],[FDD],"Band Number = 66, Uplink = 1710.0 - 1780.0 MHz, Downlink = 1710.0 - 1780.0 MHz ",Unavailable,Unavailable,0,1723951348505,110.214621364,2024-08-17 23:22:28.505000,-121.9479195,37.3931683,-24.899999618530277,37.3931683,-121.9479195,-24.899999618530277
4G_LTE,-116,2147483647,-116,-12,-95,2147483647,24,5330,471,2147483647,2147483647,2147483647,0,2147483647,[14],[FDD],"Band Number = 14, Uplink = 788.0 - 798.0 MHz, Downlink = 788.0 - 798.0 MHz ",Unavailable,Unavailable,0,1723951348505,110.214621364,2024-08-17 23:22:28.505000,-121.9479195,37.3931683,-24.899999618530277,37.3931683,-121.9479195,-24.899999618530277
4G_LTE,-121,2147483647,-121,-15,-95,2147483647,19,5330,147,2147483647,2147483647,2147483647,0,2147483647,[14],[FDD],"Band Number = 14, Uplink = 788.0 - 798.0 MHz, Downlink = 788.0 - 798.0 MHz ",Unavailable,Unavailable,0,1723951348505,110.214621364,2024-08-17 23:22:28.505000,-121.9479195,37.3931683,-24.899999618530277,37.3931683,-121.9479195,-24.899999618530277
4G_LTE,-103,2147483647,-103,-10,-85,2147483647,37,5035,87,2147483647,2147483647,2147483647,2,2147483647,[12],[FDD],"Band Number = 12, Uplink = 698.0 - 716.0 MHz, Downlink = 699.0 - 716.0 MHz ",Unavailable,Unavailable,0,1723951348505,110.214621364,2024-08-17 23:22:28.505000,-121.9479195,37.3931683,-24.899999618530277,37.3931683,-121.9479195,-24.899999618530277
4G_LTE,-113,2147483647,-113,-15,-85,2147483647,27,5035,88,2147483647,2147483647,2147483647,1,2147483647,[12],[FDD],"Band Number = 12, Uplink = 698.0 - 716.0 MHz, Downlink = 699.0 - 716.0 MHz ",Unavailable,Unavailable,0,1723951348505,110.214621364,2024-08-17 23:22:28.505000,-121.9479195,37.3931683,-24.899999618530277,37.3931683,-121.9479195,-24.899999618530277
4G_LTE,-112,2147483647,-112,-19,-85,2147483647,28,5035,191,2147483647,2147483647,2147483647,1,2147483647,[12],[FDD],"Band Number = 12, Uplink = 698.0 - 716.0 MHz, Downlink = 699.0 - 716.0 MHz ",Unavailable,Unavailable,0,1723951348505,110.214621364,2024-08-17 23:22:28.505000,-121.9479195,37.3931683,-24.899999618530277,37.3931683,-121.9479195,-24.899999618530277
4G_LTE,-128,2147483647,-128,-15,-103,2147483647,12,9820,192,2147483647,2147483647,2147483647,0,2147483647,[30],[FDD],"Band Number = 30, Uplink = 2305.0 - 2315.0 MHz, Downlink = 2305.0 - 2315.0 MHz ",Unavailable,Unavailable,0,1723951348505,110.214621364,2024-08-17 23:22:28.505000,-121.9479195,37.3931683,-24.899999618530277,37.3931683,-121.9479195,-24.899999618530277
4G_LTE,-115,2147483647,-115,-10,-87,2147483647,25,66986,102,2147483647,169470393,35653,1,2147483647,[66],[FDD],"Band Number = 66, Uplink = 1710.0 - 1780.0 MHz, Downlink = 1710.0 - 1780.0 MHz ",310,410,1,1723951349501,111.212958499,2024-08-17 23:22:29.501000,-121.9479367,37.3931701,-23.600000381469727,37.3931701,-121.9479367,-23.600000381469727
4G_LTE,-129,2147483647,-129,-20,-95,2147483647,11,66986,497,2147483647,2147483647,2147483647,0,2147483647,[66],[FDD],"Band Number = 66, Uplink = 1710.0 - 1780.0 MHz, Downlink = 1710.0 - 1780.0 MHz ",Unavailable,Unavailable,0,1723951349501,111.212958499,2024-08-17 23:22:29.501000,-121.9479367,37.3931701,-23.600000381469727,37.3931701,-121.9479367,-23.600000381469727
4G_LTE,-116,2147483647,-116,-12,-95,2147483647,24,5330,471,2147483647,2147483647,2147483647,0,2147483647,[14],[FDD],"Band Number = 14, Uplink = 788.0 - 798.0 MHz, Downlink = 788.0 - 798.0 MHz ",Unavailable,Unavailable,0,1723951349501,111.212958499,2024-08-17 23:22:29.501000,-121.9479367,37.3931701,-23.600000381469727,37.3931701,-121.9479367,-23.600000381469727
4G_LTE,-121,2147483647,-121,-15,-95,2147483647,19,5330,147,2147483647,2147483647,2147483647,0,2147483647,[14],[FDD],"Band Number = 14, Uplink = 788.0 - 798.0 MHz, Downlink = 788.0 - 798.0 MHz ",Unavailable,Unavailable,0,1723951349501,111.212958499,2024-08-17 23:22:29.501000,-121.9479367,37.3931701,-23.600000381469727,37.3931701,-121.9479367,-23.600000381469727
4G_LTE,-103,2147483647,-103,-10,-85,2147483647,37,5035,87,2147483647,2147483647,2147483647,2,2147483647,[12],[FDD],"Band Number = 12, Uplink = 698.0 - 716.0 MHz, Downlink = 699.0 - 716.0 MHz ",Unavailable,Unavailable,0,1723951349501,111.212958499,2024-08-17 23:22:29.501000,-121.9479367,37.3931701,-23.600000381469727,37.3931701,-121.9479367,-23.600000381469727
4G_LTE,-113,2147483647,-113,-15,-85,2147483647,27,5035,88,2147483647,2147483647,2147483647,1,2147483647,[12],[FDD],"Band Number = 12, Uplink = 698.0 - 716.0 MHz, Downlink = 699.0 - 716.0 MHz ",Unavailable,Unavailable,0,1723951349501,111.212958499,2024-08-17 23:22:29.501000,-121.9479367,37.3931701,-23.600000381469727,37.3931701,-121.9479367,-23.600000381469727
4G_LTE,-112,2147483647,-112,-19,-85,2147483647,28,5035,191,2147483647,2147483647,2147483647,1,2147483647,[12],[FDD],"Band Number = 12, Uplink = 698.0 - 716.0 MHz, Downlink = 699.0 - 716.0 MHz ",Unavailable,Unavailable,0,1723951349501,111.212958499,2024-08-17 23:22:29.501000,-121.9479367,37.3931701,-23.600000381469727,37.3931701,-121.9479367,-23.600000381469727
4G_LTE,-128,2147483647,-128,-15,-103,2147483647,12,9820,192,2147483647,2147483647,2147483647,0,2147483647,[30],[FDD],"Band Number = 30, Uplink = 2305.0 - 2315.0 MHz, Downlink = 2305.0 - 2315.0 MHz ",Unavailable,Unavailable,0,1723951349501,111.212958499,2024-08-17 23:22:29.501000,-121.9479367,37.3931701,-23.600000381469727,37.3931701,-121.9479367,-23.600000381469727
4G_LTE,-115,2147483647,-115,-10,-87,2147483647,25,66986,102,2147483647,169470393,35653,1,2147483647,[66],[FDD],"Band Number = 66, Uplink = 1710.0 - 1780.0 MHz, Downlink = 1710.0 - 1780.0 MHz ",310,410,1,1723951350504,112.215303186,2024-08-17 23:22:30.504000,-121.9479367,37.3931701,-23.600000381469727,37.3931701,-121.9479367,-23.600000381469727
4G_LTE,-129,2147483647,-129,-20,-95,2147483647,11,66986,497,2147483647,2147483647,2147483647,0,2147483647,[66],[FDD],"Band Number = 66, Uplink = 1710.0 - 1780.0 MHz, Downlink = 1710.0 - 1780.0 MHz ",Unavailable,Unavailable,0,1723951350504,112.215303186,2024-08-17 23:22:30.504000,-121.9479367,37.3931701,-23.600000381469727,37.3931701,-121.9479367,-23.600000381469727
4G_LTE,-116,2147483647,-116,-12,-95,2147483647,24,5330,471,2147483647,2147483647,2147483647,0,2147483647,[14],[FDD],"Band Number = 14, Uplink = 788.0 - 798.0 MHz, Downlink = 788.0 - 798.0 MHz ",Unavailable,Unavailable,0,1723951350504,112.215303186,2024-08-17 23:22:30.504000,-121.9479367,37.3931701,-23.600000381469727,37.3931701,-121.9479367,-23.600000381469727
4G_LTE,-121,2147483647,-121,-15,-95,2147483647,19,5330,147,2147483647,2147483647,2147483647,0,2147483647,[14],[FDD],"Band Number = 14, Uplink = 788.0 - 798.0 MHz, Downlink = 788.0 - 798.0 MHz ",Unavailable,Unavailable,0,1723951350504,112.215303186,2024-08-17 23:22:30.504000,-121.9479367,37.3931701,-23.600000381469727,37.3931701,-121.9479367,-23.600000381469727
4G_LTE,-103,2147483647,-103,-10,-85,2147483647,37,5035,87,2147483647,2147483647,2147483647,2,2147483647,[12],[FDD],"Band Number = 12, Uplink = 698.0 - 716.0 MHz, Downlink = 699.0 - 716.0 MHz ",Unavailable,Unavailable,0,1723951350504,112.215303186,2024-08-17 23:22:30.504000,-121.9479367,37.3931701,-23.600000381469727,37.3931701,-121.9479367,-23.600000381469727
4G_LTE,-113,2147483647,-113,-15,-85,2147483647,27,5035,88,2147483647,2147483647,2147483647,1,2147483647,[12],[FDD],"Band Number = 12, Uplink = 698.0 - 716.0 MHz, Downlink = 699.0 - 716.0 MHz ",Unavailable,Unavailable,0,1723951350504,112.215303186,2024-08-17 23:22:30.504000,-121.9479367,37.3931701,-23.600000381469727,37.3931701,-121.9479367,-23.600000381469727
4G_LTE,-112,2147483647,-112,-19,-85,2147483647,28,5035,191,2147483647,2147483647,2147483647,1,2147483647,[12],[FDD],"Band Number = 12, Uplink = 698.0 - 716.0 MHz, Downlink = 699.0 - 716.0 MHz ",Unavailable,Unavailable,0,1723951350504,112.215303186,2024-08-17 23:22:30.504000,-121.9479367,37.3931701,-23.600000381469727,37.3931701,-121.9479367,-23.600000381469727
4G_LTE,-128,2147483647,-128,-15,-103,2147483647,12,9820,192,2147483647,2147483647,2147483647,0,2147483647,[30],[FDD],"Band Number = 30, Uplink = 2305.0 - 2315.0 MHz, Downlink = 2305.0 - 2315.0 MHz ",Unavailable,Unavailable,0,1723951350504,112.215303186,2024-08-17 23:22:30.504000,-121.9479367,37.3931701,-23.600000381469727,37.3931701,-121.9479367,-23.600000381469727
4G_LTE,-115,2147483647,-115,-10,-87,2147483647,25,66986,102,2147483647,169470393,35653,1,2147483647,[66],[FDD],"Band Number = 66, Uplink = 1710.0 - 1780.0 MHz, Downlink = 1710.0 - 1780.0 MHz ",310,410,1,1723951351506,113.217544488,2024-08-17 23:22:31.506000,-121.9479367,37.3931701,-23.600000381469727,37.3931701,-121.9479367,-23.600000381469727
4G_LTE,-129,2147483647,-129,-20,-95,2147483647,11,66986,497,2147483647,2147483647,2147483647,0,2147483647,[66],[FDD],"Band Number = 66, Uplink = 1710.0 - 1780.0 MHz, Downlink = 1710.0 - 1780.0 MHz ",Unavailable,Unavailable,0,1723951351506,113.217544488,2024-08-17 23:22:31.506000,-121.9479367,37.3931701,-23.600000381469727,37.3931701,-121.9479367,-23.600000381469727
4G_LTE,-116,2147483647,-116,-12,-95,2147483647,24,5330,471,2147483647,2147483647,2147483647,0,2147483647,[14],[FDD],"Band Number = 14, Uplink = 788.0 - 798.0 MHz, Downlink = 788.0 - 798.0 MHz ",Unavailable,Unavailable,0,1723951351506,113.217544488,2024-08-17 23:22:31.506000,-121.9479367,37.3931701,-23.600000381469727,37.3931701,-121.9479367,-23.600000381469727
4G_LTE,-121,2147483647,-121,-15,-95,2147483647,19,5330,147,2147483647,2147483647,2147483647,0,2147483647,[14],[FDD],"Band Number = 14, Uplink = 788.0 - 798.0 MHz, Downlink = 788.0 - 798.0 MHz ",Unavailable,Unavailable,0,1723951351506,113.217544488,2024-08-17 23:22:31.506000,-121.9479367,37.3931701,-23.600000381469727,37.3931701,-121.9479367,-23.600000381469727
4G_LTE,-103,2147483647,-103,-10,-85,2147483647,37,5035,87,2147483647,2147483647,2147483647,2,2147483647,[12],[FDD],"Band Number = 12, Uplink = 698.0 - 716.0 MHz, Downlink = 699.0 - 716.0 MHz ",Unavailable,Unavailable,0,1723951351506,113.217544488,2024-08-17 23:22:31.506000,-121.9479367,37.3931701,-23.600000381469727,37.3931701,-121.9479367,-23.600000381469727
4G_LTE,-113,2147483647,-113,-15,-85,2147483647,27,5035,88,2147483647,2147483647,2147483647,1,2147483647,[12],[FDD],"Band Number = 12, Uplink = 698.0 - 716.0 MHz, Downlink = 699.0 - 716.0 MHz ",Unavailable,Unavailable,0,1723951351506,113.217544488,2024-08-17 23:22:31.506000,-121.9479367,37.3931701,-23.600000381469727,37.3931701,-121.9479367,-23.600000381469727
4G_LTE,-112,2147483647,-112,-19,-85,2147483647,28,5035,191,2147483647,2147483647,2147483647,1,2147483647,[12],[FDD],"Band Number = 12, Uplink = 698.0 - 716.0 MHz, Downlink = 699.0 - 716.0 MHz ",Unavailable,Unavailable,0,1723951351506,113.217544488,2024-08-17 23:22:31.506000,-121.9479367,37.3931701,-23.600000381469727,37.3931701,-121.9479367,-23.600000381469727
4G_LTE,-128,2147483647,-128,-15,-103,2147483647,12,9820,192,2147483647,2147483647,2147483647,0,2147483647,[30],[FDD],"Band Number = 30, Uplink = 2305.0 - 2315.0 MHz, Downlink = 2305.0 - 2315.0 MHz ",Unavailable,Unavailable,0,1723951351506,113.217544488,2024-08-17 23:22:31.506000,-121.9479367,37.3931701,-23.600000381469727,37.3931701,-121.9479367,-23.600000381469727
4G_LTE,-115,2147483647,-115,-10,-87,2147483647,25,66986,102,2147483647,169470393,35653,1,2147483647,[66],[FDD],"Band Number = 66, Uplink = 1710.0 - 1780.0 MHz, Downlink = 1710.0 - 1780.0 MHz ",310,410,1,1723951352510,114.221612404,2024-08-17 23:22:32.510000,-121.9479367,37.3931701,-23.600000381469727,37.3931701,-121.9479367,-23.600000381469727
4G_LTE,-129,2147483647,-129,-20,-95,2147483647,11,66986,497,2147483647,2147483647,2147483647,0,2147483647,[66],[FDD],"Band Number = 66, Uplink = 1710.0 - 1780.0 MHz, Downlink = 1710.0 - 1780.0 MHz ",Unavailable,Unavailable,0,1723951352510,114.221612404,2024-08-17 23:22:32.510000,-121.9479367,37.3931701,-23.600000381469727,37.3931701,-121.9479367,-23.600000381469727
4G_LTE,-116,2147483647,-116,-12,-95,2147483647,24,5330,471,2147483647,2147483647,2147483647,0,2147483647,[14],[FDD],"Band Number = 14, Uplink = 788.0 - 798.0 MHz, Downlink = 788.0 - 798.0 MHz ",Unavailable,Unavailable,0,1723951352510,114.221612404,2024-08-17 23:22:32.510000,-121.9479367,37.3931701,-23.600000381469727,37.3931701,-121.9479367,-23.600000381469727
4G_LTE,-121,2147483647,-121,-15,-95,2147483647,19,5330,147,2147483647,2147483647,2147483647,0,2147483647,[14],[FDD],"Band Number = 14, Uplink = 788.0 - 798.0 MHz, Downlink = 788.0 - 798.0 MHz ",Unavailable,Unavailable,0,1723951352510,114.221612404,2024-08-17 23:22:32.510000,-121.9479367,37.3931701,-23.600000381469727,37.3931701,-121.9479367,-23.600000381469727
4G_LTE,-103,2147483647,-103,-10,-85,2147483647,37,5035,87,2147483647,2147483647,2147483647,2,2147483647,[12],[FDD],"Band Number = 12, Uplink = 698.0 - 716.0 MHz, Downlink = 699.0 - 716.0 MHz ",Unavailable,Unavailable,0,1723951352510,114.221612404,2024-08-17 23:22:32.510000,-121.9479367,37.3931701,-23.600000381469727,37.3931701,-121.9479367,-23.600000381469727
4G_LTE,-113,2147483647,-113,-15,-85,2147483647,27,5035,88,2147483647,2147483647,2147483647,1,2147483647,[12],[FDD],"Band Number = 12, Uplink = 698.0 - 716.0 MHz, Downlink = 699.0 - 716.0 MHz ",Unavailable,Unavailable,0,1723951352510,114.221612404,2024-08-17 23:22:32.510000,-121.9479367,37.3931701,-23.600000381469727,37.3931701,-121.9479367,-23.600000381469727
4G_LTE,-112,2147483647,-112,-19,-85,2147483647,28,5035,191,2147483647,2147483647,2147483647,1,2147483647,[12],[FDD],"Band Number = 12, Uplink = 698.0 - 716.0 MHz, Downlink = 699.0 - 716.0 MHz ",Unavailable,Unavailable,0,1723951352510,114.221612404,2024-08-17 23:22:32.510000,-121.9479367,37.3931701,-23.600000381469727,37.3931701,-121.9479367,-23.600000381469727
4G_LTE,-128,2147483647,-128,-15,-103,2147483647,12,9820,192,2147483647,2147483647,2147483647,0,2147483647,[30],[FDD],"Band Number = 30, Uplink = 2305.0 - 2315.0 MHz, Downlink = 2305.0 - 2315.0 MHz ",Unavailable,Unavailable,0,1723951352510,114.221612404,2024-08-17 23:22:32.510000,-121.9479367,37.3931701,-23.600000381469727,37.3931701,-121.9479367,-23.600000381469727
4G_LTE,-115,2147483647,-115,-10,-87,2147483647,25,66986,102,2147483647,169470393,35653,1,2147483647,[66],[FDD],"Band Number = 66, Uplink = 1710.0 - 1780.0 MHz, Downlink = 1710.0 - 1780.0 MHz ",310,410,1,1723951353510,115.221916414,2024-08-17 23:22:33.510000,-121.9479367,37.3931701,-23.600000381469727,37.3931701,-121.9479367,-23.600000381469727
4G_LTE,-129,2147483647,-129,-20,-95,2147483647,11,66986,497,2147483647,2147483647,2147483647,0,2147483647,[66],[FDD],"Band Number = 66, Uplink = 1710.0 - 1780.0 MHz, Downlink = 1710.0 - 1780.0 MHz ",Unavailable,Unavailable,0,1723951353510,115.221916414,2024-08-17 23:22:33.510000,-121.9479367,37.3931701,-23.600000381469727,37.3931701,-121.9479367,-23.600000381469727
4G_LTE,-116,2147483647,-116,-12,-95,2147483647,24,5330,471,2147483647,2147483647,2147483647,0,2147483647,[14],[FDD],"Band Number = 14, Uplink = 788.0 - 798.0 MHz, Downlink = 788.0 - 798.0 MHz ",Unavailable,Unavailable,0,1723951353510,115.221916414,2024-08-17 23:22:33.510000,-121.9479367,37.3931701,-23.600000381469727,37.3931701,-121.9479367,-23.600000381469727
4G_LTE,-121,2147483647,-121,-15,-95,2147483647,19,5330,147,2147483647,2147483647,2147483647,0,2147483647,[14],[FDD],"Band Number = 14, Uplink = 788.0 - 798.0 MHz, Downlink = 788.0 - 798.0 MHz ",Unavailable,Unavailable,0,1723951353510,115.221916414,2024-08-17 23:22:33.510000,-121.9479367,37.3931701,-23.600000381469727,37.3931701,-121.9479367,-23.600000381469727
4G_LTE,-103,2147483647,-103,-10,-85,2147483647,37,5035,87,2147483647,2147483647,2147483647,2,2147483647,[12],[FDD],"Band Number = 12, Uplink = 698.0 - 716.0 MHz, Downlink = 699.0 - 716.0 MHz ",Unavailable,Unavailable,0,1723951353510,115.221916414,2024-08-17 23:22:33.510000,-121.9479367,37.3931701,-23.600000381469727,37.3931701,-121.9479367,-23.600000381469727
4G_LTE,-113,2147483647,-113,-15,-85,2147483647,27,5035,88,2147483647,2147483647,2147483647,1,2147483647,[12],[FDD],"Band Number = 12, Uplink = 698.0 - 716.0 MHz, Downlink = 699.0 - 716.0 MHz ",Unavailable,Unavailable,0,1723951353510,115.221916414,2024-08-17 23:22:33.510000,-121.9479367,37.3931701,-23.600000381469727,37.3931701,-121.9479367,-23.600000381469727
4G_LTE,-112,2147483647,-112,-19,-85,2147483647,28,5035,191,2147483647,2147483647,2147483647,1,2147483647,[12],[FDD],"Band Number = 12, Uplink = 698.0 - 716.0 MHz, Downlink = 699.0 - 716.0 MHz ",Unavailable,Unavailable,0,1723951353510,115.221916414,2024-08-17 23:22:33.510000,-121.9479367,37.3931701,-23.600000381469727,37.3931701,-121.9479367,-23.600000381469727
4G_LTE,-128,2147483647,-128,-15,-103,2147483647,12,9820,192,2147483647,2147483647,2147483647,0,2147483647,[30],[FDD],"Band Number = 30, Uplink = 2305.0 - 2315.0 MHz, Downlink = 2305.0 - 2315.0 MHz ",Unavailable,Unavailable,0,1723951353510,115.221916414,2024-08-17 23:22:33.510000,-121.9479367,37.3931701,-23.600000381469727,37.3931701,-121.9479367,-23.600000381469727
4G_LTE,-115,2147483647,-115,-10,-87,2147483647,25,66986,102,2147483647,169470393,35653,1,2147483647,[66],[FDD],"Band Number = 66, Uplink = 1710.0 - 1780.0 MHz, Downlink = 1710.0 - 1780.0 MHz ",310,410,1,1723951354518,116.228231518,2024-08-17 23:22:34.518000,-121.9479367,37.3931701,-23.600000381469727,37.3931701,-121.9479367,-23.600000381469727
4G_LTE,-129,2147483647,-129,-20,-95,2147483647,11,66986,497,2147483647,2147483647,2147483647,0,2147483647,[66],[FDD],"Band Number = 66, Uplink = 1710.0 - 1780.0 MHz, Downlink = 1710.0 - 1780.0 MHz ",Unavailable,Unavailable,0,1723951354518,116.228231518,2024-08-17 23:22:34.518000,-121.9479367,37.3931701,-23.600000381469727,37.3931701,-121.9479367,-23.600000381469727
4G_LTE,-116,2147483647,-116,-12,-95,2147483647,24,5330,471,2147483647,2147483647,2147483647,0,2147483647,[14],[FDD],"Band Number = 14, Uplink = 788.0 - 798.0 MHz, Downlink = 788.0 - 798.0 MHz ",Unavailable,Unavailable,0,1723951354518,116.228231518,2024-08-17 23:22:34.518000,-121.9479367,37.3931701,-23.600000381469727,37.3931701,-121.9479367,-23.600000381469727
4G_LTE,-121,2147483647,-121,-15,-95,2147483647,19,5330,147,2147483647,2147483647,2147483647,0,2147483647,[14],[FDD],"Band Number = 14, Uplink = 788.0 - 798.0 MHz, Downlink = 788.0 - 798.0 MHz ",Unavailable,Unavailable,0,1723951354518,116.228231518,2024-08-17 23:22:34.518000,-121.9479367,37.3931701,-23.600000381469727,37.3931701,-121.9479367,-23.600000381469727
4G_LTE,-103,2147483647,-103,-10,-85,2147483647,37,5035,87,2147483647,2147483647,2147483647,2,2147483647,[12],[FDD],"Band Number = 12, Uplink = 698.0 - 716.0 MHz, Downlink = 699.0 - 716.0 MHz ",Unavailable,Unavailable,0,1723951354518,116.228231518,2024-08-17 23:22:34.518000,-121.9479367,37.3931701,-23.600000381469727,37.3931701,-121.9479367,-23.600000381469727
4G_LTE,-113,2147483647,-113,-15,-85,2147483647,27,5035,88,2147483647,2147483647,2147483647,1,2147483647,[12],[FDD],"Band Number = 12, Uplink = 698.0 - 716.0 MHz, Downlink = 699.0 - 716.0 MHz ",Unavailable,Unavailable,0,1723951354518,116.228231518,2024-08-17 23:22:34.518000,-121.9479367,37.3931701,-23.600000381469727,37.3931701,-121.9479367,-23.600000381469727
4G_LTE,-112,2147483647,-112,-19,-85,2147483647,28,5035,191,2147483647,2147483647,2147483647,1,2147483647,[12],[FDD],"Band Number = 12, Uplink = 698.0 - 716.0 MHz, Downlink = 699.0 - 716.0 MHz ",Unavailable,Unavailable,0,1723951354518,116.228231518,2024-08-17 23:22:34.518000,-121.9479367,37.3931701,-23.600000381469727,37.3931701,-121.9479367,-23.600000381469727
4G_LTE,-128,2147483647,-128,-15,-103,2147483647,12,9820,192,2147483647,2147483647,2147483647,0,2147483647,[30],[FDD],"Band Number = 30, Uplink = 2305.0 - 2315.0 MHz, Downlink = 2305.0 - 2315.0 MHz ",Unavailable,Unavailable,0,1723951354518,116.228231518,2024-08-17 23:22:34.518000,-121.9479367,37.3931701,-23.600000381469727,37.3931701,-121.9479367,-23.600000381469727
4G_LTE,-115,2147483647,-115,-10,-87,2147483647,25,66986,102,2147483647,169470393,35653,1,2147483647,[66],[FDD],"Band Number = 66, Uplink = 1710.0 - 1780.0 MHz, Downlink = 1710.0 - 1780.0 MHz ",310,410,1,1723951355520,117.229745528,2024-08-17 23:22:35.520000,-121.9479367,37.3931701,-23.600000381469727,37.3931701,-121.9479367,-23.600000381469727
4G_LTE,-129,2147483647,-129,-20,-95,2147483647,11,66986,497,2147483647,2147483647,2147483647,0,2147483647,[66],[FDD],"Band Number = 66, Uplink = 1710.0 - 1780.0 MHz, Downlink = 1710.0 - 1780.0 MHz ",Unavailable,Unavailable,0,1723951355520,117.229745528,2024-08-17 23:22:35.520000,-121.9479367,37.3931701,-23.600000381469727,37.3931701,-121.9479367,-23.600000381469727
4G_LTE,-116,2147483647,-116,-12,-95,2147483647,24,5330,471,2147483647,2147483647,2147483647,0,2147483647,[14],[FDD],"Band Number = 14, Uplink = 788.0 - 798.0 MHz, Downlink = 788.0 - 798.0 MHz ",Unavailable,Unavailable,0,1723951355520,117.229745528,2024-08-17 23:22:35.520000,-121.9479367,37.3931701,-23.600000381469727,37.3931701,-121.9479367,-23.600000381469727
4G_LTE,-121,2147483647,-121,-15,-95,2147483647,19,5330,147,2147483647,2147483647,2147483647,0,2147483647,[14],[FDD],"Band Number = 14, Uplink = 788.0 - 798.0 MHz, Downlink = 788.0 - 798.0 MHz ",Unavailable,Unavailable,0,1723951355520,117.229745528,2024-08-17 23:22:35.520000,-121.9479367,37.3931701,-23.600000381469727,37.3931701,-121.9479367,-23.600000381469727
4G_LTE,-103,2147483647,-103,-10,-85,2147483647,37,5035,87,2147483647,2147483647,2147483647,2,2147483647,[12],[FDD],"Band Number = 12, Uplink = 698.0 - 716.0 MHz, Downlink = 699.0 - 716.0 MHz ",Unavailable,Unavailable,0,1723951355520,117.229745528,2024-08-17 23:22:35.520000,-121.9479367,37.3931701,-23.600000381469727,37.3931701,-121.9479367,-23.600000381469727
4G_LTE,-113,2147483647,-113,-15,-85,2147483647,27,5035,88,2147483647,2147483647,2147483647,1,2147483647,[12],[FDD],"Band Number = 12, Uplink = 698.0 - 716.0 MHz, Downlink = 699.0 - 716.0 MHz ",Unavailable,Unavailable,0,1723951355520,117.229745528,2024-08-17 23:22:35.520000,-121.9479367,37.3931701,-23.600000381469727,37.3931701,-121.9479367,-23.600000381469727
4G_LTE,-112,2147483647,-112,-19,-85,2147483647,28,5035,191,2147483647,2147483647,2147483647,1,2147483647,[12],[FDD],"Band Number = 12, Uplink = 698.0 - 716.0 MHz, Downlink = 699.0 - 716.0 MHz ",Unavailable,Unavailable,0,1723951355520,117.229745528,2024-08-17 23:22:35.520000,-121.9479367,37.3931701,-23.600000381469727,37.3931701,-121.9479367,-23.600000381469727
4G_LTE,-128,2147483647,-128,-15,-103,2147483647,12,9820,192,2147483647,2147483647,2147483647,0,2147483647,[30],[FDD],"Band Number = 30, Uplink = 2305.0 - 2315.0 MHz, Downlink = 2305.0 - 2315.0 MHz ",Unavailable,Unavailable,0,1723951355520,117.229745528,2024-08-17 23:22:35.520000,-121.9479367,37.3931701,-23.600000381469727,37.3931701,-121.9479367,-23.600000381469727
4G_LTE,-114,2147483647,-114,-13,-83,2147483647,26,66986,102,2147483647,169470393,35653,1,2147483647,[66],[FDD],"Band Number = 66, Uplink = 1710.0 - 1780.0 MHz, Downlink = 1710.0 - 1780.0 MHz ",310,410,1,1723951356520,118.231624382,2024-08-17 23:22:36.520000,-121.9479367,37.3931701,-23.600000381469727,37.3931701,-121.9479367,-23.600000381469727
4G_LTE,-127,2147483647,-127,-18,-93,2147483647,13,66986,497,2147483647,2147483647,2147483647,0,2147483647,[66],[FDD],"Band Number = 66, Uplink = 1710.0 - 1780.0 MHz, Downlink = 1710.0 - 1780.0 MHz ",Unavailable,Unavailable,0,1723951356520,118.231624382,2024-08-17 23:22:36.520000,-121.9479367,37.3931701,-23.600000381469727,37.3931701,-121.9479367,-23.600000381469727
4G_LTE,-116,2147483647,-116,-12,-95,2147483647,24,5330,471,2147483647,2147483647,2147483647,0,2147483647,[14],[FDD],"Band Number = 14, Uplink = 788.0 - 798.0 MHz, Downlink = 788.0 - 798.0 MHz ",Unavailable,Unavailable,0,1723951356520,118.231624382,2024-08-17 23:22:36.520000,-121.9479367,37.3931701,-23.600000381469727,37.3931701,-121.9479367,-23.600000381469727
4G_LTE,-121,2147483647,-121,-15,-95,2147483647,19,5330,147,2147483647,2147483647,2147483647,0,2147483647,[14],[FDD],"Band Number = 14, Uplink = 788.0 - 798.0 MHz, Downlink = 788.0 - 798.0 MHz ",Unavailable,Unavailable,0,1723951356520,118.231624382,2024-08-17 23:22:36.520000,-121.9479367,37.3931701,-23.600000381469727,37.3931701,-121.9479367,-23.600000381469727
4G_LTE,-103,2147483647,-103,-10,-85,2147483647,37,5035,87,2147483647,2147483647,2147483647,2,2147483647,[12],[FDD],"Band Number = 12, Uplink = 698.0 - 716.0 MHz, Downlink = 699.0 - 716.0 MHz ",Unavailable,Unavailable,0,1723951356520,118.231624382,2024-08-17 23:22:36.520000,-121.9479367,37.3931701,-23.600000381469727,37.3931701,-121.9479367,-23.600000381469727
4G_LTE,-113,2147483647,-113,-15,-85,2147483647,27,5035,88,2147483647,2147483647,2147483647,1,2147483647,[12],[FDD],"Band Number = 12, Uplink = 698.0 - 716.0 MHz, Downlink = 699.0 - 716.0 MHz ",Unavailable,Unavailable,0,1723951356520,118.231624382,2024-08-17 23:22:36.520000,-121.9479367,37.3931701,-23.600000381469727,37.3931701,-121.9479367,-23.600000381469727
4G_LTE,-112,2147483647,-112,-19,-85,2147483647,28,5035,191,2147483647,2147483647,2147483647,1,2147483647,[12],[FDD],"Band Number = 12, Uplink = 698.0 - 716.0 MHz, Downlink = 699.0 - 716.0 MHz ",Unavailable,Unavailable,0,1723951356520,118.231624382,2024-08-17 23:22:36.520000,-121.9479367,37.3931701,-23.600000381469727,37.3931701,-121.9479367,-23.600000381469727
4G_LTE,-128,2147483647,-128,-15,-103,2147483647,12,9820,192,2147483647,2147483647,2147483647,0,2147483647,[30],[FDD],"Band Number = 30, Uplink = 2305.0 - 2315.0 MHz, Downlink = 2305.0 - 2315.0 MHz ",Unavailable,Unavailable,0,1723951356520,118.231624382,2024-08-17 23:22:36.520000,-121.9479367,37.3931701,-23.600000381469727,37.3931701,-121.9479367,-23.600000381469727
4G_LTE,-114,2147483647,-114,-13,-83,2147483647,26,66986,102,2147483647,169470393,35653,1,2147483647,[66],[FDD],"Band Number = 66, Uplink = 1710.0 - 1780.0 MHz, Downlink = 1710.0 - 1780.0 MHz ",310,410,1,1723951357522,119.233365892,2024-08-17 23:22:37.522000,-121.9479367,37.3931701,-23.600000381469727,37.3931701,-121.9479367,-23.600000381469727
4G_LTE,-127,2147483647,-127,-18,-93,2147483647,13,66986,497,2147483647,2147483647,2147483647,0,2147483647,[66],[FDD],"Band Number = 66, Uplink = 1710.0 - 1780.0 MHz, Downlink = 1710.0 - 1780.0 MHz ",Unavailable,Unavailable,0,1723951357522,119.233365892,2024-08-17 23:22:37.522000,-121.9479367,37.3931701,-23.600000381469727,37.3931701,-121.9479367,-23.600000381469727
4G_LTE,-116,2147483647,-116,-12,-95,2147483647,24,5330,471,2147483647,2147483647,2147483647,0,2147483647,[14],[FDD],"Band Number = 14, Uplink = 788.0 - 798.0 MHz, Downlink = 788.0 - 798.0 MHz ",Unavailable,Unavailable,0,1723951357522,119.233365892,2024-08-17 23:22:37.522000,-121.9479367,37.3931701,-23.600000381469727,37.3931701,-121.9479367,-23.600000381469727
4G_LTE,-121,2147483647,-121,-15,-95,2147483647,19,5330,147,2147483647,2147483647,2147483647,0,2147483647,[14],[FDD],"Band Number = 14, Uplink = 788.0 - 798.0 MHz, Downlink = 788.0 - 798.0 MHz ",Unavailable,Unavailable,0,1723951357522,119.233365892,2024-08-17 23:22:37.522000,-121.9479367,37.3931701,-23.600000381469727,37.3931701,-121.9479367,-23.600000381469727
4G_LTE,-103,2147483647,-103,-10,-85,2147483647,37,5035,87,2147483647,2147483647,2147483647,2,2147483647,[12],[FDD],"Band Number = 12, Uplink = 698.0 - 716.0 MHz, Downlink = 699.0 - 716.0 MHz ",Unavailable,Unavailable,0,1723951357522,119.233365892,2024-08-17 23:22:37.522000,-121.9479367,37.3931701,-23.600000381469727,37.3931701,-121.9479367,-23.600000381469727
4G_LTE,-113,2147483647,-113,-15,-85,2147483647,27,5035,88,2147483647,2147483647,2147483647,1,2147483647,[12],[FDD],"Band Number = 12, Uplink = 698.0 - 716.0 MHz, Downlink = 699.0 - 716.0 MHz ",Unavailable,Unavailable,0,1723951357522,119.233365892,2024-08-17 23:22:37.522000,-121.9479367,37.3931701,-23.600000381469727,37.3931701,-121.9479367,-23.600000381469727
4G_LTE,-112,2147483647,-112,-19,-85,2147483647,28,5035,191,2147483647,2147483647,2147483647,1,2147483647,[12],[FDD],"Band Number = 12, Uplink = 698.0 - 716.0 MHz, Downlink = 699.0 - 716.0 MHz ",Unavailable,Unavailable,0,1723951357522,119.233365892,2024-08-17 23:22:37.522000,-121.9479367,37.3931701,-23.600000381469727,37.3931701,-121.9479367,-23.600000381469727
4G_LTE,-128,2147483647,-128,-15,-103,2147483647,12,9820,192,2147483647,2147483647,2147483647,0,2147483647,[30],[FDD],"Band Number = 30, Uplink = 2305.0 - 2315.0 MHz, Downlink = 2305.0 - 2315.0 MHz ",Unavailable,Unavailable,0,1723951357522,119.233365892,2024-08-17 23:22:37.522000,-121.9479367,37.3931701,-23.600000381469727,37.3931701,-121.9479367,-23.600000381469727
4G_LTE,-114,2147483647,-114,-13,-83,2147483647,26,66986,102,2147483647,169470393,35653,1,2147483647,[66],[FDD],"Band Number = 66, Uplink = 1710.0 - 1780.0 MHz, Downlink = 1710.0 - 1780.0 MHz ",310,410,1,1723951358529,120.240493548,2024-08-17 23:22:38.529000,-121.9479367,37.3931701,-23.600000381469727,37.3931701,-121.9479367,-23.600000381469727
4G_LTE,-127,2147483647,-127,-18,-93,2147483647,13,66986,497,2147483647,2147483647,2147483647,0,2147483647,[66],[FDD],"Band Number = 66, Uplink = 1710.0 - 1780.0 MHz, Downlink = 1710.0 - 1780.0 MHz ",Unavailable,Unavailable,0,1723951358529,120.240493548,2024-08-17 23:22:38.529000,-121.9479367,37.3931701,-23.600000381469727,37.3931701,-121.9479367,-23.600000381469727
4G_LTE,-116,2147483647,-116,-12,-95,2147483647,24,5330,471,2147483647,2147483647,2147483647,0,2147483647,[14],[FDD],"Band Number = 14, Uplink = 788.0 - 798.0 MHz, Downlink = 788.0 - 798.0 MHz ",Unavailable,Unavailable,0,1723951358529,120.240493548,2024-08-17 23:22:38.529000,-121.9479367,37.3931701,-23.600000381469727,37.3931701,-121.9479367,-23.600000381469727
4G_LTE,-121,2147483647,-121,-15,-95,2147483647,19,5330,147,2147483647,2147483647,2147483647,0,2147483647,[14],[FDD],"Band Number = 14, Uplink = 788.0 - 798.0 MHz, Downlink = 788.0 - 798.0 MHz ",Unavailable,Unavailable,0,1723951358529,120.240493548,2024-08-17 23:22:38.529000,-121.9479367,37.3931701,-23.600000381469727,37.3931701,-121.9479367,-23.600000381469727
4G_LTE,-103,2147483647,-103,-10,-85,2147483647,37,5035,87,2147483647,2147483647,2147483647,2,2147483647,[12],[FDD],"Band Number = 12, Uplink = 698.0 - 716.0 MHz, Downlink = 699.0 - 716.0 MHz ",Unavailable,Unavailable,0,1723951358529,120.240493548,2024-08-17 23:22:38.529000,-121.9479367,37.3931701,-23.600000381469727,37.3931701,-121.9479367,-23.600000381469727
4G_LTE,-113,2147483647,-113,-15,-85,2147483647,27,5035,88,2147483647,2147483647,2147483647,1,2147483647,[12],[FDD],"Band Number = 12, Uplink = 698.0 - 716.0 MHz, Downlink = 699.0 - 716.0 MHz ",Unavailable,Unavailable,0,1723951358529,120.240493548,2024-08-17 23:22:38.529000,-121.9479367,37.3931701,-23.600000381469727,37.3931701,-121.9479367,-23.600000381469727
4G_LTE,-112,2147483647,-112,-19,-85,2147483647,28,5035,191,2147483647,2147483647,2147483647,1,2147483647,[12],[FDD],"Band Number = 12, Uplink = 698.0 - 716.0 MHz, Downlink = 699.0 - 716.0 MHz ",Unavailable,Unavailable,0,1723951358529,120.240493548,2024-08-17 23:22:38.529000,-121.9479367,37.3931701,-23.600000381469727,37.3931701,-121.9479367,-23.600000381469727
4G_LTE,-128,2147483647,-128,-15,-103,2147483647,12,9820,192,2147483647,2147483647,2147483647,0,2147483647,[30],[FDD],"Band Number = 30, Uplink = 2305.0 - 2315.0 MHz, Downlink = 2305.0 - 2315.0 MHz ",Unavailable,Unavailable,0,1723951358529,120.240493548,2024-08-17 23:22:38.529000,-121.9479367,37.3931701,-23.600000381469727,37.3931701,-121.9479367,-23.600000381469727
4G_LTE,-114,2147483647,-114,-13,-83,2147483647,26,66986,102,2147483647,169470393,35653,1,2147483647,[66],[FDD],"Band Number = 66, Uplink = 1710.0 - 1780.0 MHz, Downlink = 1710.0 - 1780.0 MHz ",310,410,1,1723951359524,121.235065631,2024-08-17 23:22:39.524000,-121.9479367,37.3931701,-23.600000381469727,37.3931701,-121.9479367,-23.600000381469727
4G_LTE,-127,2147483647,-127,-18,-93,2147483647,13,66986,497,2147483647,2147483647,2147483647,0,2147483647,[66],[FDD],"Band Number = 66, Uplink = 1710.0 - 1780.0 MHz, Downlink = 1710.0 - 1780.0 MHz ",Unavailable,Unavailable,0,1723951359524,121.235065631,2024-08-17 23:22:39.524000,-121.9479367,37.3931701,-23.600000381469727,37.3931701,-121.9479367,-23.600000381469727
4G_LTE,-116,2147483647,-116,-12,-95,2147483647,24,5330,471,2147483647,2147483647,2147483647,0,2147483647,[14],[FDD],"Band Number = 14, Uplink = 788.0 - 798.0 MHz, Downlink = 788.0 - 798.0 MHz ",Unavailable,Unavailable,0,1723951359524,121.235065631,2024-08-17 23:22:39.524000,-121.9479367,37.3931701,-23.600000381469727,37.3931701,-121.9479367,-23.600000381469727
4G_LTE,-121,2147483647,-121,-15,-95,2147483647,19,5330,147,2147483647,2147483647,2147483647,0,2147483647,[14],[FDD],"Band Number = 14, Uplink = 788.0 - 798.0 MHz, Downlink = 788.0 - 798.0 MHz ",Unavailable,Unavailable,0,1723951359524,121.235065631,2024-08-17 23:22:39.524000,-121.9479367,37.3931701,-23.600000381469727,37.3931701,-121.9479367,-23.600000381469727
4G_LTE,-103,2147483647,-103,-10,-85,2147483647,37,5035,87,2147483647,2147483647,2147483647,2,2147483647,[12],[FDD],"Band Number = 12, Uplink = 698.0 - 716.0 MHz, Downlink = 699.0 - 716.0 MHz ",Unavailable,Unavailable,0,1723951359524,121.235065631,2024-08-17 23:22:39.524000,-121.9479367,37.3931701,-23.600000381469727,37.3931701,-121.9479367,-23.600000381469727
4G_LTE,-113,2147483647,-113,-15,-85,2147483647,27,5035,88,2147483647,2147483647,2147483647,1,2147483647,[12],[FDD],"Band Number = 12, Uplink = 698.0 - 716.0 MHz, Downlink = 699.0 - 716.0 MHz ",Unavailable,Unavailable,0,1723951359524,121.235065631,2024-08-17 23:22:39.524000,-121.9479367,37.3931701,-23.600000381469727,37.3931701,-121.9479367,-23.600000381469727
4G_LTE,-112,2147483647,-112,-19,-85,2147483647,28,5035,191,2147483647,2147483647,2147483647,1,2147483647,[12],[FDD],"Band Number = 12, Uplink = 698.0 - 716.0 MHz, Downlink = 699.0 - 716.0 MHz ",Unavailable,Unavailable,0,1723951359524,121.235065631,2024-08-17 23:22:39.524000,-121.9479367,37.3931701,-23.600000381469727,37.3931701,-121.9479367,-23.600000381469727
4G_LTE,-128,2147483647,-128,-15,-103,2147483647,12,9820,192,2147483647,2147483647,2147483647,0,2147483647,[30],[FDD],"Band Number = 30, Uplink = 2305.0 - 2315.0 MHz, Downlink = 2305.0 - 2315.0 MHz ",Unavailable,Unavailable,0,1723951359524,121.235065631,2024-08-17 23:22:39.524000,-121.9479367,37.3931701,-23.600000381469727,37.3931701,-121.9479367,-23.600000381469727
4G_LTE,-114,2147483647,-114,-13,-83,2147483647,26,66986,102,2147483647,169470393,35653,1,2147483647,[66],[FDD],"Band Number = 66, Uplink = 1710.0 - 1780.0 MHz, Downlink = 1710.0 - 1780.0 MHz ",310,410,1,1723951360525,122.235678912,2024-08-17 23:22:40.525000,-121.9479367,37.3931701,-23.600000381469727,37.3931701,-121.9479367,-23.600000381469727
4G_LTE,-127,2147483647,-127,-18,-93,2147483647,13,66986,497,2147483647,2147483647,2147483647,0,2147483647,[66],[FDD],"Band Number = 66, Uplink = 1710.0 - 1780.0 MHz, Downlink = 1710.0 - 1780.0 MHz ",Unavailable,Unavailable,0,1723951360525,122.235678912,2024-08-17 23:22:40.525000,-121.9479367,37.3931701,-23.600000381469727,37.3931701,-121.9479367,-23.600000381469727
4G_LTE,-116,2147483647,-116,-12,-95,2147483647,24,5330,471,2147483647,2147483647,2147483647,0,2147483647,[14],[FDD],"Band Number = 14, Uplink = 788.0 - 798.0 MHz, Downlink = 788.0 - 798.0 MHz ",Unavailable,Unavailable,0,1723951360525,122.235678912,2024-08-17 23:22:40.525000,-121.9479367,37.3931701,-23.600000381469727,37.3931701,-121.9479367,-23.600000381469727
4G_LTE,-121,2147483647,-121,-15,-95,2147483647,19,5330,147,2147483647,2147483647,2147483647,0,2147483647,[14],[FDD],"Band Number = 14, Uplink = 788.0 - 798.0 MHz, Downlink = 788.0 - 798.0 MHz ",Unavailable,Unavailable,0,1723951360525,122.235678912,2024-08-17 23:22:40.525000,-121.9479367,37.3931701,-23.600000381469727,37.3931701,-121.9479367,-23.600000381469727
4G_LTE,-103,2147483647,-103,-10,-85,2147483647,37,5035,87,2147483647,2147483647,2147483647,2,2147483647,[12],[FDD],"Band Number = 12, Uplink = 698.0 - 716.0 MHz, Downlink = 699.0 - 716.0 MHz ",Unavailable,Unavailable,0,1723951360525,122.235678912,2024-08-17 23:22:40.525000,-121.9479367,37.3931701,-23.600000381469727,37.3931701,-121.9479367,-23.600000381469727
4G_LTE,-113,2147483647,-113,-15,-85,2147483647,27,5035,88,2147483647,2147483647,2147483647,1,2147483647,[12],[FDD],"Band Number = 12, Uplink = 698.0 - 716.0 MHz, Downlink = 699.0 - 716.0 MHz ",Unavailable,Unavailable,0,1723951360525,122.235678912,2024-08-17 23:22:40.525000,-121.9479367,37.3931701,-23.600000381469727,37.3931701,-121.9479367,-23.600000381469727
4G_LTE,-112,2147483647,-112,-19,-85,2147483647,28,5035,191,2147483647,2147483647,2147483647,1,2147483647,[12],[FDD],"Band Number = 12, Uplink = 698.0 - 716.0 MHz, Downlink = 699.0 - 716.0 MHz ",Unavailable,Unavailable,0,1723951360525,122.235678912,2024-08-17 23:22:40.525000,-121.9479367,37.3931701,-23.600000381469727,37.3931701,-121.9479367,-23.600000381469727
4G_LTE,-128,2147483647,-128,-15,-103,2147483647,12,9820,192,2147483647,2147483647,2147483647,0,2147483647,[30],[FDD],"Band Number = 30, Uplink = 2305.0 - 2315.0 MHz, Downlink = 2305.0 - 2315.0 MHz ",Unavailable,Unavailable,0,1723951360525,122.235678912,2024-08-17 23:22:40.525000,-121.9479367,37.3931701,-23.600000381469727,37.3931701,-121.9479367,-23.600000381469727
4G_LTE,-114,2147483647,-114,-13,-83,2147483647,26,66986,102,2147483647,169470393,35653,1,2147483647,[66],[FDD],"Band Number = 66, Uplink = 1710.0 - 1780.0 MHz, Downlink = 1710.0 - 1780.0 MHz ",310,410,1,1723951361537,123.248654745,2024-08-17 23:22:41.537000,-121.9479367,37.3931701,-23.600000381469727,37.3931701,-121.9479367,-23.600000381469727
4G_LTE,-127,2147483647,-127,-18,-93,2147483647,13,66986,497,2147483647,2147483647,2147483647,0,2147483647,[66],[FDD],"Band Number = 66, Uplink = 1710.0 - 1780.0 MHz, Downlink = 1710.0 - 1780.0 MHz ",Unavailable,Unavailable,0,1723951361537,123.248654745,2024-08-17 23:22:41.537000,-121.9479367,37.3931701,-23.600000381469727,37.3931701,-121.9479367,-23.600000381469727
4G_LTE,-116,2147483647,-116,-12,-95,2147483647,24,5330,471,2147483647,2147483647,2147483647,0,2147483647,[14],[FDD],"Band Number = 14, Uplink = 788.0 - 798.0 MHz, Downlink = 788.0 - 798.0 MHz ",Unavailable,Unavailable,0,1723951361537,123.248654745,2024-08-17 23:22:41.537000,-121.9479367,37.3931701,-23.600000381469727,37.3931701,-121.9479367,-23.600000381469727
4G_LTE,-121,2147483647,-121,-15,-95,2147483647,19,5330,147,2147483647,2147483647,2147483647,0,2147483647,[14],[FDD],"Band Number = 14, Uplink = 788.0 - 798.0 MHz, Downlink = 788.0 - 798.0 MHz ",Unavailable,Unavailable,0,1723951361537,123.248654745,2024-08-17 23:22:41.537000,-121.9479367,37.3931701,-23.600000381469727,37.3931701,-121.9479367,-23.600000381469727
4G_LTE,-103,2147483647,-103,-10,-85,2147483647,37,5035,87,2147483647,2147483647,2147483647,2,2147483647,[12],[FDD],"Band Number = 12, Uplink = 698.0 - 716.0 MHz, Downlink = 699.0 - 716.0 MHz ",Unavailable,Unavailable,0,1723951361537,123.248654745,2024-08-17 23:22:41.537000,-121.9479367,37.3931701,-23.600000381469727,37.3931701,-121.9479367,-23.600000381469727
4G_LTE,-113,2147483647,-113,-15,-85,2147483647,27,5035,88,2147483647,2147483647,2147483647,1,2147483647,[12],[FDD],"Band Number = 12, Uplink = 698.0 - 716.0 MHz, Downlink = 699.0 - 716.0 MHz ",Unavailable,Unavailable,0,1723951361537,123.248654745,2024-08-17 23:22:41.537000,-121.9479367,37.3931701,-23.600000381469727,37.3931701,-121.9479367,-23.600000381469727
4G_LTE,-112,2147483647,-112,-19,-85,2147483647,28,5035,191,2147483647,2147483647,2147483647,1,2147483647,[12],[FDD],"Band Number = 12, Uplink = 698.0 - 716.0 MHz, Downlink = 699.0 - 716.0 MHz ",Unavailable,Unavailable,0,1723951361537,123.248654745,2024-08-17 23:22:41.537000,-121.9479367,37.3931701,-23.600000381469727,37.3931701,-121.9479367,-23.600000381469727
4G_LTE,-128,2147483647,-128,-15,-103,2147483647,12,9820,192,2147483647,2147483647,2147483647,0,2147483647,[30],[FDD],"Band Number = 30, Uplink = 2305.0 - 2315.0 MHz, Downlink = 2305.0 - 2315.0 MHz ",Unavailable,Unavailable,0,1723951361537,123.248654745,2024-08-17 23:22:41.537000,-121.9479367,37.3931701,-23.600000381469727,37.3931701,-121.9479367,-23.600000381469727
4G_LTE,-114,2147483647,-114,-13,-83,2147483647,26,66986,102,2147483647,169470393,35653,1,2147483647,[66],[FDD],"Band Number = 66, Uplink = 1710.0 - 1780.0 MHz, Downlink = 1710.0 - 1780.0 MHz ",310,410,1,1723951362531,124.242187452,2024-08-17 23:22:42.531000,-121.9479367,37.3931701,-23.600000381469727,37.3931701,-121.9479367,-23.600000381469727
4G_LTE,-127,2147483647,-127,-18,-93,2147483647,13,66986,497,2147483647,2147483647,2147483647,0,2147483647,[66],[FDD],"Band Number = 66, Uplink = 1710.0 - 1780.0 MHz, Downlink = 1710.0 - 1780.0 MHz ",Unavailable,Unavailable,0,1723951362531,124.242187452,2024-08-17 23:22:42.531000,-121.9479367,37.3931701,-23.600000381469727,37.3931701,-121.9479367,-23.600000381469727
4G_LTE,-116,2147483647,-116,-12,-95,2147483647,24,5330,471,2147483647,2147483647,2147483647,0,2147483647,[14],[FDD],"Band Number = 14, Uplink = 788.0 - 798.0 MHz, Downlink = 788.0 - 798.0 MHz ",Unavailable,Unavailable,0,1723951362531,124.242187452,2024-08-17 23:22:42.531000,-121.9479367,37.3931701,-23.600000381469727,37.3931701,-121.9479367,-23.600000381469727
4G_LTE,-121,2147483647,-121,-15,-95,2147483647,19,5330,147,2147483647,2147483647,2147483647,0,2147483647,[14],[FDD],"Band Number = 14, Uplink = 788.0 - 798.0 MHz, Downlink = 788.0 - 798.0 MHz ",Unavailable,Unavailable,0,1723951362531,124.242187452,2024-08-17 23:22:42.531000,-121.9479367,37.3931701,-23.600000381469727,37.3931701,-121.9479367,-23.600000381469727
4G_LTE,-103,2147483647,-103,-10,-85,2147483647,37,5035,87,2147483647,2147483647,2147483647,2,2147483647,[12],[FDD],"Band Number = 12, Uplink = 698.0 - 716.0 MHz, Downlink = 699.0 - 716.0 MHz ",Unavailable,Unavailable,0,1723951362531,124.242187452,2024-08-17 23:22:42.531000,-121.9479367,37.3931701,-23.600000381469727,37.3931701,-121.9479367,-23.600000381469727
4G_LTE,-113,2147483647,-113,-15,-85,2147483647,27,5035,88,2147483647,2147483647,2147483647,1,2147483647,[12],[FDD],"Band Number = 12, Uplink = 698.0 - 716.0 MHz, Downlink = 699.0 - 716.0 MHz ",Unavailable,Unavailable,0,1723951362531,124.242187452,2024-08-17 23:22:42.531000,-121.9479367,37.3931701,-23.600000381469727,37.3931701,-121.9479367,-23.600000381469727
4G_LTE,-112,2147483647,-112,-19,-85,2147483647,28,5035,191,2147483647,2147483647,2147483647,1,2147483647,[12],[FDD],"Band Number = 12, Uplink = 698.0 - 716.0 MHz, Downlink = 699.0 - 716.0 MHz ",Unavailable,Unavailable,0,1723951362531,124.242187452,2024-08-17 23:22:42.531000,-121.9479367,37.3931701,-23.600000381469727,37.3931701,-121.9479367,-23.600000381469727
4G_LTE,-128,2147483647,-128,-15,-103,2147483647,12,9820,192,2147483647,2147483647,2147483647,0,2147483647,[30],[FDD],"Band Number = 30, Uplink = 2305.0 - 2315.0 MHz, Downlink = 2305.0 - 2315.0 MHz ",Unavailable,Unavailable,0,1723951362531,124.242187452,2024-08-17 23:22:42.531000,-121.9479367,37.3931701,-23.600000381469727,37.3931701,-121.9479367,-23.600000381469727
4G_LTE,-114,2147483647,-114,-13,-83,2147483647,26,66986,102,2147483647,169470393,35653,1,2147483647,[66],[FDD],"Band Number = 66, Uplink = 1710.0 - 1780.0 MHz, Downlink = 1710.0 - 1780.0 MHz ",310,410,1,1723951363532,125.24463391,2024-08-17 23:22:43.532000,-121.9479367,37.3931701,-23.600000381469727,37.3931701,-121.9479367,-23.600000381469727
4G_LTE,-127,2147483647,-127,-18,-93,2147483647,13,66986,497,2147483647,2147483647,2147483647,0,2147483647,[66],[FDD],"Band Number = 66, Uplink = 1710.0 - 1780.0 MHz, Downlink = 1710.0 - 1780.0 MHz ",Unavailable,Unavailable,0,1723951363532,125.24463391,2024-08-17 23:22:43.532000,-121.9479367,37.3931701,-23.600000381469727,37.3931701,-121.9479367,-23.600000381469727
4G_LTE,-116,2147483647,-116,-12,-95,2147483647,24,5330,471,2147483647,2147483647,2147483647,0,2147483647,[14],[FDD],"Band Number = 14, Uplink = 788.0 - 798.0 MHz, Downlink = 788.0 - 798.0 MHz ",Unavailable,Unavailable,0,1723951363532,125.24463391,2024-08-17 23:22:43.532000,-121.9479367,37.3931701,-23.600000381469727,37.3931701,-121.9479367,-23.600000381469727
4G_LTE,-121,2147483647,-121,-15,-95,2147483647,19,5330,147,2147483647,2147483647,2147483647,0,2147483647,[14],[FDD],"Band Number = 14, Uplink = 788.0 - 798.0 MHz, Downlink = 788.0 - 798.0 MHz ",Unavailable,Unavailable,0,1723951363532,125.24463391,2024-08-17 23:22:43.532000,-121.9479367,37.3931701,-23.600000381469727,37.3931701,-121.9479367,-23.600000381469727
4G_LTE,-103,2147483647,-103,-10,-85,2147483647,37,5035,87,2147483647,2147483647,2147483647,2,2147483647,[12],[FDD],"Band Number = 12, Uplink = 698.0 - 716.0 MHz, Downlink = 699.0 - 716.0 MHz ",Unavailable,Unavailable,0,1723951363532,125.24463391,2024-08-17 23:22:43.532000,-121.9479367,37.3931701,-23.600000381469727,37.3931701,-121.9479367,-23.600000381469727
4G_LTE,-113,2147483647,-113,-15,-85,2147483647,27,5035,88,2147483647,2147483647,2147483647,1,2147483647,[12],[FDD],"Band Number = 12, Uplink = 698.0 - 716.0 MHz, Downlink = 699.0 - 716.0 MHz ",Unavailable,Unavailable,0,1723951363532,125.24463391,2024-08-17 23:22:43.532000,-121.9479367,37.3931701,-23.600000381469727,37.3931701,-121.9479367,-23.600000381469727
4G_LTE,-112,2147483647,-112,-19,-85,2147483647,28,5035,191,2147483647,2147483647,2147483647,1,2147483647,[12],[FDD],"Band Number = 12, Uplink = 698.0 - 716.0 MHz, Downlink = 699.0 - 716.0 MHz ",Unavailable,Unavailable,0,1723951363532,125.24463391,2024-08-17 23:22:43.532000,-121.9479367,37.3931701,-23.600000381469727,37.3931701,-121.9479367,-23.600000381469727
4G_LTE,-128,2147483647,-128,-15,-103,2147483647,12,9820,192,2147483647,2147483647,2147483647,0,2147483647,[30],[FDD],"Band Number = 30, Uplink = 2305.0 - 2315.0 MHz, Downlink = 2305.0 - 2315.0 MHz ",Unavailable,Unavailable,0,1723951363532,125.24463391,2024-08-17 23:22:43.532000,-121.9479367,37.3931701,-23.600000381469727,37.3931701,-121.9479367,-23.600000381469727
4G_LTE,-114,2147483647,-114,-13,-83,2147483647,26,66986,102,2147483647,169470393,35653,1,2147483647,[66],[FDD],"Band Number = 66, Uplink = 1710.0 - 1780.0 MHz, Downlink = 1710.0 - 1780.0 MHz ",310,410,1,1723951364545,126.253681618,2024-08-17 23:22:44.545000,-121.9479367,37.3931701,-23.600000381469727,37.3931701,-121.9479367,-23.600000381469727
4G_LTE,-127,2147483647,-127,-18,-93,2147483647,13,66986,497,2147483647,2147483647,2147483647,0,2147483647,[66],[FDD],"Band Number = 66, Uplink = 1710.0 - 1780.0 MHz, Downlink = 1710.0 - 1780.0 MHz ",Unavailable,Unavailable,0,1723951364545,126.253681618,2024-08-17 23:22:44.545000,-121.9479367,37.3931701,-23.600000381469727,37.3931701,-121.9479367,-23.600000381469727
4G_LTE,-116,2147483647,-116,-12,-95,2147483647,24,5330,471,2147483647,2147483647,2147483647,0,2147483647,[14],[FDD],"Band Number = 14, Uplink = 788.0 - 798.0 MHz, Downlink = 788.0 - 798.0 MHz ",Unavailable,Unavailable,0,1723951364545,126.253681618,2024-08-17 23:22:44.545000,-121.9479367,37.3931701,-23.600000381469727,37.3931701,-121.9479367,-23.600000381469727
4G_LTE,-121,2147483647,-121,-15,-95,2147483647,19,5330,147,2147483647,2147483647,2147483647,0,2147483647,[14],[FDD],"Band Number = 14, Uplink = 788.0 - 798.0 MHz, Downlink = 788.0 - 798.0 MHz ",Unavailable,Unavailable,0,1723951364545,126.253681618,2024-08-17 23:22:44.545000,-121.9479367,37.3931701,-23.600000381469727,37.3931701,-121.9479367,-23.600000381469727
4G_LTE,-103,2147483647,-103,-10,-85,2147483647,37,5035,87,2147483647,2147483647,2147483647,2,2147483647,[12],[FDD],"Band Number = 12, Uplink = 698.0 - 716.0 MHz, Downlink = 699.0 - 716.0 MHz ",Unavailable,Unavailable,0,1723951364545,126.253681618,2024-08-17 23:22:44.545000,-121.9479367,37.3931701,-23.600000381469727,37.3931701,-121.9479367,-23.600000381469727
4G_LTE,-113,2147483647,-113,-15,-85,2147483647,27,5035,88,2147483647,2147483647,2147483647,1,2147483647,[12],[FDD],"Band Number = 12, Uplink = 698.0 - 716.0 MHz, Downlink = 699.0 - 716.0 MHz ",Unavailable,Unavailable,0,1723951364545,126.253681618,2024-08-17 23:22:44.545000,-121.9479367,37.3931701,-23.600000381469727,37.3931701,-121.9479367,-23.600000381469727
4G_LTE,-112,2147483647,-112,-19,-85,2147483647,28,5035,191,2147483647,2147483647,2147483647,1,2147483647,[12],[FDD],"Band Number = 12, Uplink = 698.0 - 716.0 MHz, Downlink = 699.0 - 716.0 MHz ",Unavailable,Unavailable,0,1723951364545,126.253681618,2024-08-17 23:22:44.545000,-121.9479367,37.3931701,-23.600000381469727,37.3931701,-121.9479367,-23.600000381469727
4G_LTE,-128,2147483647,-128,-15,-103,2147483647,12,9820,192,2147483647,2147483647,2147483647,0,2147483647,[30],[FDD],"Band Number = 30, Uplink = 2305.0 - 2315.0 MHz, Downlink = 2305.0 - 2315.0 MHz ",Unavailable,Unavailable,0,1723951364545,126.253681618,2024-08-17 23:22:44.545000,-121.9479367,37.3931701,-23.600000381469727,37.3931701,-121.9479367,-23.600000381469727
4G_LTE,-114,2147483647,-114,-13,-83,2147483647,26,66986,102,2147483647,169470393,35653,1,2147483647,[66],[FDD],"Band Number = 66, Uplink = 1710.0 - 1780.0 MHz, Downlink = 1710.0 - 1780.0 MHz ",310,410,1,1723951365541,127.250034847,2024-08-17 23:22:45.541000,-121.9479367,37.3931701,-23.600000381469727,37.3931701,-121.9479367,-23.600000381469727
4G_LTE,-127,2147483647,-127,-18,-93,2147483647,13,66986,497,2147483647,2147483647,2147483647,0,2147483647,[66],[FDD],"Band Number = 66, Uplink = 1710.0 - 1780.0 MHz, Downlink = 1710.0 - 1780.0 MHz ",Unavailable,Unavailable,0,1723951365541,127.250034847,2024-08-17 23:22:45.541000,-121.9479367,37.3931701,-23.600000381469727,37.3931701,-121.9479367,-23.600000381469727
4G_LTE,-116,2147483647,-116,-12,-95,2147483647,24,5330,471,2147483647,2147483647,2147483647,0,2147483647,[14],[FDD],"Band Number = 14, Uplink = 788.0 - 798.0 MHz, Downlink = 788.0 - 798.0 MHz ",Unavailable,Unavailable,0,1723951365541,127.250034847,2024-08-17 23:22:45.541000,-121.9479367,37.3931701,-23.600000381469727,37.3931701,-121.9479367,-23.600000381469727
4G_LTE,-121,2147483647,-121,-15,-95,2147483647,19,5330,147,2147483647,2147483647,2147483647,0,2147483647,[14],[FDD],"Band Number = 14, Uplink = 788.0 - 798.0 MHz, Downlink = 788.0 - 798.0 MHz ",Unavailable,Unavailable,0,1723951365541,127.250034847,2024-08-17 23:22:45.541000,-121.9479367,37.3931701,-23.600000381469727,37.3931701,-121.9479367,-23.600000381469727
4G_LTE,-103,2147483647,-103,-10,-85,2147483647,37,5035,87,2147483647,2147483647,2147483647,2,2147483647,[12],[FDD],"Band Number = 12, Uplink = 698.0 - 716.0 MHz, Downlink = 699.0 - 716.0 MHz ",Unavailable,Unavailable,0,1723951365541,127.250034847,2024-08-17 23:22:45.541000,-121.9479367,37.3931701,-23.600000381469727,37.3931701,-121.9479367,-23.600000381469727
4G_LTE,-113,2147483647,-113,-15,-85,2147483647,27,5035,88,2147483647,2147483647,2147483647,1,2147483647,[12],[FDD],"Band Number = 12, Uplink = 698.0 - 716.0 MHz, Downlink = 699.0 - 716.0 MHz ",Unavailable,Unavailable,0,1723951365541,127.250034847,2024-08-17 23:22:45.541000,-121.9479367,37.3931701,-23.600000381469727,37.3931701,-121.9479367,-23.600000381469727
4G_LTE,-112,2147483647,-112,-19,-85,2147483647,28,5035,191,2147483647,2147483647,2147483647,1,2147483647,[12],[FDD],"Band Number = 12, Uplink = 698.0 - 716.0 MHz, Downlink = 699.0 - 716.0 MHz ",Unavailable,Unavailable,0,1723951365541,127.250034847,2024-08-17 23:22:45.541000,-121.9479367,37.3931701,-23.600000381469727,37.3931701,-121.9479367,-23.600000381469727
4G_LTE,-128,2147483647,-128,-15,-103,2147483647,12,9820,192,2147483647,2147483647,2147483647,0,2147483647,[30],[FDD],"Band Number = 30, Uplink = 2305.0 - 2315.0 MHz, Downlink = 2305.0 - 2315.0 MHz ",Unavailable,Unavailable,0,1723951365541,127.250034847,2024-08-17 23:22:45.541000,-121.9479367,37.3931701,-23.600000381469727,37.3931701,-121.9479367,-23.600000381469727
4G_LTE,-120,2147483647,-120,-13,-89,2147483647,20,66986,102,2147483647,169470393,35653,0,2147483647,[66],[FDD],"Band Number = 66, Uplink = 1710.0 - 1780.0 MHz, Downlink = 1710.0 - 1780.0 MHz ",310,410,1,1723951366540,128.252169795,2024-08-17 23:22:46.540000,-121.9479367,37.3931701,-23.600000381469727,37.3931701,-121.9479367,-23.600000381469727
4G_LTE,-130,2147483647,-130,-20,-97,2147483647,10,66986,497,2147483647,2147483647,2147483647,0,2147483647,[66],[FDD],"Band Number = 66, Uplink = 1710.0 - 1780.0 MHz, Downlink = 1710.0 - 1780.0 MHz ",Unavailable,Unavailable,0,1723951366540,128.252169795,2024-08-17 23:22:46.540000,-121.9479367,37.3931701,-23.600000381469727,37.3931701,-121.9479367,-23.600000381469727
4G_LTE,-114,2147483647,-114,-15,-91,2147483647,26,5330,471,2147483647,2147483647,2147483647,1,2147483647,[14],[FDD],"Band Number = 14, Uplink = 788.0 - 798.0 MHz, Downlink = 788.0 - 798.0 MHz ",Unavailable,Unavailable,0,1723951366540,128.252169795,2024-08-17 23:22:46.540000,-121.9479367,37.3931701,-23.600000381469727,37.3931701,-121.9479367,-23.600000381469727
4G_LTE,-119,2147483647,-119,-19,-91,2147483647,21,5330,147,2147483647,2147483647,2147483647,0,2147483647,[14],[FDD],"Band Number = 14, Uplink = 788.0 - 798.0 MHz, Downlink = 788.0 - 798.0 MHz ",Unavailable,Unavailable,0,1723951366540,128.252169795,2024-08-17 23:22:46.540000,-121.9479367,37.3931701,-23.600000381469727,37.3931701,-121.9479367,-23.600000381469727
4G_LTE,-105,2147483647,-105,-12,-83,2147483647,35,5035,87,2147483647,2147483647,2147483647,2,2147483647,[12],[FDD],"Band Number = 12, Uplink = 698.0 - 716.0 MHz, Downlink = 699.0 - 716.0 MHz ",Unavailable,Unavailable,0,1723951366540,128.252169795,2024-08-17 23:22:46.540000,-121.9479367,37.3931701,-23.600000381469727,37.3931701,-121.9479367,-23.600000381469727
4G_LTE,-113,2147483647,-113,-16,-83,2147483647,27,5035,88,2147483647,2147483647,2147483647,1,2147483647,[12],[FDD],"Band Number = 12, Uplink = 698.0 - 716.0 MHz, Downlink = 699.0 - 716.0 MHz ",Unavailable,Unavailable,0,1723951366540,128.252169795,2024-08-17 23:22:46.540000,-121.9479367,37.3931701,-23.600000381469727,37.3931701,-121.9479367,-23.600000381469727
4G_LTE,-129,2147483647,-129,-16,-103,2147483647,11,9820,192,2147483647,2147483647,2147483647,0,2147483647,[30],[FDD],"Band Number = 30, Uplink = 2305.0 - 2315.0 MHz, Downlink = 2305.0 - 2315.0 MHz ",Unavailable,Unavailable,0,1723951366540,128.252169795,2024-08-17 23:22:46.540000,-121.9479367,37.3931701,-23.600000381469727,37.3931701,-121.9479367,-23.600000381469727
4G_LTE,-120,2147483647,-120,-13,-89,2147483647,20,66986,102,2147483647,169470393,35653,0,2147483647,[66],[FDD],"Band Number = 66, Uplink = 1710.0 - 1780.0 MHz, Downlink = 1710.0 - 1780.0 MHz ",310,410,1,1723951367542,129.253314065,2024-08-17 23:22:47.542000,-121.9479367,37.3931701,-23.600000381469727,37.3931701,-121.9479367,-23.600000381469727
4G_LTE,-130,2147483647,-130,-20,-97,2147483647,10,66986,497,2147483647,2147483647,2147483647,0,2147483647,[66],[FDD],"Band Number = 66, Uplink = 1710.0 - 1780.0 MHz, Downlink = 1710.0 - 1780.0 MHz ",Unavailable,Unavailable,0,1723951367542,129.253314065,2024-08-17 23:22:47.542000,-121.9479367,37.3931701,-23.600000381469727,37.3931701,-121.9479367,-23.600000381469727
4G_LTE,-114,2147483647,-114,-15,-91,2147483647,26,5330,471,2147483647,2147483647,2147483647,1,2147483647,[14],[FDD],"Band Number = 14, Uplink = 788.0 - 798.0 MHz, Downlink = 788.0 - 798.0 MHz ",Unavailable,Unavailable,0,1723951367542,129.253314065,2024-08-17 23:22:47.542000,-121.9479367,37.3931701,-23.600000381469727,37.3931701,-121.9479367,-23.600000381469727
4G_LTE,-119,2147483647,-119,-19,-91,2147483647,21,5330,147,2147483647,2147483647,2147483647,0,2147483647,[14],[FDD],"Band Number = 14, Uplink = 788.0 - 798.0 MHz, Downlink = 788.0 - 798.0 MHz ",Unavailable,Unavailable,0,1723951367542,129.253314065,2024-08-17 23:22:47.542000,-121.9479367,37.3931701,-23.600000381469727,37.3931701,-121.9479367,-23.600000381469727
4G_LTE,-105,2147483647,-105,-12,-83,2147483647,35,5035,87,2147483647,2147483647,2147483647,2,2147483647,[12],[FDD],"Band Number = 12, Uplink = 698.0 - 716.0 MHz, Downlink = 699.0 - 716.0 MHz ",Unavailable,Unavailable,0,1723951367542,129.253314065,2024-08-17 23:22:47.542000,-121.9479367,37.3931701,-23.600000381469727,37.3931701,-121.9479367,-23.600000381469727
4G_LTE,-113,2147483647,-113,-16,-83,2147483647,27,5035,88,2147483647,2147483647,2147483647,1,2147483647,[12],[FDD],"Band Number = 12, Uplink = 698.0 - 716.0 MHz, Downlink = 699.0 - 716.0 MHz ",Unavailable,Unavailable,0,1723951367542,129.253314065,2024-08-17 23:22:47.542000,-121.9479367,37.3931701,-23.600000381469727,37.3931701,-121.9479367,-23.600000381469727
4G_LTE,-129,2147483647,-129,-16,-103,2147483647,11,9820,192,2147483647,2147483647,2147483647,0,2147483647,[30],[FDD],"Band Number = 30, Uplink = 2305.0 - 2315.0 MHz, Downlink = 2305.0 - 2315.0 MHz ",Unavailable,Unavailable,0,1723951367542,129.253314065,2024-08-17 23:22:47.542000,-121.9479367,37.3931701,-23.600000381469727,37.3931701,-121.9479367,-23.600000381469727
4G_LTE,-120,2147483647,-120,-13,-89,2147483647,20,66986,102,2147483647,169470393,35653,0,2147483647,[66],[FDD],"Band Number = 66, Uplink = 1710.0 - 1780.0 MHz, Downlink = 1710.0 - 1780.0 MHz ",310,410,1,1723951368543,130.252670992,2024-08-17 23:22:48.543000,-121.9479367,37.3931701,-23.600000381469727,37.3931701,-121.9479367,-23.600000381469727
4G_LTE,-130,2147483647,-130,-20,-97,2147483647,10,66986,497,2147483647,2147483647,2147483647,0,2147483647,[66],[FDD],"Band Number = 66, Uplink = 1710.0 - 1780.0 MHz, Downlink = 1710.0 - 1780.0 MHz ",Unavailable,Unavailable,0,1723951368543,130.252670992,2024-08-17 23:22:48.543000,-121.9479367,37.3931701,-23.600000381469727,37.3931701,-121.9479367,-23.600000381469727
4G_LTE,-114,2147483647,-114,-15,-91,2147483647,26,5330,471,2147483647,2147483647,2147483647,1,2147483647,[14],[FDD],"Band Number = 14, Uplink = 788.0 - 798.0 MHz, Downlink = 788.0 - 798.0 MHz ",Unavailable,Unavailable,0,1723951368543,130.252670992,2024-08-17 23:22:48.543000,-121.9479367,37.3931701,-23.600000381469727,37.3931701,-121.9479367,-23.600000381469727
4G_LTE,-119,2147483647,-119,-19,-91,2147483647,21,5330,147,2147483647,2147483647,2147483647,0,2147483647,[14],[FDD],"Band Number = 14, Uplink = 788.0 - 798.0 MHz, Downlink = 788.0 - 798.0 MHz ",Unavailable,Unavailable,0,1723951368543,130.252670992,2024-08-17 23:22:48.543000,-121.9479367,37.3931701,-23.600000381469727,37.3931701,-121.9479367,-23.600000381469727
4G_LTE,-105,2147483647,-105,-12,-83,2147483647,35,5035,87,2147483647,2147483647,2147483647,2,2147483647,[12],[FDD],"Band Number = 12, Uplink = 698.0 - 716.0 MHz, Downlink = 699.0 - 716.0 MHz ",Unavailable,Unavailable,0,1723951368543,130.252670992,2024-08-17 23:22:48.543000,-121.9479367,37.3931701,-23.600000381469727,37.3931701,-121.9479367,-23.600000381469727
4G_LTE,-113,2147483647,-113,-16,-83,2147483647,27,5035,88,2147483647,2147483647,2147483647,1,2147483647,[12],[FDD],"Band Number = 12, Uplink = 698.0 - 716.0 MHz, Downlink = 699.0 - 716.0 MHz ",Unavailable,Unavailable,0,1723951368543,130.252670992,2024-08-17 23:22:48.543000,-121.9479367,37.3931701,-23.600000381469727,37.3931701,-121.9479367,-23.600000381469727
4G_LTE,-129,2147483647,-129,-16,-103,2147483647,11,9820,192,2147483647,2147483647,2147483647,0,2147483647,[30],[FDD],"Band Number = 30, Uplink = 2305.0 - 2315.0 MHz, Downlink = 2305.0 - 2315.0 MHz ",Unavailable,Unavailable,0,1723951368543,130.252670992,2024-08-17 23:22:48.543000,-121.9479367,37.3931701,-23.600000381469727,37.3931701,-121.9479367,-23.600000381469727
4G_LTE,-120,2147483647,-120,-13,-89,2147483647,20,66986,102,2147483647,169470393,35653,0,2147483647,[66],[FDD],"Band Number = 66, Uplink = 1710.0 - 1780.0 MHz, Downlink = 1710.0 - 1780.0 MHz ",310,410,1,1723951369541,131.251981096,2024-08-17 23:22:49.541000,-121.9479367,37.3931701,-23.600000381469727,37.3931701,-121.9479367,-23.600000381469727
4G_LTE,-130,2147483647,-130,-20,-97,2147483647,10,66986,497,2147483647,2147483647,2147483647,0,2147483647,[66],[FDD],"Band Number = 66, Uplink = 1710.0 - 1780.0 MHz, Downlink = 1710.0 - 1780.0 MHz ",Unavailable,Unavailable,0,1723951369541,131.251981096,2024-08-17 23:22:49.541000,-121.9479367,37.3931701,-23.600000381469727,37.3931701,-121.9479367,-23.600000381469727
4G_LTE,-114,2147483647,-114,-15,-91,2147483647,26,5330,471,2147483647,2147483647,2147483647,1,2147483647,[14],[FDD],"Band Number = 14, Uplink = 788.0 - 798.0 MHz, Downlink = 788.0 - 798.0 MHz ",Unavailable,Unavailable,0,1723951369541,131.251981096,2024-08-17 23:22:49.541000,-121.9479367,37.3931701,-23.600000381469727,37.3931701,-121.9479367,-23.600000381469727
4G_LTE,-119,2147483647,-119,-19,-91,2147483647,21,5330,147,2147483647,2147483647,2147483647,0,2147483647,[14],[FDD],"Band Number = 14, Uplink = 788.0 - 798.0 MHz, Downlink = 788.0 - 798.0 MHz ",Unavailable,Unavailable,0,1723951369541,131.251981096,2024-08-17 23:22:49.541000,-121.9479367,37.3931701,-23.600000381469727,37.3931701,-121.9479367,-23.600000381469727
4G_LTE,-105,2147483647,-105,-12,-83,2147483647,35,5035,87,2147483647,2147483647,2147483647,2,2147483647,[12],[FDD],"Band Number = 12, Uplink = 698.0 - 716.0 MHz, Downlink = 699.0 - 716.0 MHz ",Unavailable,Unavailable,0,1723951369541,131.251981096,2024-08-17 23:22:49.541000,-121.9479367,37.3931701,-23.600000381469727,37.3931701,-121.9479367,-23.600000381469727
4G_LTE,-113,2147483647,-113,-16,-83,2147483647,27,5035,88,2147483647,2147483647,2147483647,1,2147483647,[12],[FDD],"Band Number = 12, Uplink = 698.0 - 716.0 MHz, Downlink = 699.0 - 716.0 MHz ",Unavailable,Unavailable,0,1723951369541,131.251981096,2024-08-17 23:22:49.541000,-121.9479367,37.3931701,-23.600000381469727,37.3931701,-121.9479367,-23.600000381469727
4G_LTE,-129,2147483647,-129,-16,-103,2147483647,11,9820,192,2147483647,2147483647,2147483647,0,2147483647,[30],[FDD],"Band Number = 30, Uplink = 2305.0 - 2315.0 MHz, Downlink = 2305.0 - 2315.0 MHz ",Unavailable,Unavailable,0,1723951369541,131.251981096,2024-08-17 23:22:49.541000,-121.9479367,37.3931701,-23.600000381469727,37.3931701,-121.9479367,-23.600000381469727
4G_LTE,-120,2147483647,-120,-13,-89,2147483647,20,66986,102,2147483647,169470393,35653,0,2147483647,[66],[FDD],"Band Number = 66, Uplink = 1710.0 - 1780.0 MHz, Downlink = 1710.0 - 1780.0 MHz ",310,410,1,1723951370542,132.253706929,2024-08-17 23:22:50.542000,-121.9479367,37.3931701,-23.600000381469727,37.3931701,-121.9479367,-23.600000381469727
4G_LTE,-130,2147483647,-130,-20,-97,2147483647,10,66986,497,2147483647,2147483647,2147483647,0,2147483647,[66],[FDD],"Band Number = 66, Uplink = 1710.0 - 1780.0 MHz, Downlink = 1710.0 - 1780.0 MHz ",Unavailable,Unavailable,0,1723951370542,132.253706929,2024-08-17 23:22:50.542000,-121.9479367,37.3931701,-23.600000381469727,37.3931701,-121.9479367,-23.600000381469727
4G_LTE,-114,2147483647,-114,-15,-91,2147483647,26,5330,471,2147483647,2147483647,2147483647,1,2147483647,[14],[FDD],"Band Number = 14, Uplink = 788.0 - 798.0 MHz, Downlink = 788.0 - 798.0 MHz ",Unavailable,Unavailable,0,1723951370542,132.253706929,2024-08-17 23:22:50.542000,-121.9479367,37.3931701,-23.600000381469727,37.3931701,-121.9479367,-23.600000381469727
4G_LTE,-119,2147483647,-119,-19,-91,2147483647,21,5330,147,2147483647,2147483647,2147483647,0,2147483647,[14],[FDD],"Band Number = 14, Uplink = 788.0 - 798.0 MHz, Downlink = 788.0 - 798.0 MHz ",Unavailable,Unavailable,0,1723951370542,132.253706929,2024-08-17 23:22:50.542000,-121.9479367,37.3931701,-23.600000381469727,37.3931701,-121.9479367,-23.600000381469727
4G_LTE,-105,2147483647,-105,-12,-83,2147483647,35,5035,87,2147483647,2147483647,2147483647,2,2147483647,[12],[FDD],"Band Number = 12, Uplink = 698.0 - 716.0 MHz, Downlink = 699.0 - 716.0 MHz ",Unavailable,Unavailable,0,1723951370542,132.253706929,2024-08-17 23:22:50.542000,-121.9479367,37.3931701,-23.600000381469727,37.3931701,-121.9479367,-23.600000381469727
4G_LTE,-113,2147483647,-113,-16,-83,2147483647,27,5035,88,2147483647,2147483647,2147483647,1,2147483647,[12],[FDD],"Band Number = 12, Uplink = 698.0 - 716.0 MHz, Downlink = 699.0 - 716.0 MHz ",Unavailable,Unavailable,0,1723951370542,132.253706929,2024-08-17 23:22:50.542000,-121.9479367,37.3931701,-23.600000381469727,37.3931701,-121.9479367,-23.600000381469727
4G_LTE,-129,2147483647,-129,-16,-103,2147483647,11,9820,192,2147483647,2147483647,2147483647,0,2147483647,[30],[FDD],"Band Number = 30, Uplink = 2305.0 - 2315.0 MHz, Downlink = 2305.0 - 2315.0 MHz ",Unavailable,Unavailable,0,1723951370542,132.253706929,2024-08-17 23:22:50.542000,-121.9479367,37.3931701,-23.600000381469727,37.3931701,-121.9479367,-23.600000381469727
4G_LTE,-120,2147483647,-120,-13,-89,2147483647,20,66986,102,2147483647,169470393,35653,0,2147483647,[66],[FDD],"Band Number = 66, Uplink = 1710.0 - 1780.0 MHz, Downlink = 1710.0 - 1780.0 MHz ",310,410,1,1723951371550,133.255152657,2024-08-17 23:22:51.550000,-121.9479367,37.3931701,-23.600000381469727,37.3931701,-121.9479367,-23.600000381469727
4G_LTE,-130,2147483647,-130,-20,-97,2147483647,10,66986,497,2147483647,2147483647,2147483647,0,2147483647,[66],[FDD],"Band Number = 66, Uplink = 1710.0 - 1780.0 MHz, Downlink = 1710.0 - 1780.0 MHz ",Unavailable,Unavailable,0,1723951371550,133.255152657,2024-08-17 23:22:51.550000,-121.9479367,37.3931701,-23.600000381469727,37.3931701,-121.9479367,-23.600000381469727
4G_LTE,-114,2147483647,-114,-15,-91,2147483647,26,5330,471,2147483647,2147483647,2147483647,1,2147483647,[14],[FDD],"Band Number = 14, Uplink = 788.0 - 798.0 MHz, Downlink = 788.0 - 798.0 MHz ",Unavailable,Unavailable,0,1723951371550,133.255152657,2024-08-17 23:22:51.550000,-121.9479367,37.3931701,-23.600000381469727,37.3931701,-121.9479367,-23.600000381469727
4G_LTE,-119,2147483647,-119,-19,-91,2147483647,21,5330,147,2147483647,2147483647,2147483647,0,2147483647,[14],[FDD],"Band Number = 14, Uplink = 788.0 - 798.0 MHz, Downlink = 788.0 - 798.0 MHz ",Unavailable,Unavailable,0,1723951371550,133.255152657,2024-08-17 23:22:51.550000,-121.9479367,37.3931701,-23.600000381469727,37.3931701,-121.9479367,-23.600000381469727
4G_LTE,-105,2147483647,-105,-12,-83,2147483647,35,5035,87,2147483647,2147483647,2147483647,2,2147483647,[12],[FDD],"Band Number = 12, Uplink = 698.0 - 716.0 MHz, Downlink = 699.0 - 716.0 MHz ",Unavailable,Unavailable,0,1723951371550,133.255152657,2024-08-17 23:22:51.550000,-121.9479367,37.3931701,-23.600000381469727,37.3931701,-121.9479367,-23.600000381469727
4G_LTE,-113,2147483647,-113,-16,-83,2147483647,27,5035,88,2147483647,2147483647,2147483647,1,2147483647,[12],[FDD],"Band Number = 12, Uplink = 698.0 - 716.0 MHz, Downlink = 699.0 - 716.0 MHz ",Unavailable,Unavailable,0,1723951371550,133.255152657,2024-08-17 23:22:51.550000,-121.9479367,37.3931701,-23.600000381469727,37.3931701,-121.9479367,-23.600000381469727
4G_LTE,-129,2147483647,-129,-16,-103,2147483647,11,9820,192,2147483647,2147483647,2147483647,0,2147483647,[30],[FDD],"Band Number = 30, Uplink = 2305.0 - 2315.0 MHz, Downlink = 2305.0 - 2315.0 MHz ",Unavailable,Unavailable,0,1723951371550,133.255152657,2024-08-17 23:22:51.550000,-121.9479367,37.3931701,-23.600000381469727,37.3931701,-121.9479367,-23.600000381469727
4G_LTE,-120,2147483647,-120,-13,-89,2147483647,20,66986,102,2147483647,169470393,35653,0,2147483647,[66],[FDD],"Band Number = 66, Uplink = 1710.0 - 1780.0 MHz, Downlink = 1710.0 - 1780.0 MHz ",310,410,1,1723951372544,134.255231615,2024-08-17 23:22:52.544000,-121.9479367,37.3931701,-23.600000381469727,37.3931701,-121.9479367,-23.600000381469727
4G_LTE,-130,2147483647,-130,-20,-97,2147483647,10,66986,497,2147483647,2147483647,2147483647,0,2147483647,[66],[FDD],"Band Number = 66, Uplink = 1710.0 - 1780.0 MHz, Downlink = 1710.0 - 1780.0 MHz ",Unavailable,Unavailable,0,1723951372544,134.255231615,2024-08-17 23:22:52.544000,-121.9479367,37.3931701,-23.600000381469727,37.3931701,-121.9479367,-23.600000381469727
4G_LTE,-114,2147483647,-114,-15,-91,2147483647,26,5330,471,2147483647,2147483647,2147483647,1,2147483647,[14],[FDD],"Band Number = 14, Uplink = 788.0 - 798.0 MHz, Downlink = 788.0 - 798.0 MHz ",Unavailable,Unavailable,0,1723951372544,134.255231615,2024-08-17 23:22:52.544000,-121.9479367,37.3931701,-23.600000381469727,37.3931701,-121.9479367,-23.600000381469727
4G_LTE,-119,2147483647,-119,-19,-91,2147483647,21,5330,147,2147483647,2147483647,2147483647,0,2147483647,[14],[FDD],"Band Number = 14, Uplink = 788.0 - 798.0 MHz, Downlink = 788.0 - 798.0 MHz ",Unavailable,Unavailable,0,1723951372544,134.255231615,2024-08-17 23:22:52.544000,-121.9479367,37.3931701,-23.600000381469727,37.3931701,-121.9479367,-23.600000381469727
4G_LTE,-105,2147483647,-105,-12,-83,2147483647,35,5035,87,2147483647,2147483647,2147483647,2,2147483647,[12],[FDD],"Band Number = 12, Uplink = 698.0 - 716.0 MHz, Downlink = 699.0 - 716.0 MHz ",Unavailable,Unavailable,0,1723951372544,134.255231615,2024-08-17 23:22:52.544000,-121.9479367,37.3931701,-23.600000381469727,37.3931701,-121.9479367,-23.600000381469727
4G_LTE,-113,2147483647,-113,-16,-83,2147483647,27,5035,88,2147483647,2147483647,2147483647,1,2147483647,[12],[FDD],"Band Number = 12, Uplink = 698.0 - 716.0 MHz, Downlink = 699.0 - 716.0 MHz ",Unavailable,Unavailable,0,1723951372544,134.255231615,2024-08-17 23:22:52.544000,-121.9479367,37.3931701,-23.600000381469727,37.3931701,-121.9479367,-23.600000381469727
4G_LTE,-129,2147483647,-129,-16,-103,2147483647,11,9820,192,2147483647,2147483647,2147483647,0,2147483647,[30],[FDD],"Band Number = 30, Uplink = 2305.0 - 2315.0 MHz, Downlink = 2305.0 - 2315.0 MHz ",Unavailable,Unavailable,0,1723951372544,134.255231615,2024-08-17 23:22:52.544000,-121.9479367,37.3931701,-23.600000381469727,37.3931701,-121.9479367,-23.600000381469727
4G_LTE,-120,2147483647,-120,-13,-89,2147483647,20,66986,102,2147483647,169470393,35653,0,2147483647,[66],[FDD],"Band Number = 66, Uplink = 1710.0 - 1780.0 MHz, Downlink = 1710.0 - 1780.0 MHz ",310,410,1,1723951373544,135.255572084,2024-08-17 23:22:53.544000,-121.9479367,37.3931701,-23.600000381469727,37.3931701,-121.9479367,-23.600000381469727
4G_LTE,-130,2147483647,-130,-20,-97,2147483647,10,66986,497,2147483647,2147483647,2147483647,0,2147483647,[66],[FDD],"Band Number = 66, Uplink = 1710.0 - 1780.0 MHz, Downlink = 1710.0 - 1780.0 MHz ",Unavailable,Unavailable,0,1723951373544,135.255572084,2024-08-17 23:22:53.544000,-121.9479367,37.3931701,-23.600000381469727,37.3931701,-121.9479367,-23.600000381469727
4G_LTE,-114,2147483647,-114,-15,-91,2147483647,26,5330,471,2147483647,2147483647,2147483647,1,2147483647,[14],[FDD],"Band Number = 14, Uplink = 788.0 - 798.0 MHz, Downlink = 788.0 - 798.0 MHz ",Unavailable,Unavailable,0,1723951373544,135.255572084,2024-08-17 23:22:53.544000,-121.9479367,37.3931701,-23.600000381469727,37.3931701,-121.9479367,-23.600000381469727
4G_LTE,-119,2147483647,-119,-19,-91,2147483647,21,5330,147,2147483647,2147483647,2147483647,0,2147483647,[14],[FDD],"Band Number = 14, Uplink = 788.0 - 798.0 MHz, Downlink = 788.0 - 798.0 MHz ",Unavailable,Unavailable,0,1723951373544,135.255572084,2024-08-17 23:22:53.544000,-121.9479367,37.3931701,-23.600000381469727,37.3931701,-121.9479367,-23.600000381469727
4G_LTE,-105,2147483647,-105,-12,-83,2147483647,35,5035,87,2147483647,2147483647,2147483647,2,2147483647,[12],[FDD],"Band Number = 12, Uplink = 698.0 - 716.0 MHz, Downlink = 699.0 - 716.0 MHz ",Unavailable,Unavailable,0,1723951373544,135.255572084,2024-08-17 23:22:53.544000,-121.9479367,37.3931701,-23.600000381469727,37.3931701,-121.9479367,-23.600000381469727
4G_LTE,-113,2147483647,-113,-16,-83,2147483647,27,5035,88,2147483647,2147483647,2147483647,1,2147483647,[12],[FDD],"Band Number = 12, Uplink = 698.0 - 716.0 MHz, Downlink = 699.0 - 716.0 MHz ",Unavailable,Unavailable,0,1723951373544,135.255572084,2024-08-17 23:22:53.544000,-121.9479367,37.3931701,-23.600000381469727,37.3931701,-121.9479367,-23.600000381469727
4G_LTE,-129,2147483647,-129,-16,-103,2147483647,11,9820,192,2147483647,2147483647,2147483647,0,2147483647,[30],[FDD],"Band Number = 30, Uplink = 2305.0 - 2315.0 MHz, Downlink = 2305.0 - 2315.0 MHz ",Unavailable,Unavailable,0,1723951373544,135.255572084,2024-08-17 23:22:53.544000,-121.9479367,37.3931701,-23.600000381469727,37.3931701,-121.9479367,-23.600000381469727
4G_LTE,-120,2147483647,-120,-13,-89,2147483647,20,66986,102,2147483647,169470393,35653,0,2147483647,[66],[FDD],"Band Number = 66, Uplink = 1710.0 - 1780.0 MHz, Downlink = 1710.0 - 1780.0 MHz ",310,410,1,1723951374551,136.262809167,2024-08-17 23:22:54.551000,-121.9479367,37.3931701,-23.600000381469727,37.3931701,-121.9479367,-23.600000381469727
4G_LTE,-130,2147483647,-130,-20,-97,2147483647,10,66986,497,2147483647,2147483647,2147483647,0,2147483647,[66],[FDD],"Band Number = 66, Uplink = 1710.0 - 1780.0 MHz, Downlink = 1710.0 - 1780.0 MHz ",Unavailable,Unavailable,0,1723951374551,136.262809167,2024-08-17 23:22:54.551000,-121.9479367,37.3931701,-23.600000381469727,37.3931701,-121.9479367,-23.600000381469727
4G_LTE,-114,2147483647,-114,-15,-91,2147483647,26,5330,471,2147483647,2147483647,2147483647,1,2147483647,[14],[FDD],"Band Number = 14, Uplink = 788.0 - 798.0 MHz, Downlink = 788.0 - 798.0 MHz ",Unavailable,Unavailable,0,1723951374551,136.262809167,2024-08-17 23:22:54.551000,-121.9479367,37.3931701,-23.600000381469727,37.3931701,-121.9479367,-23.600000381469727
4G_LTE,-119,2147483647,-119,-19,-91,2147483647,21,5330,147,2147483647,2147483647,2147483647,0,2147483647,[14],[FDD],"Band Number = 14, Uplink = 788.0 - 798.0 MHz, Downlink = 788.0 - 798.0 MHz ",Unavailable,Unavailable,0,1723951374551,136.262809167,2024-08-17 23:22:54.551000,-121.9479367,37.3931701,-23.600000381469727,37.3931701,-121.9479367,-23.600000381469727
4G_LTE,-105,2147483647,-105,-12,-83,2147483647,35,5035,87,2147483647,2147483647,2147483647,2,2147483647,[12],[FDD],"Band Number = 12, Uplink = 698.0 - 716.0 MHz, Downlink = 699.0 - 716.0 MHz ",Unavailable,Unavailable,0,1723951374551,136.262809167,2024-08-17 23:22:54.551000,-121.9479367,37.3931701,-23.600000381469727,37.3931701,-121.9479367,-23.600000381469727
4G_LTE,-113,2147483647,-113,-16,-83,2147483647,27,5035,88,2147483647,2147483647,2147483647,1,2147483647,[12],[FDD],"Band Number = 12, Uplink = 698.0 - 716.0 MHz, Downlink = 699.0 - 716.0 MHz ",Unavailable,Unavailable,0,1723951374551,136.262809167,2024-08-17 23:22:54.551000,-121.9479367,37.3931701,-23.600000381469727,37.3931701,-121.9479367,-23.600000381469727
4G_LTE,-129,2147483647,-129,-16,-103,2147483647,11,9820,192,2147483647,2147483647,2147483647,0,2147483647,[30],[FDD],"Band Number = 30, Uplink = 2305.0 - 2315.0 MHz, Downlink = 2305.0 - 2315.0 MHz ",Unavailable,Unavailable,0,1723951374551,136.262809167,2024-08-17 23:22:54.551000,-121.9479367,37.3931701,-23.600000381469727,37.3931701,-121.9479367,-23.600000381469727
4G_LTE,-120,2147483647,-120,-13,-89,2147483647,20,66986,102,2147483647,169470393,35653,0,2147483647,[66],[FDD],"Band Number = 66, Uplink = 1710.0 - 1780.0 MHz, Downlink = 1710.0 - 1780.0 MHz ",310,410,1,1723951375556,137.266186406,2024-08-17 23:22:55.556000,-121.9479367,37.3931701,-23.600000381469727,37.3931701,-121.9479367,-23.600000381469727
4G_LTE,-130,2147483647,-130,-20,-97,2147483647,10,66986,497,2147483647,2147483647,2147483647,0,2147483647,[66],[FDD],"Band Number = 66, Uplink = 1710.0 - 1780.0 MHz, Downlink = 1710.0 - 1780.0 MHz ",Unavailable,Unavailable,0,1723951375556,137.266186406,2024-08-17 23:22:55.556000,-121.9479367,37.3931701,-23.600000381469727,37.3931701,-121.9479367,-23.600000381469727
4G_LTE,-114,2147483647,-114,-15,-91,2147483647,26,5330,471,2147483647,2147483647,2147483647,1,2147483647,[14],[FDD],"Band Number = 14, Uplink = 788.0 - 798.0 MHz, Downlink = 788.0 - 798.0 MHz ",Unavailable,Unavailable,0,1723951375556,137.266186406,2024-08-17 23:22:55.556000,-121.9479367,37.3931701,-23.600000381469727,37.3931701,-121.9479367,-23.600000381469727
4G_LTE,-119,2147483647,-119,-19,-91,2147483647,21,5330,147,2147483647,2147483647,2147483647,0,2147483647,[14],[FDD],"Band Number = 14, Uplink = 788.0 - 798.0 MHz, Downlink = 788.0 - 798.0 MHz ",Unavailable,Unavailable,0,1723951375556,137.266186406,2024-08-17 23:22:55.556000,-121.9479367,37.3931701,-23.600000381469727,37.3931701,-121.9479367,-23.600000381469727
4G_LTE,-105,2147483647,-105,-12,-83,2147483647,35,5035,87,2147483647,2147483647,2147483647,2,2147483647,[12],[FDD],"Band Number = 12, Uplink = 698.0 - 716.0 MHz, Downlink = 699.0 - 716.0 MHz ",Unavailable,Unavailable,0,1723951375556,137.266186406,2024-08-17 23:22:55.556000,-121.9479367,37.3931701,-23.600000381469727,37.3931701,-121.9479367,-23.600000381469727
4G_LTE,-113,2147483647,-113,-16,-83,2147483647,27,5035,88,2147483647,2147483647,2147483647,1,2147483647,[12],[FDD],"Band Number = 12, Uplink = 698.0 - 716.0 MHz, Downlink = 699.0 - 716.0 MHz ",Unavailable,Unavailable,0,1723951375556,137.266186406,2024-08-17 23:22:55.556000,-121.9479367,37.3931701,-23.600000381469727,37.3931701,-121.9479367,-23.600000381469727
4G_LTE,-129,2147483647,-129,-16,-103,2147483647,11,9820,192,2147483647,2147483647,2147483647,0,2147483647,[30],[FDD],"Band Number = 30, Uplink = 2305.0 - 2315.0 MHz, Downlink = 2305.0 - 2315.0 MHz ",Unavailable,Unavailable,0,1723951375556,137.266186406,2024-08-17 23:22:55.556000,-121.9479367,37.3931701,-23.600000381469727,37.3931701,-121.9479367,-23.600000381469727
4G_LTE,-116,2147483647,-116,-11,-87,2147483647,24,66986,102,2147483647,169470393,35653,0,2147483647,[66],[FDD],"Band Number = 66, Uplink = 1710.0 - 1780.0 MHz, Downlink = 1710.0 - 1780.0 MHz ",310,410,1,1723951376565,138.277126301,2024-08-17 23:22:56.565000,-121.9479367,37.3931701,-23.600000381469727,37.3931701,-121.9479367,-23.600000381469727
4G_LTE,-117,2147483647,-117,-13,-95,2147483647,23,5330,471,2147483647,2147483647,2147483647,0,2147483647,[14],[FDD],"Band Number = 14, Uplink = 788.0 - 798.0 MHz, Downlink = 788.0 - 798.0 MHz ",Unavailable,Unavailable,0,1723951376565,138.277126301,2024-08-17 23:22:56.565000,-121.9479367,37.3931701,-23.600000381469727,37.3931701,-121.9479367,-23.600000381469727
4G_LTE,-119,2147483647,-119,-13,-95,2147483647,21,5330,147,2147483647,2147483647,2147483647,0,2147483647,[14],[FDD],"Band Number = 14, Uplink = 788.0 - 798.0 MHz, Downlink = 788.0 - 798.0 MHz ",Unavailable,Unavailable,0,1723951376565,138.277126301,2024-08-17 23:22:56.565000,-121.9479367,37.3931701,-23.600000381469727,37.3931701,-121.9479367,-23.600000381469727
4G_LTE,-103,2147483647,-103,-11,-83,2147483647,37,5035,87,2147483647,2147483647,2147483647,2,2147483647,[12],[FDD],"Band Number = 12, Uplink = 698.0 - 716.0 MHz, Downlink = 699.0 - 716.0 MHz ",Unavailable,Unavailable,0,1723951376565,138.277126301,2024-08-17 23:22:56.565000,-121.9479367,37.3931701,-23.600000381469727,37.3931701,-121.9479367,-23.600000381469727
4G_LTE,-111,2147483647,-111,-15,-83,2147483647,29,5035,88,2147483647,2147483647,2147483647,1,2147483647,[12],[FDD],"Band Number = 12, Uplink = 698.0 - 716.0 MHz, Downlink = 699.0 - 716.0 MHz ",Unavailable,Unavailable,0,1723951376565,138.277126301,2024-08-17 23:22:56.565000,-121.9479367,37.3931701,-23.600000381469727,37.3931701,-121.9479367,-23.600000381469727
4G_LTE,-129,2147483647,-129,-16,-103,2147483647,11,9820,192,2147483647,2147483647,2147483647,0,2147483647,[30],[FDD],"Band Number = 30, Uplink = 2305.0 - 2315.0 MHz, Downlink = 2305.0 - 2315.0 MHz ",Unavailable,Unavailable,0,1723951376565,138.277126301,2024-08-17 23:22:56.565000,-121.9479367,37.3931701,-23.600000381469727,37.3931701,-121.9479367,-23.600000381469727
4G_LTE,-116,2147483647,-116,-11,-87,2147483647,24,66986,102,2147483647,169470393,35653,0,2147483647,[66],[FDD],"Band Number = 66, Uplink = 1710.0 - 1780.0 MHz, Downlink = 1710.0 - 1780.0 MHz ",310,410,1,1723951377558,139.267860103,2024-08-17 23:22:57.558000,-121.9479367,37.3931701,-23.600000381469727,37.3931701,-121.9479367,-23.600000381469727
4G_LTE,-117,2147483647,-117,-13,-95,2147483647,23,5330,471,2147483647,2147483647,2147483647,0,2147483647,[14],[FDD],"Band Number = 14, Uplink = 788.0 - 798.0 MHz, Downlink = 788.0 - 798.0 MHz ",Unavailable,Unavailable,0,1723951377558,139.267860103,2024-08-17 23:22:57.558000,-121.9479367,37.3931701,-23.600000381469727,37.3931701,-121.9479367,-23.600000381469727
4G_LTE,-119,2147483647,-119,-13,-95,2147483647,21,5330,147,2147483647,2147483647,2147483647,0,2147483647,[14],[FDD],"Band Number = 14, Uplink = 788.0 - 798.0 MHz, Downlink = 788.0 - 798.0 MHz ",Unavailable,Unavailable,0,1723951377558,139.267860103,2024-08-17 23:22:57.558000,-121.9479367,37.3931701,-23.600000381469727,37.3931701,-121.9479367,-23.600000381469727
4G_LTE,-103,2147483647,-103,-11,-83,2147483647,37,5035,87,2147483647,2147483647,2147483647,2,2147483647,[12],[FDD],"Band Number = 12, Uplink = 698.0 - 716.0 MHz, Downlink = 699.0 - 716.0 MHz ",Unavailable,Unavailable,0,1723951377558,139.267860103,2024-08-17 23:22:57.558000,-121.9479367,37.3931701,-23.600000381469727,37.3931701,-121.9479367,-23.600000381469727
4G_LTE,-111,2147483647,-111,-15,-83,2147483647,29,5035,88,2147483647,2147483647,2147483647,1,2147483647,[12],[FDD],"Band Number = 12, Uplink = 698.0 - 716.0 MHz, Downlink = 699.0 - 716.0 MHz ",Unavailable,Unavailable,0,1723951377558,139.267860103,2024-08-17 23:22:57.558000,-121.9479367,37.3931701,-23.600000381469727,37.3931701,-121.9479367,-23.600000381469727
4G_LTE,-129,2147483647,-129,-16,-103,2147483647,11,9820,192,2147483647,2147483647,2147483647,0,2147483647,[30],[FDD],"Band Number = 30, Uplink = 2305.0 - 2315.0 MHz, Downlink = 2305.0 - 2315.0 MHz ",Unavailable,Unavailable,0,1723951377558,139.267860103,2024-08-17 23:22:57.558000,-121.9479367,37.3931701,-23.600000381469727,37.3931701,-121.9479367,-23.600000381469727
4G_LTE,-116,2147483647,-116,-11,-87,2147483647,24,66986,102,2147483647,169470393,35653,0,2147483647,[66],[FDD],"Band Number = 66, Uplink = 1710.0 - 1780.0 MHz, Downlink = 1710.0 - 1780.0 MHz ",310,410,1,1723951378555,140.266400676,2024-08-17 23:22:58.555000,-121.9479367,37.3931701,-23.600000381469727,37.3931701,-121.9479367,-23.600000381469727
4G_LTE,-117,2147483647,-117,-13,-95,2147483647,23,5330,471,2147483647,2147483647,2147483647,0,2147483647,[14],[FDD],"Band Number = 14, Uplink = 788.0 - 798.0 MHz, Downlink = 788.0 - 798.0 MHz ",Unavailable,Unavailable,0,1723951378555,140.266400676,2024-08-17 23:22:58.555000,-121.9479367,37.3931701,-23.600000381469727,37.3931701,-121.9479367,-23.600000381469727
4G_LTE,-119,2147483647,-119,-13,-95,2147483647,21,5330,147,2147483647,2147483647,2147483647,0,2147483647,[14],[FDD],"Band Number = 14, Uplink = 788.0 - 798.0 MHz, Downlink = 788.0 - 798.0 MHz ",Unavailable,Unavailable,0,1723951378555,140.266400676,2024-08-17 23:22:58.555000,-121.9479367,37.3931701,-23.600000381469727,37.3931701,-121.9479367,-23.600000381469727
4G_LTE,-103,2147483647,-103,-11,-83,2147483647,37,5035,87,2147483647,2147483647,2147483647,2,2147483647,[12],[FDD],"Band Number = 12, Uplink = 698.0 - 716.0 MHz, Downlink = 699.0 - 716.0 MHz ",Unavailable,Unavailable,0,1723951378555,140.266400676,2024-08-17 23:22:58.555000,-121.9479367,37.3931701,-23.600000381469727,37.3931701,-121.9479367,-23.600000381469727
4G_LTE,-111,2147483647,-111,-15,-83,2147483647,29,5035,88,2147483647,2147483647,2147483647,1,2147483647,[12],[FDD],"Band Number = 12, Uplink = 698.0 - 716.0 MHz, Downlink = 699.0 - 716.0 MHz ",Unavailable,Unavailable,0,1723951378555,140.266400676,2024-08-17 23:22:58.555000,-121.9479367,37.3931701,-23.600000381469727,37.3931701,-121.9479367,-23.600000381469727
4G_LTE,-129,2147483647,-129,-16,-103,2147483647,11,9820,192,2147483647,2147483647,2147483647,0,2147483647,[30],[FDD],"Band Number = 30, Uplink = 2305.0 - 2315.0 MHz, Downlink = 2305.0 - 2315.0 MHz ",Unavailable,Unavailable,0,1723951378555,140.266400676,2024-08-17 23:22:58.555000,-121.9479367,37.3931701,-23.600000381469727,37.3931701,-121.9479367,-23.600000381469727
4G_LTE,-116,2147483647,-116,-11,-87,2147483647,24,66986,102,2147483647,169470393,35653,0,2147483647,[66],[FDD],"Band Number = 66, Uplink = 1710.0 - 1780.0 MHz, Downlink = 1710.0 - 1780.0 MHz ",310,410,1,1723951379555,141.264580258,2024-08-17 23:22:59.555000,-121.9479367,37.3931701,-23.600000381469727,37.3931701,-121.9479367,-23.600000381469727
4G_LTE,-117,2147483647,-117,-13,-95,2147483647,23,5330,471,2147483647,2147483647,2147483647,0,2147483647,[14],[FDD],"Band Number = 14, Uplink = 788.0 - 798.0 MHz, Downlink = 788.0 - 798.0 MHz ",Unavailable,Unavailable,0,1723951379555,141.264580258,2024-08-17 23:22:59.555000,-121.9479367,37.3931701,-23.600000381469727,37.3931701,-121.9479367,-23.600000381469727
4G_LTE,-119,2147483647,-119,-13,-95,2147483647,21,5330,147,2147483647,2147483647,2147483647,0,2147483647,[14],[FDD],"Band Number = 14, Uplink = 788.0 - 798.0 MHz, Downlink = 788.0 - 798.0 MHz ",Unavailable,Unavailable,0,1723951379555,141.264580258,2024-08-17 23:22:59.555000,-121.9479367,37.3931701,-23.600000381469727,37.3931701,-121.9479367,-23.600000381469727
4G_LTE,-103,2147483647,-103,-11,-83,2147483647,37,5035,87,2147483647,2147483647,2147483647,2,2147483647,[12],[FDD],"Band Number = 12, Uplink = 698.0 - 716.0 MHz, Downlink = 699.0 - 716.0 MHz ",Unavailable,Unavailable,0,1723951379555,141.264580258,2024-08-17 23:22:59.555000,-121.9479367,37.3931701,-23.600000381469727,37.3931701,-121.9479367,-23.600000381469727
4G_LTE,-111,2147483647,-111,-15,-83,2147483647,29,5035,88,2147483647,2147483647,2147483647,1,2147483647,[12],[FDD],"Band Number = 12, Uplink = 698.0 - 716.0 MHz, Downlink = 699.0 - 716.0 MHz ",Unavailable,Unavailable,0,1723951379555,141.264580258,2024-08-17 23:22:59.555000,-121.9479367,37.3931701,-23.600000381469727,37.3931701,-121.9479367,-23.600000381469727
4G_LTE,-129,2147483647,-129,-16,-103,2147483647,11,9820,192,2147483647,2147483647,2147483647,0,2147483647,[30],[FDD],"Band Number = 30, Uplink = 2305.0 - 2315.0 MHz, Downlink = 2305.0 - 2315.0 MHz ",Unavailable,Unavailable,0,1723951379555,141.264580258,2024-08-17 23:22:59.555000,-121.9479367,37.3931701,-23.600000381469727,37.3931701,-121.9479367,-23.600000381469727
4G_LTE,-116,2147483647,-116,-11,-87,2147483647,24,66986,102,2147483647,169470393,35653,0,2147483647,[66],[FDD],"Band Number = 66, Uplink = 1710.0 - 1780.0 MHz, Downlink = 1710.0 - 1780.0 MHz ",310,410,1,1723951380557,142.268771352,2024-08-17 23:23:00.557000,-121.9479367,37.3931701,-23.600000381469727,37.3931701,-121.9479367,-23.600000381469727
4G_LTE,-117,2147483647,-117,-13,-95,2147483647,23,5330,471,2147483647,2147483647,2147483647,0,2147483647,[14],[FDD],"Band Number = 14, Uplink = 788.0 - 798.0 MHz, Downlink = 788.0 - 798.0 MHz ",Unavailable,Unavailable,0,1723951380557,142.268771352,2024-08-17 23:23:00.557000,-121.9479367,37.3931701,-23.600000381469727,37.3931701,-121.9479367,-23.600000381469727
4G_LTE,-119,2147483647,-119,-13,-95,2147483647,21,5330,147,2147483647,2147483647,2147483647,0,2147483647,[14],[FDD],"Band Number = 14, Uplink = 788.0 - 798.0 MHz, Downlink = 788.0 - 798.0 MHz ",Unavailable,Unavailable,0,1723951380557,142.268771352,2024-08-17 23:23:00.557000,-121.9479367,37.3931701,-23.600000381469727,37.3931701,-121.9479367,-23.600000381469727
4G_LTE,-103,2147483647,-103,-11,-83,2147483647,37,5035,87,2147483647,2147483647,2147483647,2,2147483647,[12],[FDD],"Band Number = 12, Uplink = 698.0 - 716.0 MHz, Downlink = 699.0 - 716.0 MHz ",Unavailable,Unavailable,0,1723951380557,142.268771352,2024-08-17 23:23:00.557000,-121.9479367,37.3931701,-23.600000381469727,37.3931701,-121.9479367,-23.600000381469727
4G_LTE,-111,2147483647,-111,-15,-83,2147483647,29,5035,88,2147483647,2147483647,2147483647,1,2147483647,[12],[FDD],"Band Number = 12, Uplink = 698.0 - 716.0 MHz, Downlink = 699.0 - 716.0 MHz ",Unavailable,Unavailable,0,1723951380557,142.268771352,2024-08-17 23:23:00.557000,-121.9479367,37.3931701,-23.600000381469727,37.3931701,-121.9479367,-23.600000381469727
4G_LTE,-129,2147483647,-129,-16,-103,2147483647,11,9820,192,2147483647,2147483647,2147483647,0,2147483647,[30],[FDD],"Band Number = 30, Uplink = 2305.0 - 2315.0 MHz, Downlink = 2305.0 - 2315.0 MHz ",Unavailable,Unavailable,0,1723951380557,142.268771352,2024-08-17 23:23:00.557000,-121.9479367,37.3931701,-23.600000381469727,37.3931701,-121.9479367,-23.600000381469727
4G_LTE,-116,2147483647,-116,-11,-87,2147483647,24,66986,102,2147483647,169470393,35653,0,2147483647,[66],[FDD],"Band Number = 66, Uplink = 1710.0 - 1780.0 MHz, Downlink = 1710.0 - 1780.0 MHz ",310,410,1,1723951381566,143.277779841,2024-08-17 23:23:01.566000,-121.9479467,37.3931742,-24.899999618530277,37.3931742,-121.9479467,-24.899999618530277
4G_LTE,-117,2147483647,-117,-13,-95,2147483647,23,5330,471,2147483647,2147483647,2147483647,0,2147483647,[14],[FDD],"Band Number = 14, Uplink = 788.0 - 798.0 MHz, Downlink = 788.0 - 798.0 MHz ",Unavailable,Unavailable,0,1723951381566,143.277779841,2024-08-17 23:23:01.566000,-121.9479467,37.3931742,-24.899999618530277,37.3931742,-121.9479467,-24.899999618530277
4G_LTE,-119,2147483647,-119,-13,-95,2147483647,21,5330,147,2147483647,2147483647,2147483647,0,2147483647,[14],[FDD],"Band Number = 14, Uplink = 788.0 - 798.0 MHz, Downlink = 788.0 - 798.0 MHz ",Unavailable,Unavailable,0,1723951381566,143.277779841,2024-08-17 23:23:01.566000,-121.9479467,37.3931742,-24.899999618530277,37.3931742,-121.9479467,-24.899999618530277
4G_LTE,-103,2147483647,-103,-11,-83,2147483647,37,5035,87,2147483647,2147483647,2147483647,2,2147483647,[12],[FDD],"Band Number = 12, Uplink = 698.0 - 716.0 MHz, Downlink = 699.0 - 716.0 MHz ",Unavailable,Unavailable,0,1723951381566,143.277779841,2024-08-17 23:23:01.566000,-121.9479467,37.3931742,-24.899999618530277,37.3931742,-121.9479467,-24.899999618530277
4G_LTE,-111,2147483647,-111,-15,-83,2147483647,29,5035,88,2147483647,2147483647,2147483647,1,2147483647,[12],[FDD],"Band Number = 12, Uplink = 698.0 - 716.0 MHz, Downlink = 699.0 - 716.0 MHz ",Unavailable,Unavailable,0,1723951381566,143.277779841,2024-08-17 23:23:01.566000,-121.9479467,37.3931742,-24.899999618530277,37.3931742,-121.9479467,-24.899999618530277
4G_LTE,-129,2147483647,-129,-16,-103,2147483647,11,9820,192,2147483647,2147483647,2147483647,0,2147483647,[30],[FDD],"Band Number = 30, Uplink = 2305.0 - 2315.0 MHz, Downlink = 2305.0 - 2315.0 MHz ",Unavailable,Unavailable,0,1723951381566,143.277779841,2024-08-17 23:23:01.566000,-121.9479467,37.3931742,-24.899999618530277,37.3931742,-121.9479467,-24.899999618530277
4G_LTE,-116,2147483647,-116,-11,-87,2147483647,24,66986,102,2147483647,169470393,35653,0,2147483647,[66],[FDD],"Band Number = 66, Uplink = 1710.0 - 1780.0 MHz, Downlink = 1710.0 - 1780.0 MHz ",310,410,1,1723951382561,144.272230362,2024-08-17 23:23:02.561000,-121.9479467,37.3931742,-24.899999618530277,37.3931742,-121.9479467,-24.899999618530277
4G_LTE,-117,2147483647,-117,-13,-95,2147483647,23,5330,471,2147483647,2147483647,2147483647,0,2147483647,[14],[FDD],"Band Number = 14, Uplink = 788.0 - 798.0 MHz, Downlink = 788.0 - 798.0 MHz ",Unavailable,Unavailable,0,1723951382561,144.272230362,2024-08-17 23:23:02.561000,-121.9479467,37.3931742,-24.899999618530277,37.3931742,-121.9479467,-24.899999618530277
4G_LTE,-119,2147483647,-119,-13,-95,2147483647,21,5330,147,2147483647,2147483647,2147483647,0,2147483647,[14],[FDD],"Band Number = 14, Uplink = 788.0 - 798.0 MHz, Downlink = 788.0 - 798.0 MHz ",Unavailable,Unavailable,0,1723951382561,144.272230362,2024-08-17 23:23:02.561000,-121.9479467,37.3931742,-24.899999618530277,37.3931742,-121.9479467,-24.899999618530277
4G_LTE,-103,2147483647,-103,-11,-83,2147483647,37,5035,87,2147483647,2147483647,2147483647,2,2147483647,[12],[FDD],"Band Number = 12, Uplink = 698.0 - 716.0 MHz, Downlink = 699.0 - 716.0 MHz ",Unavailable,Unavailable,0,1723951382561,144.272230362,2024-08-17 23:23:02.561000,-121.9479467,37.3931742,-24.899999618530277,37.3931742,-121.9479467,-24.899999618530277
4G_LTE,-111,2147483647,-111,-15,-83,2147483647,29,5035,88,2147483647,2147483647,2147483647,1,2147483647,[12],[FDD],"Band Number = 12, Uplink = 698.0 - 716.0 MHz, Downlink = 699.0 - 716.0 MHz ",Unavailable,Unavailable,0,1723951382561,144.272230362,2024-08-17 23:23:02.561000,-121.9479467,37.3931742,-24.899999618530277,37.3931742,-121.9479467,-24.899999618530277
4G_LTE,-129,2147483647,-129,-16,-103,2147483647,11,9820,192,2147483647,2147483647,2147483647,0,2147483647,[30],[FDD],"Band Number = 30, Uplink = 2305.0 - 2315.0 MHz, Downlink = 2305.0 - 2315.0 MHz ",Unavailable,Unavailable,0,1723951382561,144.272230362,2024-08-17 23:23:02.561000,-121.9479467,37.3931742,-24.899999618530277,37.3931742,-121.9479467,-24.899999618530277
4G_LTE,-116,2147483647,-116,-11,-87,2147483647,24,66986,102,2147483647,169470393,35653,0,2147483647,[66],[FDD],"Band Number = 66, Uplink = 1710.0 - 1780.0 MHz, Downlink = 1710.0 - 1780.0 MHz ",310,410,1,1723951383564,145.274459215,2024-08-17 23:23:03.564000,-121.9479467,37.3931742,-24.899999618530277,37.3931742,-121.9479467,-24.899999618530277
4G_LTE,-117,2147483647,-117,-13,-95,2147483647,23,5330,471,2147483647,2147483647,2147483647,0,2147483647,[14],[FDD],"Band Number = 14, Uplink = 788.0 - 798.0 MHz, Downlink = 788.0 - 798.0 MHz ",Unavailable,Unavailable,0,1723951383564,145.274459215,2024-08-17 23:23:03.564000,-121.9479467,37.3931742,-24.899999618530277,37.3931742,-121.9479467,-24.899999618530277
4G_LTE,-119,2147483647,-119,-13,-95,2147483647,21,5330,147,2147483647,2147483647,2147483647,0,2147483647,[14],[FDD],"Band Number = 14, Uplink = 788.0 - 798.0 MHz, Downlink = 788.0 - 798.0 MHz ",Unavailable,Unavailable,0,1723951383564,145.274459215,2024-08-17 23:23:03.564000,-121.9479467,37.3931742,-24.899999618530277,37.3931742,-121.9479467,-24.899999618530277
4G_LTE,-103,2147483647,-103,-11,-83,2147483647,37,5035,87,2147483647,2147483647,2147483647,2,2147483647,[12],[FDD],"Band Number = 12, Uplink = 698.0 - 716.0 MHz, Downlink = 699.0 - 716.0 MHz ",Unavailable,Unavailable,0,1723951383564,145.274459215,2024-08-17 23:23:03.564000,-121.9479467,37.3931742,-24.899999618530277,37.3931742,-121.9479467,-24.899999618530277
4G_LTE,-111,2147483647,-111,-15,-83,2147483647,29,5035,88,2147483647,2147483647,2147483647,1,2147483647,[12],[FDD],"Band Number = 12, Uplink = 698.0 - 716.0 MHz, Downlink = 699.0 - 716.0 MHz ",Unavailable,Unavailable,0,1723951383564,145.274459215,2024-08-17 23:23:03.564000,-121.9479467,37.3931742,-24.899999618530277,37.3931742,-121.9479467,-24.899999618530277
4G_LTE,-129,2147483647,-129,-16,-103,2147483647,11,9820,192,2147483647,2147483647,2147483647,0,2147483647,[30],[FDD],"Band Number = 30, Uplink = 2305.0 - 2315.0 MHz, Downlink = 2305.0 - 2315.0 MHz ",Unavailable,Unavailable,0,1723951383564,145.274459215,2024-08-17 23:23:03.564000,-121.9479467,37.3931742,-24.899999618530277,37.3931742,-121.9479467,-24.899999618530277
4G_LTE,-116,2147483647,-116,-11,-87,2147483647,24,66986,102,2147483647,169470393,35653,0,2147483647,[66],[FDD],"Band Number = 66, Uplink = 1710.0 - 1780.0 MHz, Downlink = 1710.0 - 1780.0 MHz ",310,410,1,1723951384576,146.283889423,2024-08-17 23:23:04.576000,-121.9479467,37.3931742,-24.899999618530277,37.3931742,-121.9479467,-24.899999618530277
4G_LTE,-117,2147483647,-117,-13,-95,2147483647,23,5330,471,2147483647,2147483647,2147483647,0,2147483647,[14],[FDD],"Band Number = 14, Uplink = 788.0 - 798.0 MHz, Downlink = 788.0 - 798.0 MHz ",Unavailable,Unavailable,0,1723951384576,146.283889423,2024-08-17 23:23:04.576000,-121.9479467,37.3931742,-24.899999618530277,37.3931742,-121.9479467,-24.899999618530277
4G_LTE,-119,2147483647,-119,-13,-95,2147483647,21,5330,147,2147483647,2147483647,2147483647,0,2147483647,[14],[FDD],"Band Number = 14, Uplink = 788.0 - 798.0 MHz, Downlink = 788.0 - 798.0 MHz ",Unavailable,Unavailable,0,1723951384576,146.283889423,2024-08-17 23:23:04.576000,-121.9479467,37.3931742,-24.899999618530277,37.3931742,-121.9479467,-24.899999618530277
4G_LTE,-103,2147483647,-103,-11,-83,2147483647,37,5035,87,2147483647,2147483647,2147483647,2,2147483647,[12],[FDD],"Band Number = 12, Uplink = 698.0 - 716.0 MHz, Downlink = 699.0 - 716.0 MHz ",Unavailable,Unavailable,0,1723951384576,146.283889423,2024-08-17 23:23:04.576000,-121.9479467,37.3931742,-24.899999618530277,37.3931742,-121.9479467,-24.899999618530277
4G_LTE,-111,2147483647,-111,-15,-83,2147483647,29,5035,88,2147483647,2147483647,2147483647,1,2147483647,[12],[FDD],"Band Number = 12, Uplink = 698.0 - 716.0 MHz, Downlink = 699.0 - 716.0 MHz ",Unavailable,Unavailable,0,1723951384576,146.283889423,2024-08-17 23:23:04.576000,-121.9479467,37.3931742,-24.899999618530277,37.3931742,-121.9479467,-24.899999618530277
4G_LTE,-129,2147483647,-129,-16,-103,2147483647,11,9820,192,2147483647,2147483647,2147483647,0,2147483647,[30],[FDD],"Band Number = 30, Uplink = 2305.0 - 2315.0 MHz, Downlink = 2305.0 - 2315.0 MHz ",Unavailable,Unavailable,0,1723951384576,146.283889423,2024-08-17 23:23:04.576000,-121.9479467,37.3931742,-24.899999618530277,37.3931742,-121.9479467,-24.899999618530277
4G_LTE,-116,2147483647,-116,-11,-87,2147483647,24,66986,102,2147483647,169470393,35653,0,2147483647,[66],[FDD],"Band Number = 66, Uplink = 1710.0 - 1780.0 MHz, Downlink = 1710.0 - 1780.0 MHz ",310,410,1,1723951385571,147.282953902,2024-08-17 23:23:05.571000,-121.9479467,37.3931742,-24.899999618530277,37.3931742,-121.9479467,-24.899999618530277
4G_LTE,-117,2147483647,-117,-13,-95,2147483647,23,5330,471,2147483647,2147483647,2147483647,0,2147483647,[14],[FDD],"Band Number = 14, Uplink = 788.0 - 798.0 MHz, Downlink = 788.0 - 798.0 MHz ",Unavailable,Unavailable,0,1723951385571,147.282953902,2024-08-17 23:23:05.571000,-121.9479467,37.3931742,-24.899999618530277,37.3931742,-121.9479467,-24.899999618530277
4G_LTE,-119,2147483647,-119,-13,-95,2147483647,21,5330,147,2147483647,2147483647,2147483647,0,2147483647,[14],[FDD],"Band Number = 14, Uplink = 788.0 - 798.0 MHz, Downlink = 788.0 - 798.0 MHz ",Unavailable,Unavailable,0,1723951385571,147.282953902,2024-08-17 23:23:05.571000,-121.9479467,37.3931742,-24.899999618530277,37.3931742,-121.9479467,-24.899999618530277
4G_LTE,-103,2147483647,-103,-11,-83,2147483647,37,5035,87,2147483647,2147483647,2147483647,2,2147483647,[12],[FDD],"Band Number = 12, Uplink = 698.0 - 716.0 MHz, Downlink = 699.0 - 716.0 MHz ",Unavailable,Unavailable,0,1723951385571,147.282953902,2024-08-17 23:23:05.571000,-121.9479467,37.3931742,-24.899999618530277,37.3931742,-121.9479467,-24.899999618530277
4G_LTE,-111,2147483647,-111,-15,-83,2147483647,29,5035,88,2147483647,2147483647,2147483647,1,2147483647,[12],[FDD],"Band Number = 12, Uplink = 698.0 - 716.0 MHz, Downlink = 699.0 - 716.0 MHz ",Unavailable,Unavailable,0,1723951385571,147.282953902,2024-08-17 23:23:05.571000,-121.9479467,37.3931742,-24.899999618530277,37.3931742,-121.9479467,-24.899999618530277
4G_LTE,-129,2147483647,-129,-16,-103,2147483647,11,9820,192,2147483647,2147483647,2147483647,0,2147483647,[30],[FDD],"Band Number = 30, Uplink = 2305.0 - 2315.0 MHz, Downlink = 2305.0 - 2315.0 MHz ",Unavailable,Unavailable,0,1723951385571,147.282953902,2024-08-17 23:23:05.571000,-121.9479467,37.3931742,-24.899999618530277,37.3931742,-121.9479467,-24.899999618530277
4G_LTE,-116,2147483647,-116,-10,-89,2147483647,24,66986,102,2147483647,169470393,35653,0,2147483647,[66],[FDD],"Band Number = 66, Uplink = 1710.0 - 1780.0 MHz, Downlink = 1710.0 - 1780.0 MHz ",310,410,1,1723951386575,148.28391635,2024-08-17 23:23:06.575000,-121.9479467,37.3931742,-24.899999618530277,37.3931742,-121.9479467,-24.899999618530277
4G_LTE,-127,2147483647,-127,-18,-95,2147483647,13,66986,497,2147483647,2147483647,2147483647,0,2147483647,[66],[FDD],"Band Number = 66, Uplink = 1710.0 - 1780.0 MHz, Downlink = 1710.0 - 1780.0 MHz ",Unavailable,Unavailable,0,1723951386575,148.28391635,2024-08-17 23:23:06.575000,-121.9479467,37.3931742,-24.899999618530277,37.3931742,-121.9479467,-24.899999618530277
4G_LTE,-117,2147483647,-117,-13,-95,2147483647,23,5330,471,2147483647,2147483647,2147483647,0,2147483647,[14],[FDD],"Band Number = 14, Uplink = 788.0 - 798.0 MHz, Downlink = 788.0 - 798.0 MHz ",Unavailable,Unavailable,0,1723951386575,148.28391635,2024-08-17 23:23:06.575000,-121.9479467,37.3931742,-24.899999618530277,37.3931742,-121.9479467,-24.899999618530277
4G_LTE,-119,2147483647,-119,-13,-95,2147483647,21,5330,147,2147483647,2147483647,2147483647,0,2147483647,[14],[FDD],"Band Number = 14, Uplink = 788.0 - 798.0 MHz, Downlink = 788.0 - 798.0 MHz ",Unavailable,Unavailable,0,1723951386575,148.28391635,2024-08-17 23:23:06.575000,-121.9479467,37.3931742,-24.899999618530277,37.3931742,-121.9479467,-24.899999618530277
4G_LTE,-103,2147483647,-103,-11,-83,2147483647,37,5035,87,2147483647,2147483647,2147483647,2,2147483647,[12],[FDD],"Band Number = 12, Uplink = 698.0 - 716.0 MHz, Downlink = 699.0 - 716.0 MHz ",Unavailable,Unavailable,0,1723951386575,148.28391635,2024-08-17 23:23:06.575000,-121.9479467,37.3931742,-24.899999618530277,37.3931742,-121.9479467,-24.899999618530277
4G_LTE,-111,2147483647,-111,-15,-83,2147483647,29,5035,88,2147483647,2147483647,2147483647,1,2147483647,[12],[FDD],"Band Number = 12, Uplink = 698.0 - 716.0 MHz, Downlink = 699.0 - 716.0 MHz ",Unavailable,Unavailable,0,1723951386575,148.28391635,2024-08-17 23:23:06.575000,-121.9479467,37.3931742,-24.899999618530277,37.3931742,-121.9479467,-24.899999618530277
4G_LTE,-129,2147483647,-129,-16,-103,2147483647,11,9820,192,2147483647,2147483647,2147483647,0,2147483647,[30],[FDD],"Band Number = 30, Uplink = 2305.0 - 2315.0 MHz, Downlink = 2305.0 - 2315.0 MHz ",Unavailable,Unavailable,0,1723951386575,148.28391635,2024-08-17 23:23:06.575000,-121.9479467,37.3931742,-24.899999618530277,37.3931742,-121.9479467,-24.899999618530277
4G_LTE,-116,2147483647,-116,-10,-89,2147483647,24,66986,102,2147483647,169470393,35653,0,2147483647,[66],[FDD],"Band Number = 66, Uplink = 1710.0 - 1780.0 MHz, Downlink = 1710.0 - 1780.0 MHz ",310,410,1,1723951387573,149.284812651,2024-08-17 23:23:07.573000,-121.9479467,37.3931742,-24.899999618530277,37.3931742,-121.9479467,-24.899999618530277
4G_LTE,-127,2147483647,-127,-18,-95,2147483647,13,66986,497,2147483647,2147483647,2147483647,0,2147483647,[66],[FDD],"Band Number = 66, Uplink = 1710.0 - 1780.0 MHz, Downlink = 1710.0 - 1780.0 MHz ",Unavailable,Unavailable,0,1723951387573,149.284812651,2024-08-17 23:23:07.573000,-121.9479467,37.3931742,-24.899999618530277,37.3931742,-121.9479467,-24.899999618530277
4G_LTE,-117,2147483647,-117,-13,-95,2147483647,23,5330,471,2147483647,2147483647,2147483647,0,2147483647,[14],[FDD],"Band Number = 14, Uplink = 788.0 - 798.0 MHz, Downlink = 788.0 - 798.0 MHz ",Unavailable,Unavailable,0,1723951387573,149.284812651,2024-08-17 23:23:07.573000,-121.9479467,37.3931742,-24.899999618530277,37.3931742,-121.9479467,-24.899999618530277
4G_LTE,-119,2147483647,-119,-13,-95,2147483647,21,5330,147,2147483647,2147483647,2147483647,0,2147483647,[14],[FDD],"Band Number = 14, Uplink = 788.0 - 798.0 MHz, Downlink = 788.0 - 798.0 MHz ",Unavailable,Unavailable,0,1723951387573,149.284812651,2024-08-17 23:23:07.573000,-121.9479467,37.3931742,-24.899999618530277,37.3931742,-121.9479467,-24.899999618530277
4G_LTE,-103,2147483647,-103,-11,-83,2147483647,37,5035,87,2147483647,2147483647,2147483647,2,2147483647,[12],[FDD],"Band Number = 12, Uplink = 698.0 - 716.0 MHz, Downlink = 699.0 - 716.0 MHz ",Unavailable,Unavailable,0,1723951387573,149.284812651,2024-08-17 23:23:07.573000,-121.9479467,37.3931742,-24.899999618530277,37.3931742,-121.9479467,-24.899999618530277
4G_LTE,-111,2147483647,-111,-15,-83,2147483647,29,5035,88,2147483647,2147483647,2147483647,1,2147483647,[12],[FDD],"Band Number = 12, Uplink = 698.0 - 716.0 MHz, Downlink = 699.0 - 716.0 MHz ",Unavailable,Unavailable,0,1723951387573,149.284812651,2024-08-17 23:23:07.573000,-121.9479467,37.3931742,-24.899999618530277,37.3931742,-121.9479467,-24.899999618530277
4G_LTE,-129,2147483647,-129,-16,-103,2147483647,11,9820,192,2147483647,2147483647,2147483647,0,2147483647,[30],[FDD],"Band Number = 30, Uplink = 2305.0 - 2315.0 MHz, Downlink = 2305.0 - 2315.0 MHz ",Unavailable,Unavailable,0,1723951387573,149.284812651,2024-08-17 23:23:07.573000,-121.9479467,37.3931742,-24.899999618530277,37.3931742,-121.9479467,-24.899999618530277
4G_LTE,-116,2147483647,-116,-10,-89,2147483647,24,66986,102,2147483647,169470393,35653,0,2147483647,[66],[FDD],"Band Number = 66, Uplink = 1710.0 - 1780.0 MHz, Downlink = 1710.0 - 1780.0 MHz ",310,410,1,1723951388582,150.293002286,2024-08-17 23:23:08.582000,-121.9479467,37.3931742,-24.899999618530277,37.3931742,-121.9479467,-24.899999618530277
4G_LTE,-127,2147483647,-127,-18,-95,2147483647,13,66986,497,2147483647,2147483647,2147483647,0,2147483647,[66],[FDD],"Band Number = 66, Uplink = 1710.0 - 1780.0 MHz, Downlink = 1710.0 - 1780.0 MHz ",Unavailable,Unavailable,0,1723951388582,150.293002286,2024-08-17 23:23:08.582000,-121.9479467,37.3931742,-24.899999618530277,37.3931742,-121.9479467,-24.899999618530277
4G_LTE,-117,2147483647,-117,-13,-95,2147483647,23,5330,471,2147483647,2147483647,2147483647,0,2147483647,[14],[FDD],"Band Number = 14, Uplink = 788.0 - 798.0 MHz, Downlink = 788.0 - 798.0 MHz ",Unavailable,Unavailable,0,1723951388582,150.293002286,2024-08-17 23:23:08.582000,-121.9479467,37.3931742,-24.899999618530277,37.3931742,-121.9479467,-24.899999618530277
4G_LTE,-119,2147483647,-119,-13,-95,2147483647,21,5330,147,2147483647,2147483647,2147483647,0,2147483647,[14],[FDD],"Band Number = 14, Uplink = 788.0 - 798.0 MHz, Downlink = 788.0 - 798.0 MHz ",Unavailable,Unavailable,0,1723951388582,150.293002286,2024-08-17 23:23:08.582000,-121.9479467,37.3931742,-24.899999618530277,37.3931742,-121.9479467,-24.899999618530277
4G_LTE,-103,2147483647,-103,-11,-83,2147483647,37,5035,87,2147483647,2147483647,2147483647,2,2147483647,[12],[FDD],"Band Number = 12, Uplink = 698.0 - 716.0 MHz, Downlink = 699.0 - 716.0 MHz ",Unavailable,Unavailable,0,1723951388582,150.293002286,2024-08-17 23:23:08.582000,-121.9479467,37.3931742,-24.899999618530277,37.3931742,-121.9479467,-24.899999618530277
4G_LTE,-111,2147483647,-111,-15,-83,2147483647,29,5035,88,2147483647,2147483647,2147483647,1,2147483647,[12],[FDD],"Band Number = 12, Uplink = 698.0 - 716.0 MHz, Downlink = 699.0 - 716.0 MHz ",Unavailable,Unavailable,0,1723951388582,150.293002286,2024-08-17 23:23:08.582000,-121.9479467,37.3931742,-24.899999618530277,37.3931742,-121.9479467,-24.899999618530277
4G_LTE,-129,2147483647,-129,-16,-103,2147483647,11,9820,192,2147483647,2147483647,2147483647,0,2147483647,[30],[FDD],"Band Number = 30, Uplink = 2305.0 - 2315.0 MHz, Downlink = 2305.0 - 2315.0 MHz ",Unavailable,Unavailable,0,1723951388582,150.293002286,2024-08-17 23:23:08.582000,-121.9479467,37.3931742,-24.899999618530277,37.3931742,-121.9479467,-24.899999618530277
4G_LTE,-116,2147483647,-116,-10,-89,2147483647,24,66986,102,2147483647,169470393,35653,0,2147483647,[66],[FDD],"Band Number = 66, Uplink = 1710.0 - 1780.0 MHz, Downlink = 1710.0 - 1780.0 MHz ",310,410,1,1723951389592,151.304058692,2024-08-17 23:23:09.592000,-121.9479467,37.3931742,-24.899999618530277,37.3931742,-121.9479467,-24.899999618530277
4G_LTE,-127,2147483647,-127,-18,-95,2147483647,13,66986,497,2147483647,2147483647,2147483647,0,2147483647,[66],[FDD],"Band Number = 66, Uplink = 1710.0 - 1780.0 MHz, Downlink = 1710.0 - 1780.0 MHz ",Unavailable,Unavailable,0,1723951389592,151.304058692,2024-08-17 23:23:09.592000,-121.9479467,37.3931742,-24.899999618530277,37.3931742,-121.9479467,-24.899999618530277
4G_LTE,-117,2147483647,-117,-13,-95,2147483647,23,5330,471,2147483647,2147483647,2147483647,0,2147483647,[14],[FDD],"Band Number = 14, Uplink = 788.0 - 798.0 MHz, Downlink = 788.0 - 798.0 MHz ",Unavailable,Unavailable,0,1723951389592,151.304058692,2024-08-17 23:23:09.592000,-121.9479467,37.3931742,-24.899999618530277,37.3931742,-121.9479467,-24.899999618530277
4G_LTE,-119,2147483647,-119,-13,-95,2147483647,21,5330,147,2147483647,2147483647,2147483647,0,2147483647,[14],[FDD],"Band Number = 14, Uplink = 788.0 - 798.0 MHz, Downlink = 788.0 - 798.0 MHz ",Unavailable,Unavailable,0,1723951389592,151.304058692,2024-08-17 23:23:09.592000,-121.9479467,37.3931742,-24.899999618530277,37.3931742,-121.9479467,-24.899999618530277
4G_LTE,-103,2147483647,-103,-11,-83,2147483647,37,5035,87,2147483647,2147483647,2147483647,2,2147483647,[12],[FDD],"Band Number = 12, Uplink = 698.0 - 716.0 MHz, Downlink = 699.0 - 716.0 MHz ",Unavailable,Unavailable,0,1723951389592,151.304058692,2024-08-17 23:23:09.592000,-121.9479467,37.3931742,-24.899999618530277,37.3931742,-121.9479467,-24.899999618530277
4G_LTE,-111,2147483647,-111,-15,-83,2147483647,29,5035,88,2147483647,2147483647,2147483647,1,2147483647,[12],[FDD],"Band Number = 12, Uplink = 698.0 - 716.0 MHz, Downlink = 699.0 - 716.0 MHz ",Unavailable,Unavailable,0,1723951389592,151.304058692,2024-08-17 23:23:09.592000,-121.9479467,37.3931742,-24.899999618530277,37.3931742,-121.9479467,-24.899999618530277
4G_LTE,-129,2147483647,-129,-16,-103,2147483647,11,9820,192,2147483647,2147483647,2147483647,0,2147483647,[30],[FDD],"Band Number = 30, Uplink = 2305.0 - 2315.0 MHz, Downlink = 2305.0 - 2315.0 MHz ",Unavailable,Unavailable,0,1723951389592,151.304058692,2024-08-17 23:23:09.592000,-121.9479467,37.3931742,-24.899999618530277,37.3931742,-121.9479467,-24.899999618530277
4G_LTE,-116,2147483647,-116,-10,-89,2147483647,24,66986,102,2147483647,169470393,35653,0,2147483647,[66],[FDD],"Band Number = 66, Uplink = 1710.0 - 1780.0 MHz, Downlink = 1710.0 - 1780.0 MHz ",310,410,1,1723951390588,152.300689577,2024-08-17 23:23:10.588000,-121.9479467,37.3931742,-24.899999618530277,37.3931742,-121.9479467,-24.899999618530277
4G_LTE,-127,2147483647,-127,-18,-95,2147483647,13,66986,497,2147483647,2147483647,2147483647,0,2147483647,[66],[FDD],"Band Number = 66, Uplink = 1710.0 - 1780.0 MHz, Downlink = 1710.0 - 1780.0 MHz ",Unavailable,Unavailable,0,1723951390588,152.300689577,2024-08-17 23:23:10.588000,-121.9479467,37.3931742,-24.899999618530277,37.3931742,-121.9479467,-24.899999618530277
4G_LTE,-117,2147483647,-117,-13,-95,2147483647,23,5330,471,2147483647,2147483647,2147483647,0,2147483647,[14],[FDD],"Band Number = 14, Uplink = 788.0 - 798.0 MHz, Downlink = 788.0 - 798.0 MHz ",Unavailable,Unavailable,0,1723951390588,152.300689577,2024-08-17 23:23:10.588000,-121.9479467,37.3931742,-24.899999618530277,37.3931742,-121.9479467,-24.899999618530277
4G_LTE,-119,2147483647,-119,-13,-95,2147483647,21,5330,147,2147483647,2147483647,2147483647,0,2147483647,[14],[FDD],"Band Number = 14, Uplink = 788.0 - 798.0 MHz, Downlink = 788.0 - 798.0 MHz ",Unavailable,Unavailable,0,1723951390588,152.300689577,2024-08-17 23:23:10.588000,-121.9479467,37.3931742,-24.899999618530277,37.3931742,-121.9479467,-24.899999618530277
4G_LTE,-103,2147483647,-103,-11,-83,2147483647,37,5035,87,2147483647,2147483647,2147483647,2,2147483647,[12],[FDD],"Band Number = 12, Uplink = 698.0 - 716.0 MHz, Downlink = 699.0 - 716.0 MHz ",Unavailable,Unavailable,0,1723951390588,152.300689577,2024-08-17 23:23:10.588000,-121.9479467,37.3931742,-24.899999618530277,37.3931742,-121.9479467,-24.899999618530277
4G_LTE,-111,2147483647,-111,-15,-83,2147483647,29,5035,88,2147483647,2147483647,2147483647,1,2147483647,[12],[FDD],"Band Number = 12, Uplink = 698.0 - 716.0 MHz, Downlink = 699.0 - 716.0 MHz ",Unavailable,Unavailable,0,1723951390588,152.300689577,2024-08-17 23:23:10.588000,-121.9479467,37.3931742,-24.899999618530277,37.3931742,-121.9479467,-24.899999618530277
4G_LTE,-129,2147483647,-129,-16,-103,2147483647,11,9820,192,2147483647,2147483647,2147483647,0,2147483647,[30],[FDD],"Band Number = 30, Uplink = 2305.0 - 2315.0 MHz, Downlink = 2305.0 - 2315.0 MHz ",Unavailable,Unavailable,0,1723951390588,152.300689577,2024-08-17 23:23:10.588000,-121.9479467,37.3931742,-24.899999618530277,37.3931742,-121.9479467,-24.899999618530277
4G_LTE,-116,2147483647,-116,-10,-89,2147483647,24,66986,102,2147483647,169470393,35653,0,2147483647,[66],[FDD],"Band Number = 66, Uplink = 1710.0 - 1780.0 MHz, Downlink = 1710.0 - 1780.0 MHz ",310,410,1,1723951391590,153.302773848,2024-08-17 23:23:11.590000,-121.9479467,37.3931742,-24.899999618530277,37.3931742,-121.9479467,-24.899999618530277
4G_LTE,-127,2147483647,-127,-18,-95,2147483647,13,66986,497,2147483647,2147483647,2147483647,0,2147483647,[66],[FDD],"Band Number = 66, Uplink = 1710.0 - 1780.0 MHz, Downlink = 1710.0 - 1780.0 MHz ",Unavailable,Unavailable,0,1723951391590,153.302773848,2024-08-17 23:23:11.590000,-121.9479467,37.3931742,-24.899999618530277,37.3931742,-121.9479467,-24.899999618530277
4G_LTE,-117,2147483647,-117,-13,-95,2147483647,23,5330,471,2147483647,2147483647,2147483647,0,2147483647,[14],[FDD],"Band Number = 14, Uplink = 788.0 - 798.0 MHz, Downlink = 788.0 - 798.0 MHz ",Unavailable,Unavailable,0,1723951391590,153.302773848,2024-08-17 23:23:11.590000,-121.9479467,37.3931742,-24.899999618530277,37.3931742,-121.9479467,-24.899999618530277
4G_LTE,-119,2147483647,-119,-13,-95,2147483647,21,5330,147,2147483647,2147483647,2147483647,0,2147483647,[14],[FDD],"Band Number = 14, Uplink = 788.0 - 798.0 MHz, Downlink = 788.0 - 798.0 MHz ",Unavailable,Unavailable,0,1723951391590,153.302773848,2024-08-17 23:23:11.590000,-121.9479467,37.3931742,-24.899999618530277,37.3931742,-121.9479467,-24.899999618530277
4G_LTE,-103,2147483647,-103,-11,-83,2147483647,37,5035,87,2147483647,2147483647,2147483647,2,2147483647,[12],[FDD],"Band Number = 12, Uplink = 698.0 - 716.0 MHz, Downlink = 699.0 - 716.0 MHz ",Unavailable,Unavailable,0,1723951391590,153.302773848,2024-08-17 23:23:11.590000,-121.9479467,37.3931742,-24.899999618530277,37.3931742,-121.9479467,-24.899999618530277
4G_LTE,-111,2147483647,-111,-15,-83,2147483647,29,5035,88,2147483647,2147483647,2147483647,1,2147483647,[12],[FDD],"Band Number = 12, Uplink = 698.0 - 716.0 MHz, Downlink = 699.0 - 716.0 MHz ",Unavailable,Unavailable,0,1723951391590,153.302773848,2024-08-17 23:23:11.590000,-121.9479467,37.3931742,-24.899999618530277,37.3931742,-121.9479467,-24.899999618530277
4G_LTE,-129,2147483647,-129,-16,-103,2147483647,11,9820,192,2147483647,2147483647,2147483647,0,2147483647,[30],[FDD],"Band Number = 30, Uplink = 2305.0 - 2315.0 MHz, Downlink = 2305.0 - 2315.0 MHz ",Unavailable,Unavailable,0,1723951391590,153.302773848,2024-08-17 23:23:11.590000,-121.9479467,37.3931742,-24.899999618530277,37.3931742,-121.9479467,-24.899999618530277
4G_LTE,-116,2147483647,-116,-10,-89,2147483647,24,66986,102,2147483647,169470393,35653,0,2147483647,[66],[FDD],"Band Number = 66, Uplink = 1710.0 - 1780.0 MHz, Downlink = 1710.0 - 1780.0 MHz ",310,410,1,1723951392593,154.303753118,2024-08-17 23:23:12.593000,-121.9479467,37.3931742,-24.899999618530277,37.3931742,-121.9479467,-24.899999618530277
4G_LTE,-127,2147483647,-127,-18,-95,2147483647,13,66986,497,2147483647,2147483647,2147483647,0,2147483647,[66],[FDD],"Band Number = 66, Uplink = 1710.0 - 1780.0 MHz, Downlink = 1710.0 - 1780.0 MHz ",Unavailable,Unavailable,0,1723951392593,154.303753118,2024-08-17 23:23:12.593000,-121.9479467,37.3931742,-24.899999618530277,37.3931742,-121.9479467,-24.899999618530277
4G_LTE,-117,2147483647,-117,-13,-95,2147483647,23,5330,471,2147483647,2147483647,2147483647,0,2147483647,[14],[FDD],"Band Number = 14, Uplink = 788.0 - 798.0 MHz, Downlink = 788.0 - 798.0 MHz ",Unavailable,Unavailable,0,1723951392593,154.303753118,2024-08-17 23:23:12.593000,-121.9479467,37.3931742,-24.899999618530277,37.3931742,-121.9479467,-24.899999618530277
4G_LTE,-119,2147483647,-119,-13,-95,2147483647,21,5330,147,2147483647,2147483647,2147483647,0,2147483647,[14],[FDD],"Band Number = 14, Uplink = 788.0 - 798.0 MHz, Downlink = 788.0 - 798.0 MHz ",Unavailable,Unavailable,0,1723951392593,154.303753118,2024-08-17 23:23:12.593000,-121.9479467,37.3931742,-24.899999618530277,37.3931742,-121.9479467,-24.899999618530277
4G_LTE,-103,2147483647,-103,-11,-83,2147483647,37,5035,87,2147483647,2147483647,2147483647,2,2147483647,[12],[FDD],"Band Number = 12, Uplink = 698.0 - 716.0 MHz, Downlink = 699.0 - 716.0 MHz ",Unavailable,Unavailable,0,1723951392593,154.303753118,2024-08-17 23:23:12.593000,-121.9479467,37.3931742,-24.899999618530277,37.3931742,-121.9479467,-24.899999618530277
4G_LTE,-111,2147483647,-111,-15,-83,2147483647,29,5035,88,2147483647,2147483647,2147483647,1,2147483647,[12],[FDD],"Band Number = 12, Uplink = 698.0 - 716.0 MHz, Downlink = 699.0 - 716.0 MHz ",Unavailable,Unavailable,0,1723951392593,154.303753118,2024-08-17 23:23:12.593000,-121.9479467,37.3931742,-24.899999618530277,37.3931742,-121.9479467,-24.899999618530277
4G_LTE,-129,2147483647,-129,-16,-103,2147483647,11,9820,192,2147483647,2147483647,2147483647,0,2147483647,[30],[FDD],"Band Number = 30, Uplink = 2305.0 - 2315.0 MHz, Downlink = 2305.0 - 2315.0 MHz ",Unavailable,Unavailable,0,1723951392593,154.303753118,2024-08-17 23:23:12.593000,-121.9479467,37.3931742,-24.899999618530277,37.3931742,-121.9479467,-24.899999618530277
4G_LTE,-116,2147483647,-116,-10,-89,2147483647,24,66986,102,2147483647,169470393,35653,0,2147483647,[66],[FDD],"Band Number = 66, Uplink = 1710.0 - 1780.0 MHz, Downlink = 1710.0 - 1780.0 MHz ",310,410,1,1723951393592,155.304894889,2024-08-17 23:23:13.592000,-121.9479467,37.3931742,-24.899999618530277,37.3931742,-121.9479467,-24.899999618530277
4G_LTE,-127,2147483647,-127,-18,-95,2147483647,13,66986,497,2147483647,2147483647,2147483647,0,2147483647,[66],[FDD],"Band Number = 66, Uplink = 1710.0 - 1780.0 MHz, Downlink = 1710.0 - 1780.0 MHz ",Unavailable,Unavailable,0,1723951393592,155.304894889,2024-08-17 23:23:13.592000,-121.9479467,37.3931742,-24.899999618530277,37.3931742,-121.9479467,-24.899999618530277
4G_LTE,-117,2147483647,-117,-13,-95,2147483647,23,5330,471,2147483647,2147483647,2147483647,0,2147483647,[14],[FDD],"Band Number = 14, Uplink = 788.0 - 798.0 MHz, Downlink = 788.0 - 798.0 MHz ",Unavailable,Unavailable,0,1723951393592,155.304894889,2024-08-17 23:23:13.592000,-121.9479467,37.3931742,-24.899999618530277,37.3931742,-121.9479467,-24.899999618530277
4G_LTE,-119,2147483647,-119,-13,-95,2147483647,21,5330,147,2147483647,2147483647,2147483647,0,2147483647,[14],[FDD],"Band Number = 14, Uplink = 788.0 - 798.0 MHz, Downlink = 788.0 - 798.0 MHz ",Unavailable,Unavailable,0,1723951393592,155.304894889,2024-08-17 23:23:13.592000,-121.9479467,37.3931742,-24.899999618530277,37.3931742,-121.9479467,-24.899999618530277
4G_LTE,-103,2147483647,-103,-11,-83,2147483647,37,5035,87,2147483647,2147483647,2147483647,2,2147483647,[12],[FDD],"Band Number = 12, Uplink = 698.0 - 716.0 MHz, Downlink = 699.0 - 716.0 MHz ",Unavailable,Unavailable,0,1723951393592,155.304894889,2024-08-17 23:23:13.592000,-121.9479467,37.3931742,-24.899999618530277,37.3931742,-121.9479467,-24.899999618530277
4G_LTE,-111,2147483647,-111,-15,-83,2147483647,29,5035,88,2147483647,2147483647,2147483647,1,2147483647,[12],[FDD],"Band Number = 12, Uplink = 698.0 - 716.0 MHz, Downlink = 699.0 - 716.0 MHz ",Unavailable,Unavailable,0,1723951393592,155.304894889,2024-08-17 23:23:13.592000,-121.9479467,37.3931742,-24.899999618530277,37.3931742,-121.9479467,-24.899999618530277
4G_LTE,-129,2147483647,-129,-16,-103,2147483647,11,9820,192,2147483647,2147483647,2147483647,0,2147483647,[30],[FDD],"Band Number = 30, Uplink = 2305.0 - 2315.0 MHz, Downlink = 2305.0 - 2315.0 MHz ",Unavailable,Unavailable,0,1723951393592,155.304894889,2024-08-17 23:23:13.592000,-121.9479467,37.3931742,-24.899999618530277,37.3931742,-121.9479467,-24.899999618530277
4G_LTE,-116,2147483647,-116,-10,-89,2147483647,24,66986,102,2147483647,169470393,35653,0,2147483647,[66],[FDD],"Band Number = 66, Uplink = 1710.0 - 1780.0 MHz, Downlink = 1710.0 - 1780.0 MHz ",310,410,1,1723951394597,156.308846919,2024-08-17 23:23:14.597000,-121.9479467,37.3931742,-24.899999618530277,37.3931742,-121.9479467,-24.899999618530277
4G_LTE,-127,2147483647,-127,-18,-95,2147483647,13,66986,497,2147483647,2147483647,2147483647,0,2147483647,[66],[FDD],"Band Number = 66, Uplink = 1710.0 - 1780.0 MHz, Downlink = 1710.0 - 1780.0 MHz ",Unavailable,Unavailable,0,1723951394597,156.308846919,2024-08-17 23:23:14.597000,-121.9479467,37.3931742,-24.899999618530277,37.3931742,-121.9479467,-24.899999618530277
4G_LTE,-117,2147483647,-117,-13,-95,2147483647,23,5330,471,2147483647,2147483647,2147483647,0,2147483647,[14],[FDD],"Band Number = 14, Uplink = 788.0 - 798.0 MHz, Downlink = 788.0 - 798.0 MHz ",Unavailable,Unavailable,0,1723951394597,156.308846919,2024-08-17 23:23:14.597000,-121.9479467,37.3931742,-24.899999618530277,37.3931742,-121.9479467,-24.899999618530277
4G_LTE,-119,2147483647,-119,-13,-95,2147483647,21,5330,147,2147483647,2147483647,2147483647,0,2147483647,[14],[FDD],"Band Number = 14, Uplink = 788.0 - 798.0 MHz, Downlink = 788.0 - 798.0 MHz ",Unavailable,Unavailable,0,1723951394597,156.308846919,2024-08-17 23:23:14.597000,-121.9479467,37.3931742,-24.899999618530277,37.3931742,-121.9479467,-24.899999618530277
4G_LTE,-103,2147483647,-103,-11,-83,2147483647,37,5035,87,2147483647,2147483647,2147483647,2,2147483647,[12],[FDD],"Band Number = 12, Uplink = 698.0 - 716.0 MHz, Downlink = 699.0 - 716.0 MHz ",Unavailable,Unavailable,0,1723951394597,156.308846919,2024-08-17 23:23:14.597000,-121.9479467,37.3931742,-24.899999618530277,37.3931742,-121.9479467,-24.899999618530277
4G_LTE,-111,2147483647,-111,-15,-83,2147483647,29,5035,88,2147483647,2147483647,2147483647,1,2147483647,[12],[FDD],"Band Number = 12, Uplink = 698.0 - 716.0 MHz, Downlink = 699.0 - 716.0 MHz ",Unavailable,Unavailable,0,1723951394597,156.308846919,2024-08-17 23:23:14.597000,-121.9479467,37.3931742,-24.899999618530277,37.3931742,-121.9479467,-24.899999618530277
4G_LTE,-129,2147483647,-129,-16,-103,2147483647,11,9820,192,2147483647,2147483647,2147483647,0,2147483647,[30],[FDD],"Band Number = 30, Uplink = 2305.0 - 2315.0 MHz, Downlink = 2305.0 - 2315.0 MHz ",Unavailable,Unavailable,0,1723951394597,156.308846919,2024-08-17 23:23:14.597000,-121.9479467,37.3931742,-24.899999618530277,37.3931742,-121.9479467,-24.899999618530277
4G_LTE,-116,2147483647,-116,-10,-89,2147483647,24,66986,102,2147483647,169470393,35653,0,2147483647,[66],[FDD],"Band Number = 66, Uplink = 1710.0 - 1780.0 MHz, Downlink = 1710.0 - 1780.0 MHz ",310,410,1,1723951395595,157.307090773,2024-08-17 23:23:15.595000,-121.9479467,37.3931742,-24.899999618530277,37.3931742,-121.9479467,-24.899999618530277
4G_LTE,-127,2147483647,-127,-18,-95,2147483647,13,66986,497,2147483647,2147483647,2147483647,0,2147483647,[66],[FDD],"Band Number = 66, Uplink = 1710.0 - 1780.0 MHz, Downlink = 1710.0 - 1780.0 MHz ",Unavailable,Unavailable,0,1723951395595,157.307090773,2024-08-17 23:23:15.595000,-121.9479467,37.3931742,-24.899999618530277,37.3931742,-121.9479467,-24.899999618530277
4G_LTE,-117,2147483647,-117,-13,-95,2147483647,23,5330,471,2147483647,2147483647,2147483647,0,2147483647,[14],[FDD],"Band Number = 14, Uplink = 788.0 - 798.0 MHz, Downlink = 788.0 - 798.0 MHz ",Unavailable,Unavailable,0,1723951395595,157.307090773,2024-08-17 23:23:15.595000,-121.9479467,37.3931742,-24.899999618530277,37.3931742,-121.9479467,-24.899999618530277
4G_LTE,-119,2147483647,-119,-13,-95,2147483647,21,5330,147,2147483647,2147483647,2147483647,0,2147483647,[14],[FDD],"Band Number = 14, Uplink = 788.0 - 798.0 MHz, Downlink = 788.0 - 798.0 MHz ",Unavailable,Unavailable,0,1723951395595,157.307090773,2024-08-17 23:23:15.595000,-121.9479467,37.3931742,-24.899999618530277,37.3931742,-121.9479467,-24.899999618530277
4G_LTE,-103,2147483647,-103,-11,-83,2147483647,37,5035,87,2147483647,2147483647,2147483647,2,2147483647,[12],[FDD],"Band Number = 12, Uplink = 698.0 - 716.0 MHz, Downlink = 699.0 - 716.0 MHz ",Unavailable,Unavailable,0,1723951395595,157.307090773,2024-08-17 23:23:15.595000,-121.9479467,37.3931742,-24.899999618530277,37.3931742,-121.9479467,-24.899999618530277
4G_LTE,-111,2147483647,-111,-15,-83,2147483647,29,5035,88,2147483647,2147483647,2147483647,1,2147483647,[12],[FDD],"Band Number = 12, Uplink = 698.0 - 716.0 MHz, Downlink = 699.0 - 716.0 MHz ",Unavailable,Unavailable,0,1723951395595,157.307090773,2024-08-17 23:23:15.595000,-121.9479467,37.3931742,-24.899999618530277,37.3931742,-121.9479467,-24.899999618530277
4G_LTE,-129,2147483647,-129,-16,-103,2147483647,11,9820,192,2147483647,2147483647,2147483647,0,2147483647,[30],[FDD],"Band Number = 30, Uplink = 2305.0 - 2315.0 MHz, Downlink = 2305.0 - 2315.0 MHz ",Unavailable,Unavailable,0,1723951395595,157.307090773,2024-08-17 23:23:15.595000,-121.9479467,37.3931742,-24.899999618530277,37.3931742,-121.9479467,-24.899999618530277
4G_LTE,-118,2147483647,-118,-13,-87,2147483647,22,66986,102,2147483647,169470393,35653,0,2147483647,[66],[FDD],"Band Number = 66, Uplink = 1710.0 - 1780.0 MHz, Downlink = 1710.0 - 1780.0 MHz ",310,410,1,1723951396597,158.309357544,2024-08-17 23:23:16.597000,-121.9479467,37.3931742,-24.899999618530277,37.3931742,-121.9479467,-24.899999618530277
4G_LTE,-129,2147483647,-129,-19,-97,2147483647,11,66986,497,2147483647,2147483647,2147483647,0,2147483647,[66],[FDD],"Band Number = 66, Uplink = 1710.0 - 1780.0 MHz, Downlink = 1710.0 - 1780.0 MHz ",Unavailable,Unavailable,0,1723951396597,158.309357544,2024-08-17 23:23:16.597000,-121.9479467,37.3931742,-24.899999618530277,37.3931742,-121.9479467,-24.899999618530277
4G_LTE,-113,2147483647,-113,-10,-95,2147483647,27,5330,471,2147483647,2147483647,2147483647,1,2147483647,[14],[FDD],"Band Number = 14, Uplink = 788.0 - 798.0 MHz, Downlink = 788.0 - 798.0 MHz ",Unavailable,Unavailable,0,1723951396597,158.309357544,2024-08-17 23:23:16.597000,-121.9479467,37.3931742,-24.899999618530277,37.3931742,-121.9479467,-24.899999618530277
4G_LTE,-123,2147483647,-123,-17,-95,2147483647,17,5330,147,2147483647,2147483647,2147483647,0,2147483647,[14],[FDD],"Band Number = 14, Uplink = 788.0 - 798.0 MHz, Downlink = 788.0 - 798.0 MHz ",Unavailable,Unavailable,0,1723951396597,158.309357544,2024-08-17 23:23:16.597000,-121.9479467,37.3931742,-24.899999618530277,37.3931742,-121.9479467,-24.899999618530277
4G_LTE,-103,2147483647,-103,-9,-85,2147483647,37,5035,87,2147483647,2147483647,2147483647,2,2147483647,[12],[FDD],"Band Number = 12, Uplink = 698.0 - 716.0 MHz, Downlink = 699.0 - 716.0 MHz ",Unavailable,Unavailable,0,1723951396597,158.309357544,2024-08-17 23:23:16.597000,-121.9479467,37.3931742,-24.899999618530277,37.3931742,-121.9479467,-24.899999618530277
4G_LTE,-111,2147483647,-111,-15,-85,2147483647,29,5035,88,2147483647,2147483647,2147483647,1,2147483647,[12],[FDD],"Band Number = 12, Uplink = 698.0 - 716.0 MHz, Downlink = 699.0 - 716.0 MHz ",Unavailable,Unavailable,0,1723951396597,158.309357544,2024-08-17 23:23:16.597000,-121.9479467,37.3931742,-24.899999618530277,37.3931742,-121.9479467,-24.899999618530277
4G_LTE,-129,2147483647,-129,-18,-101,2147483647,11,9820,192,2147483647,2147483647,2147483647,0,2147483647,[30],[FDD],"Band Number = 30, Uplink = 2305.0 - 2315.0 MHz, Downlink = 2305.0 - 2315.0 MHz ",Unavailable,Unavailable,0,1723951396597,158.309357544,2024-08-17 23:23:16.597000,-121.9479467,37.3931742,-24.899999618530277,37.3931742,-121.9479467,-24.899999618530277
4G_LTE,-118,2147483647,-118,-13,-87,2147483647,22,66986,102,2147483647,169470393,35653,0,2147483647,[66],[FDD],"Band Number = 66, Uplink = 1710.0 - 1780.0 MHz, Downlink = 1710.0 - 1780.0 MHz ",310,410,1,1723951397604,159.315349262,2024-08-17 23:23:17.604000,-121.9479467,37.3931742,-24.899999618530277,37.3931742,-121.9479467,-24.899999618530277
4G_LTE,-129,2147483647,-129,-19,-97,2147483647,11,66986,497,2147483647,2147483647,2147483647,0,2147483647,[66],[FDD],"Band Number = 66, Uplink = 1710.0 - 1780.0 MHz, Downlink = 1710.0 - 1780.0 MHz ",Unavailable,Unavailable,0,1723951397604,159.315349262,2024-08-17 23:23:17.604000,-121.9479467,37.3931742,-24.899999618530277,37.3931742,-121.9479467,-24.899999618530277
4G_LTE,-113,2147483647,-113,-10,-95,2147483647,27,5330,471,2147483647,2147483647,2147483647,1,2147483647,[14],[FDD],"Band Number = 14, Uplink = 788.0 - 798.0 MHz, Downlink = 788.0 - 798.0 MHz ",Unavailable,Unavailable,0,1723951397604,159.315349262,2024-08-17 23:23:17.604000,-121.9479467,37.3931742,-24.899999618530277,37.3931742,-121.9479467,-24.899999618530277
4G_LTE,-123,2147483647,-123,-17,-95,2147483647,17,5330,147,2147483647,2147483647,2147483647,0,2147483647,[14],[FDD],"Band Number = 14, Uplink = 788.0 - 798.0 MHz, Downlink = 788.0 - 798.0 MHz ",Unavailable,Unavailable,0,1723951397604,159.315349262,2024-08-17 23:23:17.604000,-121.9479467,37.3931742,-24.899999618530277,37.3931742,-121.9479467,-24.899999618530277
4G_LTE,-103,2147483647,-103,-9,-85,2147483647,37,5035,87,2147483647,2147483647,2147483647,2,2147483647,[12],[FDD],"Band Number = 12, Uplink = 698.0 - 716.0 MHz, Downlink = 699.0 - 716.0 MHz ",Unavailable,Unavailable,0,1723951397604,159.315349262,2024-08-17 23:23:17.604000,-121.9479467,37.3931742,-24.899999618530277,37.3931742,-121.9479467,-24.899999618530277
4G_LTE,-111,2147483647,-111,-15,-85,2147483647,29,5035,88,2147483647,2147483647,2147483647,1,2147483647,[12],[FDD],"Band Number = 12, Uplink = 698.0 - 716.0 MHz, Downlink = 699.0 - 716.0 MHz ",Unavailable,Unavailable,0,1723951397604,159.315349262,2024-08-17 23:23:17.604000,-121.9479467,37.3931742,-24.899999618530277,37.3931742,-121.9479467,-24.899999618530277
4G_LTE,-129,2147483647,-129,-18,-101,2147483647,11,9820,192,2147483647,2147483647,2147483647,0,2147483647,[30],[FDD],"Band Number = 30, Uplink = 2305.0 - 2315.0 MHz, Downlink = 2305.0 - 2315.0 MHz ",Unavailable,Unavailable,0,1723951397604,159.315349262,2024-08-17 23:23:17.604000,-121.9479467,37.3931742,-24.899999618530277,37.3931742,-121.9479467,-24.899999618530277
4G_LTE,-118,2147483647,-118,-13,-87,2147483647,22,66986,102,2147483647,169470393,35653,0,2147483647,[66],[FDD],"Band Number = 66, Uplink = 1710.0 - 1780.0 MHz, Downlink = 1710.0 - 1780.0 MHz ",310,410,1,1723951398599,160.310679314,2024-08-17 23:23:18.599000,-121.9479467,37.3931742,-24.899999618530277,37.3931742,-121.9479467,-24.899999618530277
4G_LTE,-129,2147483647,-129,-19,-97,2147483647,11,66986,497,2147483647,2147483647,2147483647,0,2147483647,[66],[FDD],"Band Number = 66, Uplink = 1710.0 - 1780.0 MHz, Downlink = 1710.0 - 1780.0 MHz ",Unavailable,Unavailable,0,1723951398599,160.310679314,2024-08-17 23:23:18.599000,-121.9479467,37.3931742,-24.899999618530277,37.3931742,-121.9479467,-24.899999618530277
4G_LTE,-113,2147483647,-113,-10,-95,2147483647,27,5330,471,2147483647,2147483647,2147483647,1,2147483647,[14],[FDD],"Band Number = 14, Uplink = 788.0 - 798.0 MHz, Downlink = 788.0 - 798.0 MHz ",Unavailable,Unavailable,0,1723951398599,160.310679314,2024-08-17 23:23:18.599000,-121.9479467,37.3931742,-24.899999618530277,37.3931742,-121.9479467,-24.899999618530277
4G_LTE,-123,2147483647,-123,-17,-95,2147483647,17,5330,147,2147483647,2147483647,2147483647,0,2147483647,[14],[FDD],"Band Number = 14, Uplink = 788.0 - 798.0 MHz, Downlink = 788.0 - 798.0 MHz ",Unavailable,Unavailable,0,1723951398599,160.310679314,2024-08-17 23:23:18.599000,-121.9479467,37.3931742,-24.899999618530277,37.3931742,-121.9479467,-24.899999618530277
4G_LTE,-103,2147483647,-103,-9,-85,2147483647,37,5035,87,2147483647,2147483647,2147483647,2,2147483647,[12],[FDD],"Band Number = 12, Uplink = 698.0 - 716.0 MHz, Downlink = 699.0 - 716.0 MHz ",Unavailable,Unavailable,0,1723951398599,160.310679314,2024-08-17 23:23:18.599000,-121.9479467,37.3931742,-24.899999618530277,37.3931742,-121.9479467,-24.899999618530277
4G_LTE,-111,2147483647,-111,-15,-85,2147483647,29,5035,88,2147483647,2147483647,2147483647,1,2147483647,[12],[FDD],"Band Number = 12, Uplink = 698.0 - 716.0 MHz, Downlink = 699.0 - 716.0 MHz ",Unavailable,Unavailable,0,1723951398599,160.310679314,2024-08-17 23:23:18.599000,-121.9479467,37.3931742,-24.899999618530277,37.3931742,-121.9479467,-24.899999618530277
4G_LTE,-129,2147483647,-129,-18,-101,2147483647,11,9820,192,2147483647,2147483647,2147483647,0,2147483647,[30],[FDD],"Band Number = 30, Uplink = 2305.0 - 2315.0 MHz, Downlink = 2305.0 - 2315.0 MHz ",Unavailable,Unavailable,0,1723951398599,160.310679314,2024-08-17 23:23:18.599000,-121.9479467,37.3931742,-24.899999618530277,37.3931742,-121.9479467,-24.899999618530277
4G_LTE,-118,2147483647,-118,-13,-87,2147483647,22,66986,102,2147483647,169470393,35653,0,2147483647,[66],[FDD],"Band Number = 66, Uplink = 1710.0 - 1780.0 MHz, Downlink = 1710.0 - 1780.0 MHz ",310,410,1,1723951399605,161.315288949,2024-08-17 23:23:19.605000,-121.9479467,37.3931742,-24.899999618530277,37.3931742,-121.9479467,-24.899999618530277
4G_LTE,-129,2147483647,-129,-19,-97,2147483647,11,66986,497,2147483647,2147483647,2147483647,0,2147483647,[66],[FDD],"Band Number = 66, Uplink = 1710.0 - 1780.0 MHz, Downlink = 1710.0 - 1780.0 MHz ",Unavailable,Unavailable,0,1723951399605,161.315288949,2024-08-17 23:23:19.605000,-121.9479467,37.3931742,-24.899999618530277,37.3931742,-121.9479467,-24.899999618530277
4G_LTE,-113,2147483647,-113,-10,-95,2147483647,27,5330,471,2147483647,2147483647,2147483647,1,2147483647,[14],[FDD],"Band Number = 14, Uplink = 788.0 - 798.0 MHz, Downlink = 788.0 - 798.0 MHz ",Unavailable,Unavailable,0,1723951399605,161.315288949,2024-08-17 23:23:19.605000,-121.9479467,37.3931742,-24.899999618530277,37.3931742,-121.9479467,-24.899999618530277
4G_LTE,-123,2147483647,-123,-17,-95,2147483647,17,5330,147,2147483647,2147483647,2147483647,0,2147483647,[14],[FDD],"Band Number = 14, Uplink = 788.0 - 798.0 MHz, Downlink = 788.0 - 798.0 MHz ",Unavailable,Unavailable,0,1723951399605,161.315288949,2024-08-17 23:23:19.605000,-121.9479467,37.3931742,-24.899999618530277,37.3931742,-121.9479467,-24.899999618530277
4G_LTE,-103,2147483647,-103,-9,-85,2147483647,37,5035,87,2147483647,2147483647,2147483647,2,2147483647,[12],[FDD],"Band Number = 12, Uplink = 698.0 - 716.0 MHz, Downlink = 699.0 - 716.0 MHz ",Unavailable,Unavailable,0,1723951399605,161.315288949,2024-08-17 23:23:19.605000,-121.9479467,37.3931742,-24.899999618530277,37.3931742,-121.9479467,-24.899999618530277
4G_LTE,-111,2147483647,-111,-15,-85,2147483647,29,5035,88,2147483647,2147483647,2147483647,1,2147483647,[12],[FDD],"Band Number = 12, Uplink = 698.0 - 716.0 MHz, Downlink = 699.0 - 716.0 MHz ",Unavailable,Unavailable,0,1723951399605,161.315288949,2024-08-17 23:23:19.605000,-121.9479467,37.3931742,-24.899999618530277,37.3931742,-121.9479467,-24.899999618530277
4G_LTE,-129,2147483647,-129,-18,-101,2147483647,11,9820,192,2147483647,2147483647,2147483647,0,2147483647,[30],[FDD],"Band Number = 30, Uplink = 2305.0 - 2315.0 MHz, Downlink = 2305.0 - 2315.0 MHz ",Unavailable,Unavailable,0,1723951399605,161.315288949,2024-08-17 23:23:19.605000,-121.9479467,37.3931742,-24.899999618530277,37.3931742,-121.9479467,-24.899999618530277
4G_LTE,-118,2147483647,-118,-13,-87,2147483647,22,66986,102,2147483647,169470393,35653,0,2147483647,[66],[FDD],"Band Number = 66, Uplink = 1710.0 - 1780.0 MHz, Downlink = 1710.0 - 1780.0 MHz ",310,410,1,1723951400604,162.316178271,2024-08-17 23:23:20.604000,-121.9479467,37.3931742,-24.899999618530277,37.3931742,-121.9479467,-24.899999618530277
4G_LTE,-129,2147483647,-129,-19,-97,2147483647,11,66986,497,2147483647,2147483647,2147483647,0,2147483647,[66],[FDD],"Band Number = 66, Uplink = 1710.0 - 1780.0 MHz, Downlink = 1710.0 - 1780.0 MHz ",Unavailable,Unavailable,0,1723951400604,162.316178271,2024-08-17 23:23:20.604000,-121.9479467,37.3931742,-24.899999618530277,37.3931742,-121.9479467,-24.899999618530277
4G_LTE,-113,2147483647,-113,-10,-95,2147483647,27,5330,471,2147483647,2147483647,2147483647,1,2147483647,[14],[FDD],"Band Number = 14, Uplink = 788.0 - 798.0 MHz, Downlink = 788.0 - 798.0 MHz ",Unavailable,Unavailable,0,1723951400604,162.316178271,2024-08-17 23:23:20.604000,-121.9479467,37.3931742,-24.899999618530277,37.3931742,-121.9479467,-24.899999618530277
4G_LTE,-123,2147483647,-123,-17,-95,2147483647,17,5330,147,2147483647,2147483647,2147483647,0,2147483647,[14],[FDD],"Band Number = 14, Uplink = 788.0 - 798.0 MHz, Downlink = 788.0 - 798.0 MHz ",Unavailable,Unavailable,0,1723951400604,162.316178271,2024-08-17 23:23:20.604000,-121.9479467,37.3931742,-24.899999618530277,37.3931742,-121.9479467,-24.899999618530277
4G_LTE,-103,2147483647,-103,-9,-85,2147483647,37,5035,87,2147483647,2147483647,2147483647,2,2147483647,[12],[FDD],"Band Number = 12, Uplink = 698.0 - 716.0 MHz, Downlink = 699.0 - 716.0 MHz ",Unavailable,Unavailable,0,1723951400604,162.316178271,2024-08-17 23:23:20.604000,-121.9479467,37.3931742,-24.899999618530277,37.3931742,-121.9479467,-24.899999618530277
4G_LTE,-111,2147483647,-111,-15,-85,2147483647,29,5035,88,2147483647,2147483647,2147483647,1,2147483647,[12],[FDD],"Band Number = 12, Uplink = 698.0 - 716.0 MHz, Downlink = 699.0 - 716.0 MHz ",Unavailable,Unavailable,0,1723951400604,162.316178271,2024-08-17 23:23:20.604000,-121.9479467,37.3931742,-24.899999618530277,37.3931742,-121.9479467,-24.899999618530277
4G_LTE,-129,2147483647,-129,-18,-101,2147483647,11,9820,192,2147483647,2147483647,2147483647,0,2147483647,[30],[FDD],"Band Number = 30, Uplink = 2305.0 - 2315.0 MHz, Downlink = 2305.0 - 2315.0 MHz ",Unavailable,Unavailable,0,1723951400604,162.316178271,2024-08-17 23:23:20.604000,-121.9479467,37.3931742,-24.899999618530277,37.3931742,-121.9479467,-24.899999618530277
4G_LTE,-118,2147483647,-118,-13,-87,2147483647,22,66986,102,2147483647,169470393,35653,0,2147483647,[66],[FDD],"Band Number = 66, Uplink = 1710.0 - 1780.0 MHz, Downlink = 1710.0 - 1780.0 MHz ",310,410,1,1723951401613,163.319274052,2024-08-17 23:23:21.613000,-121.9479467,37.3931742,-24.899999618530277,37.3931742,-121.9479467,-24.899999618530277
4G_LTE,-129,2147483647,-129,-19,-97,2147483647,11,66986,497,2147483647,2147483647,2147483647,0,2147483647,[66],[FDD],"Band Number = 66, Uplink = 1710.0 - 1780.0 MHz, Downlink = 1710.0 - 1780.0 MHz ",Unavailable,Unavailable,0,1723951401613,163.319274052,2024-08-17 23:23:21.613000,-121.9479467,37.3931742,-24.899999618530277,37.3931742,-121.9479467,-24.899999618530277
4G_LTE,-113,2147483647,-113,-10,-95,2147483647,27,5330,471,2147483647,2147483647,2147483647,1,2147483647,[14],[FDD],"Band Number = 14, Uplink = 788.0 - 798.0 MHz, Downlink = 788.0 - 798.0 MHz ",Unavailable,Unavailable,0,1723951401613,163.319274052,2024-08-17 23:23:21.613000,-121.9479467,37.3931742,-24.899999618530277,37.3931742,-121.9479467,-24.899999618530277
4G_LTE,-123,2147483647,-123,-17,-95,2147483647,17,5330,147,2147483647,2147483647,2147483647,0,2147483647,[14],[FDD],"Band Number = 14, Uplink = 788.0 - 798.0 MHz, Downlink = 788.0 - 798.0 MHz ",Unavailable,Unavailable,0,1723951401613,163.319274052,2024-08-17 23:23:21.613000,-121.9479467,37.3931742,-24.899999618530277,37.3931742,-121.9479467,-24.899999618530277
4G_LTE,-103,2147483647,-103,-9,-85,2147483647,37,5035,87,2147483647,2147483647,2147483647,2,2147483647,[12],[FDD],"Band Number = 12, Uplink = 698.0 - 716.0 MHz, Downlink = 699.0 - 716.0 MHz ",Unavailable,Unavailable,0,1723951401613,163.319274052,2024-08-17 23:23:21.613000,-121.9479467,37.3931742,-24.899999618530277,37.3931742,-121.9479467,-24.899999618530277
4G_LTE,-111,2147483647,-111,-15,-85,2147483647,29,5035,88,2147483647,2147483647,2147483647,1,2147483647,[12],[FDD],"Band Number = 12, Uplink = 698.0 - 716.0 MHz, Downlink = 699.0 - 716.0 MHz ",Unavailable,Unavailable,0,1723951401613,163.319274052,2024-08-17 23:23:21.613000,-121.9479467,37.3931742,-24.899999618530277,37.3931742,-121.9479467,-24.899999618530277
4G_LTE,-129,2147483647,-129,-18,-101,2147483647,11,9820,192,2147483647,2147483647,2147483647,0,2147483647,[30],[FDD],"Band Number = 30, Uplink = 2305.0 - 2315.0 MHz, Downlink = 2305.0 - 2315.0 MHz ",Unavailable,Unavailable,0,1723951401613,163.319274052,2024-08-17 23:23:21.613000,-121.9479467,37.3931742,-24.899999618530277,37.3931742,-121.9479467,-24.899999618530277
4G_LTE,-118,2147483647,-118,-13,-87,2147483647,22,66986,102,2147483647,169470393,35653,0,2147483647,[66],[FDD],"Band Number = 66, Uplink = 1710.0 - 1780.0 MHz, Downlink = 1710.0 - 1780.0 MHz ",310,410,1,1723951402613,164.322754781,2024-08-17 23:23:22.613000,-121.9479467,37.3931742,-24.899999618530277,37.3931742,-121.9479467,-24.899999618530277
4G_LTE,-129,2147483647,-129,-19,-97,2147483647,11,66986,497,2147483647,2147483647,2147483647,0,2147483647,[66],[FDD],"Band Number = 66, Uplink = 1710.0 - 1780.0 MHz, Downlink = 1710.0 - 1780.0 MHz ",Unavailable,Unavailable,0,1723951402613,164.322754781,2024-08-17 23:23:22.613000,-121.9479467,37.3931742,-24.899999618530277,37.3931742,-121.9479467,-24.899999618530277
4G_LTE,-113,2147483647,-113,-10,-95,2147483647,27,5330,471,2147483647,2147483647,2147483647,1,2147483647,[14],[FDD],"Band Number = 14, Uplink = 788.0 - 798.0 MHz, Downlink = 788.0 - 798.0 MHz ",Unavailable,Unavailable,0,1723951402613,164.322754781,2024-08-17 23:23:22.613000,-121.9479467,37.3931742,-24.899999618530277,37.3931742,-121.9479467,-24.899999618530277
4G_LTE,-123,2147483647,-123,-17,-95,2147483647,17,5330,147,2147483647,2147483647,2147483647,0,2147483647,[14],[FDD],"Band Number = 14, Uplink = 788.0 - 798.0 MHz, Downlink = 788.0 - 798.0 MHz ",Unavailable,Unavailable,0,1723951402613,164.322754781,2024-08-17 23:23:22.613000,-121.9479467,37.3931742,-24.899999618530277,37.3931742,-121.9479467,-24.899999618530277
4G_LTE,-103,2147483647,-103,-9,-85,2147483647,37,5035,87,2147483647,2147483647,2147483647,2,2147483647,[12],[FDD],"Band Number = 12, Uplink = 698.0 - 716.0 MHz, Downlink = 699.0 - 716.0 MHz ",Unavailable,Unavailable,0,1723951402613,164.322754781,2024-08-17 23:23:22.613000,-121.9479467,37.3931742,-24.899999618530277,37.3931742,-121.9479467,-24.899999618530277
4G_LTE,-111,2147483647,-111,-15,-85,2147483647,29,5035,88,2147483647,2147483647,2147483647,1,2147483647,[12],[FDD],"Band Number = 12, Uplink = 698.0 - 716.0 MHz, Downlink = 699.0 - 716.0 MHz ",Unavailable,Unavailable,0,1723951402613,164.322754781,2024-08-17 23:23:22.613000,-121.9479467,37.3931742,-24.899999618530277,37.3931742,-121.9479467,-24.899999618530277
4G_LTE,-129,2147483647,-129,-18,-101,2147483647,11,9820,192,2147483647,2147483647,2147483647,0,2147483647,[30],[FDD],"Band Number = 30, Uplink = 2305.0 - 2315.0 MHz, Downlink = 2305.0 - 2315.0 MHz ",Unavailable,Unavailable,0,1723951402613,164.322754781,2024-08-17 23:23:22.613000,-121.9479467,37.3931742,-24.899999618530277,37.3931742,-121.9479467,-24.899999618530277
4G_LTE,-118,2147483647,-118,-13,-87,2147483647,22,66986,102,2147483647,169470393,35653,0,2147483647,[66],[FDD],"Band Number = 66, Uplink = 1710.0 - 1780.0 MHz, Downlink = 1710.0 - 1780.0 MHz ",310,410,1,1723951403622,165.334502385,2024-08-17 23:23:23.622000,-121.9479467,37.3931742,-24.899999618530277,37.3931742,-121.9479467,-24.899999618530277
4G_LTE,-129,2147483647,-129,-19,-97,2147483647,11,66986,497,2147483647,2147483647,2147483647,0,2147483647,[66],[FDD],"Band Number = 66, Uplink = 1710.0 - 1780.0 MHz, Downlink = 1710.0 - 1780.0 MHz ",Unavailable,Unavailable,0,1723951403622,165.334502385,2024-08-17 23:23:23.622000,-121.9479467,37.3931742,-24.899999618530277,37.3931742,-121.9479467,-24.899999618530277
4G_LTE,-113,2147483647,-113,-10,-95,2147483647,27,5330,471,2147483647,2147483647,2147483647,1,2147483647,[14],[FDD],"Band Number = 14, Uplink = 788.0 - 798.0 MHz, Downlink = 788.0 - 798.0 MHz ",Unavailable,Unavailable,0,1723951403622,165.334502385,2024-08-17 23:23:23.622000,-121.9479467,37.3931742,-24.899999618530277,37.3931742,-121.9479467,-24.899999618530277
4G_LTE,-123,2147483647,-123,-17,-95,2147483647,17,5330,147,2147483647,2147483647,2147483647,0,2147483647,[14],[FDD],"Band Number = 14, Uplink = 788.0 - 798.0 MHz, Downlink = 788.0 - 798.0 MHz ",Unavailable,Unavailable,0,1723951403622,165.334502385,2024-08-17 23:23:23.622000,-121.9479467,37.3931742,-24.899999618530277,37.3931742,-121.9479467,-24.899999618530277
4G_LTE,-103,2147483647,-103,-9,-85,2147483647,37,5035,87,2147483647,2147483647,2147483647,2,2147483647,[12],[FDD],"Band Number = 12, Uplink = 698.0 - 716.0 MHz, Downlink = 699.0 - 716.0 MHz ",Unavailable,Unavailable,0,1723951403622,165.334502385,2024-08-17 23:23:23.622000,-121.9479467,37.3931742,-24.899999618530277,37.3931742,-121.9479467,-24.899999618530277
4G_LTE,-111,2147483647,-111,-15,-85,2147483647,29,5035,88,2147483647,2147483647,2147483647,1,2147483647,[12],[FDD],"Band Number = 12, Uplink = 698.0 - 716.0 MHz, Downlink = 699.0 - 716.0 MHz ",Unavailable,Unavailable,0,1723951403622,165.334502385,2024-08-17 23:23:23.622000,-121.9479467,37.3931742,-24.899999618530277,37.3931742,-121.9479467,-24.899999618530277
4G_LTE,-129,2147483647,-129,-18,-101,2147483647,11,9820,192,2147483647,2147483647,2147483647,0,2147483647,[30],[FDD],"Band Number = 30, Uplink = 2305.0 - 2315.0 MHz, Downlink = 2305.0 - 2315.0 MHz ",Unavailable,Unavailable,0,1723951403622,165.334502385,2024-08-17 23:23:23.622000,-121.9479467,37.3931742,-24.899999618530277,37.3931742,-121.9479467,-24.899999618530277
4G_LTE,-118,2147483647,-118,-13,-87,2147483647,22,66986,102,2147483647,169470393,35653,0,2147483647,[66],[FDD],"Band Number = 66, Uplink = 1710.0 - 1780.0 MHz, Downlink = 1710.0 - 1780.0 MHz ",310,410,1,1723951404624,166.333412384,2024-08-17 23:23:24.624000,-121.9479467,37.3931742,-24.899999618530277,37.3931742,-121.9479467,-24.899999618530277
4G_LTE,-129,2147483647,-129,-19,-97,2147483647,11,66986,497,2147483647,2147483647,2147483647,0,2147483647,[66],[FDD],"Band Number = 66, Uplink = 1710.0 - 1780.0 MHz, Downlink = 1710.0 - 1780.0 MHz ",Unavailable,Unavailable,0,1723951404624,166.333412384,2024-08-17 23:23:24.624000,-121.9479467,37.3931742,-24.899999618530277,37.3931742,-121.9479467,-24.899999618530277
4G_LTE,-113,2147483647,-113,-10,-95,2147483647,27,5330,471,2147483647,2147483647,2147483647,1,2147483647,[14],[FDD],"Band Number = 14, Uplink = 788.0 - 798.0 MHz, Downlink = 788.0 - 798.0 MHz ",Unavailable,Unavailable,0,1723951404624,166.333412384,2024-08-17 23:23:24.624000,-121.9479467,37.3931742,-24.899999618530277,37.3931742,-121.9479467,-24.899999618530277
4G_LTE,-123,2147483647,-123,-17,-95,2147483647,17,5330,147,2147483647,2147483647,2147483647,0,2147483647,[14],[FDD],"Band Number = 14, Uplink = 788.0 - 798.0 MHz, Downlink = 788.0 - 798.0 MHz ",Unavailable,Unavailable,0,1723951404624,166.333412384,2024-08-17 23:23:24.624000,-121.9479467,37.3931742,-24.899999618530277,37.3931742,-121.9479467,-24.899999618530277
4G_LTE,-103,2147483647,-103,-9,-85,2147483647,37,5035,87,2147483647,2147483647,2147483647,2,2147483647,[12],[FDD],"Band Number = 12, Uplink = 698.0 - 716.0 MHz, Downlink = 699.0 - 716.0 MHz ",Unavailable,Unavailable,0,1723951404624,166.333412384,2024-08-17 23:23:24.624000,-121.9479467,37.3931742,-24.899999618530277,37.3931742,-121.9479467,-24.899999618530277
4G_LTE,-111,2147483647,-111,-15,-85,2147483647,29,5035,88,2147483647,2147483647,2147483647,1,2147483647,[12],[FDD],"Band Number = 12, Uplink = 698.0 - 716.0 MHz, Downlink = 699.0 - 716.0 MHz ",Unavailable,Unavailable,0,1723951404624,166.333412384,2024-08-17 23:23:24.624000,-121.9479467,37.3931742,-24.899999618530277,37.3931742,-121.9479467,-24.899999618530277
4G_LTE,-129,2147483647,-129,-18,-101,2147483647,11,9820,192,2147483647,2147483647,2147483647,0,2147483647,[30],[FDD],"Band Number = 30, Uplink = 2305.0 - 2315.0 MHz, Downlink = 2305.0 - 2315.0 MHz ",Unavailable,Unavailable,0,1723951404624,166.333412384,2024-08-17 23:23:24.624000,-121.9479467,37.3931742,-24.899999618530277,37.3931742,-121.9479467,-24.899999618530277
4G_LTE,-118,2147483647,-118,-13,-87,2147483647,22,66986,102,2147483647,169470393,35653,0,2147483647,[66],[FDD],"Band Number = 66, Uplink = 1710.0 - 1780.0 MHz, Downlink = 1710.0 - 1780.0 MHz ",310,410,1,1723951405626,167.337749363,2024-08-17 23:23:25.626000,-121.9479467,37.3931742,-24.899999618530277,37.3931742,-121.9479467,-24.899999618530277
4G_LTE,-129,2147483647,-129,-19,-97,2147483647,11,66986,497,2147483647,2147483647,2147483647,0,2147483647,[66],[FDD],"Band Number = 66, Uplink = 1710.0 - 1780.0 MHz, Downlink = 1710.0 - 1780.0 MHz ",Unavailable,Unavailable,0,1723951405626,167.337749363,2024-08-17 23:23:25.626000,-121.9479467,37.3931742,-24.899999618530277,37.3931742,-121.9479467,-24.899999618530277
4G_LTE,-113,2147483647,-113,-10,-95,2147483647,27,5330,471,2147483647,2147483647,2147483647,1,2147483647,[14],[FDD],"Band Number = 14, Uplink = 788.0 - 798.0 MHz, Downlink = 788.0 - 798.0 MHz ",Unavailable,Unavailable,0,1723951405626,167.337749363,2024-08-17 23:23:25.626000,-121.9479467,37.3931742,-24.899999618530277,37.3931742,-121.9479467,-24.899999618530277
4G_LTE,-123,2147483647,-123,-17,-95,2147483647,17,5330,147,2147483647,2147483647,2147483647,0,2147483647,[14],[FDD],"Band Number = 14, Uplink = 788.0 - 798.0 MHz, Downlink = 788.0 - 798.0 MHz ",Unavailable,Unavailable,0,1723951405626,167.337749363,2024-08-17 23:23:25.626000,-121.9479467,37.3931742,-24.899999618530277,37.3931742,-121.9479467,-24.899999618530277
4G_LTE,-103,2147483647,-103,-9,-85,2147483647,37,5035,87,2147483647,2147483647,2147483647,2,2147483647,[12],[FDD],"Band Number = 12, Uplink = 698.0 - 716.0 MHz, Downlink = 699.0 - 716.0 MHz ",Unavailable,Unavailable,0,1723951405626,167.337749363,2024-08-17 23:23:25.626000,-121.9479467,37.3931742,-24.899999618530277,37.3931742,-121.9479467,-24.899999618530277
4G_LTE,-111,2147483647,-111,-15,-85,2147483647,29,5035,88,2147483647,2147483647,2147483647,1,2147483647,[12],[FDD],"Band Number = 12, Uplink = 698.0 - 716.0 MHz, Downlink = 699.0 - 716.0 MHz ",Unavailable,Unavailable,0,1723951405626,167.337749363,2024-08-17 23:23:25.626000,-121.9479467,37.3931742,-24.899999618530277,37.3931742,-121.9479467,-24.899999618530277
4G_LTE,-129,2147483647,-129,-18,-101,2147483647,11,9820,192,2147483647,2147483647,2147483647,0,2147483647,[30],[FDD],"Band Number = 30, Uplink = 2305.0 - 2315.0 MHz, Downlink = 2305.0 - 2315.0 MHz ",Unavailable,Unavailable,0,1723951405626,167.337749363,2024-08-17 23:23:25.626000,-121.9479467,37.3931742,-24.899999618530277,37.3931742,-121.9479467,-24.899999618530277
4G_LTE,-120,2147483647,-120,-12,-91,2147483647,20,66986,102,2147483647,169470393,35653,0,2147483647,[66],[FDD],"Band Number = 66, Uplink = 1710.0 - 1780.0 MHz, Downlink = 1710.0 - 1780.0 MHz ",310,410,1,1723951406635,168.346501863,2024-08-17 23:23:26.635000,-121.9479467,37.3931742,-24.899999618530277,37.3931742,-121.9479467,-24.899999618530277
4G_LTE,-126,2147483647,-126,-16,-99,2147483647,14,66986,497,2147483647,2147483647,2147483647,0,2147483647,[66],[FDD],"Band Number = 66, Uplink = 1710.0 - 1780.0 MHz, Downlink = 1710.0 - 1780.0 MHz ",Unavailable,Unavailable,0,1723951406635,168.346501863,2024-08-17 23:23:26.635000,-121.9479467,37.3931742,-24.899999618530277,37.3931742,-121.9479467,-24.899999618530277
4G_LTE,-118,2147483647,-118,-20,-89,2147483647,22,5330,471,2147483647,2147483647,2147483647,0,2147483647,[14],[FDD],"Band Number = 14, Uplink = 788.0 - 798.0 MHz, Downlink = 788.0 - 798.0 MHz ",Unavailable,Unavailable,0,1723951406635,168.346501863,2024-08-17 23:23:26.635000,-121.9479467,37.3931742,-24.899999618530277,37.3931742,-121.9479467,-24.899999618530277
4G_LTE,-121,2147483647,-121,-20,-89,2147483647,19,5330,147,2147483647,2147483647,2147483647,0,2147483647,[14],[FDD],"Band Number = 14, Uplink = 788.0 - 798.0 MHz, Downlink = 788.0 - 798.0 MHz ",Unavailable,Unavailable,0,1723951406635,168.346501863,2024-08-17 23:23:26.635000,-121.9479467,37.3931742,-24.899999618530277,37.3931742,-121.9479467,-24.899999618530277
4G_LTE,-106,2147483647,-106,-10,-87,2147483647,34,5035,87,2147483647,2147483647,2147483647,1,2147483647,[12],[FDD],"Band Number = 12, Uplink = 698.0 - 716.0 MHz, Downlink = 699.0 - 716.0 MHz ",Unavailable,Unavailable,0,1723951406635,168.346501863,2024-08-17 23:23:26.635000,-121.9479467,37.3931742,-24.899999618530277,37.3931742,-121.9479467,-24.899999618530277
4G_LTE,-117,2147483647,-117,-20,-87,2147483647,23,5035,88,2147483647,2147483647,2147483647,0,2147483647,[12],[FDD],"Band Number = 12, Uplink = 698.0 - 716.0 MHz, Downlink = 699.0 - 716.0 MHz ",Unavailable,Unavailable,0,1723951406635,168.346501863,2024-08-17 23:23:26.635000,-121.9479467,37.3931742,-24.899999618530277,37.3931742,-121.9479467,-24.899999618530277
4G_LTE,-132,2147483647,-132,-18,-103,2147483647,8,9820,192,2147483647,2147483647,2147483647,0,2147483647,[30],[FDD],"Band Number = 30, Uplink = 2305.0 - 2315.0 MHz, Downlink = 2305.0 - 2315.0 MHz ",Unavailable,Unavailable,0,1723951406635,168.346501863,2024-08-17 23:23:26.635000,-121.9479467,37.3931742,-24.899999618530277,37.3931742,-121.9479467,-24.899999618530277
4G_LTE,-120,2147483647,-120,-12,-91,2147483647,20,66986,102,2147483647,169470393,35653,0,2147483647,[66],[FDD],"Band Number = 66, Uplink = 1710.0 - 1780.0 MHz, Downlink = 1710.0 - 1780.0 MHz ",310,410,1,1723951407635,169.346466289,2024-08-17 23:23:27.635000,-121.9479467,37.3931742,-24.899999618530277,37.3931742,-121.9479467,-24.899999618530277
4G_LTE,-126,2147483647,-126,-16,-99,2147483647,14,66986,497,2147483647,2147483647,2147483647,0,2147483647,[66],[FDD],"Band Number = 66, Uplink = 1710.0 - 1780.0 MHz, Downlink = 1710.0 - 1780.0 MHz ",Unavailable,Unavailable,0,1723951407635,169.346466289,2024-08-17 23:23:27.635000,-121.9479467,37.3931742,-24.899999618530277,37.3931742,-121.9479467,-24.899999618530277
4G_LTE,-118,2147483647,-118,-20,-89,2147483647,22,5330,471,2147483647,2147483647,2147483647,0,2147483647,[14],[FDD],"Band Number = 14, Uplink = 788.0 - 798.0 MHz, Downlink = 788.0 - 798.0 MHz ",Unavailable,Unavailable,0,1723951407635,169.346466289,2024-08-17 23:23:27.635000,-121.9479467,37.3931742,-24.899999618530277,37.3931742,-121.9479467,-24.899999618530277
4G_LTE,-121,2147483647,-121,-20,-89,2147483647,19,5330,147,2147483647,2147483647,2147483647,0,2147483647,[14],[FDD],"Band Number = 14, Uplink = 788.0 - 798.0 MHz, Downlink = 788.0 - 798.0 MHz ",Unavailable,Unavailable,0,1723951407635,169.346466289,2024-08-17 23:23:27.635000,-121.9479467,37.3931742,-24.899999618530277,37.3931742,-121.9479467,-24.899999618530277
4G_LTE,-106,2147483647,-106,-10,-87,2147483647,34,5035,87,2147483647,2147483647,2147483647,1,2147483647,[12],[FDD],"Band Number = 12, Uplink = 698.0 - 716.0 MHz, Downlink = 699.0 - 716.0 MHz ",Unavailable,Unavailable,0,1723951407635,169.346466289,2024-08-17 23:23:27.635000,-121.9479467,37.3931742,-24.899999618530277,37.3931742,-121.9479467,-24.899999618530277
4G_LTE,-117,2147483647,-117,-20,-87,2147483647,23,5035,88,2147483647,2147483647,2147483647,0,2147483647,[12],[FDD],"Band Number = 12, Uplink = 698.0 - 716.0 MHz, Downlink = 699.0 - 716.0 MHz ",Unavailable,Unavailable,0,1723951407635,169.346466289,2024-08-17 23:23:27.635000,-121.9479467,37.3931742,-24.899999618530277,37.3931742,-121.9479467,-24.899999618530277
4G_LTE,-132,2147483647,-132,-18,-103,2147483647,8,9820,192,2147483647,2147483647,2147483647,0,2147483647,[30],[FDD],"Band Number = 30, Uplink = 2305.0 - 2315.0 MHz, Downlink = 2305.0 - 2315.0 MHz ",Unavailable,Unavailable,0,1723951407635,169.346466289,2024-08-17 23:23:27.635000,-121.9479467,37.3931742,-24.899999618530277,37.3931742,-121.9479467,-24.899999618530277
4G_LTE,-120,2147483647,-120,-12,-91,2147483647,20,66986,102,2147483647,169470393,35653,0,2147483647,[66],[FDD],"Band Number = 66, Uplink = 1710.0 - 1780.0 MHz, Downlink = 1710.0 - 1780.0 MHz ",310,410,1,1723951408638,170.347715768,2024-08-17 23:23:28.638000,-121.9479467,37.3931742,-24.899999618530277,37.3931742,-121.9479467,-24.899999618530277
4G_LTE,-126,2147483647,-126,-16,-99,2147483647,14,66986,497,2147483647,2147483647,2147483647,0,2147483647,[66],[FDD],"Band Number = 66, Uplink = 1710.0 - 1780.0 MHz, Downlink = 1710.0 - 1780.0 MHz ",Unavailable,Unavailable,0,1723951408638,170.347715768,2024-08-17 23:23:28.638000,-121.9479467,37.3931742,-24.899999618530277,37.3931742,-121.9479467,-24.899999618530277
4G_LTE,-118,2147483647,-118,-20,-89,2147483647,22,5330,471,2147483647,2147483647,2147483647,0,2147483647,[14],[FDD],"Band Number = 14, Uplink = 788.0 - 798.0 MHz, Downlink = 788.0 - 798.0 MHz ",Unavailable,Unavailable,0,1723951408638,170.347715768,2024-08-17 23:23:28.638000,-121.9479467,37.3931742,-24.899999618530277,37.3931742,-121.9479467,-24.899999618530277
4G_LTE,-121,2147483647,-121,-20,-89,2147483647,19,5330,147,2147483647,2147483647,2147483647,0,2147483647,[14],[FDD],"Band Number = 14, Uplink = 788.0 - 798.0 MHz, Downlink = 788.0 - 798.0 MHz ",Unavailable,Unavailable,0,1723951408638,170.347715768,2024-08-17 23:23:28.638000,-121.9479467,37.3931742,-24.899999618530277,37.3931742,-121.9479467,-24.899999618530277
4G_LTE,-106,2147483647,-106,-10,-87,2147483647,34,5035,87,2147483647,2147483647,2147483647,1,2147483647,[12],[FDD],"Band Number = 12, Uplink = 698.0 - 716.0 MHz, Downlink = 699.0 - 716.0 MHz ",Unavailable,Unavailable,0,1723951408638,170.347715768,2024-08-17 23:23:28.638000,-121.9479467,37.3931742,-24.899999618530277,37.3931742,-121.9479467,-24.899999618530277
4G_LTE,-117,2147483647,-117,-20,-87,2147483647,23,5035,88,2147483647,2147483647,2147483647,0,2147483647,[12],[FDD],"Band Number = 12, Uplink = 698.0 - 716.0 MHz, Downlink = 699.0 - 716.0 MHz ",Unavailable,Unavailable,0,1723951408638,170.347715768,2024-08-17 23:23:28.638000,-121.9479467,37.3931742,-24.899999618530277,37.3931742,-121.9479467,-24.899999618530277
4G_LTE,-132,2147483647,-132,-18,-103,2147483647,8,9820,192,2147483647,2147483647,2147483647,0,2147483647,[30],[FDD],"Band Number = 30, Uplink = 2305.0 - 2315.0 MHz, Downlink = 2305.0 - 2315.0 MHz ",Unavailable,Unavailable,0,1723951408638,170.347715768,2024-08-17 23:23:28.638000,-121.9479467,37.3931742,-24.899999618530277,37.3931742,-121.9479467,-24.899999618530277
4G_LTE,-120,2147483647,-120,-12,-91,2147483647,20,66986,102,2147483647,169470393,35653,0,2147483647,[66],[FDD],"Band Number = 66, Uplink = 1710.0 - 1780.0 MHz, Downlink = 1710.0 - 1780.0 MHz ",310,410,1,1723951409640,171.350695664,2024-08-17 23:23:29.640000,-121.9479467,37.3931742,-24.899999618530277,37.3931742,-121.9479467,-24.899999618530277
4G_LTE,-126,2147483647,-126,-16,-99,2147483647,14,66986,497,2147483647,2147483647,2147483647,0,2147483647,[66],[FDD],"Band Number = 66, Uplink = 1710.0 - 1780.0 MHz, Downlink = 1710.0 - 1780.0 MHz ",Unavailable,Unavailable,0,1723951409640,171.350695664,2024-08-17 23:23:29.640000,-121.9479467,37.3931742,-24.899999618530277,37.3931742,-121.9479467,-24.899999618530277
4G_LTE,-118,2147483647,-118,-20,-89,2147483647,22,5330,471,2147483647,2147483647,2147483647,0,2147483647,[14],[FDD],"Band Number = 14, Uplink = 788.0 - 798.0 MHz, Downlink = 788.0 - 798.0 MHz ",Unavailable,Unavailable,0,1723951409640,171.350695664,2024-08-17 23:23:29.640000,-121.9479467,37.3931742,-24.899999618530277,37.3931742,-121.9479467,-24.899999618530277
4G_LTE,-121,2147483647,-121,-20,-89,2147483647,19,5330,147,2147483647,2147483647,2147483647,0,2147483647,[14],[FDD],"Band Number = 14, Uplink = 788.0 - 798.0 MHz, Downlink = 788.0 - 798.0 MHz ",Unavailable,Unavailable,0,1723951409640,171.350695664,2024-08-17 23:23:29.640000,-121.9479467,37.3931742,-24.899999618530277,37.3931742,-121.9479467,-24.899999618530277
4G_LTE,-106,2147483647,-106,-10,-87,2147483647,34,5035,87,2147483647,2147483647,2147483647,1,2147483647,[12],[FDD],"Band Number = 12, Uplink = 698.0 - 716.0 MHz, Downlink = 699.0 - 716.0 MHz ",Unavailable,Unavailable,0,1723951409640,171.350695664,2024-08-17 23:23:29.640000,-121.9479467,37.3931742,-24.899999618530277,37.3931742,-121.9479467,-24.899999618530277
4G_LTE,-117,2147483647,-117,-20,-87,2147483647,23,5035,88,2147483647,2147483647,2147483647,0,2147483647,[12],[FDD],"Band Number = 12, Uplink = 698.0 - 716.0 MHz, Downlink = 699.0 - 716.0 MHz ",Unavailable,Unavailable,0,1723951409640,171.350695664,2024-08-17 23:23:29.640000,-121.9479467,37.3931742,-24.899999618530277,37.3931742,-121.9479467,-24.899999618530277
4G_LTE,-132,2147483647,-132,-18,-103,2147483647,8,9820,192,2147483647,2147483647,2147483647,0,2147483647,[30],[FDD],"Band Number = 30, Uplink = 2305.0 - 2315.0 MHz, Downlink = 2305.0 - 2315.0 MHz ",Unavailable,Unavailable,0,1723951409640,171.350695664,2024-08-17 23:23:29.640000,-121.9479467,37.3931742,-24.899999618530277,37.3931742,-121.9479467,-24.899999618530277
4G_LTE,-120,2147483647,-120,-12,-91,2147483647,20,66986,102,2147483647,169470393,35653,0,2147483647,[66],[FDD],"Band Number = 66, Uplink = 1710.0 - 1780.0 MHz, Downlink = 1710.0 - 1780.0 MHz ",310,410,1,1723951410644,172.352908528,2024-08-17 23:23:30.644000,-121.9479467,37.3931742,-24.899999618530277,37.3931742,-121.9479467,-24.899999618530277
4G_LTE,-126,2147483647,-126,-16,-99,2147483647,14,66986,497,2147483647,2147483647,2147483647,0,2147483647,[66],[FDD],"Band Number = 66, Uplink = 1710.0 - 1780.0 MHz, Downlink = 1710.0 - 1780.0 MHz ",Unavailable,Unavailable,0,1723951410644,172.352908528,2024-08-17 23:23:30.644000,-121.9479467,37.3931742,-24.899999618530277,37.3931742,-121.9479467,-24.899999618530277
4G_LTE,-118,2147483647,-118,-20,-89,2147483647,22,5330,471,2147483647,2147483647,2147483647,0,2147483647,[14],[FDD],"Band Number = 14, Uplink = 788.0 - 798.0 MHz, Downlink = 788.0 - 798.0 MHz ",Unavailable,Unavailable,0,1723951410644,172.352908528,2024-08-17 23:23:30.644000,-121.9479467,37.3931742,-24.899999618530277,37.3931742,-121.9479467,-24.899999618530277
4G_LTE,-121,2147483647,-121,-20,-89,2147483647,19,5330,147,2147483647,2147483647,2147483647,0,2147483647,[14],[FDD],"Band Number = 14, Uplink = 788.0 - 798.0 MHz, Downlink = 788.0 - 798.0 MHz ",Unavailable,Unavailable,0,1723951410644,172.352908528,2024-08-17 23:23:30.644000,-121.9479467,37.3931742,-24.899999618530277,37.3931742,-121.9479467,-24.899999618530277
4G_LTE,-106,2147483647,-106,-10,-87,2147483647,34,5035,87,2147483647,2147483647,2147483647,1,2147483647,[12],[FDD],"Band Number = 12, Uplink = 698.0 - 716.0 MHz, Downlink = 699.0 - 716.0 MHz ",Unavailable,Unavailable,0,1723951410644,172.352908528,2024-08-17 23:23:30.644000,-121.9479467,37.3931742,-24.899999618530277,37.3931742,-121.9479467,-24.899999618530277
4G_LTE,-117,2147483647,-117,-20,-87,2147483647,23,5035,88,2147483647,2147483647,2147483647,0,2147483647,[12],[FDD],"Band Number = 12, Uplink = 698.0 - 716.0 MHz, Downlink = 699.0 - 716.0 MHz ",Unavailable,Unavailable,0,1723951410644,172.352908528,2024-08-17 23:23:30.644000,-121.9479467,37.3931742,-24.899999618530277,37.3931742,-121.9479467,-24.899999618530277
4G_LTE,-132,2147483647,-132,-18,-103,2147483647,8,9820,192,2147483647,2147483647,2147483647,0,2147483647,[30],[FDD],"Band Number = 30, Uplink = 2305.0 - 2315.0 MHz, Downlink = 2305.0 - 2315.0 MHz ",Unavailable,Unavailable,0,1723951410644,172.352908528,2024-08-17 23:23:30.644000,-121.9479467,37.3931742,-24.899999618530277,37.3931742,-121.9479467,-24.899999618530277
4G_LTE,-120,2147483647,-120,-12,-91,2147483647,20,66986,102,2147483647,169470393,35653,0,2147483647,[66],[FDD],"Band Number = 66, Uplink = 1710.0 - 1780.0 MHz, Downlink = 1710.0 - 1780.0 MHz ",310,410,1,1723951411654,173.36397858,2024-08-17 23:23:31.654000,-121.9479467,37.3931742,-24.899999618530277,37.3931742,-121.9479467,-24.899999618530277
4G_LTE,-126,2147483647,-126,-16,-99,2147483647,14,66986,497,2147483647,2147483647,2147483647,0,2147483647,[66],[FDD],"Band Number = 66, Uplink = 1710.0 - 1780.0 MHz, Downlink = 1710.0 - 1780.0 MHz ",Unavailable,Unavailable,0,1723951411654,173.36397858,2024-08-17 23:23:31.654000,-121.9479467,37.3931742,-24.899999618530277,37.3931742,-121.9479467,-24.899999618530277
4G_LTE,-118,2147483647,-118,-20,-89,2147483647,22,5330,471,2147483647,2147483647,2147483647,0,2147483647,[14],[FDD],"Band Number = 14, Uplink = 788.0 - 798.0 MHz, Downlink = 788.0 - 798.0 MHz ",Unavailable,Unavailable,0,1723951411654,173.36397858,2024-08-17 23:23:31.654000,-121.9479467,37.3931742,-24.899999618530277,37.3931742,-121.9479467,-24.899999618530277
4G_LTE,-121,2147483647,-121,-20,-89,2147483647,19,5330,147,2147483647,2147483647,2147483647,0,2147483647,[14],[FDD],"Band Number = 14, Uplink = 788.0 - 798.0 MHz, Downlink = 788.0 - 798.0 MHz ",Unavailable,Unavailable,0,1723951411654,173.36397858,2024-08-17 23:23:31.654000,-121.9479467,37.3931742,-24.899999618530277,37.3931742,-121.9479467,-24.899999618530277
4G_LTE,-106,2147483647,-106,-10,-87,2147483647,34,5035,87,2147483647,2147483647,2147483647,1,2147483647,[12],[FDD],"Band Number = 12, Uplink = 698.0 - 716.0 MHz, Downlink = 699.0 - 716.0 MHz ",Unavailable,Unavailable,0,1723951411654,173.36397858,2024-08-17 23:23:31.654000,-121.9479467,37.3931742,-24.899999618530277,37.3931742,-121.9479467,-24.899999618530277
4G_LTE,-117,2147483647,-117,-20,-87,2147483647,23,5035,88,2147483647,2147483647,2147483647,0,2147483647,[12],[FDD],"Band Number = 12, Uplink = 698.0 - 716.0 MHz, Downlink = 699.0 - 716.0 MHz ",Unavailable,Unavailable,0,1723951411654,173.36397858,2024-08-17 23:23:31.654000,-121.9479467,37.3931742,-24.899999618530277,37.3931742,-121.9479467,-24.899999618530277
4G_LTE,-132,2147483647,-132,-18,-103,2147483647,8,9820,192,2147483647,2147483647,2147483647,0,2147483647,[30],[FDD],"Band Number = 30, Uplink = 2305.0 - 2315.0 MHz, Downlink = 2305.0 - 2315.0 MHz ",Unavailable,Unavailable,0,1723951411654,173.36397858,2024-08-17 23:23:31.654000,-121.9479467,37.3931742,-24.899999618530277,37.3931742,-121.9479467,-24.899999618530277
4G_LTE,-120,2147483647,-120,-12,-91,2147483647,20,66986,102,2147483647,169470393,35653,0,2147483647,[66],[FDD],"Band Number = 66, Uplink = 1710.0 - 1780.0 MHz, Downlink = 1710.0 - 1780.0 MHz ",310,410,1,1723951412659,174.368011965,2024-08-17 23:23:32.659000,-121.9479467,37.3931742,-24.899999618530277,37.3931742,-121.9479467,-24.899999618530277
4G_LTE,-126,2147483647,-126,-16,-99,2147483647,14,66986,497,2147483647,2147483647,2147483647,0,2147483647,[66],[FDD],"Band Number = 66, Uplink = 1710.0 - 1780.0 MHz, Downlink = 1710.0 - 1780.0 MHz ",Unavailable,Unavailable,0,1723951412659,174.368011965,2024-08-17 23:23:32.659000,-121.9479467,37.3931742,-24.899999618530277,37.3931742,-121.9479467,-24.899999618530277
4G_LTE,-118,2147483647,-118,-20,-89,2147483647,22,5330,471,2147483647,2147483647,2147483647,0,2147483647,[14],[FDD],"Band Number = 14, Uplink = 788.0 - 798.0 MHz, Downlink = 788.0 - 798.0 MHz ",Unavailable,Unavailable,0,1723951412659,174.368011965,2024-08-17 23:23:32.659000,-121.9479467,37.3931742,-24.899999618530277,37.3931742,-121.9479467,-24.899999618530277
4G_LTE,-121,2147483647,-121,-20,-89,2147483647,19,5330,147,2147483647,2147483647,2147483647,0,2147483647,[14],[FDD],"Band Number = 14, Uplink = 788.0 - 798.0 MHz, Downlink = 788.0 - 798.0 MHz ",Unavailable,Unavailable,0,1723951412659,174.368011965,2024-08-17 23:23:32.659000,-121.9479467,37.3931742,-24.899999618530277,37.3931742,-121.9479467,-24.899999618530277
4G_LTE,-106,2147483647,-106,-10,-87,2147483647,34,5035,87,2147483647,2147483647,2147483647,1,2147483647,[12],[FDD],"Band Number = 12, Uplink = 698.0 - 716.0 MHz, Downlink = 699.0 - 716.0 MHz ",Unavailable,Unavailable,0,1723951412659,174.368011965,2024-08-17 23:23:32.659000,-121.9479467,37.3931742,-24.899999618530277,37.3931742,-121.9479467,-24.899999618530277
4G_LTE,-117,2147483647,-117,-20,-87,2147483647,23,5035,88,2147483647,2147483647,2147483647,0,2147483647,[12],[FDD],"Band Number = 12, Uplink = 698.0 - 716.0 MHz, Downlink = 699.0 - 716.0 MHz ",Unavailable,Unavailable,0,1723951412659,174.368011965,2024-08-17 23:23:32.659000,-121.9479467,37.3931742,-24.899999618530277,37.3931742,-121.9479467,-24.899999618530277
4G_LTE,-132,2147483647,-132,-18,-103,2147483647,8,9820,192,2147483647,2147483647,2147483647,0,2147483647,[30],[FDD],"Band Number = 30, Uplink = 2305.0 - 2315.0 MHz, Downlink = 2305.0 - 2315.0 MHz ",Unavailable,Unavailable,0,1723951412659,174.368011965,2024-08-17 23:23:32.659000,-121.9479467,37.3931742,-24.899999618530277,37.3931742,-121.9479467,-24.899999618530277
4G_LTE,-120,2147483647,-120,-12,-91,2147483647,20,66986,102,2147483647,169470393,35653,0,2147483647,[66],[FDD],"Band Number = 66, Uplink = 1710.0 - 1780.0 MHz, Downlink = 1710.0 - 1780.0 MHz ",310,410,1,1723951413657,175.368875662,2024-08-17 23:23:33.657000,-121.9479467,37.3931742,-24.899999618530277,37.3931742,-121.9479467,-24.899999618530277
4G_LTE,-126,2147483647,-126,-16,-99,2147483647,14,66986,497,2147483647,2147483647,2147483647,0,2147483647,[66],[FDD],"Band Number = 66, Uplink = 1710.0 - 1780.0 MHz, Downlink = 1710.0 - 1780.0 MHz ",Unavailable,Unavailable,0,1723951413657,175.368875662,2024-08-17 23:23:33.657000,-121.9479467,37.3931742,-24.899999618530277,37.3931742,-121.9479467,-24.899999618530277
4G_LTE,-118,2147483647,-118,-20,-89,2147483647,22,5330,471,2147483647,2147483647,2147483647,0,2147483647,[14],[FDD],"Band Number = 14, Uplink = 788.0 - 798.0 MHz, Downlink = 788.0 - 798.0 MHz ",Unavailable,Unavailable,0,1723951413657,175.368875662,2024-08-17 23:23:33.657000,-121.9479467,37.3931742,-24.899999618530277,37.3931742,-121.9479467,-24.899999618530277
4G_LTE,-121,2147483647,-121,-20,-89,2147483647,19,5330,147,2147483647,2147483647,2147483647,0,2147483647,[14],[FDD],"Band Number = 14, Uplink = 788.0 - 798.0 MHz, Downlink = 788.0 - 798.0 MHz ",Unavailable,Unavailable,0,1723951413657,175.368875662,2024-08-17 23:23:33.657000,-121.9479467,37.3931742,-24.899999618530277,37.3931742,-121.9479467,-24.899999618530277
4G_LTE,-106,2147483647,-106,-10,-87,2147483647,34,5035,87,2147483647,2147483647,2147483647,1,2147483647,[12],[FDD],"Band Number = 12, Uplink = 698.0 - 716.0 MHz, Downlink = 699.0 - 716.0 MHz ",Unavailable,Unavailable,0,1723951413657,175.368875662,2024-08-17 23:23:33.657000,-121.9479467,37.3931742,-24.899999618530277,37.3931742,-121.9479467,-24.899999618530277
4G_LTE,-117,2147483647,-117,-20,-87,2147483647,23,5035,88,2147483647,2147483647,2147483647,0,2147483647,[12],[FDD],"Band Number = 12, Uplink = 698.0 - 716.0 MHz, Downlink = 699.0 - 716.0 MHz ",Unavailable,Unavailable,0,1723951413657,175.368875662,2024-08-17 23:23:33.657000,-121.9479467,37.3931742,-24.899999618530277,37.3931742,-121.9479467,-24.899999618530277
4G_LTE,-132,2147483647,-132,-18,-103,2147483647,8,9820,192,2147483647,2147483647,2147483647,0,2147483647,[30],[FDD],"Band Number = 30, Uplink = 2305.0 - 2315.0 MHz, Downlink = 2305.0 - 2315.0 MHz ",Unavailable,Unavailable,0,1723951413657,175.368875662,2024-08-17 23:23:33.657000,-121.9479467,37.3931742,-24.899999618530277,37.3931742,-121.9479467,-24.899999618530277
4G_LTE,-120,2147483647,-120,-12,-91,2147483647,20,66986,102,2147483647,169470393,35653,0,2147483647,[66],[FDD],"Band Number = 66, Uplink = 1710.0 - 1780.0 MHz, Downlink = 1710.0 - 1780.0 MHz ",310,410,1,1723951414662,176.372201026,2024-08-17 23:23:34.662000,-121.9479467,37.3931742,-24.899999618530277,37.3931742,-121.9479467,-24.899999618530277
4G_LTE,-126,2147483647,-126,-16,-99,2147483647,14,66986,497,2147483647,2147483647,2147483647,0,2147483647,[66],[FDD],"Band Number = 66, Uplink = 1710.0 - 1780.0 MHz, Downlink = 1710.0 - 1780.0 MHz ",Unavailable,Unavailable,0,1723951414662,176.372201026,2024-08-17 23:23:34.662000,-121.9479467,37.3931742,-24.899999618530277,37.3931742,-121.9479467,-24.899999618530277
4G_LTE,-118,2147483647,-118,-20,-89,2147483647,22,5330,471,2147483647,2147483647,2147483647,0,2147483647,[14],[FDD],"Band Number = 14, Uplink = 788.0 - 798.0 MHz, Downlink = 788.0 - 798.0 MHz ",Unavailable,Unavailable,0,1723951414662,176.372201026,2024-08-17 23:23:34.662000,-121.9479467,37.3931742,-24.899999618530277,37.3931742,-121.9479467,-24.899999618530277
4G_LTE,-121,2147483647,-121,-20,-89,2147483647,19,5330,147,2147483647,2147483647,2147483647,0,2147483647,[14],[FDD],"Band Number = 14, Uplink = 788.0 - 798.0 MHz, Downlink = 788.0 - 798.0 MHz ",Unavailable,Unavailable,0,1723951414662,176.372201026,2024-08-17 23:23:34.662000,-121.9479467,37.3931742,-24.899999618530277,37.3931742,-121.9479467,-24.899999618530277
4G_LTE,-106,2147483647,-106,-10,-87,2147483647,34,5035,87,2147483647,2147483647,2147483647,1,2147483647,[12],[FDD],"Band Number = 12, Uplink = 698.0 - 716.0 MHz, Downlink = 699.0 - 716.0 MHz ",Unavailable,Unavailable,0,1723951414662,176.372201026,2024-08-17 23:23:34.662000,-121.9479467,37.3931742,-24.899999618530277,37.3931742,-121.9479467,-24.899999618530277
4G_LTE,-117,2147483647,-117,-20,-87,2147483647,23,5035,88,2147483647,2147483647,2147483647,0,2147483647,[12],[FDD],"Band Number = 12, Uplink = 698.0 - 716.0 MHz, Downlink = 699.0 - 716.0 MHz ",Unavailable,Unavailable,0,1723951414662,176.372201026,2024-08-17 23:23:34.662000,-121.9479467,37.3931742,-24.899999618530277,37.3931742,-121.9479467,-24.899999618530277
4G_LTE,-132,2147483647,-132,-18,-103,2147483647,8,9820,192,2147483647,2147483647,2147483647,0,2147483647,[30],[FDD],"Band Number = 30, Uplink = 2305.0 - 2315.0 MHz, Downlink = 2305.0 - 2315.0 MHz ",Unavailable,Unavailable,0,1723951414662,176.372201026,2024-08-17 23:23:34.662000,-121.9479467,37.3931742,-24.899999618530277,37.3931742,-121.9479467,-24.899999618530277
4G_LTE,-120,2147483647,-120,-12,-91,2147483647,20,66986,102,2147483647,169470393,35653,0,2147483647,[66],[FDD],"Band Number = 66, Uplink = 1710.0 - 1780.0 MHz, Downlink = 1710.0 - 1780.0 MHz ",310,410,1,1723951415661,177.372747484,2024-08-17 23:23:35.661000,-121.9479467,37.3931742,-24.899999618530277,37.3931742,-121.9479467,-24.899999618530277
4G_LTE,-126,2147483647,-126,-16,-99,2147483647,14,66986,497,2147483647,2147483647,2147483647,0,2147483647,[66],[FDD],"Band Number = 66, Uplink = 1710.0 - 1780.0 MHz, Downlink = 1710.0 - 1780.0 MHz ",Unavailable,Unavailable,0,1723951415661,177.372747484,2024-08-17 23:23:35.661000,-121.9479467,37.3931742,-24.899999618530277,37.3931742,-121.9479467,-24.899999618530277
4G_LTE,-118,2147483647,-118,-20,-89,2147483647,22,5330,471,2147483647,2147483647,2147483647,0,2147483647,[14],[FDD],"Band Number = 14, Uplink = 788.0 - 798.0 MHz, Downlink = 788.0 - 798.0 MHz ",Unavailable,Unavailable,0,1723951415661,177.372747484,2024-08-17 23:23:35.661000,-121.9479467,37.3931742,-24.899999618530277,37.3931742,-121.9479467,-24.899999618530277
4G_LTE,-121,2147483647,-121,-20,-89,2147483647,19,5330,147,2147483647,2147483647,2147483647,0,2147483647,[14],[FDD],"Band Number = 14, Uplink = 788.0 - 798.0 MHz, Downlink = 788.0 - 798.0 MHz ",Unavailable,Unavailable,0,1723951415661,177.372747484,2024-08-17 23:23:35.661000,-121.9479467,37.3931742,-24.899999618530277,37.3931742,-121.9479467,-24.899999618530277
4G_LTE,-106,2147483647,-106,-10,-87,2147483647,34,5035,87,2147483647,2147483647,2147483647,1,2147483647,[12],[FDD],"Band Number = 12, Uplink = 698.0 - 716.0 MHz, Downlink = 699.0 - 716.0 MHz ",Unavailable,Unavailable,0,1723951415661,177.372747484,2024-08-17 23:23:35.661000,-121.9479467,37.3931742,-24.899999618530277,37.3931742,-121.9479467,-24.899999618530277
4G_LTE,-117,2147483647,-117,-20,-87,2147483647,23,5035,88,2147483647,2147483647,2147483647,0,2147483647,[12],[FDD],"Band Number = 12, Uplink = 698.0 - 716.0 MHz, Downlink = 699.0 - 716.0 MHz ",Unavailable,Unavailable,0,1723951415661,177.372747484,2024-08-17 23:23:35.661000,-121.9479467,37.3931742,-24.899999618530277,37.3931742,-121.9479467,-24.899999618530277
4G_LTE,-132,2147483647,-132,-18,-103,2147483647,8,9820,192,2147483647,2147483647,2147483647,0,2147483647,[30],[FDD],"Band Number = 30, Uplink = 2305.0 - 2315.0 MHz, Downlink = 2305.0 - 2315.0 MHz ",Unavailable,Unavailable,0,1723951415661,177.372747484,2024-08-17 23:23:35.661000,-121.9479467,37.3931742,-24.899999618530277,37.3931742,-121.9479467,-24.899999618530277
4G_LTE,-121,2147483647,-121,-13,-89,2147483647,19,66986,102,2147483647,169470393,35653,0,2147483647,[66],[FDD],"Band Number = 66, Uplink = 1710.0 - 1780.0 MHz, Downlink = 1710.0 - 1780.0 MHz ",310,410,1,1723951416664,178.373322015,2024-08-17 23:23:36.664000,-121.9479467,37.3931742,-24.899999618530277,37.3931742,-121.9479467,-24.899999618530277
4G_LTE,-113,2147483647,-113,-15,-89,2147483647,27,5330,471,2147483647,2147483647,2147483647,1,2147483647,[14],[FDD],"Band Number = 14, Uplink = 788.0 - 798.0 MHz, Downlink = 788.0 - 798.0 MHz ",Unavailable,Unavailable,0,1723951416664,178.373322015,2024-08-17 23:23:36.664000,-121.9479467,37.3931742,-24.899999618530277,37.3931742,-121.9479467,-24.899999618530277
4G_LTE,-120,2147483647,-120,-20,-89,2147483647,20,5330,147,2147483647,2147483647,2147483647,0,2147483647,[14],[FDD],"Band Number = 14, Uplink = 788.0 - 798.0 MHz, Downlink = 788.0 - 798.0 MHz ",Unavailable,Unavailable,0,1723951416664,178.373322015,2024-08-17 23:23:36.664000,-121.9479467,37.3931742,-24.899999618530277,37.3931742,-121.9479467,-24.899999618530277
4G_LTE,-102,2147483647,-102,-11,-83,2147483647,38,5035,87,2147483647,2147483647,2147483647,2,2147483647,[12],[FDD],"Band Number = 12, Uplink = 698.0 - 716.0 MHz, Downlink = 699.0 - 716.0 MHz ",Unavailable,Unavailable,0,1723951416664,178.373322015,2024-08-17 23:23:36.664000,-121.9479467,37.3931742,-24.899999618530277,37.3931742,-121.9479467,-24.899999618530277
4G_LTE,-114,2147483647,-114,-16,-83,2147483647,26,5035,88,2147483647,2147483647,2147483647,1,2147483647,[12],[FDD],"Band Number = 12, Uplink = 698.0 - 716.0 MHz, Downlink = 699.0 - 716.0 MHz ",Unavailable,Unavailable,0,1723951416664,178.373322015,2024-08-17 23:23:36.664000,-121.9479467,37.3931742,-24.899999618530277,37.3931742,-121.9479467,-24.899999618530277
4G_LTE,-131,2147483647,-131,-17,-105,2147483647,9,9820,192,2147483647,2147483647,2147483647,0,2147483647,[30],[FDD],"Band Number = 30, Uplink = 2305.0 - 2315.0 MHz, Downlink = 2305.0 - 2315.0 MHz ",Unavailable,Unavailable,0,1723951416664,178.373322015,2024-08-17 23:23:36.664000,-121.9479467,37.3931742,-24.899999618530277,37.3931742,-121.9479467,-24.899999618530277
4G_LTE,-121,2147483647,-121,-13,-89,2147483647,19,66986,102,2147483647,169470393,35653,0,2147483647,[66],[FDD],"Band Number = 66, Uplink = 1710.0 - 1780.0 MHz, Downlink = 1710.0 - 1780.0 MHz ",310,410,1,1723951417670,179.378962431,2024-08-17 23:23:37.670000,-121.9479393,37.3931587,-23.600000381469727,37.3931587,-121.9479393,-23.600000381469727
4G_LTE,-113,2147483647,-113,-15,-89,2147483647,27,5330,471,2147483647,2147483647,2147483647,1,2147483647,[14],[FDD],"Band Number = 14, Uplink = 788.0 - 798.0 MHz, Downlink = 788.0 - 798.0 MHz ",Unavailable,Unavailable,0,1723951417670,179.378962431,2024-08-17 23:23:37.670000,-121.9479393,37.3931587,-23.600000381469727,37.3931587,-121.9479393,-23.600000381469727
4G_LTE,-120,2147483647,-120,-20,-89,2147483647,20,5330,147,2147483647,2147483647,2147483647,0,2147483647,[14],[FDD],"Band Number = 14, Uplink = 788.0 - 798.0 MHz, Downlink = 788.0 - 798.0 MHz ",Unavailable,Unavailable,0,1723951417670,179.378962431,2024-08-17 23:23:37.670000,-121.9479393,37.3931587,-23.600000381469727,37.3931587,-121.9479393,-23.600000381469727
4G_LTE,-102,2147483647,-102,-11,-83,2147483647,38,5035,87,2147483647,2147483647,2147483647,2,2147483647,[12],[FDD],"Band Number = 12, Uplink = 698.0 - 716.0 MHz, Downlink = 699.0 - 716.0 MHz ",Unavailable,Unavailable,0,1723951417670,179.378962431,2024-08-17 23:23:37.670000,-121.9479393,37.3931587,-23.600000381469727,37.3931587,-121.9479393,-23.600000381469727
4G_LTE,-114,2147483647,-114,-16,-83,2147483647,26,5035,88,2147483647,2147483647,2147483647,1,2147483647,[12],[FDD],"Band Number = 12, Uplink = 698.0 - 716.0 MHz, Downlink = 699.0 - 716.0 MHz ",Unavailable,Unavailable,0,1723951417670,179.378962431,2024-08-17 23:23:37.670000,-121.9479393,37.3931587,-23.600000381469727,37.3931587,-121.9479393,-23.600000381469727
4G_LTE,-131,2147483647,-131,-17,-105,2147483647,9,9820,192,2147483647,2147483647,2147483647,0,2147483647,[30],[FDD],"Band Number = 30, Uplink = 2305.0 - 2315.0 MHz, Downlink = 2305.0 - 2315.0 MHz ",Unavailable,Unavailable,0,1723951417670,179.378962431,2024-08-17 23:23:37.670000,-121.9479393,37.3931587,-23.600000381469727,37.3931587,-121.9479393,-23.600000381469727
4G_LTE,-121,2147483647,-121,-13,-89,2147483647,19,66986,102,2147483647,169470393,35653,0,2147483647,[66],[FDD],"Band Number = 66, Uplink = 1710.0 - 1780.0 MHz, Downlink = 1710.0 - 1780.0 MHz ",310,410,1,1723951418672,180.383177952,2024-08-17 23:23:38.672000,-121.9479393,37.3931587,-23.600000381469727,37.3931587,-121.9479393,-23.600000381469727
4G_LTE,-113,2147483647,-113,-15,-89,2147483647,27,5330,471,2147483647,2147483647,2147483647,1,2147483647,[14],[FDD],"Band Number = 14, Uplink = 788.0 - 798.0 MHz, Downlink = 788.0 - 798.0 MHz ",Unavailable,Unavailable,0,1723951418672,180.383177952,2024-08-17 23:23:38.672000,-121.9479393,37.3931587,-23.600000381469727,37.3931587,-121.9479393,-23.600000381469727
4G_LTE,-120,2147483647,-120,-20,-89,2147483647,20,5330,147,2147483647,2147483647,2147483647,0,2147483647,[14],[FDD],"Band Number = 14, Uplink = 788.0 - 798.0 MHz, Downlink = 788.0 - 798.0 MHz ",Unavailable,Unavailable,0,1723951418672,180.383177952,2024-08-17 23:23:38.672000,-121.9479393,37.3931587,-23.600000381469727,37.3931587,-121.9479393,-23.600000381469727
4G_LTE,-102,2147483647,-102,-11,-83,2147483647,38,5035,87,2147483647,2147483647,2147483647,2,2147483647,[12],[FDD],"Band Number = 12, Uplink = 698.0 - 716.0 MHz, Downlink = 699.0 - 716.0 MHz ",Unavailable,Unavailable,0,1723951418672,180.383177952,2024-08-17 23:23:38.672000,-121.9479393,37.3931587,-23.600000381469727,37.3931587,-121.9479393,-23.600000381469727
4G_LTE,-114,2147483647,-114,-16,-83,2147483647,26,5035,88,2147483647,2147483647,2147483647,1,2147483647,[12],[FDD],"Band Number = 12, Uplink = 698.0 - 716.0 MHz, Downlink = 699.0 - 716.0 MHz ",Unavailable,Unavailable,0,1723951418672,180.383177952,2024-08-17 23:23:38.672000,-121.9479393,37.3931587,-23.600000381469727,37.3931587,-121.9479393,-23.600000381469727
4G_LTE,-131,2147483647,-131,-17,-105,2147483647,9,9820,192,2147483647,2147483647,2147483647,0,2147483647,[30],[FDD],"Band Number = 30, Uplink = 2305.0 - 2315.0 MHz, Downlink = 2305.0 - 2315.0 MHz ",Unavailable,Unavailable,0,1723951418672,180.383177952,2024-08-17 23:23:38.672000,-121.9479393,37.3931587,-23.600000381469727,37.3931587,-121.9479393,-23.600000381469727
4G_LTE,-121,2147483647,-121,-13,-89,2147483647,19,66986,102,2147483647,169470393,35653,0,2147483647,[66],[FDD],"Band Number = 66, Uplink = 1710.0 - 1780.0 MHz, Downlink = 1710.0 - 1780.0 MHz ",310,410,1,1723951419673,181.384830764,2024-08-17 23:23:39.673000,-121.9479393,37.3931587,-23.600000381469727,37.3931587,-121.9479393,-23.600000381469727
4G_LTE,-113,2147483647,-113,-15,-89,2147483647,27,5330,471,2147483647,2147483647,2147483647,1,2147483647,[14],[FDD],"Band Number = 14, Uplink = 788.0 - 798.0 MHz, Downlink = 788.0 - 798.0 MHz ",Unavailable,Unavailable,0,1723951419673,181.384830764,2024-08-17 23:23:39.673000,-121.9479393,37.3931587,-23.600000381469727,37.3931587,-121.9479393,-23.600000381469727
4G_LTE,-120,2147483647,-120,-20,-89,2147483647,20,5330,147,2147483647,2147483647,2147483647,0,2147483647,[14],[FDD],"Band Number = 14, Uplink = 788.0 - 798.0 MHz, Downlink = 788.0 - 798.0 MHz ",Unavailable,Unavailable,0,1723951419673,181.384830764,2024-08-17 23:23:39.673000,-121.9479393,37.3931587,-23.600000381469727,37.3931587,-121.9479393,-23.600000381469727
4G_LTE,-102,2147483647,-102,-11,-83,2147483647,38,5035,87,2147483647,2147483647,2147483647,2,2147483647,[12],[FDD],"Band Number = 12, Uplink = 698.0 - 716.0 MHz, Downlink = 699.0 - 716.0 MHz ",Unavailable,Unavailable,0,1723951419673,181.384830764,2024-08-17 23:23:39.673000,-121.9479393,37.3931587,-23.600000381469727,37.3931587,-121.9479393,-23.600000381469727
4G_LTE,-114,2147483647,-114,-16,-83,2147483647,26,5035,88,2147483647,2147483647,2147483647,1,2147483647,[12],[FDD],"Band Number = 12, Uplink = 698.0 - 716.0 MHz, Downlink = 699.0 - 716.0 MHz ",Unavailable,Unavailable,0,1723951419673,181.384830764,2024-08-17 23:23:39.673000,-121.9479393,37.3931587,-23.600000381469727,37.3931587,-121.9479393,-23.600000381469727
4G_LTE,-131,2147483647,-131,-17,-105,2147483647,9,9820,192,2147483647,2147483647,2147483647,0,2147483647,[30],[FDD],"Band Number = 30, Uplink = 2305.0 - 2315.0 MHz, Downlink = 2305.0 - 2315.0 MHz ",Unavailable,Unavailable,0,1723951419673,181.384830764,2024-08-17 23:23:39.673000,-121.9479393,37.3931587,-23.600000381469727,37.3931587,-121.9479393,-23.600000381469727
4G_LTE,-121,2147483647,-121,-13,-89,2147483647,19,66986,102,2147483647,169470393,35653,0,2147483647,[66],[FDD],"Band Number = 66, Uplink = 1710.0 - 1780.0 MHz, Downlink = 1710.0 - 1780.0 MHz ",310,410,1,1723951420673,182.385119305,2024-08-17 23:23:40.673000,-121.9479393,37.3931587,-23.600000381469727,37.3931587,-121.9479393,-23.600000381469727
4G_LTE,-113,2147483647,-113,-15,-89,2147483647,27,5330,471,2147483647,2147483647,2147483647,1,2147483647,[14],[FDD],"Band Number = 14, Uplink = 788.0 - 798.0 MHz, Downlink = 788.0 - 798.0 MHz ",Unavailable,Unavailable,0,1723951420673,182.385119305,2024-08-17 23:23:40.673000,-121.9479393,37.3931587,-23.600000381469727,37.3931587,-121.9479393,-23.600000381469727
4G_LTE,-120,2147483647,-120,-20,-89,2147483647,20,5330,147,2147483647,2147483647,2147483647,0,2147483647,[14],[FDD],"Band Number = 14, Uplink = 788.0 - 798.0 MHz, Downlink = 788.0 - 798.0 MHz ",Unavailable,Unavailable,0,1723951420673,182.385119305,2024-08-17 23:23:40.673000,-121.9479393,37.3931587,-23.600000381469727,37.3931587,-121.9479393,-23.600000381469727
4G_LTE,-102,2147483647,-102,-11,-83,2147483647,38,5035,87,2147483647,2147483647,2147483647,2,2147483647,[12],[FDD],"Band Number = 12, Uplink = 698.0 - 716.0 MHz, Downlink = 699.0 - 716.0 MHz ",Unavailable,Unavailable,0,1723951420673,182.385119305,2024-08-17 23:23:40.673000,-121.9479393,37.3931587,-23.600000381469727,37.3931587,-121.9479393,-23.600000381469727
4G_LTE,-114,2147483647,-114,-16,-83,2147483647,26,5035,88,2147483647,2147483647,2147483647,1,2147483647,[12],[FDD],"Band Number = 12, Uplink = 698.0 - 716.0 MHz, Downlink = 699.0 - 716.0 MHz ",Unavailable,Unavailable,0,1723951420673,182.385119305,2024-08-17 23:23:40.673000,-121.9479393,37.3931587,-23.600000381469727,37.3931587,-121.9479393,-23.600000381469727
4G_LTE,-131,2147483647,-131,-17,-105,2147483647,9,9820,192,2147483647,2147483647,2147483647,0,2147483647,[30],[FDD],"Band Number = 30, Uplink = 2305.0 - 2315.0 MHz, Downlink = 2305.0 - 2315.0 MHz ",Unavailable,Unavailable,0,1723951420673,182.385119305,2024-08-17 23:23:40.673000,-121.9479393,37.3931587,-23.600000381469727,37.3931587,-121.9479393,-23.600000381469727
4G_LTE,-121,2147483647,-121,-13,-89,2147483647,19,66986,102,2147483647,169470393,35653,0,2147483647,[66],[FDD],"Band Number = 66, Uplink = 1710.0 - 1780.0 MHz, Downlink = 1710.0 - 1780.0 MHz ",310,410,1,1723951421675,183.383480867,2024-08-17 23:23:41.675000,-121.9479393,37.3931587,-23.600000381469727,37.3931587,-121.9479393,-23.600000381469727
4G_LTE,-113,2147483647,-113,-15,-89,2147483647,27,5330,471,2147483647,2147483647,2147483647,1,2147483647,[14],[FDD],"Band Number = 14, Uplink = 788.0 - 798.0 MHz, Downlink = 788.0 - 798.0 MHz ",Unavailable,Unavailable,0,1723951421675,183.383480867,2024-08-17 23:23:41.675000,-121.9479393,37.3931587,-23.600000381469727,37.3931587,-121.9479393,-23.600000381469727
4G_LTE,-120,2147483647,-120,-20,-89,2147483647,20,5330,147,2147483647,2147483647,2147483647,0,2147483647,[14],[FDD],"Band Number = 14, Uplink = 788.0 - 798.0 MHz, Downlink = 788.0 - 798.0 MHz ",Unavailable,Unavailable,0,1723951421675,183.383480867,2024-08-17 23:23:41.675000,-121.9479393,37.3931587,-23.600000381469727,37.3931587,-121.9479393,-23.600000381469727
4G_LTE,-102,2147483647,-102,-11,-83,2147483647,38,5035,87,2147483647,2147483647,2147483647,2,2147483647,[12],[FDD],"Band Number = 12, Uplink = 698.0 - 716.0 MHz, Downlink = 699.0 - 716.0 MHz ",Unavailable,Unavailable,0,1723951421675,183.383480867,2024-08-17 23:23:41.675000,-121.9479393,37.3931587,-23.600000381469727,37.3931587,-121.9479393,-23.600000381469727
4G_LTE,-114,2147483647,-114,-16,-83,2147483647,26,5035,88,2147483647,2147483647,2147483647,1,2147483647,[12],[FDD],"Band Number = 12, Uplink = 698.0 - 716.0 MHz, Downlink = 699.0 - 716.0 MHz ",Unavailable,Unavailable,0,1723951421675,183.383480867,2024-08-17 23:23:41.675000,-121.9479393,37.3931587,-23.600000381469727,37.3931587,-121.9479393,-23.600000381469727
4G_LTE,-131,2147483647,-131,-17,-105,2147483647,9,9820,192,2147483647,2147483647,2147483647,0,2147483647,[30],[FDD],"Band Number = 30, Uplink = 2305.0 - 2315.0 MHz, Downlink = 2305.0 - 2315.0 MHz ",Unavailable,Unavailable,0,1723951421675,183.383480867,2024-08-17 23:23:41.675000,-121.9479393,37.3931587,-23.600000381469727,37.3931587,-121.9479393,-23.600000381469727
4G_LTE,-121,2147483647,-121,-13,-89,2147483647,19,66986,102,2147483647,169470393,35653,0,2147483647,[66],[FDD],"Band Number = 66, Uplink = 1710.0 - 1780.0 MHz, Downlink = 1710.0 - 1780.0 MHz ",310,410,1,1723951422685,184.397642898,2024-08-17 23:23:42.685000,-121.9479393,37.3931587,-23.600000381469727,37.3931587,-121.9479393,-23.600000381469727
4G_LTE,-113,2147483647,-113,-15,-89,2147483647,27,5330,471,2147483647,2147483647,2147483647,1,2147483647,[14],[FDD],"Band Number = 14, Uplink = 788.0 - 798.0 MHz, Downlink = 788.0 - 798.0 MHz ",Unavailable,Unavailable,0,1723951422685,184.397642898,2024-08-17 23:23:42.685000,-121.9479393,37.3931587,-23.600000381469727,37.3931587,-121.9479393,-23.600000381469727
4G_LTE,-120,2147483647,-120,-20,-89,2147483647,20,5330,147,2147483647,2147483647,2147483647,0,2147483647,[14],[FDD],"Band Number = 14, Uplink = 788.0 - 798.0 MHz, Downlink = 788.0 - 798.0 MHz ",Unavailable,Unavailable,0,1723951422685,184.397642898,2024-08-17 23:23:42.685000,-121.9479393,37.3931587,-23.600000381469727,37.3931587,-121.9479393,-23.600000381469727
4G_LTE,-102,2147483647,-102,-11,-83,2147483647,38,5035,87,2147483647,2147483647,2147483647,2,2147483647,[12],[FDD],"Band Number = 12, Uplink = 698.0 - 716.0 MHz, Downlink = 699.0 - 716.0 MHz ",Unavailable,Unavailable,0,1723951422685,184.397642898,2024-08-17 23:23:42.685000,-121.9479393,37.3931587,-23.600000381469727,37.3931587,-121.9479393,-23.600000381469727
4G_LTE,-114,2147483647,-114,-16,-83,2147483647,26,5035,88,2147483647,2147483647,2147483647,1,2147483647,[12],[FDD],"Band Number = 12, Uplink = 698.0 - 716.0 MHz, Downlink = 699.0 - 716.0 MHz ",Unavailable,Unavailable,0,1723951422685,184.397642898,2024-08-17 23:23:42.685000,-121.9479393,37.3931587,-23.600000381469727,37.3931587,-121.9479393,-23.600000381469727
4G_LTE,-131,2147483647,-131,-17,-105,2147483647,9,9820,192,2147483647,2147483647,2147483647,0,2147483647,[30],[FDD],"Band Number = 30, Uplink = 2305.0 - 2315.0 MHz, Downlink = 2305.0 - 2315.0 MHz ",Unavailable,Unavailable,0,1723951422685,184.397642898,2024-08-17 23:23:42.685000,-121.9479393,37.3931587,-23.600000381469727,37.3931587,-121.9479393,-23.600000381469727
4G_LTE,-121,2147483647,-121,-13,-89,2147483647,19,66986,102,2147483647,169470393,35653,0,2147483647,[66],[FDD],"Band Number = 66, Uplink = 1710.0 - 1780.0 MHz, Downlink = 1710.0 - 1780.0 MHz ",310,410,1,1723951423712,185.416007325,2024-08-17 23:23:43.712000,-121.9479393,37.3931587,-23.600000381469727,37.3931587,-121.9479393,-23.600000381469727
4G_LTE,-113,2147483647,-113,-15,-89,2147483647,27,5330,471,2147483647,2147483647,2147483647,1,2147483647,[14],[FDD],"Band Number = 14, Uplink = 788.0 - 798.0 MHz, Downlink = 788.0 - 798.0 MHz ",Unavailable,Unavailable,0,1723951423712,185.416007325,2024-08-17 23:23:43.712000,-121.9479393,37.3931587,-23.600000381469727,37.3931587,-121.9479393,-23.600000381469727
4G_LTE,-120,2147483647,-120,-20,-89,2147483647,20,5330,147,2147483647,2147483647,2147483647,0,2147483647,[14],[FDD],"Band Number = 14, Uplink = 788.0 - 798.0 MHz, Downlink = 788.0 - 798.0 MHz ",Unavailable,Unavailable,0,1723951423712,185.416007325,2024-08-17 23:23:43.712000,-121.9479393,37.3931587,-23.600000381469727,37.3931587,-121.9479393,-23.600000381469727
4G_LTE,-102,2147483647,-102,-11,-83,2147483647,38,5035,87,2147483647,2147483647,2147483647,2,2147483647,[12],[FDD],"Band Number = 12, Uplink = 698.0 - 716.0 MHz, Downlink = 699.0 - 716.0 MHz ",Unavailable,Unavailable,0,1723951423712,185.416007325,2024-08-17 23:23:43.712000,-121.9479393,37.3931587,-23.600000381469727,37.3931587,-121.9479393,-23.600000381469727
4G_LTE,-114,2147483647,-114,-16,-83,2147483647,26,5035,88,2147483647,2147483647,2147483647,1,2147483647,[12],[FDD],"Band Number = 12, Uplink = 698.0 - 716.0 MHz, Downlink = 699.0 - 716.0 MHz ",Unavailable,Unavailable,0,1723951423712,185.416007325,2024-08-17 23:23:43.712000,-121.9479393,37.3931587,-23.600000381469727,37.3931587,-121.9479393,-23.600000381469727
4G_LTE,-131,2147483647,-131,-17,-105,2147483647,9,9820,192,2147483647,2147483647,2147483647,0,2147483647,[30],[FDD],"Band Number = 30, Uplink = 2305.0 - 2315.0 MHz, Downlink = 2305.0 - 2315.0 MHz ",Unavailable,Unavailable,0,1723951423712,185.416007325,2024-08-17 23:23:43.712000,-121.9479393,37.3931587,-23.600000381469727,37.3931587,-121.9479393,-23.600000381469727
4G_LTE,-121,2147483647,-121,-13,-89,2147483647,19,66986,102,2147483647,169470393,35653,0,2147483647,[66],[FDD],"Band Number = 66, Uplink = 1710.0 - 1780.0 MHz, Downlink = 1710.0 - 1780.0 MHz ",310,410,1,1723951424706,186.414689877,2024-08-17 23:23:44.706000,-121.9479393,37.3931587,-23.600000381469727,37.3931587,-121.9479393,-23.600000381469727
4G_LTE,-113,2147483647,-113,-15,-89,2147483647,27,5330,471,2147483647,2147483647,2147483647,1,2147483647,[14],[FDD],"Band Number = 14, Uplink = 788.0 - 798.0 MHz, Downlink = 788.0 - 798.0 MHz ",Unavailable,Unavailable,0,1723951424706,186.414689877,2024-08-17 23:23:44.706000,-121.9479393,37.3931587,-23.600000381469727,37.3931587,-121.9479393,-23.600000381469727
4G_LTE,-120,2147483647,-120,-20,-89,2147483647,20,5330,147,2147483647,2147483647,2147483647,0,2147483647,[14],[FDD],"Band Number = 14, Uplink = 788.0 - 798.0 MHz, Downlink = 788.0 - 798.0 MHz ",Unavailable,Unavailable,0,1723951424706,186.414689877,2024-08-17 23:23:44.706000,-121.9479393,37.3931587,-23.600000381469727,37.3931587,-121.9479393,-23.600000381469727
4G_LTE,-102,2147483647,-102,-11,-83,2147483647,38,5035,87,2147483647,2147483647,2147483647,2,2147483647,[12],[FDD],"Band Number = 12, Uplink = 698.0 - 716.0 MHz, Downlink = 699.0 - 716.0 MHz ",Unavailable,Unavailable,0,1723951424706,186.414689877,2024-08-17 23:23:44.706000,-121.9479393,37.3931587,-23.600000381469727,37.3931587,-121.9479393,-23.600000381469727
4G_LTE,-114,2147483647,-114,-16,-83,2147483647,26,5035,88,2147483647,2147483647,2147483647,1,2147483647,[12],[FDD],"Band Number = 12, Uplink = 698.0 - 716.0 MHz, Downlink = 699.0 - 716.0 MHz ",Unavailable,Unavailable,0,1723951424706,186.414689877,2024-08-17 23:23:44.706000,-121.9479393,37.3931587,-23.600000381469727,37.3931587,-121.9479393,-23.600000381469727
4G_LTE,-131,2147483647,-131,-17,-105,2147483647,9,9820,192,2147483647,2147483647,2147483647,0,2147483647,[30],[FDD],"Band Number = 30, Uplink = 2305.0 - 2315.0 MHz, Downlink = 2305.0 - 2315.0 MHz ",Unavailable,Unavailable,0,1723951424706,186.414689877,2024-08-17 23:23:44.706000,-121.9479393,37.3931587,-23.600000381469727,37.3931587,-121.9479393,-23.600000381469727
4G_LTE,-121,2147483647,-121,-13,-89,2147483647,19,66986,102,2147483647,169470393,35653,0,2147483647,[66],[FDD],"Band Number = 66, Uplink = 1710.0 - 1780.0 MHz, Downlink = 1710.0 - 1780.0 MHz ",310,410,1,1723951425701,187.413435397,2024-08-17 23:23:45.701000,-121.9479393,37.3931587,-23.600000381469727,37.3931587,-121.9479393,-23.600000381469727
4G_LTE,-113,2147483647,-113,-15,-89,2147483647,27,5330,471,2147483647,2147483647,2147483647,1,2147483647,[14],[FDD],"Band Number = 14, Uplink = 788.0 - 798.0 MHz, Downlink = 788.0 - 798.0 MHz ",Unavailable,Unavailable,0,1723951425701,187.413435397,2024-08-17 23:23:45.701000,-121.9479393,37.3931587,-23.600000381469727,37.3931587,-121.9479393,-23.600000381469727
4G_LTE,-120,2147483647,-120,-20,-89,2147483647,20,5330,147,2147483647,2147483647,2147483647,0,2147483647,[14],[FDD],"Band Number = 14, Uplink = 788.0 - 798.0 MHz, Downlink = 788.0 - 798.0 MHz ",Unavailable,Unavailable,0,1723951425701,187.413435397,2024-08-17 23:23:45.701000,-121.9479393,37.3931587,-23.600000381469727,37.3931587,-121.9479393,-23.600000381469727
4G_LTE,-102,2147483647,-102,-11,-83,2147483647,38,5035,87,2147483647,2147483647,2147483647,2,2147483647,[12],[FDD],"Band Number = 12, Uplink = 698.0 - 716.0 MHz, Downlink = 699.0 - 716.0 MHz ",Unavailable,Unavailable,0,1723951425701,187.413435397,2024-08-17 23:23:45.701000,-121.9479393,37.3931587,-23.600000381469727,37.3931587,-121.9479393,-23.600000381469727
4G_LTE,-114,2147483647,-114,-16,-83,2147483647,26,5035,88,2147483647,2147483647,2147483647,1,2147483647,[12],[FDD],"Band Number = 12, Uplink = 698.0 - 716.0 MHz, Downlink = 699.0 - 716.0 MHz ",Unavailable,Unavailable,0,1723951425701,187.413435397,2024-08-17 23:23:45.701000,-121.9479393,37.3931587,-23.600000381469727,37.3931587,-121.9479393,-23.600000381469727
4G_LTE,-131,2147483647,-131,-17,-105,2147483647,9,9820,192,2147483647,2147483647,2147483647,0,2147483647,[30],[FDD],"Band Number = 30, Uplink = 2305.0 - 2315.0 MHz, Downlink = 2305.0 - 2315.0 MHz ",Unavailable,Unavailable,0,1723951425701,187.413435397,2024-08-17 23:23:45.701000,-121.9479393,37.3931587,-23.600000381469727,37.3931587,-121.9479393,-23.600000381469727
4G_LTE,-123,2147483647,-123,-15,-89,2147483647,17,66986,102,2147483647,169470393,35653,0,2147483647,[66],[FDD],"Band Number = 66, Uplink = 1710.0 - 1780.0 MHz, Downlink = 1710.0 - 1780.0 MHz ",310,410,1,1723951426704,188.416821543,2024-08-17 23:23:46.704000,-121.9479393,37.3931587,-23.600000381469727,37.3931587,-121.9479393,-23.600000381469727
4G_LTE,-117,2147483647,-117,-13,-95,2147483647,23,5330,471,2147483647,2147483647,2147483647,0,2147483647,[14],[FDD],"Band Number = 14, Uplink = 788.0 - 798.0 MHz, Downlink = 788.0 - 798.0 MHz ",Unavailable,Unavailable,0,1723951426704,188.416821543,2024-08-17 23:23:46.704000,-121.9479393,37.3931587,-23.600000381469727,37.3931587,-121.9479393,-23.600000381469727
4G_LTE,-122,2147483647,-122,-18,-95,2147483647,18,5330,147,2147483647,2147483647,2147483647,0,2147483647,[14],[FDD],"Band Number = 14, Uplink = 788.0 - 798.0 MHz, Downlink = 788.0 - 798.0 MHz ",Unavailable,Unavailable,0,1723951426704,188.416821543,2024-08-17 23:23:46.704000,-121.9479393,37.3931587,-23.600000381469727,37.3931587,-121.9479393,-23.600000381469727
4G_LTE,-104,2147483647,-104,-11,-85,2147483647,36,5035,87,2147483647,2147483647,2147483647,2,2147483647,[12],[FDD],"Band Number = 12, Uplink = 698.0 - 716.0 MHz, Downlink = 699.0 - 716.0 MHz ",Unavailable,Unavailable,0,1723951426704,188.416821543,2024-08-17 23:23:46.704000,-121.9479393,37.3931587,-23.600000381469727,37.3931587,-121.9479393,-23.600000381469727
4G_LTE,-114,2147483647,-114,-20,-85,2147483647,26,5035,88,2147483647,2147483647,2147483647,1,2147483647,[12],[FDD],"Band Number = 12, Uplink = 698.0 - 716.0 MHz, Downlink = 699.0 - 716.0 MHz ",Unavailable,Unavailable,0,1723951426704,188.416821543,2024-08-17 23:23:46.704000,-121.9479393,37.3931587,-23.600000381469727,37.3931587,-121.9479393,-23.600000381469727
4G_LTE,-130,2147483647,-130,-18,-103,2147483647,10,9820,192,2147483647,2147483647,2147483647,0,2147483647,[30],[FDD],"Band Number = 30, Uplink = 2305.0 - 2315.0 MHz, Downlink = 2305.0 - 2315.0 MHz ",Unavailable,Unavailable,0,1723951426704,188.416821543,2024-08-17 23:23:46.704000,-121.9479393,37.3931587,-23.600000381469727,37.3931587,-121.9479393,-23.600000381469727
4G_LTE,-123,2147483647,-123,-15,-89,2147483647,17,66986,102,2147483647,169470393,35653,0,2147483647,[66],[FDD],"Band Number = 66, Uplink = 1710.0 - 1780.0 MHz, Downlink = 1710.0 - 1780.0 MHz ",310,410,1,1723951427722,189.432382376,2024-08-17 23:23:47.722000,-121.9479393,37.3931587,-23.600000381469727,37.3931587,-121.9479393,-23.600000381469727
4G_LTE,-117,2147483647,-117,-13,-95,2147483647,23,5330,471,2147483647,2147483647,2147483647,0,2147483647,[14],[FDD],"Band Number = 14, Uplink = 788.0 - 798.0 MHz, Downlink = 788.0 - 798.0 MHz ",Unavailable,Unavailable,0,1723951427722,189.432382376,2024-08-17 23:23:47.722000,-121.9479393,37.3931587,-23.600000381469727,37.3931587,-121.9479393,-23.600000381469727
4G_LTE,-122,2147483647,-122,-18,-95,2147483647,18,5330,147,2147483647,2147483647,2147483647,0,2147483647,[14],[FDD],"Band Number = 14, Uplink = 788.0 - 798.0 MHz, Downlink = 788.0 - 798.0 MHz ",Unavailable,Unavailable,0,1723951427722,189.432382376,2024-08-17 23:23:47.722000,-121.9479393,37.3931587,-23.600000381469727,37.3931587,-121.9479393,-23.600000381469727
4G_LTE,-104,2147483647,-104,-11,-85,2147483647,36,5035,87,2147483647,2147483647,2147483647,2,2147483647,[12],[FDD],"Band Number = 12, Uplink = 698.0 - 716.0 MHz, Downlink = 699.0 - 716.0 MHz ",Unavailable,Unavailable,0,1723951427722,189.432382376,2024-08-17 23:23:47.722000,-121.9479393,37.3931587,-23.600000381469727,37.3931587,-121.9479393,-23.600000381469727
4G_LTE,-114,2147483647,-114,-20,-85,2147483647,26,5035,88,2147483647,2147483647,2147483647,1,2147483647,[12],[FDD],"Band Number = 12, Uplink = 698.0 - 716.0 MHz, Downlink = 699.0 - 716.0 MHz ",Unavailable,Unavailable,0,1723951427722,189.432382376,2024-08-17 23:23:47.722000,-121.9479393,37.3931587,-23.600000381469727,37.3931587,-121.9479393,-23.600000381469727
4G_LTE,-130,2147483647,-130,-18,-103,2147483647,10,9820,192,2147483647,2147483647,2147483647,0,2147483647,[30],[FDD],"Band Number = 30, Uplink = 2305.0 - 2315.0 MHz, Downlink = 2305.0 - 2315.0 MHz ",Unavailable,Unavailable,0,1723951427722,189.432382376,2024-08-17 23:23:47.722000,-121.9479393,37.3931587,-23.600000381469727,37.3931587,-121.9479393,-23.600000381469727
4G_LTE,-123,2147483647,-123,-15,-89,2147483647,17,66986,102,2147483647,169470393,35653,0,2147483647,[66],[FDD],"Band Number = 66, Uplink = 1710.0 - 1780.0 MHz, Downlink = 1710.0 - 1780.0 MHz ",310,410,1,1723951428724,190.436275344,2024-08-17 23:23:48.724000,-121.9479393,37.3931587,-23.600000381469727,37.3931587,-121.9479393,-23.600000381469727
4G_LTE,-117,2147483647,-117,-13,-95,2147483647,23,5330,471,2147483647,2147483647,2147483647,0,2147483647,[14],[FDD],"Band Number = 14, Uplink = 788.0 - 798.0 MHz, Downlink = 788.0 - 798.0 MHz ",Unavailable,Unavailable,0,1723951428724,190.436275344,2024-08-17 23:23:48.724000,-121.9479393,37.3931587,-23.600000381469727,37.3931587,-121.9479393,-23.600000381469727
4G_LTE,-122,2147483647,-122,-18,-95,2147483647,18,5330,147,2147483647,2147483647,2147483647,0,2147483647,[14],[FDD],"Band Number = 14, Uplink = 788.0 - 798.0 MHz, Downlink = 788.0 - 798.0 MHz ",Unavailable,Unavailable,0,1723951428724,190.436275344,2024-08-17 23:23:48.724000,-121.9479393,37.3931587,-23.600000381469727,37.3931587,-121.9479393,-23.600000381469727
4G_LTE,-104,2147483647,-104,-11,-85,2147483647,36,5035,87,2147483647,2147483647,2147483647,2,2147483647,[12],[FDD],"Band Number = 12, Uplink = 698.0 - 716.0 MHz, Downlink = 699.0 - 716.0 MHz ",Unavailable,Unavailable,0,1723951428724,190.436275344,2024-08-17 23:23:48.724000,-121.9479393,37.3931587,-23.600000381469727,37.3931587,-121.9479393,-23.600000381469727
4G_LTE,-114,2147483647,-114,-20,-85,2147483647,26,5035,88,2147483647,2147483647,2147483647,1,2147483647,[12],[FDD],"Band Number = 12, Uplink = 698.0 - 716.0 MHz, Downlink = 699.0 - 716.0 MHz ",Unavailable,Unavailable,0,1723951428724,190.436275344,2024-08-17 23:23:48.724000,-121.9479393,37.3931587,-23.600000381469727,37.3931587,-121.9479393,-23.600000381469727
4G_LTE,-130,2147483647,-130,-18,-103,2147483647,10,9820,192,2147483647,2147483647,2147483647,0,2147483647,[30],[FDD],"Band Number = 30, Uplink = 2305.0 - 2315.0 MHz, Downlink = 2305.0 - 2315.0 MHz ",Unavailable,Unavailable,0,1723951428724,190.436275344,2024-08-17 23:23:48.724000,-121.9479393,37.3931587,-23.600000381469727,37.3931587,-121.9479393,-23.600000381469727
4G_LTE,-123,2147483647,-123,-15,-89,2147483647,17,66986,102,2147483647,169470393,35653,0,2147483647,[66],[FDD],"Band Number = 66, Uplink = 1710.0 - 1780.0 MHz, Downlink = 1710.0 - 1780.0 MHz ",310,410,1,1723951429727,191.439521177,2024-08-17 23:23:49.727000,-121.9479393,37.3931587,-23.600000381469727,37.3931587,-121.9479393,-23.600000381469727
4G_LTE,-117,2147483647,-117,-13,-95,2147483647,23,5330,471,2147483647,2147483647,2147483647,0,2147483647,[14],[FDD],"Band Number = 14, Uplink = 788.0 - 798.0 MHz, Downlink = 788.0 - 798.0 MHz ",Unavailable,Unavailable,0,1723951429727,191.439521177,2024-08-17 23:23:49.727000,-121.9479393,37.3931587,-23.600000381469727,37.3931587,-121.9479393,-23.600000381469727
4G_LTE,-122,2147483647,-122,-18,-95,2147483647,18,5330,147,2147483647,2147483647,2147483647,0,2147483647,[14],[FDD],"Band Number = 14, Uplink = 788.0 - 798.0 MHz, Downlink = 788.0 - 798.0 MHz ",Unavailable,Unavailable,0,1723951429727,191.439521177,2024-08-17 23:23:49.727000,-121.9479393,37.3931587,-23.600000381469727,37.3931587,-121.9479393,-23.600000381469727
4G_LTE,-104,2147483647,-104,-11,-85,2147483647,36,5035,87,2147483647,2147483647,2147483647,2,2147483647,[12],[FDD],"Band Number = 12, Uplink = 698.0 - 716.0 MHz, Downlink = 699.0 - 716.0 MHz ",Unavailable,Unavailable,0,1723951429727,191.439521177,2024-08-17 23:23:49.727000,-121.9479393,37.3931587,-23.600000381469727,37.3931587,-121.9479393,-23.600000381469727
4G_LTE,-114,2147483647,-114,-20,-85,2147483647,26,5035,88,2147483647,2147483647,2147483647,1,2147483647,[12],[FDD],"Band Number = 12, Uplink = 698.0 - 716.0 MHz, Downlink = 699.0 - 716.0 MHz ",Unavailable,Unavailable,0,1723951429727,191.439521177,2024-08-17 23:23:49.727000,-121.9479393,37.3931587,-23.600000381469727,37.3931587,-121.9479393,-23.600000381469727
4G_LTE,-130,2147483647,-130,-18,-103,2147483647,10,9820,192,2147483647,2147483647,2147483647,0,2147483647,[30],[FDD],"Band Number = 30, Uplink = 2305.0 - 2315.0 MHz, Downlink = 2305.0 - 2315.0 MHz ",Unavailable,Unavailable,0,1723951429727,191.439521177,2024-08-17 23:23:49.727000,-121.9479393,37.3931587,-23.600000381469727,37.3931587,-121.9479393,-23.600000381469727
4G_LTE,-123,2147483647,-123,-15,-89,2147483647,17,66986,102,2147483647,169470393,35653,0,2147483647,[66],[FDD],"Band Number = 66, Uplink = 1710.0 - 1780.0 MHz, Downlink = 1710.0 - 1780.0 MHz ",310,410,1,1723951430727,192.438206906,2024-08-17 23:23:50.727000,-121.9479393,37.3931587,-23.600000381469727,37.3931587,-121.9479393,-23.600000381469727
4G_LTE,-117,2147483647,-117,-13,-95,2147483647,23,5330,471,2147483647,2147483647,2147483647,0,2147483647,[14],[FDD],"Band Number = 14, Uplink = 788.0 - 798.0 MHz, Downlink = 788.0 - 798.0 MHz ",Unavailable,Unavailable,0,1723951430727,192.438206906,2024-08-17 23:23:50.727000,-121.9479393,37.3931587,-23.600000381469727,37.3931587,-121.9479393,-23.600000381469727
4G_LTE,-122,2147483647,-122,-18,-95,2147483647,18,5330,147,2147483647,2147483647,2147483647,0,2147483647,[14],[FDD],"Band Number = 14, Uplink = 788.0 - 798.0 MHz, Downlink = 788.0 - 798.0 MHz ",Unavailable,Unavailable,0,1723951430727,192.438206906,2024-08-17 23:23:50.727000,-121.9479393,37.3931587,-23.600000381469727,37.3931587,-121.9479393,-23.600000381469727
4G_LTE,-104,2147483647,-104,-11,-85,2147483647,36,5035,87,2147483647,2147483647,2147483647,2,2147483647,[12],[FDD],"Band Number = 12, Uplink = 698.0 - 716.0 MHz, Downlink = 699.0 - 716.0 MHz ",Unavailable,Unavailable,0,1723951430727,192.438206906,2024-08-17 23:23:50.727000,-121.9479393,37.3931587,-23.600000381469727,37.3931587,-121.9479393,-23.600000381469727
4G_LTE,-114,2147483647,-114,-20,-85,2147483647,26,5035,88,2147483647,2147483647,2147483647,1,2147483647,[12],[FDD],"Band Number = 12, Uplink = 698.0 - 716.0 MHz, Downlink = 699.0 - 716.0 MHz ",Unavailable,Unavailable,0,1723951430727,192.438206906,2024-08-17 23:23:50.727000,-121.9479393,37.3931587,-23.600000381469727,37.3931587,-121.9479393,-23.600000381469727
4G_LTE,-130,2147483647,-130,-18,-103,2147483647,10,9820,192,2147483647,2147483647,2147483647,0,2147483647,[30],[FDD],"Band Number = 30, Uplink = 2305.0 - 2315.0 MHz, Downlink = 2305.0 - 2315.0 MHz ",Unavailable,Unavailable,0,1723951430727,192.438206906,2024-08-17 23:23:50.727000,-121.9479393,37.3931587,-23.600000381469727,37.3931587,-121.9479393,-23.600000381469727
4G_LTE,-123,2147483647,-123,-15,-89,2147483647,17,66986,102,2147483647,169470393,35653,0,2147483647,[66],[FDD],"Band Number = 66, Uplink = 1710.0 - 1780.0 MHz, Downlink = 1710.0 - 1780.0 MHz ",310,410,1,1723951431740,193.451908728,2024-08-17 23:23:51.740000,-121.9479393,37.3931587,-23.600000381469727,37.3931587,-121.9479393,-23.600000381469727
4G_LTE,-117,2147483647,-117,-13,-95,2147483647,23,5330,471,2147483647,2147483647,2147483647,0,2147483647,[14],[FDD],"Band Number = 14, Uplink = 788.0 - 798.0 MHz, Downlink = 788.0 - 798.0 MHz ",Unavailable,Unavailable,0,1723951431740,193.451908728,2024-08-17 23:23:51.740000,-121.9479393,37.3931587,-23.600000381469727,37.3931587,-121.9479393,-23.600000381469727
4G_LTE,-122,2147483647,-122,-18,-95,2147483647,18,5330,147,2147483647,2147483647,2147483647,0,2147483647,[14],[FDD],"Band Number = 14, Uplink = 788.0 - 798.0 MHz, Downlink = 788.0 - 798.0 MHz ",Unavailable,Unavailable,0,1723951431740,193.451908728,2024-08-17 23:23:51.740000,-121.9479393,37.3931587,-23.600000381469727,37.3931587,-121.9479393,-23.600000381469727
4G_LTE,-104,2147483647,-104,-11,-85,2147483647,36,5035,87,2147483647,2147483647,2147483647,2,2147483647,[12],[FDD],"Band Number = 12, Uplink = 698.0 - 716.0 MHz, Downlink = 699.0 - 716.0 MHz ",Unavailable,Unavailable,0,1723951431740,193.451908728,2024-08-17 23:23:51.740000,-121.9479393,37.3931587,-23.600000381469727,37.3931587,-121.9479393,-23.600000381469727
4G_LTE,-114,2147483647,-114,-20,-85,2147483647,26,5035,88,2147483647,2147483647,2147483647,1,2147483647,[12],[FDD],"Band Number = 12, Uplink = 698.0 - 716.0 MHz, Downlink = 699.0 - 716.0 MHz ",Unavailable,Unavailable,0,1723951431740,193.451908728,2024-08-17 23:23:51.740000,-121.9479393,37.3931587,-23.600000381469727,37.3931587,-121.9479393,-23.600000381469727
4G_LTE,-130,2147483647,-130,-18,-103,2147483647,10,9820,192,2147483647,2147483647,2147483647,0,2147483647,[30],[FDD],"Band Number = 30, Uplink = 2305.0 - 2315.0 MHz, Downlink = 2305.0 - 2315.0 MHz ",Unavailable,Unavailable,0,1723951431740,193.451908728,2024-08-17 23:23:51.740000,-121.9479393,37.3931587,-23.600000381469727,37.3931587,-121.9479393,-23.600000381469727
4G_LTE,-123,2147483647,-123,-15,-89,2147483647,17,66986,102,2147483647,169470393,35653,0,2147483647,[66],[FDD],"Band Number = 66, Uplink = 1710.0 - 1780.0 MHz, Downlink = 1710.0 - 1780.0 MHz ",310,410,1,1723951432741,194.452942165,2024-08-17 23:23:52.741000,-121.9479393,37.3931587,-23.600000381469727,37.3931587,-121.9479393,-23.600000381469727
4G_LTE,-117,2147483647,-117,-13,-95,2147483647,23,5330,471,2147483647,2147483647,2147483647,0,2147483647,[14],[FDD],"Band Number = 14, Uplink = 788.0 - 798.0 MHz, Downlink = 788.0 - 798.0 MHz ",Unavailable,Unavailable,0,1723951432741,194.452942165,2024-08-17 23:23:52.741000,-121.9479393,37.3931587,-23.600000381469727,37.3931587,-121.9479393,-23.600000381469727
4G_LTE,-122,2147483647,-122,-18,-95,2147483647,18,5330,147,2147483647,2147483647,2147483647,0,2147483647,[14],[FDD],"Band Number = 14, Uplink = 788.0 - 798.0 MHz, Downlink = 788.0 - 798.0 MHz ",Unavailable,Unavailable,0,1723951432741,194.452942165,2024-08-17 23:23:52.741000,-121.9479393,37.3931587,-23.600000381469727,37.3931587,-121.9479393,-23.600000381469727
4G_LTE,-104,2147483647,-104,-11,-85,2147483647,36,5035,87,2147483647,2147483647,2147483647,2,2147483647,[12],[FDD],"Band Number = 12, Uplink = 698.0 - 716.0 MHz, Downlink = 699.0 - 716.0 MHz ",Unavailable,Unavailable,0,1723951432741,194.452942165,2024-08-17 23:23:52.741000,-121.9479393,37.3931587,-23.600000381469727,37.3931587,-121.9479393,-23.600000381469727
4G_LTE,-114,2147483647,-114,-20,-85,2147483647,26,5035,88,2147483647,2147483647,2147483647,1,2147483647,[12],[FDD],"Band Number = 12, Uplink = 698.0 - 716.0 MHz, Downlink = 699.0 - 716.0 MHz ",Unavailable,Unavailable,0,1723951432741,194.452942165,2024-08-17 23:23:52.741000,-121.9479393,37.3931587,-23.600000381469727,37.3931587,-121.9479393,-23.600000381469727
4G_LTE,-130,2147483647,-130,-18,-103,2147483647,10,9820,192,2147483647,2147483647,2147483647,0,2147483647,[30],[FDD],"Band Number = 30, Uplink = 2305.0 - 2315.0 MHz, Downlink = 2305.0 - 2315.0 MHz ",Unavailable,Unavailable,0,1723951432741,194.452942165,2024-08-17 23:23:52.741000,-121.9479393,37.3931587,-23.600000381469727,37.3931587,-121.9479393,-23.600000381469727
4G_LTE,-123,2147483647,-123,-15,-89,2147483647,17,66986,102,2147483647,169470393,35653,0,2147483647,[66],[FDD],"Band Number = 66, Uplink = 1710.0 - 1780.0 MHz, Downlink = 1710.0 - 1780.0 MHz ",310,410,1,1723951433740,195.451676279,2024-08-17 23:23:53.740000,-121.9479393,37.3931587,-23.600000381469727,37.3931587,-121.9479393,-23.600000381469727
4G_LTE,-117,2147483647,-117,-13,-95,2147483647,23,5330,471,2147483647,2147483647,2147483647,0,2147483647,[14],[FDD],"Band Number = 14, Uplink = 788.0 - 798.0 MHz, Downlink = 788.0 - 798.0 MHz ",Unavailable,Unavailable,0,1723951433740,195.451676279,2024-08-17 23:23:53.740000,-121.9479393,37.3931587,-23.600000381469727,37.3931587,-121.9479393,-23.600000381469727
4G_LTE,-122,2147483647,-122,-18,-95,2147483647,18,5330,147,2147483647,2147483647,2147483647,0,2147483647,[14],[FDD],"Band Number = 14, Uplink = 788.0 - 798.0 MHz, Downlink = 788.0 - 798.0 MHz ",Unavailable,Unavailable,0,1723951433740,195.451676279,2024-08-17 23:23:53.740000,-121.9479393,37.3931587,-23.600000381469727,37.3931587,-121.9479393,-23.600000381469727
4G_LTE,-104,2147483647,-104,-11,-85,2147483647,36,5035,87,2147483647,2147483647,2147483647,2,2147483647,[12],[FDD],"Band Number = 12, Uplink = 698.0 - 716.0 MHz, Downlink = 699.0 - 716.0 MHz ",Unavailable,Unavailable,0,1723951433740,195.451676279,2024-08-17 23:23:53.740000,-121.9479393,37.3931587,-23.600000381469727,37.3931587,-121.9479393,-23.600000381469727
4G_LTE,-114,2147483647,-114,-20,-85,2147483647,26,5035,88,2147483647,2147483647,2147483647,1,2147483647,[12],[FDD],"Band Number = 12, Uplink = 698.0 - 716.0 MHz, Downlink = 699.0 - 716.0 MHz ",Unavailable,Unavailable,0,1723951433740,195.451676279,2024-08-17 23:23:53.740000,-121.9479393,37.3931587,-23.600000381469727,37.3931587,-121.9479393,-23.600000381469727
4G_LTE,-130,2147483647,-130,-18,-103,2147483647,10,9820,192,2147483647,2147483647,2147483647,0,2147483647,[30],[FDD],"Band Number = 30, Uplink = 2305.0 - 2315.0 MHz, Downlink = 2305.0 - 2315.0 MHz ",Unavailable,Unavailable,0,1723951433740,195.451676279,2024-08-17 23:23:53.740000,-121.9479393,37.3931587,-23.600000381469727,37.3931587,-121.9479393,-23.600000381469727
4G_LTE,-123,2147483647,-123,-15,-89,2147483647,17,66986,102,2147483647,169470393,35653,0,2147483647,[66],[FDD],"Band Number = 66, Uplink = 1710.0 - 1780.0 MHz, Downlink = 1710.0 - 1780.0 MHz ",310,410,1,1723951434742,196.453880081,2024-08-17 23:23:54.742000,-121.9479393,37.3931587,-23.600000381469727,37.3931587,-121.9479393,-23.600000381469727
4G_LTE,-117,2147483647,-117,-13,-95,2147483647,23,5330,471,2147483647,2147483647,2147483647,0,2147483647,[14],[FDD],"Band Number = 14, Uplink = 788.0 - 798.0 MHz, Downlink = 788.0 - 798.0 MHz ",Unavailable,Unavailable,0,1723951434742,196.453880081,2024-08-17 23:23:54.742000,-121.9479393,37.3931587,-23.600000381469727,37.3931587,-121.9479393,-23.600000381469727
4G_LTE,-122,2147483647,-122,-18,-95,2147483647,18,5330,147,2147483647,2147483647,2147483647,0,2147483647,[14],[FDD],"Band Number = 14, Uplink = 788.0 - 798.0 MHz, Downlink = 788.0 - 798.0 MHz ",Unavailable,Unavailable,0,1723951434742,196.453880081,2024-08-17 23:23:54.742000,-121.9479393,37.3931587,-23.600000381469727,37.3931587,-121.9479393,-23.600000381469727
4G_LTE,-104,2147483647,-104,-11,-85,2147483647,36,5035,87,2147483647,2147483647,2147483647,2,2147483647,[12],[FDD],"Band Number = 12, Uplink = 698.0 - 716.0 MHz, Downlink = 699.0 - 716.0 MHz ",Unavailable,Unavailable,0,1723951434742,196.453880081,2024-08-17 23:23:54.742000,-121.9479393,37.3931587,-23.600000381469727,37.3931587,-121.9479393,-23.600000381469727
4G_LTE,-114,2147483647,-114,-20,-85,2147483647,26,5035,88,2147483647,2147483647,2147483647,1,2147483647,[12],[FDD],"Band Number = 12, Uplink = 698.0 - 716.0 MHz, Downlink = 699.0 - 716.0 MHz ",Unavailable,Unavailable,0,1723951434742,196.453880081,2024-08-17 23:23:54.742000,-121.9479393,37.3931587,-23.600000381469727,37.3931587,-121.9479393,-23.600000381469727
4G_LTE,-130,2147483647,-130,-18,-103,2147483647,10,9820,192,2147483647,2147483647,2147483647,0,2147483647,[30],[FDD],"Band Number = 30, Uplink = 2305.0 - 2315.0 MHz, Downlink = 2305.0 - 2315.0 MHz ",Unavailable,Unavailable,0,1723951434742,196.453880081,2024-08-17 23:23:54.742000,-121.9479393,37.3931587,-23.600000381469727,37.3931587,-121.9479393,-23.600000381469727
4G_LTE,-123,2147483647,-123,-15,-89,2147483647,17,66986,102,2147483647,169470393,35653,0,2147483647,[66],[FDD],"Band Number = 66, Uplink = 1710.0 - 1780.0 MHz, Downlink = 1710.0 - 1780.0 MHz ",310,410,1,1723951435744,197.455735862,2024-08-17 23:23:55.744000,-121.9479393,37.3931587,-23.600000381469727,37.3931587,-121.9479393,-23.600000381469727
4G_LTE,-117,2147483647,-117,-13,-95,2147483647,23,5330,471,2147483647,2147483647,2147483647,0,2147483647,[14],[FDD],"Band Number = 14, Uplink = 788.0 - 798.0 MHz, Downlink = 788.0 - 798.0 MHz ",Unavailable,Unavailable,0,1723951435744,197.455735862,2024-08-17 23:23:55.744000,-121.9479393,37.3931587,-23.600000381469727,37.3931587,-121.9479393,-23.600000381469727
4G_LTE,-122,2147483647,-122,-18,-95,2147483647,18,5330,147,2147483647,2147483647,2147483647,0,2147483647,[14],[FDD],"Band Number = 14, Uplink = 788.0 - 798.0 MHz, Downlink = 788.0 - 798.0 MHz ",Unavailable,Unavailable,0,1723951435744,197.455735862,2024-08-17 23:23:55.744000,-121.9479393,37.3931587,-23.600000381469727,37.3931587,-121.9479393,-23.600000381469727
4G_LTE,-104,2147483647,-104,-11,-85,2147483647,36,5035,87,2147483647,2147483647,2147483647,2,2147483647,[12],[FDD],"Band Number = 12, Uplink = 698.0 - 716.0 MHz, Downlink = 699.0 - 716.0 MHz ",Unavailable,Unavailable,0,1723951435744,197.455735862,2024-08-17 23:23:55.744000,-121.9479393,37.3931587,-23.600000381469727,37.3931587,-121.9479393,-23.600000381469727
4G_LTE,-114,2147483647,-114,-20,-85,2147483647,26,5035,88,2147483647,2147483647,2147483647,1,2147483647,[12],[FDD],"Band Number = 12, Uplink = 698.0 - 716.0 MHz, Downlink = 699.0 - 716.0 MHz ",Unavailable,Unavailable,0,1723951435744,197.455735862,2024-08-17 23:23:55.744000,-121.9479393,37.3931587,-23.600000381469727,37.3931587,-121.9479393,-23.600000381469727
4G_LTE,-130,2147483647,-130,-18,-103,2147483647,10,9820,192,2147483647,2147483647,2147483647,0,2147483647,[30],[FDD],"Band Number = 30, Uplink = 2305.0 - 2315.0 MHz, Downlink = 2305.0 - 2315.0 MHz ",Unavailable,Unavailable,0,1723951435744,197.455735862,2024-08-17 23:23:55.744000,-121.9479393,37.3931587,-23.600000381469727,37.3931587,-121.9479393,-23.600000381469727
4G_LTE,-116,2147483647,-116,-10,-87,2147483647,24,66986,102,2147483647,169470393,35653,0,2147483647,[66],[FDD],"Band Number = 66, Uplink = 1710.0 - 1780.0 MHz, Downlink = 1710.0 - 1780.0 MHz ",310,410,1,1723951436745,198.457284247,2024-08-17 23:23:56.745000,-121.9479386,37.3931615,-24.899999618530277,37.3931615,-121.9479386,-24.899999618530277
4G_LTE,-115,2147483647,-115,-15,-91,2147483647,25,5330,471,2147483647,2147483647,2147483647,1,2147483647,[14],[FDD],"Band Number = 14, Uplink = 788.0 - 798.0 MHz, Downlink = 788.0 - 798.0 MHz ",Unavailable,Unavailable,0,1723951436745,198.457284247,2024-08-17 23:23:56.745000,-121.9479386,37.3931615,-24.899999618530277,37.3931615,-121.9479386,-24.899999618530277
4G_LTE,-122,2147483647,-122,-18,-91,2147483647,18,5330,147,2147483647,2147483647,2147483647,0,2147483647,[14],[FDD],"Band Number = 14, Uplink = 788.0 - 798.0 MHz, Downlink = 788.0 - 798.0 MHz ",Unavailable,Unavailable,0,1723951436745,198.457284247,2024-08-17 23:23:56.745000,-121.9479386,37.3931615,-24.899999618530277,37.3931615,-121.9479386,-24.899999618530277
4G_LTE,-106,2147483647,-106,-12,-85,2147483647,34,5035,87,2147483647,2147483647,2147483647,1,2147483647,[12],[FDD],"Band Number = 12, Uplink = 698.0 - 716.0 MHz, Downlink = 699.0 - 716.0 MHz ",Unavailable,Unavailable,0,1723951436745,198.457284247,2024-08-17 23:23:56.745000,-121.9479386,37.3931615,-24.899999618530277,37.3931615,-121.9479386,-24.899999618530277
4G_LTE,-116,2147483647,-116,-20,-85,2147483647,24,5035,88,2147483647,2147483647,2147483647,0,2147483647,[12],[FDD],"Band Number = 12, Uplink = 698.0 - 716.0 MHz, Downlink = 699.0 - 716.0 MHz ",Unavailable,Unavailable,0,1723951436745,198.457284247,2024-08-17 23:23:56.745000,-121.9479386,37.3931615,-24.899999618530277,37.3931615,-121.9479386,-24.899999618530277
4G_LTE,-116,2147483647,-116,-10,-87,2147483647,24,66986,102,2147483647,169470393,35653,0,2147483647,[66],[FDD],"Band Number = 66, Uplink = 1710.0 - 1780.0 MHz, Downlink = 1710.0 - 1780.0 MHz ",310,410,1,1723951437744,199.456597007,2024-08-17 23:23:57.744000,-121.9479386,37.3931615,-24.899999618530277,37.3931615,-121.9479386,-24.899999618530277
4G_LTE,-115,2147483647,-115,-15,-91,2147483647,25,5330,471,2147483647,2147483647,2147483647,1,2147483647,[14],[FDD],"Band Number = 14, Uplink = 788.0 - 798.0 MHz, Downlink = 788.0 - 798.0 MHz ",Unavailable,Unavailable,0,1723951437744,199.456597007,2024-08-17 23:23:57.744000,-121.9479386,37.3931615,-24.899999618530277,37.3931615,-121.9479386,-24.899999618530277
4G_LTE,-122,2147483647,-122,-18,-91,2147483647,18,5330,147,2147483647,2147483647,2147483647,0,2147483647,[14],[FDD],"Band Number = 14, Uplink = 788.0 - 798.0 MHz, Downlink = 788.0 - 798.0 MHz ",Unavailable,Unavailable,0,1723951437744,199.456597007,2024-08-17 23:23:57.744000,-121.9479386,37.3931615,-24.899999618530277,37.3931615,-121.9479386,-24.899999618530277
4G_LTE,-106,2147483647,-106,-12,-85,2147483647,34,5035,87,2147483647,2147483647,2147483647,1,2147483647,[12],[FDD],"Band Number = 12, Uplink = 698.0 - 716.0 MHz, Downlink = 699.0 - 716.0 MHz ",Unavailable,Unavailable,0,1723951437744,199.456597007,2024-08-17 23:23:57.744000,-121.9479386,37.3931615,-24.899999618530277,37.3931615,-121.9479386,-24.899999618530277
4G_LTE,-116,2147483647,-116,-20,-85,2147483647,24,5035,88,2147483647,2147483647,2147483647,0,2147483647,[12],[FDD],"Band Number = 12, Uplink = 698.0 - 716.0 MHz, Downlink = 699.0 - 716.0 MHz ",Unavailable,Unavailable,0,1723951437744,199.456597007,2024-08-17 23:23:57.744000,-121.9479386,37.3931615,-24.899999618530277,37.3931615,-121.9479386,-24.899999618530277
4G_LTE,-116,2147483647,-116,-10,-87,2147483647,24,66986,102,2147483647,169470393,35653,0,2147483647,[66],[FDD],"Band Number = 66, Uplink = 1710.0 - 1780.0 MHz, Downlink = 1710.0 - 1780.0 MHz ",310,410,1,1723951438750,200.462061538,2024-08-17 23:23:58.750000,-121.9479386,37.3931615,-24.899999618530277,37.3931615,-121.9479386,-24.899999618530277
4G_LTE,-115,2147483647,-115,-15,-91,2147483647,25,5330,471,2147483647,2147483647,2147483647,1,2147483647,[14],[FDD],"Band Number = 14, Uplink = 788.0 - 798.0 MHz, Downlink = 788.0 - 798.0 MHz ",Unavailable,Unavailable,0,1723951438750,200.462061538,2024-08-17 23:23:58.750000,-121.9479386,37.3931615,-24.899999618530277,37.3931615,-121.9479386,-24.899999618530277
4G_LTE,-122,2147483647,-122,-18,-91,2147483647,18,5330,147,2147483647,2147483647,2147483647,0,2147483647,[14],[FDD],"Band Number = 14, Uplink = 788.0 - 798.0 MHz, Downlink = 788.0 - 798.0 MHz ",Unavailable,Unavailable,0,1723951438750,200.462061538,2024-08-17 23:23:58.750000,-121.9479386,37.3931615,-24.899999618530277,37.3931615,-121.9479386,-24.899999618530277
4G_LTE,-106,2147483647,-106,-12,-85,2147483647,34,5035,87,2147483647,2147483647,2147483647,1,2147483647,[12],[FDD],"Band Number = 12, Uplink = 698.0 - 716.0 MHz, Downlink = 699.0 - 716.0 MHz ",Unavailable,Unavailable,0,1723951438750,200.462061538,2024-08-17 23:23:58.750000,-121.9479386,37.3931615,-24.899999618530277,37.3931615,-121.9479386,-24.899999618530277
4G_LTE,-116,2147483647,-116,-20,-85,2147483647,24,5035,88,2147483647,2147483647,2147483647,0,2147483647,[12],[FDD],"Band Number = 12, Uplink = 698.0 - 716.0 MHz, Downlink = 699.0 - 716.0 MHz ",Unavailable,Unavailable,0,1723951438750,200.462061538,2024-08-17 23:23:58.750000,-121.9479386,37.3931615,-24.899999618530277,37.3931615,-121.9479386,-24.899999618530277
4G_LTE,-116,2147483647,-116,-10,-87,2147483647,24,66986,102,2147483647,169470393,35653,0,2147483647,[66],[FDD],"Band Number = 66, Uplink = 1710.0 - 1780.0 MHz, Downlink = 1710.0 - 1780.0 MHz ",310,410,1,1723951439753,201.463845808,2024-08-17 23:23:59.753000,-121.9479386,37.3931615,-24.899999618530277,37.3931615,-121.9479386,-24.899999618530277
4G_LTE,-115,2147483647,-115,-15,-91,2147483647,25,5330,471,2147483647,2147483647,2147483647,1,2147483647,[14],[FDD],"Band Number = 14, Uplink = 788.0 - 798.0 MHz, Downlink = 788.0 - 798.0 MHz ",Unavailable,Unavailable,0,1723951439753,201.463845808,2024-08-17 23:23:59.753000,-121.9479386,37.3931615,-24.899999618530277,37.3931615,-121.9479386,-24.899999618530277
4G_LTE,-122,2147483647,-122,-18,-91,2147483647,18,5330,147,2147483647,2147483647,2147483647,0,2147483647,[14],[FDD],"Band Number = 14, Uplink = 788.0 - 798.0 MHz, Downlink = 788.0 - 798.0 MHz ",Unavailable,Unavailable,0,1723951439753,201.463845808,2024-08-17 23:23:59.753000,-121.9479386,37.3931615,-24.899999618530277,37.3931615,-121.9479386,-24.899999618530277
4G_LTE,-106,2147483647,-106,-12,-85,2147483647,34,5035,87,2147483647,2147483647,2147483647,1,2147483647,[12],[FDD],"Band Number = 12, Uplink = 698.0 - 716.0 MHz, Downlink = 699.0 - 716.0 MHz ",Unavailable,Unavailable,0,1723951439753,201.463845808,2024-08-17 23:23:59.753000,-121.9479386,37.3931615,-24.899999618530277,37.3931615,-121.9479386,-24.899999618530277
4G_LTE,-116,2147483647,-116,-20,-85,2147483647,24,5035,88,2147483647,2147483647,2147483647,0,2147483647,[12],[FDD],"Band Number = 12, Uplink = 698.0 - 716.0 MHz, Downlink = 699.0 - 716.0 MHz ",Unavailable,Unavailable,0,1723951439753,201.463845808,2024-08-17 23:23:59.753000,-121.9479386,37.3931615,-24.899999618530277,37.3931615,-121.9479386,-24.899999618530277
4G_LTE,-116,2147483647,-116,-10,-87,2147483647,24,66986,102,2147483647,169470393,35653,0,2147483647,[66],[FDD],"Band Number = 66, Uplink = 1710.0 - 1780.0 MHz, Downlink = 1710.0 - 1780.0 MHz ",310,410,1,1723951440755,202.46570961,2024-08-17 23:24:00.755000,-121.9479386,37.3931615,-24.899999618530277,37.3931615,-121.9479386,-24.899999618530277
4G_LTE,-115,2147483647,-115,-15,-91,2147483647,25,5330,471,2147483647,2147483647,2147483647,1,2147483647,[14],[FDD],"Band Number = 14, Uplink = 788.0 - 798.0 MHz, Downlink = 788.0 - 798.0 MHz ",Unavailable,Unavailable,0,1723951440755,202.46570961,2024-08-17 23:24:00.755000,-121.9479386,37.3931615,-24.899999618530277,37.3931615,-121.9479386,-24.899999618530277
4G_LTE,-122,2147483647,-122,-18,-91,2147483647,18,5330,147,2147483647,2147483647,2147483647,0,2147483647,[14],[FDD],"Band Number = 14, Uplink = 788.0 - 798.0 MHz, Downlink = 788.0 - 798.0 MHz ",Unavailable,Unavailable,0,1723951440755,202.46570961,2024-08-17 23:24:00.755000,-121.9479386,37.3931615,-24.899999618530277,37.3931615,-121.9479386,-24.899999618530277
4G_LTE,-106,2147483647,-106,-12,-85,2147483647,34,5035,87,2147483647,2147483647,2147483647,1,2147483647,[12],[FDD],"Band Number = 12, Uplink = 698.0 - 716.0 MHz, Downlink = 699.0 - 716.0 MHz ",Unavailable,Unavailable,0,1723951440755,202.46570961,2024-08-17 23:24:00.755000,-121.9479386,37.3931615,-24.899999618530277,37.3931615,-121.9479386,-24.899999618530277
4G_LTE,-116,2147483647,-116,-20,-85,2147483647,24,5035,88,2147483647,2147483647,2147483647,0,2147483647,[12],[FDD],"Band Number = 12, Uplink = 698.0 - 716.0 MHz, Downlink = 699.0 - 716.0 MHz ",Unavailable,Unavailable,0,1723951440755,202.46570961,2024-08-17 23:24:00.755000,-121.9479386,37.3931615,-24.899999618530277,37.3931615,-121.9479386,-24.899999618530277
